solid OpenSCAD_Model
  facet normal 0 0 -1
    outer loop
      vertex -16.9633 12.5271 1.25554
      vertex -14.3305 17.3927 1.25554
      vertex -14.3305 12.8927 1.25554
    endloop
  endfacet
  facet normal 0 0 -1
    outer loop
      vertex -16.6176 27.694 1.25554
      vertex -14.3305 17.3927 1.25554
      vertex -16.6176 18.694 1.25554
    endloop
  endfacet
  facet normal 0 0 -1
    outer loop
      vertex -16.9633 18.694 1.25554
      vertex -14.3305 17.3927 1.25554
      vertex -16.9633 12.5271 1.25554
    endloop
  endfacet
  facet normal 0 0 -1
    outer loop
      vertex -14.3305 17.3927 1.25554
      vertex -16.9633 18.694 1.25554
      vertex -16.6176 18.694 1.25554
    endloop
  endfacet
  facet normal 0 0 -1
    outer loop
      vertex -14.3305 17.3927 1.25554
      vertex -4.33046 25.3927 1.25554
      vertex -4.33046 17.3927 1.25554
    endloop
  endfacet
  facet normal -0 0 -1
    outer loop
      vertex -4.33046 25.3927 1.25554
      vertex -14.3305 17.3927 1.25554
      vertex -11.6176 28.694 1.25554
    endloop
  endfacet
  facet normal -0 0 -1
    outer loop
      vertex -11.6176 28.694 1.25554
      vertex -14.3305 17.3927 1.25554
      vertex -15.6176 28.694 1.25554
    endloop
  endfacet
  facet normal 0 0 -1
    outer loop
      vertex -14.3305 17.3927 1.25554
      vertex -16.6176 27.694 1.25554
      vertex -15.6176 28.694 1.25554
    endloop
  endfacet
  facet normal 0 1 0
    outer loop
      vertex -11.6176 28.694 3.71266
      vertex -11.6176 28.694 1.25554
      vertex -13.3354 28.694 3.71266
    endloop
  endfacet
  facet normal 0 1 0
    outer loop
      vertex -13.3354 28.694 31.7127
      vertex -15.4357 28.694 3.74663
      vertex -15.4357 28.694 31.7
    endloop
  endfacet
  facet normal 0 1 -0
    outer loop
      vertex -13.3354 28.694 3.71266
      vertex -15.4357 28.694 3.74663
      vertex -13.3354 28.694 31.7127
    endloop
  endfacet
  facet normal 0 1 0
    outer loop
      vertex -15.6176 28.694 1.25554
      vertex -15.4357 28.694 3.74663
      vertex -13.3354 28.694 3.71266
    endloop
  endfacet
  facet normal 0 1 0
    outer loop
      vertex -15.6176 28.694 1.25554
      vertex -13.3354 28.694 3.71266
      vertex -11.6176 28.694 1.25554
    endloop
  endfacet
  facet normal 0 1 0
    outer loop
      vertex -15.4357 28.694 3.74663
      vertex -15.6176 28.694 1.25554
      vertex -15.6176 28.694 3.74663
    endloop
  endfacet
  facet normal 0 1 0
    outer loop
      vertex -13.3354 28.694 31.7127
      vertex -11.6176 28.694 34.2555
      vertex -11.6176 28.694 31.7127
    endloop
  endfacet
  facet normal 0 1 0
    outer loop
      vertex -11.6176 28.694 34.2555
      vertex -13.3354 28.694 31.7127
      vertex -15.6176 28.694 34.2555
    endloop
  endfacet
  facet normal 0 1 -0
    outer loop
      vertex -15.4357 28.694 31.7
      vertex -15.6176 28.694 34.2555
      vertex -13.3354 28.694 31.7127
    endloop
  endfacet
  facet normal 0 1 0
    outer loop
      vertex -15.6176 28.694 34.2555
      vertex -15.4357 28.694 31.7
      vertex -15.6176 28.694 31.7
    endloop
  endfacet
  facet normal -0.707107 0.707107 0
    outer loop
      vertex -16.6176 27.694 1.25554
      vertex -15.6176 28.694 3.74663
      vertex -15.6176 28.694 1.25554
    endloop
  endfacet
  facet normal -0.707107 0.707107 0
    outer loop
      vertex -15.6176 28.694 3.74663
      vertex -16.6176 27.694 1.25554
      vertex -16.6176 27.694 3.74663
    endloop
  endfacet
  facet normal 0.412659 0.910885 -0
    outer loop
      vertex -4.33046 25.3927 1.25554
      vertex -11.6176 28.694 3.71266
      vertex -4.33046 25.3927 3.71266
    endloop
  endfacet
  facet normal 0.412659 0.910885 0
    outer loop
      vertex -11.6176 28.694 3.71266
      vertex -4.33046 25.3927 1.25554
      vertex -11.6176 28.694 1.25554
    endloop
  endfacet
  facet normal -1 0 0
    outer loop
      vertex -16.6176 18.694 1.25554
      vertex -16.6176 27.694 3.74663
      vertex -16.6176 27.694 1.25554
    endloop
  endfacet
  facet normal -1 -0 0
    outer loop
      vertex -16.6176 27.694 3.74663
      vertex -16.6176 18.694 1.25554
      vertex -16.6176 18.694 3.74663
    endloop
  endfacet
  facet normal 1 -0 0
    outer loop
      vertex -4.33046 17.3927 3.71266
      vertex -4.33046 25.3927 1.25554
      vertex -4.33046 25.3927 3.71266
    endloop
  endfacet
  facet normal 1 0 0
    outer loop
      vertex -4.33046 25.3927 1.25554
      vertex -4.33046 17.3927 3.71266
      vertex -4.33046 17.3927 1.25554
    endloop
  endfacet
  facet normal 0 1 0
    outer loop
      vertex -16.8616 18.694 31.2922
      vertex -16.6176 18.694 31.7
      vertex -15.4357 18.694 31.7
    endloop
  endfacet
  facet normal 0 1 0
    outer loop
      vertex -16.6176 18.694 31.7
      vertex -16.8113 18.694 31.5821
      vertex -16.8041 18.694 31.68
    endloop
  endfacet
  facet normal 0 1 0
    outer loop
      vertex -16.6176 18.694 31.7
      vertex -16.8233 18.694 31.4847
      vertex -16.8113 18.694 31.5821
    endloop
  endfacet
  facet normal 0 1 0
    outer loop
      vertex -16.6176 18.694 31.7
      vertex -16.8401 18.694 31.388
      vertex -16.8233 18.694 31.4847
    endloop
  endfacet
  facet normal 0 1 0
    outer loop
      vertex -16.6176 18.694 31.7
      vertex -16.8616 18.694 31.2922
      vertex -16.8401 18.694 31.388
    endloop
  endfacet
  facet normal 0 1 0
    outer loop
      vertex -15.4357 18.694 31.7
      vertex -16.8878 18.694 31.1976
      vertex -16.8616 18.694 31.2922
    endloop
  endfacet
  facet normal 0 1 0
    outer loop
      vertex -15.4357 18.694 31.7
      vertex -16.9186 18.694 31.1044
      vertex -16.8878 18.694 31.1976
    endloop
  endfacet
  facet normal 0 1 0
    outer loop
      vertex -15.4357 18.694 31.7
      vertex -16.9539 18.694 31.0128
      vertex -16.9186 18.694 31.1044
    endloop
  endfacet
  facet normal 0 1 0
    outer loop
      vertex -15.4357 18.694 31.7
      vertex -16.9937 18.694 30.9231
      vertex -16.9539 18.694 31.0128
    endloop
  endfacet
  facet normal 0 1 0
    outer loop
      vertex -15.4357 18.694 31.7
      vertex -17.0378 18.694 30.8354
      vertex -16.9937 18.694 30.9231
    endloop
  endfacet
  facet normal 0 1 0
    outer loop
      vertex -15.4357 18.694 31.7
      vertex -17.0862 18.694 30.75
      vertex -17.0378 18.694 30.8354
    endloop
  endfacet
  facet normal 0 1 0
    outer loop
      vertex -15.4357 18.694 31.7
      vertex -17.1387 18.694 30.667
      vertex -17.0862 18.694 30.75
    endloop
  endfacet
  facet normal 0 1 0
    outer loop
      vertex -15.4357 18.694 31.7
      vertex -17.1952 18.694 30.5868
      vertex -17.1387 18.694 30.667
    endloop
  endfacet
  facet normal 0 1 0
    outer loop
      vertex -15.4357 18.694 31.7
      vertex -17.2556 18.694 30.5094
      vertex -17.1952 18.694 30.5868
    endloop
  endfacet
  facet normal 0 1 0
    outer loop
      vertex -15.4357 18.694 31.7
      vertex -17.3197 18.694 30.4351
      vertex -17.2556 18.694 30.5094
    endloop
  endfacet
  facet normal 0 1 0
    outer loop
      vertex -15.4357 18.694 31.7
      vertex -17.3874 18.694 30.364
      vertex -17.3197 18.694 30.4351
    endloop
  endfacet
  facet normal 0 1 0
    outer loop
      vertex -15.4357 18.694 31.7
      vertex -17.4585 18.694 30.2963
      vertex -17.3874 18.694 30.364
    endloop
  endfacet
  facet normal 0 1 0
    outer loop
      vertex -15.4357 18.694 31.7
      vertex -17.5329 18.694 30.2322
      vertex -17.4585 18.694 30.2963
    endloop
  endfacet
  facet normal 0 1 0
    outer loop
      vertex -17.7142 18.694 5.34073
      vertex -17.5329 18.694 30.2322
      vertex -15.4357 18.694 31.7
    endloop
  endfacet
  facet normal 0 1 0
    outer loop
      vertex -17.5329 18.694 30.2322
      vertex -17.7142 18.694 5.34073
      vertex -17.6102 18.694 30.1718
    endloop
  endfacet
  facet normal 0 1 0
    outer loop
      vertex -18.8016 18.694 29.7782
      vertex -18.8241 18.694 29.7706
      vertex -18.8201 18.694 29.7782
    endloop
  endfacet
  facet normal 0 1 0
    outer loop
      vertex -18.8321 18.694 29.7555
      vertex -18.8016 18.694 29.7782
      vertex -18.7035 18.694 29.7806
    endloop
  endfacet
  facet normal 0 1 0
    outer loop
      vertex -18.8321 18.694 29.7555
      vertex -18.7035 18.694 29.7806
      vertex -18.6056 18.694 29.7878
    endloop
  endfacet
  facet normal 0 1 0
    outer loop
      vertex -18.8016 18.694 29.7782
      vertex -18.8281 18.694 29.7631
      vertex -18.8241 18.694 29.7706
    endloop
  endfacet
  facet normal 0 1 0
    outer loop
      vertex -18.8016 18.694 29.7782
      vertex -18.8321 18.694 29.7555
      vertex -18.8281 18.694 29.7631
    endloop
  endfacet
  facet normal 0 1 0
    outer loop
      vertex -18.5082 18.694 29.7998
      vertex -18.8321 18.694 29.7555
      vertex -18.6056 18.694 29.7878
    endloop
  endfacet
  facet normal 0 1 0
    outer loop
      vertex -18.8389 18.694 5.8079
      vertex -18.8321 18.694 29.7555
      vertex -18.5082 18.694 29.7998
    endloop
  endfacet
  facet normal 0 1 0
    outer loop
      vertex -18.8389 18.694 5.8079
      vertex -18.5082 18.694 29.7998
      vertex -18.4115 18.694 29.8166
    endloop
  endfacet
  facet normal 0 1 0
    outer loop
      vertex -23.0119 18.694 29.0264
      vertex -25.0714 18.694 6.8912
      vertex -25.1176 18.694 28.7649
    endloop
  endfacet
  facet normal 0 1 -0
    outer loop
      vertex -22.9926 18.694 6.53785
      vertex -23.0119 18.694 29.0264
      vertex -20.916 18.694 29.3567
    endloop
  endfacet
  facet normal 0 1 0
    outer loop
      vertex -18.8321 18.694 29.7555
      vertex -18.8389 18.694 5.8079
      vertex -20.916 18.694 29.3567
    endloop
  endfacet
  facet normal 0 1 0
    outer loop
      vertex -18.8389 18.694 5.8079
      vertex -18.4115 18.694 29.8166
      vertex -18.3157 18.694 29.8381
    endloop
  endfacet
  facet normal 0 1 0
    outer loop
      vertex -18.4179 18.694 5.70293
      vertex -18.3157 18.694 29.8381
      vertex -18.2211 18.694 29.8643
    endloop
  endfacet
  facet normal 0 1 0
    outer loop
      vertex -18.3228 18.694 5.6734
      vertex -18.2211 18.694 29.8643
      vertex -18.1279 18.694 29.8951
    endloop
  endfacet
  facet normal 0 1 0
    outer loop
      vertex -18.2293 18.694 5.63917
      vertex -18.1279 18.694 29.8951
      vertex -18.0363 18.694 29.9304
    endloop
  endfacet
  facet normal 0 1 0
    outer loop
      vertex -18.1376 18.694 5.60033
      vertex -18.0363 18.694 29.9304
      vertex -17.9465 18.694 29.9702
    endloop
  endfacet
  facet normal 0 1 0
    outer loop
      vertex -18.048 18.694 5.55698
      vertex -17.9465 18.694 29.9702
      vertex -17.8588 18.694 30.0143
    endloop
  endfacet
  facet normal 0 1 0
    outer loop
      vertex -17.9606 18.694 5.50922
      vertex -17.8588 18.694 30.0143
      vertex -17.7734 18.694 30.0627
    endloop
  endfacet
  facet normal 0 1 0
    outer loop
      vertex -17.8757 18.694 5.45717
      vertex -17.7734 18.694 30.0627
      vertex -17.6905 18.694 30.1152
    endloop
  endfacet
  facet normal -0 1 0
    outer loop
      vertex -17.7935 18.694 5.40096
      vertex -17.6102 18.694 30.1718
      vertex -17.7142 18.694 5.34073
    endloop
  endfacet
  facet normal 0 1 0
    outer loop
      vertex -23.0119 18.694 29.0264
      vertex -22.9926 18.694 6.53785
      vertex -25.0714 18.694 6.8912
    endloop
  endfacet
  facet normal 0 1 0
    outer loop
      vertex -20.916 18.694 29.3567
      vertex -20.915 18.694 6.17675
      vertex -22.9926 18.694 6.53785
    endloop
  endfacet
  facet normal 0 1 0
    outer loop
      vertex -20.916 18.694 29.3567
      vertex -18.8389 18.694 5.8079
      vertex -20.915 18.694 6.17675
    endloop
  endfacet
  facet normal 0 1 0
    outer loop
      vertex -18.3157 18.694 29.8381
      vertex -18.5144 18.694 5.72769
      vertex -18.8389 18.694 5.8079
    endloop
  endfacet
  facet normal -0 1 -0
    outer loop
      vertex -18.7104 18.694 5.76266
      vertex -18.8389 18.694 5.8079
      vertex -18.6119 18.694 5.74761
    endloop
  endfacet
  facet normal 0 1 0
    outer loop
      vertex -18.8389 18.694 5.8079
      vertex -18.7104 18.694 5.76266
      vertex -18.829 18.694 5.79622
    endloop
  endfacet
  facet normal 0 1 0
    outer loop
      vertex -18.8192 18.694 5.78452
      vertex -18.7104 18.694 5.76266
      vertex -18.8094 18.694 5.77279
    endloop
  endfacet
  facet normal 0 1 0
    outer loop
      vertex -18.829 18.694 5.79622
      vertex -18.7104 18.694 5.76266
      vertex -18.8192 18.694 5.78452
    endloop
  endfacet
  facet normal 0 1 0
    outer loop
      vertex -18.8389 18.694 5.8079
      vertex -18.5144 18.694 5.72769
      vertex -18.6119 18.694 5.74761
    endloop
  endfacet
  facet normal 0 1 0
    outer loop
      vertex -18.3157 18.694 29.8381
      vertex -18.4179 18.694 5.70293
      vertex -18.5144 18.694 5.72769
    endloop
  endfacet
  facet normal 0 1 0
    outer loop
      vertex -18.2211 18.694 29.8643
      vertex -18.3228 18.694 5.6734
      vertex -18.4179 18.694 5.70293
    endloop
  endfacet
  facet normal 0 1 0
    outer loop
      vertex -18.1279 18.694 29.8951
      vertex -18.2293 18.694 5.63917
      vertex -18.3228 18.694 5.6734
    endloop
  endfacet
  facet normal 0 1 0
    outer loop
      vertex -18.0363 18.694 29.9304
      vertex -18.1376 18.694 5.60033
      vertex -18.2293 18.694 5.63917
    endloop
  endfacet
  facet normal 0 1 0
    outer loop
      vertex -17.9465 18.694 29.9702
      vertex -18.048 18.694 5.55698
      vertex -18.1376 18.694 5.60033
    endloop
  endfacet
  facet normal 0 1 0
    outer loop
      vertex -17.8588 18.694 30.0143
      vertex -17.9606 18.694 5.50922
      vertex -18.048 18.694 5.55698
    endloop
  endfacet
  facet normal 0 1 0
    outer loop
      vertex -17.7734 18.694 30.0627
      vertex -17.8757 18.694 5.45717
      vertex -17.9606 18.694 5.50922
    endloop
  endfacet
  facet normal 0 1 0
    outer loop
      vertex -17.6905 18.694 30.1152
      vertex -17.7935 18.694 5.40096
      vertex -17.8757 18.694 5.45717
    endloop
  endfacet
  facet normal 0 1 0
    outer loop
      vertex -17.6102 18.694 30.1718
      vertex -17.7935 18.694 5.40096
      vertex -17.6905 18.694 30.1152
    endloop
  endfacet
  facet normal 0 1 0
    outer loop
      vertex -15.4357 18.694 31.7
      vertex -17.638 18.694 5.27662
      vertex -17.7142 18.694 5.34073
    endloop
  endfacet
  facet normal 0 1 -0
    outer loop
      vertex -15.4357 18.694 3.74663
      vertex -17.638 18.694 5.27662
      vertex -15.4357 18.694 31.7
    endloop
  endfacet
  facet normal 0 1 0
    outer loop
      vertex -17.638 18.694 5.27662
      vertex -15.4357 18.694 3.74663
      vertex -17.5651 18.694 5.20881
    endloop
  endfacet
  facet normal 0 1 0
    outer loop
      vertex -17.5651 18.694 5.20881
      vertex -15.4357 18.694 3.74663
      vertex -17.4957 18.694 5.13744
    endloop
  endfacet
  facet normal 0 1 0
    outer loop
      vertex -17.4957 18.694 5.13744
      vertex -15.4357 18.694 3.74663
      vertex -17.4299 18.694 5.06271
    endloop
  endfacet
  facet normal 0 1 0
    outer loop
      vertex -17.4299 18.694 5.06271
      vertex -15.4357 18.694 3.74663
      vertex -17.3679 18.694 4.9848
    endloop
  endfacet
  facet normal 0 1 0
    outer loop
      vertex -17.3679 18.694 4.9848
      vertex -15.4357 18.694 3.74663
      vertex -17.3098 18.694 4.9039
    endloop
  endfacet
  facet normal 0 1 0
    outer loop
      vertex -17.3098 18.694 4.9039
      vertex -15.4357 18.694 3.74663
      vertex -17.2559 18.694 4.82021
    endloop
  endfacet
  facet normal 0 1 0
    outer loop
      vertex -17.2559 18.694 4.82021
      vertex -15.4357 18.694 3.74663
      vertex -17.2061 18.694 4.73393
    endloop
  endfacet
  facet normal 0 1 0
    outer loop
      vertex -17.2061 18.694 4.73393
      vertex -15.4357 18.694 3.74663
      vertex -17.1608 18.694 4.64529
    endloop
  endfacet
  facet normal 0 1 0
    outer loop
      vertex -17.1608 18.694 4.64529
      vertex -15.4357 18.694 3.74663
      vertex -17.1199 18.694 4.5545
    endloop
  endfacet
  facet normal 0 1 0
    outer loop
      vertex -17.1199 18.694 4.5545
      vertex -15.4357 18.694 3.74663
      vertex -17.0835 18.694 4.46179
    endloop
  endfacet
  facet normal 0 1 0
    outer loop
      vertex -17.0835 18.694 4.46179
      vertex -15.4357 18.694 3.74663
      vertex -17.0519 18.694 4.36738
    endloop
  endfacet
  facet normal 0 1 -0
    outer loop
      vertex -16.6176 18.694 3.74663
      vertex -17.0519 18.694 4.36738
      vertex -15.4357 18.694 3.74663
    endloop
  endfacet
  facet normal 0 1 0
    outer loop
      vertex -17.0519 18.694 4.36738
      vertex -16.6176 18.694 3.74663
      vertex -17.025 18.694 4.27152
    endloop
  endfacet
  facet normal 0 1 0
    outer loop
      vertex -17.025 18.694 4.27152
      vertex -16.6176 18.694 3.74663
      vertex -17.0028 18.694 4.17443
    endloop
  endfacet
  facet normal 0 1 0
    outer loop
      vertex -17.0028 18.694 4.17443
      vertex -16.6176 18.694 3.74663
      vertex -16.9856 18.694 4.07637
    endloop
  endfacet
  facet normal 0 1 0
    outer loop
      vertex -16.9856 18.694 4.07637
      vertex -16.6176 18.694 3.74663
      vertex -16.9732 18.694 3.97756
    endloop
  endfacet
  facet normal 0 1 0
    outer loop
      vertex -16.9732 18.694 3.97756
      vertex -16.6176 18.694 3.74663
      vertex -16.9658 18.694 3.87827
    endloop
  endfacet
  facet normal 0 1 0
    outer loop
      vertex -16.9658 18.694 3.87827
      vertex -16.6176 18.694 3.74663
      vertex -16.9633 18.694 3.77872
    endloop
  endfacet
  facet normal 0 1 0
    outer loop
      vertex -16.9633 18.694 1.25554
      vertex -16.6176 18.694 3.74663
      vertex -16.6176 18.694 1.25554
    endloop
  endfacet
  facet normal 0 1 0
    outer loop
      vertex -16.6176 18.694 3.74663
      vertex -16.9633 18.694 1.25554
      vertex -16.9633 18.694 3.77872
    endloop
  endfacet
  facet normal 0 1 0
    outer loop
      vertex -16.6176 18.694 34.2555
      vertex -16.8016 18.694 31.7782
      vertex -16.8016 18.694 34.2555
    endloop
  endfacet
  facet normal 0 1 -0
    outer loop
      vertex -16.6176 18.694 31.7
      vertex -16.8016 18.694 31.7782
      vertex -16.6176 18.694 34.2555
    endloop
  endfacet
  facet normal 0 1 0
    outer loop
      vertex -16.8016 18.694 31.7782
      vertex -16.6176 18.694 31.7
      vertex -16.8041 18.694 31.68
    endloop
  endfacet
  facet normal 0 1 0
    outer loop
      vertex -25.1176 18.694 6.55234
      vertex -25.0714 18.694 6.8912
      vertex -25.0841 18.694 6.77789
    endloop
  endfacet
  facet normal 0 1 0
    outer loop
      vertex -25.1176 18.694 6.55234
      vertex -25.0841 18.694 6.77789
      vertex -25.0995 18.694 6.66492
    endloop
  endfacet
  facet normal 0 1 0
    outer loop
      vertex -25.0714 18.694 6.8912
      vertex -25.1176 18.694 6.55234
      vertex -25.1176 18.694 28.7649
    endloop
  endfacet
  facet normal 0 -1 0
    outer loop
      vertex -24.3112 17.3927 28.1985
      vertex -24.3112 17.3927 7.60303
      vertex -14.3305 17.3927 28.1985
    endloop
  endfacet
  facet normal 0 -1 0
    outer loop
      vertex -14.3305 17.3927 34.2555
      vertex -12.3354 17.3927 31.7127
      vertex -4.33046 17.3927 34.2555
    endloop
  endfacet
  facet normal 0 -1 0
    outer loop
      vertex -14.3305 17.3927 28.1985
      vertex -12.3354 17.3927 31.7127
      vertex -14.3305 17.3927 34.2555
    endloop
  endfacet
  facet normal 0 -1 0
    outer loop
      vertex -14.3305 17.3927 7.60303
      vertex -14.3305 17.3927 28.1985
      vertex -24.3112 17.3927 7.60303
    endloop
  endfacet
  facet normal 0 -1 0
    outer loop
      vertex -14.3305 17.3927 28.1985
      vertex -14.3305 17.3927 7.60303
      vertex -12.3354 17.3927 31.7127
    endloop
  endfacet
  facet normal 0 -1 0
    outer loop
      vertex -14.3305 17.3927 7.60303
      vertex -12.3354 17.3927 3.71266
      vertex -12.3354 17.3927 31.7127
    endloop
  endfacet
  facet normal 0 -1 0
    outer loop
      vertex -14.3305 17.3927 1.25554
      vertex -12.3354 17.3927 3.71266
      vertex -14.3305 17.3927 7.60303
    endloop
  endfacet
  facet normal 0 -1 0
    outer loop
      vertex -4.33046 17.3927 1.25554
      vertex -12.3354 17.3927 3.71266
      vertex -14.3305 17.3927 1.25554
    endloop
  endfacet
  facet normal 0 -1 0
    outer loop
      vertex -12.3354 17.3927 3.71266
      vertex -4.33046 17.3927 1.25554
      vertex -4.33046 17.3927 3.71266
    endloop
  endfacet
  facet normal 0 -1 -0
    outer loop
      vertex -4.33046 17.3927 34.2555
      vertex -12.3354 17.3927 31.7127
      vertex -4.33046 17.3927 31.7127
    endloop
  endfacet
  facet normal -1 0 0
    outer loop
      vertex -16.9633 12.5271 1.25554
      vertex -16.9633 18.694 3.77872
      vertex -16.9633 18.694 1.25554
    endloop
  endfacet
  facet normal -1 -0 0
    outer loop
      vertex -16.9633 18.694 3.77872
      vertex -16.9633 12.5271 1.25554
      vertex -16.9633 12.5271 3.77872
    endloop
  endfacet
  facet normal 1 -0 0
    outer loop
      vertex -14.3305 12.8927 7.60303
      vertex -14.3305 17.3927 1.25554
      vertex -14.3305 17.3927 7.60303
    endloop
  endfacet
  facet normal 1 0 0
    outer loop
      vertex -14.3305 17.3927 1.25554
      vertex -14.3305 12.8927 7.60303
      vertex -14.3305 12.8927 1.25554
    endloop
  endfacet
  facet normal 0.137718 -0.990471 0.000150776
    outer loop
      vertex -16.9693 12.5262 3.93367
      vertex -14.3305 12.8927 1.25554
      vertex -16.9773 12.5251 4.01478
    endloop
  endfacet
  facet normal 0.136553 -0.990632 -0.00101983
    outer loop
      vertex -16.9648 12.5269 3.85625
      vertex -14.3305 12.8927 1.25554
      vertex -16.9693 12.5262 3.93367
    endloop
  endfacet
  facet normal 0.137645 -0.990482 0.000107979
    outer loop
      vertex -16.9633 12.5271 3.77872
      vertex -14.3305 12.8927 1.25554
      vertex -16.9648 12.5269 3.85625
    endloop
  endfacet
  facet normal 0.137544 -0.990496 0
    outer loop
      vertex -14.3305 12.8927 1.25554
      vertex -16.9633 12.5271 3.77872
      vertex -16.9633 12.5271 1.25554
    endloop
  endfacet
  facet normal 0.137564 -0.990493 0
    outer loop
      vertex -14.3305 12.8927 1.25554
      vertex -14.3305 12.8927 7.60303
      vertex -16.9773 12.5251 4.01478
    endloop
  endfacet
  facet normal 0.137934 -0.990441 0
    outer loop
      vertex -32.1754 10.4143 6.13984
      vertex -32.3305 10.3927 6.17727
      vertex -32.3305 10.3927 4
    endloop
  endfacet
  facet normal 0.138064 -0.990423 0
    outer loop
      vertex -32.2107 10.4094 29.3901
      vertex -32.3305 10.3927 31.006
      vertex -32.3305 10.3927 29.3687
    endloop
  endfacet
  facet normal 0.119368 -0.992849 -0.00141118
    outer loop
      vertex -32.2107 10.4094 29.3901
      vertex -32.2082 10.4097 29.3905
      vertex -32.3305 10.3927 31.006
    endloop
  endfacet
  facet normal 0.138189 -0.990406 3.9366e-05
    outer loop
      vertex -32.2082 10.4097 29.3905
      vertex -32.2039 10.4103 29.3913
      vertex -32.3305 10.3927 31.006
    endloop
  endfacet
  facet normal 0.136013 -0.990707 0.000141881
    outer loop
      vertex -32.1703 10.415 6.13862
      vertex -32.1754 10.4143 6.13984
      vertex -32.3305 10.3927 4
    endloop
  endfacet
  facet normal 0.137595 -0.990489 0
    outer loop
      vertex -29.8218 10.7412 33
      vertex -32.3305 10.3927 33
      vertex -32.3305 10.3927 31.006
    endloop
  endfacet
  facet normal 0.137393 -0.990517 0.000259032
    outer loop
      vertex -29.5586 10.7777 32.9689
      vertex -29.8218 10.7412 33
      vertex -32.3305 10.3927 31.006
    endloop
  endfacet
  facet normal 0.137594 -0.990489 -3.03495e-05
    outer loop
      vertex -29.2973 10.814 32.9247
      vertex -29.5586 10.7777 32.9689
      vertex -32.3305 10.3927 31.006
    endloop
  endfacet
  facet normal 0.137725 -0.990471 -0.000240589
    outer loop
      vertex -29.0385 10.85 32.8675
      vertex -29.2973 10.814 32.9247
      vertex -32.3305 10.3927 31.006
    endloop
  endfacet
  facet normal 0.137576 -0.990491 2.78684e-05
    outer loop
      vertex -28.7829 10.8855 32.7974
      vertex -29.0385 10.85 32.8675
      vertex -32.3305 10.3927 31.006
    endloop
  endfacet
  facet normal 0.137577 -0.990491 2.87012e-06
    outer loop
      vertex -24.3112 11.5065 28.1985
      vertex -23.0153 11.6865 29.0259
      vertex -25.1226 11.3938 28.7643
    endloop
  endfacet
  facet normal 0.137568 -0.990492 1.79219e-05
    outer loop
      vertex -14.3305 12.8927 28.1985
      vertex -23.0153 11.6865 29.0259
      vertex -24.3112 11.5065 28.1985
    endloop
  endfacet
  facet normal 0.137578 -0.990491 0.000134509
    outer loop
      vertex -14.3305 12.8927 28.1985
      vertex -20.9177 11.9779 29.3565
      vertex -23.0153 11.6865 29.0259
    endloop
  endfacet
  facet normal 0.137547 -0.990495 -4.98369e-05
    outer loop
      vertex -14.3305 12.8927 28.1985
      vertex -18.8321 12.2675 29.7555
      vertex -20.9177 11.9779 29.3565
    endloop
  endfacet
  facet normal 0.13689 -0.990586 0
    outer loop
      vertex -24.3908 11.4955 12.5129
      vertex -24.3112 11.5065 28.1985
      vertex -24.3908 11.4955 23.0416
    endloop
  endfacet
  facet normal 0.13689 -0.990586 0
    outer loop
      vertex -24.3112 11.5065 28.1985
      vertex -24.3908 11.4955 12.5129
      vertex -24.3112 11.5065 7.60303
    endloop
  endfacet
  facet normal 0.137568 -0.990492 -4.57736e-05
    outer loop
      vertex -21.9536 11.834 6.35827
      vertex -14.3305 12.8927 7.60303
      vertex -24.3112 11.5065 7.60303
    endloop
  endfacet
  facet normal 0.13755 -0.990495 6.41729e-05
    outer loop
      vertex -20.3959 12.0503 6.08526
      vertex -14.3305 12.8927 7.60303
      vertex -21.9536 11.834 6.35827
    endloop
  endfacet
  facet normal 0.137585 -0.99049 -8.0606e-05
    outer loop
      vertex -18.8389 12.2666 5.8079
      vertex -14.3305 12.8927 7.60303
      vertex -20.3959 12.0503 6.08526
    endloop
  endfacet
  facet normal 0.13744 -0.99051 0.000301172
    outer loop
      vertex -28.5312 10.9204 32.7145
      vertex -28.7829 10.8855 32.7974
      vertex -32.3305 10.3927 31.006
    endloop
  endfacet
  facet normal 0.137682 -0.990476 -0.000246949
    outer loop
      vertex -28.2839 10.9548 32.6191
      vertex -28.5312 10.9204 32.7145
      vertex -32.3305 10.3927 31.006
    endloop
  endfacet
  facet normal 0.137504 -0.990501 0.000209657
    outer loop
      vertex -28.0417 10.9884 32.5115
      vertex -28.2839 10.9548 32.6191
      vertex -32.3305 10.3927 31.006
    endloop
  endfacet
  facet normal 0.137662 -0.990479 -0.000249013
    outer loop
      vertex -27.8052 11.0213 32.3919
      vertex -28.0417 10.9884 32.5115
      vertex -32.3305 10.3927 31.006
    endloop
  endfacet
  facet normal 0.137474 -0.990505 0.000375993
    outer loop
      vertex -27.575 11.0532 32.2606
      vertex -27.8052 11.0213 32.3919
      vertex -32.3305 10.3927 31.006
    endloop
  endfacet
  facet normal 0.137662 -0.990479 -0.000351563
    outer loop
      vertex -27.3516 11.0843 32.1179
      vertex -27.575 11.0532 32.2606
      vertex -32.3305 10.3927 31.006
    endloop
  endfacet
  facet normal 0.137489 -0.990503 0.000440739
    outer loop
      vertex -27.1357 11.1142 31.9642
      vertex -27.3516 11.0843 32.1179
      vertex -32.3305 10.3927 31.006
    endloop
  endfacet
  facet normal 0.137626 -0.990484 -0.000317315
    outer loop
      vertex -26.9482 11.1403 31.8167
      vertex -27.1357 11.1142 31.9642
      vertex -32.3305 10.3927 31.006
    endloop
  endfacet
  facet normal 0.137555 -0.990494 0.000161322
    outer loop
      vertex -26.7853 11.1629 31.6769
      vertex -26.9482 11.1403 31.8167
      vertex -32.3305 10.3927 31.006
    endloop
  endfacet
  facet normal 0.13756 -0.990493 0.00012224
    outer loop
      vertex -26.6282 11.1847 31.5307
      vertex -26.7853 11.1629 31.6769
      vertex -32.3305 10.3927 31.006
    endloop
  endfacet
  facet normal 0.137578 -0.990491 -8.04325e-05
    outer loop
      vertex -26.4771 11.2057 31.3781
      vertex -26.6282 11.1847 31.5307
      vertex -32.3305 10.3927 31.006
    endloop
  endfacet
  facet normal 0.137574 -0.990492 -1.23434e-05
    outer loop
      vertex -26.3324 11.2258 31.2195
      vertex -26.4771 11.2057 31.3781
      vertex -32.3305 10.3927 31.006
    endloop
  endfacet
  facet normal 0.137574 -0.990491 -2.83975e-05
    outer loop
      vertex -26.1942 11.245 31.0552
      vertex -26.3324 11.2258 31.2195
      vertex -32.3305 10.3927 31.006
    endloop
  endfacet
  facet normal 0.137576 -0.990491 -0.00028555
    outer loop
      vertex -26.0628 11.2633 30.8855
      vertex -26.1942 11.245 31.0552
      vertex -32.3305 10.3927 31.006
    endloop
  endfacet
  facet normal 0.13759 -0.990489 0.000456125
    outer loop
      vertex -25.9384 11.2805 30.7105
      vertex -26.0628 11.2633 30.8855
      vertex -32.3305 10.3927 31.006
    endloop
  endfacet
  facet normal 0.137564 -0.990493 -0.000125283
    outer loop
      vertex -25.8212 11.2968 30.5306
      vertex -25.9384 11.2805 30.7105
      vertex -32.3305 10.3927 31.006
    endloop
  endfacet
  facet normal 0.137553 -0.990494 -0.000277888
    outer loop
      vertex -25.7114 11.3121 30.3462
      vertex -25.8212 11.2968 30.5306
      vertex -32.3305 10.3927 31.006
    endloop
  endfacet
  facet normal 0.137585 -0.99049 5.31193e-05
    outer loop
      vertex -25.6091 11.3263 30.1574
      vertex -25.7114 11.3121 30.3462
      vertex -32.3305 10.3927 31.006
    endloop
  endfacet
  facet normal 0.137587 -0.99049 6.63977e-05
    outer loop
      vertex -25.5147 11.3394 29.9646
      vertex -25.6091 11.3263 30.1574
      vertex -32.3305 10.3927 31.006
    endloop
  endfacet
  facet normal 0.1376 -0.990488 0.000154324
    outer loop
      vertex -25.4281 11.3514 29.7681
      vertex -25.5147 11.3394 29.9646
      vertex -32.3305 10.3927 31.006
    endloop
  endfacet
  facet normal 0.137589 -0.990489 9.09197e-05
    outer loop
      vertex -25.3495 11.3623 29.5683
      vertex -25.4281 11.3514 29.7681
      vertex -32.3305 10.3927 31.006
    endloop
  endfacet
  facet normal 0.137532 -0.990497 -0.000189047
    outer loop
      vertex -25.2792 11.3721 29.3655
      vertex -25.3495 11.3623 29.5683
      vertex -32.3305 10.3927 31.006
    endloop
  endfacet
  facet normal 0.137568 -0.990492 -3.08398e-15
    outer loop
      vertex -25.9117 11.2842 29.5
      vertex -32.3305 10.3927 31.006
      vertex -26.5273 11.1987 29.5
    endloop
  endfacet
  facet normal 0.138433 -0.990365 0.00376058
    outer loop
      vertex -25.9117 11.2842 29.5
      vertex -25.2792 11.3721 29.3655
      vertex -32.3305 10.3927 31.006
    endloop
  endfacet
  facet normal 0.137649 -0.990481 0
    outer loop
      vertex -25.9117 11.2842 29.4273
      vertex -25.2792 11.3721 29.3655
      vertex -25.9117 11.2842 29.5
    endloop
  endfacet
  facet normal 0.137649 -0.990481 0
    outer loop
      vertex -25.9117 11.2842 29.3403
      vertex -25.2792 11.3721 29.3655
      vertex -25.9117 11.2842 29.4273
    endloop
  endfacet
  facet normal 0.137644 -0.990482 0.000143742
    outer loop
      vertex -25.2792 11.3721 29.3655
      vertex -25.9117 11.2842 29.3403
      vertex -25.2171 11.3807 29.16
    endloop
  endfacet
  facet normal 0.13746 -0.990507 -0.000426772
    outer loop
      vertex -27.049 11.1263 29.5
      vertex -26.5273 11.1987 29.5
      vertex -32.3305 10.3927 31.006
    endloop
  endfacet
  facet normal 0.137607 -0.990487 0
    outer loop
      vertex -25.2171 11.3807 29.16
      vertex -25.9117 11.2842 29.189
      vertex -25.9117 11.2842 29.1757
    endloop
  endfacet
  facet normal 0.137607 -0.990487 0
    outer loop
      vertex -25.9117 11.2842 29.189
      vertex -25.2171 11.3807 29.16
      vertex -25.9117 11.2842 29.3403
    endloop
  endfacet
  facet normal 0.137607 -0.990487 -3.7153e-06
    outer loop
      vertex -25.2171 11.3807 29.16
      vertex -25.9117 11.2842 29.1757
      vertex -25.166 11.3878 28.9631
    endloop
  endfacet
  facet normal 0.137599 -0.990488 7.15061e-05
    outer loop
      vertex -27.4881 11.0653 29.5
      vertex -27.049 11.1263 29.5
      vertex -32.3305 10.3927 31.006
    endloop
  endfacet
  facet normal 0.137608 -0.990487 0
    outer loop
      vertex -25.9117 11.2842 29.0097
      vertex -25.166 11.3878 28.9631
      vertex -25.9117 11.2842 29.1757
    endloop
  endfacet
  facet normal 0.137617 -0.990485 0.000149295
    outer loop
      vertex -25.166 11.3878 28.9631
      vertex -25.9117 11.2842 29.0097
      vertex -25.1226 11.3938 28.7643
    endloop
  endfacet
  facet normal 0.137505 -0.990501 -3.31369e-05
    outer loop
      vertex -31.9138 10.4506 29.4432
      vertex -31.8749 10.456 29.4501
      vertex -32.3305 10.3927 31.006
    endloop
  endfacet
  facet normal 0.138347 -0.990384 0.000195919
    outer loop
      vertex -31.9503 10.4455 29.4367
      vertex -31.9138 10.4506 29.4432
      vertex -32.3305 10.3927 31.006
    endloop
  endfacet
  facet normal 0.137384 -0.990518 -6.9302e-05
    outer loop
      vertex -31.8749 10.456 29.4501
      vertex -31.8338 10.4617 29.4575
      vertex -32.3305 10.3927 31.006
    endloop
  endfacet
  facet normal 0.136581 -0.990629 -0.000240239
    outer loop
      vertex -31.9844 10.4408 29.4306
      vertex -31.9503 10.4455 29.4367
      vertex -32.3305 10.3927 31.006
    endloop
  endfacet
  facet normal 0.13757 -0.990492 -8.40352e-06
    outer loop
      vertex -31.8338 10.4617 29.4575
      vertex -31.7906 10.4677 29.4652
      vertex -32.3305 10.3927 31.006
    endloop
  endfacet
  facet normal 0.1379 -0.990446 5.51147e-05
    outer loop
      vertex -32.016 10.4364 29.4249
      vertex -31.9844 10.4408 29.4306
      vertex -32.3305 10.3927 31.006
    endloop
  endfacet
  facet normal 0.138302 -0.99039 0.000253017
    outer loop
      vertex -31.7906 10.4677 29.4652
      vertex -31.7455 10.474 29.4733
      vertex -32.3305 10.3927 31.006
    endloop
  endfacet
  facet normal 0.136226 -0.990678 -0.000284236
    outer loop
      vertex -32.0451 10.4324 29.4197
      vertex -32.016 10.4364 29.4249
      vertex -32.3305 10.3927 31.006
    endloop
  endfacet
  facet normal 0.137844 -0.990454 7.50299e-05
    outer loop
      vertex -31.7455 10.474 29.4733
      vertex -31.6988 10.4805 29.4816
      vertex -32.3305 10.3927 31.006
    endloop
  endfacet
  facet normal 0.138266 -0.990395 8.97281e-05
    outer loop
      vertex -32.0716 10.4287 29.415
      vertex -32.0451 10.4324 29.4197
      vertex -32.3305 10.3927 31.006
    endloop
  endfacet
  facet normal 0.137679 -0.990477 5.39312e-06
    outer loop
      vertex -31.6988 10.4805 29.4816
      vertex -31.6506 10.4872 29.4903
      vertex -32.3305 10.3927 31.006
    endloop
  endfacet
  facet normal 0.136261 -0.990673 -0.00024277
    outer loop
      vertex -32.0956 10.4254 29.4107
      vertex -32.0716 10.4287 29.415
      vertex -32.3305 10.3927 31.006
    endloop
  endfacet
  facet normal 0.136462 -0.990645 -0.000551075
    outer loop
      vertex -31.6506 10.4872 29.4903
      vertex -31.6012 10.494 29.4991
      vertex -32.3305 10.3927 31.006
    endloop
  endfacet
  facet normal 0.137576 -0.990491 -4.53601e-05
    outer loop
      vertex -32.1172 10.4224 29.4068
      vertex -32.0956 10.4254 29.4107
      vertex -32.3305 10.3927 31.006
    endloop
  endfacet
  facet normal 0.136106 -0.990694 -0.000726848
    outer loop
      vertex -32.3305 10.3927 31.006
      vertex -31.6012 10.494 29.4991
      vertex -31.5961 10.4947 29.5
    endloop
  endfacet
  facet normal 0.138608 -0.990347 0.00051701
    outer loop
      vertex -32.3305 10.3927 31.006
      vertex -31.5961 10.4947 29.5
      vertex -31.5468 10.5016 29.5
    endloop
  endfacet
  facet normal 0.139922 -0.990163 0.000273586
    outer loop
      vertex -32.1363 10.4197 29.4034
      vertex -32.1172 10.4224 29.4068
      vertex -32.3305 10.3927 31.006
    endloop
  endfacet
  facet normal 0.137472 -0.990506 -8.56657e-05
    outer loop
      vertex -31.5468 10.5016 29.5
      vertex -31.4906 10.5094 29.5
      vertex -32.3305 10.3927 31.006
    endloop
  endfacet
  facet normal 0.137568 -0.990492 -3.14413e-05
    outer loop
      vertex -31.4906 10.5094 29.5
      vertex -27.4881 11.0653 29.5
      vertex -32.3305 10.3927 31.006
    endloop
  endfacet
  facet normal 0.137572 -0.990492 0
    outer loop
      vertex -25.9117 11.2842 27.0379
      vertex -25.1226 11.3938 28.7643
      vertex -25.9117 11.2842 29.0097
    endloop
  endfacet
  facet normal 0.136464 -0.990645 -0.0001536
    outer loop
      vertex -32.153 10.4174 29.4004
      vertex -32.1363 10.4197 29.4034
      vertex -32.3305 10.3927 31.006
    endloop
  endfacet
  facet normal 0.137572 -0.990492 0
    outer loop
      vertex -25.1226 11.3938 28.7643
      vertex -25.9117 11.2842 27.0379
      vertex -25.9117 11.2842 26.8861
    endloop
  endfacet
  facet normal 0.137573 -0.990492 -2.85612e-05
    outer loop
      vertex -32.1674 10.4154 29.3978
      vertex -32.153 10.4174 29.4004
      vertex -32.3305 10.3927 31.006
    endloop
  endfacet
  facet normal 0.137572 -0.990492 0
    outer loop
      vertex -25.9117 11.2842 26.7787
      vertex -25.1226 11.3938 28.7643
      vertex -25.9117 11.2842 26.8861
    endloop
  endfacet
  facet normal 0.137572 -0.990492 0
    outer loop
      vertex -25.1226 11.3938 28.7643
      vertex -25.9117 11.2842 26.7787
      vertex -25.9117 11.2842 26.6904
    endloop
  endfacet
  facet normal 0.136927 -0.990581 -9.542e-05
    outer loop
      vertex -32.1797 10.4137 29.3956
      vertex -32.1674 10.4154 29.3978
      vertex -32.3305 10.3927 31.006
    endloop
  endfacet
  facet normal 0.137572 -0.990492 0
    outer loop
      vertex -25.9117 11.2842 26.4322
      vertex -25.1226 11.3938 28.7643
      vertex -25.9117 11.2842 26.6904
    endloop
  endfacet
  facet normal 0.138636 -0.990343 6.77346e-05
    outer loop
      vertex -32.1897 10.4123 29.3938
      vertex -32.1797 10.4137 29.3956
      vertex -32.3305 10.3927 31.006
    endloop
  endfacet
  facet normal 0.137572 -0.990492 0
    outer loop
      vertex -25.1226 11.3938 28.7643
      vertex -25.9117 11.2842 26.4322
      vertex -25.9117 11.2842 26.0812
    endloop
  endfacet
  facet normal 0.134616 -0.990898 -0.000290035
    outer loop
      vertex -32.1978 10.4112 29.3924
      vertex -32.1897 10.4123 29.3938
      vertex -32.3305 10.3927 31.006
    endloop
  endfacet
  facet normal 0.137572 -0.990492 0
    outer loop
      vertex -25.9117 11.2842 25.583
      vertex -25.1226 11.3938 28.7643
      vertex -25.9117 11.2842 26.0812
    endloop
  endfacet
  facet normal 0.145846 -0.989307 0.000651685
    outer loop
      vertex -32.2039 10.4103 29.3913
      vertex -32.1978 10.4112 29.3924
      vertex -32.3305 10.3927 31.006
    endloop
  endfacet
  facet normal 0.137575 -0.990491 -5.79901e-07
    outer loop
      vertex -25.9117 11.2842 24.8308
      vertex -24.3112 11.5065 28.1985
      vertex -25.1226 11.3938 28.7643
    endloop
  endfacet
  facet normal 0.137573 -0.990492 0
    outer loop
      vertex -24.3112 11.5065 28.1985
      vertex -25.9117 11.2842 24.8308
      vertex -25.9117 11.2842 24.0621
    endloop
  endfacet
  facet normal 0.137572 -0.990492 0
    outer loop
      vertex -25.9117 11.2842 24.8308
      vertex -25.1226 11.3938 28.7643
      vertex -25.9117 11.2842 25.583
    endloop
  endfacet
  facet normal 0.137573 -0.990492 0
    outer loop
      vertex -24.3112 11.5065 28.1985
      vertex -25.9117 11.2842 24.0621
      vertex -25.9117 11.2842 23.3986
    endloop
  endfacet
  facet normal 0.137865 -0.990451 0
    outer loop
      vertex -25.6933 11.3146 23.2433
      vertex -25.9117 11.2842 23.3986
      vertex -25.9117 11.2842 23.2451
    endloop
  endfacet
  facet normal 0.137809 -0.990459 -8.01009e-05
    outer loop
      vertex -25.9117 11.2842 23.3986
      vertex -25.6933 11.3146 23.2433
      vertex -24.3112 11.5065 28.1985
    endloop
  endfacet
  facet normal 0.13735 -0.990523 5.02951e-05
    outer loop
      vertex -25.4243 11.3519 23.2278
      vertex -24.3112 11.5065 28.1985
      vertex -25.6933 11.3146 23.2433
    endloop
  endfacet
  facet normal 0.139172 -0.990261 -0.00375632
    outer loop
      vertex -18.8016 12.2718 29.7782
      vertex -18.8201 12.2692 29.7782
      vertex -18.8231 12.2688 29.7725
    endloop
  endfacet
  facet normal 0.139192 -0.990258 -0.00383449
    outer loop
      vertex -18.8016 12.2718 29.7782
      vertex -18.8231 12.2688 29.7725
      vertex -18.8261 12.2684 29.7669
    endloop
  endfacet
  facet normal 0.12873 -0.991493 0.0192204
    outer loop
      vertex -18.8016 12.2718 29.7782
      vertex -18.8261 12.2684 29.7669
      vertex -18.8291 12.2679 29.7612
    endloop
  endfacet
  facet normal 0.144378 -0.989501 -0.00654989
    outer loop
      vertex -18.8016 12.2718 29.7782
      vertex -18.8291 12.2679 29.7612
      vertex -18.8321 12.2675 29.7555
    endloop
  endfacet
  facet normal 0.137565 -0.990493 0
    outer loop
      vertex -14.3305 12.8927 34.2555
      vertex -16.8016 12.5495 34.2555
      vertex -16.8016 12.5495 31.7782
    endloop
  endfacet
  facet normal 0.137769 -0.990464 -0.000207211
    outer loop
      vertex -14.3305 12.8927 34.2555
      vertex -16.8016 12.5495 31.7782
      vertex -16.8024 12.5494 31.7243
    endloop
  endfacet
  facet normal 0.136913 -0.990576 0.00368361
    outer loop
      vertex -18.7011 12.2857 29.7807
      vertex -18.8016 12.2718 29.7782
      vertex -18.8321 12.2675 29.7555
    endloop
  endfacet
  facet normal 0.1374 -0.990516 0.000159821
    outer loop
      vertex -14.3305 12.8927 34.2555
      vertex -16.8024 12.5494 31.7243
      vertex -16.8045 12.5491 31.6704
    endloop
  endfacet
  facet normal 0.137539 -0.990496 7.27838e-06
    outer loop
      vertex -25.1564 11.3891 23.1991
      vertex -24.3112 11.5065 28.1985
      vertex -25.4243 11.3519 23.2278
    endloop
  endfacet
  facet normal 0.138427 -0.990363 -0.00433713
    outer loop
      vertex -18.6007 12.2997 29.7883
      vertex -18.7011 12.2857 29.7807
      vertex -18.8321 12.2675 29.7555
    endloop
  endfacet
  facet normal 0.138203 -0.990404 -0.000623841
    outer loop
      vertex -14.3305 12.8927 34.2555
      vertex -16.8045 12.5491 31.6704
      vertex -16.8106 12.5483 31.5891
    endloop
  endfacet
  facet normal 0.137717 -0.990472 -2.33956e-05
    outer loop
      vertex -24.8903 11.4261 23.1572
      vertex -24.3112 11.5065 28.1985
      vertex -25.1564 11.3891 23.1991
    endloop
  endfacet
  facet normal 0.137662 -0.990479 -1.69293e-05
    outer loop
      vertex -24.6392 11.461 23.1053
      vertex -24.3112 11.5065 28.1985
      vertex -24.8903 11.4261 23.1572
    endloop
  endfacet
  facet normal 0.137566 -0.990493 -1.06286e-05
    outer loop
      vertex -24.3908 11.4955 23.0416
      vertex -24.3112 11.5065 28.1985
      vertex -24.6392 11.461 23.1053
    endloop
  endfacet
  facet normal 0.137902 -0.990445 0.000899456
    outer loop
      vertex -14.3305 12.8927 28.1985
      vertex -18.4019 12.3273 29.8185
      vertex -18.5009 12.3135 29.8009
    endloop
  endfacet
  facet normal 0.137405 -0.990515 -0.000373808
    outer loop
      vertex -14.3305 12.8927 28.1985
      vertex -18.3038 12.3409 29.8411
      vertex -18.4019 12.3273 29.8185
    endloop
  endfacet
  facet normal 0.137299 -0.990529 -0.000635148
    outer loop
      vertex -14.3305 12.8927 28.1985
      vertex -18.207 12.3543 29.8686
      vertex -18.3038 12.3409 29.8411
    endloop
  endfacet
  facet normal 0.137933 -0.990441 0.000863519
    outer loop
      vertex -14.3305 12.8927 28.1985
      vertex -18.1117 12.3676 29.9009
      vertex -18.207 12.3543 29.8686
    endloop
  endfacet
  facet normal 0.137637 -0.990483 0.000194321
    outer loop
      vertex -14.3305 12.8927 28.1985
      vertex -18.0182 12.3806 29.938
      vertex -18.1117 12.3676 29.9009
    endloop
  endfacet
  facet normal 0.137513 -0.9905 -7.39374e-05
    outer loop
      vertex -14.3305 12.8927 28.1985
      vertex -17.9267 12.3933 29.9797
      vertex -18.0182 12.3806 29.938
    endloop
  endfacet
  facet normal 0.137673 -0.990478 0.000256361
    outer loop
      vertex -14.3305 12.8927 28.1985
      vertex -17.8462 12.4045 30.0212
      vertex -17.9267 12.3933 29.9797
    endloop
  endfacet
  facet normal 0.137337 -0.990524 -0.000404495
    outer loop
      vertex -14.3305 12.8927 28.1985
      vertex -17.7754 12.4143 30.0616
      vertex -17.8462 12.4045 30.0212
    endloop
  endfacet
  facet normal 0.137578 -0.990491 4.85325e-05
    outer loop
      vertex -14.3305 12.8927 28.1985
      vertex -17.7063 12.4239 30.1048
      vertex -17.7754 12.4143 30.0616
    endloop
  endfacet
  facet normal 0.13725 -0.990536 -0.000542457
    outer loop
      vertex -14.3305 12.8927 28.1985
      vertex -17.639 12.4332 30.1508
      vertex -17.7063 12.4239 30.1048
    endloop
  endfacet
  facet normal 0.137767 -0.990465 0.000350049
    outer loop
      vertex -14.3305 12.8927 28.1985
      vertex -17.5737 12.4423 30.1995
      vertex -17.639 12.4332 30.1508
    endloop
  endfacet
  facet normal 0.137616 -0.990486 0.000100749
    outer loop
      vertex -14.3305 12.8927 28.1985
      vertex -17.5104 12.4511 30.2509
      vertex -17.5737 12.4423 30.1995
    endloop
  endfacet
  facet normal 0.137559 -0.990494 1.07835e-05
    outer loop
      vertex -14.3305 12.8927 28.1985
      vertex -17.4492 12.4596 30.3047
      vertex -17.5104 12.4511 30.2509
    endloop
  endfacet
  facet normal 0.137546 -0.990495 0
    outer loop
      vertex -14.3305 12.8927 28.1985
      vertex -14.3305 12.8927 34.2555
      vertex -16.8106 12.5483 31.5891
    endloop
  endfacet
  facet normal 0.137691 -0.990475 0.000210511
    outer loop
      vertex -14.3305 12.8927 28.1985
      vertex -17.3903 12.4678 30.3611
      vertex -17.4492 12.4596 30.3047
    endloop
  endfacet
  facet normal 0.137226 -0.99054 -0.000461313
    outer loop
      vertex -14.3305 12.8927 28.1985
      vertex -17.3338 12.4756 30.4197
      vertex -17.3903 12.4678 30.3611
    endloop
  endfacet
  facet normal 0.137366 -0.99052 -0.000267769
    outer loop
      vertex -14.3305 12.8927 28.1985
      vertex -17.2796 12.4831 30.4807
      vertex -17.3338 12.4756 30.4197
    endloop
  endfacet
  facet normal 0.137812 -0.990458 0.000319972
    outer loop
      vertex -14.3305 12.8927 28.1985
      vertex -17.228 12.4903 30.5438
      vertex -17.2796 12.4831 30.4807
    endloop
  endfacet
  facet normal 0.137625 -0.990484 8.37289e-05
    outer loop
      vertex -14.3305 12.8927 28.1985
      vertex -17.1791 12.4971 30.6089
      vertex -17.228 12.4903 30.5438
    endloop
  endfacet
  facet normal 0.137324 -0.990526 -0.000278892
    outer loop
      vertex -14.3305 12.8927 28.1985
      vertex -17.1328 12.5035 30.676
      vertex -17.1791 12.4971 30.6089
    endloop
  endfacet
  facet normal 0.137922 -0.990443 0.000410884
    outer loop
      vertex -14.3305 12.8927 28.1985
      vertex -17.0892 12.5096 30.7449
      vertex -17.1328 12.5035 30.676
    endloop
  endfacet
  facet normal 0.137233 -0.990539 -0.000349307
    outer loop
      vertex -14.3305 12.8927 28.1985
      vertex -17.0486 12.5152 30.8155
      vertex -17.0892 12.5096 30.7449
    endloop
  endfacet
  facet normal 0.137749 -0.990467 0.000546457
    outer loop
      vertex -14.3305 12.8927 28.1985
      vertex -18.6007 12.2997 29.7883
      vertex -18.8321 12.2675 29.7555
    endloop
  endfacet
  facet normal 0.137996 -0.990433 0.000457787
    outer loop
      vertex -14.3305 12.8927 28.1985
      vertex -17.0108 12.5205 30.8877
      vertex -17.0486 12.5152 30.8155
    endloop
  endfacet
  facet normal 0.137253 -0.990536 -0.000296424
    outer loop
      vertex -14.3305 12.8927 28.1985
      vertex -16.976 12.5253 30.9614
      vertex -17.0108 12.5205 30.8877
    endloop
  endfacet
  facet normal 0.137535 -0.990497 -2.20756e-05
    outer loop
      vertex -14.3305 12.8927 28.1985
      vertex -16.9443 12.5297 31.0365
      vertex -16.976 12.5253 30.9614
    endloop
  endfacet
  facet normal 0.137697 -0.990474 0.000130825
    outer loop
      vertex -14.3305 12.8927 28.1985
      vertex -16.9156 12.5337 31.1128
      vertex -16.9443 12.5297 31.0365
    endloop
  endfacet
  facet normal 0.138015 -0.99043 0.000418104
    outer loop
      vertex -14.3305 12.8927 28.1985
      vertex -16.89 12.5373 31.1902
      vertex -16.9156 12.5337 31.1128
    endloop
  endfacet
  facet normal 0.137574 -0.990491 3.34831e-05
    outer loop
      vertex -14.3305 12.8927 28.1985
      vertex -16.8677 12.5404 31.2685
      vertex -16.89 12.5373 31.1902
    endloop
  endfacet
  facet normal 0.136777 -0.990602 -0.000638217
    outer loop
      vertex -14.3305 12.8927 28.1985
      vertex -16.8485 12.543 31.3477
      vertex -16.8677 12.5404 31.2685
    endloop
  endfacet
  facet normal 0.13746 -0.990507 -8.12452e-05
    outer loop
      vertex -14.3305 12.8927 28.1985
      vertex -16.8326 12.5452 31.4277
      vertex -16.8485 12.543 31.3477
    endloop
  endfacet
  facet normal 0.138031 -0.990428 0.000369853
    outer loop
      vertex -14.3305 12.8927 28.1985
      vertex -16.8199 12.547 31.5082
      vertex -16.8326 12.5452 31.4277
    endloop
  endfacet
  facet normal 0.137667 -0.990479 9.04846e-05
    outer loop
      vertex -14.3305 12.8927 28.1985
      vertex -16.8106 12.5483 31.5891
      vertex -16.8199 12.547 31.5082
    endloop
  endfacet
  facet normal 0.137119 -0.990554 -0.00117785
    outer loop
      vertex -14.3305 12.8927 28.1985
      vertex -18.5009 12.3135 29.8009
      vertex -18.6007 12.2997 29.7883
    endloop
  endfacet
  facet normal 0.137999 -0.990432 -0.000211455
    outer loop
      vertex -31.2925 10.5369 6
      vertex -31.3614 10.5273 6
      vertex -32.3305 10.3927 4
    endloop
  endfacet
  facet normal 0.136687 -0.990614 0.00043659
    outer loop
      vertex -31.3614 10.5273 6
      vertex -31.4288 10.518 6
      vertex -32.3305 10.3927 4
    endloop
  endfacet
  facet normal 0.137816 -0.990458 -8.21595e-05
    outer loop
      vertex -31.4288 10.518 6
      vertex -31.4942 10.5089 6
      vertex -32.3305 10.3927 4
    endloop
  endfacet
  facet normal 0.13791 -0.990445 -0.000122238
    outer loop
      vertex -31.4942 10.5089 6
      vertex -31.5574 10.5001 6
      vertex -32.3305 10.3927 4
    endloop
  endfacet
  facet normal 0.138196 -0.990405 -0.000234933
    outer loop
      vertex -31.5961 10.4947 6
      vertex -32.3305 10.3927 4
      vertex -31.5574 10.5001 6
    endloop
  endfacet
  facet normal 0.137323 -0.990526 9.18825e-05
    outer loop
      vertex -32.3305 10.3927 4
      vertex -31.5961 10.4947 6
      vertex -31.6163 10.4919 6.00488
    endloop
  endfacet
  facet normal 0.136597 -0.990627 0.000355476
    outer loop
      vertex -31.6163 10.4919 6.00488
      vertex -31.67 10.4845 6.01786
      vertex -32.3305 10.3927 4
    endloop
  endfacet
  facet normal 0.137914 -0.990444 -8.395e-05
    outer loop
      vertex -31.67 10.4845 6.01786
      vertex -31.7217 10.4773 6.03032
      vertex -32.3305 10.3927 4
    endloop
  endfacet
  facet normal 0.136705 -0.990612 0.000285554
    outer loop
      vertex -31.7217 10.4773 6.03032
      vertex -31.771 10.4705 6.04221
      vertex -32.3305 10.3927 4
    endloop
  endfacet
  facet normal 0.137849 -0.990453 -3.3993e-05
    outer loop
      vertex -31.771 10.4705 6.04221
      vertex -31.8177 10.464 6.0535
      vertex -32.3305 10.3927 4
    endloop
  endfacet
  facet normal 0.139427 -0.990232 -0.000435762
    outer loop
      vertex -31.8177 10.464 6.0535
      vertex -31.8617 10.4578 6.06413
      vertex -32.3305 10.3927 4
    endloop
  endfacet
  facet normal 0.136761 -0.990604 0.000181456
    outer loop
      vertex -31.8617 10.4578 6.06413
      vertex -31.903 10.4521 6.07408
      vertex -32.3305 10.3927 4
    endloop
  endfacet
  facet normal 0.137101 -0.990557 0.000110118
    outer loop
      vertex -31.903 10.4521 6.07408
      vertex -31.9413 10.4468 6.08332
      vertex -32.3305 10.3927 4
    endloop
  endfacet
  facet normal 0.1375 -0.990502 3.41503e-05
    outer loop
      vertex -31.9413 10.4468 6.08332
      vertex -31.9766 10.4419 6.09185
      vertex -32.3305 10.3927 4
    endloop
  endfacet
  facet normal 0.137975 -0.990436 -4.77422e-05
    outer loop
      vertex -31.9766 10.4419 6.09185
      vertex -32.0089 10.4374 6.09965
      vertex -32.3305 10.3927 4
    endloop
  endfacet
  facet normal 0.138549 -0.990356 -0.000137391
    outer loop
      vertex -32.0089 10.4374 6.09965
      vertex -32.0382 10.4333 6.10672
      vertex -32.3305 10.3927 4
    endloop
  endfacet
  facet normal 0.135681 -0.990753 0.000268179
    outer loop
      vertex -32.0382 10.4333 6.10672
      vertex -32.0645 10.4297 6.11307
      vertex -32.3305 10.3927 4
    endloop
  endfacet
  facet normal 0.139589 -0.99021 -0.000233237
    outer loop
      vertex -32.0645 10.4297 6.11307
      vertex -32.0879 10.4264 6.11871
      vertex -32.3305 10.3927 4
    endloop
  endfacet
  facet normal 0.136023 -0.990706 0.000182885
    outer loop
      vertex -32.0879 10.4264 6.11871
      vertex -32.1083 10.4236 6.12365
      vertex -32.3305 10.3927 4
    endloop
  endfacet
  facet normal 0.139803 -0.990179 -0.00022021
    outer loop
      vertex -32.1083 10.4236 6.12365
      vertex -32.126 10.4211 6.12791
      vertex -32.3305 10.3927 4
    endloop
  endfacet
  facet normal 0.133138 -0.991097 0.000432557
    outer loop
      vertex -32.126 10.4211 6.12791
      vertex -32.1409 10.4191 6.13152
      vertex -32.3305 10.3927 4
    endloop
  endfacet
  facet normal 0.136931 -0.990581 8.87723e-05
    outer loop
      vertex -32.1409 10.4191 6.13152
      vertex -32.1532 10.4174 6.13449
      vertex -32.3305 10.3927 4
    endloop
  endfacet
  facet normal 0.141354 -0.989959 -0.000285809
    outer loop
      vertex -32.1532 10.4174 6.13449
      vertex -32.163 10.416 6.13685
      vertex -32.3305 10.3927 4
    endloop
  endfacet
  facet normal 0.135757 -0.990742 0.000161431
    outer loop
      vertex -32.163 10.416 6.13685
      vertex -32.1703 10.415 6.13862
      vertex -32.3305 10.3927 4
    endloop
  endfacet
  facet normal 0.137576 -0.990491 0
    outer loop
      vertex -30.2563 10.6808 2.54502
      vertex -32.3305 10.3927 4
      vertex -32.3305 10.3927 2.5
    endloop
  endfacet
  facet normal 0.137618 -0.990483 -0.0019637
    outer loop
      vertex -30.2579 10.6806 2.53377
      vertex -30.2563 10.6808 2.54502
      vertex -32.3305 10.3927 2.5
    endloop
  endfacet
  facet normal 0.137618 -0.990483 -0.00196196
    outer loop
      vertex -30.2595 10.6804 2.52251
      vertex -30.2579 10.6806 2.53377
      vertex -32.3305 10.3927 2.5
    endloop
  endfacet
  facet normal 0.137618 -0.990483 -0.0019637
    outer loop
      vertex -30.2611 10.6802 2.51126
      vertex -30.2595 10.6804 2.52251
      vertex -32.3305 10.3927 2.5
    endloop
  endfacet
  facet normal 0.137568 -0.990469 0.00684123
    outer loop
      vertex -30.2627 10.6799 2.5
      vertex -30.2611 10.6802 2.51126
      vertex -32.3305 10.3927 2.5
    endloop
  endfacet
  facet normal 0.137752 -0.990467 0.00025486
    outer loop
      vertex -30.2563 10.6808 2.54502
      vertex -30.0341 10.7117 2.53335
      vertex -32.3305 10.3927 4
    endloop
  endfacet
  facet normal 0.137556 -0.990494 -5.74712e-05
    outer loop
      vertex -30.0341 10.7117 2.53335
      vertex -29.8116 10.7426 2.53189
      vertex -32.3305 10.3927 4
    endloop
  endfacet
  facet normal 0.137458 -0.990508 -0.000227959
    outer loop
      vertex -29.8116 10.7426 2.53189
      vertex -29.5846 10.7741 2.54095
      vertex -32.3305 10.3927 4
    endloop
  endfacet
  facet normal 0.137674 -0.990478 0
    outer loop
      vertex -25.0714 11.401 6.8912
      vertex -25.9117 11.2842 10.737
      vertex -25.9117 11.2842 10.0427
    endloop
  endfacet
  facet normal 0.137674 -0.990478 0
    outer loop
      vertex -25.0714 11.401 6.8912
      vertex -25.9117 11.2842 10.0427
      vertex -25.9117 11.2842 9.57349
    endloop
  endfacet
  facet normal 0.137674 -0.990478 0
    outer loop
      vertex -25.9117 11.2842 9.2383
      vertex -25.0714 11.401 6.8912
      vertex -25.9117 11.2842 9.57349
    endloop
  endfacet
  facet normal 0.137674 -0.990478 0
    outer loop
      vertex -25.0714 11.401 6.8912
      vertex -25.9117 11.2842 9.2383
      vertex -25.9117 11.2842 8.9894
    endloop
  endfacet
  facet normal 0.137674 -0.990478 0
    outer loop
      vertex -25.9117 11.2842 8.79934
      vertex -25.0714 11.401 6.8912
      vertex -25.9117 11.2842 8.9894
    endloop
  endfacet
  facet normal 0.137674 -0.990478 0
    outer loop
      vertex -25.0714 11.401 6.8912
      vertex -25.9117 11.2842 8.79934
      vertex -25.9117 11.2842 8.65124
    endloop
  endfacet
  facet normal 0.137577 -0.990491 1.18481e-05
    outer loop
      vertex -27.309 11.0902 6
      vertex -31.2925 10.5369 6
      vertex -32.3305 10.3927 4
    endloop
  endfacet
  facet normal 0.137674 -0.990478 0
    outer loop
      vertex -25.9117 11.2842 8.30526
      vertex -25.0714 11.401 6.8912
      vertex -25.9117 11.2842 8.65124
    endloop
  endfacet
  facet normal 0.137674 -0.990478 0
    outer loop
      vertex -25.9117 11.2842 7.16492
      vertex -25.0714 11.401 6.8912
      vertex -25.9117 11.2842 8.30526
    endloop
  endfacet
  facet normal 0.137674 -0.990478 0
    outer loop
      vertex -25.9117 11.2842 6.79549
      vertex -25.0714 11.401 6.8912
      vertex -25.9117 11.2842 7.16492
    endloop
  endfacet
  facet normal 0.137674 -0.990478 0
    outer loop
      vertex -25.0714 11.401 6.8912
      vertex -25.9117 11.2842 6.79549
      vertex -25.9117 11.2842 6.5565
    endloop
  endfacet
  facet normal 0.137774 -0.990464 0.000378461
    outer loop
      vertex -29.5846 10.7741 2.54095
      vertex -29.3582 10.8056 2.56065
      vertex -32.3305 10.3927 4
    endloop
  endfacet
  facet normal 0.137573 -0.990492 0
    outer loop
      vertex -25.9117 11.2842 10.737
      vertex -24.3112 11.5065 7.60303
      vertex -25.9117 11.2842 11.4824
    endloop
  endfacet
  facet normal 0.137498 -0.990502 -3.92941e-05
    outer loop
      vertex -24.3112 11.5065 7.60303
      vertex -25.9117 11.2842 10.737
      vertex -25.0714 11.401 6.8912
    endloop
  endfacet
  facet normal 0.137699 -0.990474 1.33728e-05
    outer loop
      vertex -24.3112 11.5065 7.60303
      vertex -24.3908 11.4955 12.5129
      vertex -24.6519 11.4592 12.4463
    endloop
  endfacet
  facet normal 0.137638 -0.990483 8.97799e-06
    outer loop
      vertex -24.3112 11.5065 7.60303
      vertex -24.6519 11.4592 12.4463
      vertex -24.916 11.4225 12.3926
    endloop
  endfacet
  facet normal 0.137618 -0.990485 6.39997e-06
    outer loop
      vertex -24.3112 11.5065 7.60303
      vertex -24.916 11.4225 12.3926
      vertex -25.1823 11.3855 12.352
    endloop
  endfacet
  facet normal 0.13744 -0.99051 -2.68653e-05
    outer loop
      vertex -24.3112 11.5065 7.60303
      vertex -25.1823 11.3855 12.352
      vertex -25.4504 11.3483 12.3246
    endloop
  endfacet
  facet normal 0.137707 -0.990473 3.87171e-05
    outer loop
      vertex -24.3112 11.5065 7.60303
      vertex -25.4504 11.3483 12.3246
      vertex -25.7194 11.3109 12.3104
    endloop
  endfacet
  facet normal 0.137526 -0.990498 0
    outer loop
      vertex -25.9117 11.2842 12.093
      vertex -25.7194 11.3109 12.3104
      vertex -25.9117 11.2842 12.3097
    endloop
  endfacet
  facet normal 0.13754 -0.990496 -1.22159e-05
    outer loop
      vertex -25.7194 11.3109 12.3104
      vertex -25.9117 11.2842 12.093
      vertex -24.3112 11.5065 7.60303
    endloop
  endfacet
  facet normal 0.137573 -0.990492 0
    outer loop
      vertex -25.9117 11.2842 11.4824
      vertex -24.3112 11.5065 7.60303
      vertex -25.9117 11.2842 12.093
    endloop
  endfacet
  facet normal 0.137608 -0.990487 -6.82523e-05
    outer loop
      vertex -26.9052 11.1463 6
      vertex -27.309 11.0902 6
      vertex -32.3305 10.3927 4
    endloop
  endfacet
  facet normal 0.13766 -0.99048 3.72308e-05
    outer loop
      vertex -25.9117 11.2842 6.5565
      vertex -25.0994 11.3971 6.66571
      vertex -25.0714 11.401 6.8912
    endloop
  endfacet
  facet normal 0.137665 -0.990479 0
    outer loop
      vertex -25.0994 11.3971 6.66571
      vertex -25.9117 11.2842 6.5565
      vertex -25.9117 11.2842 6.36624
    endloop
  endfacet
  facet normal 0.137311 -0.990528 -0.000596269
    outer loop
      vertex -29.3582 10.8056 2.56065
      vertex -29.133 10.8368 2.59094
      vertex -32.3305 10.3927 4
    endloop
  endfacet
  facet normal 0.137522 -0.990499 0.000170776
    outer loop
      vertex -26.4392 11.211 6
      vertex -26.9052 11.1463 6
      vertex -32.3305 10.3927 4
    endloop
  endfacet
  facet normal 0.137581 -0.99049 0.000231215
    outer loop
      vertex -25.9117 11.2842 6.36624
      vertex -25.1379 11.3917 6.44178
      vertex -25.0994 11.3971 6.66571
    endloop
  endfacet
  facet normal 0.137603 -0.990487 0
    outer loop
      vertex -25.9117 11.2842 6.18582
      vertex -25.1379 11.3917 6.44178
      vertex -25.9117 11.2842 6.36624
    endloop
  endfacet
  facet normal 0.137603 -0.990487 0
    outer loop
      vertex -25.1379 11.3917 6.44178
      vertex -25.9117 11.2842 6.18582
      vertex -25.9117 11.2842 6.17909
    endloop
  endfacet
  facet normal 0.137748 -0.990467 0.000413355
    outer loop
      vertex -29.133 10.8368 2.59094
      vertex -28.9095 10.8679 2.63176
      vertex -32.3305 10.3927 4
    endloop
  endfacet
  facet normal 0.137451 -0.990509 0.000385021
    outer loop
      vertex -26.4392 11.211 6
      vertex -32.3305 10.3927 4
      vertex -25.9117 11.2842 6
    endloop
  endfacet
  facet normal 0.137615 -0.990486 -3.5299e-05
    outer loop
      vertex -25.9117 11.2842 6.17909
      vertex -25.1869 11.3849 6.2199
      vertex -25.1379 11.3917 6.44178
    endloop
  endfacet
  facet normal 0.137613 -0.990486 0
    outer loop
      vertex -25.9117 11.2842 6
      vertex -25.1869 11.3849 6.2199
      vertex -25.9117 11.2842 6.17909
    endloop
  endfacet
  facet normal 0.139266 -0.990239 -0.00556008
    outer loop
      vertex -25.1869 11.3849 6.2199
      vertex -25.9117 11.2842 6
      vertex -32.3305 10.3927 4
    endloop
  endfacet
  facet normal 0.137436 -0.990511 -0.000382283
    outer loop
      vertex -28.9095 10.8679 2.63176
      vertex -28.6881 10.8986 2.68301
      vertex -32.3305 10.3927 4
    endloop
  endfacet
  facet normal 0.137648 -0.990481 -0.000247913
    outer loop
      vertex -25.2463 11.3767 6.00057
      vertex -25.1869 11.3849 6.2199
      vertex -32.3305 10.3927 4
    endloop
  endfacet
  facet normal 0.137632 -0.990483 0.000171349
    outer loop
      vertex -28.6881 10.8986 2.68301
      vertex -28.4694 10.929 2.74459
      vertex -32.3305 10.3927 4
    endloop
  endfacet
  facet normal 0.137534 -0.990497 0.000163767
    outer loop
      vertex -25.3159 11.367 5.78426
      vertex -25.2463 11.3767 6.00057
      vertex -32.3305 10.3927 4
    endloop
  endfacet
  facet normal 0.137474 -0.990505 -0.000324378
    outer loop
      vertex -28.4694 10.929 2.74459
      vertex -28.2538 10.9589 2.81636
      vertex -32.3305 10.3927 4
    endloop
  endfacet
  facet normal 0.137519 -0.990499 0.000225705
    outer loop
      vertex -25.3955 11.3559 5.57146
      vertex -25.3159 11.367 5.78426
      vertex -32.3305 10.3927 4
    endloop
  endfacet
  facet normal 0.137677 -0.990477 0.000386848
    outer loop
      vertex -28.2538 10.9589 2.81636
      vertex -28.0418 10.9884 2.89816
      vertex -32.3305 10.3927 4
    endloop
  endfacet
  facet normal 0.137621 -0.990485 -0.000233868
    outer loop
      vertex -25.4851 11.3435 5.36262
      vertex -25.3955 11.3559 5.57146
      vertex -32.3305 10.3927 4
    endloop
  endfacet
  facet normal 0.137618 -0.990485 0.000155069
    outer loop
      vertex -28.0418 10.9884 2.89816
      vertex -27.8339 11.0173 2.98981
      vertex -32.3305 10.3927 4
    endloop
  endfacet
  facet normal 0.137553 -0.990494 0.000115309
    outer loop
      vertex -25.5843 11.3297 5.15821
      vertex -25.4851 11.3435 5.36262
      vertex -32.3305 10.3927 4
    endloop
  endfacet
  facet normal 0.137505 -0.990501 -0.00035893
    outer loop
      vertex -27.8339 11.0173 2.98981
      vertex -27.6305 11.0455 3.09111
      vertex -32.3305 10.3927 4
    endloop
  endfacet
  facet normal 0.13757 -0.990492 1.27609e-05
    outer loop
      vertex -25.693 11.3146 4.95868
      vertex -25.5843 11.3297 5.15821
      vertex -32.3305 10.3927 4
    endloop
  endfacet
  facet normal 0.137628 -0.990484 0.000289023
    outer loop
      vertex -27.6305 11.0455 3.09111
      vertex -27.4321 11.0731 3.20184
      vertex -32.3305 10.3927 4
    endloop
  endfacet
  facet normal 0.137553 -0.990494 0.000137267
    outer loop
      vertex -25.8109 11.2982 4.76446
      vertex -25.693 11.3146 4.95868
      vertex -32.3305 10.3927 4
    endloop
  endfacet
  facet normal 0.137573 -0.990492 -5.3545e-05
    outer loop
      vertex -27.4321 11.0731 3.20184
      vertex -27.2391 11.0999 3.32175
      vertex -32.3305 10.3927 4
    endloop
  endfacet
  facet normal 0.137594 -0.990489 -0.000221911
    outer loop
      vertex -25.9379 11.2806 4.57599
      vertex -25.8109 11.2982 4.76446
      vertex -32.3305 10.3927 4
    endloop
  endfacet
  facet normal 0.137578 -0.990491 -1.44735e-05
    outer loop
      vertex -27.2391 11.0999 3.32175
      vertex -27.0519 11.1259 3.45058
      vertex -32.3305 10.3927 4
    endloop
  endfacet
  facet normal 0.137592 -0.990489 -0.000198912
    outer loop
      vertex -26.0735 11.2618 4.39368
      vertex -25.9379 11.2806 4.57599
      vertex -32.3305 10.3927 4
    endloop
  endfacet
  facet normal 0.137562 -0.990493 -0.000171712
    outer loop
      vertex -27.0519 11.1259 3.45058
      vertex -26.871 11.151 3.58804
      vertex -32.3305 10.3927 4
    endloop
  endfacet
  facet normal 0.13758 -0.990491 -9.87663e-06
    outer loop
      vertex -26.2175 11.2418 4.21793
      vertex -26.0735 11.2618 4.39368
      vertex -32.3305 10.3927 4
    endloop
  endfacet
  facet normal 0.13757 -0.990492 -5.91122e-05
    outer loop
      vertex -26.871 11.151 3.58804
      vertex -26.6967 11.1752 3.73384
      vertex -32.3305 10.3927 4
    endloop
  endfacet
  facet normal 0.137564 -0.990493 0.0004438
    outer loop
      vertex -26.3696 11.2206 4.04913
      vertex -26.2175 11.2418 4.21793
      vertex -32.3305 10.3927 4
    endloop
  endfacet
  facet normal 0.137567 -0.990493 -0.000141164
    outer loop
      vertex -26.6967 11.1752 3.73384
      vertex -26.5295 11.1984 3.88765
      vertex -32.3305 10.3927 4
    endloop
  endfacet
  facet normal 0.137568 -0.990492 -5.10751e-05
    outer loop
      vertex -26.5295 11.1984 3.88765
      vertex -26.3696 11.2206 4.04913
      vertex -32.3305 10.3927 4
    endloop
  endfacet
  facet normal 0.137515 -0.9905 -5.82949e-05
    outer loop
      vertex -23.5121 11.6175 6.62691
      vertex -24.3112 11.5065 7.60303
      vertex -25.0714 11.401 6.8912
    endloop
  endfacet
  facet normal 0.137596 -0.990488 8.83138e-06
    outer loop
      vertex -23.5121 11.6175 6.62691
      vertex -21.9536 11.834 6.35827
      vertex -24.3112 11.5065 7.60303
    endloop
  endfacet
  facet normal 0.139101 -0.990268 0.00446591
    outer loop
      vertex -18.8315 12.2676 5.79915
      vertex -18.7093 12.2846 5.76253
      vertex -18.8389 12.2666 5.8079
    endloop
  endfacet
  facet normal 0.139095 -0.990269 0.0044455
    outer loop
      vertex -18.8241 12.2686 5.79037
      vertex -18.7093 12.2846 5.76253
      vertex -18.8315 12.2676 5.79915
    endloop
  endfacet
  facet normal 0.135252 -0.990742 -0.0116716
    outer loop
      vertex -18.8168 12.2697 5.78159
      vertex -18.7093 12.2846 5.76253
      vertex -18.8241 12.2686 5.79037
    endloop
  endfacet
  facet normal 0.137882 -0.990443 0.00339599
    outer loop
      vertex -18.8094 12.2707 5.77279
      vertex -18.7093 12.2846 5.76253
      vertex -18.8168 12.2697 5.78159
    endloop
  endfacet
  facet normal 0.137472 -0.990506 -0.00028194
    outer loop
      vertex -18.7093 12.2846 5.76253
      vertex -18.6099 12.2984 5.74725
      vertex -18.8389 12.2666 5.8079
    endloop
  endfacet
  facet normal 0.137894 -0.990446 0.00134468
    outer loop
      vertex -18.6099 12.2984 5.74725
      vertex -18.5113 12.3121 5.72699
      vertex -18.8389 12.2666 5.8079
    endloop
  endfacet
  facet normal 0.137563 -0.990493 -2.27026e-05
    outer loop
      vertex -18.5113 12.3121 5.72699
      vertex -14.3305 12.8927 7.60303
      vertex -18.8389 12.2666 5.8079
    endloop
  endfacet
  facet normal 0.137387 -0.990517 0.000376977
    outer loop
      vertex -18.4139 12.3256 5.70179
      vertex -14.3305 12.8927 7.60303
      vertex -18.5113 12.3121 5.72699
    endloop
  endfacet
  facet normal 0.137363 -0.990521 0.000429544
    outer loop
      vertex -18.3179 12.3389 5.67173
      vertex -14.3305 12.8927 7.60303
      vertex -18.4139 12.3256 5.70179
    endloop
  endfacet
  facet normal 0.137503 -0.990501 0.000134975
    outer loop
      vertex -18.2235 12.352 5.63688
      vertex -14.3305 12.8927 7.60303
      vertex -18.3179 12.3389 5.67173
    endloop
  endfacet
  facet normal 0.137869 -0.99045 -0.000604438
    outer loop
      vertex -18.131 12.3649 5.59733
      vertex -14.3305 12.8927 7.60303
      vertex -18.2235 12.352 5.63688
    endloop
  endfacet
  facet normal 0.137528 -0.990498 5.45647e-05
    outer loop
      vertex -18.0496 12.3762 5.5578
      vertex -14.3305 12.8927 7.60303
      vertex -18.131 12.3649 5.59733
    endloop
  endfacet
  facet normal 0.137753 -0.990467 -0.000362087
    outer loop
      vertex -17.9778 12.3862 5.5191
      vertex -14.3305 12.8927 7.60303
      vertex -18.0496 12.3762 5.5578
    endloop
  endfacet
  facet normal 0.137408 -0.990515 0.000253584
    outer loop
      vertex -17.9078 12.3959 5.4775
      vertex -14.3305 12.8927 7.60303
      vertex -17.9778 12.3862 5.5191
    endloop
  endfacet
  facet normal 0.137562 -0.990493 -1.05152e-05
    outer loop
      vertex -17.8394 12.4054 5.43309
      vertex -14.3305 12.8927 7.60303
      vertex -17.9078 12.3959 5.4775
    endloop
  endfacet
  facet normal 0.13741 -0.990514 0.000239466
    outer loop
      vertex -17.773 12.4146 5.38593
      vertex -14.3305 12.8927 7.60303
      vertex -17.8394 12.4054 5.43309
    endloop
  endfacet
  facet normal 0.13785 -0.990453 -0.000456743
    outer loop
      vertex -17.7085 12.4236 5.3361
      vertex -14.3305 12.8927 7.60303
      vertex -17.773 12.4146 5.38593
    endloop
  endfacet
  facet normal 0.137097 -0.990557 0.000687456
    outer loop
      vertex -17.6461 12.4322 5.28369
      vertex -14.3305 12.8927 7.60303
      vertex -17.7085 12.4236 5.3361
    endloop
  endfacet
  facet normal 0.137743 -0.990468 -0.000255035
    outer loop
      vertex -17.5858 12.4406 5.22878
      vertex -14.3305 12.8927 7.60303
      vertex -17.6461 12.4322 5.28369
    endloop
  endfacet
  facet normal 0.137979 -0.990435 -0.000584793
    outer loop
      vertex -17.5279 12.4487 5.17146
      vertex -14.3305 12.8927 7.60303
      vertex -17.5858 12.4406 5.22878
    endloop
  endfacet
  facet normal 0.137493 -0.990503 6.69774e-05
    outer loop
      vertex -17.4724 12.4564 5.11182
      vertex -14.3305 12.8927 7.60303
      vertex -17.5279 12.4487 5.17146
    endloop
  endfacet
  facet normal 0.136999 -0.990571 0.000702667
    outer loop
      vertex -17.4193 12.4637 5.04998
      vertex -14.3305 12.8927 7.60303
      vertex -17.4724 12.4564 5.11182
    endloop
  endfacet
  facet normal 0.138223 -0.990401 -0.000806848
    outer loop
      vertex -17.3688 12.4708 4.98602
      vertex -14.3305 12.8927 7.60303
      vertex -17.4193 12.4637 5.04998
    endloop
  endfacet
  facet normal 0.137139 -0.990552 0.000475053
    outer loop
      vertex -17.3209 12.4774 4.92006
      vertex -14.3305 12.8927 7.60303
      vertex -17.3688 12.4708 4.98602
    endloop
  endfacet
  facet normal 0.137852 -0.990453 -0.000334778
    outer loop
      vertex -17.2758 12.4837 4.8522
      vertex -14.3305 12.8927 7.60303
      vertex -17.3209 12.4774 4.92006
    endloop
  endfacet
  facet normal 0.137762 -0.990465 -0.000235915
    outer loop
      vertex -17.2335 12.4896 4.78256
      vertex -14.3305 12.8927 7.60303
      vertex -17.2758 12.4837 4.8522
    endloop
  endfacet
  facet normal 0.136806 -0.990597 0.000766075
    outer loop
      vertex -17.194 12.495 4.71125
      vertex -14.3305 12.8927 7.60303
      vertex -17.2335 12.4896 4.78256
    endloop
  endfacet
  facet normal 0.13784 -0.990454 -0.000276811
    outer loop
      vertex -17.1575 12.5001 4.6384
      vertex -14.3305 12.8927 7.60303
      vertex -17.194 12.495 4.71125
    endloop
  endfacet
  facet normal 0.137999 -0.990432 -0.000431646
    outer loop
      vertex -17.124 12.5048 4.56412
      vertex -14.3305 12.8927 7.60303
      vertex -17.1575 12.5001 4.6384
    endloop
  endfacet
  facet normal 0.137197 -0.990544 0.000320295
    outer loop
      vertex -17.0935 12.509 4.48853
      vertex -14.3305 12.8927 7.60303
      vertex -17.124 12.5048 4.56412
    endloop
  endfacet
  facet normal 0.137499 -0.990502 4.6557e-05
    outer loop
      vertex -17.0661 12.5128 4.41177
      vertex -14.3305 12.8927 7.60303
      vertex -17.0935 12.509 4.48853
    endloop
  endfacet
  facet normal 0.137972 -0.990436 -0.000366865
    outer loop
      vertex -17.0419 12.5162 4.33395
      vertex -14.3305 12.8927 7.60303
      vertex -17.0661 12.5128 4.41177
    endloop
  endfacet
  facet normal 0.137358 -0.990521 0.000152503
    outer loop
      vertex -17.0209 12.5191 4.25521
      vertex -14.3305 12.8927 7.60303
      vertex -17.0419 12.5162 4.33395
    endloop
  endfacet
  facet normal 0.13788 -0.990449 -0.000274877
    outer loop
      vertex -17.0031 12.5216 4.17568
      vertex -14.3305 12.8927 7.60303
      vertex -17.0209 12.5191 4.25521
    endloop
  endfacet
  facet normal 0.137191 -0.990545 0.000273008
    outer loop
      vertex -16.9885 12.5236 4.09549
      vertex -14.3305 12.8927 7.60303
      vertex -17.0031 12.5216 4.17568
    endloop
  endfacet
  facet normal 0.136802 -0.990598 0.000573412
    outer loop
      vertex -16.9773 12.5251 4.01478
      vertex -14.3305 12.8927 7.60303
      vertex -16.9885 12.5236 4.09549
    endloop
  endfacet
  facet normal 0 0 1
    outer loop
      vertex -14.3305 17.3927 34.2555
      vertex -4.33046 25.3927 34.2555
      vertex -11.6176 28.694 34.2555
    endloop
  endfacet
  facet normal 0 0 1
    outer loop
      vertex -4.33046 25.3927 34.2555
      vertex -14.3305 17.3927 34.2555
      vertex -4.33046 17.3927 34.2555
    endloop
  endfacet
  facet normal 0 0 1
    outer loop
      vertex -16.6176 27.694 34.2555
      vertex -11.6176 28.694 34.2555
      vertex -15.6176 28.694 34.2555
    endloop
  endfacet
  facet normal 0 0 1
    outer loop
      vertex -16.6176 18.694 34.2555
      vertex -11.6176 28.694 34.2555
      vertex -16.6176 27.694 34.2555
    endloop
  endfacet
  facet normal 0 0 1
    outer loop
      vertex -11.6176 28.694 34.2555
      vertex -16.6176 18.694 34.2555
      vertex -14.3305 17.3927 34.2555
    endloop
  endfacet
  facet normal -0 0 1
    outer loop
      vertex -16.8016 18.694 34.2555
      vertex -14.3305 17.3927 34.2555
      vertex -16.6176 18.694 34.2555
    endloop
  endfacet
  facet normal 0 0 1
    outer loop
      vertex -14.3305 17.3927 34.2555
      vertex -16.8016 18.694 34.2555
      vertex -16.8016 12.5495 34.2555
    endloop
  endfacet
  facet normal 0 0 1
    outer loop
      vertex -14.3305 17.3927 34.2555
      vertex -16.8016 12.5495 34.2555
      vertex -14.3305 12.8927 34.2555
    endloop
  endfacet
  facet normal -0.707107 0.707107 0
    outer loop
      vertex -16.6176 27.694 31.7
      vertex -15.6176 28.694 34.2555
      vertex -15.6176 28.694 31.7
    endloop
  endfacet
  facet normal -0.707107 0.707107 0
    outer loop
      vertex -15.6176 28.694 34.2555
      vertex -16.6176 27.694 31.7
      vertex -16.6176 27.694 34.2555
    endloop
  endfacet
  facet normal 0.412659 0.910885 -0
    outer loop
      vertex -4.33046 25.3927 31.7127
      vertex -11.6176 28.694 34.2555
      vertex -4.33046 25.3927 34.2555
    endloop
  endfacet
  facet normal 0.412659 0.910885 0
    outer loop
      vertex -11.6176 28.694 34.2555
      vertex -4.33046 25.3927 31.7127
      vertex -11.6176 28.694 31.7127
    endloop
  endfacet
  facet normal 0 0 -1
    outer loop
      vertex -16.6176 27.694 31.7
      vertex -15.4357 28.694 31.7
      vertex -15.4357 18.694 31.7
    endloop
  endfacet
  facet normal 0 0 -1
    outer loop
      vertex -16.6176 27.694 31.7
      vertex -15.4357 18.694 31.7
      vertex -16.6176 18.694 31.7
    endloop
  endfacet
  facet normal -0 0 -1
    outer loop
      vertex -15.4357 28.694 31.7
      vertex -16.6176 27.694 31.7
      vertex -15.6176 28.694 31.7
    endloop
  endfacet
  facet normal 0 0 -1
    outer loop
      vertex -12.3354 17.3927 31.7127
      vertex -4.33046 25.3927 31.7127
      vertex -4.33046 17.3927 31.7127
    endloop
  endfacet
  facet normal -0 0 -1
    outer loop
      vertex -4.33046 25.3927 31.7127
      vertex -12.3354 17.3927 31.7127
      vertex -12.3354 26.694 31.7127
    endloop
  endfacet
  facet normal 0 0 -1
    outer loop
      vertex -4.33046 25.3927 31.7127
      vertex -12.3354 26.694 31.7127
      vertex -11.6176 28.694 31.7127
    endloop
  endfacet
  facet normal -0 0 -1
    outer loop
      vertex -11.6176 28.694 31.7127
      vertex -12.3354 26.694 31.7127
      vertex -13.3354 28.694 31.7127
    endloop
  endfacet
  facet normal -1 0 0
    outer loop
      vertex -15.4357 18.694 3.74663
      vertex -15.4357 28.694 31.7
      vertex -15.4357 28.694 3.74663
    endloop
  endfacet
  facet normal -1 -0 0
    outer loop
      vertex -15.4357 28.694 31.7
      vertex -15.4357 18.694 3.74663
      vertex -15.4357 18.694 31.7
    endloop
  endfacet
  facet normal 0.894427 0.447214 0
    outer loop
      vertex -12.3354 26.694 31.7127
      vertex -13.3354 28.694 3.71266
      vertex -13.3354 28.694 31.7127
    endloop
  endfacet
  facet normal 0.894427 0.447214 0
    outer loop
      vertex -13.3354 28.694 3.71266
      vertex -12.3354 26.694 31.7127
      vertex -12.3354 26.694 3.71266
    endloop
  endfacet
  facet normal 0 0 1
    outer loop
      vertex -16.6176 27.694 3.74663
      vertex -15.4357 28.694 3.74663
      vertex -15.6176 28.694 3.74663
    endloop
  endfacet
  facet normal 0 0 1
    outer loop
      vertex -15.4357 28.694 3.74663
      vertex -16.6176 27.694 3.74663
      vertex -15.4357 18.694 3.74663
    endloop
  endfacet
  facet normal 0 0 1
    outer loop
      vertex -15.4357 18.694 3.74663
      vertex -16.6176 27.694 3.74663
      vertex -16.6176 18.694 3.74663
    endloop
  endfacet
  facet normal 0 0 1
    outer loop
      vertex -11.6176 28.694 3.71266
      vertex -13.3354 28.694 3.71266
      vertex -12.3354 26.694 3.71266
    endloop
  endfacet
  facet normal -0 0 1
    outer loop
      vertex -12.3354 26.694 3.71266
      vertex -4.33046 25.3927 3.71266
      vertex -11.6176 28.694 3.71266
    endloop
  endfacet
  facet normal 0 0 1
    outer loop
      vertex -12.3354 17.3927 3.71266
      vertex -4.33046 25.3927 3.71266
      vertex -12.3354 26.694 3.71266
    endloop
  endfacet
  facet normal 0 0 1
    outer loop
      vertex -4.33046 25.3927 3.71266
      vertex -12.3354 17.3927 3.71266
      vertex -4.33046 17.3927 3.71266
    endloop
  endfacet
  facet normal -0.101792 -0 -0.994806
    outer loop
      vertex -18.8094 18.694 5.77279
      vertex -18.7104 18.694 5.76266
      vertex -18.8094 12.2707 5.77279
    endloop
  endfacet
  facet normal -0.151039 -5.87174e-06 -0.988528
    outer loop
      vertex -18.6119 18.694 5.74761
      vertex -18.7093 12.2846 5.76253
      vertex -18.7104 18.694 5.76266
    endloop
  endfacet
  facet normal -0.101964 2.6777e-06 -0.994788
    outer loop
      vertex -18.7104 18.694 5.76266
      vertex -18.7093 12.2846 5.76253
      vertex -18.8094 12.2707 5.77279
    endloop
  endfacet
  facet normal -0.200173 -7.44753e-06 -0.979761
    outer loop
      vertex -18.5144 18.694 5.72769
      vertex -18.6099 12.2984 5.74725
      vertex -18.6119 18.694 5.74761
    endloop
  endfacet
  facet normal -0.151939 8.12166e-06 -0.98839
    outer loop
      vertex -18.6119 18.694 5.74761
      vertex -18.6099 12.2984 5.74725
      vertex -18.7093 12.2846 5.76253
    endloop
  endfacet
  facet normal -0.24853 -1.44793e-05 -0.968624
    outer loop
      vertex -18.4179 18.694 5.70293
      vertex -18.5113 12.3121 5.72699
      vertex -18.5144 18.694 5.72769
    endloop
  endfacet
  facet normal -0.201273 9.67242e-06 -0.979535
    outer loop
      vertex -18.5144 18.694 5.72769
      vertex -18.5113 12.3121 5.72699
      vertex -18.6099 12.2984 5.74725
    endloop
  endfacet
  facet normal -0.296548 -1.53053e-05 -0.955018
    outer loop
      vertex -18.3228 18.694 5.6734
      vertex -18.4139 12.3256 5.70179
      vertex -18.4179 18.694 5.70293
    endloop
  endfacet
  facet normal -0.250481 1.59747e-05 -0.968121
    outer loop
      vertex -18.4179 18.694 5.70293
      vertex -18.4139 12.3256 5.70179
      vertex -18.5113 12.3121 5.72699
    endloop
  endfacet
  facet normal -0.343782 -1.83037e-05 -0.939049
    outer loop
      vertex -18.2293 18.694 5.63917
      vertex -18.3179 12.3389 5.67173
      vertex -18.3228 18.694 5.6734
    endloop
  endfacet
  facet normal -0.298821 2.03732e-05 -0.954309
    outer loop
      vertex -18.3228 18.694 5.6734
      vertex -18.3179 12.3389 5.67173
      vertex -18.4139 12.3256 5.70179
    endloop
  endfacet
  facet normal -0.390013 -2.41918e-05 -0.920809
    outer loop
      vertex -18.1376 18.694 5.60033
      vertex -18.2235 12.352 5.63688
      vertex -18.2293 18.694 5.63917
    endloop
  endfacet
  facet normal -0.34633 2.20067e-05 -0.938113
    outer loop
      vertex -18.2293 18.694 5.63917
      vertex -18.2235 12.352 5.63688
      vertex -18.3179 12.3389 5.67173
    endloop
  endfacet
  facet normal -0.435522 -2.74774e-05 -0.900178
    outer loop
      vertex -18.048 18.694 5.55698
      vertex -18.131 12.3649 5.59733
      vertex -18.1376 18.694 5.60033
    endloop
  endfacet
  facet normal -0.393142 2.58635e-05 -0.919478
    outer loop
      vertex -18.1376 18.694 5.60033
      vertex -18.131 12.3649 5.59733
      vertex -18.2235 12.352 5.63688
    endloop
  endfacet
  facet normal -0.436839 -6.12228e-06 -0.89954
    outer loop
      vertex -18.048 18.694 5.55698
      vertex -18.0496 12.3762 5.5578
      vertex -18.131 12.3649 5.59733
    endloop
  endfacet
  facet normal -0.474466 5.90728e-06 -0.880274
    outer loop
      vertex -18.048 18.694 5.55698
      vertex -17.9778 12.3862 5.5191
      vertex -18.0496 12.3762 5.5578
    endloop
  endfacet
  facet normal -0.479527 -6.69166e-05 -0.877527
    outer loop
      vertex -17.9606 18.694 5.50922
      vertex -17.9778 12.3862 5.5191
      vertex -18.048 18.694 5.55698
    endloop
  endfacet
  facet normal -0.522668 -8.80297e-05 -0.852536
    outer loop
      vertex -17.8757 18.694 5.45717
      vertex -17.9078 12.3959 5.4775
      vertex -17.9606 18.694 5.50922
    endloop
  endfacet
  facet normal -0.510884 4.65877e-05 -0.85965
    outer loop
      vertex -17.9606 18.694 5.50922
      vertex -17.9078 12.3959 5.4775
      vertex -17.9778 12.3862 5.5191
    endloop
  endfacet
  facet normal -0.564464 -9.7484e-05 -0.825457
    outer loop
      vertex -17.7935 18.694 5.40096
      vertex -17.8394 12.4054 5.43309
      vertex -17.8757 18.694 5.45717
    endloop
  endfacet
  facet normal -0.544564 6.81695e-05 -0.838719
    outer loop
      vertex -17.8757 18.694 5.45717
      vertex -17.8394 12.4054 5.43309
      vertex -17.9078 12.3959 5.4775
    endloop
  endfacet
  facet normal -0.604841 -6.85045e-05 -0.796346
    outer loop
      vertex -17.7142 18.694 5.34073
      vertex -17.773 12.4146 5.38593
      vertex -17.7935 18.694 5.40096
    endloop
  endfacet
  facet normal -0.579058 6.10027e-05 -0.815286
    outer loop
      vertex -17.7935 18.694 5.40096
      vertex -17.773 12.4146 5.38593
      vertex -17.8394 12.4054 5.43309
    endloop
  endfacet
  facet normal -0.611366 2.85712e-05 -0.791348
    outer loop
      vertex -17.7142 18.694 5.34073
      vertex -17.7085 12.4236 5.3361
      vertex -17.773 12.4146 5.38593
    endloop
  endfacet
  facet normal -0.643792 -3.11806e-05 -0.7652
    outer loop
      vertex -17.638 18.694 5.27662
      vertex -17.6461 12.4322 5.28369
      vertex -17.7142 18.694 5.34073
    endloop
  endfacet
  facet normal -0.643147 -1.92256e-05 -0.765742
    outer loop
      vertex -17.6461 12.4322 5.28369
      vertex -17.7085 12.4236 5.3361
      vertex -17.7142 18.694 5.34073
    endloop
  endfacet
  facet normal -0.681083 -8.3755e-05 -0.732207
    outer loop
      vertex -17.5651 18.694 5.20881
      vertex -17.5858 12.4406 5.22878
      vertex -17.638 18.694 5.27662
    endloop
  endfacet
  facet normal -0.673292 3.61347e-05 -0.739377
    outer loop
      vertex -17.638 18.694 5.27662
      vertex -17.5858 12.4406 5.22878
      vertex -17.6461 12.4322 5.28369
    endloop
  endfacet
  facet normal -0.716932 -0.00010113 -0.697143
    outer loop
      vertex -17.4957 18.694 5.13744
      vertex -17.5279 12.4487 5.17146
      vertex -17.5651 18.694 5.20881
    endloop
  endfacet
  facet normal -0.703543 5.9422e-05 -0.710653
    outer loop
      vertex -17.5651 18.694 5.20881
      vertex -17.5279 12.4487 5.17146
      vertex -17.5858 12.4406 5.22878
    endloop
  endfacet
  facet normal -0.750526 -8.92206e-05 -0.660841
    outer loop
      vertex -17.4299 18.694 5.06271
      vertex -17.4724 12.4564 5.11182
      vertex -17.4957 18.694 5.13744
    endloop
  endfacet
  facet normal -0.732063 6.35241e-05 -0.681237
    outer loop
      vertex -17.4957 18.694 5.13744
      vertex -17.4724 12.4564 5.11182
      vertex -17.5279 12.4487 5.17146
    endloop
  endfacet
  facet normal -0.782473 -5.89769e-05 -0.622684
    outer loop
      vertex -17.3679 18.694 4.9848
      vertex -17.4193 12.4637 5.04998
      vertex -17.4299 18.694 5.06271
    endloop
  endfacet
  facet normal -0.758687 4.02776e-05 -0.651455
    outer loop
      vertex -17.4299 18.694 5.06271
      vertex -17.4193 12.4637 5.04998
      vertex -17.4724 12.4564 5.11182
    endloop
  endfacet
  facet normal -0.784851 -7.97811e-06 -0.619685
    outer loop
      vertex -17.3679 18.694 4.9848
      vertex -17.3688 12.4708 4.98602
      vertex -17.4193 12.4637 5.04998
    endloop
  endfacet
  facet normal -0.812238 -6.60646e-05 -0.583326
    outer loop
      vertex -17.3098 18.694 4.9039
      vertex -17.3209 12.4774 4.92006
      vertex -17.3679 18.694 4.9848
    endloop
  endfacet
  facet normal -0.80915 1.82538e-06 -0.587602
    outer loop
      vertex -17.3679 18.694 4.9848
      vertex -17.3209 12.4774 4.92006
      vertex -17.3688 12.4708 4.98602
    endloop
  endfacet
  facet normal -0.840724 -9.51626e-05 -0.541463
    outer loop
      vertex -17.2559 18.694 4.82021
      vertex -17.2758 12.4837 4.8522
      vertex -17.3098 18.694 4.9039
    endloop
  endfacet
  facet normal -0.832845 4.8242e-05 -0.553507
    outer loop
      vertex -17.3098 18.694 4.9039
      vertex -17.2758 12.4837 4.8522
      vertex -17.3209 12.4774 4.92006
    endloop
  endfacet
  facet normal -0.866085 -9.33559e-05 -0.499896
    outer loop
      vertex -17.2061 18.694 4.73393
      vertex -17.2335 12.4896 4.78256
      vertex -17.2559 18.694 4.82021
    endloop
  endfacet
  facet normal -0.854689 6.45698e-05 -0.519141
    outer loop
      vertex -17.2559 18.694 4.82021
      vertex -17.2335 12.4896 4.78256
      vertex -17.2758 12.4837 4.8522
    endloop
  endfacet
  facet normal -0.890455 -7.31513e-05 -0.455072
    outer loop
      vertex -17.1608 18.694 4.64529
      vertex -17.194 12.495 4.71125
      vertex -17.2061 18.694 4.73393
    endloop
  endfacet
  facet normal -0.874766 6.53028e-05 -0.484545
    outer loop
      vertex -17.2061 18.694 4.73393
      vertex -17.194 12.495 4.71125
      vertex -17.2335 12.4896 4.78256
    endloop
  endfacet
  facet normal -0.894059 2.19522e-05 -0.447949
    outer loop
      vertex -17.1608 18.694 4.64529
      vertex -17.1575 12.5001 4.6384
      vertex -17.194 12.495 4.71125
    endloop
  endfacet
  facet normal -0.911754 -3.44295e-05 -0.410736
    outer loop
      vertex -17.1199 18.694 4.5545
      vertex -17.124 12.5048 4.56412
      vertex -17.1608 18.694 4.64529
    endloop
  endfacet
  facet normal -0.911581 -2.8349e-05 -0.411121
    outer loop
      vertex -17.124 12.5048 4.56412
      vertex -17.1575 12.5001 4.6384
      vertex -17.1608 18.694 4.64529
    endloop
  endfacet
  facet normal -0.930826 -7.50555e-05 -0.365463
    outer loop
      vertex -17.0835 18.694 4.46179
      vertex -17.0935 12.509 4.48853
      vertex -17.1199 18.694 4.5545
    endloop
  endfacet
  facet normal -0.927356 3.2727e-05 -0.37418
    outer loop
      vertex -17.1199 18.694 4.5545
      vertex -17.0935 12.509 4.48853
      vertex -17.124 12.5048 4.56412
    endloop
  endfacet
  facet normal -0.948291 -0.000100915 -0.317403
    outer loop
      vertex -17.0519 18.694 4.36738
      vertex -17.0661 12.5128 4.41177
      vertex -17.0835 18.694 4.46179
    endloop
  endfacet
  facet normal -0.941799 6.92947e-05 -0.336178
    outer loop
      vertex -17.0835 18.694 4.46179
      vertex -17.0661 12.5128 4.41177
      vertex -17.0935 12.509 4.48853
    endloop
  endfacet
  facet normal -0.962809 -9.6464e-05 -0.270181
    outer loop
      vertex -17.025 18.694 4.27152
      vertex -17.0419 12.5162 4.33395
      vertex -17.0519 18.694 4.36738
    endloop
  endfacet
  facet normal -0.954895 6.11735e-05 -0.296945
    outer loop
      vertex -17.0519 18.694 4.36738
      vertex -17.0419 12.5162 4.33395
      vertex -17.0661 12.5128 4.41177
    endloop
  endfacet
  facet normal -0.974841 -5.85161e-05 -0.222901
    outer loop
      vertex -17.0028 18.694 4.17443
      vertex -17.0209 12.5191 4.25521
      vertex -17.025 18.694 4.27152
    endloop
  endfacet
  facet normal -0.966227 3.90975e-05 -0.257692
    outer loop
      vertex -17.025 18.694 4.27152
      vertex -17.0209 12.5191 4.25521
      vertex -17.0419 12.5162 4.33395
    endloop
  endfacet
  facet normal -0.975857 3.1986e-06 -0.218411
    outer loop
      vertex -17.0028 18.694 4.17443
      vertex -17.0031 12.5216 4.17568
      vertex -17.0209 12.5191 4.25521
    endloop
  endfacet
  facet normal -0.984963 -7.24231e-05 -0.172765
    outer loop
      vertex -16.9856 18.694 4.07637
      vertex -16.9885 12.5236 4.09549
      vertex -17.0028 18.694 4.17443
    endloop
  endfacet
  facet normal -0.983827 1.15425e-05 -0.179123
    outer loop
      vertex -17.0028 18.694 4.17443
      vertex -16.9885 12.5236 4.09549
      vertex -17.0031 12.5216 4.17568
    endloop
  endfacet
  facet normal -0.992218 -9.18187e-05 -0.124517
    outer loop
      vertex -16.9732 18.694 3.97756
      vertex -16.9773 12.5251 4.01478
      vertex -16.9856 18.694 4.07637
    endloop
  endfacet
  facet normal -0.990509 3.96116e-05 -0.137451
    outer loop
      vertex -16.9856 18.694 4.07637
      vertex -16.9773 12.5251 4.01478
      vertex -16.9885 12.5236 4.09549
    endloop
  endfacet
  facet normal -0.997234 -0.000101686 -0.074323
    outer loop
      vertex -16.9658 18.694 3.87827
      vertex -16.9693 12.5262 3.93367
      vertex -16.9732 18.694 3.97756
    endloop
  endfacet
  facet normal -0.995171 6.92019e-05 -0.0981543
    outer loop
      vertex -16.9732 18.694 3.97756
      vertex -16.9693 12.5262 3.93367
      vertex -16.9773 12.5251 4.01478
    endloop
  endfacet
  facet normal -0.999685 -7.24604e-05 -0.0251051
    outer loop
      vertex -16.9633 18.694 3.77872
      vertex -16.9648 12.5269 3.85625
      vertex -16.9658 18.694 3.87827
    endloop
  endfacet
  facet normal -0.998315 4.53084e-05 -0.0580262
    outer loop
      vertex -16.9658 18.694 3.87827
      vertex -16.9648 12.5269 3.85625
      vertex -16.9693 12.5262 3.93367
    endloop
  endfacet
  facet normal -0.999813 -0 -0.0193437
    outer loop
      vertex -16.9633 18.694 3.77872
      vertex -16.9633 12.5271 3.77872
      vertex -16.9648 12.5269 3.85625
    endloop
  endfacet
  facet normal -1 0 0
    outer loop
      vertex -16.6176 18.694 31.7
      vertex -16.6176 27.694 34.2555
      vertex -16.6176 27.694 31.7
    endloop
  endfacet
  facet normal -1 -0 0
    outer loop
      vertex -16.6176 27.694 34.2555
      vertex -16.6176 18.694 31.7
      vertex -16.6176 18.694 34.2555
    endloop
  endfacet
  facet normal -1 0 0
    outer loop
      vertex -16.8016 12.5495 31.7782
      vertex -16.8016 18.694 34.2555
      vertex -16.8016 18.694 31.7782
    endloop
  endfacet
  facet normal -1 -0 0
    outer loop
      vertex -16.8016 18.694 34.2555
      vertex -16.8016 12.5495 31.7782
      vertex -16.8016 12.5495 34.2555
    endloop
  endfacet
  facet normal -0.0244575 0 0.999701
    outer loop
      vertex -18.7035 18.694 29.7806
      vertex -18.8016 18.694 29.7782
      vertex -18.8016 12.2718 29.7782
    endloop
  endfacet
  facet normal -0.0733463 -1.19065e-05 0.997307
    outer loop
      vertex -18.7011 12.2857 29.7807
      vertex -18.6056 18.694 29.7878
      vertex -18.7035 18.694 29.7806
    endloop
  endfacet
  facet normal -0.0248688 6.28622e-06 0.999691
    outer loop
      vertex -18.7011 12.2857 29.7807
      vertex -18.7035 18.694 29.7806
      vertex -18.8016 12.2718 29.7782
    endloop
  endfacet
  facet normal -0.122279 -1.60953e-05 0.992496
    outer loop
      vertex -18.6007 12.2997 29.7883
      vertex -18.5082 18.694 29.7998
      vertex -18.6056 18.694 29.7878
    endloop
  endfacet
  facet normal -0.0754841 2.01276e-05 0.997147
    outer loop
      vertex -18.6007 12.2997 29.7883
      vertex -18.6056 18.694 29.7878
      vertex -18.7011 12.2857 29.7807
    endloop
  endfacet
  facet normal -0.171169 -2.59806e-05 0.985242
    outer loop
      vertex -18.5009 12.3135 29.8009
      vertex -18.4115 18.694 29.8166
      vertex -18.5082 18.694 29.7998
    endloop
  endfacet
  facet normal -0.125262 2.77289e-05 0.992124
    outer loop
      vertex -18.5009 12.3135 29.8009
      vertex -18.5082 18.694 29.7998
      vertex -18.6007 12.2997 29.7883
    endloop
  endfacet
  facet normal -0.218979 -3.90017e-05 0.97573
    outer loop
      vertex -18.4019 12.3273 29.8185
      vertex -18.3157 18.694 29.8381
      vertex -18.4115 18.694 29.8166
    endloop
  endfacet
  facet normal -0.175037 2.98912e-05 0.984562
    outer loop
      vertex -18.4019 12.3273 29.8185
      vertex -18.4115 18.694 29.8166
      vertex -18.5009 12.3135 29.8009
    endloop
  endfacet
  facet normal -0.266908 -4.48665e-05 0.963722
    outer loop
      vertex -18.3038 12.3409 29.8411
      vertex -18.2211 18.694 29.8643
      vertex -18.3157 18.694 29.8381
    endloop
  endfacet
  facet normal -0.224502 3.96417e-05 0.974474
    outer loop
      vertex -18.3038 12.3409 29.8411
      vertex -18.3157 18.694 29.8381
      vertex -18.4019 12.3273 29.8185
    endloop
  endfacet
  facet normal -0.313782 -5.38657e-05 0.949495
    outer loop
      vertex -18.207 12.3543 29.8686
      vertex -18.1279 18.694 29.8951
      vertex -18.2211 18.694 29.8643
    endloop
  endfacet
  facet normal -0.273283 4.46437e-05 0.961934
    outer loop
      vertex -18.207 12.3543 29.8686
      vertex -18.2211 18.694 29.8643
      vertex -18.3038 12.3409 29.8411
    endloop
  endfacet
  facet normal -0.321 4.62923e-05 0.947079
    outer loop
      vertex -18.1117 12.3676 29.9009
      vertex -18.1279 18.694 29.8951
      vertex -18.207 12.3543 29.8686
    endloop
  endfacet
  facet normal -0.359593 -6.5342e-05 0.933109
    outer loop
      vertex -18.1117 12.3676 29.9009
      vertex -18.0363 18.694 29.9304
      vertex -18.1279 18.694 29.8951
    endloop
  endfacet
  facet normal -0.368826 6.15271e-05 0.929499
    outer loop
      vertex -18.0182 12.3806 29.938
      vertex -18.0363 18.694 29.9304
      vertex -18.1117 12.3676 29.9009
    endloop
  endfacet
  facet normal -0.405194 -6.11161e-05 0.914231
    outer loop
      vertex -18.0182 12.3806 29.938
      vertex -17.9465 18.694 29.9702
      vertex -18.0363 18.694 29.9304
    endloop
  endfacet
  facet normal -0.44925 -6.47211e-05 0.893406
    outer loop
      vertex -17.9267 12.3933 29.9797
      vertex -17.8588 18.694 30.0143
      vertex -17.9465 18.694 29.9702
    endloop
  endfacet
  facet normal -0.41471 6.87712e-05 0.909954
    outer loop
      vertex -17.9267 12.3933 29.9797
      vertex -17.9465 18.694 29.9702
      vertex -18.0182 12.3806 29.938
    endloop
  endfacet
  facet normal -0.458227 5.71267e-05 0.888835
    outer loop
      vertex -17.8462 12.4045 30.0212
      vertex -17.8588 18.694 30.0143
      vertex -17.9267 12.3933 29.9797
    endloop
  endfacet
  facet normal -0.493064 -3.3334e-05 0.869993
    outer loop
      vertex -17.8462 12.4045 30.0212
      vertex -17.7734 18.694 30.0627
      vertex -17.8588 18.694 30.0143
    endloop
  endfacet
  facet normal -0.495611 5.70456e-06 0.868545
    outer loop
      vertex -17.7754 12.4143 30.0616
      vertex -17.7734 18.694 30.0627
      vertex -17.8462 12.4045 30.0212
    endloop
  endfacet
  facet normal -0.535028 -5.30834e-05 0.844834
    outer loop
      vertex -17.7063 12.4239 30.1048
      vertex -17.6905 18.694 30.1152
      vertex -17.7734 18.694 30.0627
    endloop
  endfacet
  facet normal -0.530111 2.03038e-05 0.847928
    outer loop
      vertex -17.7063 12.4239 30.1048
      vertex -17.7734 18.694 30.0627
      vertex -17.7754 12.4143 30.0616
    endloop
  endfacet
  facet normal -0.576124 -9.1403e-05 0.817363
    outer loop
      vertex -17.639 12.4332 30.1508
      vertex -17.6102 18.694 30.1718
      vertex -17.6905 18.694 30.1152
    endloop
  endfacet
  facet normal -0.564293 5.26075e-05 0.825575
    outer loop
      vertex -17.639 12.4332 30.1508
      vertex -17.6905 18.694 30.1152
      vertex -17.7063 12.4239 30.1048
    endloop
  endfacet
  facet normal -0.615703 -0.000103361 0.787978
    outer loop
      vertex -17.5737 12.4423 30.1995
      vertex -17.5329 18.694 30.2322
      vertex -17.6102 18.694 30.1718
    endloop
  endfacet
  facet normal -0.597843 6.13323e-05 0.801613
    outer loop
      vertex -17.5737 12.4423 30.1995
      vertex -17.6102 18.694 30.1718
      vertex -17.639 12.4332 30.1508
    endloop
  endfacet
  facet normal -0.652718 -8.31373e-05 0.757601
    outer loop
      vertex -17.5104 12.4511 30.2509
      vertex -17.4585 18.694 30.2963
      vertex -17.5329 18.694 30.2322
    endloop
  endfacet
  facet normal -0.630366 5.34256e-05 0.776298
    outer loop
      vertex -17.5104 12.4511 30.2509
      vertex -17.5329 18.694 30.2322
      vertex -17.5737 12.4423 30.1995
    endloop
  endfacet
  facet normal -0.689579 -5.28863e-05 0.724211
    outer loop
      vertex -17.4492 12.4596 30.3047
      vertex -17.3874 18.694 30.364
      vertex -17.4585 18.694 30.2963
    endloop
  endfacet
  facet normal -0.660243 2.70409e-05 0.751052
    outer loop
      vertex -17.4492 12.4596 30.3047
      vertex -17.4585 18.694 30.2963
      vertex -17.5104 12.4511 30.2509
    endloop
  endfacet
  facet normal -0.691611 -1.428e-05 0.72227
    outer loop
      vertex -17.3903 12.4678 30.3611
      vertex -17.3874 18.694 30.364
      vertex -17.4492 12.4596 30.3047
    endloop
  endfacet
  facet normal -0.724211 -6.56351e-05 0.689579
    outer loop
      vertex -17.3338 12.4756 30.4197
      vertex -17.3197 18.694 30.4351
      vertex -17.3874 18.694 30.364
    endloop
  endfacet
  facet normal -0.719889 1.20168e-05 0.694089
    outer loop
      vertex -17.3338 12.4756 30.4197
      vertex -17.3874 18.694 30.364
      vertex -17.3903 12.4678 30.3611
    endloop
  endfacet
  facet normal -0.757167 -9.26544e-05 0.653222
    outer loop
      vertex -17.2796 12.4831 30.4807
      vertex -17.2556 18.694 30.5094
      vertex -17.3197 18.694 30.4351
    endloop
  endfacet
  facet normal -0.747548 5.01116e-05 0.664208
    outer loop
      vertex -17.2796 12.4831 30.4807
      vertex -17.3197 18.694 30.4351
      vertex -17.3338 12.4756 30.4197
    endloop
  endfacet
  facet normal -0.788364 -9.60157e-05 0.615209
    outer loop
      vertex -17.228 12.4903 30.5438
      vertex -17.1952 18.694 30.5868
      vertex -17.2556 18.694 30.5094
    endloop
  endfacet
  facet normal -0.774125 6.6167e-05 0.633033
    outer loop
      vertex -17.228 12.4903 30.5438
      vertex -17.2556 18.694 30.5094
      vertex -17.2796 12.4831 30.4807
    endloop
  endfacet
  facet normal -0.817504 -7.00237e-05 0.575923
    outer loop
      vertex -17.1791 12.4971 30.6089
      vertex -17.1387 18.694 30.667
      vertex -17.1952 18.694 30.5868
    endloop
  endfacet
  facet normal -0.799561 6.45484e-05 0.600585
    outer loop
      vertex -17.1791 12.4971 30.6089
      vertex -17.1952 18.694 30.5868
      vertex -17.228 12.4903 30.5438
    endloop
  endfacet
  facet normal -0.845126 -2.82908e-05 0.534568
    outer loop
      vertex -17.1328 12.5035 30.676
      vertex -17.0862 18.694 30.75
      vertex -17.1387 18.694 30.667
    endloop
  endfacet
  facet normal -0.823076 4.12291e-05 0.567931
    outer loop
      vertex -17.1328 12.5035 30.676
      vertex -17.1387 18.694 30.667
      vertex -17.1791 12.4971 30.6089
    endloop
  endfacet
  facet normal -0.845021 -3.10581e-05 0.534733
    outer loop
      vertex -17.0892 12.5096 30.7449
      vertex -17.0862 18.694 30.75
      vertex -17.1328 12.5035 30.676
    endloop
  endfacet
  facet normal -0.869993 -6.73348e-05 0.493064
    outer loop
      vertex -17.0486 12.5152 30.8155
      vertex -17.0378 18.694 30.8354
      vertex -17.0862 18.694 30.75
    endloop
  endfacet
  facet normal -0.86688 9.4116e-06 0.498517
    outer loop
      vertex -17.0486 12.5152 30.8155
      vertex -17.0862 18.694 30.75
      vertex -17.0892 12.5096 30.7449
    endloop
  endfacet
  facet normal -0.893406 -0.000101433 0.44925
    outer loop
      vertex -17.0108 12.5205 30.8877
      vertex -16.9937 18.694 30.9231
      vertex -17.0378 18.694 30.8354
    endloop
  endfacet
  facet normal -0.885929 5.47047e-05 0.46382
    outer loop
      vertex -17.0108 12.5205 30.8877
      vertex -17.0378 18.694 30.8354
      vertex -17.0486 12.5152 30.8155
    endloop
  endfacet
  facet normal -0.914063 -0.000104649 0.405571
    outer loop
      vertex -16.976 12.5253 30.9614
      vertex -16.9539 18.694 31.0128
      vertex -16.9937 18.694 30.9231
    endloop
  endfacet
  facet normal -0.904263 5.63652e-05 0.426975
    outer loop
      vertex -16.976 12.5253 30.9614
      vertex -16.9937 18.694 30.9231
      vertex -17.0108 12.5205 30.8877
    endloop
  endfacet
  facet normal -0.933109 -7.06463e-05 0.359593
    outer loop
      vertex -16.9443 12.5297 31.0365
      vertex -16.9186 18.694 31.1044
      vertex -16.9539 18.694 31.0128
    endloop
  endfacet
  facet normal -0.92129 6.03458e-05 0.388876
    outer loop
      vertex -16.9443 12.5297 31.0365
      vertex -16.9539 18.694 31.0128
      vertex -16.976 12.5253 30.9614
    endloop
  endfacet
  facet normal -0.949495 -3.45307e-05 0.313782
    outer loop
      vertex -16.9156 12.5337 31.1128
      vertex -16.8878 18.694 31.1976
      vertex -16.9186 18.694 31.1044
    endloop
  endfacet
  facet normal -0.935976 2.42524e-05 0.352063
    outer loop
      vertex -16.9156 12.5337 31.1128
      vertex -16.9186 18.694 31.1044
      vertex -16.9443 12.5297 31.0365
    endloop
  endfacet
  facet normal -0.949416 -3.81757e-05 0.314021
    outer loop
      vertex -16.89 12.5373 31.1902
      vertex -16.8878 18.694 31.1976
      vertex -16.9156 12.5337 31.1128
    endloop
  endfacet
  facet normal -0.963722 -7.26437e-05 0.266908
    outer loop
      vertex -16.8677 12.5404 31.2685
      vertex -16.8616 18.694 31.2922
      vertex -16.8878 18.694 31.1976
    endloop
  endfacet
  facet normal -0.961756 1.44449e-05 0.273909
    outer loop
      vertex -16.8677 12.5404 31.2685
      vertex -16.8878 18.694 31.1976
      vertex -16.89 12.5373 31.1902
    endloop
  endfacet
  facet normal -0.97573 -0.000102215 0.218979
    outer loop
      vertex -16.8485 12.543 31.3477
      vertex -16.8401 18.694 31.388
      vertex -16.8616 18.694 31.2922
    endloop
  endfacet
  facet normal -0.971851 5.60012e-05 0.235598
    outer loop
      vertex -16.8485 12.543 31.3477
      vertex -16.8616 18.694 31.2922
      vertex -16.8677 12.5404 31.2685
    endloop
  endfacet
  facet normal -0.985242 -9.65873e-05 0.171169
    outer loop
      vertex -16.8326 12.5452 31.4277
      vertex -16.8233 18.694 31.4847
      vertex -16.8401 18.694 31.388
    endloop
  endfacet
  facet normal -0.980816 6.2259e-05 0.194935
    outer loop
      vertex -16.8326 12.5452 31.4277
      vertex -16.8401 18.694 31.388
      vertex -16.8485 12.543 31.3477
    endloop
  endfacet
  facet normal -0.992496 -8.14926e-05 0.122279
    outer loop
      vertex -16.8199 12.547 31.5082
      vertex -16.8113 18.694 31.5821
      vertex -16.8233 18.694 31.4847
    endloop
  endfacet
  facet normal -0.987783 4.94015e-05 0.155835
    outer loop
      vertex -16.8199 12.547 31.5082
      vertex -16.8233 18.694 31.4847
      vertex -16.8326 12.5452 31.4277
    endloop
  endfacet
  facet normal -0.993457 1.69241e-05 0.114204
    outer loop
      vertex -16.8106 12.5483 31.5891
      vertex -16.8113 18.694 31.5821
      vertex -16.8199 12.547 31.5082
    endloop
  endfacet
  facet normal -0.997197 -2.83601e-05 0.0748207
    outer loop
      vertex -16.8106 12.5483 31.5891
      vertex -16.8045 12.5491 31.6704
      vertex -16.8113 18.694 31.5821
    endloop
  endfacet
  facet normal -0.997307 -4.96676e-05 0.0733463
    outer loop
      vertex -16.8045 12.5491 31.6704
      vertex -16.8041 18.694 31.68
      vertex -16.8113 18.694 31.5821
    endloop
  endfacet
  facet normal -0.999242 4.22376e-06 0.0389315
    outer loop
      vertex -16.8024 12.5494 31.7243
      vertex -16.8041 18.694 31.68
      vertex -16.8045 12.5491 31.6704
    endloop
  endfacet
  facet normal -0.999676 -9.30922e-05 0.02545
    outer loop
      vertex -16.8024 12.5494 31.7243
      vertex -16.8016 18.694 31.7782
      vertex -16.8041 18.694 31.68
    endloop
  endfacet
  facet normal -0.99989 0 0.0148407
    outer loop
      vertex -16.8016 12.5495 31.7782
      vertex -16.8016 18.694 31.7782
      vertex -16.8024 12.5494 31.7243
    endloop
  endfacet
  facet normal -0 0 1
    outer loop
      vertex -18.8201 18.694 29.7782
      vertex -18.8016 12.2718 29.7782
      vertex -18.8016 18.694 29.7782
    endloop
  endfacet
  facet normal 0 0 1
    outer loop
      vertex -18.8016 12.2718 29.7782
      vertex -18.8201 18.694 29.7782
      vertex -18.8201 12.2692 29.7782
    endloop
  endfacet
  facet normal -0.884918 0 0.465746
    outer loop
      vertex -18.8201 12.2692 29.7782
      vertex -18.8201 18.694 29.7782
      vertex -18.8241 18.694 29.7706
    endloop
  endfacet
  facet normal -0.884918 -1.63094e-16 0.465746
    outer loop
      vertex -18.8231 12.2688 29.7725
      vertex -18.8201 12.2692 29.7782
      vertex -18.8241 18.694 29.7706
    endloop
  endfacet
  facet normal -0.88148 2.44979e-06 0.472221
    outer loop
      vertex -18.8231 12.2688 29.7725
      vertex -18.8241 18.694 29.7706
      vertex -18.8261 12.2684 29.7669
    endloop
  endfacet
  facet normal -0.884918 -8.59492e-18 0.465746
    outer loop
      vertex -18.8261 12.2684 29.7669
      vertex -18.8281 18.694 29.7631
      vertex -18.8291 12.2679 29.7612
    endloop
  endfacet
  facet normal -0.882353 3.66182e-06 0.470588
    outer loop
      vertex -18.8261 12.2684 29.7669
      vertex -18.8241 18.694 29.7706
      vertex -18.8281 18.694 29.7631
    endloop
  endfacet
  facet normal -0.884918 0 0.465746
    outer loop
      vertex -18.8291 12.2679 29.7612
      vertex -18.8321 18.694 29.7555
      vertex -18.8321 12.2675 29.7555
    endloop
  endfacet
  facet normal -0.884918 -7.08141e-17 0.465746
    outer loop
      vertex -18.8291 12.2679 29.7612
      vertex -18.8281 18.694 29.7631
      vertex -18.8321 18.694 29.7555
    endloop
  endfacet
  facet normal -0.187961 0 0.982176
    outer loop
      vertex -18.8321 12.2675 29.7555
      vertex -18.8321 18.694 29.7555
      vertex -20.916 18.694 29.3567
    endloop
  endfacet
  facet normal -0.187907 1.83148e-05 0.982187
    outer loop
      vertex -18.8321 12.2675 29.7555
      vertex -20.916 18.694 29.3567
      vertex -20.9177 11.9779 29.3565
    endloop
  endfacet
  facet normal -0.155688 5.05666e-06 0.987806
    outer loop
      vertex -20.9177 11.9779 29.3565
      vertex -23.0119 18.694 29.0264
      vertex -23.0153 11.6865 29.0259
    endloop
  endfacet
  facet normal -0.155672 9.98807e-06 0.987809
    outer loop
      vertex -20.9177 11.9779 29.3565
      vertex -20.916 18.694 29.3567
      vertex -23.0119 18.694 29.0264
    endloop
  endfacet
  facet normal -0.123208 4.21044e-06 0.992381
    outer loop
      vertex -23.8862 14.5894 28.9178
      vertex -25.1176 18.694 28.7649
      vertex -25.1193 16.087 28.7647
    endloop
  endfacet
  facet normal -0.123169 2.51528e-05 0.992386
    outer loop
      vertex -24.1382 12.9609 28.8865
      vertex -23.0153 11.6865 29.0259
      vertex -23.5612 13.5063 28.9581
    endloop
  endfacet
  facet normal -0.123173 2.14029e-05 0.992385
    outer loop
      vertex -25.1221 12.0307 28.7644
      vertex -23.0153 11.6865 29.0259
      vertex -24.1382 12.9609 28.8865
    endloop
  endfacet
  facet normal -0.123186 -5.9107e-05 0.992384
    outer loop
      vertex -23.0153 11.6865 29.0259
      vertex -25.1221 12.0307 28.7644
      vertex -25.1226 11.3938 28.7643
    endloop
  endfacet
  facet normal -0.123099 -1.10824e-05 0.992394
    outer loop
      vertex -23.0119 18.694 29.0264
      vertex -23.3178 13.7365 28.9884
      vertex -23.0153 11.6865 29.0259
    endloop
  endfacet
  facet normal -0.123307 1.94707e-06 0.992369
    outer loop
      vertex -23.0119 18.694 29.0264
      vertex -23.6719 14.3292 28.9444
      vertex -23.3178 13.7365 28.9884
    endloop
  endfacet
  facet normal -0.123198 -1.48798e-05 0.992382
    outer loop
      vertex -23.0119 18.694 29.0264
      vertex -23.8862 14.5894 28.9178
      vertex -23.6719 14.3292 28.9444
    endloop
  endfacet
  facet normal -0.12324 -5.69152e-06 0.992377
    outer loop
      vertex -23.8862 14.5894 28.9178
      vertex -23.0119 18.694 29.0264
      vertex -25.1176 18.694 28.7649
    endloop
  endfacet
  facet normal -0.123471 -6.67551e-05 0.992348
    outer loop
      vertex -23.0153 11.6865 29.0259
      vertex -23.3178 13.7365 28.9884
      vertex -23.5612 13.5063 28.9581
    endloop
  endfacet
  facet normal -0.119145 0 0.992877
    outer loop
      vertex -25.1176 18.694 28.7649
      vertex -25.1176 23.194 28.7649
      vertex -25.1201 23.1916 28.7646
    endloop
  endfacet
  facet normal -0.0830656 2.02995e-05 0.996544
    outer loop
      vertex -25.1176 18.694 28.7649
      vertex -25.1201 23.1916 28.7646
      vertex -25.1213 23.1904 28.7645
    endloop
  endfacet
  facet normal -0.152024 -3.71713e-05 0.988377
    outer loop
      vertex -25.1176 18.694 28.7649
      vertex -25.1213 23.1904 28.7645
      vertex -25.1226 23.1892 28.7643
    endloop
  endfacet
  facet normal -0.119145 0 0.992877
    outer loop
      vertex -25.1226 16.0908 28.7643
      vertex -25.1176 18.694 28.7649
      vertex -25.1226 23.1892 28.7643
    endloop
  endfacet
  facet normal -0.120329 2.30612e-06 0.992734
    outer loop
      vertex -25.1176 18.694 28.7649
      vertex -25.1226 16.0908 28.7643
      vertex -25.1193 16.087 28.7647
    endloop
  endfacet
  facet normal -0.196116 0 0.980581
    outer loop
      vertex -25.1221 12.0307 28.7644
      vertex -25.1226 12.0303 28.7643
      vertex -25.1226 11.3938 28.7643
    endloop
  endfacet
  facet normal 1 -0 0
    outer loop
      vertex -25.1176 18.694 28.7649
      vertex -25.1176 23.194 6.55234
      vertex -25.1176 23.194 28.7649
    endloop
  endfacet
  facet normal 1 0 0
    outer loop
      vertex -25.1176 23.194 6.55234
      vertex -25.1176 18.694 28.7649
      vertex -25.1176 18.694 6.55234
    endloop
  endfacet
  facet normal 0.993777 0 -0.111384
    outer loop
      vertex -25.0714 16.1374 6.8912
      vertex -25.0841 18.694 6.77789
      vertex -25.0714 18.694 6.8912
    endloop
  endfacet
  facet normal 0.99371 -2.68963e-05 -0.111984
    outer loop
      vertex -25.0841 18.694 6.77789
      vertex -25.0714 16.1374 6.8912
      vertex -25.0795 16.0252 6.81935
    endloop
  endfacet
  facet normal 0.993557 0 -0.113333
    outer loop
      vertex -25.0714 12.0787 6.8912
      vertex -25.0714 11.401 6.8912
      vertex -25.0726 12.0775 6.88068
    endloop
  endfacet
  facet normal 0.992406 -0.000200384 -0.123007
    outer loop
      vertex -25.0841 18.694 6.77789
      vertex -25.0795 16.0252 6.81935
      vertex -25.09 15.8944 6.73485
    endloop
  endfacet
  facet normal 0.992405 -0.000152605 -0.123016
    outer loop
      vertex -25.0714 11.401 6.8912
      vertex -25.098 12.0535 6.6758
      vertex -25.0726 12.0775 6.88068
    endloop
  endfacet
  facet normal 0.992379 -0.000222428 -0.123224
    outer loop
      vertex -25.098 12.0535 6.6758
      vertex -25.0714 11.401 6.8912
      vertex -25.0994 11.3971 6.66571
    endloop
  endfacet
  facet normal 0.990836 -1.16136e-05 -0.13507
    outer loop
      vertex -25.09 15.8944 6.73485
      vertex -25.0995 18.694 6.66492
      vertex -25.0841 18.694 6.77789
    endloop
  endfacet
  facet normal 0.990821 -1.4418e-05 -0.13518
    outer loop
      vertex -25.0995 18.694 6.66492
      vertex -25.09 15.8944 6.73485
      vertex -25.0995 15.7875 6.66523
    endloop
  endfacet
  facet normal 0.99064 -1.45859e-05 -0.136504
    outer loop
      vertex -25.098 12.0535 6.6758
      vertex -25.0994 11.3971 6.66571
      vertex -25.0994 12.0522 6.66564
    endloop
  endfacet
  facet normal 0.985625 -0.000166103 -0.168948
    outer loop
      vertex -25.1176 18.694 6.55234
      vertex -25.1101 15.6875 6.59905
      vertex -25.1263 15.5462 6.50468
    endloop
  endfacet
  facet normal 0.985486 -0.00022642 -0.169758
    outer loop
      vertex -25.0994 11.3971 6.66571
      vertex -25.1362 12.0174 6.45125
      vertex -25.101 12.0506 6.65555
    endloop
  endfacet
  facet normal 0.98554 -0.000113189 -0.16944
    outer loop
      vertex -25.1362 12.0174 6.45125
      vertex -25.0994 11.3971 6.66571
      vertex -25.1379 11.3917 6.44178
    endloop
  endfacet
  facet normal 0.987321 -1.69304e-05 -0.158736
    outer loop
      vertex -25.0995 15.7875 6.66523
      vertex -25.1176 18.694 6.55234
      vertex -25.0995 18.694 6.66492
    endloop
  endfacet
  facet normal 0.987413 5.93492e-06 -0.158162
    outer loop
      vertex -25.1176 18.694 6.55234
      vertex -25.0995 15.7875 6.66523
      vertex -25.1101 15.6875 6.59905
    endloop
  endfacet
  facet normal 0.98766 -1.67348e-05 -0.156613
    outer loop
      vertex -25.0994 12.0522 6.66564
      vertex -25.0994 11.3971 6.66571
      vertex -25.101 12.0506 6.65555
    endloop
  endfacet
  facet normal 0.976457 0.000567248 -0.21571
    outer loop
      vertex -25.1176 18.694 6.55234
      vertex -25.1263 15.5462 6.50468
      vertex -25.1488 15.3982 6.40244
    endloop
  endfacet
  facet normal 0.976512 0.000607913 -0.215464
    outer loop
      vertex -25.1379 11.3917 6.44178
      vertex -25.1813 11.9747 6.24673
      vertex -25.1362 12.0174 6.45125
    endloop
  endfacet
  facet normal 0.976468 0.00053905 -0.21566
    outer loop
      vertex -25.1813 11.9747 6.24673
      vertex -25.1379 11.3917 6.44178
      vertex -25.1869 11.3849 6.2199
    endloop
  endfacet
  facet normal 0.983554 0 -0.180612
    outer loop
      vertex -25.1176 23.194 6.55234
      vertex -25.1176 18.694 6.55234
      vertex -25.1373 23.1753 6.44506
    endloop
  endfacet
  facet normal 0.980059 -0.000240147 -0.198708
    outer loop
      vertex -25.1663 15.2719 6.31628
      vertex -25.1176 18.694 6.55234
      vertex -25.1488 15.3982 6.40244
    endloop
  endfacet
  facet normal 0.980193 -0.000287795 -0.198045
    outer loop
      vertex -25.1788 14.875 6.25499
      vertex -25.1176 18.694 6.55234
      vertex -25.1663 15.2719 6.31628
    endloop
  endfacet
  facet normal 0.980209 -0.000294415 -0.197963
    outer loop
      vertex -25.1176 18.694 6.55234
      vertex -25.1788 14.875 6.25499
      vertex -25.1595 23.1544 6.33824
    endloop
  endfacet
  facet normal 0.979566 -0.000151618 -0.201124
    outer loop
      vertex -25.1856 11.9707 6.22579
      vertex -25.1813 11.9747 6.24673
      vertex -25.1869 11.3849 6.2199
    endloop
  endfacet
  facet normal 0.979101 -0.000564458 -0.203373
    outer loop
      vertex -25.1373 23.1753 6.44506
      vertex -25.1176 18.694 6.55234
      vertex -25.1595 23.1544 6.33824
    endloop
  endfacet
  facet normal 0.965261 2.53023e-05 -0.261287
    outer loop
      vertex -25.1869 11.3849 6.2199
      vertex -25.2441 11.9154 6.00864
      vertex -25.1875 11.9689 6.21774
    endloop
  endfacet
  facet normal 0.965229 -2.58949e-05 -0.261407
    outer loop
      vertex -25.2441 11.9154 6.00864
      vertex -25.1869 11.3849 6.2199
      vertex -25.2463 11.3767 6.00057
    endloop
  endfacet
  facet normal 0.965244 -7.624e-05 -0.261349
    outer loop
      vertex -25.1978 23.1181 6.17641
      vertex -25.1899 14.5729 6.20808
      vertex -25.2378 13.4418 6.0315
    endloop
  endfacet
  facet normal 0.971653 0.00012388 -0.23641
    outer loop
      vertex -25.1856 11.9707 6.22555
      vertex -25.1869 11.3849 6.2199
      vertex -25.1875 11.9689 6.21774
    endloop
  endfacet
  facet normal 0.999998 -0.00221918 0
    outer loop
      vertex -25.1869 11.3849 6.2199
      vertex -25.1856 11.9707 6.22555
      vertex -25.1856 11.9707 6.22579
    endloop
  endfacet
  facet normal 0.973116 4.74288e-05 -0.230316
    outer loop
      vertex -25.1788 14.875 6.25499
      vertex -25.1978 23.1181 6.17641
      vertex -25.1595 23.1544 6.33824
    endloop
  endfacet
  facet normal 0.973063 4.517e-05 -0.23054
    outer loop
      vertex -25.1978 23.1181 6.17641
      vertex -25.1788 14.875 6.25499
      vertex -25.1899 14.5729 6.20808
    endloop
  endfacet
  facet normal 0.965006 -1.27055e-05 -0.262227
    outer loop
      vertex -25.2461 11.9135 6.00128
      vertex -25.2441 11.9154 6.00864
      vertex -25.2463 11.3767 6.00057
    endloop
  endfacet
  facet normal 0.964384 -2.54218e-05 -0.264505
    outer loop
      vertex -25.2378 13.4418 6.0315
      vertex -25.2418 23.0765 6.01599
      vertex -25.1978 23.1181 6.17641
    endloop
  endfacet
  facet normal 0.964452 -2.49984e-05 -0.264259
    outer loop
      vertex -25.2418 23.0765 6.01599
      vertex -25.2378 13.4418 6.0315
      vertex -25.2456 13.2597 6.00305
    endloop
  endfacet
  facet normal 0.954477 3.89117e-05 -0.298286
    outer loop
      vertex -25.2461 11.9135 6.00128
      vertex -25.2463 11.3767 6.00057
      vertex -25.2465 11.9131 6
    endloop
  endfacet
  facet normal 0.954873 2.18852e-05 -0.297014
    outer loop
      vertex -25.2456 13.2597 6.00305
      vertex -25.2912 23.0298 5.85717
      vertex -25.2418 23.0765 6.01599
    endloop
  endfacet
  facet normal 0.958719 0.000228831 -0.284356
    outer loop
      vertex -25.2465 13.2403 6
      vertex -25.2912 23.0298 5.85717
      vertex -25.2456 13.2597 6.00305
    endloop
  endfacet
  facet normal 0.954355 0 -0.298674
    outer loop
      vertex -25.2465 11.9131 6
      vertex -25.2912 23.0298 5.85717
      vertex -25.2465 13.2403 6
    endloop
  endfacet
  facet normal 0.955281 4.19616e-05 -0.295698
    outer loop
      vertex -25.2912 23.0298 5.85717
      vertex -25.2465 11.9131 6
      vertex -25.2463 11.3767 6.00057
    endloop
  endfacet
  facet normal 0.951938 -0.000101276 -0.306291
    outer loop
      vertex -25.2912 23.0298 5.85717
      vertex -25.2463 11.3767 6.00057
      vertex -25.3159 11.367 5.78426
    endloop
  endfacet
  facet normal 0.944153 6.03527e-05 -0.329508
    outer loop
      vertex -25.2912 23.0298 5.85717
      vertex -25.3159 11.367 5.78426
      vertex -25.346 22.978 5.70014
    endloop
  endfacet
  facet normal 0.93662 -0.000110144 -0.350347
    outer loop
      vertex -25.346 22.978 5.70014
      vertex -25.3159 11.367 5.78426
      vertex -25.3955 11.3559 5.57146
    endloop
  endfacet
  facet normal 0.918991 -4.87587e-05 -0.394278
    outer loop
      vertex -25.4062 22.9211 5.54509
      vertex -25.3955 11.3559 5.57146
      vertex -25.4851 11.3435 5.36262
    endloop
  endfacet
  facet normal 0.932197 3.71703e-05 -0.36195
    outer loop
      vertex -25.346 22.978 5.70014
      vertex -25.3955 11.3559 5.57146
      vertex -25.4062 22.9211 5.54509
    endloop
  endfacet
  facet normal 0.918453 -2.53672e-05 -0.39553
    outer loop
      vertex -25.4793 22.852 5.37535
      vertex -25.4062 22.9211 5.54509
      vertex -25.4851 11.3435 5.36262
    endloop
  endfacet
  facet normal 0.899657 -6.21344e-05 -0.436598
    outer loop
      vertex -25.568 22.7681 5.19017
      vertex -25.4851 11.3435 5.36262
      vertex -25.5843 11.3297 5.15821
    endloop
  endfacet
  facet normal 0.901873 2.33323e-05 -0.432002
    outer loop
      vertex -25.4793 22.852 5.37535
      vertex -25.4851 11.3435 5.36262
      vertex -25.568 22.7681 5.19017
    endloop
  endfacet
  facet normal 0.878147 -8.78023e-05 -0.478391
    outer loop
      vertex -25.6645 22.6769 5.00891
      vertex -25.5843 11.3297 5.15821
      vertex -25.693 11.3146 4.95868
    endloop
  endfacet
  facet normal 0.882689 5.52539e-05 -0.469958
    outer loop
      vertex -25.568 22.7681 5.19017
      vertex -25.5843 11.3297 5.15821
      vertex -25.6645 22.6769 5.00891
    endloop
  endfacet
  facet normal 0.861953 7.92455e-05 -0.506989
    outer loop
      vertex -25.6645 22.6769 5.00891
      vertex -25.693 11.3146 4.95868
      vertex -25.7686 22.5785 4.83191
    endloop
  endfacet
  facet normal 0.854829 -0.000102728 -0.51891
    outer loop
      vertex -25.7686 22.5785 4.83191
      vertex -25.693 11.3146 4.95868
      vertex -25.8109 11.2982 4.76446
    endloop
  endfacet
  facet normal 0.829297 -0.000114221 -0.558809
    outer loop
      vertex -25.8801 22.4731 4.65948
      vertex -25.8109 11.2982 4.76446
      vertex -25.9379 11.2806 4.57599
    endloop
  endfacet
  facet normal 0.839703 9.83083e-05 -0.543045
    outer loop
      vertex -25.7686 22.5785 4.83191
      vertex -25.8109 11.2982 4.76446
      vertex -25.8801 22.4731 4.65948
    endloop
  endfacet
  facet normal 0.802392 -0.000117427 -0.596797
    outer loop
      vertex -25.9988 22.3609 4.49193
      vertex -25.9379 11.2806 4.57599
      vertex -26.0735 11.2618 4.39368
    endloop
  endfacet
  facet normal 0.81595 9.87714e-05 -0.578122
    outer loop
      vertex -25.8801 22.4731 4.65948
      vertex -25.9379 11.2806 4.57599
      vertex -25.9988 22.3609 4.49193
    endloop
  endfacet
  facet normal 0.773522 -0.000115206 -0.633769
    outer loop
      vertex -26.1244 22.242 4.32956
      vertex -26.0735 11.2618 4.39368
      vertex -26.2175 11.2418 4.21793
    endloop
  endfacet
  facet normal 0.79094 9.32799e-05 -0.611894
    outer loop
      vertex -25.9988 22.3609 4.49193
      vertex -26.0735 11.2618 4.39368
      vertex -26.1244 22.242 4.32956
    endloop
  endfacet
  facet normal 0.742906 -9.43775e-05 -0.669396
    outer loop
      vertex -26.2569 22.1168 4.17267
      vertex -26.2175 11.2418 4.21793
      vertex -26.3696 11.2206 4.04913
    endloop
  endfacet
  facet normal 0.763961 8.23457e-05 -0.645262
    outer loop
      vertex -26.1244 22.242 4.32956
      vertex -26.2175 11.2418 4.21793
      vertex -26.2569 22.1168 4.17267
    endloop
  endfacet
  facet normal 0.710581 -9.90433e-05 -0.703615
    outer loop
      vertex -26.4117 21.9704 4.0051
      vertex -26.3696 11.2206 4.04913
      vertex -26.5295 11.1984 3.88765
    endloop
  endfacet
  facet normal 0.734499 9.70452e-05 -0.67861
    outer loop
      vertex -26.2569 22.1168 4.17267
      vertex -26.3696 11.2206 4.04913
      vertex -26.4117 21.9704 4.0051
    endloop
  endfacet
  facet normal 0.677032 -0.000119956 -0.735953
    outer loop
      vertex -26.5928 21.7992 3.82769
      vertex -26.5295 11.1984 3.88765
      vertex -26.6967 11.1752 3.73384
    endloop
  endfacet
  facet normal 0.699725 0.000137394 -0.714412
    outer loop
      vertex -26.4117 21.9704 4.0051
      vertex -26.5295 11.1984 3.88765
      vertex -26.5928 21.7992 3.82769
    endloop
  endfacet
  facet normal 0.641622 -0.000126513 -0.767021
    outer loop
      vertex -26.7829 21.6195 3.66001
      vertex -26.6967 11.1752 3.73384
      vertex -26.871 11.151 3.58804
    endloop
  endfacet
  facet normal 0.661415 0.000157029 -0.75002
    outer loop
      vertex -26.5928 21.7992 3.82769
      vertex -26.6967 11.1752 3.73384
      vertex -26.7829 21.6195 3.66001
    endloop
  endfacet
  facet normal 0.605027 -0.000122544 -0.796205
    outer loop
      vertex -26.9815 21.4317 3.50249
      vertex -26.871 11.151 3.58804
      vertex -27.0519 11.1259 3.45058
    endloop
  endfacet
  facet normal 0.621326 0.000157938 -0.783552
    outer loop
      vertex -26.7829 21.6195 3.66001
      vertex -26.871 11.151 3.58804
      vertex -26.9815 21.4317 3.50249
    endloop
  endfacet
  facet normal 0.566927 -0.000103112 -0.823768
    outer loop
      vertex -27.1881 21.2364 3.35558
      vertex -27.0519 11.1259 3.45058
      vertex -27.2391 11.0999 3.32175
    endloop
  endfacet
  facet normal 0.579417 0.000147231 -0.815031
    outer loop
      vertex -26.9815 21.4317 3.50249
      vertex -27.0519 11.1259 3.45058
      vertex -27.1881 21.2364 3.35558
    endloop
  endfacet
  facet normal 0.527741 -6.81498e-05 -0.849405
    outer loop
      vertex -27.4021 21.0341 3.21968
      vertex -27.2391 11.0999 3.32175
      vertex -27.4321 11.0731 3.20184
    endloop
  endfacet
  facet normal 0.536003 0.000120722 -0.844216
    outer loop
      vertex -27.1881 21.2364 3.35558
      vertex -27.2391 11.0999 3.32175
      vertex -27.4021 21.0341 3.21968
    endloop
  endfacet
  facet normal 0.487352 -1.71157e-05 -0.873206
    outer loop
      vertex -27.6229 20.8253 3.09516
      vertex -27.4321 11.0731 3.20184
      vertex -27.6305 11.0455 3.09111
    endloop
  endfacet
  facet normal 0.491162 8.08153e-05 -0.871068
    outer loop
      vertex -27.4021 21.0341 3.21968
      vertex -27.4321 11.0731 3.20184
      vertex -27.6229 20.8253 3.09516
    endloop
  endfacet
  facet normal 0.445799 4.83718e-05 -0.895133
    outer loop
      vertex -27.6305 11.0455 3.09111
      vertex -27.8339 11.0173 2.98981
      vertex -27.8499 20.6107 2.98236
    endloop
  endfacet
  facet normal 0.403385 -3.78203e-05 -0.915031
    outer loop
      vertex -27.8499 20.6107 2.98236
      vertex -27.8339 11.0173 2.98981
      vertex -28.0418 10.9884 2.89816
    endloop
  endfacet
  facet normal 0.444984 2.5057e-05 -0.895539
    outer loop
      vertex -27.6229 20.8253 3.09516
      vertex -27.6305 11.0455 3.09111
      vertex -27.8499 20.6107 2.98236
    endloop
  endfacet
  facet normal 0.359997 -0.000123766 -0.932954
    outer loop
      vertex -28.1086 20.3661 2.87114
      vertex -28.0418 10.9884 2.89816
      vertex -28.2538 10.9589 2.81636
    endloop
  endfacet
  facet normal 0.394833 0.0001653 -0.918753
    outer loop
      vertex -27.8499 20.6107 2.98236
      vertex -28.0418 10.9884 2.89816
      vertex -28.1086 20.3661 2.87114
    endloop
  endfacet
  facet normal 0.31586 -0.000122055 -0.948806
    outer loop
      vertex -28.4032 20.0876 2.76545
      vertex -28.2538 10.9589 2.81636
      vertex -28.4694 10.929 2.74459
    endloop
  endfacet
  facet normal 0.337455 0.000273 -0.941341
    outer loop
      vertex -28.1086 20.3661 2.87114
      vertex -28.2538 10.9589 2.81636
      vertex -28.4032 20.0876 2.76545
    endloop
  endfacet
  facet normal 0.271028 4.63467e-05 -0.962572
    outer loop
      vertex -28.4694 10.929 2.74459
      vertex -28.6881 10.8986 2.68301
      vertex -28.7039 19.8032 2.67899
    endloop
  endfacet
  facet normal 0.225523 -3.96609e-05 -0.974238
    outer loop
      vertex -28.7039 19.8032 2.67899
      vertex -28.6881 10.8986 2.68301
      vertex -28.9095 10.8679 2.63176
    endloop
  endfacet
  facet normal 0.276165 0.000192896 -0.96111
    outer loop
      vertex -28.4032 20.0876 2.76545
      vertex -28.4694 10.929 2.74459
      vertex -28.7039 19.8032 2.67899
    endloop
  endfacet
  facet normal 0.179688 -0.000153093 -0.983724
    outer loop
      vertex -29.0096 19.5142 2.61213
      vertex -28.9095 10.8679 2.63176
      vertex -29.133 10.8368 2.59094
    endloop
  endfacet
  facet normal 0.213432 0.00025293 -0.976958
    outer loop
      vertex -28.7039 19.8032 2.67899
      vertex -28.9095 10.8679 2.63176
      vertex -29.0096 19.5142 2.61213
    endloop
  endfacet
  facet normal 0.133315 -9.10283e-05 -0.991074
    outer loop
      vertex -29.319 19.2217 2.56515
      vertex -29.133 10.8368 2.59094
      vertex -29.3582 10.8056 2.56065
    endloop
  endfacet
  facet normal 0.14986 0.000283266 -0.988707
    outer loop
      vertex -29.0096 19.5142 2.61213
      vertex -29.133 10.8368 2.59094
      vertex -29.319 19.2217 2.56515
    endloop
  endfacet
  facet normal 0.0866645 0.000159957 -0.996238
    outer loop
      vertex -29.3582 10.8056 2.56065
      vertex -29.5846 10.7741 2.54095
      vertex -29.6308 18.9269 2.53824
    endloop
  endfacet
  facet normal 0.0398948 -0.000106062 -0.999204
    outer loop
      vertex -29.6308 18.9269 2.53824
      vertex -29.5846 10.7741 2.54095
      vertex -29.8116 10.7426 2.53189
    endloop
  endfacet
  facet normal 0.0858611 0.000132797 -0.996307
    outer loop
      vertex -29.319 19.2217 2.56515
      vertex -29.3582 10.8056 2.56065
      vertex -29.6308 18.9269 2.53824
    endloop
  endfacet
  facet normal -0.00653993 -0.00015642 -0.999979
    outer loop
      vertex -29.9437 18.6311 2.53152
      vertex -29.8116 10.7426 2.53189
      vertex -30.0341 10.7117 2.53335
    endloop
  endfacet
  facet normal 0.0211807 0.000307797 -0.999776
    outer loop
      vertex -29.6308 18.9269 2.53824
      vertex -29.8116 10.7426 2.53189
      vertex -29.9437 18.6311 2.53152
    endloop
  endfacet
  facet normal -0.0433955 0.0002645 -0.999058
    outer loop
      vertex -29.9437 18.6311 2.53152
      vertex -30.0341 10.7117 2.53335
      vertex -30.2563 18.3356 2.54502
    endloop
  endfacet
  facet normal -0.052448 -0 -0.998624
    outer loop
      vertex -30.2563 18.3356 2.54502
      vertex -30.0341 10.7117 2.53335
      vertex -30.2563 10.6808 2.54502
    endloop
  endfacet
  facet normal -0.167116 -0 -0.985937
    outer loop
      vertex -25.0714 18.694 6.8912
      vertex -24.2714 15.0634 6.7556
      vertex -25.0714 16.1374 6.8912
    endloop
  endfacet
  facet normal -0.167109 -0 -0.985938
    outer loop
      vertex -25.0714 12.0787 6.8912
      vertex -23.5121 11.6175 6.62691
      vertex -25.0714 11.401 6.8912
    endloop
  endfacet
  facet normal -0.167108 3.9634e-06 -0.985939
    outer loop
      vertex -23.5121 11.6175 6.62691
      vertex -25.0714 12.0787 6.8912
      vertex -23.865 13.2191 6.68673
    endloop
  endfacet
  facet normal -0.169784 -0.000602815 -0.985481
    outer loop
      vertex -23.865 13.2191 6.68673
      vertex -21.9536 11.834 6.35827
      vertex -23.5121 11.6175 6.62691
    endloop
  endfacet
  facet normal -0.169795 -0.000617701 -0.985479
    outer loop
      vertex -21.9536 11.834 6.35827
      vertex -23.865 13.2191 6.68673
      vertex -23.2988 13.7544 6.58884
    endloop
  endfacet
  facet normal -0.169771 -0.000600206 -0.985483
    outer loop
      vertex -23.2988 13.7544 6.58884
      vertex -25.0714 18.694 6.8912
      vertex -21.9536 11.834 6.35827
    endloop
  endfacet
  facet normal -0.169782 -0.000604416 -0.985481
    outer loop
      vertex -25.0714 18.694 6.8912
      vertex -23.2988 13.7544 6.58884
      vertex -24.2714 15.0634 6.7556
    endloop
  endfacet
  facet normal -0.172387 -0.00182483 -0.985028
    outer loop
      vertex -20.3959 12.0503 6.08526
      vertex -21.9536 11.834 6.35827
      vertex -25.0714 18.694 6.8912
    endloop
  endfacet
  facet normal -0.175188 -0.00140271 -0.984534
    outer loop
      vertex -18.8389 12.2666 5.8079
      vertex -20.3959 12.0503 6.08526
      vertex -22.9926 18.694 6.53785
    endloop
  endfacet
  facet normal -0.167574 0.00166322 -0.985858
    outer loop
      vertex -22.9926 18.694 6.53785
      vertex -20.3959 12.0503 6.08526
      vertex -25.0714 18.694 6.8912
    endloop
  endfacet
  facet normal -0.171239 0.00122793 -0.985229
    outer loop
      vertex -20.915 18.694 6.17675
      vertex -18.8389 12.2666 5.8079
      vertex -22.9926 18.694 6.53785
    endloop
  endfacet
  facet normal -0.174926 -0 -0.984582
    outer loop
      vertex -18.8389 18.694 5.8079
      vertex -18.8389 12.2666 5.8079
      vertex -20.915 18.694 6.17675
    endloop
  endfacet
  facet normal -0.763552 -0 -0.645747
    outer loop
      vertex -18.8389 18.694 5.8079
      vertex -18.8315 12.2676 5.79915
      vertex -18.8389 12.2666 5.8079
    endloop
  endfacet
  facet normal -0.76464 3.63205e-06 -0.644457
    outer loop
      vertex -18.829 18.694 5.79622
      vertex -18.8241 12.2686 5.79037
      vertex -18.8315 12.2676 5.79915
    endloop
  endfacet
  facet normal -0.762841 1.96147e-06 -0.646586
    outer loop
      vertex -18.829 18.694 5.79622
      vertex -18.8315 12.2676 5.79915
      vertex -18.8389 18.694 5.8079
    endloop
  endfacet
  facet normal -0.768939 4.32122e-06 -0.639322
    outer loop
      vertex -18.8192 18.694 5.78452
      vertex -18.8168 12.2697 5.78159
      vertex -18.8241 12.2686 5.79037
    endloop
  endfacet
  facet normal -0.765363 7.60804e-06 -0.643599
    outer loop
      vertex -18.8094 12.2707 5.77279
      vertex -18.8168 12.2697 5.78159
      vertex -18.8192 18.694 5.78452
    endloop
  endfacet
  facet normal -0.766608 1.67567e-16 -0.642116
    outer loop
      vertex -18.8192 18.694 5.78452
      vertex -18.8241 12.2686 5.79037
      vertex -18.829 18.694 5.79622
    endloop
  endfacet
  facet normal -0.767416 -0 -0.641149
    outer loop
      vertex -18.8094 18.694 5.77279
      vertex -18.8094 12.2707 5.77279
      vertex -18.8192 18.694 5.78452
    endloop
  endfacet
  facet normal 1 -0 0
    outer loop
      vertex -12.3354 17.3927 31.7127
      vertex -12.3354 26.694 3.71266
      vertex -12.3354 26.694 31.7127
    endloop
  endfacet
  facet normal 1 0 0
    outer loop
      vertex -12.3354 26.694 3.71266
      vertex -12.3354 17.3927 31.7127
      vertex -12.3354 17.3927 3.71266
    endloop
  endfacet
  facet normal 1 -0 0
    outer loop
      vertex -4.33046 17.3927 34.2555
      vertex -4.33046 25.3927 31.7127
      vertex -4.33046 25.3927 34.2555
    endloop
  endfacet
  facet normal 1 0 0
    outer loop
      vertex -4.33046 25.3927 31.7127
      vertex -4.33046 17.3927 34.2555
      vertex -4.33046 17.3927 31.7127
    endloop
  endfacet
  facet normal 1 -0 0
    outer loop
      vertex -14.3305 12.8927 34.2555
      vertex -14.3305 17.3927 28.1985
      vertex -14.3305 17.3927 34.2555
    endloop
  endfacet
  facet normal 1 0 0
    outer loop
      vertex -14.3305 17.3927 28.1985
      vertex -14.3305 12.8927 34.2555
      vertex -14.3305 12.8927 28.1985
    endloop
  endfacet
  facet normal 0 0 -1
    outer loop
      vertex -14.3305 12.8927 28.1985
      vertex -22.7392 14.2834 28.1985
      vertex -14.3305 17.3927 28.1985
    endloop
  endfacet
  facet normal 0 0 -1
    outer loop
      vertex -24.3112 11.5065 28.1985
      vertex -22.7392 14.2834 28.1985
      vertex -14.3305 12.8927 28.1985
    endloop
  endfacet
  facet normal 0 0 -1
    outer loop
      vertex -22.7392 14.2834 28.1985
      vertex -24.3112 11.5065 28.1985
      vertex -22.9129 14.1192 28.1985
    endloop
  endfacet
  facet normal 0 0 -1
    outer loop
      vertex -22.9129 14.1192 28.1985
      vertex -24.3112 11.5065 28.1985
      vertex -23.6382 13.4336 28.1985
    endloop
  endfacet
  facet normal 0 0 -1
    outer loop
      vertex -23.6382 13.4336 28.1985
      vertex -24.3112 11.5065 28.1985
      vertex -24.3112 12.7973 28.1985
    endloop
  endfacet
  facet normal 0 0 -1
    outer loop
      vertex -24.3112 17.3927 28.1985
      vertex -22.7392 14.2834 28.1985
      vertex -24.3112 15.9462 28.1985
    endloop
  endfacet
  facet normal 0 0 -1
    outer loop
      vertex -22.7392 14.2834 28.1985
      vertex -24.3112 17.3927 28.1985
      vertex -14.3305 17.3927 28.1985
    endloop
  endfacet
  facet normal 1 0 0
    outer loop
      vertex -24.3112 17.3927 28.1985
      vertex -24.3112 17.3458 26
      vertex -24.3112 17.3927 7.60303
    endloop
  endfacet
  facet normal 1 0 0
    outer loop
      vertex -24.3112 17.3927 28.1985
      vertex -24.3112 16.8854 27.4539
      vertex -24.3112 17.3458 26
    endloop
  endfacet
  facet normal 1 0 -0
    outer loop
      vertex -24.3112 16.8854 27.4539
      vertex -24.3112 17.3927 28.1985
      vertex -24.3112 15.9462 28.1985
    endloop
  endfacet
  facet normal 1 -0 0
    outer loop
      vertex -24.3112 17.3458 9.5
      vertex -24.3112 17.3927 7.60303
      vertex -24.3112 17.3458 26
    endloop
  endfacet
  facet normal 1 -0 0
    outer loop
      vertex -24.3112 16.537 7.60776
      vertex -24.3112 17.3927 7.60303
      vertex -24.3112 17.3458 9.5
    endloop
  endfacet
  facet normal 1 0 0
    outer loop
      vertex -24.3112 17.3927 7.60303
      vertex -24.3112 16.537 7.60776
      vertex -24.3112 16.5291 7.60303
    endloop
  endfacet
  facet normal 1 -0 0
    outer loop
      vertex -24.3112 11.5065 28.1985
      vertex -24.3112 12.7973 26.4568
      vertex -24.3112 12.7973 28.1985
    endloop
  endfacet
  facet normal 1 0 0
    outer loop
      vertex -24.3112 12.7973 26.4568
      vertex -24.3112 11.5065 28.1985
      vertex -24.3112 12.7973 11.8141
    endloop
  endfacet
  facet normal 1 0 0
    outer loop
      vertex -24.3112 11.5065 7.60303
      vertex -24.3112 12.7973 11.8141
      vertex -24.3112 11.5065 28.1985
    endloop
  endfacet
  facet normal 1 0 0
    outer loop
      vertex -24.3112 12.7973 11.8141
      vertex -24.3112 11.5065 7.60303
      vertex -24.3112 12.7973 7.9833
    endloop
  endfacet
  facet normal 1 0 0
    outer loop
      vertex -24.3112 12.7973 7.9833
      vertex -24.3112 11.5065 7.60303
      vertex -24.3112 12.7973 7.60303
    endloop
  endfacet
  facet normal 0 0 1
    outer loop
      vertex -14.3305 17.3927 7.60303
      vertex -22.4483 14.5585 7.60303
      vertex -14.3305 12.8927 7.60303
    endloop
  endfacet
  facet normal -0 0 1
    outer loop
      vertex -24.3112 17.3927 7.60303
      vertex -22.4483 14.5585 7.60303
      vertex -14.3305 17.3927 7.60303
    endloop
  endfacet
  facet normal 0 0 1
    outer loop
      vertex -22.4483 14.5585 7.60303
      vertex -24.3112 17.3927 7.60303
      vertex -24.3112 16.5291 7.60303
    endloop
  endfacet
  facet normal -0 0 1
    outer loop
      vertex -22.4645 14.5432 7.60303
      vertex -14.3305 12.8927 7.60303
      vertex -22.4483 14.5585 7.60303
    endloop
  endfacet
  facet normal -0 0 1
    outer loop
      vertex -22.4813 14.5273 7.60303
      vertex -14.3305 12.8927 7.60303
      vertex -22.4645 14.5432 7.60303
    endloop
  endfacet
  facet normal 0 0 1
    outer loop
      vertex -24.3112 11.5065 7.60303
      vertex -22.4813 14.5273 7.60303
      vertex -24.3112 12.7973 7.60303
    endloop
  endfacet
  facet normal 0 0 1
    outer loop
      vertex -22.4813 14.5273 7.60303
      vertex -24.3112 11.5065 7.60303
      vertex -14.3305 12.8927 7.60303
    endloop
  endfacet
  facet normal 0.104045 0 0.994573
    outer loop
      vertex -29.7004 18.8611 32.9873
      vertex -29.8218 18.7463 33
      vertex -29.8218 10.7412 33
    endloop
  endfacet
  facet normal 0.117372 -0.000201577 0.993088
    outer loop
      vertex -29.5586 10.7777 32.9689
      vertex -29.7004 18.8611 32.9873
      vertex -29.8218 10.7412 33
    endloop
  endfacet
  facet normal 0.126193 -4.438e-05 0.992006
    outer loop
      vertex -29.5586 10.7777 32.9689
      vertex -29.5793 18.9756 32.9719
      vertex -29.7004 18.8611 32.9873
    endloop
  endfacet
  facet normal 0.166803 -0.000134107 0.98599
    outer loop
      vertex -29.2973 10.814 32.9247
      vertex -29.3479 19.1944 32.9344
      vertex -29.5586 10.7777 32.9689
    endloop
  endfacet
  facet normal 0.159931 4.25942e-05 0.987128
    outer loop
      vertex -29.5586 10.7777 32.9689
      vertex -29.3479 19.1944 32.9344
      vertex -29.5793 18.9756 32.9719
    endloop
  endfacet
  facet normal 0.215833 -0.00016156 0.97643
    outer loop
      vertex -29.0385 10.85 32.8675
      vertex -29.1185 19.4113 32.8866
      vertex -29.2973 10.814 32.9247
    endloop
  endfacet
  facet normal 0.2039 9.79782e-05 0.978992
    outer loop
      vertex -29.2973 10.814 32.9247
      vertex -29.1185 19.4113 32.8866
      vertex -29.3479 19.1944 32.9344
    endloop
  endfacet
  facet normal 0.264514 -0.000184004 0.964382
    outer loop
      vertex -28.7829 10.8855 32.7974
      vertex -28.8913 19.6261 32.8288
      vertex -29.0385 10.85 32.8675
    endloop
  endfacet
  facet normal 0.246423 0.000140501 0.969162
    outer loop
      vertex -29.0385 10.85 32.8675
      vertex -28.8913 19.6261 32.8288
      vertex -29.1185 19.4113 32.8866
    endloop
  endfacet
  facet normal 0.312852 -0.000177795 0.949802
    outer loop
      vertex -28.5312 10.9204 32.7145
      vertex -28.667 19.8382 32.7609
      vertex -28.7829 10.8855 32.7974
    endloop
  endfacet
  facet normal 0.289602 0.000153133 0.957147
    outer loop
      vertex -28.7829 10.8855 32.7974
      vertex -28.667 19.8382 32.7609
      vertex -28.8913 19.6261 32.8288
    endloop
  endfacet
  facet normal 0.359935 -0.000168318 0.932977
    outer loop
      vertex -28.2839 10.9548 32.6191
      vertex -28.4458 20.0473 32.6832
      vertex -28.5312 10.9204 32.7145
    endloop
  endfacet
  facet normal 0.3313 0.000135789 0.943525
    outer loop
      vertex -28.5312 10.9204 32.7145
      vertex -28.4458 20.0473 32.6832
      vertex -28.667 19.8382 32.7609
    endloop
  endfacet
  facet normal 0.372928 9.91197e-05 0.92786
    outer loop
      vertex -28.2839 10.9548 32.6191
      vertex -28.2284 20.2529 32.5958
      vertex -28.4458 20.0473 32.6832
    endloop
  endfacet
  facet normal 0.406014 -0.000133433 0.913867
    outer loop
      vertex -28.0417 10.9884 32.5115
      vertex -28.2284 20.2529 32.5958
      vertex -28.2839 10.9548 32.6191
    endloop
  endfacet
  facet normal 0.41376 5.43511e-05 0.910386
    outer loop
      vertex -28.0417 10.9884 32.5115
      vertex -28.015 20.4546 32.4988
      vertex -28.2284 20.2529 32.5958
    endloop
  endfacet
  facet normal 0.451292 -7.56727e-05 0.892376
    outer loop
      vertex -27.8052 11.0213 32.3919
      vertex -28.015 20.4546 32.4988
      vertex -28.0417 10.9884 32.5115
    endloop
  endfacet
  facet normal 0.453858 -3.84852e-06 0.891074
    outer loop
      vertex -27.8052 11.0213 32.3919
      vertex -27.8061 20.6521 32.3924
      vertex -28.015 20.4546 32.4988
    endloop
  endfacet
  facet normal 0.492872 8.86099e-07 0.870102
    outer loop
      vertex -27.8052 11.0213 32.3919
      vertex -27.6022 20.8449 32.2769
      vertex -27.8061 20.6521 32.3924
    endloop
  endfacet
  facet normal 0.495455 -6.96858e-05 0.868633
    outer loop
      vertex -27.575 11.0532 32.2606
      vertex -27.6022 20.8449 32.2769
      vertex -27.8052 11.0213 32.3919
    endloop
  endfacet
  facet normal 0.530913 6.41156e-05 0.847426
    outer loop
      vertex -27.575 11.0532 32.2606
      vertex -27.4035 21.0327 32.1524
      vertex -27.6022 20.8449 32.2769
    endloop
  endfacet
  facet normal 0.538326 -0.000114117 0.842737
    outer loop
      vertex -27.3516 11.0843 32.1179
      vertex -27.4035 21.0327 32.1524
      vertex -27.575 11.0532 32.2606
    endloop
  endfacet
  facet normal 0.567853 0.000107917 0.82313
    outer loop
      vertex -27.3516 11.0843 32.1179
      vertex -27.2106 21.2151 32.0193
      vertex -27.4035 21.0327 32.1524
    endloop
  endfacet
  facet normal 0.579966 -0.000143283 0.814641
    outer loop
      vertex -27.1357 11.1142 31.9642
      vertex -27.2106 21.2151 32.0193
      vertex -27.3516 11.0843 32.1179
    endloop
  endfacet
  facet normal 0.60374 0.000128244 0.797182
    outer loop
      vertex -27.1357 11.1142 31.9642
      vertex -27.0238 21.3918 31.8778
      vertex -27.2106 21.2151 32.0193
    endloop
  endfacet
  facet normal 0.618295 -0.000124685 0.785946
    outer loop
      vertex -26.9482 11.1403 31.8167
      vertex -27.0238 21.3918 31.8778
      vertex -27.1357 11.1142 31.9642
    endloop
  endfacet
  facet normal 0.63852 0.000121863 0.769605
    outer loop
      vertex -26.9482 11.1403 31.8167
      vertex -26.8434 21.5623 31.7281
      vertex -27.0238 21.3918 31.8778
    endloop
  endfacet
  facet normal 0.651259 -9.76222e-05 0.758855
    outer loop
      vertex -26.7853 11.1629 31.6769
      vertex -26.8434 21.5623 31.7281
      vertex -26.9482 11.1403 31.8167
    endloop
  endfacet
  facet normal 0.6699 8.72791e-05 0.742452
    outer loop
      vertex -26.7853 11.1629 31.6769
      vertex -26.6887 21.7085 31.5885
      vertex -26.8434 21.5623 31.7281
    endloop
  endfacet
  facet normal 0.681263 -0.000104094 0.732039
    outer loop
      vertex -26.6282 11.1847 31.5307
      vertex -26.6887 21.7085 31.5885
      vertex -26.7853 11.1629 31.6769
    endloop
  endfacet
  facet normal 0.695471 5.16489e-05 0.718554
    outer loop
      vertex -26.6282 11.1847 31.5307
      vertex -26.5764 21.8147 31.4798
      vertex -26.6887 21.7085 31.5885
    endloop
  endfacet
  facet normal 0.710597 -9.36712e-05 0.703599
    outer loop
      vertex -26.4771 11.2057 31.3781
      vertex -26.5764 21.8147 31.4798
      vertex -26.6282 11.1847 31.5307
    endloop
  endfacet
  facet normal 0.716321 1.57723e-05 0.697771
    outer loop
      vertex -26.4771 11.2057 31.3781
      vertex -26.4674 21.9178 31.3679
      vertex -26.5764 21.8147 31.4798
    endloop
  endfacet
  facet normal 0.736553 -2.29167e-05 0.67638
    outer loop
      vertex -26.3617 22.0177 31.2528
      vertex -26.4674 21.9178 31.3679
      vertex -26.4771 11.2057 31.3781
    endloop
  endfacet
  facet normal 0.738742 -7.40052e-05 0.673988
    outer loop
      vertex -26.3324 11.2258 31.2195
      vertex -26.3617 22.0177 31.2528
      vertex -26.4771 11.2057 31.3781
    endloop
  endfacet
  facet normal 0.756434 3.54905e-05 0.65407
    outer loop
      vertex -26.3324 11.2258 31.2195
      vertex -26.2595 22.1144 31.1346
      vertex -26.3617 22.0177 31.2528
    endloop
  endfacet
  facet normal 0.765279 -0.000104595 0.643698
    outer loop
      vertex -26.1942 11.245 31.0552
      vertex -26.2595 22.1144 31.1346
      vertex -26.3324 11.2258 31.2195
    endloop
  endfacet
  facet normal 0.775392 4.54075e-05 0.63148
    outer loop
      vertex -26.1942 11.245 31.0552
      vertex -26.1608 22.2077 31.0134
      vertex -26.2595 22.1144 31.1346
    endloop
  endfacet
  facet normal 0.790684 -7.46037e-05 0.612225
    outer loop
      vertex -26.0628 11.2633 30.8855
      vertex -26.1608 22.2077 31.0134
      vertex -26.1942 11.245 31.0552
    endloop
  endfacet
  facet normal 0.793506 -6.54585e-06 0.608563
    outer loop
      vertex -26.0628 11.2633 30.8855
      vertex -26.0657 22.2976 30.8894
      vertex -26.1608 22.2077 31.0134
    endloop
  endfacet
  facet normal 0.811217 6.52689e-06 0.584746
    outer loop
      vertex -26.0628 11.2633 30.8855
      vertex -25.9743 22.384 30.7626
      vertex -26.0657 22.2976 30.8894
    endloop
  endfacet
  facet normal 0.815057 -8.33249e-05 0.579381
    outer loop
      vertex -25.9384 11.2805 30.7105
      vertex -25.9743 22.384 30.7626
      vertex -26.0628 11.2633 30.8855
    endloop
  endfacet
  facet normal 0.837883 -0.000100517 0.545849
    outer loop
      vertex -25.8212 11.2968 30.5306
      vertex -25.8867 22.4668 30.6332
      vertex -25.9384 11.2805 30.7105
    endloop
  endfacet
  facet normal 0.828077 4.68309e-05 0.560614
    outer loop
      vertex -25.9384 11.2805 30.7105
      vertex -25.8867 22.4668 30.6332
      vertex -25.9743 22.384 30.7626
    endloop
  endfacet
  facet normal 0.859217 -5.75633e-05 0.511611
    outer loop
      vertex -25.7114 11.3121 30.3462
      vertex -25.803 22.5459 30.5013
      vertex -25.8212 11.2968 30.5306
    endloop
  endfacet
  facet normal 0.844338 2.95402e-05 0.535811
    outer loop
      vertex -25.8212 11.2968 30.5306
      vertex -25.803 22.5459 30.5013
      vertex -25.8867 22.4668 30.6332
    endloop
  endfacet
  facet normal 0.859864 -3.72647e-05 0.510523
    outer loop
      vertex -25.7114 11.3121 30.3462
      vertex -25.7232 22.6214 30.3669
      vertex -25.803 22.5459 30.5013
    endloop
  endfacet
  facet normal 0.87923 -9.28056e-05 0.476398
    outer loop
      vertex -25.6091 11.3263 30.1574
      vertex -25.6474 22.693 30.2303
      vertex -25.7114 11.3121 30.3462
    endloop
  endfacet
  facet normal 0.874393 2.42131e-05 0.485218
    outer loop
      vertex -25.7114 11.3121 30.3462
      vertex -25.6474 22.693 30.2303
      vertex -25.7232 22.6214 30.3669
    endloop
  endfacet
  facet normal 0.898125 -8.52273e-05 0.43974
    outer loop
      vertex -25.5147 11.3394 29.9646
      vertex -25.5757 22.7608 30.0914
      vertex -25.6091 11.3263 30.1574
    endloop
  endfacet
  facet normal 0.888585 5.21444e-05 0.458712
    outer loop
      vertex -25.6091 11.3263 30.1574
      vertex -25.5757 22.7608 30.0914
      vertex -25.6474 22.693 30.2303
    endloop
  endfacet
  facet normal 0.901601 1.29439e-05 0.432569
    outer loop
      vertex -25.5147 11.3394 29.9646
      vertex -25.5081 22.8247 29.9505
      vertex -25.5757 22.7608 30.0914
    endloop
  endfacet
  facet normal 0.915076 -6.76028e-05 0.403281
    outer loop
      vertex -25.4281 11.3514 29.7681
      vertex -25.4447 22.8846 29.8077
      vertex -25.5147 11.3394 29.9646
    endloop
  endfacet
  facet normal 0.913974 -2.70637e-05 0.405773
    outer loop
      vertex -25.4447 22.8846 29.8077
      vertex -25.5081 22.8247 29.9505
      vertex -25.5147 11.3394 29.9646
    endloop
  endfacet
  facet normal 0.930583 -9.27376e-05 0.36608
    outer loop
      vertex -25.3495 11.3623 29.5683
      vertex -25.3856 22.9406 29.663
      vertex -25.4281 11.3514 29.7681
    endloop
  endfacet
  facet normal 0.925756 3.4159e-05 0.378121
    outer loop
      vertex -25.4281 11.3514 29.7681
      vertex -25.3856 22.9406 29.663
      vertex -25.4447 22.8846 29.8077
    endloop
  endfacet
  facet normal 0.94457 -6.8829e-05 0.32831
    outer loop
      vertex -25.3308 22.9924 29.5167
      vertex -25.3257 13.324 29.5
      vertex -25.2899 13.7966 29.3971
    endloop
  endfacet
  facet normal 0.944906 -6.6978e-05 0.327341
    outer loop
      vertex -25.3495 11.3623 29.5683
      vertex -25.3257 13.324 29.5
      vertex -25.3308 22.9924 29.5167
    endloop
  endfacet
  facet normal 0.944843 -4.80095e-05 0.327525
    outer loop
      vertex -25.3258 11.8382 29.5
      vertex -25.3495 11.3623 29.5683
      vertex -25.2792 11.3721 29.3655
    endloop
  endfacet
  facet normal 0.944876 -6.35938e-05 0.327428
    outer loop
      vertex -25.3257 13.324 29.5
      vertex -25.3495 11.3623 29.5683
      vertex -25.3258 11.8382 29.5
    endloop
  endfacet
  facet normal 0.944823 -6.60934e-05 0.32758
    outer loop
      vertex -25.2792 11.3721 29.3655
      vertex -25.312 11.8512 29.4602
      vertex -25.3258 11.8382 29.5
    endloop
  endfacet
  facet normal 0.944659 -0.000171085 0.328055
    outer loop
      vertex -25.312 11.8512 29.4602
      vertex -25.2792 11.3721 29.3655
      vertex -25.2814 11.8801 29.3721
    endloop
  endfacet
  facet normal 0.936455 5.06425e-05 0.350788
    outer loop
      vertex -25.3495 11.3623 29.5683
      vertex -25.3308 22.9924 29.5167
      vertex -25.3856 22.9406 29.663
    endloop
  endfacet
  facet normal 0.945699 -0.000127443 0.325042
    outer loop
      vertex -25.2792 11.3721 29.3655
      vertex -25.2792 11.8822 29.3657
      vertex -25.2814 11.8801 29.3721
    endloop
  endfacet
  facet normal 0.946355 1.27229e-06 0.32313
    outer loop
      vertex -25.3308 22.9924 29.5167
      vertex -25.2794 13.9382 29.3662
      vertex -25.2803 23.0402 29.3688
    endloop
  endfacet
  facet normal 0.946794 2.51882e-05 0.321841
    outer loop
      vertex -25.2794 13.9382 29.3662
      vertex -25.3308 22.9924 29.5167
      vertex -25.2899 13.7966 29.3971
    endloop
  endfacet
  facet normal 0.957322 -7.75889e-05 0.289022
    outer loop
      vertex -25.2711 11.8898 29.339
      vertex -25.2171 11.3807 29.16
      vertex -25.2179 11.9401 29.1628
    endloop
  endfacet
  facet normal 0.956948 -0.000552745 0.29026
    outer loop
      vertex -25.2772 11.8841 29.3591
      vertex -25.2171 11.3807 29.16
      vertex -25.2711 11.8898 29.339
    endloop
  endfacet
  facet normal 0.957249 -0.000123433 0.289266
    outer loop
      vertex -25.2171 11.3807 29.16
      vertex -25.2772 11.8841 29.3591
      vertex -25.2792 11.3721 29.3655
    endloop
  endfacet
  facet normal 0.957228 -6.88759e-05 0.289335
    outer loop
      vertex -25.2221 14.8135 29.1775
      vertex -25.2342 23.0837 29.2195
      vertex -25.2687 14.099 29.3315
    endloop
  endfacet
  facet normal 0.957033 -0.000113694 0.289977
    outer loop
      vertex -25.2792 11.3721 29.3655
      vertex -25.2772 11.8841 29.3591
      vertex -25.2792 11.8822 29.3657
    endloop
  endfacet
  facet normal 0.955487 8.82894e-06 0.295032
    outer loop
      vertex -25.2803 23.0402 29.3688
      vertex -25.2687 14.099 29.3315
      vertex -25.2342 23.0837 29.2195
    endloop
  endfacet
  facet normal 0.955587 1.03035e-05 0.29471
    outer loop
      vertex -25.2687 14.099 29.3315
      vertex -25.2803 23.0402 29.3688
      vertex -25.2794 13.9382 29.3662
    endloop
  endfacet
  facet normal 0.968006 3.44099e-07 0.250926
    outer loop
      vertex -25.2159 11.942 29.1556
      vertex -25.166 11.3878 28.9631
      vertex -25.1674 11.9879 28.9685
    endloop
  endfacet
  facet normal 0.967936 -0.00010022 0.251198
    outer loop
      vertex -25.166 11.3878 28.9631
      vertex -25.2159 11.942 29.1556
      vertex -25.2171 11.3807 29.16
    endloop
  endfacet
  facet normal 0.967876 -8.20489e-05 0.251427
    outer loop
      vertex -25.1756 15.6372 29.0014
      vertex -25.1925 23.1231 29.0689
      vertex -25.2095 15.0269 29.1317
    endloop
  endfacet
  facet normal 0.963515 3.82253e-05 0.267653
    outer loop
      vertex -25.2171 11.3807 29.16
      vertex -25.2159 11.942 29.1556
      vertex -25.2179 11.9401 29.1628
    endloop
  endfacet
  facet normal 0.963734 4.63804e-05 0.266863
    outer loop
      vertex -25.2342 23.0837 29.2195
      vertex -25.2095 15.0269 29.1317
      vertex -25.1925 23.1231 29.0689
    endloop
  endfacet
  facet normal 0.964104 6.21124e-05 0.265523
    outer loop
      vertex -25.2095 15.0269 29.1317
      vertex -25.2342 23.0837 29.2195
      vertex -25.2221 14.8135 29.1775
    endloop
  endfacet
  facet normal 0.97685 -0.000181045 0.213924
    outer loop
      vertex -25.1655 11.9897 28.9607
      vertex -25.1226 11.3938 28.7643
      vertex -25.1243 12.0286 28.7726
    endloop
  endfacet
  facet normal 0.976989 3.88694e-05 0.213288
    outer loop
      vertex -25.1226 11.3938 28.7643
      vertex -25.1655 11.9897 28.9607
      vertex -25.166 11.3878 28.9631
    endloop
  endfacet
  facet normal 0.97696 -5.87559e-05 0.21342
    outer loop
      vertex -25.1553 23.1583 28.9171
      vertex -25.1617 15.9051 28.9444
      vertex -25.1355 16.0285 28.8245
    endloop
  endfacet
  facet normal 0.984031 -0.00019833 0.177995
    outer loop
      vertex -25.1617 15.9051 28.9444
      vertex -25.1553 23.1583 28.9171
      vertex -25.1619 15.9 28.9455
    endloop
  endfacet
  facet normal 0.971583 0.000136711 0.236699
    outer loop
      vertex -25.166 11.3878 28.9631
      vertex -25.1655 11.9897 28.9607
      vertex -25.1674 11.9879 28.9685
    endloop
  endfacet
  facet normal 0.971259 4.81743e-05 0.238027
    outer loop
      vertex -25.1925 23.1231 29.0689
      vertex -25.1619 15.9 28.9455
      vertex -25.1553 23.1583 28.9171
    endloop
  endfacet
  facet normal 0.971208 4.44413e-05 0.238233
    outer loop
      vertex -25.1619 15.9 28.9455
      vertex -25.1925 23.1231 29.0689
      vertex -25.1756 15.6372 29.0014
    endloop
  endfacet
  facet normal 0.979662 -0 0.200654
    outer loop
      vertex -25.1226 11.3938 28.7643
      vertex -25.1226 12.0303 28.7643
      vertex -25.1243 12.0286 28.7726
    endloop
  endfacet
  facet normal 0.977859 0 0.209267
    outer loop
      vertex -25.1553 23.1583 28.9171
      vertex -25.1226 16.0908 28.7643
      vertex -25.1226 23.1892 28.7643
    endloop
  endfacet
  facet normal 0.977804 -5.79961e-06 0.209523
    outer loop
      vertex -25.1226 16.0908 28.7643
      vertex -25.1553 23.1583 28.9171
      vertex -25.1355 16.0285 28.8245
    endloop
  endfacet
  facet normal 0 0 1
    outer loop
      vertex -29.8218 18.7463 33
      vertex -32.3305 10.3927 33
      vertex -29.8218 10.7412 33
    endloop
  endfacet
  facet normal 0 0 1
    outer loop
      vertex -32.3305 10.3927 33
      vertex -34.3158 7.39275 33
      vertex -32.3305 7.34849 33
    endloop
  endfacet
  facet normal 0 0 1
    outer loop
      vertex -41.1038 8.07976 33
      vertex -32.3305 10.3927 33
      vertex -29.8218 18.7463 33
    endloop
  endfacet
  facet normal 0 0 1
    outer loop
      vertex -32.3305 10.3927 33
      vertex -41.1038 8.07976 33
      vertex -34.3158 7.39275 33
    endloop
  endfacet
  facet normal 0 0 1
    outer loop
      vertex -34.3158 7.39275 33
      vertex -41.1038 8.07976 33
      vertex -40.8305 7.39275 33
    endloop
  endfacet
  facet normal 0 0 1
    outer loop
      vertex -32.3305 7.34849 33
      vertex -34.3158 7.39275 33
      vertex -34.3158 7.34849 33
    endloop
  endfacet
  facet normal 1 0 0
    outer loop
      vertex -32.3305 7.34849 35.5
      vertex -32.3305 2.39275 35.5
      vertex -32.3305 7.34849 33
    endloop
  endfacet
  facet normal 1 -0 0
    outer loop
      vertex -32.3305 7.34849 33
      vertex -32.3305 10.3927 31.006
      vertex -32.3305 10.3927 33
    endloop
  endfacet
  facet normal 1 0 0
    outer loop
      vertex -32.3305 2.39275 31.006
      vertex -32.3305 7.34849 33
      vertex -32.3305 2.39275 35.5
    endloop
  endfacet
  facet normal 1 0 0
    outer loop
      vertex -32.3305 7.34849 33
      vertex -32.3305 2.39275 31.006
      vertex -32.3305 10.3927 31.006
    endloop
  endfacet
  facet normal 0 -1 0
    outer loop
      vertex -33.5005 10.3927 29.1837
      vertex -32.3305 10.3927 31.006
      vertex -36.8832 10.3927 31.006
    endloop
  endfacet
  facet normal 0 -1 -0
    outer loop
      vertex -32.3305 10.3927 31.006
      vertex -33.5005 10.3927 29.1837
      vertex -32.3305 10.3927 29.3687
    endloop
  endfacet
  facet normal 0 -1 0
    outer loop
      vertex -36.8832 10.3927 31.006
      vertex -34.1115 10.3927 28.799
      vertex -33.5005 10.3927 29.1837
    endloop
  endfacet
  facet normal 0 -1 0
    outer loop
      vertex -36.8832 10.3927 31.006
      vertex -35.5516 10.3927 27.8922
      vertex -34.1115 10.3927 28.799
    endloop
  endfacet
  facet normal 0 -1 0
    outer loop
      vertex -36.8832 10.3927 31.006
      vertex -36.2464 10.3927 26.1728
      vertex -35.5516 10.3927 27.8922
    endloop
  endfacet
  facet normal 0 -1 0
    outer loop
      vertex -36.8832 10.3927 31.006
      vertex -36.3162 10.3927 26
      vertex -36.2464 10.3927 26.1728
    endloop
  endfacet
  facet normal 0 -1 0
    outer loop
      vertex -36.8832 10.3927 31.006
      vertex -36.3162 10.3927 9.5
      vertex -36.3162 10.3927 26
    endloop
  endfacet
  facet normal 0 -1 0
    outer loop
      vertex -36.8832 10.3927 4
      vertex -36.3162 10.3927 9.5
      vertex -36.8832 10.3927 31.006
    endloop
  endfacet
  facet normal 0 -1 0
    outer loop
      vertex -36.8832 10.3927 4
      vertex -36.2778 10.3927 9.37166
      vertex -36.3162 10.3927 9.5
    endloop
  endfacet
  facet normal 0 -1 0
    outer loop
      vertex -36.8832 10.3927 4
      vertex -35.881 10.3927 8.04605
      vertex -36.2778 10.3927 9.37166
    endloop
  endfacet
  facet normal 0 -1 0
    outer loop
      vertex -36.8832 10.3927 4
      vertex -34.1037 10.3927 6.55562
      vertex -35.881 10.3927 8.04605
    endloop
  endfacet
  facet normal 0 -1 0
    outer loop
      vertex -32.3305 10.3927 4
      vertex -34.1037 10.3927 6.55562
      vertex -36.8832 10.3927 4
    endloop
  endfacet
  facet normal 0 -1 0
    outer loop
      vertex -34.1037 10.3927 6.55562
      vertex -32.3305 10.3927 4
      vertex -32.3305 10.3927 6.17727
    endloop
  endfacet
  facet normal 1 0 0
    outer loop
      vertex -32.3305 10.3927 4
      vertex -32.3305 7.18625 2.5
      vertex -32.3305 10.3927 2.5
    endloop
  endfacet
  facet normal 1 -0 0
    outer loop
      vertex -32.3305 2.39275 4
      vertex -32.3305 7.18625 2.5
      vertex -32.3305 10.3927 4
    endloop
  endfacet
  facet normal 1 0 0
    outer loop
      vertex -32.3305 2.39275 0
      vertex -32.3305 7.18625 2.5
      vertex -32.3305 2.39275 4
    endloop
  endfacet
  facet normal 1 0 0
    outer loop
      vertex -32.3305 7.18625 2.5
      vertex -32.3305 2.39275 0
      vertex -32.3305 7.18625 0
    endloop
  endfacet
  facet normal 0 0 -1
    outer loop
      vertex -34.2838 7.39275 2.5
      vertex -32.3305 7.18625 2.5
      vertex -34.2838 7.18625 2.5
    endloop
  endfacet
  facet normal 0 0 -1
    outer loop
      vertex -32.3305 10.3927 2.5
      vertex -30.2627 18.3295 2.5
      vertex -30.2627 10.6799 2.5
    endloop
  endfacet
  facet normal 0 0 -1
    outer loop
      vertex -32.3305 7.18625 2.5
      vertex -34.2838 7.39275 2.5
      vertex -32.3305 10.3927 2.5
    endloop
  endfacet
  facet normal 0 0 -1
    outer loop
      vertex -41.1038 8.07976 2.5
      vertex -32.3305 10.3927 2.5
      vertex -34.2838 7.39275 2.5
    endloop
  endfacet
  facet normal 0 0 -1
    outer loop
      vertex -41.1038 8.07976 2.5
      vertex -34.2838 7.39275 2.5
      vertex -40.8305 7.39275 2.5
    endloop
  endfacet
  facet normal -0 0 -1
    outer loop
      vertex -32.3305 10.3927 2.5
      vertex -41.1038 8.07976 2.5
      vertex -30.2627 18.3295 2.5
    endloop
  endfacet
  facet normal 0.990055 0 -0.140683
    outer loop
      vertex -30.2611 10.6802 2.51126
      vertex -30.2627 18.3295 2.5
      vertex -30.2611 18.331 2.51126
    endloop
  endfacet
  facet normal 0.990055 0 -0.140683
    outer loop
      vertex -30.2627 18.3295 2.5
      vertex -30.2611 10.6802 2.51126
      vertex -30.2627 10.6799 2.5
    endloop
  endfacet
  facet normal 0.990037 0 -0.140805
    outer loop
      vertex -30.2595 10.6804 2.52251
      vertex -30.2611 18.331 2.51126
      vertex -30.2595 18.3325 2.52251
    endloop
  endfacet
  facet normal 0.990037 0 -0.140805
    outer loop
      vertex -30.2611 18.331 2.51126
      vertex -30.2595 10.6804 2.52251
      vertex -30.2611 10.6802 2.51126
    endloop
  endfacet
  facet normal 0.990055 0 -0.140683
    outer loop
      vertex -30.2579 10.6806 2.53377
      vertex -30.2595 18.3325 2.52251
      vertex -30.2579 18.334 2.53377
    endloop
  endfacet
  facet normal 0.990055 0 -0.140683
    outer loop
      vertex -30.2595 18.3325 2.52251
      vertex -30.2579 10.6806 2.53377
      vertex -30.2595 10.6804 2.52251
    endloop
  endfacet
  facet normal 0.990037 0 -0.140805
    outer loop
      vertex -30.2563 10.6808 2.54502
      vertex -30.2579 18.334 2.53377
      vertex -30.2563 18.3356 2.54502
    endloop
  endfacet
  facet normal 0.990037 0 -0.140805
    outer loop
      vertex -30.2579 18.334 2.53377
      vertex -30.2563 10.6808 2.54502
      vertex -30.2579 10.6806 2.53377
    endloop
  endfacet
  facet normal 0.248403 -0 0.968657
    outer loop
      vertex -24.3908 10.3927 23.0416
      vertex -24.3908 11.4955 23.0416
      vertex -24.6392 11.461 23.1053
    endloop
  endfacet
  facet normal 0.202374 0.000288091 0.979308
    outer loop
      vertex -24.6551 10.3927 23.1089
      vertex -24.6392 11.461 23.1053
      vertex -24.8903 11.4261 23.1572
    endloop
  endfacet
  facet normal 0.246761 -0.00040702 0.969076
    outer loop
      vertex -24.3908 10.3927 23.0416
      vertex -24.6392 11.461 23.1053
      vertex -24.6551 10.3927 23.1089
    endloop
  endfacet
  facet normal 0.155446 0.000715772 0.987844
    outer loop
      vertex -24.9224 10.3927 23.163
      vertex -24.8903 11.4261 23.1572
      vertex -25.1564 11.3891 23.1991
    endloop
  endfacet
  facet normal 0.198372 -0.000660933 0.980127
    outer loop
      vertex -24.6551 10.3927 23.1089
      vertex -24.8903 11.4261 23.1572
      vertex -24.9224 10.3927 23.163
    endloop
  endfacet
  facet normal 0.106413 0.000777728 0.994322
    outer loop
      vertex -25.1921 10.3927 23.2037
      vertex -25.1564 11.3891 23.1991
      vertex -25.4243 11.3519 23.2278
    endloop
  endfacet
  facet normal 0.149219 -0.000781427 0.988804
    outer loop
      vertex -24.9224 10.3927 23.163
      vertex -25.1564 11.3891 23.1991
      vertex -25.1921 10.3927 23.2037
    endloop
  endfacet
  facet normal 0.0574037 0.000880591 0.998351
    outer loop
      vertex -25.4635 10.3927 23.2309
      vertex -25.4243 11.3519 23.2278
      vertex -25.6933 11.3146 23.2433
    endloop
  endfacet
  facet normal 0.0997215 -0.000859607 0.995015
    outer loop
      vertex -25.1921 10.3927 23.2037
      vertex -25.4243 11.3519 23.2278
      vertex -25.4635 10.3927 23.2309
    endloop
  endfacet
  facet normal 0.00803961 0.00145033 0.999967
    outer loop
      vertex -25.9542 11.244 23.2455
      vertex -25.6933 11.3146 23.2433
      vertex -25.9117 11.2842 23.2451
    endloop
  endfacet
  facet normal 0.00815243 0.00103337 0.999966
    outer loop
      vertex -25.6933 11.3146 23.2433
      vertex -25.9542 11.244 23.2455
      vertex -25.7359 10.3927 23.2446
    endloop
  endfacet
  facet normal 0.0502302 -0.000912731 0.998737
    outer loop
      vertex -25.4635 10.3927 23.2309
      vertex -25.6933 11.3146 23.2433
      vertex -25.7359 10.3927 23.2446
    endloop
  endfacet
  facet normal -0.0409832 0.00105519 0.999159
    outer loop
      vertex -26.0086 10.3927 23.2446
      vertex -25.965 11.2339 23.2455
      vertex -26.1774 11.033 23.237
    endloop
  endfacet
  facet normal 0.000797447 -0.000852716 0.999999
    outer loop
      vertex -25.965 11.2339 23.2455
      vertex -25.7359 10.3927 23.2446
      vertex -25.9542 11.244 23.2455
    endloop
  endfacet
  facet normal 0 -0.0010699 0.999999
    outer loop
      vertex -25.7359 10.3927 23.2446
      vertex -25.965 11.2339 23.2455
      vertex -26.0086 10.3927 23.2446
    endloop
  endfacet
  facet normal -0.0907601 0.00125933 0.995872
    outer loop
      vertex -26.281 10.3927 23.2311
      vertex -26.2478 10.9666 23.2334
      vertex -26.3979 10.8246 23.2199
    endloop
  endfacet
  facet normal -0.049857 -0.00128896 0.998756
    outer loop
      vertex -26.2478 10.9666 23.2334
      vertex -26.0086 10.3927 23.2446
      vertex -26.1774 11.033 23.237
    endloop
  endfacet
  facet normal -0.0494987 -0.00113926 0.998774
    outer loop
      vertex -26.0086 10.3927 23.2446
      vertex -26.2478 10.9666 23.2334
      vertex -26.281 10.3927 23.2311
    endloop
  endfacet
  facet normal -0.139402 0.00144808 0.990235
    outer loop
      vertex -26.5523 10.3927 23.204
      vertex -26.5328 10.6971 23.2063
      vertex -26.6153 10.6191 23.1948
    endloop
  endfacet
  facet normal -0.0993021 -0.00107382 0.995057
    outer loop
      vertex -26.5328 10.6971 23.2063
      vertex -26.281 10.3927 23.2311
      vertex -26.3979 10.8246 23.2199
    endloop
  endfacet
  facet normal -0.0993947 -0.00115116 0.995047
    outer loop
      vertex -26.281 10.3927 23.2311
      vertex -26.5328 10.6971 23.2063
      vertex -26.5523 10.3927 23.204
    endloop
  endfacet
  facet normal -0.188438 -0.00173597 0.982084
    outer loop
      vertex -26.822 10.3927 23.1633
      vertex -26.8197 10.4259 23.1638
      vertex -26.829 10.4171 23.162
    endloop
  endfacet
  facet normal -0.148815 -0.00122695 0.988864
    outer loop
      vertex -26.8197 10.4259 23.1638
      vertex -26.5523 10.3927 23.204
      vertex -26.6153 10.6191 23.1948
    endloop
  endfacet
  facet normal -0.149217 -0.00455413 0.988794
    outer loop
      vertex -26.5523 10.3927 23.204
      vertex -26.8197 10.4259 23.1638
      vertex -26.822 10.3927 23.1633
    endloop
  endfacet
  facet normal -0.197843 -0.00453329 0.980223
    outer loop
      vertex -26.822 10.3927 23.1633
      vertex -26.829 10.4171 23.162
      vertex -26.8547 10.3927 23.1567
    endloop
  endfacet
  facet normal -0.197845 -0.00139806 -0.980232
    outer loop
      vertex -26.8296 10.4165 12.3926
      vertex -26.822 10.3927 12.3911
      vertex -26.8547 10.3927 12.3977
    endloop
  endfacet
  facet normal -0.190592 0.00100861 -0.981669
    outer loop
      vertex -26.8208 10.4248 12.3909
      vertex -26.822 10.3927 12.3911
      vertex -26.8296 10.4165 12.3926
    endloop
  endfacet
  facet normal -0.14889 -0.000847692 -0.988853
    outer loop
      vertex -26.5523 10.3927 12.3505
      vertex -26.8208 10.4248 12.3909
      vertex -26.6213 10.6134 12.3607
    endloop
  endfacet
  facet normal -0.14886 -0.000596236 -0.988858
    outer loop
      vertex -26.8208 10.4248 12.3909
      vertex -26.5523 10.3927 12.3505
      vertex -26.822 10.3927 12.3911
    endloop
  endfacet
  facet normal -0.143338 0.000925969 -0.989673
    outer loop
      vertex -26.5428 10.6876 12.3494
      vertex -26.5523 10.3927 12.3505
      vertex -26.6213 10.6134 12.3607
    endloop
  endfacet
  facet normal -0.0997154 -0.000797169 -0.995016
    outer loop
      vertex -26.281 10.3927 12.3234
      vertex -26.5428 10.6876 12.3494
      vertex -26.4091 10.814 12.3359
    endloop
  endfacet
  facet normal -0.0993948 -0.000509673 -0.995048
    outer loop
      vertex -26.5428 10.6876 12.3494
      vertex -26.281 10.3927 12.3234
      vertex -26.5523 10.3927 12.3505
    endloop
  endfacet
  facet normal -0.0950704 0.000628686 -0.99547
    outer loop
      vertex -26.2658 10.9495 12.3223
      vertex -26.281 10.3927 12.3234
      vertex -26.4091 10.814 12.3359
    endloop
  endfacet
  facet normal -0.0492519 -0.000507602 -0.998786
    outer loop
      vertex -26.0086 10.3927 12.3099
      vertex -26.2658 10.9495 12.3223
      vertex -26.1935 11.0179 12.3187
    endloop
  endfacet
  facet normal -0.0494987 -0.000621895 -0.998774
    outer loop
      vertex -26.2658 10.9495 12.3223
      vertex -26.0086 10.3927 12.3099
      vertex -26.281 10.3927 12.3234
    endloop
  endfacet
  facet normal -0.0461175 0.000421488 -0.998936
    outer loop
      vertex -25.9903 11.21 12.3094
      vertex -26.0086 10.3927 12.3099
      vertex -26.1935 11.0179 12.3187
    endloop
  endfacet
  facet normal 0.0004456 -0.000473069 -1
    outer loop
      vertex -25.7359 10.3927 12.3099
      vertex -25.9903 11.21 12.3094
      vertex -25.9748 11.2246 12.3094
    endloop
  endfacet
  facet normal 0 -0.00061177 -1
    outer loop
      vertex -25.9903 11.21 12.3094
      vertex -25.7359 10.3927 12.3099
      vertex -26.0086 10.3927 12.3099
    endloop
  endfacet
  facet normal 0.00375419 0.000477077 -0.999993
    outer loop
      vertex -25.9748 11.2246 12.3094
      vertex -25.7194 11.3109 12.3104
      vertex -25.7359 10.3927 12.3099
    endloop
  endfacet
  facet normal 0.00344811 0.00138293 -0.999993
    outer loop
      vertex -25.7194 11.3109 12.3104
      vertex -25.9748 11.2246 12.3094
      vertex -25.9117 11.2842 12.3097
    endloop
  endfacet
  facet normal 0.0502302 -0.000358777 -0.998738
    outer loop
      vertex -25.7194 11.3109 12.3104
      vertex -25.4635 10.3927 12.3236
      vertex -25.7359 10.3927 12.3099
    endloop
  endfacet
  facet normal 0.0526699 0.000322976 -0.998612
    outer loop
      vertex -25.4504 11.3483 12.3246
      vertex -25.4635 10.3927 12.3236
      vertex -25.7194 11.3109 12.3104
    endloop
  endfacet
  facet normal 0.0997215 -0.000325802 -0.995015
    outer loop
      vertex -25.4504 11.3483 12.3246
      vertex -25.1921 10.3927 12.3508
      vertex -25.4635 10.3927 12.3236
    endloop
  endfacet
  facet normal 0.101644 0.00019911 -0.994821
    outer loop
      vertex -25.1823 11.3855 12.352
      vertex -25.1921 10.3927 12.3508
      vertex -25.4504 11.3483 12.3246
    endloop
  endfacet
  facet normal 0.149219 -0.00027778 -0.988804
    outer loop
      vertex -25.1823 11.3855 12.352
      vertex -24.9224 10.3927 12.3915
      vertex -25.1921 10.3927 12.3508
    endloop
  endfacet
  facet normal 0.150702 0.000119388 -0.988579
    outer loop
      vertex -24.916 11.4225 12.3926
      vertex -24.9224 10.3927 12.3915
      vertex -25.1823 11.3855 12.352
    endloop
  endfacet
  facet normal 0.198372 -0.000185902 -0.980127
    outer loop
      vertex -24.916 11.4225 12.3926
      vertex -24.6551 10.3927 12.4456
      vertex -24.9224 10.3927 12.3915
    endloop
  endfacet
  facet normal 0.199249 4.53523e-05 -0.979949
    outer loop
      vertex -24.6519 11.4592 12.4463
      vertex -24.6551 10.3927 12.4456
      vertex -24.916 11.4225 12.3926
    endloop
  endfacet
  facet normal 0.246761 -0.000104342 -0.969076
    outer loop
      vertex -24.6519 11.4592 12.4463
      vertex -24.3908 10.3927 12.5129
      vertex -24.6551 10.3927 12.4456
    endloop
  endfacet
  facet normal 0.247161 0 -0.968974
    outer loop
      vertex -24.3908 11.4955 12.5129
      vertex -24.3908 10.3927 12.5129
      vertex -24.6519 11.4592 12.4463
    endloop
  endfacet
  facet normal 1 -0 0
    outer loop
      vertex -24.3908 10.3927 23.0416
      vertex -24.3908 11.4955 12.5129
      vertex -24.3908 11.4955 23.0416
    endloop
  endfacet
  facet normal 1 0 0
    outer loop
      vertex -24.3908 11.4955 12.5129
      vertex -24.3908 10.3927 23.0416
      vertex -24.3908 10.3927 12.5129
    endloop
  endfacet
  facet normal -0.687147 0.726518 0.000117128
    outer loop
      vertex -27.2106 21.2151 32.0193
      vertex -27.0238 21.3918 31.8778
      vertex -28.2739 20.2098 29.6679
    endloop
  endfacet
  facet normal -0.686929 0.726725 -0.000102229
    outer loop
      vertex -27.0238 21.3918 31.8778
      vertex -26.8434 21.5623 31.7281
      vertex -28.2021 20.2777 29.5656
    endloop
  endfacet
  facet normal -0.687072 0.72659 3.59801e-05
    outer loop
      vertex -27.0238 21.3918 31.8778
      vertex -28.2021 20.2777 29.5656
      vertex -28.2739 20.2098 29.6679
    endloop
  endfacet
  facet normal -0.687086 0.726576 6.4725e-05
    outer loop
      vertex -27.2106 21.2151 32.0193
      vertex -28.2739 20.2098 29.6679
      vertex -28.3495 20.1383 29.7675
    endloop
  endfacet
  facet normal -0.687023 0.726635 1.05469e-05
    outer loop
      vertex -26.8434 21.5623 31.7281
      vertex -28.1342 20.3419 29.4607
      vertex -28.2021 20.2777 29.5656
    endloop
  endfacet
  facet normal -0.686911 0.726742 -0.000110757
    outer loop
      vertex -26.8434 21.5623 31.7281
      vertex -26.6887 21.7085 31.5885
      vertex -28.1342 20.3419 29.4607
    endloop
  endfacet
  facet normal -0.68709 0.726572 6.86325e-05
    outer loop
      vertex -27.2106 21.2151 32.0193
      vertex -28.3495 20.1383 29.7675
      vertex -28.4288 20.0633 29.8641
    endloop
  endfacet
  facet normal -0.687047 0.726613 2.19538e-05
    outer loop
      vertex -27.4035 21.0327 32.1524
      vertex -27.2106 21.2151 32.0193
      vertex -28.4288 20.0633 29.8641
    endloop
  endfacet
  facet normal -0.686978 0.726678 -2.40625e-05
    outer loop
      vertex -26.6887 21.7085 31.5885
      vertex -28.0702 20.4024 29.3533
      vertex -28.1342 20.3419 29.4607
    endloop
  endfacet
  facet normal -0.687102 0.726561 0.00012763
    outer loop
      vertex -26.5764 21.8147 31.4798
      vertex -26.4674 21.9178 31.3679
      vertex -28.0702 20.4024 29.3533
    endloop
  endfacet
  facet normal -0.687061 0.7266 7.29349e-05
    outer loop
      vertex -26.6887 21.7085 31.5885
      vertex -26.5764 21.8147 31.4798
      vertex -28.0702 20.4024 29.3533
    endloop
  endfacet
  facet normal -0.686916 0.726737 -7.34639e-05
    outer loop
      vertex -27.6022 20.8449 32.2769
      vertex -27.4035 21.0327 32.1524
      vertex -28.5117 19.985 29.9577
    endloop
  endfacet
  facet normal -0.686774 0.726871 -0.000209333
    outer loop
      vertex -27.4035 21.0327 32.1524
      vertex -28.4288 20.0633 29.8641
      vertex -28.5117 19.985 29.9577
    endloop
  endfacet
  facet normal -0.686915 0.726737 -0.000153751
    outer loop
      vertex -26.4674 21.9178 31.3679
      vertex -28.0104 20.4589 29.2435
      vertex -28.0702 20.4024 29.3533
    endloop
  endfacet
  facet normal -0.686948 0.726706 -0.000108478
    outer loop
      vertex -26.4674 21.9178 31.3679
      vertex -26.3617 22.0177 31.2528
      vertex -28.0104 20.4589 29.2435
    endloop
  endfacet
  facet normal -0.687053 0.726608 2.77519e-05
    outer loop
      vertex -27.6022 20.8449 32.2769
      vertex -28.5117 19.985 29.9577
      vertex -28.5981 19.9033 30.048
    endloop
  endfacet
  facet normal -0.687046 0.726614 2.20473e-05
    outer loop
      vertex -27.8061 20.6521 32.3924
      vertex -27.6022 20.8449 32.2769
      vertex -28.5981 19.9033 30.048
    endloop
  endfacet
  facet normal -0.686977 0.726679 -4.48264e-05
    outer loop
      vertex -26.2595 22.1144 31.1346
      vertex -26.1608 22.2077 31.0134
      vertex -27.9548 20.5116 29.1316
    endloop
  endfacet
  facet normal -0.687149 0.726516 0.000231984
    outer loop
      vertex -26.3617 22.0177 31.2528
      vertex -26.2595 22.1144 31.1346
      vertex -27.9548 20.5116 29.1316
    endloop
  endfacet
  facet normal -0.687361 0.726316 0.000532612
    outer loop
      vertex -26.3617 22.0177 31.2528
      vertex -27.9548 20.5116 29.1316
      vertex -28.0104 20.4589 29.2435
    endloop
  endfacet
  facet normal -0.686988 0.726669 -1.49874e-05
    outer loop
      vertex -27.8061 20.6521 32.3924
      vertex -28.5981 19.9033 30.048
      vertex -28.6878 19.8185 30.1351
    endloop
  endfacet
  facet normal -0.686993 0.726664 -4.74452e-05
    outer loop
      vertex -26.1608 22.2077 31.0134
      vertex -26.0657 22.2976 30.8894
      vertex -27.9033 20.5602 29.0176
    endloop
  endfacet
  facet normal -0.686787 0.726859 -0.000387629
    outer loop
      vertex -26.1608 22.2077 31.0134
      vertex -27.9033 20.5602 29.0176
      vertex -27.9548 20.5116 29.1316
    endloop
  endfacet
  facet normal -0.686911 0.726742 -7.22605e-05
    outer loop
      vertex -27.8061 20.6521 32.3924
      vertex -28.6878 19.8185 30.1351
      vertex -28.7807 19.7307 30.2187
    endloop
  endfacet
  facet normal -0.687 0.726657 3.96039e-06
    outer loop
      vertex -28.015 20.4546 32.4988
      vertex -27.8061 20.6521 32.3924
      vertex -28.7807 19.7307 30.2187
    endloop
  endfacet
  facet normal -0.687168 0.726498 0.000278746
    outer loop
      vertex -26.0657 22.2976 30.8894
      vertex -27.8563 20.6047 28.9018
      vertex -27.9033 20.5602 29.0176
    endloop
  endfacet
  facet normal -0.686968 0.726688 -6.62808e-05
    outer loop
      vertex -25.9743 22.384 30.7626
      vertex -25.8867 22.4668 30.6332
      vertex -27.8563 20.6047 28.9018
    endloop
  endfacet
  facet normal -0.686981 0.726676 -4.12841e-05
    outer loop
      vertex -26.0657 22.2976 30.8894
      vertex -25.9743 22.384 30.7626
      vertex -27.8563 20.6047 28.9018
    endloop
  endfacet
  facet normal -0.68692 0.726733 -6.84468e-05
    outer loop
      vertex -28.2284 20.2529 32.5958
      vertex -28.015 20.4546 32.4988
      vertex -28.8767 19.6399 30.2988
    endloop
  endfacet
  facet normal -0.687121 0.726543 8.07897e-05
    outer loop
      vertex -28.015 20.4546 32.4988
      vertex -28.7807 19.7307 30.2187
      vertex -28.8767 19.6399 30.2988
    endloop
  endfacet
  facet normal -0.686952 0.726703 -0.000118839
    outer loop
      vertex -25.8867 22.4668 30.6332
      vertex -25.803 22.5459 30.5013
      vertex -27.8136 20.645 28.7843
    endloop
  endfacet
  facet normal -0.686847 0.726802 -0.000325582
    outer loop
      vertex -25.8867 22.4668 30.6332
      vertex -27.8136 20.645 28.7843
      vertex -27.8563 20.6047 28.9018
    endloop
  endfacet
  facet normal -0.687001 0.726657 -2.53421e-05
    outer loop
      vertex -28.2284 20.2529 32.5958
      vertex -28.8767 19.6399 30.2988
      vertex -28.9756 19.5464 30.3752
    endloop
  endfacet
  facet normal -0.687105 0.726558 4.13878e-05
    outer loop
      vertex -28.4458 20.0473 32.6832
      vertex -28.2284 20.2529 32.5958
      vertex -28.9756 19.5464 30.3752
    endloop
  endfacet
  facet normal -0.687009 0.726649 -7.67786e-05
    outer loop
      vertex -25.1553 23.1583 28.9171
      vertex -25.1226 23.1892 28.7643
      vertex -27.7753 20.6812 28.6653
    endloop
  endfacet
  facet normal -0.68702 0.726639 0.000135445
    outer loop
      vertex -25.1925 23.1231 29.0689
      vertex -25.1553 23.1583 28.9171
      vertex -27.7753 20.6812 28.6653
    endloop
  endfacet
  facet normal -0.686999 0.726659 -0.000116233
    outer loop
      vertex -25.2342 23.0837 29.2195
      vertex -25.1925 23.1231 29.0689
      vertex -27.7753 20.6812 28.6653
    endloop
  endfacet
  facet normal -0.686967 0.726688 -0.000390142
    outer loop
      vertex -25.2803 23.0402 29.3688
      vertex -25.2342 23.0837 29.2195
      vertex -27.7753 20.6812 28.6653
    endloop
  endfacet
  facet normal -0.687061 0.7266 0.000236191
    outer loop
      vertex -25.3308 22.9924 29.5167
      vertex -25.2803 23.0402 29.3688
      vertex -27.7753 20.6812 28.6653
    endloop
  endfacet
  facet normal -0.687008 0.72665 -5.15124e-05
    outer loop
      vertex -25.3856 22.9406 29.663
      vertex -25.3308 22.9924 29.5167
      vertex -27.7753 20.6812 28.6653
    endloop
  endfacet
  facet normal -0.687135 0.72653 0.000525323
    outer loop
      vertex -25.4447 22.8846 29.8077
      vertex -25.3856 22.9406 29.663
      vertex -27.7753 20.6812 28.6653
    endloop
  endfacet
  facet normal -0.686956 0.726699 -0.000166092
    outer loop
      vertex -25.5081 22.8247 29.9505
      vertex -25.4447 22.8846 29.8077
      vertex -27.7753 20.6812 28.6653
    endloop
  endfacet
  facet normal -0.686991 0.726666 -4.74276e-05
    outer loop
      vertex -25.5757 22.7608 30.0914
      vertex -25.5081 22.8247 29.9505
      vertex -27.7753 20.6812 28.6653
    endloop
  endfacet
  facet normal -0.687023 0.726636 4.55466e-05
    outer loop
      vertex -25.6474 22.693 30.2303
      vertex -25.5757 22.7608 30.0914
      vertex -27.7753 20.6812 28.6653
    endloop
  endfacet
  facet normal -0.686911 0.726741 -0.000242899
    outer loop
      vertex -25.7232 22.6214 30.3669
      vertex -25.6474 22.693 30.2303
      vertex -27.7753 20.6812 28.6653
    endloop
  endfacet
  facet normal -0.687099 0.726564 0.000186394
    outer loop
      vertex -25.803 22.5459 30.5013
      vertex -25.7232 22.6214 30.3669
      vertex -27.7753 20.6812 28.6653
    endloop
  endfacet
  facet normal -0.686983 0.726673 -4.9434e-05
    outer loop
      vertex -25.803 22.5459 30.5013
      vertex -27.7753 20.6812 28.6653
      vertex -27.8136 20.645 28.7843
    endloop
  endfacet
  facet normal -0.686858 0.726792 -6.60821e-05
    outer loop
      vertex -28.4458 20.0473 32.6832
      vertex -28.9756 19.5464 30.3752
      vertex -29.0774 19.4502 30.4478
    endloop
  endfacet
  facet normal -0.68699 0.726667 4.40993e-06
    outer loop
      vertex -28.4458 20.0473 32.6832
      vertex -29.0774 19.4502 30.4478
      vertex -29.1818 19.3515 30.5166
    endloop
  endfacet
  facet normal -0.686955 0.7267 -1.80984e-05
    outer loop
      vertex -28.667 19.8382 32.7609
      vertex -28.4458 20.0473 32.6832
      vertex -29.1818 19.3515 30.5166
    endloop
  endfacet
  facet normal -0.687107 0.726556 4.79986e-05
    outer loop
      vertex -28.667 19.8382 32.7609
      vertex -29.1818 19.3515 30.5166
      vertex -29.2887 19.2504 30.5813
    endloop
  endfacet
  facet normal -0.687066 0.726595 2.60349e-05
    outer loop
      vertex -28.8913 19.6261 32.8288
      vertex -28.667 19.8382 32.7609
      vertex -29.2887 19.2504 30.5813
    endloop
  endfacet
  facet normal -0.686997 0.72666 1.43087e-05
    outer loop
      vertex -29.1185 19.4113 32.8866
      vertex -28.8913 19.6261 32.8288
      vertex -29.398 19.1471 30.642
    endloop
  endfacet
  facet normal -0.686887 0.726764 -3.39171e-05
    outer loop
      vertex -28.8913 19.6261 32.8288
      vertex -29.2887 19.2504 30.5813
      vertex -29.398 19.1471 30.642
    endloop
  endfacet
  facet normal -0.686948 0.726706 2.73132e-06
    outer loop
      vertex -29.1185 19.4113 32.8866
      vertex -29.398 19.1471 30.642
      vertex -29.5095 19.0417 30.6985
    endloop
  endfacet
  facet normal -0.68729 0.726383 0.000118362
    outer loop
      vertex -29.1185 19.4113 32.8866
      vertex -29.5095 19.0417 30.6985
      vertex -29.623 18.9343 30.7508
    endloop
  endfacet
  facet normal -0.687032 0.726627 3.18034e-06
    outer loop
      vertex -29.3479 19.1944 32.9344
      vertex -29.1185 19.4113 32.8866
      vertex -29.623 18.9343 30.7508
    endloop
  endfacet
  facet normal -0.686995 0.726663 -5.83649e-06
    outer loop
      vertex -29.3479 19.1944 32.9344
      vertex -29.623 18.9343 30.7508
      vertex -29.7384 18.8252 30.7988
    endloop
  endfacet
  facet normal -0.687047 0.726613 1.21668e-05
    outer loop
      vertex -29.5793 18.9756 32.9719
      vertex -29.3479 19.1944 32.9344
      vertex -29.7384 18.8252 30.7988
    endloop
  endfacet
  facet normal -0.687028 0.726631 1.39429e-05
    outer loop
      vertex -29.7004 18.8611 32.9873
      vertex -29.5793 18.9756 32.9719
      vertex -29.8556 18.7144 30.8424
    endloop
  endfacet
  facet normal -0.686987 0.72667 3.88855e-06
    outer loop
      vertex -29.5793 18.9756 32.9719
      vertex -29.7384 18.8252 30.7988
      vertex -29.8556 18.7144 30.8424
    endloop
  endfacet
  facet normal -0.687078 0.726583 3.7183e-05
    outer loop
      vertex -29.8218 18.7463 33
      vertex -29.7004 18.8611 32.9873
      vertex -29.9743 18.6022 30.8816
    endloop
  endfacet
  facet normal -0.686929 0.726725 4.18165e-07
    outer loop
      vertex -29.7004 18.8611 32.9873
      vertex -29.8556 18.7144 30.8424
      vertex -29.9743 18.6022 30.8816
    endloop
  endfacet
  facet normal -0.687166 0.7265 4.92051e-05
    outer loop
      vertex -29.8218 18.7463 33
      vertex -29.9743 18.6022 30.8816
      vertex -30.0944 18.4886 30.9163
    endloop
  endfacet
  facet normal -0.68706 0.726601 2.28596e-05
    outer loop
      vertex -29.8218 18.7463 33
      vertex -30.0944 18.4886 30.9163
      vertex -30.2157 18.3739 30.9464
    endloop
  endfacet
  facet normal -0.68694 0.726715 -2.09336e-05
    outer loop
      vertex -29.8218 18.7463 33
      vertex -30.2157 18.3739 30.9464
      vertex -30.3381 18.2582 30.9719
    endloop
  endfacet
  facet normal -0.68707 0.726591 4.18974e-05
    outer loop
      vertex -29.8218 18.7463 33
      vertex -30.3381 18.2582 30.9719
      vertex -30.4613 18.1417 30.9928
    endloop
  endfacet
  facet normal -0.686903 0.726749 -5.88537e-05
    outer loop
      vertex -29.8218 18.7463 33
      vertex -30.4613 18.1417 30.9928
      vertex -30.5853 18.0245 31.0091
    endloop
  endfacet
  facet normal -0.686909 0.726744 -5.45882e-05
    outer loop
      vertex -29.8218 18.7463 33
      vertex -30.5853 18.0245 31.0091
      vertex -30.7513 17.8676 31.0235
    endloop
  endfacet
  facet normal -0.687055 0.726606 7.53728e-05
    outer loop
      vertex -29.8218 18.7463 33
      vertex -30.7513 17.8676 31.0235
      vertex -30.9387 17.6904 31.0297
    endloop
  endfacet
  facet normal -0.687057 0.726604 7.77981e-05
    outer loop
      vertex -29.8218 18.7463 33
      vertex -30.9387 17.6904 31.0297
      vertex -31.1261 17.5132 31.0254
    endloop
  endfacet
  facet normal -0.687 0.726657 7.11087e-06
    outer loop
      vertex -29.8218 18.7463 33
      vertex -31.1261 17.5132 31.0254
      vertex -31.313 17.3365 31.0104
    endloop
  endfacet
  facet normal -0.687023 0.726636 3.87123e-05
    outer loop
      vertex -29.8218 18.7463 33
      vertex -31.313 17.3365 31.0104
      vertex -31.4744 17.1839 30.9889
    endloop
  endfacet
  facet normal -0.687106 0.726557 0.00016849
    outer loop
      vertex -29.8218 18.7463 33
      vertex -31.4744 17.1839 30.9889
      vertex -31.6345 17.0325 30.9595
    endloop
  endfacet
  facet normal -0.687004 0.726653 -2.78316e-06
    outer loop
      vertex -29.8218 18.7463 33
      vertex -31.6345 17.0325 30.9595
      vertex -37.2811 11.694 30.9595
    endloop
  endfacet
  facet normal -0.687009 0.726649 2.7563e-05
    outer loop
      vertex -29.8218 18.7463 33
      vertex -37.2811 11.694 30.9595
      vertex -41.1038 8.07976 33
    endloop
  endfacet
  facet normal -0.678281 0.734803 6.10713e-06
    outer loop
      vertex -25.1213 23.1904 28.7645
      vertex -25.1176 23.194 6.55234
      vertex -25.1226 23.1892 28.7643
    endloop
  endfacet
  facet normal -0.707107 0.707107 -3.18338e-06
    outer loop
      vertex -25.1201 23.1916 28.7646
      vertex -25.1176 23.194 6.55234
      vertex -25.1213 23.1904 28.7645
    endloop
  endfacet
  facet normal -0.692532 0.721387 0
    outer loop
      vertex -25.1176 23.194 28.7649
      vertex -25.1176 23.194 6.55234
      vertex -25.1201 23.1916 28.7646
    endloop
  endfacet
  facet normal -0.687021 0.726638 2.37519e-06
    outer loop
      vertex -25.1226 23.1892 28.7643
      vertex -25.1176 23.194 6.55234
      vertex -27.7753 20.6812 6.71554
    endloop
  endfacet
  facet normal -0.686994 0.726663 5.58941e-05
    outer loop
      vertex -25.7686 22.5785 4.83191
      vertex -25.8801 22.4731 4.65948
      vertex -27.7753 20.6812 6.71554
    endloop
  endfacet
  facet normal -0.68699 0.726667 6.54469e-05
    outer loop
      vertex -25.6645 22.6769 5.00891
      vertex -25.7686 22.5785 4.83191
      vertex -27.7753 20.6812 6.71554
    endloop
  endfacet
  facet normal -0.686972 0.726684 0.000106342
    outer loop
      vertex -25.568 22.7681 5.19017
      vertex -25.6645 22.6769 5.00891
      vertex -27.7753 20.6812 6.71554
    endloop
  endfacet
  facet normal -0.687052 0.726608 -0.000112775
    outer loop
      vertex -25.4793 22.852 5.37535
      vertex -25.568 22.7681 5.19017
      vertex -27.7753 20.6812 6.71554
    endloop
  endfacet
  facet normal -0.687003 0.726655 4.75009e-05
    outer loop
      vertex -25.4062 22.9211 5.54509
      vertex -25.4793 22.852 5.37535
      vertex -27.7753 20.6812 6.71554
    endloop
  endfacet
  facet normal -0.686998 0.726659 6.67088e-05
    outer loop
      vertex -25.346 22.978 5.70014
      vertex -25.4062 22.9211 5.54509
      vertex -27.7753 20.6812 6.71554
    endloop
  endfacet
  facet normal -0.687003 0.726655 4.47181e-05
    outer loop
      vertex -25.2912 23.0298 5.85717
      vertex -25.346 22.978 5.70014
      vertex -27.7753 20.6812 6.71554
    endloop
  endfacet
  facet normal -0.687007 0.726651 2.22355e-05
    outer loop
      vertex -25.2418 23.0765 6.01599
      vertex -25.2912 23.0298 5.85717
      vertex -27.7753 20.6812 6.71554
    endloop
  endfacet
  facet normal -0.68701 0.726648 -6.64813e-07
    outer loop
      vertex -25.1978 23.1181 6.17641
      vertex -25.2418 23.0765 6.01599
      vertex -27.7753 20.6812 6.71554
    endloop
  endfacet
  facet normal -0.687052 0.726608 -0.000381723
    outer loop
      vertex -25.1595 23.1544 6.33824
      vertex -25.1978 23.1181 6.17641
      vertex -27.7753 20.6812 6.71554
    endloop
  endfacet
  facet normal -0.686978 0.726678 0.000592915
    outer loop
      vertex -25.1373 23.1753 6.44506
      vertex -25.1595 23.1544 6.33824
      vertex -27.7753 20.6812 6.71554
    endloop
  endfacet
  facet normal -0.687037 0.726622 -0.000496027
    outer loop
      vertex -25.1176 23.194 6.55234
      vertex -25.1373 23.1753 6.44506
      vertex -27.7753 20.6812 6.71554
    endloop
  endfacet
  facet normal -0.68701 0.726648 0
    outer loop
      vertex -27.7753 20.6812 28.6653
      vertex -25.1226 23.1892 28.7643
      vertex -27.7753 20.6812 6.71554
    endloop
  endfacet
  facet normal -0.687058 0.726602 -5.51837e-05
    outer loop
      vertex -27.7753 20.6812 6.71554
      vertex -25.8801 22.4731 4.65948
      vertex -27.8398 20.6202 6.57952
    endloop
  endfacet
  facet normal -0.68724 0.726431 -0.000340453
    outer loop
      vertex -25.9988 22.3609 4.49193
      vertex -26.1244 22.242 4.32956
      vertex -27.8398 20.6202 6.57952
    endloop
  endfacet
  facet normal -0.686988 0.726668 7.9544e-05
    outer loop
      vertex -25.8801 22.4731 4.65948
      vertex -25.9988 22.3609 4.49193
      vertex -27.8398 20.6202 6.57952
    endloop
  endfacet
  facet normal -0.686897 0.726754 0.000154558
    outer loop
      vertex -26.1244 22.242 4.32956
      vertex -26.2569 22.1168 4.17267
      vertex -27.9086 20.5552 6.44566
    endloop
  endfacet
  facet normal -0.686901 0.726751 0.000149048
    outer loop
      vertex -27.8398 20.6202 6.57952
      vertex -26.1244 22.242 4.32956
      vertex -27.9086 20.5552 6.44566
    endloop
  endfacet
  facet normal -0.687143 0.726522 -0.000183773
    outer loop
      vertex -27.9086 20.5552 6.44566
      vertex -26.2569 22.1168 4.17267
      vertex -28.0072 20.4619 6.27055
    endloop
  endfacet
  facet normal -0.687076 0.726586 -7.6885e-05
    outer loop
      vertex -26.2569 22.1168 4.17267
      vertex -26.4117 21.9704 4.0051
      vertex -28.0072 20.4619 6.27055
    endloop
  endfacet
  facet normal -0.686994 0.726663 3.36915e-05
    outer loop
      vertex -28.0072 20.4619 6.27055
      vertex -26.5928 21.7992 3.82769
      vertex -28.1133 20.3616 6.09987
    endloop
  endfacet
  facet normal -0.686987 0.72667 4.16614e-05
    outer loop
      vertex -26.4117 21.9704 4.0051
      vertex -26.5928 21.7992 3.82769
      vertex -28.0072 20.4619 6.27055
    endloop
  endfacet
  facet normal -0.686993 0.726664 3.94152e-05
    outer loop
      vertex -28.1133 20.3616 6.09987
      vertex -26.7829 21.6195 3.66001
      vertex -28.2267 20.2544 5.93396
    endloop
  endfacet
  facet normal -0.686976 0.726681 5.70322e-05
    outer loop
      vertex -26.5928 21.7992 3.82769
      vertex -26.7829 21.6195 3.66001
      vertex -28.1133 20.3616 6.09987
    endloop
  endfacet
  facet normal -0.686962 0.726693 5.35822e-05
    outer loop
      vertex -28.2267 20.2544 5.93396
      vertex -26.9815 21.4317 3.50249
      vertex -28.3472 20.1405 5.77313
    endloop
  endfacet
  facet normal -0.687058 0.726602 -3.93566e-05
    outer loop
      vertex -26.7829 21.6195 3.66001
      vertex -26.9815 21.4317 3.50249
      vertex -28.2267 20.2544 5.93396
    endloop
  endfacet
  facet normal -0.686918 0.726735 9.23229e-05
    outer loop
      vertex -28.3472 20.1405 5.77313
      vertex -27.1881 21.2364 3.35558
      vertex -28.4746 20.0201 5.61766
    endloop
  endfacet
  facet normal -0.686971 0.726685 4.41708e-05
    outer loop
      vertex -26.9815 21.4317 3.50249
      vertex -27.1881 21.2364 3.35558
      vertex -28.3472 20.1405 5.77313
    endloop
  endfacet
  facet normal -0.687209 0.72646 -0.000167613
    outer loop
      vertex -28.4746 20.0201 5.61766
      vertex -27.4021 21.0341 3.21968
      vertex -28.6085 19.8934 5.46787
    endloop
  endfacet
  facet normal -0.686973 0.726683 3.2258e-05
    outer loop
      vertex -27.1881 21.2364 3.35558
      vertex -27.4021 21.0341 3.21968
      vertex -28.4746 20.0201 5.61766
    endloop
  endfacet
  facet normal -0.687077 0.726584 -3.34402e-05
    outer loop
      vertex -27.4021 21.0341 3.21968
      vertex -27.6229 20.8253 3.09516
      vertex -28.6085 19.8934 5.46787
    endloop
  endfacet
  facet normal -0.686881 0.72677 9.81069e-05
    outer loop
      vertex -28.6085 19.8934 5.46787
      vertex -27.8499 20.6107 2.98236
      vertex -28.7648 19.7457 5.30842
    endloop
  endfacet
  facet normal -0.68699 0.726667 3.5272e-05
    outer loop
      vertex -27.6229 20.8253 3.09516
      vertex -27.8499 20.6107 2.98236
      vertex -28.6085 19.8934 5.46787
    endloop
  endfacet
  facet normal -0.687102 0.726561 -4.85842e-05
    outer loop
      vertex -28.7648 19.7457 5.30842
      vertex -28.1086 20.3661 2.87114
      vertex -28.9473 19.5731 5.14031
    endloop
  endfacet
  facet normal -0.687025 0.726633 -9.33717e-06
    outer loop
      vertex -27.8499 20.6107 2.98236
      vertex -28.1086 20.3661 2.87114
      vertex -28.7648 19.7457 5.30842
    endloop
  endfacet
  facet normal -0.686901 0.726751 7.20306e-05
    outer loop
      vertex -28.9473 19.5731 5.14031
      vertex -28.4032 20.0876 2.76545
      vertex -29.1385 19.3924 4.98222
    endloop
  endfacet
  facet normal -0.686978 0.726678 3.82467e-05
    outer loop
      vertex -28.1086 20.3661 2.87114
      vertex -28.4032 20.0876 2.76545
      vertex -28.9473 19.5731 5.14031
    endloop
  endfacet
  facet normal -0.686961 0.726694 -1.19119e-05
    outer loop
      vertex -29.1385 19.3924 4.98222
      vertex -28.7039 19.8032 2.67899
      vertex -29.3379 19.2039 4.83458
    endloop
  endfacet
  facet normal -0.68713 0.726534 -7.23194e-05
    outer loop
      vertex -28.4032 20.0876 2.76545
      vertex -28.7039 19.8032 2.67899
      vertex -29.1385 19.3924 4.98222
    endloop
  endfacet
  facet normal -0.686986 0.72667 -2.33279e-05
    outer loop
      vertex -29.3379 19.2039 4.83458
      vertex -29.0096 19.5142 2.61213
      vertex -29.5449 19.0082 4.69782
    endloop
  endfacet
  facet normal -0.686977 0.726679 -2.07118e-05
    outer loop
      vertex -28.7039 19.8032 2.67899
      vertex -29.0096 19.5142 2.61213
      vertex -29.3379 19.2039 4.83458
    endloop
  endfacet
  facet normal -0.687126 0.726538 -4.97009e-05
    outer loop
      vertex -29.5449 19.0082 4.69782
      vertex -29.319 19.2217 2.56515
      vertex -29.7589 18.8058 4.57233
    endloop
  endfacet
  facet normal -0.68698 0.726676 -2.04305e-05
    outer loop
      vertex -29.0096 19.5142 2.61213
      vertex -29.319 19.2217 2.56515
      vertex -29.5449 19.0082 4.69782
    endloop
  endfacet
  facet normal -0.687047 0.726613 -8.79035e-06
    outer loop
      vertex -29.7589 18.8058 4.57233
      vertex -29.6308 18.9269 2.53824
      vertex -29.9793 18.5974 4.45848
    endloop
  endfacet
  facet normal -0.68702 0.726638 -5.5836e-06
    outer loop
      vertex -29.319 19.2217 2.56515
      vertex -29.6308 18.9269 2.53824
      vertex -29.7589 18.8058 4.57233
    endloop
  endfacet
  facet normal -0.686911 0.726741 1.92803e-05
    outer loop
      vertex -29.9793 18.5974 4.45848
      vertex -29.9437 18.6311 2.53152
      vertex -30.2055 18.3836 4.35659
    endloop
  endfacet
  facet normal -0.686971 0.726684 1.71676e-05
    outer loop
      vertex -29.6308 18.9269 2.53824
      vertex -29.9437 18.6311 2.53152
      vertex -29.9793 18.5974 4.45848
    endloop
  endfacet
  facet normal -0.686951 0.726704 8.45925e-06
    outer loop
      vertex -30.2055 18.3836 4.35659
      vertex -29.9437 18.6311 2.53152
      vertex -30.2563 18.3356 2.54502
    endloop
  endfacet
  facet normal -0.687041 0.726619 -9.27526e-06
    outer loop
      vertex -30.9958 17.6364 4.10615
      vertex -30.2563 18.3356 2.54502
      vertex -31.2969 17.3517 4.05003
    endloop
  endfacet
  facet normal -0.686995 0.726663 3.20302e-05
    outer loop
      vertex -30.6991 17.9169 4.18203
      vertex -30.2563 18.3356 2.54502
      vertex -30.9958 17.6364 4.10615
    endloop
  endfacet
  facet normal -0.687152 0.726514 -4.86494e-05
    outer loop
      vertex -30.4369 18.1649 4.26695
      vertex -30.2563 18.3356 2.54502
      vertex -30.6991 17.9169 4.18203
    endloop
  endfacet
  facet normal -0.686883 0.726768 4.8376e-06
    outer loop
      vertex -30.2055 18.3836 4.35659
      vertex -30.2563 18.3356 2.54502
      vertex -30.4369 18.1649 4.26695
    endloop
  endfacet
  facet normal -0.690568 0.723253 -0.00464857
    outer loop
      vertex -30.2563 18.3356 2.54502
      vertex -30.2579 18.334 2.53377
      vertex -31.2969 17.3517 4.05003
    endloop
  endfacet
  facet normal -0.686478 0.72715 0.000678494
    outer loop
      vertex -30.2579 18.334 2.53377
      vertex -30.2595 18.3325 2.52251
      vertex -31.2969 17.3517 4.05003
    endloop
  endfacet
  facet normal -0.686478 0.72715 0.000678993
    outer loop
      vertex -30.2595 18.3325 2.52251
      vertex -30.2611 18.331 2.51126
      vertex -31.2969 17.3517 4.05003
    endloop
  endfacet
  facet normal -0.686478 0.72715 0.000678495
    outer loop
      vertex -30.2611 18.331 2.51126
      vertex -30.2627 18.3295 2.5
      vertex -31.2969 17.3517 4.05003
    endloop
  endfacet
  facet normal -0.686997 0.72666 2.35412e-05
    outer loop
      vertex -31.2969 17.3517 4.05003
      vertex -30.2627 18.3295 2.5
      vertex -31.601 17.0642 4.01393
    endloop
  endfacet
  facet normal -0.686994 0.726663 2.83649e-05
    outer loop
      vertex -31.601 17.0642 4.01393
      vertex -30.2627 18.3295 2.5
      vertex -31.9069 16.775 3.99799
    endloop
  endfacet
  facet normal -0.687007 0.726651 1.23658e-06
    outer loop
      vertex -31.9069 16.775 3.99799
      vertex -30.2627 18.3295 2.5
      vertex -37.2811 11.694 3.99799
    endloop
  endfacet
  facet normal -0.687016 0.726642 0
    outer loop
      vertex -41.1038 8.07976 2.5
      vertex -37.2811 11.694 30.9595
      vertex -37.2811 11.694 3.99799
    endloop
  endfacet
  facet normal -0.687016 0.726642 0
    outer loop
      vertex -37.2811 11.694 30.9595
      vertex -41.1038 8.07976 2.5
      vertex -41.1038 8.07976 33
    endloop
  endfacet
  facet normal -0.68701 0.726648 -2.93599e-05
    outer loop
      vertex -37.2811 11.694 3.99799
      vertex -30.2627 18.3295 2.5
      vertex -41.1038 8.07976 2.5
    endloop
  endfacet
  facet normal 0 -1 0
    outer loop
      vertex -40.8305 7.39275 33
      vertex -38.8305 7.39275 32.5099
      vertex -34.3158 7.39275 33
    endloop
  endfacet
  facet normal 0 -1 0
    outer loop
      vertex -40.8305 7.39275 2.5
      vertex -38.8305 7.39275 32.5099
      vertex -40.8305 7.39275 33
    endloop
  endfacet
  facet normal 0 -1 -0
    outer loop
      vertex -38.8305 7.39275 32.5099
      vertex -40.8305 7.39275 2.5
      vertex -38.8305 7.39275 2.50986
    endloop
  endfacet
  facet normal 0 -1 0
    outer loop
      vertex -34.2838 7.39275 2.5
      vertex -38.8305 7.39275 2.50986
      vertex -40.8305 7.39275 2.5
    endloop
  endfacet
  facet normal 0 -1 0
    outer loop
      vertex -38.8305 7.39275 2.50986
      vertex -34.2838 7.39275 2.5
      vertex -34.2838 7.39275 2.50986
    endloop
  endfacet
  facet normal 0 -1 -0
    outer loop
      vertex -34.3158 7.39275 33
      vertex -38.8305 7.39275 32.5099
      vertex -34.3158 7.39275 32.5099
    endloop
  endfacet
  facet normal -0.929176 -0.369636 0
    outer loop
      vertex -40.8305 7.39275 2.5
      vertex -41.1038 8.07976 33
      vertex -41.1038 8.07976 2.5
    endloop
  endfacet
  facet normal -0.929176 -0.369636 0
    outer loop
      vertex -41.1038 8.07976 33
      vertex -40.8305 7.39275 2.5
      vertex -40.8305 7.39275 33
    endloop
  endfacet
  facet normal -1 0 0
    outer loop
      vertex -34.3158 7.39275 32.5099
      vertex -34.3158 7.34849 33
      vertex -34.3158 7.39275 33
    endloop
  endfacet
  facet normal -1 0 0
    outer loop
      vertex -34.3158 2.39275 32.5099
      vertex -34.3158 7.34849 33
      vertex -34.3158 7.39275 32.5099
    endloop
  endfacet
  facet normal -1 0 0
    outer loop
      vertex -34.3158 2.39275 35.5
      vertex -34.3158 7.34849 33
      vertex -34.3158 2.39275 32.5099
    endloop
  endfacet
  facet normal -1 0 0
    outer loop
      vertex -34.3158 7.34849 33
      vertex -34.3158 2.39275 35.5
      vertex -34.3158 7.34849 35.5
    endloop
  endfacet
  facet normal 0 1 -0
    outer loop
      vertex -32.3305 7.34849 33
      vertex -34.3158 7.34849 35.5
      vertex -32.3305 7.34849 35.5
    endloop
  endfacet
  facet normal 0 1 0
    outer loop
      vertex -34.3158 7.34849 35.5
      vertex -32.3305 7.34849 33
      vertex -34.3158 7.34849 33
    endloop
  endfacet
  facet normal 0 0 -1
    outer loop
      vertex -36.8832 2.39275 31.006
      vertex -32.3305 10.3927 31.006
      vertex -32.3305 2.39275 31.006
    endloop
  endfacet
  facet normal -0 0 -1
    outer loop
      vertex -32.3305 10.3927 31.006
      vertex -36.8832 2.39275 31.006
      vertex -36.8832 10.3927 31.006
    endloop
  endfacet
  facet normal -0 0 1
    outer loop
      vertex -34.3158 7.34849 35.5
      vertex -32.3305 2.39275 35.5
      vertex -32.3305 7.34849 35.5
    endloop
  endfacet
  facet normal 0 0 1
    outer loop
      vertex -32.3305 2.39275 35.5
      vertex -34.3158 7.34849 35.5
      vertex -34.3158 2.39275 35.5
    endloop
  endfacet
  facet normal 0 -1 0
    outer loop
      vertex -38.8305 2.39275 32.5099
      vertex -36.8832 2.39275 31.006
      vertex -34.3158 2.39275 32.5099
    endloop
  endfacet
  facet normal 0 -1 0
    outer loop
      vertex -38.8305 2.39275 32.5099
      vertex -36.8832 2.39275 4
      vertex -36.8832 2.39275 31.006
    endloop
  endfacet
  facet normal 0 -1 0
    outer loop
      vertex -38.8305 2.39275 2.50986
      vertex -36.8832 2.39275 4
      vertex -38.8305 2.39275 32.5099
    endloop
  endfacet
  facet normal 0 -1 0
    outer loop
      vertex -34.2838 2.39275 2.50986
      vertex -36.8832 2.39275 4
      vertex -38.8305 2.39275 2.50986
    endloop
  endfacet
  facet normal 0 -1 0
    outer loop
      vertex -36.8832 2.39275 4
      vertex -34.2838 2.39275 2.50986
      vertex -32.3305 2.39275 4
    endloop
  endfacet
  facet normal 0 -1 0
    outer loop
      vertex -32.3305 2.39275 0
      vertex -34.2838 2.39275 2.50986
      vertex -34.2838 2.39275 0
    endloop
  endfacet
  facet normal 0 -1 0
    outer loop
      vertex -34.2838 2.39275 2.50986
      vertex -32.3305 2.39275 0
      vertex -32.3305 2.39275 4
    endloop
  endfacet
  facet normal 0 -1 0
    outer loop
      vertex -34.3158 2.39275 32.5099
      vertex -32.3305 2.39275 35.5
      vertex -34.3158 2.39275 35.5
    endloop
  endfacet
  facet normal 0 -1 0
    outer loop
      vertex -34.3158 2.39275 32.5099
      vertex -32.3305 2.39275 31.006
      vertex -32.3305 2.39275 35.5
    endloop
  endfacet
  facet normal 0 -1 0
    outer loop
      vertex -32.3305 2.39275 31.006
      vertex -34.3158 2.39275 32.5099
      vertex -36.8832 2.39275 31.006
    endloop
  endfacet
  facet normal 1 -0 0
    outer loop
      vertex -36.8832 2.39275 31.006
      vertex -36.8832 10.3927 4
      vertex -36.8832 10.3927 31.006
    endloop
  endfacet
  facet normal 1 0 0
    outer loop
      vertex -36.8832 10.3927 4
      vertex -36.8832 2.39275 31.006
      vertex -36.8832 2.39275 4
    endloop
  endfacet
  facet normal -0 0 1
    outer loop
      vertex -36.8832 10.3927 4
      vertex -32.3305 2.39275 4
      vertex -32.3305 10.3927 4
    endloop
  endfacet
  facet normal 0 0 1
    outer loop
      vertex -32.3305 2.39275 4
      vertex -36.8832 10.3927 4
      vertex -36.8832 2.39275 4
    endloop
  endfacet
  facet normal 0 0 -1
    outer loop
      vertex -34.2838 2.39275 0
      vertex -32.3305 7.18625 0
      vertex -32.3305 2.39275 0
    endloop
  endfacet
  facet normal -0 0 -1
    outer loop
      vertex -32.3305 7.18625 0
      vertex -34.2838 2.39275 0
      vertex -34.2838 7.18625 0
    endloop
  endfacet
  facet normal 0 1 -0
    outer loop
      vertex -32.3305 7.18625 0
      vertex -34.2838 7.18625 2.5
      vertex -32.3305 7.18625 2.5
    endloop
  endfacet
  facet normal 0 1 0
    outer loop
      vertex -34.2838 7.18625 2.5
      vertex -32.3305 7.18625 0
      vertex -34.2838 7.18625 0
    endloop
  endfacet
  facet normal -1 0 0
    outer loop
      vertex -34.2838 7.18625 0
      vertex -34.2838 2.39275 0
      vertex -34.2838 7.18625 2.5
    endloop
  endfacet
  facet normal -1 0 0
    outer loop
      vertex -34.2838 7.18625 2.5
      vertex -34.2838 7.39275 2.50986
      vertex -34.2838 7.39275 2.5
    endloop
  endfacet
  facet normal -1 0 0
    outer loop
      vertex -34.2838 7.18625 2.5
      vertex -34.2838 2.39275 2.50986
      vertex -34.2838 7.39275 2.50986
    endloop
  endfacet
  facet normal -1 0 0
    outer loop
      vertex -34.2838 2.39275 2.50986
      vertex -34.2838 7.18625 2.5
      vertex -34.2838 2.39275 0
    endloop
  endfacet
  facet normal 0 -1 0
    outer loop
      vertex -26.5523 10.3927 12.3505
      vertex -26.3555 10.3927 15.804
      vertex -26.4559 10.3927 15.804
    endloop
  endfacet
  facet normal 0 -1 0
    outer loop
      vertex -26.8547 10.3927 12.3977
      vertex -26.4559 10.3927 15.804
      vertex -26.5562 10.3927 15.809
    endloop
  endfacet
  facet normal 0 -1 0
    outer loop
      vertex -26.8547 10.3927 12.3977
      vertex -26.5562 10.3927 15.809
      vertex -26.6561 10.3927 15.819
    endloop
  endfacet
  facet normal 0 -1 0
    outer loop
      vertex -26.8547 10.3927 12.3977
      vertex -26.6561 10.3927 15.819
      vertex -26.7554 10.3927 15.834
    endloop
  endfacet
  facet normal 0 -1 0
    outer loop
      vertex -26.8547 10.3927 12.3977
      vertex -26.7554 10.3927 15.834
      vertex -26.8538 10.3927 15.8539
    endloop
  endfacet
  facet normal 0 -1 0
    outer loop
      vertex -26.8547 10.3927 12.3977
      vertex -26.8538 10.3927 15.8539
      vertex -26.8547 10.3927 15.8541
    endloop
  endfacet
  facet normal 0 -1 0
    outer loop
      vertex -26.3555 10.3927 15.804
      vertex -24.6551 10.3927 12.4456
      vertex -24.3908 10.3927 12.5129
    endloop
  endfacet
  facet normal 0 -1 0
    outer loop
      vertex -26.4559 10.3927 15.804
      vertex -26.8547 10.3927 12.3977
      vertex -26.822 10.3927 12.3911
    endloop
  endfacet
  facet normal 0 -1 0
    outer loop
      vertex -26.3555 10.3927 15.804
      vertex -24.9224 10.3927 12.3915
      vertex -24.6551 10.3927 12.4456
    endloop
  endfacet
  facet normal 0 -1 0
    outer loop
      vertex -26.4559 10.3927 15.804
      vertex -26.822 10.3927 12.3911
      vertex -26.5523 10.3927 12.3505
    endloop
  endfacet
  facet normal 0 -1 0
    outer loop
      vertex -26.3555 10.3927 15.804
      vertex -25.1921 10.3927 12.3508
      vertex -24.9224 10.3927 12.3915
    endloop
  endfacet
  facet normal 0 -1 -0
    outer loop
      vertex -26.3555 10.3927 15.804
      vertex -26.5523 10.3927 12.3505
      vertex -26.281 10.3927 12.3234
    endloop
  endfacet
  facet normal 0 -1 0
    outer loop
      vertex -26.3555 10.3927 15.804
      vertex -25.4635 10.3927 12.3236
      vertex -25.1921 10.3927 12.3508
    endloop
  endfacet
  facet normal 0 -1 0
    outer loop
      vertex -26.3555 10.3927 15.804
      vertex -26.281 10.3927 12.3234
      vertex -26.0086 10.3927 12.3099
    endloop
  endfacet
  facet normal 0 -1 0
    outer loop
      vertex -26.3555 10.3927 15.804
      vertex -25.7359 10.3927 12.3099
      vertex -25.4635 10.3927 12.3236
    endloop
  endfacet
  facet normal 0 -1 0
    outer loop
      vertex -26.3555 10.3927 15.804
      vertex -26.0086 10.3927 12.3099
      vertex -25.7359 10.3927 12.3099
    endloop
  endfacet
  facet normal 0 -1 0
    outer loop
      vertex -26.2552 10.3927 19.8253
      vertex -26.0086 10.3927 23.2446
      vertex -26.281 10.3927 23.2311
    endloop
  endfacet
  facet normal 0 -1 -0
    outer loop
      vertex -26.0086 10.3927 23.2446
      vertex -26.1553 10.3927 19.8153
      vertex -25.7359 10.3927 23.2446
    endloop
  endfacet
  facet normal 0 -1 0
    outer loop
      vertex -26.3555 10.3927 19.8303
      vertex -26.281 10.3927 23.2311
      vertex -26.5523 10.3927 23.204
    endloop
  endfacet
  facet normal 0 -1 0
    outer loop
      vertex -26.056 10.3927 19.8004
      vertex -25.7359 10.3927 23.2446
      vertex -26.1553 10.3927 19.8153
    endloop
  endfacet
  facet normal 0 -1 0
    outer loop
      vertex -26.4559 10.3927 19.8303
      vertex -26.5523 10.3927 23.204
      vertex -26.822 10.3927 23.1633
    endloop
  endfacet
  facet normal 0 -1 -0
    outer loop
      vertex -25.7359 10.3927 23.2446
      vertex -26.056 10.3927 19.8004
      vertex -25.4635 10.3927 23.2309
    endloop
  endfacet
  facet normal 0 -1 0
    outer loop
      vertex -26.4559 10.3927 19.8303
      vertex -26.822 10.3927 23.1633
      vertex -26.8547 10.3927 23.1567
    endloop
  endfacet
  facet normal 0 -1 0
    outer loop
      vertex -25.9576 10.3927 19.7805
      vertex -25.4635 10.3927 23.2309
      vertex -26.056 10.3927 19.8004
    endloop
  endfacet
  facet normal 0 -1 0
    outer loop
      vertex -25.8603 10.3927 19.7557
      vertex -25.1921 10.3927 23.2037
      vertex -25.9576 10.3927 19.7805
    endloop
  endfacet
  facet normal 0 -1 0
    outer loop
      vertex -26.5523 10.3927 23.204
      vertex -26.4559 10.3927 19.8303
      vertex -26.3555 10.3927 19.8303
    endloop
  endfacet
  facet normal 0 -1 0
    outer loop
      vertex -26.8547 10.3927 23.1567
      vertex -26.5562 10.3927 19.8253
      vertex -26.4559 10.3927 19.8303
    endloop
  endfacet
  facet normal 0 -1 0
    outer loop
      vertex -26.8547 10.3927 23.1567
      vertex -26.6561 10.3927 19.8153
      vertex -26.5562 10.3927 19.8253
    endloop
  endfacet
  facet normal 0 -1 0
    outer loop
      vertex -26.8547 10.3927 23.1567
      vertex -26.7554 10.3927 19.8004
      vertex -26.6561 10.3927 19.8153
    endloop
  endfacet
  facet normal 0 -1 0
    outer loop
      vertex -26.8547 10.3927 23.1567
      vertex -26.8538 10.3927 19.7805
      vertex -26.7554 10.3927 19.8004
    endloop
  endfacet
  facet normal -0 -1 0
    outer loop
      vertex -26.8538 10.3927 19.7805
      vertex -26.8547 10.3927 23.1567
      vertex -26.8547 10.3927 19.7802
    endloop
  endfacet
  facet normal 0 -1 -0
    outer loop
      vertex -26.281 10.3927 23.2311
      vertex -26.3555 10.3927 19.8303
      vertex -26.2552 10.3927 19.8253
    endloop
  endfacet
  facet normal 0 -1 0
    outer loop
      vertex -26.0086 10.3927 23.2446
      vertex -26.2552 10.3927 19.8253
      vertex -26.1553 10.3927 19.8153
    endloop
  endfacet
  facet normal 0 -1 -0
    outer loop
      vertex -25.4635 10.3927 23.2309
      vertex -25.9576 10.3927 19.7805
      vertex -25.1921 10.3927 23.2037
    endloop
  endfacet
  facet normal 0 -1 -0
    outer loop
      vertex -25.1921 10.3927 23.2037
      vertex -25.8603 10.3927 19.7557
      vertex -24.9224 10.3927 23.163
    endloop
  endfacet
  facet normal 0 -1 0
    outer loop
      vertex -25.7644 10.3927 19.7261
      vertex -24.9224 10.3927 23.163
      vertex -25.8603 10.3927 19.7557
    endloop
  endfacet
  facet normal 0 -1 -0
    outer loop
      vertex -24.9224 10.3927 23.163
      vertex -25.7644 10.3927 19.7261
      vertex -24.6551 10.3927 23.1089
    endloop
  endfacet
  facet normal 0 -1 0
    outer loop
      vertex -25.67 10.3927 19.6917
      vertex -24.6551 10.3927 23.1089
      vertex -25.7644 10.3927 19.7261
    endloop
  endfacet
  facet normal 0 -1 -0
    outer loop
      vertex -24.6551 10.3927 23.1089
      vertex -25.67 10.3927 19.6917
      vertex -24.3908 10.3927 23.0416
    endloop
  endfacet
  facet normal 0 -1 0
    outer loop
      vertex -25.5775 10.3927 19.6527
      vertex -24.3908 10.3927 23.0416
      vertex -25.67 10.3927 19.6917
    endloop
  endfacet
  facet normal 0 -1 0
    outer loop
      vertex -25.487 10.3927 19.6092
      vertex -24.3908 10.3927 23.0416
      vertex -25.5775 10.3927 19.6527
    endloop
  endfacet
  facet normal 0 -1 0
    outer loop
      vertex -25.3988 10.3927 19.5612
      vertex -24.3908 10.3927 23.0416
      vertex -25.487 10.3927 19.6092
    endloop
  endfacet
  facet normal 0 -1 0
    outer loop
      vertex -25.3132 10.3927 19.5088
      vertex -24.3908 10.3927 23.0416
      vertex -25.3988 10.3927 19.5612
    endloop
  endfacet
  facet normal 0 -1 0
    outer loop
      vertex -25.2302 10.3927 19.4522
      vertex -24.3908 10.3927 23.0416
      vertex -25.3132 10.3927 19.5088
    endloop
  endfacet
  facet normal 0 -1 0
    outer loop
      vertex -25.1502 10.3927 19.3916
      vertex -24.3908 10.3927 23.0416
      vertex -25.2302 10.3927 19.4522
    endloop
  endfacet
  facet normal 0 -1 0
    outer loop
      vertex -25.0732 10.3927 19.3271
      vertex -24.3908 10.3927 23.0416
      vertex -25.1502 10.3927 19.3916
    endloop
  endfacet
  facet normal 0 -1 0
    outer loop
      vertex -24.9996 10.3927 19.2588
      vertex -24.3908 10.3927 23.0416
      vertex -25.0732 10.3927 19.3271
    endloop
  endfacet
  facet normal 0 -1 0
    outer loop
      vertex -24.9295 10.3927 19.1869
      vertex -24.3908 10.3927 23.0416
      vertex -24.9996 10.3927 19.2588
    endloop
  endfacet
  facet normal 0 -1 0
    outer loop
      vertex -24.8631 10.3927 19.1116
      vertex -24.3908 10.3927 23.0416
      vertex -24.9295 10.3927 19.1869
    endloop
  endfacet
  facet normal 0 -1 0
    outer loop
      vertex -24.8005 10.3927 19.0331
      vertex -24.3908 10.3927 23.0416
      vertex -24.8631 10.3927 19.1116
    endloop
  endfacet
  facet normal 0 -1 0
    outer loop
      vertex -24.7419 10.3927 18.9516
      vertex -24.3908 10.3927 23.0416
      vertex -24.8005 10.3927 19.0331
    endloop
  endfacet
  facet normal 0 -1 0
    outer loop
      vertex -24.6874 10.3927 18.8672
      vertex -24.3908 10.3927 23.0416
      vertex -24.7419 10.3927 18.9516
    endloop
  endfacet
  facet normal 0 -1 0
    outer loop
      vertex -24.6372 10.3927 18.7803
      vertex -24.3908 10.3927 23.0416
      vertex -24.6874 10.3927 18.8672
    endloop
  endfacet
  facet normal 0 -1 0
    outer loop
      vertex -24.5914 10.3927 18.6909
      vertex -24.3908 10.3927 23.0416
      vertex -24.6372 10.3927 18.7803
    endloop
  endfacet
  facet normal 0 -1 0
    outer loop
      vertex -24.5501 10.3927 18.5994
      vertex -24.3908 10.3927 23.0416
      vertex -24.5914 10.3927 18.6909
    endloop
  endfacet
  facet normal 0 -1 0
    outer loop
      vertex -24.5134 10.3927 18.5059
      vertex -24.3908 10.3927 23.0416
      vertex -24.5501 10.3927 18.5994
    endloop
  endfacet
  facet normal 0 -1 0
    outer loop
      vertex -24.4814 10.3927 18.4107
      vertex -24.3908 10.3927 23.0416
      vertex -24.5134 10.3927 18.5059
    endloop
  endfacet
  facet normal 0 -1 0
    outer loop
      vertex -24.4542 10.3927 18.3141
      vertex -24.3908 10.3927 23.0416
      vertex -24.4814 10.3927 18.4107
    endloop
  endfacet
  facet normal 0 -1 0
    outer loop
      vertex -24.4319 10.3927 18.2162
      vertex -24.3908 10.3927 23.0416
      vertex -24.4542 10.3927 18.3141
    endloop
  endfacet
  facet normal 0 -1 0
    outer loop
      vertex -24.4144 10.3927 18.1173
      vertex -24.3908 10.3927 23.0416
      vertex -24.4319 10.3927 18.2162
    endloop
  endfacet
  facet normal 0 -1 0
    outer loop
      vertex -24.402 10.3927 18.0177
      vertex -24.3908 10.3927 23.0416
      vertex -24.4144 10.3927 18.1173
    endloop
  endfacet
  facet normal 0 -1 0
    outer loop
      vertex -24.3944 10.3927 17.9176
      vertex -24.3908 10.3927 23.0416
      vertex -24.402 10.3927 18.0177
    endloop
  endfacet
  facet normal 0 -1 0
    outer loop
      vertex -24.3919 10.3927 17.8172
      vertex -24.3908 10.3927 23.0416
      vertex -24.3944 10.3927 17.9176
    endloop
  endfacet
  facet normal 0 -1 0
    outer loop
      vertex -24.3919 10.3927 17.8172
      vertex -24.3908 10.3927 12.5129
      vertex -24.3908 10.3927 23.0416
    endloop
  endfacet
  facet normal 0 -1 0
    outer loop
      vertex -24.3944 10.3927 17.7168
      vertex -24.3908 10.3927 12.5129
      vertex -24.3919 10.3927 17.8172
    endloop
  endfacet
  facet normal 0 -1 0
    outer loop
      vertex -24.402 10.3927 17.6167
      vertex -24.3908 10.3927 12.5129
      vertex -24.3944 10.3927 17.7168
    endloop
  endfacet
  facet normal 0 -1 0
    outer loop
      vertex -24.4144 10.3927 17.517
      vertex -24.3908 10.3927 12.5129
      vertex -24.402 10.3927 17.6167
    endloop
  endfacet
  facet normal 0 -1 0
    outer loop
      vertex -24.4319 10.3927 17.4181
      vertex -24.3908 10.3927 12.5129
      vertex -24.4144 10.3927 17.517
    endloop
  endfacet
  facet normal 0 -1 0
    outer loop
      vertex -24.4542 10.3927 17.3203
      vertex -24.3908 10.3927 12.5129
      vertex -24.4319 10.3927 17.4181
    endloop
  endfacet
  facet normal 0 -1 0
    outer loop
      vertex -24.4814 10.3927 17.2236
      vertex -24.3908 10.3927 12.5129
      vertex -24.4542 10.3927 17.3203
    endloop
  endfacet
  facet normal 0 -1 0
    outer loop
      vertex -24.5134 10.3927 17.1284
      vertex -24.3908 10.3927 12.5129
      vertex -24.4814 10.3927 17.2236
    endloop
  endfacet
  facet normal 0 -1 0
    outer loop
      vertex -24.5501 10.3927 17.035
      vertex -24.3908 10.3927 12.5129
      vertex -24.5134 10.3927 17.1284
    endloop
  endfacet
  facet normal 0 -1 0
    outer loop
      vertex -24.5914 10.3927 16.9434
      vertex -24.3908 10.3927 12.5129
      vertex -24.5501 10.3927 17.035
    endloop
  endfacet
  facet normal 0 -1 0
    outer loop
      vertex -24.6372 10.3927 16.8541
      vertex -24.3908 10.3927 12.5129
      vertex -24.5914 10.3927 16.9434
    endloop
  endfacet
  facet normal 0 -1 0
    outer loop
      vertex -24.6874 10.3927 16.7671
      vertex -24.3908 10.3927 12.5129
      vertex -24.6372 10.3927 16.8541
    endloop
  endfacet
  facet normal 0 -1 0
    outer loop
      vertex -24.7419 10.3927 16.6828
      vertex -24.3908 10.3927 12.5129
      vertex -24.6874 10.3927 16.7671
    endloop
  endfacet
  facet normal 0 -1 0
    outer loop
      vertex -24.8005 10.3927 16.6012
      vertex -24.3908 10.3927 12.5129
      vertex -24.7419 10.3927 16.6828
    endloop
  endfacet
  facet normal 0 -1 0
    outer loop
      vertex -24.8631 10.3927 16.5227
      vertex -24.3908 10.3927 12.5129
      vertex -24.8005 10.3927 16.6012
    endloop
  endfacet
  facet normal 0 -1 0
    outer loop
      vertex -24.9295 10.3927 16.4475
      vertex -24.3908 10.3927 12.5129
      vertex -24.8631 10.3927 16.5227
    endloop
  endfacet
  facet normal 0 -1 0
    outer loop
      vertex -24.9996 10.3927 16.3756
      vertex -24.3908 10.3927 12.5129
      vertex -24.9295 10.3927 16.4475
    endloop
  endfacet
  facet normal 0 -1 0
    outer loop
      vertex -25.0732 10.3927 16.3073
      vertex -24.3908 10.3927 12.5129
      vertex -24.9996 10.3927 16.3756
    endloop
  endfacet
  facet normal 0 -1 0
    outer loop
      vertex -25.1502 10.3927 16.2427
      vertex -24.3908 10.3927 12.5129
      vertex -25.0732 10.3927 16.3073
    endloop
  endfacet
  facet normal 0 -1 0
    outer loop
      vertex -25.2302 10.3927 16.1821
      vertex -24.3908 10.3927 12.5129
      vertex -25.1502 10.3927 16.2427
    endloop
  endfacet
  facet normal 0 -1 0
    outer loop
      vertex -25.3132 10.3927 16.1255
      vertex -24.3908 10.3927 12.5129
      vertex -25.2302 10.3927 16.1821
    endloop
  endfacet
  facet normal 0 -1 0
    outer loop
      vertex -25.3988 10.3927 16.0732
      vertex -24.3908 10.3927 12.5129
      vertex -25.3132 10.3927 16.1255
    endloop
  endfacet
  facet normal 0 -1 0
    outer loop
      vertex -25.487 10.3927 16.0252
      vertex -24.3908 10.3927 12.5129
      vertex -25.3988 10.3927 16.0732
    endloop
  endfacet
  facet normal 0 -1 0
    outer loop
      vertex -25.5775 10.3927 15.9816
      vertex -24.3908 10.3927 12.5129
      vertex -25.487 10.3927 16.0252
    endloop
  endfacet
  facet normal 0 -1 0
    outer loop
      vertex -25.67 10.3927 15.9426
      vertex -24.3908 10.3927 12.5129
      vertex -25.5775 10.3927 15.9816
    endloop
  endfacet
  facet normal 0 -1 0
    outer loop
      vertex -25.7644 10.3927 15.9083
      vertex -24.3908 10.3927 12.5129
      vertex -25.67 10.3927 15.9426
    endloop
  endfacet
  facet normal 0 -1 0
    outer loop
      vertex -25.8603 10.3927 15.8787
      vertex -24.3908 10.3927 12.5129
      vertex -25.7644 10.3927 15.9083
    endloop
  endfacet
  facet normal 0 -1 0
    outer loop
      vertex -25.9576 10.3927 15.8539
      vertex -24.3908 10.3927 12.5129
      vertex -25.8603 10.3927 15.8787
    endloop
  endfacet
  facet normal 0 -1 0
    outer loop
      vertex -26.056 10.3927 15.834
      vertex -24.3908 10.3927 12.5129
      vertex -25.9576 10.3927 15.8539
    endloop
  endfacet
  facet normal 0 -1 0
    outer loop
      vertex -26.1553 10.3927 15.819
      vertex -24.3908 10.3927 12.5129
      vertex -26.056 10.3927 15.834
    endloop
  endfacet
  facet normal 0 -1 0
    outer loop
      vertex -26.2552 10.3927 15.809
      vertex -24.3908 10.3927 12.5129
      vertex -26.1553 10.3927 15.819
    endloop
  endfacet
  facet normal 0 -1 0
    outer loop
      vertex -24.3908 10.3927 12.5129
      vertex -26.2552 10.3927 15.809
      vertex -26.3555 10.3927 15.804
    endloop
  endfacet
  facet normal 0.181566 0 -0.983379
    outer loop
      vertex -31.6345 17.0325 30.9595
      vertex -31.4796 11.694 30.9881
      vertex -31.6345 11.694 30.9595
    endloop
  endfacet
  facet normal 0.180641 -2.77767e-05 -0.983549
    outer loop
      vertex -31.4744 17.1839 30.9889
      vertex -31.4796 11.694 30.9881
      vertex -31.6345 17.0325 30.9595
    endloop
  endfacet
  facet normal 0.134575 1.6928e-05 -0.990903
    outer loop
      vertex -31.4744 17.1839 30.9889
      vertex -31.3235 11.694 31.0093
      vertex -31.4796 11.694 30.9881
    endloop
  endfacet
  facet normal 0.132092 -5.2566e-05 -0.991237
    outer loop
      vertex -31.313 17.3365 31.0104
      vertex -31.3235 11.694 31.0093
      vertex -31.4744 17.1839 30.9889
    endloop
  endfacet
  facet normal 0.0869858 3.23402e-05 -0.99621
    outer loop
      vertex -31.313 17.3365 31.0104
      vertex -31.1666 11.694 31.023
      vertex -31.3235 11.694 31.0093
    endloop
  endfacet
  facet normal 0.0801373 -0.000146632 -0.996784
    outer loop
      vertex -31.1261 17.5132 31.0254
      vertex -31.1666 11.694 31.023
      vertex -31.313 17.3365 31.0104
    endloop
  endfacet
  facet normal 0.0399934 0.000133755 -0.9992
    outer loop
      vertex -31.1261 17.5132 31.0254
      vertex -31.0092 11.694 31.0293
      vertex -31.1666 11.694 31.023
    endloop
  endfacet
  facet normal 0.0231335 -0.000205294 -0.999732
    outer loop
      vertex -30.9387 17.6904 31.0297
      vertex -31.0092 11.694 31.0293
      vertex -31.1261 17.5132 31.0254
    endloop
  endfacet
  facet normal -0.00698396 0.000148816 -0.999976
    outer loop
      vertex -30.9387 17.6904 31.0297
      vertex -30.8517 11.694 31.0282
      vertex -31.0092 11.694 31.0293
    endloop
  endfacet
  facet normal -0.0328522 -0.000226627 -0.99946
    outer loop
      vertex -30.7513 17.8676 31.0235
      vertex -30.8517 11.694 31.0282
      vertex -30.9387 17.6904 31.0297
    endloop
  endfacet
  facet normal -0.0552589 0.000138522 -0.998472
    outer loop
      vertex -30.7513 17.8676 31.0235
      vertex -30.6945 11.694 31.0195
      vertex -30.8517 11.694 31.0282
    endloop
  endfacet
  facet normal -0.0862833 -0.000148342 -0.996271
    outer loop
      vertex -30.5853 18.0245 31.0091
      vertex -30.6945 11.694 31.0195
      vertex -30.7513 17.8676 31.0235
    endloop
  endfacet
  facet normal -0.102206 0.000128799 -0.994763
    outer loop
      vertex -30.5853 18.0245 31.0091
      vertex -30.5378 11.694 31.0034
      vertex -30.6945 11.694 31.0195
    endloop
  endfacet
  facet normal -0.130252 -8.45936e-05 -0.991481
    outer loop
      vertex -30.4613 18.1417 30.9928
      vertex -30.5378 11.694 31.0034
      vertex -30.5853 18.0245 31.0091
    endloop
  endfacet
  facet normal -0.149147 0.000143979 -0.988815
    outer loop
      vertex -30.4613 18.1417 30.9928
      vertex -30.382 11.694 30.9799
      vertex -30.5378 11.694 31.0034
    endloop
  endfacet
  facet normal -0.167176 -8.35393e-05 -0.985927
    outer loop
      vertex -30.3381 18.2582 30.9719
      vertex -30.382 11.694 30.9799
      vertex -30.4613 18.1417 30.9928
    endloop
  endfacet
  facet normal -0.195506 0.000112288 -0.980703
    outer loop
      vertex -30.3381 18.2582 30.9719
      vertex -30.2275 11.694 30.9491
      vertex -30.382 11.694 30.9799
    endloop
  endfacet
  facet normal -0.203922 -3.54772e-05 -0.978987
    outer loop
      vertex -30.2157 18.3739 30.9464
      vertex -30.2275 11.694 30.9491
      vertex -30.3381 18.2582 30.9719
    endloop
  endfacet
  facet normal -0.242536 3.63083e-05 -0.970142
    outer loop
      vertex -30.2157 18.3739 30.9464
      vertex -30.0747 11.694 30.9109
      vertex -30.2275 11.694 30.9491
    endloop
  endfacet
  facet normal -0.240906 7.28694e-05 -0.970549
    outer loop
      vertex -30.0944 18.4886 30.9163
      vertex -30.0747 11.694 30.9109
      vertex -30.2157 18.3739 30.9464
    endloop
  endfacet
  facet normal -0.277537 -4.11516e-05 -0.960715
    outer loop
      vertex -29.9743 18.6022 30.8816
      vertex -30.0747 11.694 30.9109
      vertex -30.0944 18.4886 30.9163
    endloop
  endfacet
  facet normal -0.287697 0.000119219 -0.957721
    outer loop
      vertex -29.9743 18.6022 30.8816
      vertex -29.9239 11.694 30.8656
      vertex -30.0747 11.694 30.9109
    endloop
  endfacet
  facet normal -0.333119 0.000124934 -0.942885
    outer loop
      vertex -29.8556 18.7144 30.8424
      vertex -29.7753 11.694 30.8131
      vertex -29.9239 11.694 30.8656
    endloop
  endfacet
  facet normal -0.313512 -8.79592e-05 -0.949584
    outer loop
      vertex -29.8556 18.7144 30.8424
      vertex -29.9239 11.694 30.8656
      vertex -29.9743 18.6022 30.8816
    endloop
  endfacet
  facet normal -0.367453 3.63769e-05 -0.930042
    outer loop
      vertex -29.7384 18.8252 30.7988
      vertex -29.6938 11.6956 30.7809
      vertex -29.7753 11.694 30.8131
    endloop
  endfacet
  facet normal -0.348606 -7.56408e-05 -0.93727
    outer loop
      vertex -29.7384 18.8252 30.7988
      vertex -29.7753 11.694 30.8131
      vertex -29.8556 18.7144 30.8424
    endloop
  endfacet
  facet normal -0.392115 9.982e-06 -0.919916
    outer loop
      vertex -29.623 18.9343 30.7508
      vertex -29.6138 11.7005 30.7468
      vertex -29.6938 11.6956 30.7809
    endloop
  endfacet
  facet normal -0.415894 -2.6069e-05 -0.909413
    outer loop
      vertex -29.5353 11.7084 30.7109
      vertex -29.6138 11.7005 30.7468
      vertex -29.623 18.9343 30.7508
    endloop
  endfacet
  facet normal -0.38398 -8.38304e-05 -0.923342
    outer loop
      vertex -29.623 18.9343 30.7508
      vertex -29.6938 11.6956 30.7809
      vertex -29.7384 18.8252 30.7988
    endloop
  endfacet
  facet normal -0.439234 2.62392e-05 -0.898373
    outer loop
      vertex -29.5095 19.0417 30.6985
      vertex -29.4586 11.7192 30.6734
      vertex -29.5353 11.7084 30.7109
    endloop
  endfacet
  facet normal -0.41845 -6.35668e-05 -0.90824
    outer loop
      vertex -29.5095 19.0417 30.6985
      vertex -29.5353 11.7084 30.7109
      vertex -29.623 18.9343 30.7508
    endloop
  endfacet
  facet normal -0.462326 2.34628e-05 -0.88671
    outer loop
      vertex -29.398 19.1471 30.642
      vertex -29.3838 11.7327 30.6344
      vertex -29.4586 11.7192 30.6734
    endloop
  endfacet
  facet normal -0.484311 -3.07513e-05 -0.874896
    outer loop
      vertex -29.311 11.7486 30.5941
      vertex -29.3838 11.7327 30.6344
      vertex -29.398 19.1471 30.642
    endloop
  endfacet
  facet normal -0.451944 -8.37965e-05 -0.892046
    outer loop
      vertex -29.398 19.1471 30.642
      vertex -29.4586 11.7192 30.6734
      vertex -29.5095 19.0417 30.6985
    endloop
  endfacet
  facet normal -0.505163 2.91155e-05 -0.863024
    outer loop
      vertex -29.2887 19.2504 30.5813
      vertex -29.2401 11.7669 30.5526
      vertex -29.311 11.7486 30.5941
    endloop
  endfacet
  facet normal -0.485472 -4.85753e-05 -0.874252
    outer loop
      vertex -29.2887 19.2504 30.5813
      vertex -29.311 11.7486 30.5941
      vertex -29.398 19.1471 30.642
    endloop
  endfacet
  facet normal -0.527337 2.05794e-05 -0.849656
    outer loop
      vertex -29.1818 19.3515 30.5166
      vertex -29.1713 11.7874 30.5099
      vertex -29.2401 11.7669 30.5526
    endloop
  endfacet
  facet normal -0.547144 -1.80919e-05 -0.837039
    outer loop
      vertex -29.1046 11.8098 30.4663
      vertex -29.1713 11.7874 30.5099
      vertex -29.1818 19.3515 30.5166
    endloop
  endfacet
  facet normal -0.517731 -8.11964e-05 -0.855543
    outer loop
      vertex -29.1818 19.3515 30.5166
      vertex -29.2401 11.7669 30.5526
      vertex -29.2887 19.2504 30.5813
    endloop
  endfacet
  facet normal -0.567293 2.55621e-05 -0.823516
    outer loop
      vertex -29.0774 19.4502 30.4478
      vertex -29.04 11.8341 30.4218
      vertex -29.1046 11.8098 30.4663
    endloop
  endfacet
  facet normal -0.550221 -6.30644e-05 -0.835019
    outer loop
      vertex -29.0774 19.4502 30.4478
      vertex -29.1046 11.8098 30.4663
      vertex -29.1818 19.3515 30.5166
    endloop
  endfacet
  facet normal -0.586246 2.69418e-07 -0.810133
    outer loop
      vertex -28.9756 19.5464 30.3752
      vertex -28.9774 11.8601 30.3765
      vertex -29.04 11.8341 30.4218
    endloop
  endfacet
  facet normal -0.605252 7.10482e-06 -0.796034
    outer loop
      vertex -28.9756 19.5464 30.3752
      vertex -28.9169 11.8876 30.3305
      vertex -28.9774 11.8601 30.3765
    endloop
  endfacet
  facet normal -0.580588 -7.154e-05 -0.814198
    outer loop
      vertex -28.9756 19.5464 30.3752
      vertex -29.04 11.8341 30.4218
      vertex -29.0774 19.4502 30.4478
    endloop
  endfacet
  facet normal -0.62242 2.7119e-05 -0.782683
    outer loop
      vertex -28.8767 19.6399 30.2988
      vertex -28.8583 11.9166 30.2839
      vertex -28.9169 11.8876 30.3305
    endloop
  endfacet
  facet normal -0.611294 -6.62317e-05 -0.791403
    outer loop
      vertex -28.8767 19.6399 30.2988
      vertex -28.9169 11.8876 30.3305
      vertex -28.9756 19.5464 30.3752
    endloop
  endfacet
  facet normal -0.639771 -4.14543e-05 -0.768565
    outer loop
      vertex -28.8016 11.9471 30.2367
      vertex -28.8583 11.9166 30.2839
      vertex -28.8767 19.6399 30.2988
    endloop
  endfacet
  facet normal -0.640625 -5.55393e-05 -0.767854
    outer loop
      vertex -28.7807 19.7307 30.2187
      vertex -28.8016 11.9471 30.2367
      vertex -28.8767 19.6399 30.2988
    endloop
  endfacet
  facet normal -0.657343 2.23311e-05 -0.753592
    outer loop
      vertex -28.7807 19.7307 30.2187
      vertex -28.7468 11.9788 30.1889
      vertex -28.8016 11.9471 30.2367
    endloop
  endfacet
  facet normal -0.668885 -6.74565e-05 -0.743366
    outer loop
      vertex -28.6878 19.8185 30.1351
      vertex -28.7468 11.9788 30.1889
      vertex -28.7807 19.7307 30.2187
    endloop
  endfacet
  facet normal -0.675495 2.34707e-05 -0.737364
    outer loop
      vertex -28.6878 19.8185 30.1351
      vertex -28.6765 12.0229 30.1245
      vertex -28.7468 11.9788 30.1889
    endloop
  endfacet
  facet normal -0.697501 -3.66831e-05 -0.716584
    outer loop
      vertex -28.6013 12.0748 30.0513
      vertex -28.6765 12.0229 30.1245
      vertex -28.6878 19.8185 30.1351
    endloop
  endfacet
  facet normal -0.696624 -1.76716e-05 -0.717436
    outer loop
      vertex -28.5981 19.9033 30.048
      vertex -28.6013 12.0748 30.0513
      vertex -28.6878 19.8185 30.1351
    endloop
  endfacet
  facet normal -0.719637 1.46629e-06 -0.694351
    outer loop
      vertex -28.5981 19.9033 30.048
      vertex -28.5299 12.1291 29.9773
      vertex -28.6013 12.0748 30.0513
    endloop
  endfacet
  facet normal -0.722515 -5.102e-05 -0.691356
    outer loop
      vertex -28.5117 19.985 29.9577
      vertex -28.5299 12.1291 29.9773
      vertex -28.5981 19.9033 30.048
    endloop
  endfacet
  facet normal -0.741033 4.15017e-05 -0.671468
    outer loop
      vertex -28.5117 19.985 29.9577
      vertex -28.4623 12.1854 29.9027
      vertex -28.5299 12.1291 29.9773
    endloop
  endfacet
  facet normal -0.748572 -6.55862e-05 -0.663053
    outer loop
      vertex -28.4288 20.0633 29.8641
      vertex -28.4623 12.1854 29.9027
      vertex -28.5117 19.985 29.9577
    endloop
  endfacet
  facet normal -0.760707 5.44105e-05 -0.649095
    outer loop
      vertex -28.4288 20.0633 29.8641
      vertex -28.3983 12.2436 29.8277
      vertex -28.4623 12.1854 29.9027
    endloop
  endfacet
  facet normal -0.772899 -6.09459e-05 -0.634529
    outer loop
      vertex -28.3495 20.1383 29.7675
      vertex -28.3983 12.2436 29.8277
      vertex -28.4288 20.0633 29.8641
    endloop
  endfacet
  facet normal -0.779062 3.49673e-05 -0.626947
    outer loop
      vertex -28.3495 20.1383 29.7675
      vertex -28.3377 12.3036 29.7524
      vertex -28.3983 12.2436 29.8277
    endloop
  endfacet
  facet normal -0.796677 -3.50088e-05 -0.604405
    outer loop
      vertex -28.2805 12.3653 29.677
      vertex -28.3377 12.3036 29.7524
      vertex -28.3495 20.1383 29.7675
    endloop
  endfacet
  facet normal -0.796521 -3.12217e-05 -0.604611
    outer loop
      vertex -28.2739 20.2098 29.6679
      vertex -28.2805 12.3653 29.677
      vertex -28.3495 20.1383 29.7675
    endloop
  endfacet
  facet normal -0.813738 1.03834e-05 -0.581232
    outer loop
      vertex -28.2739 20.2098 29.6679
      vertex -28.2265 12.4286 29.6014
      vertex -28.2805 12.3653 29.677
    endloop
  endfacet
  facet normal -0.818493 -7.59875e-05 -0.574516
    outer loop
      vertex -28.2021 20.2777 29.5656
      vertex -28.2265 12.4286 29.6014
      vertex -28.2739 20.2098 29.6679
    endloop
  endfacet
  facet normal -0.829689 3.31154e-05 -0.558226
    outer loop
      vertex -28.2021 20.2777 29.5656
      vertex -28.1757 12.4935 29.5259
      vertex -28.2265 12.4286 29.6014
    endloop
  endfacet
  facet normal -0.839461 -8.2339e-05 -0.54342
    outer loop
      vertex -28.1553 16.3475 29.4939
      vertex -28.2021 20.2777 29.5656
      vertex -28.1342 20.3419 29.4607
    endloop
  endfacet
  facet normal -0.836328 4.27016e-05 -0.548229
    outer loop
      vertex -28.1593 16.3213 29.5
      vertex -28.2021 20.2777 29.5656
      vertex -28.1553 16.3475 29.4939
    endloop
  endfacet
  facet normal -0.840756 -0.0001182 -0.541414
    outer loop
      vertex -28.1592 15.61 29.5
      vertex -28.2021 20.2777 29.5656
      vertex -28.1593 16.3213 29.5
    endloop
  endfacet
  facet normal -0.839331 -7.40686e-05 -0.543621
    outer loop
      vertex -28.2021 20.2777 29.5656
      vertex -28.1592 15.61 29.5
      vertex -28.1757 12.4935 29.5259
    endloop
  endfacet
  facet normal -0.844781 1.48115e-05 -0.535112
    outer loop
      vertex -28.1342 20.3419 29.4607
      vertex -28.1311 16.5112 29.4557
      vertex -28.1553 16.3475 29.4939
    endloop
  endfacet
  facet normal -0.844879 2.73105e-05 -0.534957
    outer loop
      vertex -28.1592 15.61 29.5
      vertex -28.1593 12.5164 29.5
      vertex -28.1757 12.4935 29.5259
    endloop
  endfacet
  facet normal -0.858084 -2.41514e-05 -0.513509
    outer loop
      vertex -28.1098 16.6653 29.4201
      vertex -28.1311 16.5112 29.4557
      vertex -28.1342 20.3419 29.4607
    endloop
  endfacet
  facet normal -0.859036 -2.45081e-05 -0.511916
    outer loop
      vertex -28.076 16.9113 29.3632
      vertex -28.1342 20.3419 29.4607
      vertex -28.0702 20.4024 29.3533
    endloop
  endfacet
  facet normal -0.859631 -6.30645e-05 -0.510915
    outer loop
      vertex -28.1342 20.3419 29.4607
      vertex -28.076 16.9113 29.3632
      vertex -28.1098 16.6653 29.4201
    endloop
  endfacet
  facet normal -0.870458 5.02605e-05 -0.492242
    outer loop
      vertex -28.0702 20.4024 29.3533
      vertex -28.0575 17.054 29.3305
      vertex -28.076 16.9113 29.3632
    endloop
  endfacet
  facet normal -0.878184 -7.92349e-05 -0.478323
    outer loop
      vertex -28.0227 17.334 29.2666
      vertex -28.0702 20.4024 29.3533
      vertex -28.0104 20.4589 29.2435
    endloop
  endfacet
  facet normal -0.878078 -7.20883e-05 -0.478518
    outer loop
      vertex -28.0702 20.4024 29.3533
      vertex -28.0227 17.334 29.2666
      vertex -28.0575 17.054 29.3305
    endloop
  endfacet
  facet normal -0.884051 2.46813e-05 -0.46739
    outer loop
      vertex -28.0104 20.4589 29.2435
      vertex -28.0071 17.4637 29.2371
      vertex -28.0227 17.334 29.2666
    endloop
  endfacet
  facet normal -0.895024 -3.30716e-05 -0.446019
    outer loop
      vertex -27.9935 17.5846 29.2098
      vertex -28.0071 17.4637 29.2371
      vertex -28.0104 20.4589 29.2435
    endloop
  endfacet
  facet normal -0.895537 -4.31895e-05 -0.444988
    outer loop
      vertex -27.9585 17.8971 29.1393
      vertex -28.0104 20.4589 29.2435
      vertex -27.9548 20.5116 29.1316
    endloop
  endfacet
  facet normal -0.895605 -5.02065e-05 -0.444849
    outer loop
      vertex -28.0104 20.4589 29.2435
      vertex -27.9585 17.8971 29.1393
      vertex -27.9935 17.5846 29.2098
    endloop
  endfacet
  facet normal -0.904865 2.68192e-05 -0.425699
    outer loop
      vertex -27.9548 20.5116 29.1316
      vertex -27.9473 18.0035 29.1155
      vertex -27.9585 17.8971 29.1393
    endloop
  endfacet
  facet normal -0.911309 -8.0144e-05 -0.411722
    outer loop
      vertex -27.9116 18.3578 29.0364
      vertex -27.9548 20.5116 29.1316
      vertex -27.9033 20.5602 29.0176
    endloop
  endfacet
  facet normal -0.91133 -8.25173e-05 -0.411678
    outer loop
      vertex -27.9548 20.5116 29.1316
      vertex -27.9116 18.3578 29.0364
      vertex -27.9473 18.0035 29.1155
    endloop
  endfacet
  facet normal -0.916102 2.99096e-05 -0.400945
    outer loop
      vertex -27.9033 20.5602 29.0176
      vertex -27.9028 18.4479 29.0163
      vertex -27.9116 18.3578 29.0364
    endloop
  endfacet
  facet normal -0.922807 1.86711e-05 -0.385263
    outer loop
      vertex -27.8952 18.5303 28.9981
      vertex -27.9028 18.4479 29.0163
      vertex -27.9033 20.5602 29.0176
    endloop
  endfacet
  facet normal -0.926577 -8.31944e-05 -0.376104
    outer loop
      vertex -27.8604 18.8002 28.9123
      vertex -27.9033 20.5602 29.0176
      vertex -27.8563 20.6047 28.9018
    endloop
  endfacet
  facet normal -0.926838 -0.000127991 -0.375461
    outer loop
      vertex -27.8734 18.7735 28.9444
      vertex -27.9033 20.5602 29.0176
      vertex -27.8604 18.8002 28.9123
    endloop
  endfacet
  facet normal -0.926434 -8.03873e-05 -0.376458
    outer loop
      vertex -27.9033 20.5602 29.0176
      vertex -27.8734 18.7735 28.9444
      vertex -27.8952 18.5303 28.9981
    endloop
  endfacet
  facet normal -0.932134 1.08307e-05 -0.362115
    outer loop
      vertex -27.8563 20.6047 28.9018
      vertex -27.855 18.812 28.8984
      vertex -27.8604 18.8002 28.9123
    endloop
  endfacet
  facet normal -0.936684 -1.51129e-05 -0.350175
    outer loop
      vertex -27.851 18.8213 28.8877
      vertex -27.855 18.812 28.8984
      vertex -27.8563 20.6047 28.9018
    endloop
  endfacet
  facet normal -0.939851 -0.000116088 -0.341586
    outer loop
      vertex -27.8184 18.8998 28.7981
      vertex -27.8563 20.6047 28.9018
      vertex -27.8136 20.645 28.7843
    endloop
  endfacet
  facet normal -0.939707 -8.88899e-05 -0.34198
    outer loop
      vertex -27.8563 20.6047 28.9018
      vertex -27.8184 18.8998 28.7981
      vertex -27.851 18.8213 28.8877
    endloop
  endfacet
  facet normal -0.940861 -9.12155e-05 -0.338792
    outer loop
      vertex -27.8136 20.645 28.7843
      vertex -27.8157 18.9065 28.7906
      vertex -27.8184 18.8998 28.7981
    endloop
  endfacet
  facet normal -0.950162 1.79915e-05 -0.311756
    outer loop
      vertex -27.8136 20.645 28.7843
      vertex -27.8136 18.9122 28.7842
      vertex -27.8157 18.9065 28.7906
    endloop
  endfacet
  facet normal -0.947071 1.85263e-05 -0.321024
    outer loop
      vertex -27.8116 18.9175 28.7783
      vertex -27.8136 18.9122 28.7842
      vertex -27.8136 20.645 28.7843
    endloop
  endfacet
  facet normal -0.944769 4.45029e-05 -0.327736
    outer loop
      vertex -27.8099 18.922 28.7734
      vertex -27.8116 18.9175 28.7783
      vertex -27.8136 20.645 28.7843
    endloop
  endfacet
  facet normal -0.953195 -0.000134145 -0.302357
    outer loop
      vertex -27.8086 18.9258 28.7693
      vertex -27.8099 18.922 28.7734
      vertex -27.8136 20.645 28.7843
    endloop
  endfacet
  facet normal -0.956959 -0.000250957 -0.290223
    outer loop
      vertex -27.8076 18.9289 28.766
      vertex -27.8086 18.9258 28.7693
      vertex -27.8136 20.645 28.7843
    endloop
  endfacet
  facet normal -0.95378 -0 -0.300506
    outer loop
      vertex -27.7753 20.6812 28.6653
      vertex -27.7753 19.0218 28.6653
      vertex -27.7776 19.015 28.6726
    endloop
  endfacet
  facet normal -0.952418 -2.06649e-05 -0.304794
    outer loop
      vertex -27.7753 20.6812 28.6653
      vertex -27.7776 19.015 28.6726
      vertex -27.7784 19.0126 28.6751
    endloop
  endfacet
  facet normal -0.951909 -3.09285e-05 -0.30638
    outer loop
      vertex -27.7784 19.0126 28.6751
      vertex -27.8136 20.645 28.7843
      vertex -27.7753 20.6812 28.6653
    endloop
  endfacet
  facet normal -0.952065 -6.67246e-05 -0.305895
    outer loop
      vertex -27.8136 20.645 28.7843
      vertex -27.7784 19.0126 28.6751
      vertex -27.8076 18.9289 28.766
    endloop
  endfacet
  facet normal 0 -0 -1
    outer loop
      vertex -31.6345 17.0325 30.9595
      vertex -31.6345 11.694 30.9595
      vertex -37.2811 11.694 30.9595
    endloop
  endfacet
  facet normal 0 1 0
    outer loop
      vertex -29.9733 11.694 4.4614
      vertex -29.7753 11.694 6
      vertex -29.7753 11.694 4.56331
    endloop
  endfacet
  facet normal 0 1 0
    outer loop
      vertex -29.7753 11.694 29.5
      vertex -31.0092 11.694 31.0293
      vertex -30.8517 11.694 31.0282
    endloop
  endfacet
  facet normal 0 1 0
    outer loop
      vertex -29.7753 11.694 29.5
      vertex -30.8517 11.694 31.0282
      vertex -30.6945 11.694 31.0195
    endloop
  endfacet
  facet normal 0 1 0
    outer loop
      vertex -31.0092 11.694 31.0293
      vertex -29.7753 11.694 29.5
      vertex -31.1666 11.694 31.023
    endloop
  endfacet
  facet normal 0 1 0
    outer loop
      vertex -29.7753 11.694 29.5
      vertex -30.6945 11.694 31.0195
      vertex -30.5378 11.694 31.0034
    endloop
  endfacet
  facet normal 0 1 0
    outer loop
      vertex -31.1666 11.694 31.023
      vertex -29.7753 11.694 29.5
      vertex -31.3235 11.694 31.0093
    endloop
  endfacet
  facet normal 0 1 0
    outer loop
      vertex -29.7753 11.694 29.5
      vertex -30.5378 11.694 31.0034
      vertex -30.382 11.694 30.9799
    endloop
  endfacet
  facet normal 0 1 0
    outer loop
      vertex -31.3235 11.694 31.0093
      vertex -29.7753 11.694 29.5
      vertex -31.4796 11.694 30.9881
    endloop
  endfacet
  facet normal 0 1 0
    outer loop
      vertex -29.7753 11.694 29.5
      vertex -30.382 11.694 30.9799
      vertex -30.2275 11.694 30.9491
    endloop
  endfacet
  facet normal 0 1 0
    outer loop
      vertex -32.7298 11.694 29.5
      vertex -31.4796 11.694 30.9881
      vertex -29.7753 11.694 29.5
    endloop
  endfacet
  facet normal 0 1 0
    outer loop
      vertex -29.7753 11.694 29.5
      vertex -30.2275 11.694 30.9491
      vertex -30.0747 11.694 30.9109
    endloop
  endfacet
  facet normal 0 1 0
    outer loop
      vertex -29.7753 11.694 29.5
      vertex -30.0747 11.694 30.9109
      vertex -29.9239 11.694 30.8656
    endloop
  endfacet
  facet normal 0 1 -0
    outer loop
      vertex -29.7753 11.694 29.5
      vertex -29.9239 11.694 30.8656
      vertex -29.7753 11.694 30.8131
    endloop
  endfacet
  facet normal 0 1 0
    outer loop
      vertex -31.4796 11.694 30.9881
      vertex -32.7298 11.694 29.5
      vertex -31.6345 11.694 30.9595
    endloop
  endfacet
  facet normal 0 1 0
    outer loop
      vertex -34.7307 11.694 29.1837
      vertex -31.6345 11.694 30.9595
      vertex -32.7298 11.694 29.5
    endloop
  endfacet
  facet normal 0 1 0
    outer loop
      vertex -31.6345 11.694 30.9595
      vertex -34.7307 11.694 29.1837
      vertex -37.2811 11.694 30.9595
    endloop
  endfacet
  facet normal 0 1 -0
    outer loop
      vertex -34.91 11.694 29.0708
      vertex -37.2811 11.694 30.9595
      vertex -34.7307 11.694 29.1837
    endloop
  endfacet
  facet normal 0 1 -0
    outer loop
      vertex -35.8137 11.694 28.5018
      vertex -37.2811 11.694 30.9595
      vertex -34.91 11.694 29.0708
    endloop
  endfacet
  facet normal 0 1 -0
    outer loop
      vertex -35.8137 11.694 28.2763
      vertex -37.2811 11.694 30.9595
      vertex -35.8137 11.694 28.5018
    endloop
  endfacet
  facet normal 0 1 -0
    outer loop
      vertex -35.8137 11.694 27.259
      vertex -37.2811 11.694 30.9595
      vertex -35.8137 11.694 28.2763
    endloop
  endfacet
  facet normal 0 1 -0
    outer loop
      vertex -35.8137 11.694 26.3117
      vertex -37.2811 11.694 30.9595
      vertex -35.8137 11.694 27.259
    endloop
  endfacet
  facet normal 0 1 -0
    outer loop
      vertex -35.8137 11.694 26.1389
      vertex -37.2811 11.694 30.9595
      vertex -35.8137 11.694 26.3117
    endloop
  endfacet
  facet normal 0 1 -0
    outer loop
      vertex -35.8137 11.694 11.2146
      vertex -37.2811 11.694 30.9595
      vertex -35.8137 11.694 26.1389
    endloop
  endfacet
  facet normal 0 1 0
    outer loop
      vertex -37.2811 11.694 3.99799
      vertex -35.8137 11.694 11.2146
      vertex -35.8137 11.694 9.05933
    endloop
  endfacet
  facet normal 0 1 0
    outer loop
      vertex -37.2811 11.694 3.99799
      vertex -35.8137 11.694 9.05933
      vertex -35.8137 11.694 8.24095
    endloop
  endfacet
  facet normal 0 1 0
    outer loop
      vertex -37.2811 11.694 3.99799
      vertex -35.8137 11.694 8.24095
      vertex -35.8137 11.694 7.19423
    endloop
  endfacet
  facet normal 0 1 0
    outer loop
      vertex -37.2811 11.694 3.99799
      vertex -35.8137 11.694 7.19423
      vertex -35.8137 11.694 6.95805
    endloop
  endfacet
  facet normal 0 1 0
    outer loop
      vertex -30.1759 11.694 4.36911
      vertex -29.7753 11.694 6
      vertex -29.9733 11.694 4.4614
    endloop
  endfacet
  facet normal 0 1 0
    outer loop
      vertex -30.3827 11.694 4.28666
      vertex -29.7753 11.694 6
      vertex -30.1759 11.694 4.36911
    endloop
  endfacet
  facet normal 0 1 0
    outer loop
      vertex -30.5932 11.694 4.21424
      vertex -29.7753 11.694 6
      vertex -30.3827 11.694 4.28666
    endloop
  endfacet
  facet normal 0 1 0
    outer loop
      vertex -30.807 11.694 4.15201
      vertex -29.7753 11.694 6
      vertex -30.5932 11.694 4.21424
    endloop
  endfacet
  facet normal 0 1 0
    outer loop
      vertex -29.7753 11.694 6
      vertex -30.807 11.694 4.15201
      vertex -32.7298 11.694 6
    endloop
  endfacet
  facet normal 0 1 -0
    outer loop
      vertex -31.0235 11.694 4.10012
      vertex -32.7298 11.694 6
      vertex -30.807 11.694 4.15201
    endloop
  endfacet
  facet normal 0 1 -0
    outer loop
      vertex -31.2423 11.694 4.05869
      vertex -32.7298 11.694 6
      vertex -31.0235 11.694 4.10012
    endloop
  endfacet
  facet normal 0 1 -0
    outer loop
      vertex -31.4627 11.694 4.02782
      vertex -32.7298 11.694 6
      vertex -31.2423 11.694 4.05869
    endloop
  endfacet
  facet normal 0 1 -0
    outer loop
      vertex -31.6845 11.694 4.00757
      vertex -32.7298 11.694 6
      vertex -31.4627 11.694 4.02782
    endloop
  endfacet
  facet normal 0 1 -0
    outer loop
      vertex -31.9069 11.694 3.99799
      vertex -32.7298 11.694 6
      vertex -31.6845 11.694 4.00757
    endloop
  endfacet
  facet normal 0 1 0
    outer loop
      vertex -32.7298 11.694 6
      vertex -31.9069 11.694 3.99799
      vertex -35.3338 11.694 6.55562
    endloop
  endfacet
  facet normal 0 1 0
    outer loop
      vertex -35.8137 11.694 11.2146
      vertex -37.2811 11.694 3.99799
      vertex -37.2811 11.694 30.9595
    endloop
  endfacet
  facet normal 0 1 0
    outer loop
      vertex -35.3338 11.694 6.55562
      vertex -37.2811 11.694 3.99799
      vertex -35.8137 11.694 6.95805
    endloop
  endfacet
  facet normal 0 1 0
    outer loop
      vertex -37.2811 11.694 3.99799
      vertex -35.3338 11.694 6.55562
      vertex -31.9069 11.694 3.99799
    endloop
  endfacet
  facet normal 0 -0 1
    outer loop
      vertex -31.9069 11.694 3.99799
      vertex -31.9069 16.775 3.99799
      vertex -37.2811 11.694 3.99799
    endloop
  endfacet
  facet normal -0.903559 0 0.428463
    outer loop
      vertex -27.8398 20.6202 6.57952
      vertex -27.7753 18.7025 6.71554
      vertex -27.7753 20.6812 6.71554
    endloop
  endfacet
  facet normal -0.903507 9.62036e-06 0.428574
    outer loop
      vertex -27.7753 18.7025 6.71554
      vertex -27.8398 20.6202 6.57952
      vertex -27.8209 18.5892 6.61941
    endloop
  endfacet
  facet normal -0.893287 -2.89271e-05 0.449486
    outer loop
      vertex -27.8417 18.5376 6.57561
      vertex -27.8398 20.6202 6.57952
      vertex -27.8465 18.5267 6.56607
    endloop
  endfacet
  facet normal -0.896227 -1.51845e-05 0.443595
    outer loop
      vertex -27.8373 18.5479 6.5845
      vertex -27.8398 20.6202 6.57952
      vertex -27.8417 18.5376 6.57561
    endloop
  endfacet
  facet normal -0.903061 -5.72718e-05 0.429512
    outer loop
      vertex -27.8373 18.5479 6.5845
      vertex -27.8338 18.5565 6.59186
      vertex -27.8398 20.6202 6.57952
    endloop
  endfacet
  facet normal -0.901739 -3.68642e-05 0.432282
    outer loop
      vertex -27.8338 18.5565 6.59186
      vertex -27.8309 18.5636 6.59791
      vertex -27.8398 20.6202 6.57952
    endloop
  endfacet
  facet normal -0.905841 -0.000132087 0.423618
    outer loop
      vertex -27.8309 18.5636 6.59791
      vertex -27.8286 18.5694 6.60283
      vertex -27.8398 20.6202 6.57952
    endloop
  endfacet
  facet normal -0.90689 -0.000163385 0.421368
    outer loop
      vertex -27.8286 18.5694 6.60283
      vertex -27.8209 18.5892 6.61941
      vertex -27.8398 20.6202 6.57952
    endloop
  endfacet
  facet normal -0.878405 1.30159e-05 0.477917
    outer loop
      vertex -27.9091 18.3891 6.4448
      vertex -27.9086 20.5552 6.44566
      vertex -27.9178 18.3715 6.42881
    endloop
  endfacet
  facet normal -0.882682 1.71576e-05 0.469972
    outer loop
      vertex -27.9018 18.4045 6.45851
      vertex -27.9086 20.5552 6.44566
      vertex -27.9091 18.3891 6.4448
    endloop
  endfacet
  facet normal -0.889778 -8.63995e-05 0.456394
    outer loop
      vertex -27.9018 18.4045 6.45851
      vertex -27.8958 18.4178 6.47021
      vertex -27.9086 20.5552 6.44566
    endloop
  endfacet
  facet normal -0.889384 -9.07271e-05 0.457161
    outer loop
      vertex -27.9086 20.5552 6.44566
      vertex -27.8465 18.5267 6.56607
      vertex -27.8398 20.6202 6.57952
    endloop
  endfacet
  facet normal -0.889253 -7.15165e-05 0.457416
    outer loop
      vertex -27.8465 18.5267 6.56607
      vertex -27.9086 20.5552 6.44566
      vertex -27.8958 18.4178 6.47021
    endloop
  endfacet
  facet normal -0.871335 -0.000115314 0.490688
    outer loop
      vertex -28.0072 20.4619 6.27055
      vertex -27.9178 18.3715 6.42881
      vertex -27.9086 20.5552 6.44566
    endloop
  endfacet
  facet normal -0.871502 -0.000144901 0.490392
    outer loop
      vertex -28.0072 20.4619 6.27055
      vertex -27.9811 18.2494 6.31628
      vertex -27.9178 18.3715 6.42881
    endloop
  endfacet
  facet normal -0.870119 -7.79229e-05 0.492843
    outer loop
      vertex -27.9811 18.2494 6.31628
      vertex -28.0072 20.4619 6.27055
      vertex -27.9872 18.1837 6.3055
    endloop
  endfacet
  facet normal -0.85118 -5.70186e-05 0.524874
    outer loop
      vertex -28.012 17.9221 6.26249
      vertex -28.0072 20.4619 6.27055
      vertex -28.0309 17.7368 6.23182
    endloop
  endfacet
  facet normal -0.862082 2.1043e-05 0.506768
    outer loop
      vertex -27.9979 18.0677 6.28647
      vertex -28.0072 20.4619 6.27055
      vertex -28.012 17.9221 6.26249
    endloop
  endfacet
  facet normal -0.871343 -0.000121948 0.490674
    outer loop
      vertex -27.9979 18.0677 6.28647
      vertex -27.9872 18.1837 6.3055
      vertex -28.0072 20.4619 6.27055
    endloop
  endfacet
  facet normal -0.849251 -0.000118092 0.52799
    outer loop
      vertex -28.1133 20.3616 6.09987
      vertex -28.0309 17.7368 6.23182
      vertex -28.0072 20.4619 6.27055
    endloop
  endfacet
  facet normal -0.849191 -0.000111416 0.528086
    outer loop
      vertex -28.0309 17.7368 6.23182
      vertex -28.1133 20.3616 6.09987
      vertex -28.0972 17.0926 6.12507
    endloop
  endfacet
  facet normal -0.84028 4.09106e-05 0.542153
    outer loop
      vertex -28.0972 17.0926 6.12507
      vertex -28.1133 20.3616 6.09987
      vertex -28.122 16.8618 6.08665
    endloop
  endfacet
  facet normal -0.825555 -7.94307e-05 0.564321
    outer loop
      vertex -28.2267 20.2544 5.93396
      vertex -28.122 16.8618 6.08665
      vertex -28.1133 20.3616 6.09987
    endloop
  endfacet
  facet normal -0.825532 -7.72106e-05 0.564355
    outer loop
      vertex -28.122 16.8618 6.08665
      vertex -28.2267 20.2544 5.93396
      vertex -28.1792 16.3619 6.00291
    endloop
  endfacet
  facet normal -0.812681 4.65504e-05 0.582709
    outer loop
      vertex -28.1945 12.4688 5.97949
      vertex -28.2267 20.2544 5.93396
      vertex -28.2607 12.3879 5.88717
    endloop
  endfacet
  facet normal -0.824065 -2.13797e-05 0.566495
    outer loop
      vertex -28.2267 20.2544 5.93396
      vertex -28.1812 16.3445 6
      vertex -28.1792 16.3619 6.00291
    endloop
  endfacet
  facet normal -0.827191 -0.000135033 0.561921
    outer loop
      vertex -28.1945 12.4688 5.97949
      vertex -28.1812 16.3445 6
      vertex -28.2267 20.2544 5.93396
    endloop
  endfacet
  facet normal -0.827748 -0.000128776 0.561099
    outer loop
      vertex -28.1812 16.3445 6
      vertex -28.1945 12.4688 5.97949
      vertex -28.1806 12.4878 6
    endloop
  endfacet
  facet normal -0.800256 -0.000107969 0.599659
    outer loop
      vertex -28.2607 12.3879 5.88717
      vertex -28.2267 20.2544 5.93396
      vertex -28.3472 20.1405 5.77313
    endloop
  endfacet
  facet normal -0.782712 3.80212e-05 0.622384
    outer loop
      vertex -28.3312 12.3104 5.79373
      vertex -28.3472 20.1405 5.77313
      vertex -28.4061 12.2362 5.69954
    endloop
  endfacet
  facet normal -0.798256 -4.65297e-05 0.602319
    outer loop
      vertex -28.3312 12.3104 5.79373
      vertex -28.2607 12.3879 5.88717
      vertex -28.3472 20.1405 5.77313
    endloop
  endfacet
  facet normal -0.773424 -0.000138316 0.63389
    outer loop
      vertex -28.4061 12.2362 5.69954
      vertex -28.3472 20.1405 5.77313
      vertex -28.4746 20.0201 5.61766
    endloop
  endfacet
  facet normal -0.749296 -3.06802e-05 0.662236
    outer loop
      vertex -28.4856 12.1654 5.60485
      vertex -28.4746 20.0201 5.61766
      vertex -28.5602 12.1055 5.52044
    endloop
  endfacet
  facet normal -0.765871 2.39137e-05 0.642994
    outer loop
      vertex -28.4061 12.2362 5.69954
      vertex -28.4746 20.0201 5.61766
      vertex -28.4856 12.1654 5.60485
    endloop
  endfacet
  facet normal -0.721768 -2.09991e-05 0.692135
    outer loop
      vertex -28.6186 12.0624 5.4571
      vertex -28.6085 19.8934 5.46787
      vertex -28.6793 12.0211 5.3938
    endloop
  endfacet
  facet normal -0.7352 1.59724e-05 0.67785
    outer loop
      vertex -28.5602 12.1055 5.52044
      vertex -28.6085 19.8934 5.46787
      vertex -28.6186 12.0624 5.4571
    endloop
  endfacet
  facet normal -0.745492 -0.000124375 0.666514
    outer loop
      vertex -28.5602 12.1055 5.52044
      vertex -28.4746 20.0201 5.61766
      vertex -28.6085 19.8934 5.46787
    endloop
  endfacet
  facet normal -0.714049 -0.000165317 0.700096
    outer loop
      vertex -28.6793 12.0211 5.3938
      vertex -28.6085 19.8934 5.46787
      vertex -28.7648 19.7457 5.30842
    endloop
  endfacet
  facet normal -0.680483 -0.000123254 0.732764
    outer loop
      vertex -28.8073 11.9439 5.26764
      vertex -28.7648 19.7457 5.30842
      vertex -28.8748 11.9082 5.20495
    endloop
  endfacet
  facet normal -0.695317 3.10478e-05 0.718704
    outer loop
      vertex -28.7422 11.9815 5.33062
      vertex -28.7648 19.7457 5.30842
      vertex -28.8073 11.9439 5.26764
    endloop
  endfacet
  facet normal -0.708661 -4.54077e-05 0.705549
    outer loop
      vertex -28.7422 11.9815 5.33062
      vertex -28.6793 12.0211 5.3938
      vertex -28.7648 19.7457 5.30842
    endloop
  endfacet
  facet normal -0.650698 8.08639e-06 0.759337
    outer loop
      vertex -28.9447 11.8747 5.14262
      vertex -28.9473 19.5731 5.14031
      vertex -29.0169 11.8434 5.08075
    endloop
  endfacet
  facet normal -0.665536 -8.16806e-07 0.746366
    outer loop
      vertex -28.9447 11.8747 5.14262
      vertex -28.8748 11.9082 5.20495
      vertex -28.9473 19.5731 5.14031
    endloop
  endfacet
  facet normal -0.67741 -0.000203882 0.735605
    outer loop
      vertex -28.8748 11.9082 5.20495
      vertex -28.7648 19.7457 5.30842
      vertex -28.9473 19.5731 5.14031
    endloop
  endfacet
  facet normal -0.601043 -8.0758e-05 0.799217
    outer loop
      vertex -29.1687 11.7882 4.95874
      vertex -29.1385 19.3924 4.98222
      vertex -29.2484 11.7647 4.8988
    endloop
  endfacet
  facet normal -0.618467 2.98332e-05 0.785811
    outer loop
      vertex -29.0916 11.8145 5.01942
      vertex -29.1385 19.3924 4.98222
      vertex -29.1687 11.7882 4.95874
    endloop
  endfacet
  facet normal -0.634519 -0.000132858 0.772907
    outer loop
      vertex -29.0916 11.8145 5.01942
      vertex -29.0169 11.8434 5.08075
      vertex -29.1385 19.3924 4.98222
    endloop
  endfacet
  facet normal -0.637108 -0.00020241 0.770774
    outer loop
      vertex -29.0169 11.8434 5.08075
      vertex -28.9473 19.5731 5.14031
      vertex -29.1385 19.3924 4.98222
    endloop
  endfacet
  facet normal -0.565975 8.82112e-06 0.824422
    outer loop
      vertex -29.3305 11.7441 4.83974
      vertex -29.3379 19.2039 4.83458
      vertex -29.415 11.7267 4.78173
    endloop
  endfacet
  facet normal -0.583963 -1.77674e-05 0.81178
    outer loop
      vertex -29.3305 11.7441 4.83974
      vertex -29.2484 11.7647 4.8988
      vertex -29.3379 19.2039 4.83458
    endloop
  endfacet
  facet normal -0.594928 -0.000218759 0.803779
    outer loop
      vertex -29.2484 11.7647 4.8988
      vertex -29.1385 19.3924 4.98222
      vertex -29.3379 19.2039 4.83458
    endloop
  endfacet
  facet normal -0.508996 -0.000131939 0.860769
    outer loop
      vertex -29.591 11.7025 4.66944
      vertex -29.5449 19.0082 4.69782
      vertex -29.6822 11.6962 4.61551
    endloop
  endfacet
  facet normal -0.528511 3.72074e-05 0.848926
    outer loop
      vertex -29.5019 11.7128 4.72491
      vertex -29.5449 19.0082 4.69782
      vertex -29.591 11.7025 4.66944
    endloop
  endfacet
  facet normal -0.547241 -0.000117571 0.836975
    outer loop
      vertex -29.5019 11.7128 4.72491
      vertex -29.415 11.7267 4.78173
      vertex -29.5449 19.0082 4.69782
    endloop
  endfacet
  facet normal -0.551093 -0.00021546 0.834444
    outer loop
      vertex -29.415 11.7267 4.78173
      vertex -29.3379 19.2039 4.83458
      vertex -29.5449 19.0082 4.69782
    endloop
  endfacet
  facet normal -0.48906 2.14982e-05 0.87225
    outer loop
      vertex -29.6822 11.6962 4.61551
      vertex -29.7589 18.8058 4.57233
      vertex -29.7753 11.694 4.56331
    endloop
  endfacet
  facet normal -0.505693 -0.000215857 0.862714
    outer loop
      vertex -29.6822 11.6962 4.61551
      vertex -29.5449 19.0082 4.69782
      vertex -29.7589 18.8058 4.57233
    endloop
  endfacet
  facet normal -0.457637 -2.16614e-05 0.889139
    outer loop
      vertex -29.9733 11.694 4.4614
      vertex -29.7753 11.694 4.56331
      vertex -29.9793 18.5974 4.45848
    endloop
  endfacet
  facet normal -0.414544 2.46287e-05 0.910029
    outer loop
      vertex -29.9733 11.694 4.4614
      vertex -29.9793 18.5974 4.45848
      vertex -30.1759 11.694 4.36911
    endloop
  endfacet
  facet normal -0.458895 -6.86627e-05 0.888491
    outer loop
      vertex -29.7753 11.694 4.56331
      vertex -29.7589 18.8058 4.57233
      vertex -29.9793 18.5974 4.45848
    endloop
  endfacet
  facet normal -0.370345 9.97887e-05 0.928894
    outer loop
      vertex -30.1759 11.694 4.36911
      vertex -30.2055 18.3836 4.35659
      vertex -30.3827 11.694 4.28666
    endloop
  endfacet
  facet normal -0.410613 -0.000110364 0.91181
    outer loop
      vertex -30.1759 11.694 4.36911
      vertex -29.9793 18.5974 4.45848
      vertex -30.2055 18.3836 4.35659
    endloop
  endfacet
  facet normal -0.325323 0.000155358 0.945603
    outer loop
      vertex -30.3827 11.694 4.28666
      vertex -30.4369 18.1649 4.26695
      vertex -30.5932 11.694 4.21424
    endloop
  endfacet
  facet normal -0.361074 -0.000183881 0.932537
    outer loop
      vertex -30.3827 11.694 4.28666
      vertex -30.2055 18.3836 4.35659
      vertex -30.4369 18.1649 4.26695
    endloop
  endfacet
  facet normal -0.279469 0.000213861 0.960155
    outer loop
      vertex -30.5932 11.694 4.21424
      vertex -30.6991 17.9169 4.18203
      vertex -30.807 11.694 4.15201
    endloop
  endfacet
  facet normal -0.307849 -0.000314236 0.951435
    outer loop
      vertex -30.5932 11.694 4.21424
      vertex -30.4369 18.1649 4.26695
      vertex -30.6991 17.9169 4.18203
    endloop
  endfacet
  facet normal -0.233076 9.96685e-05 0.972459
    outer loop
      vertex -30.807 11.694 4.15201
      vertex -30.9958 17.6364 4.10615
      vertex -31.0235 11.694 4.10012
    endloop
  endfacet
  facet normal -0.186045 -0.000129791 0.982541
    outer loop
      vertex -31.0235 11.694 4.10012
      vertex -30.9958 17.6364 4.10615
      vertex -31.2423 11.694 4.05869
    endloop
  endfacet
  facet normal -0.247431 -0.000383857 0.968905
    outer loop
      vertex -30.807 11.694 4.15201
      vertex -30.6991 17.9169 4.18203
      vertex -30.9958 17.6364 4.10615
    endloop
  endfacet
  facet normal -0.13871 0.000177235 0.990333
    outer loop
      vertex -31.2423 11.694 4.05869
      vertex -31.2969 17.3517 4.05003
      vertex -31.4627 11.694 4.02782
    endloop
  endfacet
  facet normal -0.182989 -0.000261138 0.983115
    outer loop
      vertex -31.2423 11.694 4.05869
      vertex -30.9958 17.6364 4.10615
      vertex -31.2969 17.3517 4.05003
    endloop
  endfacet
  facet normal -0.0909203 0.000234291 0.995858
    outer loop
      vertex -31.4627 11.694 4.02782
      vertex -31.601 17.0642 4.01393
      vertex -31.6845 11.694 4.00757
    endloop
  endfacet
  facet normal -0.117458 -0.000456326 0.993078
    outer loop
      vertex -31.4627 11.694 4.02782
      vertex -31.2969 17.3517 4.05003
      vertex -31.601 17.0642 4.01393
    endloop
  endfacet
  facet normal -0.0430356 0 0.999074
    outer loop
      vertex -31.6845 11.694 4.00757
      vertex -31.9069 16.775 3.99799
      vertex -31.9069 11.694 3.99799
    endloop
  endfacet
  facet normal -0.0516804 -0.000379164 0.998664
    outer loop
      vertex -31.6845 11.694 4.00757
      vertex -31.601 17.0642 4.01393
      vertex -31.9069 16.775 3.99799
    endloop
  endfacet
  facet normal -1 0 0
    outer loop
      vertex -27.7753 19.2932 7.6647
      vertex -27.7753 20.6812 6.71554
      vertex -27.7753 19.2932 7.06718
    endloop
  endfacet
  facet normal -1 0 -0
    outer loop
      vertex -27.7753 19.2932 7.06718
      vertex -27.7753 20.6812 6.71554
      vertex -27.7753 18.7025 6.71554
    endloop
  endfacet
  facet normal -1 0 0
    outer loop
      vertex -27.7753 19.2932 8.32053
      vertex -27.7753 20.6812 6.71554
      vertex -27.7753 19.2932 7.6647
    endloop
  endfacet
  facet normal -1 0 0
    outer loop
      vertex -27.7753 19.2932 21.6372
      vertex -27.7753 20.6812 6.71554
      vertex -27.7753 19.2932 8.32053
    endloop
  endfacet
  facet normal -1 0 0
    outer loop
      vertex -27.7753 20.6812 6.71554
      vertex -27.7753 19.2932 21.6372
      vertex -27.7753 20.6812 28.6653
    endloop
  endfacet
  facet normal -1 0 0
    outer loop
      vertex -27.7753 19.2932 26.2784
      vertex -27.7753 20.6812 28.6653
      vertex -27.7753 19.2932 21.6372
    endloop
  endfacet
  facet normal -1 0 0
    outer loop
      vertex -27.7753 19.2932 27.3588
      vertex -27.7753 20.6812 28.6653
      vertex -27.7753 19.2932 26.2784
    endloop
  endfacet
  facet normal -1 0 0
    outer loop
      vertex -27.7753 19.2932 28.4501
      vertex -27.7753 20.6812 28.6653
      vertex -27.7753 19.2932 27.3588
    endloop
  endfacet
  facet normal -1 -0 0
    outer loop
      vertex -27.7753 20.6812 28.6653
      vertex -27.7753 19.2932 28.4501
      vertex -27.7753 19.0218 28.6653
    endloop
  endfacet
  facet normal 0 0 -1
    outer loop
      vertex -38.8305 2.39275 2.50986
      vertex -34.2838 7.39275 2.50986
      vertex -34.2838 2.39275 2.50986
    endloop
  endfacet
  facet normal -0 0 -1
    outer loop
      vertex -34.2838 7.39275 2.50986
      vertex -38.8305 2.39275 2.50986
      vertex -38.8305 7.39275 2.50986
    endloop
  endfacet
  facet normal -1 0 0
    outer loop
      vertex -38.8305 2.39275 2.50986
      vertex -38.8305 7.39275 32.5099
      vertex -38.8305 7.39275 2.50986
    endloop
  endfacet
  facet normal -1 -0 0
    outer loop
      vertex -38.8305 7.39275 32.5099
      vertex -38.8305 2.39275 2.50986
      vertex -38.8305 2.39275 32.5099
    endloop
  endfacet
  facet normal -0 0 1
    outer loop
      vertex -38.8305 7.39275 32.5099
      vertex -34.3158 2.39275 32.5099
      vertex -34.3158 7.39275 32.5099
    endloop
  endfacet
  facet normal 0 0 1
    outer loop
      vertex -34.3158 2.39275 32.5099
      vertex -38.8305 7.39275 32.5099
      vertex -38.8305 2.39275 32.5099
    endloop
  endfacet
  facet normal 0.97405 -0.225028 0.0242542
    outer loop
      vertex -24.3919 10.3927 17.8172
      vertex -24.3944 10.3927 17.9176
      vertex -24.5074 9.89275 17.8172
    endloop
  endfacet
  facet normal 0.974079 -0.224817 0.0250347
    outer loop
      vertex -25.5463 5.39275 17.8172
      vertex -25.4309 5.89275 17.8172
      vertex -25.5474 5.39275 17.86
    endloop
  endfacet
  facet normal 0.97405 -0.225028 -0.0242542
    outer loop
      vertex -24.3944 10.3927 17.7168
      vertex -24.3919 10.3927 17.8172
      vertex -24.5074 9.89275 17.8172
    endloop
  endfacet
  facet normal 0.974081 -0.224818 -0.0249764
    outer loop
      vertex -25.4309 5.89275 17.8172
      vertex -25.5463 5.39275 17.8172
      vertex -25.5474 5.39275 17.7743
    endloop
  endfacet
  facet normal 0.971608 -0.2248 0.0737685
    outer loop
      vertex -24.3944 10.3927 17.9176
      vertex -24.402 10.3927 18.0177
      vertex -24.5168 9.89275 18.0062
    endloop
  endfacet
  facet normal 0.96694 -0.224801 0.120382
    outer loop
      vertex -24.402 10.3927 18.0177
      vertex -24.4144 10.3927 18.1173
      vertex -24.5168 9.89275 18.0062
    endloop
  endfacet
  facet normal 0.972123 -0.229431 0.048349
    outer loop
      vertex -24.5074 9.89275 17.8172
      vertex -24.3944 10.3927 17.9176
      vertex -24.5168 9.89275 18.0062
    endloop
  endfacet
  facet normal 0.959492 -0.224835 0.169779
    outer loop
      vertex -24.4144 10.3927 18.1173
      vertex -24.4319 10.3927 18.2162
      vertex -24.545 9.89275 18.1933
    endloop
  endfacet
  facet normal 0.950061 -0.224838 0.216408
    outer loop
      vertex -24.4319 10.3927 18.2162
      vertex -24.4542 10.3927 18.3141
      vertex -24.545 9.89275 18.1933
    endloop
  endfacet
  facet normal 0.962469 -0.22937 0.145065
    outer loop
      vertex -24.5168 9.89275 18.0062
      vertex -24.4144 10.3927 18.1173
      vertex -24.545 9.89275 18.1933
    endloop
  endfacet
  facet normal 0.937914 -0.224885 0.264092
    outer loop
      vertex -24.4542 10.3927 18.3141
      vertex -24.4814 10.3927 18.4107
      vertex -24.5917 9.89275 18.3767
    endloop
  endfacet
  facet normal 0.923605 -0.224881 0.310455
    outer loop
      vertex -24.4814 10.3927 18.4107
      vertex -24.5134 10.3927 18.5059
      vertex -24.5917 9.89275 18.3767
    endloop
  endfacet
  facet normal 0.943246 -0.229345 0.240183
    outer loop
      vertex -24.545 9.89275 18.1933
      vertex -24.4542 10.3927 18.3141
      vertex -24.5917 9.89275 18.3767
    endloop
  endfacet
  facet normal 0.907044 -0.22476 0.356027
    outer loop
      vertex -24.5134 10.3927 18.5059
      vertex -24.5501 10.3927 18.5994
      vertex -24.6564 9.89275 18.5546
    endloop
  endfacet
  facet normal 0.888135 -0.224758 0.400874
    outer loop
      vertex -24.5501 10.3927 18.5994
      vertex -24.5914 10.3927 18.6909
      vertex -24.6564 9.89275 18.5546
    endloop
  endfacet
  facet normal 0.914752 -0.229239 0.332684
    outer loop
      vertex -24.5917 9.89275 18.3767
      vertex -24.5134 10.3927 18.5059
      vertex -24.6564 9.89275 18.5546
    endloop
  endfacet
  facet normal 0.973212 -0.224757 0.0484031
    outer loop
      vertex -24.5074 9.89275 17.8172
      vertex -24.5168 9.89275 18.0062
      vertex -24.6317 9.39275 17.9947
    endloop
  endfacet
  facet normal 0.973224 -0.22462 0.0487983
    outer loop
      vertex -24.6228 9.39275 17.8172
      vertex -24.5074 9.89275 17.8172
      vertex -24.6317 9.39275 17.9947
    endloop
  endfacet
  facet normal 0.867196 -0.224937 0.444268
    outer loop
      vertex -24.5914 10.3927 18.6909
      vertex -24.6372 10.3927 18.7803
      vertex -24.7386 9.89275 18.7251
    endloop
  endfacet
  facet normal 0.843713 -0.224936 0.487393
    outer loop
      vertex -24.6372 10.3927 18.7803
      vertex -24.6874 10.3927 18.8672
      vertex -24.7386 9.89275 18.7251
    endloop
  endfacet
  facet normal 0.876793 -0.229237 0.422712
    outer loop
      vertex -24.6564 9.89275 18.5546
      vertex -24.5914 10.3927 18.6909
      vertex -24.7386 9.89275 18.7251
    endloop
  endfacet
  facet normal 0.96353 -0.224765 0.145225
    outer loop
      vertex -24.5168 9.89275 18.0062
      vertex -24.545 9.89275 18.1933
      vertex -24.6582 9.39275 18.1705
    endloop
  endfacet
  facet normal 0.818563 -0.224861 0.528575
    outer loop
      vertex -24.6874 10.3927 18.8672
      vertex -24.7419 10.3927 18.9516
      vertex -24.8372 9.89275 18.8865
    endloop
  endfacet
  facet normal 0.791118 -0.224871 0.568828
    outer loop
      vertex -24.7419 10.3927 18.9516
      vertex -24.8005 10.3927 19.0331
      vertex -24.8372 9.89275 18.8865
    endloop
  endfacet
  facet normal 0.830625 -0.229291 0.507433
    outer loop
      vertex -24.7386 9.89275 18.7251
      vertex -24.6874 10.3927 18.8672
      vertex -24.8372 9.89275 18.8865
    endloop
  endfacet
  facet normal 0.944346 -0.224753 0.2402
    outer loop
      vertex -24.6582 9.39275 18.1705
      vertex -24.545 9.89275 18.1933
      vertex -24.702 9.39275 18.3427
    endloop
  endfacet
  facet normal 0.944303 -0.224664 0.240452
    outer loop
      vertex -24.545 9.89275 18.1933
      vertex -24.5917 9.89275 18.3767
      vertex -24.702 9.39275 18.3427
    endloop
  endfacet
  facet normal 0.761816 -0.224866 0.607512
    outer loop
      vertex -24.8005 10.3927 19.0331
      vertex -24.8631 10.3927 19.1116
      vertex -24.9515 9.89275 19.0374
    endloop
  endfacet
  facet normal 0.730832 -0.22487 0.644452
    outer loop
      vertex -24.8631 10.3927 19.1116
      vertex -24.9295 10.3927 19.1869
      vertex -24.9515 9.89275 19.0374
    endloop
  endfacet
  facet normal 0.775901 -0.229291 0.58771
    outer loop
      vertex -24.8372 9.89275 18.8865
      vertex -24.8005 10.3927 19.0331
      vertex -24.9515 9.89275 19.0374
    endloop
  endfacet
  facet normal 0.91573 -0.224774 0.333039
    outer loop
      vertex -24.5917 9.89275 18.3767
      vertex -24.6564 9.89275 18.5546
      vertex -24.7628 9.39275 18.5097
    endloop
  endfacet
  facet normal 0.915642 -0.224659 0.333359
    outer loop
      vertex -24.702 9.39275 18.3427
      vertex -24.5917 9.89275 18.3767
      vertex -24.7628 9.39275 18.5097
    endloop
  endfacet
  facet normal 0.697655 -0.224988 0.68019
    outer loop
      vertex -24.9295 10.3927 19.1869
      vertex -24.9996 10.3927 19.2588
      vertex -25.0802 9.89275 19.1761
    endloop
  endfacet
  facet normal 0.662781 -0.224994 0.714212
    outer loop
      vertex -24.9996 10.3927 19.2588
      vertex -25.0732 10.3927 19.3271
      vertex -25.0802 9.89275 19.1761
    endloop
  endfacet
  facet normal 0.713495 -0.229371 0.662053
    outer loop
      vertex -24.9515 9.89275 19.0374
      vertex -24.9295 10.3927 19.1869
      vertex -25.0802 9.89275 19.1761
    endloop
  endfacet
  facet normal 0.973234 -0.224577 0.0487988
    outer loop
      vertex -24.6228 9.39275 17.8172
      vertex -24.6317 9.39275 17.9947
      vertex -24.7465 8.89275 17.9832
    endloop
  endfacet
  facet normal 0.963529 -0.22476 0.145242
    outer loop
      vertex -24.6582 9.39275 18.1705
      vertex -24.6317 9.39275 17.9947
      vertex -24.5168 9.89275 18.0062
    endloop
  endfacet
  facet normal 0.963571 -0.224577 0.145248
    outer loop
      vertex -24.6317 9.39275 17.9947
      vertex -24.6582 9.39275 18.1705
      vertex -24.7465 8.89275 17.9832
    endloop
  endfacet
  facet normal 0.97323 -0.224622 0.0486615
    outer loop
      vertex -24.7382 8.89275 17.8172
      vertex -24.6228 9.39275 17.8172
      vertex -24.7465 8.89275 17.9832
    endloop
  endfacet
  facet normal 0.878014 -0.224788 0.422565
    outer loop
      vertex -24.7628 9.39275 18.5097
      vertex -24.6564 9.89275 18.5546
      vertex -24.8399 9.39275 18.6699
    endloop
  endfacet
  facet normal 0.877775 -0.224557 0.423185
    outer loop
      vertex -24.6564 9.89275 18.5546
      vertex -24.7386 9.89275 18.7251
      vertex -24.8399 9.39275 18.6699
    endloop
  endfacet
  facet normal 0.625712 -0.224754 0.746974
    outer loop
      vertex -25.0732 10.3927 19.3271
      vertex -25.1502 10.3927 19.3916
      vertex -25.2221 9.89275 19.3014
    endloop
  endfacet
  facet normal 0.588371 -0.224752 0.776728
    outer loop
      vertex -25.2221 9.89275 19.3014
      vertex -25.1502 10.3927 19.3916
      vertex -25.2302 10.3927 19.4522
    endloop
  endfacet
  facet normal 0.644252 -0.229383 0.729604
    outer loop
      vertex -25.0802 9.89275 19.1761
      vertex -25.0732 10.3927 19.3271
      vertex -25.2221 9.89275 19.3014
    endloop
  endfacet
  facet normal 0.963547 -0.224611 0.145353
    outer loop
      vertex -24.7465 8.89275 17.9832
      vertex -24.6582 9.39275 18.1705
      vertex -24.7713 8.89275 18.1476
    endloop
  endfacet
  facet normal 0.831539 -0.224696 0.507991
    outer loop
      vertex -24.7386 9.89275 18.7251
      vertex -24.8372 9.89275 18.8865
      vertex -24.9326 9.39275 18.8215
    endloop
  endfacet
  facet normal 0.831355 -0.224555 0.508355
    outer loop
      vertex -24.8399 9.39275 18.6699
      vertex -24.7386 9.89275 18.7251
      vertex -24.9326 9.39275 18.8215
    endloop
  endfacet
  facet normal 0.567848 -0.229258 0.790563
    outer loop
      vertex -25.2221 9.89275 19.3014
      vertex -25.2302 10.3927 19.4522
      vertex -25.3758 9.89275 19.4118
    endloop
  endfacet
  facet normal 0.548962 -0.224925 0.805015
    outer loop
      vertex -25.2302 10.3927 19.4522
      vertex -25.3132 10.3927 19.5088
      vertex -25.3758 9.89275 19.4118
    endloop
  endfacet
  facet normal 0.508716 -0.224934 0.831031
    outer loop
      vertex -25.3758 9.89275 19.4118
      vertex -25.3132 10.3927 19.5088
      vertex -25.3988 10.3927 19.5612
    endloop
  endfacet
  facet normal 0.944344 -0.224618 0.240336
    outer loop
      vertex -24.7713 8.89275 18.1476
      vertex -24.6582 9.39275 18.1705
      vertex -24.8123 8.89275 18.3087
    endloop
  endfacet
  facet normal 0.944367 -0.224661 0.240205
    outer loop
      vertex -24.6582 9.39275 18.1705
      vertex -24.702 9.39275 18.3427
      vertex -24.8123 8.89275 18.3087
    endloop
  endfacet
  facet normal 0.776764 -0.224645 0.588364
    outer loop
      vertex -24.8372 9.89275 18.8865
      vertex -24.9515 9.89275 19.0374
      vertex -25.0399 9.39275 18.9632
    endloop
  endfacet
  facet normal 0.776838 -0.224693 0.588248
    outer loop
      vertex -24.9326 9.39275 18.8215
      vertex -24.8372 9.89275 18.8865
      vertex -25.0399 9.39275 18.9632
    endloop
  endfacet
  facet normal 0.48694 -0.229441 0.842761
    outer loop
      vertex -25.3758 9.89275 19.4118
      vertex -25.3988 10.3927 19.5612
      vertex -25.5397 9.89275 19.5065
    endloop
  endfacet
  facet normal 0.465768 -0.224906 0.855849
    outer loop
      vertex -25.3988 10.3927 19.5612
      vertex -25.487 10.3927 19.6092
      vertex -25.5397 9.89275 19.5065
    endloop
  endfacet
  facet normal 0.422119 -0.224896 0.878201
    outer loop
      vertex -25.5397 9.89275 19.5065
      vertex -25.487 10.3927 19.6092
      vertex -25.5775 10.3927 19.6527
    endloop
  endfacet
  facet normal 0.91563 -0.224715 0.333355
    outer loop
      vertex -24.702 9.39275 18.3427
      vertex -24.7628 9.39275 18.5097
      vertex -24.8692 8.89275 18.4649
    endloop
  endfacet
  facet normal 0.915582 -0.224657 0.333525
    outer loop
      vertex -24.8123 8.89275 18.3087
      vertex -24.702 9.39275 18.3427
      vertex -24.8692 8.89275 18.4649
    endloop
  endfacet
  facet normal 0.714317 -0.224649 0.662785
    outer loop
      vertex -25.0399 9.39275 18.9632
      vertex -24.9515 9.89275 19.0374
      vertex -25.1608 9.39275 19.0935
    endloop
  endfacet
  facet normal 0.714303 -0.224641 0.662803
    outer loop
      vertex -24.9515 9.89275 19.0374
      vertex -25.0802 9.89275 19.1761
      vertex -25.1608 9.39275 19.0935
    endloop
  endfacet
  facet normal 0.973195 -0.224808 0.0485023
    outer loop
      vertex -24.8537 8.39275 17.8172
      vertex -24.7382 8.89275 17.8172
      vertex -24.8614 8.39275 17.9717
    endloop
  endfacet
  facet normal 0.973238 -0.224623 0.0485044
    outer loop
      vertex -24.8537 8.39275 17.8172
      vertex -24.8614 8.39275 17.9717
      vertex -24.9691 7.89275 17.8172
    endloop
  endfacet
  facet normal 0.973198 -0.22476 0.0486599
    outer loop
      vertex -24.7382 8.89275 17.8172
      vertex -24.7465 8.89275 17.9832
      vertex -24.8614 8.39275 17.9717
    endloop
  endfacet
  facet normal 0.378556 -0.224832 0.897856
    outer loop
      vertex -25.5775 10.3927 19.6527
      vertex -25.67 10.3927 19.6917
      vertex -25.7122 9.89275 19.5843
    endloop
  endfacet
  facet normal 0.333617 -0.22483 0.915506
    outer loop
      vertex -25.7122 9.89275 19.5843
      vertex -25.67 10.3927 19.6917
      vertex -25.7644 10.3927 19.7261
    endloop
  endfacet
  facet normal 0.400187 -0.229217 0.887305
    outer loop
      vertex -25.5397 9.89275 19.5065
      vertex -25.5775 10.3927 19.6527
      vertex -25.7122 9.89275 19.5843
    endloop
  endfacet
  facet normal 0.878029 -0.224716 0.422572
    outer loop
      vertex -24.7628 9.39275 18.5097
      vertex -24.8399 9.39275 18.6699
      vertex -24.9413 8.89275 18.6147
    endloop
  endfacet
  facet normal 0.878019 -0.224707 0.422598
    outer loop
      vertex -24.8692 8.89275 18.4649
      vertex -24.7628 9.39275 18.5097
      vertex -24.9413 8.89275 18.6147
    endloop
  endfacet
  facet normal 0.644658 -0.224634 0.730722
    outer loop
      vertex -25.1608 9.39275 19.0935
      vertex -25.0802 9.89275 19.1761
      vertex -25.2941 9.39275 19.2111
    endloop
  endfacet
  facet normal 0.644962 -0.224786 0.730408
    outer loop
      vertex -25.0802 9.89275 19.1761
      vertex -25.2221 9.89275 19.3014
      vertex -25.2941 9.39275 19.2111
    endloop
  endfacet
  facet normal 0.963505 -0.224794 0.145346
    outer loop
      vertex -24.7465 8.89275 17.9832
      vertex -24.7713 8.89275 18.1476
      vertex -24.8845 8.39275 18.1247
    endloop
  endfacet
  facet normal 0.963495 -0.224757 0.145469
    outer loop
      vertex -24.8614 8.39275 17.9717
      vertex -24.7465 8.89275 17.9832
      vertex -24.8845 8.39275 18.1247
    endloop
  endfacet
  facet normal 0.287371 -0.22489 0.931044
    outer loop
      vertex -25.7644 10.3927 19.7261
      vertex -25.8603 10.3927 19.7557
      vertex -25.8916 9.89275 19.6446
    endloop
  endfacet
  facet normal 0.240659 -0.224888 0.944197
    outer loop
      vertex -25.8916 9.89275 19.6446
      vertex -25.8603 10.3927 19.7557
      vertex -25.9576 10.3927 19.7805
    endloop
  endfacet
  facet normal 0.310115 -0.229305 0.922631
    outer loop
      vertex -25.7122 9.89275 19.5843
      vertex -25.7644 10.3927 19.7261
      vertex -25.8916 9.89275 19.6446
    endloop
  endfacet
  facet normal 0.831326 -0.224701 0.508337
    outer loop
      vertex -24.8399 9.39275 18.6699
      vertex -24.9326 9.39275 18.8215
      vertex -25.028 8.89275 18.7565
    endloop
  endfacet
  facet normal 0.831343 -0.224713 0.508304
    outer loop
      vertex -24.9413 8.89275 18.6147
      vertex -24.8399 9.39275 18.6699
      vertex -25.028 8.89275 18.7565
    endloop
  endfacet
  facet normal 0.776838 -0.224693 0.588248
    outer loop
      vertex -25.028 8.89275 18.7565
      vertex -24.9326 9.39275 18.8215
      vertex -25.0399 9.39275 18.9632
    endloop
  endfacet
  facet normal 0.568486 -0.224558 0.791452
    outer loop
      vertex -25.2221 9.89275 19.3014
      vertex -25.3758 9.89275 19.4118
      vertex -25.4384 9.39275 19.3149
    endloop
  endfacet
  facet normal 0.569004 -0.224794 0.791014
    outer loop
      vertex -25.2941 9.39275 19.2111
      vertex -25.2221 9.89275 19.3014
      vertex -25.4384 9.39275 19.3149
    endloop
  endfacet
  facet normal 0.944378 -0.224801 0.240032
    outer loop
      vertex -24.8845 8.39275 18.1247
      vertex -24.7713 8.89275 18.1476
      vertex -24.9226 8.39275 18.2746
    endloop
  endfacet
  facet normal 0.944324 -0.224708 0.240331
    outer loop
      vertex -24.7713 8.89275 18.1476
      vertex -24.8123 8.89275 18.3087
      vertex -24.9226 8.39275 18.2746
    endloop
  endfacet
  facet normal 0.193142 -0.224961 0.955033
    outer loop
      vertex -25.9576 10.3927 19.7805
      vertex -26.056 10.3927 19.8004
      vertex -26.0761 9.89275 19.6867
    endloop
  endfacet
  facet normal 0.144586 -0.224953 0.963582
    outer loop
      vertex -26.0761 9.89275 19.6867
      vertex -26.056 10.3927 19.8004
      vertex -26.1553 10.3927 19.8153
    endloop
  endfacet
  facet normal 0.216535 -0.229365 0.948949
    outer loop
      vertex -25.8916 9.89275 19.6446
      vertex -25.9576 10.3927 19.7805
      vertex -26.0761 9.89275 19.6867
    endloop
  endfacet
  facet normal 0.776632 -0.224794 0.588482
    outer loop
      vertex -25.028 8.89275 18.7565
      vertex -25.0399 9.39275 18.9632
      vertex -25.1284 8.89275 18.889
    endloop
  endfacet
  facet normal 0.487009 -0.224548 0.844038
    outer loop
      vertex -25.4384 9.39275 19.3149
      vertex -25.3758 9.89275 19.4118
      vertex -25.5923 9.39275 19.4037
    endloop
  endfacet
  facet normal 0.487487 -0.22475 0.843708
    outer loop
      vertex -25.3758 9.89275 19.4118
      vertex -25.5397 9.89275 19.5065
      vertex -25.5923 9.39275 19.4037
    endloop
  endfacet
  facet normal 0.400614 -0.224769 0.88825
    outer loop
      vertex -25.5923 9.39275 19.4037
      vertex -25.5397 9.89275 19.5065
      vertex -25.7122 9.89275 19.5843
    endloop
  endfacet
  facet normal 0.915555 -0.22478 0.333515
    outer loop
      vertex -24.8123 8.89275 18.3087
      vertex -24.8692 8.89275 18.4649
      vertex -24.9756 8.39275 18.42
    endloop
  endfacet
  facet normal 0.915499 -0.224718 0.33371
    outer loop
      vertex -24.9226 8.39275 18.2746
      vertex -24.8123 8.89275 18.3087
      vertex -24.9756 8.39275 18.42
    endloop
  endfacet
  facet normal 0.0970507 -0.224899 0.969537
    outer loop
      vertex -26.1553 10.3927 19.8153
      vertex -26.2552 10.3927 19.8253
      vertex -26.2639 9.89275 19.7102
    endloop
  endfacet
  facet normal 0.0485132 -0.224892 0.973175
    outer loop
      vertex -26.2639 9.89275 19.7102
      vertex -26.2552 10.3927 19.8253
      vertex -26.3555 10.3927 19.8303
    endloop
  endfacet
  facet normal 0.120857 -0.22929 0.965826
    outer loop
      vertex -26.0761 9.89275 19.6867
      vertex -26.1553 10.3927 19.8153
      vertex -26.2639 9.89275 19.7102
    endloop
  endfacet
  facet normal 0.714603 -0.224789 0.662429
    outer loop
      vertex -25.1284 8.89275 18.889
      vertex -25.0399 9.39275 18.9632
      vertex -25.2414 8.89275 19.0109
    endloop
  endfacet
  facet normal 0.714318 -0.22464 0.662787
    outer loop
      vertex -25.0399 9.39275 18.9632
      vertex -25.1608 9.39275 19.0935
      vertex -25.2414 8.89275 19.0109
    endloop
  endfacet
  facet normal 0.400569 -0.224785 0.888266
    outer loop
      vertex -25.5923 9.39275 19.4037
      vertex -25.7122 9.89275 19.5843
      vertex -25.7544 9.39275 19.4768
    endloop
  endfacet
  facet normal 0.878001 -0.224797 0.422589
    outer loop
      vertex -24.8692 8.89275 18.4649
      vertex -24.9413 8.89275 18.6147
      vertex -25.0427 8.39275 18.5594
    endloop
  endfacet
  facet normal 0.877989 -0.224787 0.422619
    outer loop
      vertex -24.9756 8.39275 18.42
      vertex -24.8692 8.89275 18.4649
      vertex -25.0427 8.39275 18.5594
    endloop
  endfacet
  facet normal 0.0241848 -0.229319 0.973051
    outer loop
      vertex -26.2639 9.89275 19.7102
      vertex -26.3555 10.3927 19.8303
      vertex -26.453 9.89275 19.7149
    endloop
  endfacet
  facet normal 0 -0.224909 0.97438
    outer loop
      vertex -26.453 9.89275 19.7149
      vertex -26.3555 10.3927 19.8303
      vertex -26.4559 10.3927 19.8303
    endloop
  endfacet
  facet normal -0.048513 -0.224912 0.973171
    outer loop
      vertex -26.453 9.89275 19.7149
      vertex -26.4559 10.3927 19.8303
      vertex -26.5562 10.3927 19.8253
    endloop
  endfacet
  facet normal 0.644656 -0.224652 0.730719
    outer loop
      vertex -25.1608 9.39275 19.0935
      vertex -25.2941 9.39275 19.2111
      vertex -25.3661 8.89275 19.1209
    endloop
  endfacet
  facet normal 0.644616 -0.224634 0.73076
    outer loop
      vertex -25.2414 8.89275 19.0109
      vertex -25.1608 9.39275 19.0935
      vertex -25.3661 8.89275 19.1209
    endloop
  endfacet
  facet normal 0.963528 -0.224613 0.145474
    outer loop
      vertex -24.8614 8.39275 17.9717
      vertex -24.8845 8.39275 18.1247
      vertex -24.9976 7.89275 18.1018
    endloop
  endfacet
  facet normal 0.963573 -0.224763 0.144944
    outer loop
      vertex -24.9763 7.89275 17.9602
      vertex -24.8614 8.39275 17.9717
      vertex -24.9976 7.89275 18.1018
    endloop
  endfacet
  facet normal 0.310438 -0.224782 0.923635
    outer loop
      vertex -25.7544 9.39275 19.4768
      vertex -25.7122 9.89275 19.5843
      vertex -25.9228 9.39275 19.5334
    endloop
  endfacet
  facet normal 0.310451 -0.224787 0.923629
    outer loop
      vertex -25.7122 9.89275 19.5843
      vertex -25.8916 9.89275 19.6446
      vertex -25.9228 9.39275 19.5334
    endloop
  endfacet
  facet normal 0.831517 -0.224814 0.507975
    outer loop
      vertex -25.0427 8.39275 18.5594
      vertex -24.9413 8.89275 18.6147
      vertex -25.1234 8.39275 18.6915
    endloop
  endfacet
  facet normal 0.831346 -0.2247 0.508305
    outer loop
      vertex -24.9413 8.89275 18.6147
      vertex -25.028 8.89275 18.7565
      vertex -25.1234 8.39275 18.6915
    endloop
  endfacet
  facet normal -0.0724904 -0.229305 0.970652
    outer loop
      vertex -26.453 9.89275 19.7149
      vertex -26.5562 10.3927 19.8253
      vertex -26.6418 9.89275 19.7008
    endloop
  endfacet
  facet normal -0.0970524 -0.224826 0.969554
    outer loop
      vertex -26.6418 9.89275 19.7008
      vertex -26.5562 10.3927 19.8253
      vertex -26.6561 10.3927 19.8153
    endloop
  endfacet
  facet normal -0.14459 -0.224825 0.963612
    outer loop
      vertex -26.6418 9.89275 19.7008
      vertex -26.6561 10.3927 19.8153
      vertex -26.7554 10.3927 19.8004
    endloop
  endfacet
  facet normal 0.568876 -0.224641 0.791149
    outer loop
      vertex -25.3661 8.89275 19.1209
      vertex -25.2941 9.39275 19.2111
      vertex -25.501 8.89275 19.2179
    endloop
  endfacet
  facet normal 0.569016 -0.224701 0.791031
    outer loop
      vertex -25.2941 9.39275 19.2111
      vertex -25.4384 9.39275 19.3149
      vertex -25.501 8.89275 19.2179
    endloop
  endfacet
  facet normal 0.944384 -0.22462 0.240178
    outer loop
      vertex -24.9976 7.89275 18.1018
      vertex -24.8845 8.39275 18.1247
      vertex -25.0329 7.89275 18.2406
    endloop
  endfacet
  facet normal 0.915513 -0.224655 0.333715
    outer loop
      vertex -24.9226 8.39275 18.2746
      vertex -24.9756 8.39275 18.42
      vertex -25.0329 7.89275 18.2406
    endloop
  endfacet
  facet normal 0.944409 -0.224659 0.24004
    outer loop
      vertex -24.8845 8.39275 18.1247
      vertex -24.9226 8.39275 18.2746
      vertex -25.0329 7.89275 18.2406
    endloop
  endfacet
  facet normal 0.217062 -0.224807 0.949919
    outer loop
      vertex -25.9228 9.39275 19.5334
      vertex -25.8916 9.89275 19.6446
      vertex -26.0961 9.39275 19.573
    endloop
  endfacet
  facet normal 0.216777 -0.224703 0.950009
    outer loop
      vertex -25.8916 9.89275 19.6446
      vertex -26.0761 9.89275 19.6867
      vertex -26.0961 9.39275 19.573
    endloop
  endfacet
  facet normal 0.120989 -0.224709 0.966885
    outer loop
      vertex -26.0961 9.39275 19.573
      vertex -26.0761 9.89275 19.6867
      vertex -26.2639 9.89275 19.7102
    endloop
  endfacet
  facet normal 0.776738 -0.224691 0.588381
    outer loop
      vertex -25.1234 8.39275 18.6915
      vertex -25.028 8.89275 18.7565
      vertex -25.2168 8.39275 18.8148
    endloop
  endfacet
  facet normal 0.776659 -0.224647 0.588502
    outer loop
      vertex -25.028 8.89275 18.7565
      vertex -25.1284 8.89275 18.889
      vertex -25.2168 8.39275 18.8148
    endloop
  endfacet
  facet normal -0.193139 -0.22502 0.95502
    outer loop
      vertex -26.8281 9.89275 19.6679
      vertex -26.7554 10.3927 19.8004
      vertex -26.8538 10.3927 19.7805
    endloop
  endfacet
  facet normal -0.312876 -0.145218 0.938627
    outer loop
      vertex -26.9329 10.3188 19.7427
      vertex -26.8538 10.3927 19.7805
      vertex -26.8547 10.3927 19.7802
    endloop
  endfacet
  facet normal -0.240936 -0.225017 0.944096
    outer loop
      vertex -26.8538 10.3927 19.7805
      vertex -26.9329 10.3188 19.7427
      vertex -26.8281 9.89275 19.6679
    endloop
  endfacet
  facet normal -0.169268 -0.229413 0.958498
    outer loop
      vertex -26.6418 9.89275 19.7008
      vertex -26.7554 10.3927 19.8004
      vertex -26.8281 9.89275 19.6679
    endloop
  endfacet
  facet normal 0.487044 -0.224709 0.843975
    outer loop
      vertex -25.501 8.89275 19.2179
      vertex -25.4384 9.39275 19.3149
      vertex -25.645 8.89275 19.301
    endloop
  endfacet
  facet normal 0.486992 -0.224689 0.84401
    outer loop
      vertex -25.4384 9.39275 19.3149
      vertex -25.5923 9.39275 19.4037
      vertex -25.645 8.89275 19.301
    endloop
  endfacet
  facet normal 0.915676 -0.22454 0.333344
    outer loop
      vertex -25.0329 7.89275 18.2406
      vertex -24.9756 8.39275 18.42
      vertex -25.0819 7.89275 18.3752
    endloop
  endfacet
  facet normal 0.121134 -0.224659 0.966879
    outer loop
      vertex -26.0961 9.39275 19.573
      vertex -26.2639 9.89275 19.7102
      vertex -26.2725 9.39275 19.5951
    endloop
  endfacet
  facet normal 0.714377 -0.22465 0.66272
    outer loop
      vertex -25.2168 8.39275 18.8148
      vertex -25.1284 8.89275 18.889
      vertex -25.322 8.39275 18.9282
    endloop
  endfacet
  facet normal 0.714608 -0.224761 0.662434
    outer loop
      vertex -25.1284 8.89275 18.889
      vertex -25.2414 8.89275 19.0109
      vertex -25.322 8.39275 18.9282
    endloop
  endfacet
  facet normal 0.97318 -0.224764 0.0489993
    outer loop
      vertex -24.9763 7.89275 17.9602
      vertex -24.9691 7.89275 17.8172
      vertex -24.8614 8.39275 17.9717
    endloop
  endfacet
  facet normal 0.973223 -0.224579 0.0490014
    outer loop
      vertex -24.9691 7.89275 17.8172
      vertex -24.9763 7.89275 17.9602
      vertex -25.0911 7.39275 17.9487
    endloop
  endfacet
  facet normal 0.973222 -0.22462 0.0488461
    outer loop
      vertex -25.0911 7.39275 17.9487
      vertex -25.0845 7.39275 17.8172
      vertex -24.9691 7.89275 17.8172
    endloop
  endfacet
  facet normal 0.973179 -0.224804 0.048844
    outer loop
      vertex -25.0845 7.39275 17.8172
      vertex -25.0911 7.39275 17.9487
      vertex -25.2 6.89275 17.8172
    endloop
  endfacet
  facet normal -0.264119 -0.229439 0.936802
    outer loop
      vertex -26.9633 10.2901 19.7271
      vertex -26.8281 9.89275 19.6679
      vertex -26.9329 10.3188 19.7427
    endloop
  endfacet
  facet normal -0.263329 -0.229212 0.937081
    outer loop
      vertex -26.8281 9.89275 19.6679
      vertex -26.9633 10.2901 19.7271
      vertex -27.0103 9.89275 19.6167
    endloop
  endfacet
  facet normal -0.286393 -0.22489 0.931345
    outer loop
      vertex -27.0103 9.89275 19.6167
      vertex -26.9633 10.2901 19.7271
      vertex -27.0346 10.2227 19.6889
    endloop
  endfacet
  facet normal -0.333929 -0.224897 0.915376
    outer loop
      vertex -27.0103 9.89275 19.6167
      vertex -27.0346 10.2227 19.6889
      vertex -27.0845 10.1755 19.6591
    endloop
  endfacet
  facet normal 0.400969 -0.22468 0.888112
    outer loop
      vertex -25.645 8.89275 19.301
      vertex -25.5923 9.39275 19.4037
      vertex -25.7965 8.89275 19.3694
    endloop
  endfacet
  facet normal 0.400592 -0.22454 0.888317
    outer loop
      vertex -25.5923 9.39275 19.4037
      vertex -25.7544 9.39275 19.4768
      vertex -25.7965 8.89275 19.3694
    endloop
  endfacet
  facet normal 0.878003 -0.224717 0.422626
    outer loop
      vertex -24.9756 8.39275 18.42
      vertex -25.0427 8.39275 18.5594
      vertex -25.1441 7.89275 18.5042
    endloop
  endfacet
  facet normal 0.877759 -0.224533 0.42323
    outer loop
      vertex -25.0819 7.89275 18.3752
      vertex -24.9756 8.39275 18.42
      vertex -25.1441 7.89275 18.5042
    endloop
  endfacet
  facet normal -0.0725707 -0.224681 0.971726
    outer loop
      vertex -26.4502 9.39275 19.5995
      vertex -26.453 9.89275 19.7149
      vertex -26.6418 9.89275 19.7008
    endloop
  endfacet
  facet normal 0.0242116 -0.224693 0.974129
    outer loop
      vertex -26.4502 9.39275 19.5995
      vertex -26.2639 9.89275 19.7102
      vertex -26.453 9.89275 19.7149
    endloop
  endfacet
  facet normal 0.0241205 -0.224662 0.974138
    outer loop
      vertex -26.2725 9.39275 19.5951
      vertex -26.2639 9.89275 19.7102
      vertex -26.4502 9.39275 19.5995
    endloop
  endfacet
  facet normal 0.64461 -0.224669 0.730754
    outer loop
      vertex -25.2414 8.89275 19.0109
      vertex -25.3661 8.89275 19.1209
      vertex -25.438 8.39275 19.0306
    endloop
  endfacet
  facet normal 0.644858 -0.224776 0.730503
    outer loop
      vertex -25.438 8.39275 19.0306
      vertex -25.322 8.39275 18.9282
      vertex -25.2414 8.89275 19.0109
    endloop
  endfacet
  facet normal 0.644879 -0.224637 0.730527
    outer loop
      vertex -25.322 8.39275 18.9282
      vertex -25.438 8.39275 19.0306
      vertex -25.4026 7.89275 18.8456
    endloop
  endfacet
  facet normal 0.963615 -0.224579 0.144951
    outer loop
      vertex -24.9763 7.89275 17.9602
      vertex -24.9976 7.89275 18.1018
      vertex -25.1107 7.39275 18.079
    endloop
  endfacet
  facet normal -0.355663 -0.229205 0.906073
    outer loop
      vertex -27.1681 10.0965 19.6063
      vertex -27.0103 9.89275 19.6167
      vertex -27.0845 10.1755 19.6591
    endloop
  endfacet
  facet normal -0.355812 -0.229325 0.905984
    outer loop
      vertex -27.0103 9.89275 19.6167
      vertex -27.1681 10.0965 19.6063
      vertex -27.1865 9.89275 19.5475
    endloop
  endfacet
  facet normal -0.37904 -0.224823 0.897654
    outer loop
      vertex -27.1865 9.89275 19.5475
      vertex -27.1681 10.0965 19.6063
      vertex -27.2027 10.0638 19.5835
    endloop
  endfacet
  facet normal -0.42044 -0.224823 0.879025
    outer loop
      vertex -27.1865 9.89275 19.5475
      vertex -27.2027 10.0638 19.5835
      vertex -27.2273 10.0406 19.5658
    endloop
  endfacet
  facet normal 0.310086 -0.224544 0.923811
    outer loop
      vertex -25.7965 8.89275 19.3694
      vertex -25.7544 9.39275 19.4768
      vertex -25.9541 8.89275 19.4223
    endloop
  endfacet
  facet normal 0.310446 -0.224671 0.923659
    outer loop
      vertex -25.7544 9.39275 19.4768
      vertex -25.9228 9.39275 19.5334
      vertex -25.9541 8.89275 19.4223
    endloop
  endfacet
  facet normal 0.776745 -0.224655 0.588386
    outer loop
      vertex -25.1234 8.39275 18.6915
      vertex -25.2168 8.39275 18.8148
      vertex -25.2187 7.89275 18.6264
    endloop
  endfacet
  facet normal 0.831552 -0.224635 0.507996
    outer loop
      vertex -25.0427 8.39275 18.5594
      vertex -25.1234 8.39275 18.6915
      vertex -25.2187 7.89275 18.6264
    endloop
  endfacet
  facet normal 0.831693 -0.22472 0.507728
    outer loop
      vertex -25.1441 7.89275 18.5042
      vertex -25.0427 8.39275 18.5594
      vertex -25.2187 7.89275 18.6264
    endloop
  endfacet
  facet normal -0.0729301 -0.224807 0.97167
    outer loop
      vertex -26.6274 9.39275 19.5862
      vertex -26.4502 9.39275 19.5995
      vertex -26.6418 9.89275 19.7008
    endloop
  endfacet
  facet normal 0.568853 -0.224811 0.791117
    outer loop
      vertex -25.3661 8.89275 19.1209
      vertex -25.501 8.89275 19.2179
      vertex -25.5637 8.39275 19.1209
    endloop
  endfacet
  facet normal 0.56852 -0.224679 0.791394
    outer loop
      vertex -25.438 8.39275 19.0306
      vertex -25.3661 8.89275 19.1209
      vertex -25.5637 8.39275 19.1209
    endloop
  endfacet
  facet normal 0.944309 -0.22457 0.240518
    outer loop
      vertex -25.1107 7.39275 18.079
      vertex -24.9976 7.89275 18.1018
      vertex -25.1432 7.39275 18.2066
    endloop
  endfacet
  facet normal 0.944374 -0.224661 0.240176
    outer loop
      vertex -24.9976 7.89275 18.1018
      vertex -25.0329 7.89275 18.2406
      vertex -25.1432 7.39275 18.2066
    endloop
  endfacet
  facet normal -0.444152 -0.229753 0.865992
    outer loop
      vertex -27.3531 9.92157 19.4697
      vertex -27.1865 9.89275 19.5475
      vertex -27.2273 10.0406 19.5658
    endloop
  endfacet
  facet normal -0.444075 -0.227836 0.866538
    outer loop
      vertex -27.1865 9.89275 19.5475
      vertex -27.3531 9.92157 19.4697
      vertex -27.3549 9.89275 19.4612
    endloop
  endfacet
  facet normal -0.460301 -0.224567 0.85889
    outer loop
      vertex -27.3549 9.89275 19.4612
      vertex -27.3531 9.92157 19.4697
      vertex -27.3577 9.91723 19.4661
    endloop
  endfacet
  facet normal -0.514835 -0.224496 0.827373
    outer loop
      vertex -27.3549 9.89275 19.4612
      vertex -27.3577 9.91723 19.4661
      vertex -27.361 9.91411 19.4632
    endloop
  endfacet
  facet normal 0.216842 -0.224665 0.950003
    outer loop
      vertex -25.9541 8.89275 19.4223
      vertex -25.9228 9.39275 19.5334
      vertex -26.1162 8.89275 19.4593
    endloop
  endfacet
  facet normal 0.121132 -0.224734 0.966862
    outer loop
      vertex -26.1162 8.89275 19.4593
      vertex -26.0961 9.39275 19.573
      vertex -26.2725 9.39275 19.5951
    endloop
  endfacet
  facet normal 0.217065 -0.224741 0.949934
    outer loop
      vertex -25.9228 9.39275 19.5334
      vertex -26.0961 9.39275 19.573
      vertex -26.1162 8.89275 19.4593
    endloop
  endfacet
  facet normal 0.776769 -0.224645 0.588358
    outer loop
      vertex -25.2187 7.89275 18.6264
      vertex -25.2168 8.39275 18.8148
      vertex -25.3052 7.89275 18.7406
    endloop
  endfacet
  facet normal -0.168805 -0.224817 0.959668
    outer loop
      vertex -26.6274 9.39275 19.5862
      vertex -26.6418 9.89275 19.7008
      vertex -26.8025 9.39275 19.5554
    endloop
  endfacet
  facet normal -0.169463 -0.224588 0.959605
    outer loop
      vertex -26.8025 9.39275 19.5554
      vertex -26.6418 9.89275 19.7008
      vertex -26.8281 9.89275 19.6679
    endloop
  endfacet
  facet normal -0.263621 -0.224575 0.938121
    outer loop
      vertex -26.8025 9.39275 19.5554
      vertex -26.8281 9.89275 19.6679
      vertex -27.0103 9.89275 19.6167
    endloop
  endfacet
  facet normal 0.487367 -0.224806 0.843763
    outer loop
      vertex -25.5637 8.39275 19.1209
      vertex -25.501 8.89275 19.2179
      vertex -25.6977 8.39275 19.1983
    endloop
  endfacet
  facet normal 0.487046 -0.224688 0.843979
    outer loop
      vertex -25.501 8.89275 19.2179
      vertex -25.645 8.89275 19.301
      vertex -25.6977 8.39275 19.1983
    endloop
  endfacet
  facet normal 0.400969 -0.22468 0.888112
    outer loop
      vertex -25.6977 8.39275 19.1983
      vertex -25.645 8.89275 19.301
      vertex -25.7965 8.89275 19.3694
    endloop
  endfacet
  facet normal 0.915639 -0.224714 0.333331
    outer loop
      vertex -25.0329 7.89275 18.2406
      vertex -25.0819 7.89275 18.3752
      vertex -25.1883 7.39275 18.3304
    endloop
  endfacet
  facet normal 0.915576 -0.224657 0.333542
    outer loop
      vertex -25.1432 7.39275 18.2066
      vertex -25.0329 7.89275 18.2406
      vertex -25.1883 7.39275 18.3304
    endloop
  endfacet
  facet normal -0.529565 -0.227743 0.817125
    outer loop
      vertex -27.3549 9.89275 19.4612
      vertex -27.361 9.91411 19.4632
      vertex -27.3836 9.89275 19.4426
    endloop
  endfacet
  facet normal 0.121369 -0.224656 0.96685
    outer loop
      vertex -26.1162 8.89275 19.4593
      vertex -26.2725 9.39275 19.5951
      vertex -26.2811 8.89275 19.48
    endloop
  endfacet
  facet normal 0.714379 -0.224639 0.662722
    outer loop
      vertex -25.2168 8.39275 18.8148
      vertex -25.322 8.39275 18.9282
      vertex -25.4026 7.89275 18.8456
    endloop
  endfacet
  facet normal 0.714402 -0.22465 0.662693
    outer loop
      vertex -25.3052 7.89275 18.7406
      vertex -25.2168 8.39275 18.8148
      vertex -25.4026 7.89275 18.8456
    endloop
  endfacet
  facet normal 0.963615 -0.22458 0.144949
    outer loop
      vertex -25.1107 7.39275 18.079
      vertex -25.0911 7.39275 17.9487
      vertex -24.9763 7.89275 17.9602
    endloop
  endfacet
  facet normal 0.963573 -0.224763 0.144943
    outer loop
      vertex -25.0911 7.39275 17.9487
      vertex -25.1107 7.39275 18.079
      vertex -25.206 6.89275 17.9372
    endloop
  endfacet
  facet normal -0.264035 -0.224728 0.937968
    outer loop
      vertex -26.9368 8.89275 19.3978
      vertex -26.8025 9.39275 19.5554
      vertex -27.0103 9.89275 19.6167
    endloop
  endfacet
  facet normal 0.400649 -0.224784 0.88823
    outer loop
      vertex -25.6977 8.39275 19.1983
      vertex -25.7965 8.89275 19.3694
      vertex -25.8387 8.39275 19.2619
    endloop
  endfacet
  facet normal 0.877971 -0.224706 0.422699
    outer loop
      vertex -25.1883 7.39275 18.3304
      vertex -25.0819 7.89275 18.3752
      vertex -25.2454 7.39275 18.449
    endloop
  endfacet
  facet normal 0.877754 -0.224557 0.423227
    outer loop
      vertex -25.0819 7.89275 18.3752
      vertex -25.1441 7.89275 18.5042
      vertex -25.2454 7.39275 18.449
    endloop
  endfacet
  facet normal 0.0241203 -0.22469 0.974132
    outer loop
      vertex -26.4473 8.89275 19.4841
      vertex -26.2725 9.39275 19.5951
      vertex -26.4502 9.39275 19.5995
    endloop
  endfacet
  facet normal 0.0240311 -0.224661 0.974141
    outer loop
      vertex -26.2811 8.89275 19.48
      vertex -26.2725 9.39275 19.5951
      vertex -26.4473 8.89275 19.4841
    endloop
  endfacet
  facet normal -0.0729321 -0.224691 0.971697
    outer loop
      vertex -26.4473 8.89275 19.4841
      vertex -26.4502 9.39275 19.5995
      vertex -26.6274 9.39275 19.5862
    endloop
  endfacet
  facet normal 0.644845 -0.224649 0.730553
    outer loop
      vertex -25.4026 7.89275 18.8456
      vertex -25.438 8.39275 19.0306
      vertex -25.51 7.89275 18.9404
    endloop
  endfacet
  facet normal 0.963549 -0.224791 0.145059
    outer loop
      vertex -25.206 6.89275 17.9372
      vertex -25.1107 7.39275 18.079
      vertex -25.2239 6.89275 18.0561
    endloop
  endfacet
  facet normal -0.356209 -0.224671 0.906994
    outer loop
      vertex -27.139 9.39275 19.4423
      vertex -27.0103 9.89275 19.6167
      vertex -27.1865 9.89275 19.5475
    endloop
  endfacet
  facet normal -0.44441 -0.224676 0.867191
    outer loop
      vertex -27.139 9.39275 19.4423
      vertex -27.1865 9.89275 19.5475
      vertex -27.3549 9.89275 19.4612
    endloop
  endfacet
  facet normal 0.310077 -0.224675 0.923782
    outer loop
      vertex -25.7965 8.89275 19.3694
      vertex -25.9541 8.89275 19.4223
      vertex -25.9854 8.39275 19.3112
    endloop
  endfacet
  facet normal 0.310401 -0.224782 0.923647
    outer loop
      vertex -25.8387 8.39275 19.2619
      vertex -25.7965 8.89275 19.3694
      vertex -25.9854 8.39275 19.3112
    endloop
  endfacet
  facet normal 0.831699 -0.224693 0.507731
    outer loop
      vertex -25.1441 7.89275 18.5042
      vertex -25.2187 7.89275 18.6264
      vertex -25.3141 7.39275 18.5614
    endloop
  endfacet
  facet normal 0.831453 -0.224557 0.508193
    outer loop
      vertex -25.2454 7.39275 18.449
      vertex -25.1441 7.89275 18.5042
      vertex -25.3141 7.39275 18.5614
    endloop
  endfacet
  facet normal -0.0726967 -0.224613 0.971733
    outer loop
      vertex -26.5987 8.39275 19.3572
      vertex -26.4473 8.89275 19.4841
      vertex -26.6274 9.39275 19.5862
    endloop
  endfacet
  facet normal 0.568761 -0.22464 0.791232
    outer loop
      vertex -25.51 7.89275 18.9404
      vertex -25.438 8.39275 19.0306
      vertex -25.6263 7.89275 19.024
    endloop
  endfacet
  facet normal 0.568536 -0.224557 0.791417
    outer loop
      vertex -25.438 8.39275 19.0306
      vertex -25.5637 8.39275 19.1209
      vertex -25.6263 7.89275 19.024
    endloop
  endfacet
  facet normal 0.944398 -0.224801 0.23995
    outer loop
      vertex -25.2239 6.89275 18.0561
      vertex -25.1107 7.39275 18.079
      vertex -25.2535 6.89275 18.1726
    endloop
  endfacet
  facet normal 0.944288 -0.224665 0.240512
    outer loop
      vertex -25.1107 7.39275 18.079
      vertex -25.1432 7.39275 18.2066
      vertex -25.2535 6.89275 18.1726
    endloop
  endfacet
  facet normal -0.444523 -0.224722 0.867121
    outer loop
      vertex -27.2972 9.39275 19.3612
      vertex -27.139 9.39275 19.4423
      vertex -27.3549 9.89275 19.4612
    endloop
  endfacet
  facet normal 0.121368 -0.224713 0.966837
    outer loop
      vertex -26.1362 8.39275 19.3456
      vertex -26.1162 8.89275 19.4593
      vertex -26.2811 8.89275 19.48
    endloop
  endfacet
  facet normal 0.216718 -0.224664 0.950031
    outer loop
      vertex -25.9854 8.39275 19.3112
      vertex -25.9541 8.89275 19.4223
      vertex -26.1362 8.39275 19.3456
    endloop
  endfacet
  facet normal 0.21684 -0.224702 0.949994
    outer loop
      vertex -25.9541 8.89275 19.4223
      vertex -26.1162 8.89275 19.4593
      vertex -26.1362 8.39275 19.3456
    endloop
  endfacet
  facet normal 0.776872 -0.224694 0.588203
    outer loop
      vertex -25.3141 7.39275 18.5614
      vertex -25.2187 7.89275 18.6264
      vertex -25.3936 7.39275 18.6664
    endloop
  endfacet
  facet normal 0.776769 -0.224645 0.588358
    outer loop
      vertex -25.2187 7.89275 18.6264
      vertex -25.3052 7.89275 18.7406
      vertex -25.3936 7.39275 18.6664
    endloop
  endfacet
  facet normal -0.168806 -0.224795 0.959673
    outer loop
      vertex -26.7768 8.89275 19.4428
      vertex -26.6274 9.39275 19.5862
      vertex -26.8025 9.39275 19.5554
    endloop
  endfacet
  facet normal 0.400666 -0.2246 0.888269
    outer loop
      vertex -25.7503 7.89275 19.0956
      vertex -25.6977 8.39275 19.1983
      vertex -25.8387 8.39275 19.2619
    endloop
  endfacet
  facet normal 0.487392 -0.224591 0.843805
    outer loop
      vertex -25.5637 8.39275 19.1209
      vertex -25.6977 8.39275 19.1983
      vertex -25.7503 7.89275 19.0956
    endloop
  endfacet
  facet normal 0.487275 -0.224551 0.843884
    outer loop
      vertex -25.6263 7.89275 19.024
      vertex -25.5637 8.39275 19.1209
      vertex -25.7503 7.89275 19.0956
    endloop
  endfacet
  facet normal 0.915549 -0.22478 0.333532
    outer loop
      vertex -25.1432 7.39275 18.2066
      vertex -25.1883 7.39275 18.3304
      vertex -25.2947 6.89275 18.2855
    endloop
  endfacet
  facet normal 0.915392 -0.224651 0.334049
    outer loop
      vertex -25.2535 6.89275 18.1726
      vertex -25.1432 7.39275 18.2066
      vertex -25.2947 6.89275 18.2855
    endloop
  endfacet
  facet normal -0.528561 -0.224718 0.818612
    outer loop
      vertex -27.2972 9.39275 19.3612
      vertex -27.3549 9.89275 19.4612
      vertex -27.4465 9.39275 19.2648
    endloop
  endfacet
  facet normal -0.607352 -0.224497 0.762053
    outer loop
      vertex -27.4465 9.39275 19.2648
      vertex -27.4991 9.78353 19.338
      vertex -27.5813 9.70584 19.2496
    endloop
  endfacet
  facet normal -0.530186 -0.222807 0.818083
    outer loop
      vertex -27.4991 9.78353 19.338
      vertex -27.3549 9.89275 19.4612
      vertex -27.3836 9.89275 19.4426
    endloop
  endfacet
  facet normal -0.529103 -0.224504 0.81832
    outer loop
      vertex -27.3549 9.89275 19.4612
      vertex -27.4991 9.78353 19.338
      vertex -27.4465 9.39275 19.2648
    endloop
  endfacet
  facet normal 0.0240311 -0.224661 0.974141
    outer loop
      vertex -26.2897 8.39275 19.3649
      vertex -26.2811 8.89275 19.48
      vertex -26.4473 8.89275 19.4841
    endloop
  endfacet
  facet normal 0.121562 -0.224654 0.966826
    outer loop
      vertex -26.1362 8.39275 19.3456
      vertex -26.2811 8.89275 19.48
      vertex -26.2897 8.39275 19.3649
    endloop
  endfacet
  facet normal 0.714432 -0.22465 0.662661
    outer loop
      vertex -25.3936 7.39275 18.6664
      vertex -25.3052 7.89275 18.7406
      vertex -25.4832 7.39275 18.763
    endloop
  endfacet
  facet normal 0.714404 -0.224639 0.662695
    outer loop
      vertex -25.3052 7.89275 18.7406
      vertex -25.4026 7.89275 18.8456
      vertex -25.4832 7.39275 18.763
    endloop
  endfacet
  facet normal 0.644847 -0.224637 0.730555
    outer loop
      vertex -25.4832 7.39275 18.763
      vertex -25.4026 7.89275 18.8456
      vertex -25.51 7.89275 18.9404
    endloop
  endfacet
  facet normal 0.973241 -0.224624 0.0484378
    outer loop
      vertex -25.3154 6.39275 17.8172
      vertex -25.2 6.89275 17.8172
      vertex -25.3208 6.39275 17.9257
    endloop
  endfacet
  facet normal 0.973198 -0.224809 0.0484357
    outer loop
      vertex -25.3154 6.39275 17.8172
      vertex -25.3208 6.39275 17.9257
      vertex -25.4309 5.89275 17.8172
    endloop
  endfacet
  facet normal 0.973198 -0.22476 0.0486599
    outer loop
      vertex -25.206 6.89275 17.9372
      vertex -25.2 6.89275 17.8172
      vertex -25.0911 7.39275 17.9487
    endloop
  endfacet
  facet normal 0.973241 -0.224575 0.048662
    outer loop
      vertex -25.2 6.89275 17.8172
      vertex -25.206 6.89275 17.9372
      vertex -25.3208 6.39275 17.9257
    endloop
  endfacet
  facet normal -0.356071 -0.224721 0.907036
    outer loop
      vertex -26.9368 8.89275 19.3978
      vertex -27.0103 9.89275 19.6167
      vertex -27.139 9.39275 19.4423
    endloop
  endfacet
  facet normal -0.263816 -0.2248 0.938012
    outer loop
      vertex -26.7768 8.89275 19.4428
      vertex -26.8025 9.39275 19.5554
      vertex -26.9368 8.89275 19.3978
    endloop
  endfacet
  facet normal 0.400614 -0.224616 0.888288
    outer loop
      vertex -25.7503 7.89275 19.0956
      vertex -25.8387 8.39275 19.2619
      vertex -25.8809 7.89275 19.1545
    endloop
  endfacet
  facet normal 0.878083 -0.22479 0.422421
    outer loop
      vertex -25.2947 6.89275 18.2855
      vertex -25.1883 7.39275 18.3304
      vertex -25.3468 6.89275 18.3938
    endloop
  endfacet
  facet normal 0.831422 -0.224715 0.508174
    outer loop
      vertex -25.2454 7.39275 18.449
      vertex -25.3141 7.39275 18.5614
      vertex -25.3468 6.89275 18.3938
    endloop
  endfacet
  facet normal 0.877968 -0.224718 0.422698
    outer loop
      vertex -25.1883 7.39275 18.3304
      vertex -25.2454 7.39275 18.449
      vertex -25.3468 6.89275 18.3938
    endloop
  endfacet
  facet normal -0.608429 -0.22501 0.761042
    outer loop
      vertex -27.6016 9.68666 19.2277
      vertex -27.4465 9.39275 19.2648
      vertex -27.5813 9.70584 19.2496
    endloop
  endfacet
  facet normal -0.607495 -0.2244 0.761968
    outer loop
      vertex -27.6267 9.66293 19.2007
      vertex -27.4465 9.39275 19.2648
      vertex -27.6016 9.68666 19.2277
    endloop
  endfacet
  facet normal -0.60767 -0.224561 0.761781
    outer loop
      vertex -27.4465 9.39275 19.2648
      vertex -27.6267 9.66293 19.2007
      vertex -27.5854 9.39275 19.154
    endloop
  endfacet
  facet normal 0.0239284 -0.224692 0.974136
    outer loop
      vertex -26.2897 8.39275 19.3649
      vertex -26.4444 8.39275 19.3687
      vertex -26.4415 7.89275 19.2533
    endloop
  endfacet
  facet normal 0.0239284 -0.224692 0.974136
    outer loop
      vertex -26.4444 8.39275 19.3687
      vertex -26.2897 8.39275 19.3649
      vertex -26.4473 8.89275 19.4841
    endloop
  endfacet
  facet normal 0.963591 -0.224608 0.145065
    outer loop
      vertex -25.206 6.89275 17.9372
      vertex -25.2239 6.89275 18.0561
      vertex -25.337 6.39275 18.0332
    endloop
  endfacet
  facet normal -0.355924 -0.224668 0.907107
    outer loop
      vertex -27.0915 8.89275 19.3371
      vertex -26.9368 8.89275 19.3978
      vertex -27.139 9.39275 19.4423
    endloop
  endfacet
  facet normal 0.310413 -0.224612 0.923684
    outer loop
      vertex -25.8387 8.39275 19.2619
      vertex -25.9854 8.39275 19.3112
      vertex -26.0166 7.89275 19.2001
    endloop
  endfacet
  facet normal 0.310393 -0.224606 0.923693
    outer loop
      vertex -25.8809 7.89275 19.1545
      vertex -25.8387 8.39275 19.2619
      vertex -26.0166 7.89275 19.2001
    endloop
  endfacet
  facet normal 0.831462 -0.224698 0.508116
    outer loop
      vertex -25.3468 6.89275 18.3938
      vertex -25.3141 7.39275 18.5614
      vertex -25.4095 6.89275 18.4964
    endloop
  endfacet
  facet normal 0.776872 -0.224694 0.588203
    outer loop
      vertex -25.3141 7.39275 18.5614
      vertex -25.3936 7.39275 18.6664
      vertex -25.4095 6.89275 18.4964
    endloop
  endfacet
  facet normal -0.680401 -0.224582 0.69758
    outer loop
      vertex -27.6914 9.60176 19.1179
      vertex -27.5854 9.39275 19.154
      vertex -27.6267 9.66293 19.2007
    endloop
  endfacet
  facet normal -0.680237 -0.224465 0.697777
    outer loop
      vertex -27.5854 9.39275 19.154
      vertex -27.6914 9.60176 19.1179
      vertex -27.7127 9.39275 19.0299
    endloop
  endfacet
  facet normal -0.745576 -0.224174 0.627585
    outer loop
      vertex -27.7127 9.39275 19.0299
      vertex -27.7402 9.5556 19.0554
      vertex -27.7688 9.52866 19.0118
    endloop
  endfacet
  facet normal -0.680916 -0.224158 0.697213
    outer loop
      vertex -27.7127 9.39275 19.0299
      vertex -27.6914 9.60176 19.1179
      vertex -27.7402 9.5556 19.0554
    endloop
  endfacet
  facet normal -0.169361 -0.224613 0.959617
    outer loop
      vertex -26.5987 8.39275 19.3572
      vertex -26.6274 9.39275 19.5862
      vertex -26.7768 8.89275 19.4428
    endloop
  endfacet
  facet normal -0.0724234 -0.224696 0.971734
    outer loop
      vertex -26.4444 8.39275 19.3687
      vertex -26.4473 8.89275 19.4841
      vertex -26.5987 8.39275 19.3572
    endloop
  endfacet
  facet normal 0.569019 -0.224794 0.791003
    outer loop
      vertex -25.582 7.39275 18.8501
      vertex -25.51 7.89275 18.9404
      vertex -25.6889 7.39275 18.927
    endloop
  endfacet
  facet normal 0.568753 -0.224704 0.791219
    outer loop
      vertex -25.51 7.89275 18.9404
      vertex -25.6263 7.89275 19.024
      vertex -25.6889 7.39275 18.927
    endloop
  endfacet
  facet normal 0.487256 -0.224712 0.843852
    outer loop
      vertex -25.6889 7.39275 18.927
      vertex -25.6263 7.89275 19.024
      vertex -25.7503 7.89275 19.0956
    endloop
  endfacet
  facet normal 0.944129 -0.224608 0.241188
    outer loop
      vertex -25.337 6.39275 18.0332
      vertex -25.2239 6.89275 18.0561
      vertex -25.3639 6.39275 18.1385
    endloop
  endfacet
  facet normal 0.94438 -0.224883 0.239945
    outer loop
      vertex -25.2239 6.89275 18.0561
      vertex -25.2535 6.89275 18.1726
      vertex -25.3639 6.39275 18.1385
    endloop
  endfacet
  facet normal -0.444662 -0.224673 0.867063
    outer loop
      vertex -27.0915 8.89275 19.3371
      vertex -27.139 9.39275 19.4423
      vertex -27.2395 8.89275 19.2612
    endloop
  endfacet
  facet normal -0.444523 -0.224722 0.867121
    outer loop
      vertex -27.2395 8.89275 19.2612
      vertex -27.139 9.39275 19.4423
      vertex -27.2972 9.39275 19.3612
    endloop
  endfacet
  facet normal -0.528561 -0.224718 0.818612
    outer loop
      vertex -27.2395 8.89275 19.2612
      vertex -27.2972 9.39275 19.3612
      vertex -27.4465 9.39275 19.2648
    endloop
  endfacet
  facet normal 0.121565 -0.224555 0.966849
    outer loop
      vertex -26.1563 7.89275 19.232
      vertex -26.1362 8.39275 19.3456
      vertex -26.2897 8.39275 19.3649
    endloop
  endfacet
  facet normal 0.216927 -0.224625 0.949993
    outer loop
      vertex -26.0166 7.89275 19.2001
      vertex -25.9854 8.39275 19.3112
      vertex -26.1563 7.89275 19.232
    endloop
  endfacet
  facet normal 0.216723 -0.224564 0.950054
    outer loop
      vertex -25.9854 8.39275 19.3112
      vertex -26.1362 8.39275 19.3456
      vertex -26.1563 7.89275 19.232
    endloop
  endfacet
  facet normal 0.776597 -0.224795 0.588527
    outer loop
      vertex -25.4095 6.89275 18.4964
      vertex -25.3936 7.39275 18.6664
      vertex -25.4821 6.89275 18.5922
    endloop
  endfacet
  facet normal -0.746663 -0.224826 0.626057
    outer loop
      vertex -27.7127 9.39275 19.0299
      vertex -27.8396 9.46166 18.9033
      vertex -27.8269 9.39275 18.8937
    endloop
  endfacet
  facet normal -0.746663 -0.224827 0.626057
    outer loop
      vertex -27.8396 9.46166 18.9033
      vertex -27.7127 9.39275 19.0299
      vertex -27.7688 9.52866 19.0118
    endloop
  endfacet
  facet normal -0.746691 -0.224667 0.62608
    outer loop
      vertex -27.7127 9.39275 19.0299
      vertex -27.8269 9.39275 18.8937
      vertex -27.7349 8.89275 18.824
    endloop
  endfacet
  facet normal -0.16938 -0.224619 0.959613
    outer loop
      vertex -26.7511 8.39275 19.3303
      vertex -26.5987 8.39275 19.3572
      vertex -26.7768 8.89275 19.4428
    endloop
  endfacet
  facet normal 0.486777 -0.224851 0.844091
    outer loop
      vertex -25.6889 7.39275 18.927
      vertex -25.7503 7.89275 19.0956
      vertex -25.803 7.39275 18.9928
    endloop
  endfacet
  facet normal 0.915414 -0.224549 0.334057
    outer loop
      vertex -25.2535 6.89275 18.1726
      vertex -25.2947 6.89275 18.2855
      vertex -25.401 6.39275 18.2407
    endloop
  endfacet
  facet normal -0.528416 -0.224659 0.818722
    outer loop
      vertex -27.3791 8.89275 19.1711
      vertex -27.2395 8.89275 19.2612
      vertex -27.4465 9.39275 19.2648
    endloop
  endfacet
  facet normal 0.121115 -0.224682 0.966876
    outer loop
      vertex -26.1563 7.89275 19.232
      vertex -26.2897 8.39275 19.3649
      vertex -26.2984 7.89275 19.2498
    endloop
  endfacet
  facet normal 0.714412 -0.224764 0.662643
    outer loop
      vertex -25.3936 7.39275 18.6664
      vertex -25.4832 7.39275 18.763
      vertex -25.5638 6.89275 18.6803
    endloop
  endfacet
  facet normal 0.714473 -0.224787 0.66257
    outer loop
      vertex -25.4821 6.89275 18.5922
      vertex -25.3936 7.39275 18.6664
      vertex -25.5638 6.89275 18.6803
    endloop
  endfacet
  facet normal -0.804976 -0.224845 0.549052
    outer loop
      vertex -27.8269 9.39275 18.8937
      vertex -27.8396 9.46166 18.9033
      vertex -27.9125 9.39275 18.7682
    endloop
  endfacet
  facet normal 0.973685 -0.222744 0.0481824
    outer loop
      vertex -25.4309 5.89275 17.8172
      vertex -25.4357 5.89275 17.9142
      vertex -25.5474 5.39275 17.86
    endloop
  endfacet
  facet normal 0.971644 -0.224958 0.0728164
    outer loop
      vertex -25.5474 5.39275 17.86
      vertex -25.4357 5.89275 17.9142
      vertex -25.5506 5.39275 17.9027
    endloop
  endfacet
  facet normal 0.966913 -0.224963 0.120297
    outer loop
      vertex -25.5506 5.39275 17.9027
      vertex -25.4357 5.89275 17.9142
      vertex -25.5559 5.39275 17.9453
    endloop
  endfacet
  facet normal 0.963576 -0.224577 0.145209
    outer loop
      vertex -25.337 6.39275 18.0332
      vertex -25.3208 6.39275 17.9257
      vertex -25.206 6.89275 17.9372
    endloop
  endfacet
  facet normal 0.963535 -0.22476 0.145202
    outer loop
      vertex -25.3208 6.39275 17.9257
      vertex -25.337 6.39275 18.0332
      vertex -25.4357 5.89275 17.9142
    endloop
  endfacet
  facet normal 0.973225 -0.224755 0.0481596
    outer loop
      vertex -25.4309 5.89275 17.8172
      vertex -25.3208 6.39275 17.9257
      vertex -25.4357 5.89275 17.9142
    endloop
  endfacet
  facet normal -0.263824 -0.224661 0.938043
    outer loop
      vertex -26.9 8.39275 19.2884
      vertex -26.7768 8.89275 19.4428
      vertex -26.9368 8.89275 19.3978
    endloop
  endfacet
  facet normal -0.355923 -0.224671 0.907106
    outer loop
      vertex -26.9 8.39275 19.2884
      vertex -26.9368 8.89275 19.3978
      vertex -27.0915 8.89275 19.3371
    endloop
  endfacet
  facet normal -0.263955 -0.224621 0.938016
    outer loop
      vertex -26.7511 8.39275 19.3303
      vertex -26.7768 8.89275 19.4428
      vertex -26.9 8.39275 19.2884
    endloop
  endfacet
  facet normal 0.401087 -0.224851 0.888015
    outer loop
      vertex -25.803 7.39275 18.9928
      vertex -25.7503 7.89275 19.0956
      vertex -25.923 7.39275 19.047
    endloop
  endfacet
  facet normal 0.400605 -0.224709 0.888269
    outer loop
      vertex -25.7503 7.89275 19.0956
      vertex -25.8809 7.89275 19.1545
      vertex -25.923 7.39275 19.047
    endloop
  endfacet
  facet normal 0.878099 -0.224715 0.422428
    outer loop
      vertex -25.2947 6.89275 18.2855
      vertex -25.3468 6.89275 18.3938
      vertex -25.4482 6.39275 18.3386
    endloop
  endfacet
  facet normal 0.877775 -0.224533 0.423197
    outer loop
      vertex -25.401 6.39275 18.2407
      vertex -25.2947 6.89275 18.2855
      vertex -25.4482 6.39275 18.3386
    endloop
  endfacet
  facet normal -0.607653 -0.224666 0.761763
    outer loop
      vertex -27.3791 8.89275 19.1711
      vertex -27.4465 9.39275 19.2648
      vertex -27.5091 8.89275 19.0674
    endloop
  endfacet
  facet normal -0.607655 -0.224665 0.761762
    outer loop
      vertex -27.5091 8.89275 19.0674
      vertex -27.4465 9.39275 19.2648
      vertex -27.5854 9.39275 19.154
    endloop
  endfacet
  facet normal 0.0238261 -0.224663 0.974145
    outer loop
      vertex -26.2984 7.89275 19.2498
      vertex -26.2897 8.39275 19.3649
      vertex -26.4415 7.89275 19.2533
    endloop
  endfacet
  facet normal 0.644745 -0.224775 0.730603
    outer loop
      vertex -25.5638 6.89275 18.6803
      vertex -25.4832 7.39275 18.763
      vertex -25.654 6.89275 18.7599
    endloop
  endfacet
  facet normal 0.64437 -0.224795 0.730927
    outer loop
      vertex -25.582 7.39275 18.8501
      vertex -25.4832 7.39275 18.763
      vertex -25.51 7.89275 18.9404
    endloop
  endfacet
  facet normal 0.644391 -0.224656 0.730951
    outer loop
      vertex -25.4832 7.39275 18.763
      vertex -25.582 7.39275 18.8501
      vertex -25.654 6.89275 18.7599
    endloop
  endfacet
  facet normal 0.963977 -0.222693 0.145449
    outer loop
      vertex -25.4357 5.89275 17.9142
      vertex -25.4502 5.89275 18.0103
      vertex -25.5559 5.39275 17.9453
    endloop
  endfacet
  facet normal 0.9635 -0.224795 0.145377
    outer loop
      vertex -25.4357 5.89275 17.9142
      vertex -25.337 6.39275 18.0332
      vertex -25.4502 5.89275 18.0103
    endloop
  endfacet
  facet normal 0.959767 -0.224774 0.1683
    outer loop
      vertex -25.5559 5.39275 17.9453
      vertex -25.4502 5.89275 18.0103
      vertex -25.5633 5.39275 17.9875
    endloop
  endfacet
  facet normal 0.949575 -0.224762 0.218607
    outer loop
      vertex -25.5633 5.39275 17.9875
      vertex -25.4502 5.89275 18.0103
      vertex -25.5729 5.39275 18.0292
    endloop
  endfacet
  facet normal -0.355707 -0.224598 0.907209
    outer loop
      vertex -27.0441 8.39275 19.2319
      vertex -26.9 8.39275 19.2884
      vertex -27.0915 8.89275 19.3371
    endloop
  endfacet
  facet normal 0.310579 -0.224725 0.923601
    outer loop
      vertex -25.923 7.39275 19.047
      vertex -25.8809 7.89275 19.1545
      vertex -26.0479 7.39275 19.089
    endloop
  endfacet
  facet normal 0.310389 -0.224672 0.923678
    outer loop
      vertex -25.8809 7.89275 19.1545
      vertex -26.0166 7.89275 19.2001
      vertex -26.0479 7.39275 19.089
    endloop
  endfacet
  facet normal 0.831503 -0.224716 0.508041
    outer loop
      vertex -25.4482 6.39275 18.3386
      vertex -25.3468 6.89275 18.3938
      vertex -25.5049 6.39275 18.4314
    endloop
  endfacet
  facet normal 0.831462 -0.224698 0.508116
    outer loop
      vertex -25.3468 6.89275 18.3938
      vertex -25.4095 6.89275 18.4964
      vertex -25.5049 6.39275 18.4314
    endloop
  endfacet
  facet normal -0.680482 -0.224645 0.69748
    outer loop
      vertex -27.5091 8.89275 19.0674
      vertex -27.5854 9.39275 19.154
      vertex -27.6281 8.89275 18.9513
    endloop
  endfacet
  facet normal -0.680188 -0.22477 0.697727
    outer loop
      vertex -27.6281 8.89275 18.9513
      vertex -27.5854 9.39275 19.154
      vertex -27.7127 9.39275 19.0299
    endloop
  endfacet
  facet normal -0.0727592 -0.224693 0.971709
    outer loop
      vertex -26.4415 7.89275 19.2533
      vertex -26.4444 8.39275 19.3687
      vertex -26.5844 7.89275 19.2426
    endloop
  endfacet
  facet normal -0.0724219 -0.224788 0.971713
    outer loop
      vertex -26.5844 7.89275 19.2426
      vertex -26.4444 8.39275 19.3687
      vertex -26.5987 8.39275 19.3572
    endloop
  endfacet
  facet normal 0.568453 -0.224636 0.791455
    outer loop
      vertex -25.654 6.89275 18.7599
      vertex -25.582 7.39275 18.8501
      vertex -25.7516 6.89275 18.83
    endloop
  endfacet
  facet normal 0.569017 -0.224809 0.791
    outer loop
      vertex -25.582 7.39275 18.8501
      vertex -25.6889 7.39275 18.927
      vertex -25.7516 6.89275 18.83
    endloop
  endfacet
  facet normal 0.915899 -0.224906 0.332484
    outer loop
      vertex -25.401 6.39275 18.2407
      vertex -25.3639 6.39275 18.1385
      vertex -25.2535 6.89275 18.1726
    endloop
  endfacet
  facet normal 0.915951 -0.224669 0.332503
    outer loop
      vertex -25.3639 6.39275 18.1385
      vertex -25.401 6.39275 18.2407
      vertex -25.4742 5.89275 18.1045
    endloop
  endfacet
  facet normal 0.944242 -0.224795 0.240571
    outer loop
      vertex -25.4502 5.89275 18.0103
      vertex -25.337 6.39275 18.0332
      vertex -25.4742 5.89275 18.1045
    endloop
  endfacet
  facet normal 0.944701 -0.222732 0.240688
    outer loop
      vertex -25.4502 5.89275 18.0103
      vertex -25.4742 5.89275 18.1045
      vertex -25.5729 5.39275 18.0292
    endloop
  endfacet
  facet normal 0.938091 -0.22486 0.263483
    outer loop
      vertex -25.5729 5.39275 18.0292
      vertex -25.4742 5.89275 18.1045
      vertex -25.5845 5.39275 18.0705
    endloop
  endfacet
  facet normal 0.923931 -0.224865 0.309494
    outer loop
      vertex -25.5845 5.39275 18.0705
      vertex -25.4742 5.89275 18.1045
      vertex -25.5981 5.39275 18.1111
    endloop
  endfacet
  facet normal 0.944115 -0.224672 0.241184
    outer loop
      vertex -25.337 6.39275 18.0332
      vertex -25.3639 6.39275 18.1385
      vertex -25.4742 5.89275 18.1045
    endloop
  endfacet
  facet normal -0.444839 -0.224586 0.866994
    outer loop
      vertex -27.0441 8.39275 19.2319
      vertex -27.0915 8.89275 19.3371
      vertex -27.1817 8.39275 19.1613
    endloop
  endfacet
  facet normal -0.444666 -0.224644 0.867069
    outer loop
      vertex -27.1817 8.39275 19.1613
      vertex -27.0915 8.89275 19.3371
      vertex -27.2395 8.89275 19.2612
    endloop
  endfacet
  facet normal -0.528415 -0.224665 0.818721
    outer loop
      vertex -27.1817 8.39275 19.1613
      vertex -27.2395 8.89275 19.2612
      vertex -27.3791 8.89275 19.1711
    endloop
  endfacet
  facet normal 0.216924 -0.224701 0.949976
    outer loop
      vertex -26.0166 7.89275 19.2001
      vertex -26.1563 7.89275 19.232
      vertex -26.1763 7.39275 19.1183
    endloop
  endfacet
  facet normal 0.216787 -0.224664 0.950015
    outer loop
      vertex -26.0479 7.39275 19.089
      vertex -26.0166 7.89275 19.2001
      vertex -26.1763 7.39275 19.1183
    endloop
  endfacet
  facet normal 0.121114 -0.224711 0.966869
    outer loop
      vertex -26.1763 7.39275 19.1183
      vertex -26.1563 7.89275 19.232
      vertex -26.2984 7.89275 19.2498
    endloop
  endfacet
  facet normal 0.776624 -0.224648 0.588548
    outer loop
      vertex -25.4095 6.89275 18.4964
      vertex -25.4821 6.89275 18.5922
      vertex -25.5705 6.39275 18.518
    endloop
  endfacet
  facet normal 0.776737 -0.224691 0.588383
    outer loop
      vertex -25.5049 6.39275 18.4314
      vertex -25.4095 6.89275 18.4964
      vertex -25.5705 6.39275 18.518
    endloop
  endfacet
  facet normal -0.746495 -0.224758 0.626282
    outer loop
      vertex -27.6281 8.89275 18.9513
      vertex -27.7127 9.39275 19.0299
      vertex -27.7349 8.89275 18.824
    endloop
  endfacet
  facet normal -0.168794 -0.224785 0.959677
    outer loop
      vertex -26.5844 7.89275 19.2426
      vertex -26.5987 8.39275 19.3572
      vertex -26.7254 7.89275 19.2178
    endloop
  endfacet
  facet normal -0.16938 -0.224619 0.959613
    outer loop
      vertex -26.7254 7.89275 19.2178
      vertex -26.5987 8.39275 19.3572
      vertex -26.7511 8.39275 19.3303
    endloop
  endfacet
  facet normal 0.48754 -0.224808 0.843663
    outer loop
      vertex -25.7516 6.89275 18.83
      vertex -25.6889 7.39275 18.927
      vertex -25.8556 6.89275 18.8901
    endloop
  endfacet
  facet normal 0.486806 -0.224599 0.844142
    outer loop
      vertex -25.6889 7.39275 18.927
      vertex -25.803 7.39275 18.9928
      vertex -25.8556 6.89275 18.8901
    endloop
  endfacet
  facet normal 0.40111 -0.224606 0.888067
    outer loop
      vertex -25.8556 6.89275 18.8901
      vertex -25.803 7.39275 18.9928
      vertex -25.923 7.39275 19.047
    endloop
  endfacet
  facet normal 0.906711 -0.224915 0.356776
    outer loop
      vertex -25.5981 5.39275 18.1111
      vertex -25.5074 5.89275 18.1958
      vertex -25.6138 5.39275 18.151
    endloop
  endfacet
  facet normal 0.888515 -0.224911 0.399945
    outer loop
      vertex -25.6138 5.39275 18.151
      vertex -25.5074 5.89275 18.1958
      vertex -25.6314 5.39275 18.1901
    endloop
  endfacet
  facet normal 0.916206 -0.222638 0.333166
    outer loop
      vertex -25.4742 5.89275 18.1045
      vertex -25.5074 5.89275 18.1958
      vertex -25.5981 5.39275 18.1111
    endloop
  endfacet
  facet normal 0.915745 -0.224774 0.332998
    outer loop
      vertex -25.4742 5.89275 18.1045
      vertex -25.401 6.39275 18.2407
      vertex -25.5074 5.89275 18.1958
    endloop
  endfacet
  facet normal -0.528822 -0.22482 0.818415
    outer loop
      vertex -27.3117 8.39275 19.0773
      vertex -27.1817 8.39275 19.1613
      vertex -27.3791 8.89275 19.1711
    endloop
  endfacet
  facet normal 0.121319 -0.224657 0.966856
    outer loop
      vertex -26.1763 7.39275 19.1183
      vertex -26.2984 7.89275 19.2498
      vertex -26.307 7.39275 19.1347
    endloop
  endfacet
  facet normal 0.714498 -0.224638 0.662594
    outer loop
      vertex -25.4821 6.89275 18.5922
      vertex -25.5638 6.89275 18.6803
      vertex -25.6444 6.39275 18.5977
    endloop
  endfacet
  facet normal 0.714541 -0.224652 0.662542
    outer loop
      vertex -25.5705 6.39275 18.518
      vertex -25.4821 6.89275 18.5922
      vertex -25.6444 6.39275 18.5977
    endloop
  endfacet
  facet normal -0.80487 -0.224666 0.549281
    outer loop
      vertex -27.7349 8.89275 18.824
      vertex -27.8269 9.39275 18.8937
      vertex -27.8286 8.89275 18.6867
    endloop
  endfacet
  facet normal -0.804836 -0.225579 0.548956
    outer loop
      vertex -27.9248 9.38115 18.7454
      vertex -27.8269 9.39275 18.8937
      vertex -27.9125 9.39275 18.7682
    endloop
  endfacet
  facet normal -0.80507 -0.224561 0.549031
    outer loop
      vertex -27.8269 9.39275 18.8937
      vertex -27.9248 9.38115 18.7454
      vertex -27.8286 8.89275 18.6867
    endloop
  endfacet
  facet normal -0.855794 -0.224577 0.466027
    outer loop
      vertex -27.8286 8.89275 18.6867
      vertex -27.9248 9.38115 18.7454
      vertex -27.9864 9.32288 18.6042
    endloop
  endfacet
  facet normal -0.263955 -0.224613 0.938018
    outer loop
      vertex -26.8633 7.89275 19.179
      vertex -26.7511 8.39275 19.3303
      vertex -26.9 8.39275 19.2884
    endloop
  endfacet
  facet normal -0.263925 -0.224621 0.938024
    outer loop
      vertex -26.7254 7.89275 19.2178
      vertex -26.7511 8.39275 19.3303
      vertex -26.8633 7.89275 19.179
    endloop
  endfacet
  facet normal 0.401092 -0.22461 0.888074
    outer loop
      vertex -25.8556 6.89275 18.8901
      vertex -25.923 7.39275 19.047
      vertex -25.9652 6.89275 18.9396
    endloop
  endfacet
  facet normal 0.867408 -0.224749 0.443949
    outer loop
      vertex -25.6314 5.39275 18.1901
      vertex -25.5496 5.89275 18.2834
      vertex -25.6509 5.39275 18.2282
    endloop
  endfacet
  facet normal 0.843079 -0.224747 0.488577
    outer loop
      vertex -25.6509 5.39275 18.2282
      vertex -25.5496 5.89275 18.2834
      vertex -25.6724 5.39275 18.2653
    endloop
  endfacet
  facet normal 0.877736 -0.224724 0.423178
    outer loop
      vertex -25.401 6.39275 18.2407
      vertex -25.4482 6.39275 18.3386
      vertex -25.5496 5.89275 18.2834
    endloop
  endfacet
  facet normal 0.8783 -0.222642 0.423108
    outer loop
      vertex -25.5074 5.89275 18.1958
      vertex -25.5496 5.89275 18.2834
      vertex -25.6314 5.39275 18.1901
    endloop
  endfacet
  facet normal 0.877857 -0.224784 0.422894
    outer loop
      vertex -25.5074 5.89275 18.1958
      vertex -25.401 6.39275 18.2407
      vertex -25.5496 5.89275 18.2834
    endloop
  endfacet
  facet normal -0.680483 -0.224642 0.69748
    outer loop
      vertex -27.4327 8.39275 18.9809
      vertex -27.5091 8.89275 19.0674
      vertex -27.6281 8.89275 18.9513
    endloop
  endfacet
  facet normal -0.607657 -0.224636 0.761769
    outer loop
      vertex -27.4327 8.39275 18.9809
      vertex -27.3791 8.89275 19.1711
      vertex -27.5091 8.89275 19.0674
    endloop
  endfacet
  facet normal -0.607166 -0.224817 0.762107
    outer loop
      vertex -27.3117 8.39275 19.0773
      vertex -27.3791 8.89275 19.1711
      vertex -27.4327 8.39275 18.9809
    endloop
  endfacet
  facet normal 0.0238259 -0.224697 0.974137
    outer loop
      vertex -26.4387 7.39275 19.1379
      vertex -26.2984 7.89275 19.2498
      vertex -26.4415 7.89275 19.2533
    endloop
  endfacet
  facet normal 0.0236696 -0.224657 0.97415
    outer loop
      vertex -26.307 7.39275 19.1347
      vertex -26.2984 7.89275 19.2498
      vertex -26.4387 7.39275 19.1379
    endloop
  endfacet
  facet normal 0.644761 -0.224667 0.730621
    outer loop
      vertex -25.5638 6.89275 18.6803
      vertex -25.654 6.89275 18.7599
      vertex -25.7259 6.39275 18.6696
    endloop
  endfacet
  facet normal 0.644653 -0.224634 0.730727
    outer loop
      vertex -25.6444 6.39275 18.5977
      vertex -25.5638 6.89275 18.6803
      vertex -25.7259 6.39275 18.6696
    endloop
  endfacet
  facet normal -0.855727 -0.224523 0.466177
    outer loop
      vertex -27.9957 9.3141 18.5829
      vertex -27.8286 8.89275 18.6867
      vertex -27.9864 9.32288 18.6042
    endloop
  endfacet
  facet normal -0.85586 -0.224651 0.46587
    outer loop
      vertex -27.8286 8.89275 18.6867
      vertex -27.9957 9.3141 18.5829
      vertex -27.8041 8.39275 18.4906
    endloop
  endfacet
  facet normal -0.355686 -0.224838 0.907158
    outer loop
      vertex -26.9966 7.89275 19.1266
      vertex -26.9 8.39275 19.2884
      vertex -27.0441 8.39275 19.2319
    endloop
  endfacet
  facet normal -0.3565 -0.224596 0.906898
    outer loop
      vertex -26.9966 7.89275 19.1266
      vertex -26.8633 7.89275 19.179
      vertex -26.9 8.39275 19.2884
    endloop
  endfacet
  facet normal -0.35648 -0.224836 0.906847
    outer loop
      vertex -26.8633 7.89275 19.179
      vertex -26.9966 7.89275 19.1266
      vertex -26.8265 7.39275 19.0695
    endloop
  endfacet
  facet normal 0.309607 -0.224597 0.923959
    outer loop
      vertex -25.9652 6.89275 18.9396
      vertex -25.923 7.39275 19.047
      vertex -26.0792 6.89275 18.9778
    endloop
  endfacet
  facet normal 0.31057 -0.224845 0.923575
    outer loop
      vertex -25.923 7.39275 19.047
      vertex -26.0479 7.39275 19.089
      vertex -26.0792 6.89275 18.9778
    endloop
  endfacet
  facet normal 0.83173 -0.224721 0.507666
    outer loop
      vertex -25.5496 5.89275 18.2834
      vertex -25.4482 6.39275 18.3386
      vertex -25.6002 5.89275 18.3663
    endloop
  endfacet
  facet normal 0.819039 -0.22489 0.527825
    outer loop
      vertex -25.6724 5.39275 18.2653
      vertex -25.6002 5.89275 18.3663
      vertex -25.6956 5.39275 18.3013
    endloop
  endfacet
  facet normal 0.791349 -0.224894 0.568498
    outer loop
      vertex -25.6956 5.39275 18.3013
      vertex -25.6002 5.89275 18.3663
      vertex -25.7206 5.39275 18.3361
    endloop
  endfacet
  facet normal 0.831519 -0.224636 0.508051
    outer loop
      vertex -25.4482 6.39275 18.3386
      vertex -25.5049 6.39275 18.4314
      vertex -25.6002 5.89275 18.3663
    endloop
  endfacet
  facet normal 0.832116 -0.222754 0.507902
    outer loop
      vertex -25.5496 5.89275 18.2834
      vertex -25.6002 5.89275 18.3663
      vertex -25.6724 5.39275 18.2653
    endloop
  endfacet
  facet normal -0.680797 -0.224647 0.697172
    outer loop
      vertex -27.4327 8.39275 18.9809
      vertex -27.5434 8.39275 18.8728
      vertex -27.4588 7.89275 18.7943
    endloop
  endfacet
  facet normal -0.680777 -0.224776 0.697151
    outer loop
      vertex -27.5434 8.39275 18.8728
      vertex -27.4327 8.39275 18.9809
      vertex -27.6281 8.89275 18.9513
    endloop
  endfacet
  facet normal -0.1688 -0.224635 0.959711
    outer loop
      vertex -26.57 7.39275 19.1281
      vertex -26.5844 7.89275 19.2426
      vertex -26.7254 7.89275 19.2178
    endloop
  endfacet
  facet normal -0.0727604 -0.224621 0.971726
    outer loop
      vertex -26.57 7.39275 19.1281
      vertex -26.4415 7.89275 19.2533
      vertex -26.5844 7.89275 19.2426
    endloop
  endfacet
  facet normal -0.0725282 -0.224681 0.971729
    outer loop
      vertex -26.4387 7.39275 19.1379
      vertex -26.4415 7.89275 19.2533
      vertex -26.57 7.39275 19.1281
    endloop
  endfacet
  facet normal 0.568463 -0.224558 0.791469
    outer loop
      vertex -25.654 6.89275 18.7599
      vertex -25.7516 6.89275 18.83
      vertex -25.8142 6.39275 18.7331
    endloop
  endfacet
  facet normal 0.568916 -0.224684 0.791107
    outer loop
      vertex -25.7259 6.39275 18.6696
      vertex -25.654 6.89275 18.7599
      vertex -25.8142 6.39275 18.7331
    endloop
  endfacet
  facet normal -0.898023 -0.2247 0.37824
    outer loop
      vertex -27.9726 8.89275 18.3875
      vertex -28.0052 9.30516 18.5551
      vertex -28.0524 9.26049 18.4165
    endloop
  endfacet
  facet normal -0.897587 -0.225011 0.379089
    outer loop
      vertex -27.9726 8.89275 18.3875
      vertex -27.9957 9.3141 18.5829
      vertex -28.0052 9.30516 18.5551
    endloop
  endfacet
  facet normal -0.898035 -0.224644 0.378245
    outer loop
      vertex -27.9957 9.3141 18.5829
      vertex -27.9726 8.89275 18.3875
      vertex -27.8041 8.39275 18.4906
    endloop
  endfacet
  facet normal -0.444453 -0.22484 0.867126
    outer loop
      vertex -26.9966 7.89275 19.1266
      vertex -27.0441 8.39275 19.2319
      vertex -27.124 7.89275 19.0613
    endloop
  endfacet
  facet normal -0.444824 -0.224726 0.866966
    outer loop
      vertex -27.124 7.89275 19.0613
      vertex -27.0441 8.39275 19.2319
      vertex -27.1817 8.39275 19.1613
    endloop
  endfacet
  facet normal 0.217383 -0.224851 0.949835
    outer loop
      vertex -26.0792 6.89275 18.9778
      vertex -26.0479 7.39275 19.089
      vertex -26.1963 6.89275 19.0046
    endloop
  endfacet
  facet normal 0.121318 -0.224713 0.966843
    outer loop
      vertex -26.1963 6.89275 19.0046
      vertex -26.1763 7.39275 19.1183
      vertex -26.307 7.39275 19.1347
    endloop
  endfacet
  facet normal 0.216785 -0.224703 0.950007
    outer loop
      vertex -26.0479 7.39275 19.089
      vertex -26.1763 7.39275 19.1183
      vertex -26.1963 6.89275 19.0046
    endloop
  endfacet
  facet normal 0.760847 -0.224998 0.608677
    outer loop
      vertex -25.7206 5.39275 18.3361
      vertex -25.6589 5.89275 18.4438
      vertex -25.7474 5.39275 18.3696
    endloop
  endfacet
  facet normal 0.730879 -0.224988 0.644357
    outer loop
      vertex -25.7474 5.39275 18.3696
      vertex -25.6589 5.89275 18.4438
      vertex -25.7757 5.39275 18.4017
    endloop
  endfacet
  facet normal 0.776775 -0.224656 0.588345
    outer loop
      vertex -25.6002 5.89275 18.3663
      vertex -25.5049 6.39275 18.4314
      vertex -25.6589 5.89275 18.4438
    endloop
  endfacet
  facet normal 0.776745 -0.224645 0.588389
    outer loop
      vertex -25.5049 6.39275 18.4314
      vertex -25.5705 6.39275 18.518
      vertex -25.6589 5.89275 18.4438
    endloop
  endfacet
  facet normal 0.777136 -0.222687 0.588618
    outer loop
      vertex -25.6002 5.89275 18.3663
      vertex -25.6589 5.89275 18.4438
      vertex -25.7206 5.39275 18.3361
    endloop
  endfacet
  facet normal -0.746512 -0.224664 0.626296
    outer loop
      vertex -27.6429 8.39275 18.7543
      vertex -27.6281 8.89275 18.9513
      vertex -27.7349 8.89275 18.824
    endloop
  endfacet
  facet normal -0.746233 -0.224786 0.626584
    outer loop
      vertex -27.5434 8.39275 18.8728
      vertex -27.6281 8.89275 18.9513
      vertex -27.6429 8.39275 18.7543
    endloop
  endfacet
  facet normal -0.80487 -0.224666 0.549281
    outer loop
      vertex -27.6429 8.39275 18.7543
      vertex -27.7349 8.89275 18.824
      vertex -27.8286 8.89275 18.6867
    endloop
  endfacet
  facet normal -0.169422 -0.224802 0.959563
    outer loop
      vertex -26.6997 7.39275 19.1052
      vertex -26.57 7.39275 19.1281
      vertex -26.7254 7.89275 19.2178
    endloop
  endfacet
  facet normal 0.487039 -0.224548 0.844021
    outer loop
      vertex -25.8142 6.39275 18.7331
      vertex -25.7516 6.89275 18.83
      vertex -25.9083 6.39275 18.7874
    endloop
  endfacet
  facet normal 0.487554 -0.224682 0.843688
    outer loop
      vertex -25.7516 6.89275 18.83
      vertex -25.8556 6.89275 18.8901
      vertex -25.9083 6.39275 18.7874
    endloop
  endfacet
  facet normal 0.401085 -0.224682 0.888059
    outer loop
      vertex -25.9083 6.39275 18.7874
      vertex -25.8556 6.89275 18.8901
      vertex -25.9652 6.89275 18.9396
    endloop
  endfacet
  facet normal -0.955024 -0.224754 0.193429
    outer loop
      vertex -28.0216 8.89275 18.2286
      vertex -28.0949 9.22031 18.2473
      vertex -28.113 9.20324 18.1381
    endloop
  endfacet
  facet normal -0.931204 -0.224763 0.28695
    outer loop
      vertex -28.0216 8.89275 18.2286
      vertex -28.0641 9.24948 18.3701
      vertex -28.0949 9.22031 18.2473
    endloop
  endfacet
  facet normal -0.931132 -0.224827 0.287133
    outer loop
      vertex -27.9726 8.89275 18.3875
      vertex -28.0641 9.24948 18.3701
      vertex -28.0216 8.89275 18.2286
    endloop
  endfacet
  facet normal -0.930877 -0.224717 0.288047
    outer loop
      vertex -28.0641 9.24948 18.3701
      vertex -27.9726 8.89275 18.3875
      vertex -28.0524 9.26049 18.4165
    endloop
  endfacet
  facet normal -0.528842 -0.224664 0.818445
    outer loop
      vertex -27.2443 7.89275 18.9836
      vertex -27.1817 8.39275 19.1613
      vertex -27.3117 8.39275 19.0773
    endloop
  endfacet
  facet normal -0.52868 -0.224717 0.818535
    outer loop
      vertex -27.124 7.89275 19.0613
      vertex -27.1817 8.39275 19.1613
      vertex -27.2443 7.89275 18.9836
    endloop
  endfacet
  facet normal 0.120759 -0.224847 0.966882
    outer loop
      vertex -26.1963 6.89275 19.0046
      vertex -26.307 7.39275 19.1347
      vertex -26.3156 6.89275 19.0195
    endloop
  endfacet
  facet normal 0.714544 -0.224637 0.662545
    outer loop
      vertex -25.5705 6.39275 18.518
      vertex -25.6444 6.39275 18.5977
      vertex -25.725 5.89275 18.5151
    endloop
  endfacet
  facet normal 0.698016 -0.224964 0.679827
    outer loop
      vertex -25.7757 5.39275 18.4017
      vertex -25.725 5.89275 18.5151
      vertex -25.8056 5.39275 18.4324
    endloop
  endfacet
  facet normal 0.644653 -0.224634 0.730727
    outer loop
      vertex -25.725 5.89275 18.5151
      vertex -25.6444 6.39275 18.5977
      vertex -25.7259 6.39275 18.6696
    endloop
  endfacet
  facet normal 0.66353 -0.224978 0.713522
    outer loop
      vertex -25.8056 5.39275 18.4324
      vertex -25.725 5.89275 18.5151
      vertex -25.837 5.39275 18.4616
    endloop
  endfacet
  facet normal 0.714598 -0.224653 0.662481
    outer loop
      vertex -25.6589 5.89275 18.4438
      vertex -25.5705 6.39275 18.518
      vertex -25.725 5.89275 18.5151
    endloop
  endfacet
  facet normal 0.714908 -0.222808 0.662769
    outer loop
      vertex -25.6589 5.89275 18.4438
      vertex -25.725 5.89275 18.5151
      vertex -25.7757 5.39275 18.4017
    endloop
  endfacet
  facet normal -0.804914 -0.224692 0.549206
    outer loop
      vertex -27.7301 8.39275 18.6265
      vertex -27.6429 8.39275 18.7543
      vertex -27.8286 8.89275 18.6867
    endloop
  endfacet
  facet normal -0.263912 -0.22484 0.937975
    outer loop
      vertex -26.8265 7.39275 19.0695
      vertex -26.7254 7.89275 19.2178
      vertex -26.8633 7.89275 19.179
    endloop
  endfacet
  facet normal -0.264073 -0.224797 0.93794
    outer loop
      vertex -26.6997 7.39275 19.1052
      vertex -26.7254 7.89275 19.2178
      vertex -26.8265 7.39275 19.0695
    endloop
  endfacet
  facet normal 0.400645 -0.224784 0.888232
    outer loop
      vertex -25.9083 6.39275 18.7874
      vertex -25.9652 6.89275 18.9396
      vertex -26.0074 6.39275 18.8321
    endloop
  endfacet
  facet normal -0.955384 -0.224465 0.191984
    outer loop
      vertex -28.0546 8.89275 18.0657
      vertex -28.113 9.20324 18.1381
      vertex -28.1232 9.19354 18.076
    endloop
  endfacet
  facet normal -0.955019 -0.224742 0.193466
    outer loop
      vertex -28.113 9.20324 18.1381
      vertex -28.0546 8.89275 18.0657
      vertex -28.0216 8.89275 18.2286
    endloop
  endfacet
  facet normal -0.607172 -0.224774 0.762114
    outer loop
      vertex -27.3563 7.89275 18.8943
      vertex -27.3117 8.39275 19.0773
      vertex -27.4327 8.39275 18.9809
    endloop
  endfacet
  facet normal -0.60748 -0.224668 0.761901
    outer loop
      vertex -27.2443 7.89275 18.9836
      vertex -27.3117 8.39275 19.0773
      vertex -27.3563 7.89275 18.8943
    endloop
  endfacet
  facet normal 0.0236694 -0.224695 0.974142
    outer loop
      vertex -26.4358 6.89275 19.0225
      vertex -26.307 7.39275 19.1347
      vertex -26.4387 7.39275 19.1379
    endloop
  endfacet
  facet normal 0.0243117 -0.224849 0.97409
    outer loop
      vertex -26.3156 6.89275 19.0195
      vertex -26.307 7.39275 19.1347
      vertex -26.4358 6.89275 19.0225
    endloop
  endfacet
  facet normal 0.644577 -0.224653 0.730788
    outer loop
      vertex -25.725 5.89275 18.5151
      vertex -25.7259 6.39275 18.6696
      vertex -25.7979 5.89275 18.5794
    endloop
  endfacet
  facet normal 0.624886 -0.224999 0.747591
    outer loop
      vertex -25.837 5.39275 18.4616
      vertex -25.7979 5.89275 18.5794
      vertex -25.8699 5.39275 18.4891
    endloop
  endfacet
  facet normal 0.589338 -0.224996 0.775924
    outer loop
      vertex -25.8699 5.39275 18.4891
      vertex -25.7979 5.89275 18.5794
      vertex -25.904 5.39275 18.515
    endloop
  endfacet
  facet normal 0.644876 -0.222683 0.731127
    outer loop
      vertex -25.725 5.89275 18.5151
      vertex -25.7979 5.89275 18.5794
      vertex -25.837 5.39275 18.4616
    endloop
  endfacet
  facet normal -0.855784 -0.224695 0.46599
    outer loop
      vertex -27.8041 8.39275 18.4906
      vertex -27.7301 8.39275 18.6265
      vertex -27.8286 8.89275 18.6867
    endloop
  endfacet
  facet normal -0.355893 -0.224668 0.907119
    outer loop
      vertex -26.9491 7.39275 19.0214
      vertex -26.8265 7.39275 19.0695
      vertex -26.9966 7.89275 19.1266
    endloop
  endfacet
  facet normal 0.310287 -0.224781 0.923686
    outer loop
      vertex -26.0074 6.39275 18.8321
      vertex -25.9652 6.89275 18.9396
      vertex -26.1104 6.39275 18.8667
    endloop
  endfacet
  facet normal 0.309605 -0.224622 0.923953
    outer loop
      vertex -25.9652 6.89275 18.9396
      vertex -26.0792 6.89275 18.9778
      vertex -26.1104 6.39275 18.8667
    endloop
  endfacet
  facet normal -0.96963 -0.224637 0.0967285
    outer loop
      vertex -28.0546 8.89275 18.0657
      vertex -28.1288 9.18827 18.0082
      vertex -28.0711 8.89275 17.9003
    endloop
  endfacet
  facet normal -0.969588 -0.22447 0.0975317
    outer loop
      vertex -28.1288 9.18827 18.0082
      vertex -28.0546 8.89275 18.0657
      vertex -28.1232 9.19354 18.076
    endloop
  endfacet
  facet normal -0.969596 -0.224783 0.0967251
    outer loop
      vertex -28.0546 8.89275 18.0657
      vertex -28.0711 8.89275 17.9003
      vertex -27.9404 8.39275 18.0485
    endloop
  endfacet
  facet normal -0.969553 -0.224781 0.0971642
    outer loop
      vertex -28.0711 8.89275 17.9003
      vertex -28.1288 9.18827 18.0082
      vertex -28.1374 9.18015 17.9036
    endloop
  endfacet
  facet normal -0.680454 -0.224774 0.697466
    outer loop
      vertex -27.3563 7.89275 18.8943
      vertex -27.4327 8.39275 18.9809
      vertex -27.4588 7.89275 18.7943
    endloop
  endfacet
  facet normal -0.0721918 -0.224699 0.97175
    outer loop
      vertex -26.4358 6.89275 19.0225
      vertex -26.4387 7.39275 19.1379
      vertex -26.5556 6.89275 19.0136
    endloop
  endfacet
  facet normal -0.0725292 -0.224618 0.971744
    outer loop
      vertex -26.5556 6.89275 19.0136
      vertex -26.4387 7.39275 19.1379
      vertex -26.57 7.39275 19.1281
    endloop
  endfacet
  facet normal 0.568914 -0.224702 0.791104
    outer loop
      vertex -25.7259 6.39275 18.6696
      vertex -25.8142 6.39275 18.7331
      vertex -25.8768 5.89275 18.6361
    endloop
  endfacet
  facet normal 0.568658 -0.224638 0.791307
    outer loop
      vertex -25.7979 5.89275 18.5794
      vertex -25.7259 6.39275 18.6696
      vertex -25.8768 5.89275 18.6361
    endloop
  endfacet
  facet normal 0.548339 -0.224908 0.805444
    outer loop
      vertex -25.904 5.39275 18.515
      vertex -25.8768 5.89275 18.6361
      vertex -25.9394 5.39275 18.5391
    endloop
  endfacet
  facet normal 0.508641 -0.224912 0.831083
    outer loop
      vertex -25.9394 5.39275 18.5391
      vertex -25.8768 5.89275 18.6361
      vertex -25.976 5.39275 18.5615
    endloop
  endfacet
  facet normal 0.568918 -0.222691 0.791669
    outer loop
      vertex -25.7979 5.89275 18.5794
      vertex -25.8768 5.89275 18.6361
      vertex -25.904 5.39275 18.515
    endloop
  endfacet
  facet normal -0.897963 -0.224576 0.378454
    outer loop
      vertex -27.8642 8.39275 18.348
      vertex -27.8041 8.39275 18.4906
      vertex -27.9726 8.89275 18.3875
    endloop
  endfacet
  facet normal -0.444466 -0.224722 0.867151
    outer loop
      vertex -27.0663 7.39275 18.9613
      vertex -26.9966 7.89275 19.1266
      vertex -27.124 7.89275 19.0613
    endloop
  endfacet
  facet normal -0.444636 -0.224673 0.867076
    outer loop
      vertex -26.9491 7.39275 19.0214
      vertex -26.9966 7.89275 19.1266
      vertex -27.0663 7.39275 18.9613
    endloop
  endfacet
  facet normal -0.52868 -0.224717 0.818535
    outer loop
      vertex -27.0663 7.39275 18.9613
      vertex -27.124 7.89275 19.0613
      vertex -27.2443 7.89275 18.9836
    endloop
  endfacet
  facet normal 0.216887 -0.224624 0.950002
    outer loop
      vertex -26.1104 6.39275 18.8667
      vertex -26.0792 6.89275 18.9778
      vertex -26.2164 6.39275 18.8909
    endloop
  endfacet
  facet normal 0.120762 -0.22473 0.966909
    outer loop
      vertex -26.2164 6.39275 18.8909
      vertex -26.1963 6.89275 19.0046
      vertex -26.3156 6.89275 19.0195
    endloop
  endfacet
  facet normal 0.217389 -0.224737 0.949861
    outer loop
      vertex -26.0792 6.89275 18.9778
      vertex -26.1963 6.89275 19.0046
      vertex -26.2164 6.39275 18.8909
    endloop
  endfacet
  facet normal -0.974408 -0.224785 0
    outer loop
      vertex -28.0711 8.89275 17.7341
      vertex -28.1374 9.18015 17.9036
      vertex -28.1374 9.18015 17.7307
    endloop
  endfacet
  facet normal -0.974408 -0.224785 0
    outer loop
      vertex -28.1374 9.18015 17.9036
      vertex -28.0711 8.89275 17.7341
      vertex -28.0711 8.89275 17.9003
    endloop
  endfacet
  facet normal -0.969545 -0.224813 -0.0971661
    outer loop
      vertex -28.1288 9.18827 17.6261
      vertex -28.0711 8.89275 17.7341
      vertex -28.1374 9.18015 17.7307
    endloop
  endfacet
  facet normal -0.746255 -0.224659 0.626603
    outer loop
      vertex -27.5509 7.89275 18.6846
      vertex -27.5434 8.39275 18.8728
      vertex -27.6429 8.39275 18.7543
    endloop
  endfacet
  facet normal -0.746295 -0.224643 0.626561
    outer loop
      vertex -27.4588 7.89275 18.7943
      vertex -27.5434 8.39275 18.8728
      vertex -27.5509 7.89275 18.6846
    endloop
  endfacet
  facet normal -0.16939 -0.224629 0.959609
    outer loop
      vertex -26.5556 6.89275 19.0136
      vertex -26.57 7.39275 19.1281
      vertex -26.674 6.89275 18.9927
    endloop
  endfacet
  facet normal -0.169429 -0.22462 0.959604
    outer loop
      vertex -26.674 6.89275 18.9927
      vertex -26.57 7.39275 19.1281
      vertex -26.6997 7.39275 19.1052
    endloop
  endfacet
  facet normal -0.264084 -0.224619 0.93798
    outer loop
      vertex -26.674 6.89275 18.9927
      vertex -26.6997 7.39275 19.1052
      vertex -26.8265 7.39275 19.0695
    endloop
  endfacet
  facet normal 0.400656 -0.224677 0.888254
    outer loop
      vertex -25.961 5.89275 18.6847
      vertex -25.9083 6.39275 18.7874
      vertex -26.0074 6.39275 18.8321
    endloop
  endfacet
  facet normal 0.48735 -0.222666 0.84434
    outer loop
      vertex -25.8768 5.89275 18.6361
      vertex -25.961 5.89275 18.6847
      vertex -25.976 5.39275 18.5615
    endloop
  endfacet
  facet normal 0.487116 -0.22471 0.843933
    outer loop
      vertex -25.8768 5.89275 18.6361
      vertex -25.8142 6.39275 18.7331
      vertex -25.961 5.89275 18.6847
    endloop
  endfacet
  facet normal 0.466437 -0.224792 0.855514
    outer loop
      vertex -25.976 5.39275 18.5615
      vertex -25.961 5.89275 18.6847
      vertex -26.0136 5.39275 18.582
    endloop
  endfacet
  facet normal 0.422986 -0.2248 0.877809
    outer loop
      vertex -26.0136 5.39275 18.582
      vertex -25.961 5.89275 18.6847
      vertex -26.0522 5.39275 18.6006
    endloop
  endfacet
  facet normal 0.487023 -0.224688 0.843993
    outer loop
      vertex -25.8142 6.39275 18.7331
      vertex -25.9083 6.39275 18.7874
      vertex -25.961 5.89275 18.6847
    endloop
  endfacet
  facet normal -0.931199 -0.224526 0.287154
    outer loop
      vertex -27.9098 8.39275 18.2002
      vertex -27.9726 8.89275 18.3875
      vertex -28.0216 8.89275 18.2286
    endloop
  endfacet
  facet normal -0.931149 -0.224568 0.287283
    outer loop
      vertex -27.9098 8.39275 18.2002
      vertex -27.8642 8.39275 18.348
      vertex -27.9726 8.89275 18.3875
    endloop
  endfacet
  facet normal -0.955065 -0.224542 0.193475
    outer loop
      vertex -27.9098 8.39275 18.2002
      vertex -28.0216 8.89275 18.2286
      vertex -28.0546 8.89275 18.0657
    endloop
  endfacet
  facet normal -0.528505 -0.22466 0.818664
    outer loop
      vertex -27.1769 7.39275 18.8899
      vertex -27.0663 7.39275 18.9613
      vertex -27.2443 7.89275 18.9836
    endloop
  endfacet
  facet normal 0.121085 -0.22466 0.966885
    outer loop
      vertex -26.2164 6.39275 18.8909
      vertex -26.3156 6.89275 19.0195
      vertex -26.3242 6.39275 18.9044
    endloop
  endfacet
  facet normal -0.955241 -0.224457 -0.192704
    outer loop
      vertex -28.1048 9.21096 17.4468
      vertex -28.0546 8.89275 17.5686
      vertex -28.1232 9.19354 17.5583
    endloop
  endfacet
  facet normal -0.969588 -0.22447 -0.0975317
    outer loop
      vertex -28.0546 8.89275 17.5686
      vertex -28.1288 9.18827 17.6261
      vertex -28.1232 9.19354 17.5583
    endloop
  endfacet
  facet normal -0.969633 -0.224649 -0.0966703
    outer loop
      vertex -28.0546 8.89275 17.5686
      vertex -28.0711 8.89275 17.7341
      vertex -28.1288 9.18827 17.6261
    endloop
  endfacet
  facet normal -0.969598 -0.224801 -0.0966669
    outer loop
      vertex -28.0711 8.89275 17.7341
      vertex -28.0546 8.89275 17.5686
      vertex -27.9404 8.39275 17.5859
    endloop
  endfacet
  facet normal -0.804976 -0.224664 0.549126
    outer loop
      vertex -27.6316 7.89275 18.5663
      vertex -27.5509 7.89275 18.6846
      vertex -27.6429 8.39275 18.7543
    endloop
  endfacet
  facet normal -0.804976 -0.224664 0.549126
    outer loop
      vertex -27.5509 7.89275 18.6846
      vertex -27.6316 7.89275 18.5663
      vertex -27.4589 7.39275 18.6149
    endloop
  endfacet
  facet normal -0.855784 -0.224695 0.46599
    outer loop
      vertex -27.6316 7.89275 18.5663
      vertex -27.7301 8.39275 18.6265
      vertex -27.8041 8.39275 18.4906
    endloop
  endfacet
  facet normal -0.804914 -0.224692 0.549206
    outer loop
      vertex -27.6316 7.89275 18.5663
      vertex -27.6429 8.39275 18.7543
      vertex -27.7301 8.39275 18.6265
    endloop
  endfacet
  facet normal -0.26427 -0.224666 0.937916
    outer loop
      vertex -26.7897 6.89275 18.9601
      vertex -26.674 6.89275 18.9927
      vertex -26.8265 7.39275 19.0695
    endloop
  endfacet
  facet normal 0.400963 -0.224612 0.888132
    outer loop
      vertex -25.961 5.89275 18.6847
      vertex -26.0074 6.39275 18.8321
      vertex -26.0496 5.89275 18.7247
    endloop
  endfacet
  facet normal 0.377504 -0.224916 0.898278
    outer loop
      vertex -26.0522 5.39275 18.6006
      vertex -26.0496 5.89275 18.7247
      vertex -26.0917 5.39275 18.6172
    endloop
  endfacet
  facet normal 0.333898 -0.224921 0.915381
    outer loop
      vertex -26.0917 5.39275 18.6172
      vertex -26.0496 5.89275 18.7247
      vertex -26.132 5.39275 18.6319
    endloop
  endfacet
  facet normal 0.40115 -0.222624 0.888548
    outer loop
      vertex -25.961 5.89275 18.6847
      vertex -26.0496 5.89275 18.7247
      vertex -26.0522 5.39275 18.6006
    endloop
  endfacet
  facet normal -0.955169 -0.224789 0.192671
    outer loop
      vertex -27.9404 8.39275 18.0485
      vertex -27.9098 8.39275 18.2002
      vertex -28.0546 8.89275 18.0657
    endloop
  endfacet
  facet normal -0.60737 -0.22467 0.761987
    outer loop
      vertex -27.1769 7.39275 18.8899
      vertex -27.2443 7.89275 18.9836
      vertex -27.2799 7.39275 18.8078
    endloop
  endfacet
  facet normal -0.607485 -0.224634 0.761907
    outer loop
      vertex -27.2799 7.39275 18.8078
      vertex -27.2443 7.89275 18.9836
      vertex -27.3563 7.89275 18.8943
    endloop
  endfacet
  facet normal 0.0243127 -0.224688 0.974127
    outer loop
      vertex -26.4329 6.39275 18.9071
      vertex -26.3156 6.89275 19.0195
      vertex -26.4358 6.89275 19.0225
    endloop
  endfacet
  facet normal 0.0241966 -0.224662 0.974136
    outer loop
      vertex -26.3242 6.39275 18.9044
      vertex -26.3156 6.89275 19.0195
      vertex -26.4329 6.39275 18.9071
    endloop
  endfacet
  facet normal -0.95506 -0.224752 -0.193253
    outer loop
      vertex -28.0216 8.89275 17.4057
      vertex -28.1048 9.21096 17.4468
      vertex -28.0949 9.22031 17.387
    endloop
  endfacet
  facet normal -0.955025 -0.224715 -0.193467
    outer loop
      vertex -28.1048 9.21096 17.4468
      vertex -28.0216 8.89275 17.4057
      vertex -28.0546 8.89275 17.5686
    endloop
  endfacet
  facet normal -0.855785 -0.224695 0.465988
    outer loop
      vertex -27.7001 7.89275 18.4405
      vertex -27.6316 7.89275 18.5663
      vertex -27.8041 8.39275 18.4906
    endloop
  endfacet
  facet normal -0.355893 -0.224668 0.907119
    outer loop
      vertex -26.9016 6.89275 18.9162
      vertex -26.8265 7.39275 19.0695
      vertex -26.9491 7.39275 19.0214
    endloop
  endfacet
  facet normal -0.355878 -0.224671 0.907124
    outer loop
      vertex -26.7897 6.89275 18.9601
      vertex -26.8265 7.39275 19.0695
      vertex -26.9016 6.89275 18.9162
    endloop
  endfacet
  facet normal -0.804942 -0.224846 -0.549102
    outer loop
      vertex -27.8269 9.39275 16.7406
      vertex -27.9232 9.38266 16.8859
      vertex -27.8396 9.46166 16.731
    endloop
  endfacet
  facet normal -0.804983 -0.224664 -0.549117
    outer loop
      vertex -27.9232 9.38266 16.8859
      vertex -27.8269 9.39275 16.7406
      vertex -27.7349 8.89275 16.8103
    endloop
  endfacet
  facet normal 0.309953 -0.224601 0.923842
    outer loop
      vertex -26.0496 5.89275 18.7247
      vertex -26.0074 6.39275 18.8321
      vertex -26.1417 5.89275 18.7556
    endloop
  endfacet
  facet normal 0.310096 -0.222648 0.924266
    outer loop
      vertex -26.132 5.39275 18.6319
      vertex -26.0496 5.89275 18.7247
      vertex -26.1417 5.89275 18.7556
    endloop
  endfacet
  facet normal 0.310295 -0.224673 0.92371
    outer loop
      vertex -26.0074 6.39275 18.8321
      vertex -26.1104 6.39275 18.8667
      vertex -26.1417 5.89275 18.7556
    endloop
  endfacet
  facet normal 0.286234 -0.224875 0.931397
    outer loop
      vertex -26.132 5.39275 18.6319
      vertex -26.1417 5.89275 18.7556
      vertex -26.173 5.39275 18.6445
    endloop
  endfacet
  facet normal 0.241138 -0.22487 0.944079
    outer loop
      vertex -26.173 5.39275 18.6445
      vertex -26.1417 5.89275 18.7556
      vertex -26.2145 5.39275 18.6551
    endloop
  endfacet
  facet normal -0.969589 -0.224712 0.0969589
    outer loop
      vertex -27.9558 8.39275 17.8945
      vertex -27.9404 8.39275 18.0485
      vertex -28.0711 8.89275 17.9003
    endloop
  endfacet
  facet normal -0.680476 -0.224642 0.697488
    outer loop
      vertex -27.2799 7.39275 18.8078
      vertex -27.3563 7.89275 18.8943
      vertex -27.3742 7.39275 18.7158
    endloop
  endfacet
  facet normal -0.680476 -0.224642 0.697488
    outer loop
      vertex -27.3742 7.39275 18.7158
      vertex -27.3563 7.89275 18.8943
      vertex -27.4588 7.89275 18.7943
    endloop
  endfacet
  facet normal -0.527147 -0.230944 -0.81779
    outer loop
      vertex -27.361 9.91411 16.1711
      vertex -27.3549 9.89275 16.1732
      vertex -27.3836 9.89275 16.1917
    endloop
  endfacet
  facet normal -0.498209 -0.224613 -0.837458
    outer loop
      vertex -27.3577 9.91723 16.1683
      vertex -27.3549 9.89275 16.1732
      vertex -27.361 9.91411 16.1711
    endloop
  endfacet
  facet normal -0.473226 -0.22463 -0.851821
    outer loop
      vertex -27.3531 9.92157 16.1646
      vertex -27.3549 9.89275 16.1732
      vertex -27.3577 9.91723 16.1683
    endloop
  endfacet
  facet normal -0.0726101 -0.224694 0.97172
    outer loop
      vertex -26.4329 6.39275 18.9071
      vertex -26.4358 6.89275 19.0225
      vertex -26.5413 6.39275 18.899
    endloop
  endfacet
  facet normal -0.0721903 -0.224785 0.97173
    outer loop
      vertex -26.5413 6.39275 18.899
      vertex -26.4358 6.89275 19.0225
      vertex -26.5556 6.89275 19.0136
    endloop
  endfacet
  facet normal -0.931034 -0.224785 -0.287484
    outer loop
      vertex -28.0524 9.26049 17.2178
      vertex -27.9726 8.89275 17.2469
      vertex -28.082 9.23256 17.3355
    endloop
  endfacet
  facet normal -0.931196 -0.225021 -0.286775
    outer loop
      vertex -27.9726 8.89275 17.2469
      vertex -28.0949 9.22031 17.387
      vertex -28.082 9.23256 17.3355
    endloop
  endfacet
  facet normal -0.931096 -0.224759 -0.287303
    outer loop
      vertex -27.9726 8.89275 17.2469
      vertex -28.0216 8.89275 17.4057
      vertex -28.0949 9.22031 17.387
    endloop
  endfacet
  facet normal -0.931136 -0.224579 -0.287315
    outer loop
      vertex -28.0216 8.89275 17.4057
      vertex -27.9726 8.89275 17.2469
      vertex -27.9098 8.39275 17.4342
    endloop
  endfacet
  facet normal -0.89799 -0.224797 -0.37826
    outer loop
      vertex -28.0052 9.30516 17.0792
      vertex -27.9726 8.89275 17.2469
      vertex -28.0524 9.26049 17.2178
    endloop
  endfacet
  facet normal -0.898018 -0.224689 0.378256
    outer loop
      vertex -27.7557 7.89275 18.3085
      vertex -27.7001 7.89275 18.4405
      vertex -27.8041 8.39275 18.4906
    endloop
  endfacet
  facet normal -0.897927 -0.224747 0.378439
    outer loop
      vertex -27.7557 7.89275 18.3085
      vertex -27.8041 8.39275 18.4906
      vertex -27.8642 8.39275 18.348
    endloop
  endfacet
  facet normal -0.444189 -0.224679 0.867304
    outer loop
      vertex -26.9016 6.89275 18.9162
      vertex -26.9491 7.39275 19.0214
      vertex -27.0086 6.89275 18.8614
    endloop
  endfacet
  facet normal -0.444648 -0.224559 0.8671
    outer loop
      vertex -27.0086 6.89275 18.8614
      vertex -26.9491 7.39275 19.0214
      vertex -27.0663 7.39275 18.9613
    endloop
  endfacet
  facet normal -0.746167 -0.224529 -0.626755
    outer loop
      vertex -27.7402 9.5556 16.5789
      vertex -27.7127 9.39275 16.6045
      vertex -27.7688 9.52866 16.6226
    endloop
  endfacet
  facet normal -0.680672 -0.224562 -0.697321
    outer loop
      vertex -27.6914 9.60176 16.5164
      vertex -27.7127 9.39275 16.6045
      vertex -27.7402 9.5556 16.5789
    endloop
  endfacet
  facet normal -0.746426 -0.224684 -0.626391
    outer loop
      vertex -27.7127 9.39275 16.6045
      vertex -27.8396 9.46166 16.731
      vertex -27.7688 9.52866 16.6226
    endloop
  endfacet
  facet normal -0.746437 -0.224822 -0.626327
    outer loop
      vertex -27.8396 9.46166 16.731
      vertex -27.7127 9.39275 16.6045
      vertex -27.8269 9.39275 16.7406
    endloop
  endfacet
  facet normal 0.216883 -0.224702 0.949985
    outer loop
      vertex -26.1104 6.39275 18.8667
      vertex -26.2164 6.39275 18.8909
      vertex -26.2364 5.89275 18.7772
    endloop
  endfacet
  facet normal 0.121083 -0.22471 0.966873
    outer loop
      vertex -26.2364 5.89275 18.7772
      vertex -26.2164 6.39275 18.8909
      vertex -26.3242 6.39275 18.9044
    endloop
  endfacet
  facet normal 0.193284 -0.224758 0.955052
    outer loop
      vertex -26.2145 5.39275 18.6551
      vertex -26.2364 5.89275 18.7772
      vertex -26.2565 5.39275 18.6636
    endloop
  endfacet
  facet normal 0.143212 -0.224741 0.963837
    outer loop
      vertex -26.2565 5.39275 18.6636
      vertex -26.2364 5.89275 18.7772
      vertex -26.2989 5.39275 18.6699
    endloop
  endfacet
  facet normal 0.216797 -0.222615 0.950495
    outer loop
      vertex -26.2145 5.39275 18.6551
      vertex -26.1417 5.89275 18.7556
      vertex -26.2364 5.89275 18.7772
    endloop
  endfacet
  facet normal 0.216693 -0.224663 0.950037
    outer loop
      vertex -26.1417 5.89275 18.7556
      vertex -26.1104 6.39275 18.8667
      vertex -26.2364 5.89275 18.7772
    endloop
  endfacet
  facet normal -0.974427 -0.224703 0
    outer loop
      vertex -27.9558 8.39275 17.7398
      vertex -28.0711 8.89275 17.9003
      vertex -28.0711 8.89275 17.7341
    endloop
  endfacet
  facet normal -0.974427 -0.224703 0
    outer loop
      vertex -28.0711 8.89275 17.9003
      vertex -27.9558 8.39275 17.7398
      vertex -27.9558 8.39275 17.8945
    endloop
  endfacet
  facet normal -0.746292 -0.22466 0.626559
    outer loop
      vertex -27.4589 7.39275 18.6149
      vertex -27.4588 7.89275 18.7943
      vertex -27.5509 7.89275 18.6846
    endloop
  endfacet
  facet normal -0.746338 -0.224643 0.62651
    outer loop
      vertex -27.3742 7.39275 18.7158
      vertex -27.4588 7.89275 18.7943
      vertex -27.4589 7.39275 18.6149
    endloop
  endfacet
  facet normal -0.444129 -0.229182 -0.866155
    outer loop
      vertex -27.1865 9.89275 16.0868
      vertex -27.3531 9.92157 16.1646
      vertex -27.2273 10.0406 16.0686
    endloop
  endfacet
  facet normal -0.444185 -0.230601 -0.86575
    outer loop
      vertex -27.3531 9.92157 16.1646
      vertex -27.1865 9.89275 16.0868
      vertex -27.3549 9.89275 16.1732
    endloop
  endfacet
  facet normal -0.423106 -0.224807 -0.877749
    outer loop
      vertex -27.2027 10.0638 16.0508
      vertex -27.1865 9.89275 16.0868
      vertex -27.2273 10.0406 16.0686
    endloop
  endfacet
  facet normal -0.377018 -0.224811 -0.898509
    outer loop
      vertex -27.1681 10.0965 16.0281
      vertex -27.1865 9.89275 16.0868
      vertex -27.2027 10.0638 16.0508
    endloop
  endfacet
  facet normal -0.169383 -0.224801 0.959569
    outer loop
      vertex -26.6483 6.39275 18.8801
      vertex -26.5556 6.89275 19.0136
      vertex -26.674 6.89275 18.9927
    endloop
  endfacet
  facet normal -0.169492 -0.224778 0.959556
    outer loop
      vertex -26.5413 6.39275 18.899
      vertex -26.5556 6.89275 19.0136
      vertex -26.6483 6.39275 18.8801
    endloop
  endfacet
  facet normal -0.897216 -0.224613 -0.380202
    outer loop
      vertex -27.9081 8.89275 17.0937
      vertex -28.0052 9.30516 17.0792
      vertex -27.9957 9.3141 17.0515
    endloop
  endfacet
  facet normal -0.89807 -0.22474 -0.378104
    outer loop
      vertex -27.9081 8.89275 17.0937
      vertex -27.9726 8.89275 17.2469
      vertex -28.0052 9.30516 17.0792
    endloop
  endfacet
  facet normal -0.898081 -0.224687 -0.378109
    outer loop
      vertex -27.9726 8.89275 17.2469
      vertex -27.9081 8.89275 17.0937
      vertex -27.8041 8.39275 17.1438
    endloop
  endfacet
  facet normal -0.931107 -0.224756 0.28727
    outer loop
      vertex -27.7979 7.89275 18.1717
      vertex -27.8642 8.39275 18.348
      vertex -27.9098 8.39275 18.2002
    endloop
  endfacet
  facet normal -0.955178 -0.224751 0.192673
    outer loop
      vertex -27.7979 7.89275 18.1717
      vertex -27.9098 8.39275 18.2002
      vertex -27.9404 8.39275 18.0485
    endloop
  endfacet
  facet normal -0.931122 -0.224745 0.287232
    outer loop
      vertex -27.7979 7.89275 18.1717
      vertex -27.7557 7.89275 18.3085
      vertex -27.8642 8.39275 18.348
    endloop
  endfacet
  facet normal -0.528517 -0.22456 0.818683
    outer loop
      vertex -27.1096 6.89275 18.7962
      vertex -27.0663 7.39275 18.9613
      vertex -27.1769 7.39275 18.8899
    endloop
  endfacet
  facet normal -0.528502 -0.224564 0.818692
    outer loop
      vertex -27.0086 6.89275 18.8614
      vertex -27.0663 7.39275 18.9613
      vertex -27.1096 6.89275 18.7962
    endloop
  endfacet
  facet normal -0.680252 -0.224829 -0.697646
    outer loop
      vertex -27.5854 9.39275 16.4804
      vertex -27.6914 9.60176 16.5164
      vertex -27.6267 9.66293 16.4336
    endloop
  endfacet
  facet normal -0.680186 -0.224782 -0.697725
    outer loop
      vertex -27.6914 9.60176 16.5164
      vertex -27.5854 9.39275 16.4804
      vertex -27.7127 9.39275 16.6045
    endloop
  endfacet
  facet normal -0.607602 -0.224828 -0.761756
    outer loop
      vertex -27.5343 9.75034 16.3341
      vertex -27.5854 9.39275 16.4804
      vertex -27.6267 9.66293 16.4336
    endloop
  endfacet
  facet normal 0.121289 -0.222744 0.967302
    outer loop
      vertex -26.2989 5.39275 18.6699
      vertex -26.2364 5.89275 18.7772
      vertex -26.3329 5.89275 18.7893
    endloop
  endfacet
  facet normal 0.121233 -0.224681 0.966861
    outer loop
      vertex -26.2364 5.89275 18.7772
      vertex -26.3242 6.39275 18.9044
      vertex -26.3329 5.89275 18.7893
    endloop
  endfacet
  facet normal 0.0978569 -0.224854 0.969466
    outer loop
      vertex -26.2989 5.39275 18.6699
      vertex -26.3329 5.89275 18.7893
      vertex -26.3415 5.39275 18.6742
    endloop
  endfacet
  facet normal 0.0477515 -0.224857 0.973221
    outer loop
      vertex -26.3415 5.39275 18.6742
      vertex -26.3329 5.89275 18.7893
      vertex -26.3843 5.39275 18.6763
    endloop
  endfacet
  facet normal 0.0241965 -0.224667 0.974135
    outer loop
      vertex -26.3329 5.89275 18.7893
      vertex -26.3242 6.39275 18.9044
      vertex -26.4329 6.39275 18.9071
    endloop
  endfacet
  facet normal -0.969587 -0.224693 -0.0970217
    outer loop
      vertex -27.9404 8.39275 17.5859
      vertex -27.9558 8.39275 17.7398
      vertex -28.0711 8.89275 17.7341
    endloop
  endfacet
  facet normal -0.955002 -0.224816 -0.193463
    outer loop
      vertex -28.0216 8.89275 17.4057
      vertex -27.9404 8.39275 17.5859
      vertex -28.0546 8.89275 17.5686
    endloop
  endfacet
  facet normal -0.805037 -0.224695 0.549024
    outer loop
      vertex -27.5331 7.39275 18.5061
      vertex -27.4589 7.39275 18.6149
      vertex -27.6316 7.89275 18.5663
    endloop
  endfacet
  facet normal -0.35617 -0.229613 -0.905771
    outer loop
      vertex -27.0103 9.89275 16.0177
      vertex -27.1681 10.0965 16.0281
      vertex -27.0845 10.1755 15.9752
    endloop
  endfacet
  facet normal -0.355395 -0.228989 -0.906233
    outer loop
      vertex -27.1681 10.0965 16.0281
      vertex -27.0103 9.89275 16.0177
      vertex -27.1865 9.89275 16.0868
    endloop
  endfacet
  facet normal -0.332414 -0.224905 -0.915925
    outer loop
      vertex -27.0346 10.2227 15.9455
      vertex -27.0103 9.89275 16.0177
      vertex -27.0845 10.1755 15.9752
    endloop
  endfacet
  facet normal -0.287507 -0.224897 -0.931
    outer loop
      vertex -26.9633 10.2901 15.9072
      vertex -27.0103 9.89275 16.0177
      vertex -27.0346 10.2227 15.9455
    endloop
  endfacet
  facet normal -0.264273 -0.224616 0.937927
    outer loop
      vertex -26.753 6.39275 18.8507
      vertex -26.674 6.89275 18.9927
      vertex -26.7897 6.89275 18.9601
    endloop
  endfacet
  facet normal -0.263426 -0.224805 0.93812
    outer loop
      vertex -26.753 6.39275 18.8507
      vertex -26.6483 6.39275 18.8801
      vertex -26.674 6.89275 18.9927
    endloop
  endfacet
  facet normal -0.263441 -0.224577 0.938171
    outer loop
      vertex -26.6483 6.39275 18.8801
      vertex -26.753 6.39275 18.8507
      vertex -26.6227 5.89275 18.7676
    endloop
  endfacet
  facet normal -0.8559 -0.22466 -0.465793
    outer loop
      vertex -27.9248 9.38116 16.8889
      vertex -27.8286 8.89275 16.9477
      vertex -27.9864 9.32288 17.0302
    endloop
  endfacet
  facet normal -0.855727 -0.224523 -0.466177
    outer loop
      vertex -27.8286 8.89275 16.9477
      vertex -27.9957 9.3141 17.0515
      vertex -27.9864 9.32288 17.0302
    endloop
  endfacet
  facet normal -0.855803 -0.224596 -0.466002
    outer loop
      vertex -27.9957 9.3141 17.0515
      vertex -27.8286 8.89275 16.9477
      vertex -27.9081 8.89275 17.0937
    endloop
  endfacet
  facet normal -0.955107 -0.224601 0.193198
    outer loop
      vertex -27.8263 7.89275 18.0313
      vertex -27.7979 7.89275 18.1717
      vertex -27.9404 8.39275 18.0485
    endloop
  endfacet
  facet normal -0.607355 -0.224777 0.761968
    outer loop
      vertex -27.2035 6.89275 18.7212
      vertex -27.1769 7.39275 18.8899
      vertex -27.2799 7.39275 18.8078
    endloop
  endfacet
  facet normal -0.608149 -0.224544 0.761403
    outer loop
      vertex -27.1096 6.89275 18.7962
      vertex -27.1769 7.39275 18.8899
      vertex -27.2035 6.89275 18.7212
    endloop
  endfacet
  facet normal -0.60685 -0.224689 -0.762396
    outer loop
      vertex -27.4465 9.39275 16.3696
      vertex -27.5343 9.75034 16.3341
      vertex -27.4991 9.78353 16.2963
    endloop
  endfacet
  facet normal -0.607633 -0.224815 -0.761735
    outer loop
      vertex -27.5343 9.75034 16.3341
      vertex -27.4465 9.39275 16.3696
      vertex -27.5854 9.39275 16.4804
    endloop
  endfacet
  facet normal 0.0240885 -0.222732 0.974582
    outer loop
      vertex -26.3843 5.39275 18.6763
      vertex -26.3329 5.89275 18.7893
      vertex -26.43 5.89275 18.7917
    endloop
  endfacet
  facet normal 0 -0.224888 0.974385
    outer loop
      vertex -26.4271 5.39275 18.6763
      vertex -26.3843 5.39275 18.6763
      vertex -26.43 5.89275 18.7917
    endloop
  endfacet
  facet normal -0.0477511 -0.224894 0.973212
    outer loop
      vertex -26.4271 5.39275 18.6763
      vertex -26.43 5.89275 18.7917
      vertex -26.4699 5.39275 18.6742
    endloop
  endfacet
  facet normal 0.0240774 -0.22469 0.974133
    outer loop
      vertex -26.43 5.89275 18.7917
      vertex -26.3329 5.89275 18.7893
      vertex -26.4329 6.39275 18.9071
    endloop
  endfacet
  facet normal -0.955219 -0.22457 -0.192681
    outer loop
      vertex -27.9098 8.39275 17.4342
      vertex -27.9404 8.39275 17.5859
      vertex -28.0216 8.89275 17.4057
    endloop
  endfacet
  facet normal -0.855786 -0.224695 0.465986
    outer loop
      vertex -27.5961 7.39275 18.3904
      vertex -27.5331 7.39275 18.5061
      vertex -27.6316 7.89275 18.5663
    endloop
  endfacet
  facet normal -0.855785 -0.224695 0.465988
    outer loop
      vertex -27.5961 7.39275 18.3904
      vertex -27.6316 7.89275 18.5663
      vertex -27.7001 7.89275 18.4405
    endloop
  endfacet
  facet normal -0.898018 -0.224689 0.378256
    outer loop
      vertex -27.5961 7.39275 18.3904
      vertex -27.7001 7.89275 18.4405
      vertex -27.7557 7.89275 18.3085
    endloop
  endfacet
  facet normal -0.264119 -0.229439 -0.936802
    outer loop
      vertex -26.8281 9.89275 15.9664
      vertex -26.9633 10.2901 15.9072
      vertex -26.9329 10.3188 15.8916
    endloop
  endfacet
  facet normal -0.263797 -0.229346 -0.936916
    outer loop
      vertex -26.9633 10.2901 15.9072
      vertex -26.8281 9.89275 15.9664
      vertex -27.0103 9.89275 16.0177
    endloop
  endfacet
  facet normal -0.240035 -0.224843 -0.944367
    outer loop
      vertex -26.9329 10.3188 15.8916
      vertex -26.8538 10.3927 15.8539
      vertex -26.8281 9.89275 15.9664
    endloop
  endfacet
  facet normal -0.209651 -0.256886 -0.943428
    outer loop
      vertex -26.8538 10.3927 15.8539
      vertex -26.9329 10.3188 15.8916
      vertex -26.8547 10.3927 15.8541
    endloop
  endfacet
  facet normal -0.193147 -0.224839 -0.955061
    outer loop
      vertex -26.7554 10.3927 15.834
      vertex -26.8281 9.89275 15.9664
      vertex -26.8538 10.3927 15.8539
    endloop
  endfacet
  facet normal -0.355884 -0.2246 0.907139
    outer loop
      vertex -26.8542 6.39275 18.811
      vertex -26.7897 6.89275 18.9601
      vertex -26.9016 6.89275 18.9162
    endloop
  endfacet
  facet normal -0.444198 -0.224594 0.867321
    outer loop
      vertex -26.8542 6.39275 18.811
      vertex -26.9016 6.89275 18.9162
      vertex -27.0086 6.89275 18.8614
    endloop
  endfacet
  facet normal -0.355866 -0.224604 0.907145
    outer loop
      vertex -26.753 6.39275 18.8507
      vertex -26.7897 6.89275 18.9601
      vertex -26.8542 6.39275 18.811
    endloop
  endfacet
  facet normal -0.807846 -0.226536 -0.544119
    outer loop
      vertex -27.7349 8.89275 16.8103
      vertex -27.9248 9.38116 16.8889
      vertex -27.9232 9.38266 16.8859
    endloop
  endfacet
  facet normal -0.805056 -0.224664 -0.549009
    outer loop
      vertex -27.9248 9.38116 16.8889
      vertex -27.7349 8.89275 16.8103
      vertex -27.8286 8.89275 16.9477
    endloop
  endfacet
  facet normal -0.969649 -0.224598 0.0966247
    outer loop
      vertex -27.8405 7.89275 17.8888
      vertex -27.8263 7.89275 18.0313
      vertex -27.9404 8.39275 18.0485
    endloop
  endfacet
  facet normal -0.969594 -0.224694 0.0969594
    outer loop
      vertex -27.8405 7.89275 17.8888
      vertex -27.9404 8.39275 18.0485
      vertex -27.9558 8.39275 17.8945
    endloop
  endfacet
  facet normal -0.680476 -0.224642 0.697488
    outer loop
      vertex -27.2896 6.89275 18.6373
      vertex -27.2799 7.39275 18.8078
      vertex -27.3742 7.39275 18.7158
    endloop
  endfacet
  facet normal -0.680038 -0.224781 0.69787
    outer loop
      vertex -27.2035 6.89275 18.7212
      vertex -27.2799 7.39275 18.8078
      vertex -27.2896 6.89275 18.6373
    endloop
  endfacet
  facet normal -0.528788 -0.22456 -0.818508
    outer loop
      vertex -27.476 9.8054 16.2754
      vertex -27.3549 9.89275 16.1732
      vertex -27.2972 9.39275 16.2731
    endloop
  endfacet
  facet normal -0.527744 -0.226251 -0.818716
    outer loop
      vertex -27.3549 9.89275 16.1732
      vertex -27.476 9.8054 16.2754
      vertex -27.3836 9.89275 16.1917
    endloop
  endfacet
  facet normal -0.52895 -0.224702 -0.818365
    outer loop
      vertex -27.4991 9.78353 16.2963
      vertex -27.2972 9.39275 16.2731
      vertex -27.4465 9.39275 16.3696
    endloop
  endfacet
  facet normal -0.528391 -0.224387 -0.818812
    outer loop
      vertex -27.2972 9.39275 16.2731
      vertex -27.4991 9.78353 16.2963
      vertex -27.476 9.8054 16.2754
    endloop
  endfacet
  facet normal -0.0726114 -0.224619 0.971738
    outer loop
      vertex -26.5269 5.89275 18.7845
      vertex -26.4329 6.39275 18.9071
      vertex -26.5413 6.39275 18.899
    endloop
  endfacet
  facet normal -0.0976269 -0.224992 0.969457
    outer loop
      vertex -26.5126 5.39275 18.6699
      vertex -26.4699 5.39275 18.6742
      vertex -26.5269 5.89275 18.7845
    endloop
  endfacet
  facet normal -0.143203 -0.224994 0.963779
    outer loop
      vertex -26.5126 5.39275 18.6699
      vertex -26.5269 5.89275 18.7845
      vertex -26.555 5.39275 18.6636
    endloop
  endfacet
  facet normal -0.0722382 -0.222704 0.972206
    outer loop
      vertex -26.4699 5.39275 18.6742
      vertex -26.43 5.89275 18.7917
      vertex -26.5269 5.89275 18.7845
    endloop
  endfacet
  facet normal -0.0722043 -0.224699 0.97175
    outer loop
      vertex -26.43 5.89275 18.7917
      vertex -26.4329 6.39275 18.9071
      vertex -26.5269 5.89275 18.7845
    endloop
  endfacet
  facet normal -0.931216 -0.224512 -0.287109
    outer loop
      vertex -27.8642 8.39275 17.2863
      vertex -27.9098 8.39275 17.4342
      vertex -27.9726 8.89275 17.2469
    endloop
  endfacet
  facet normal -0.898098 -0.224752 0.37803
    outer loop
      vertex -27.6472 7.39275 18.269
      vertex -27.5961 7.39275 18.3904
      vertex -27.7557 7.89275 18.3085
    endloop
  endfacet
  facet normal -0.898113 -0.22468 0.378036
    outer loop
      vertex -27.5961 7.39275 18.3904
      vertex -27.6472 7.39275 18.269
      vertex -27.5387 6.89275 18.2296
    endloop
  endfacet
  facet normal -0.168772 -0.229323 -0.958607
    outer loop
      vertex -26.7554 10.3927 15.834
      vertex -26.6418 9.89275 15.9336
      vertex -26.8281 9.89275 15.9664
    endloop
  endfacet
  facet normal -0.145533 -0.225003 -0.963428
    outer loop
      vertex -26.6561 10.3927 15.819
      vertex -26.6418 9.89275 15.9336
      vertex -26.7554 10.3927 15.834
    endloop
  endfacet
  facet normal -0.0970482 -0.22501 -0.969511
    outer loop
      vertex -26.5562 10.3927 15.809
      vertex -26.6418 9.89275 15.9336
      vertex -26.6561 10.3927 15.819
    endloop
  endfacet
  facet normal -0.444718 -0.224725 0.867021
    outer loop
      vertex -26.9509 6.39275 18.7614
      vertex -26.8542 6.39275 18.811
      vertex -27.0086 6.89275 18.8614
    endloop
  endfacet
  facet normal -0.746512 -0.224664 -0.626296
    outer loop
      vertex -27.6281 8.89275 16.683
      vertex -27.7349 8.89275 16.8103
      vertex -27.8269 9.39275 16.7406
    endloop
  endfacet
  facet normal -0.680209 -0.224638 -0.697749
    outer loop
      vertex -27.5854 9.39275 16.4804
      vertex -27.6281 8.89275 16.683
      vertex -27.7127 9.39275 16.6045
    endloop
  endfacet
  facet normal -0.74647 -0.22464 -0.626354
    outer loop
      vertex -27.7127 9.39275 16.6045
      vertex -27.6281 8.89275 16.683
      vertex -27.8269 9.39275 16.7406
    endloop
  endfacet
  facet normal -0.974427 -0.224703 0
    outer loop
      vertex -27.8405 7.89275 17.7456
      vertex -27.9558 8.39275 17.8945
      vertex -27.9558 8.39275 17.7398
    endloop
  endfacet
  facet normal -0.974427 -0.224703 0
    outer loop
      vertex -27.9558 8.39275 17.8945
      vertex -27.8405 7.89275 17.7456
      vertex -27.8405 7.89275 17.8888
    endloop
  endfacet
  facet normal -0.969583 -0.224711 -0.0970213
    outer loop
      vertex -27.9404 8.39275 17.5859
      vertex -27.8405 7.89275 17.7456
      vertex -27.9558 8.39275 17.7398
    endloop
  endfacet
  facet normal -0.74639 -0.224642 0.626449
    outer loop
      vertex -27.3669 6.89275 18.5452
      vertex -27.2896 6.89275 18.6373
      vertex -27.3742 7.39275 18.7158
    endloop
  endfacet
  facet normal -0.746335 -0.224661 0.626507
    outer loop
      vertex -27.3669 6.89275 18.5452
      vertex -27.3742 7.39275 18.7158
      vertex -27.4589 7.39275 18.6149
    endloop
  endfacet
  facet normal -0.444818 -0.224671 -0.866983
    outer loop
      vertex -27.1865 9.89275 16.0868
      vertex -27.139 9.39275 16.192
      vertex -27.3549 9.89275 16.1732
    endloop
  endfacet
  facet normal -0.44454 -0.224558 -0.867155
    outer loop
      vertex -27.139 9.39275 16.192
      vertex -27.2972 9.39275 16.2731
      vertex -27.3549 9.89275 16.1732
    endloop
  endfacet
  facet normal -0.355763 -0.224666 -0.90717
    outer loop
      vertex -27.0103 9.89275 16.0177
      vertex -27.139 9.39275 16.192
      vertex -27.1865 9.89275 16.0868
    endloop
  endfacet
  facet normal -0.169367 -0.222629 0.960079
    outer loop
      vertex -26.555 5.39275 18.6636
      vertex -26.5269 5.89275 18.7845
      vertex -26.6227 5.89275 18.7676
    endloop
  endfacet
  facet normal -0.169499 -0.224588 0.959599
    outer loop
      vertex -26.6227 5.89275 18.7676
      vertex -26.5413 6.39275 18.899
      vertex -26.6483 6.39275 18.8801
    endloop
  endfacet
  facet normal -0.169287 -0.22463 0.959627
    outer loop
      vertex -26.5269 5.89275 18.7845
      vertex -26.5413 6.39275 18.899
      vertex -26.6227 5.89275 18.7676
    endloop
  endfacet
  facet normal -0.193282 -0.224818 0.955039
    outer loop
      vertex -26.597 5.39275 18.6551
      vertex -26.555 5.39275 18.6636
      vertex -26.6227 5.89275 18.7676
    endloop
  endfacet
  facet normal -0.241141 -0.224815 0.944092
    outer loop
      vertex -26.597 5.39275 18.6551
      vertex -26.6227 5.89275 18.7676
      vertex -26.6385 5.39275 18.6445
    endloop
  endfacet
  facet normal -0.897884 -0.224502 -0.378686
    outer loop
      vertex -27.8041 8.39275 17.1438
      vertex -27.8642 8.39275 17.2863
      vertex -27.9726 8.89275 17.2469
    endloop
  endfacet
  facet normal -0.931136 -0.224744 0.287187
    outer loop
      vertex -27.686 7.39275 18.1432
      vertex -27.6472 7.39275 18.269
      vertex -27.7557 7.89275 18.3085
    endloop
  endfacet
  facet normal -0.955071 -0.224757 0.193191
    outer loop
      vertex -27.686 7.39275 18.1432
      vertex -27.7979 7.89275 18.1717
      vertex -27.8263 7.89275 18.0313
    endloop
  endfacet
  facet normal -0.931119 -0.224757 0.287231
    outer loop
      vertex -27.686 7.39275 18.1432
      vertex -27.7557 7.89275 18.3085
      vertex -27.7979 7.89275 18.1717
    endloop
  endfacet
  facet normal -0.073 -0.229397 -0.970592
    outer loop
      vertex -26.5562 10.3927 15.809
      vertex -26.453 9.89275 15.9194
      vertex -26.6418 9.89275 15.9336
    endloop
  endfacet
  facet normal -0.048513 -0.224912 -0.973171
    outer loop
      vertex -26.4559 10.3927 15.804
      vertex -26.453 9.89275 15.9194
      vertex -26.5562 10.3927 15.809
    endloop
  endfacet
  facet normal -0 -0.224909 -0.97438
    outer loop
      vertex -26.3555 10.3927 15.804
      vertex -26.453 9.89275 15.9194
      vertex -26.4559 10.3927 15.804
    endloop
  endfacet
  facet normal -0.528471 -0.224815 0.818643
    outer loop
      vertex -27.0422 6.39275 18.7024
      vertex -27.0086 6.89275 18.8614
      vertex -27.1096 6.89275 18.7962
    endloop
  endfacet
  facet normal -0.528874 -0.224714 0.81841
    outer loop
      vertex -26.9509 6.39275 18.7614
      vertex -27.0086 6.89275 18.8614
      vertex -27.0422 6.39275 18.7024
    endloop
  endfacet
  facet normal -0.680504 -0.224513 -0.697502
    outer loop
      vertex -27.5854 9.39275 16.4804
      vertex -27.5091 8.89275 16.5669
      vertex -27.6281 8.89275 16.683
    endloop
  endfacet
  facet normal -0.969649 -0.224598 -0.0966247
    outer loop
      vertex -27.8263 7.89275 17.6031
      vertex -27.8405 7.89275 17.7456
      vertex -27.9404 8.39275 17.5859
    endloop
  endfacet
  facet normal -0.805124 -0.224661 0.548911
    outer loop
      vertex -27.4346 6.89275 18.4459
      vertex -27.3669 6.89275 18.5452
      vertex -27.4589 7.39275 18.6149
    endloop
  endfacet
  facet normal -0.855786 -0.224695 0.465986
    outer loop
      vertex -27.4346 6.89275 18.4459
      vertex -27.5331 7.39275 18.5061
      vertex -27.5961 7.39275 18.3904
    endloop
  endfacet
  facet normal -0.805037 -0.224695 0.549024
    outer loop
      vertex -27.4346 6.89275 18.4459
      vertex -27.4589 7.39275 18.6149
      vertex -27.5331 7.39275 18.5061
    endloop
  endfacet
  facet normal -0.355937 -0.224603 -0.907118
    outer loop
      vertex -27.0103 9.89275 16.0177
      vertex -26.9736 9.39275 16.1271
      vertex -27.139 9.39275 16.192
    endloop
  endfacet
  facet normal -0.286875 -0.224861 0.931204
    outer loop
      vertex -26.6794 5.39275 18.6319
      vertex -26.6385 5.39275 18.6445
      vertex -26.7162 5.89275 18.7413
    endloop
  endfacet
  facet normal -0.333903 -0.224863 0.915394
    outer loop
      vertex -26.6794 5.39275 18.6319
      vertex -26.7162 5.89275 18.7413
      vertex -26.7197 5.39275 18.6172
    endloop
  endfacet
  facet normal -0.263854 -0.224662 0.938034
    outer loop
      vertex -26.7162 5.89275 18.7413
      vertex -26.6227 5.89275 18.7676
      vertex -26.753 6.39275 18.8507
    endloop
  endfacet
  facet normal -0.263975 -0.222709 0.938466
    outer loop
      vertex -26.6385 5.39275 18.6445
      vertex -26.6227 5.89275 18.7676
      vertex -26.7162 5.89275 18.7413
    endloop
  endfacet
  facet normal -0.855784 -0.224695 -0.46599
    outer loop
      vertex -27.7301 8.39275 17.0079
      vertex -27.8041 8.39275 17.1438
      vertex -27.9081 8.89275 17.0937
    endloop
  endfacet
  facet normal -0.855783 -0.224695 -0.465991
    outer loop
      vertex -27.8286 8.89275 16.9477
      vertex -27.7301 8.39275 17.0079
      vertex -27.9081 8.89275 17.0937
    endloop
  endfacet
  facet normal -0.955086 -0.224784 0.193089
    outer loop
      vertex -27.7121 7.39275 18.0141
      vertex -27.686 7.39275 18.1432
      vertex -27.8263 7.89275 18.0313
    endloop
  endfacet
  facet normal 0.0241848 -0.229319 -0.973051
    outer loop
      vertex -26.3555 10.3927 15.804
      vertex -26.2639 9.89275 15.9241
      vertex -26.453 9.89275 15.9194
    endloop
  endfacet
  facet normal 0.0485132 -0.224892 -0.973175
    outer loop
      vertex -26.2552 10.3927 15.809
      vertex -26.2639 9.89275 15.9241
      vertex -26.3555 10.3927 15.804
    endloop
  endfacet
  facet normal 0.0970507 -0.224899 -0.969537
    outer loop
      vertex -26.2552 10.3927 15.809
      vertex -26.1553 10.3927 15.819
      vertex -26.2639 9.89275 15.9241
    endloop
  endfacet
  facet normal -0.608152 -0.224527 0.761406
    outer loop
      vertex -27.1272 6.39275 18.6347
      vertex -27.1096 6.89275 18.7962
      vertex -27.2035 6.89275 18.7212
    endloop
  endfacet
  facet normal -0.607062 -0.224819 0.76219
    outer loop
      vertex -27.0422 6.39275 18.7024
      vertex -27.1096 6.89275 18.7962
      vertex -27.1272 6.39275 18.6347
    endloop
  endfacet
  facet normal -0.607655 -0.224666 -0.761762
    outer loop
      vertex -27.4465 9.39275 16.3696
      vertex -27.3791 8.89275 16.4633
      vertex -27.5854 9.39275 16.4804
    endloop
  endfacet
  facet normal -0.607316 -0.224516 -0.762076
    outer loop
      vertex -27.3791 8.89275 16.4633
      vertex -27.5091 8.89275 16.5669
      vertex -27.5854 9.39275 16.4804
    endloop
  endfacet
  facet normal -0.955107 -0.224601 -0.193198
    outer loop
      vertex -27.7979 7.89275 17.4627
      vertex -27.8263 7.89275 17.6031
      vertex -27.9404 8.39275 17.5859
    endloop
  endfacet
  facet normal -0.955178 -0.224751 -0.192673
    outer loop
      vertex -27.9098 8.39275 17.4342
      vertex -27.7979 7.89275 17.4627
      vertex -27.9404 8.39275 17.5859
    endloop
  endfacet
  facet normal -0.855787 -0.224695 0.465983
    outer loop
      vertex -27.4921 6.89275 18.3403
      vertex -27.4346 6.89275 18.4459
      vertex -27.5961 7.39275 18.3904
    endloop
  endfacet
  facet normal -0.263717 -0.22461 -0.938085
    outer loop
      vertex -26.8025 9.39275 16.079
      vertex -26.9736 9.39275 16.1271
      vertex -27.0103 9.89275 16.0177
    endloop
  endfacet
  facet normal -0.264087 -0.224747 -0.937948
    outer loop
      vertex -26.8281 9.89275 15.9664
      vertex -26.8025 9.39275 16.079
      vertex -27.0103 9.89275 16.0177
    endloop
  endfacet
  facet normal -0.355861 -0.224667 0.907132
    outer loop
      vertex -26.8067 5.89275 18.7058
      vertex -26.753 6.39275 18.8507
      vertex -26.8542 6.39275 18.811
    endloop
  endfacet
  facet normal -0.355999 -0.222761 0.907547
    outer loop
      vertex -26.7197 5.39275 18.6172
      vertex -26.7162 5.89275 18.7413
      vertex -26.8067 5.89275 18.7058
    endloop
  endfacet
  facet normal -0.355839 -0.224672 0.907139
    outer loop
      vertex -26.7162 5.89275 18.7413
      vertex -26.753 6.39275 18.8507
      vertex -26.8067 5.89275 18.7058
    endloop
  endfacet
  facet normal -0.377509 -0.224863 0.898289
    outer loop
      vertex -26.7592 5.39275 18.6006
      vertex -26.7197 5.39275 18.6172
      vertex -26.8067 5.89275 18.7058
    endloop
  endfacet
  facet normal -0.422978 -0.224871 0.877794
    outer loop
      vertex -26.7978 5.39275 18.582
      vertex -26.7592 5.39275 18.6006
      vertex -26.8067 5.89275 18.7058
    endloop
  endfacet
  facet normal -0.805057 -0.224662 -0.549009
    outer loop
      vertex -27.7349 8.89275 16.8103
      vertex -27.6429 8.39275 16.88
      vertex -27.8286 8.89275 16.9477
    endloop
  endfacet
  facet normal -0.805113 -0.224696 -0.548912
    outer loop
      vertex -27.6429 8.39275 16.88
      vertex -27.7301 8.39275 17.0079
      vertex -27.8286 8.89275 16.9477
    endloop
  endfacet
  facet normal -0.969505 -0.224793 0.097616
    outer loop
      vertex -27.7253 7.39275 17.883
      vertex -27.7121 7.39275 18.0141
      vertex -27.8263 7.89275 18.0313
    endloop
  endfacet
  facet normal -0.969664 -0.224532 0.0966262
    outer loop
      vertex -27.7253 7.39275 17.883
      vertex -27.8263 7.89275 18.0313
      vertex -27.8405 7.89275 17.8888
    endloop
  endfacet
  facet normal 0.12136 -0.229381 -0.965741
    outer loop
      vertex -26.1553 10.3927 15.819
      vertex -26.0761 9.89275 15.9477
      vertex -26.2639 9.89275 15.9241
    endloop
  endfacet
  facet normal 0.145534 -0.224959 -0.963438
    outer loop
      vertex -26.056 10.3927 15.834
      vertex -26.0761 9.89275 15.9477
      vertex -26.1553 10.3927 15.819
    endloop
  endfacet
  facet normal 0.193142 -0.224961 -0.955033
    outer loop
      vertex -26.056 10.3927 15.834
      vertex -25.9576 10.3927 15.8539
      vertex -26.0761 9.89275 15.9477
    endloop
  endfacet
  facet normal -0.680485 -0.224513 0.69752
    outer loop
      vertex -27.1272 6.39275 18.6347
      vertex -27.2035 6.89275 18.7212
      vertex -27.205 6.39275 18.5588
    endloop
  endfacet
  facet normal -0.680061 -0.224636 0.697894
    outer loop
      vertex -27.205 6.39275 18.5588
      vertex -27.2035 6.89275 18.7212
      vertex -27.2896 6.89275 18.6373
    endloop
  endfacet
  facet normal -0.528829 -0.224664 -0.818453
    outer loop
      vertex -27.2395 8.89275 16.3731
      vertex -27.3791 8.89275 16.4633
      vertex -27.4465 9.39275 16.3696
    endloop
  endfacet
  facet normal -0.528948 -0.224713 -0.818363
    outer loop
      vertex -27.2972 9.39275 16.2731
      vertex -27.2395 8.89275 16.3731
      vertex -27.4465 9.39275 16.3696
    endloop
  endfacet
  facet normal -0.444523 -0.224722 -0.867121
    outer loop
      vertex -27.139 9.39275 16.192
      vertex -27.2395 8.89275 16.3731
      vertex -27.2972 9.39275 16.2731
    endloop
  endfacet
  facet normal -0.931178 -0.224759 -0.287039
    outer loop
      vertex -27.7557 7.89275 17.3258
      vertex -27.7979 7.89275 17.4627
      vertex -27.9098 8.39275 17.4342
    endloop
  endfacet
  facet normal -0.931165 -0.224743 -0.287093
    outer loop
      vertex -27.8642 8.39275 17.2863
      vertex -27.7557 7.89275 17.3258
      vertex -27.9098 8.39275 17.4342
    endloop
  endfacet
  facet normal -0.898101 -0.224687 0.378062
    outer loop
      vertex -27.5387 6.89275 18.2296
      vertex -27.4921 6.89275 18.3403
      vertex -27.5961 7.39275 18.3904
    endloop
  endfacet
  facet normal -0.898101 -0.224687 0.378062
    outer loop
      vertex -27.4921 6.89275 18.3403
      vertex -27.5387 6.89275 18.2296
      vertex -27.3881 6.39275 18.2902
    endloop
  endfacet
  facet normal -0.169339 -0.224769 -0.959585
    outer loop
      vertex -26.6274 9.39275 16.0481
      vertex -26.8025 9.39275 16.079
      vertex -26.8281 9.89275 15.9664
    endloop
  endfacet
  facet normal -0.168962 -0.224634 -0.959683
    outer loop
      vertex -26.6418 9.89275 15.9336
      vertex -26.6274 9.39275 16.0481
      vertex -26.8281 9.89275 15.9664
    endloop
  endfacet
  facet normal -0.444976 -0.224669 0.866902
    outer loop
      vertex -26.8067 5.89275 18.7058
      vertex -26.8542 6.39275 18.811
      vertex -26.8932 5.89275 18.6614
    endloop
  endfacet
  facet normal -0.444718 -0.224725 0.867021
    outer loop
      vertex -26.8932 5.89275 18.6614
      vertex -26.8542 6.39275 18.811
      vertex -26.9509 6.39275 18.7614
    endloop
  endfacet
  facet normal -0.445186 -0.22267 0.86731
    outer loop
      vertex -26.7978 5.39275 18.582
      vertex -26.8067 5.89275 18.7058
      vertex -26.8932 5.89275 18.6614
    endloop
  endfacet
  facet normal -0.466431 -0.224849 0.855503
    outer loop
      vertex -26.8354 5.39275 18.5615
      vertex -26.7978 5.39275 18.582
      vertex -26.8932 5.89275 18.6614
    endloop
  endfacet
  facet normal -0.508648 -0.224852 0.831095
    outer loop
      vertex -26.872 5.39275 18.5391
      vertex -26.8354 5.39275 18.5615
      vertex -26.8932 5.89275 18.6614
    endloop
  endfacet
  facet normal -0.746255 -0.224659 -0.626603
    outer loop
      vertex -27.5434 8.39275 16.7615
      vertex -27.6429 8.39275 16.88
      vertex -27.7349 8.89275 16.8103
    endloop
  endfacet
  facet normal -0.746491 -0.224781 -0.626278
    outer loop
      vertex -27.6281 8.89275 16.683
      vertex -27.5434 8.39275 16.7615
      vertex -27.7349 8.89275 16.8103
    endloop
  endfacet
  facet normal -0.680462 -0.224771 -0.697459
    outer loop
      vertex -27.5091 8.89275 16.5669
      vertex -27.5434 8.39275 16.7615
      vertex -27.6281 8.89275 16.683
    endloop
  endfacet
  facet normal -0.97447 -0.224518 0
    outer loop
      vertex -27.7253 7.39275 17.7513
      vertex -27.8405 7.89275 17.8888
      vertex -27.8405 7.89275 17.7456
    endloop
  endfacet
  facet normal -0.97447 -0.224518 0
    outer loop
      vertex -27.8405 7.89275 17.8888
      vertex -27.7253 7.39275 17.7513
      vertex -27.7253 7.39275 17.883
    endloop
  endfacet
  facet normal 0.287371 -0.22489 -0.931044
    outer loop
      vertex -25.8603 10.3927 15.8787
      vertex -25.7644 10.3927 15.9083
      vertex -25.8916 9.89275 15.9898
    endloop
  endfacet
  facet normal 0.216535 -0.229365 -0.948949
    outer loop
      vertex -25.9576 10.3927 15.8539
      vertex -25.8916 9.89275 15.9898
      vertex -26.0761 9.89275 15.9477
    endloop
  endfacet
  facet normal 0.240659 -0.224888 -0.944197
    outer loop
      vertex -25.8603 10.3927 15.8787
      vertex -25.8916 9.89275 15.9898
      vertex -25.9576 10.3927 15.8539
    endloop
  endfacet
  facet normal -0.746895 -0.224633 0.62585
    outer loop
      vertex -27.2748 6.39275 18.4755
      vertex -27.205 6.39275 18.5588
      vertex -27.2896 6.89275 18.6373
    endloop
  endfacet
  facet normal -0.805095 -0.224814 0.548891
    outer loop
      vertex -27.2748 6.39275 18.4755
      vertex -27.3669 6.89275 18.5452
      vertex -27.4346 6.89275 18.4459
    endloop
  endfacet
  facet normal -0.746361 -0.224803 0.626425
    outer loop
      vertex -27.2748 6.39275 18.4755
      vertex -27.2896 6.89275 18.6373
      vertex -27.3669 6.89275 18.5452
    endloop
  endfacet
  facet normal -0.355917 -0.22484 -0.907067
    outer loop
      vertex -26.9736 9.39275 16.1271
      vertex -27.0915 8.89275 16.2973
      vertex -27.139 9.39275 16.192
    endloop
  endfacet
  facet normal -0.444181 -0.224843 -0.867265
    outer loop
      vertex -27.139 9.39275 16.192
      vertex -27.0915 8.89275 16.2973
      vertex -27.2395 8.89275 16.3731
    endloop
  endfacet
  facet normal -0.855784 -0.224695 -0.46599
    outer loop
      vertex -27.7301 8.39275 17.0079
      vertex -27.7001 7.89275 17.1939
      vertex -27.8041 8.39275 17.1438
    endloop
  endfacet
  facet normal -0.897904 -0.224746 -0.378495
    outer loop
      vertex -27.7001 7.89275 17.1939
      vertex -27.7557 7.89275 17.3258
      vertex -27.8642 8.39275 17.2863
    endloop
  endfacet
  facet normal -0.897843 -0.224694 -0.378669
    outer loop
      vertex -27.8041 8.39275 17.1438
      vertex -27.7001 7.89275 17.1939
      vertex -27.8642 8.39275 17.2863
    endloop
  endfacet
  facet normal -0.955133 -0.224574 0.193098
    outer loop
      vertex -27.5742 6.89275 18.1147
      vertex -27.686 7.39275 18.1432
      vertex -27.7121 7.39275 18.0141
    endloop
  endfacet
  facet normal -0.931005 -0.224695 0.287647
    outer loop
      vertex -27.5742 6.89275 18.1147
      vertex -27.5387 6.89275 18.2296
      vertex -27.6472 7.39275 18.269
    endloop
  endfacet
  facet normal -0.931172 -0.22458 0.287198
    outer loop
      vertex -27.5742 6.89275 18.1147
      vertex -27.6472 7.39275 18.269
      vertex -27.686 7.39275 18.1432
    endloop
  endfacet
  facet normal -0.0730826 -0.224675 -0.971689
    outer loop
      vertex -26.453 9.89275 15.9194
      vertex -26.4502 9.39275 16.0348
      vertex -26.6418 9.89275 15.9336
    endloop
  endfacet
  facet normal -0.0729333 -0.224623 -0.971713
    outer loop
      vertex -26.4502 9.39275 16.0348
      vertex -26.6274 9.39275 16.0481
      vertex -26.6418 9.89275 15.9336
    endloop
  endfacet
  facet normal -0.52865 -0.224717 0.818555
    outer loop
      vertex -26.8932 5.89275 18.6614
      vertex -26.9509 6.39275 18.7614
      vertex -26.9748 5.89275 18.6087
    endloop
  endfacet
  facet normal -0.528896 -0.222737 0.818936
    outer loop
      vertex -26.872 5.39275 18.5391
      vertex -26.8932 5.89275 18.6614
      vertex -26.9748 5.89275 18.6087
    endloop
  endfacet
  facet normal -0.52888 -0.224665 0.81842
    outer loop
      vertex -26.9748 5.89275 18.6087
      vertex -26.9509 6.39275 18.7614
      vertex -27.0422 6.39275 18.7024
    endloop
  endfacet
  facet normal -0.548346 -0.224859 0.805454
    outer loop
      vertex -26.9074 5.39275 18.515
      vertex -26.872 5.39275 18.5391
      vertex -26.9748 5.89275 18.6087
    endloop
  endfacet
  facet normal -0.588262 -0.224866 0.776778
    outer loop
      vertex -26.9416 5.39275 18.4891
      vertex -26.9074 5.39275 18.515
      vertex -26.9748 5.89275 18.6087
    endloop
  endfacet
  facet normal -0.607082 -0.224674 0.762216
    outer loop
      vertex -26.9748 5.89275 18.6087
      vertex -27.0422 6.39275 18.7024
      vertex -27.1272 6.39275 18.6347
    endloop
  endfacet
  facet normal -0.680454 -0.224774 -0.697466
    outer loop
      vertex -27.5091 8.89275 16.5669
      vertex -27.4327 8.39275 16.6535
      vertex -27.5434 8.39275 16.7615
    endloop
  endfacet
  facet normal -0.955066 -0.224783 -0.19319
    outer loop
      vertex -27.7979 7.89275 17.4627
      vertex -27.7121 7.39275 17.6203
      vertex -27.8263 7.89275 17.6031
    endloop
  endfacet
  facet normal -0.969607 -0.224782 -0.0966205
    outer loop
      vertex -27.8263 7.89275 17.6031
      vertex -27.7121 7.39275 17.6203
      vertex -27.8405 7.89275 17.7456
    endloop
  endfacet
  facet normal -0.969564 -0.224501 -0.0976965
    outer loop
      vertex -27.7121 7.39275 17.6203
      vertex -27.7253 7.39275 17.7513
      vertex -27.8405 7.89275 17.7456
    endloop
  endfacet
  facet normal 0.332747 -0.224999 -0.915781
    outer loop
      vertex -25.67 10.3927 15.9426
      vertex -25.7122 9.89275 16.0501
      vertex -25.7644 10.3927 15.9083
    endloop
  endfacet
  facet normal 0.37854 -0.225003 -0.89782
    outer loop
      vertex -25.67 10.3927 15.9426
      vertex -25.5775 10.3927 15.9816
      vertex -25.7122 9.89275 16.0501
    endloop
  endfacet
  facet normal 0.310115 -0.229305 -0.922631
    outer loop
      vertex -25.7644 10.3927 15.9083
      vertex -25.7122 9.89275 16.0501
      vertex -25.8916 9.89275 15.9898
    endloop
  endfacet
  facet normal -0.804797 -0.22469 0.549377
    outer loop
      vertex -27.3361 6.39275 18.3857
      vertex -27.2748 6.39275 18.4755
      vertex -27.4346 6.89275 18.4459
    endloop
  endfacet
  facet normal -0.804797 -0.22469 0.549377
    outer loop
      vertex -27.2748 6.39275 18.4755
      vertex -27.3361 6.39275 18.3857
      vertex -27.2376 5.89275 18.3255
    endloop
  endfacet
  facet normal -0.855788 -0.224694 0.465983
    outer loop
      vertex -27.3361 6.39275 18.3857
      vertex -27.4346 6.89275 18.4459
      vertex -27.4921 6.89275 18.3403
    endloop
  endfacet
  facet normal -0.356432 -0.224665 -0.906908
    outer loop
      vertex -26.9736 9.39275 16.1271
      vertex -26.9368 8.89275 16.2365
      vertex -27.0915 8.89275 16.2973
    endloop
  endfacet
  facet normal -0.855785 -0.224695 -0.465988
    outer loop
      vertex -27.6316 7.89275 17.0681
      vertex -27.7001 7.89275 17.1939
      vertex -27.7301 8.39275 17.0079
    endloop
  endfacet
  facet normal -0.805113 -0.224696 -0.548912
    outer loop
      vertex -27.6429 8.39275 16.88
      vertex -27.6316 7.89275 17.0681
      vertex -27.7301 8.39275 17.0079
    endloop
  endfacet
  facet normal -0.955208 -0.224699 0.192582
    outer loop
      vertex -27.4838 6.39275 17.9797
      vertex -27.5742 6.89275 18.1147
      vertex -27.7121 7.39275 18.0141
    endloop
  endfacet
  facet normal 0.0241203 -0.224694 -0.974131
    outer loop
      vertex -26.2725 9.39275 16.0392
      vertex -26.4502 9.39275 16.0348
      vertex -26.453 9.89275 15.9194
    endloop
  endfacet
  facet normal 0.0242117 -0.224663 -0.974136
    outer loop
      vertex -26.2639 9.89275 15.9241
      vertex -26.2725 9.39275 16.0392
      vertex -26.453 9.89275 15.9194
    endloop
  endfacet
  facet normal -0.607785 -0.222685 0.762239
    outer loop
      vertex -26.9416 5.39275 18.4891
      vertex -26.9748 5.89275 18.6087
      vertex -27.0508 5.89275 18.5481
    endloop
  endfacet
  facet normal -0.607486 -0.224779 0.761863
    outer loop
      vertex -27.0508 5.89275 18.5481
      vertex -26.9748 5.89275 18.6087
      vertex -27.1272 6.39275 18.6347
    endloop
  endfacet
  facet normal -0.62603 -0.224834 0.746683
    outer loop
      vertex -26.9744 5.39275 18.4616
      vertex -26.9416 5.39275 18.4891
      vertex -27.0508 5.89275 18.5481
    endloop
  endfacet
  facet normal -0.663552 -0.224834 0.713546
    outer loop
      vertex -27.0058 5.39275 18.4324
      vertex -26.9744 5.39275 18.4616
      vertex -27.0508 5.89275 18.5481
    endloop
  endfacet
  facet normal -0.607294 -0.224671 -0.762048
    outer loop
      vertex -27.3791 8.89275 16.4633
      vertex -27.3117 8.39275 16.557
      vertex -27.5091 8.89275 16.5669
    endloop
  endfacet
  facet normal -0.607556 -0.22478 -0.761807
    outer loop
      vertex -27.3117 8.39275 16.557
      vertex -27.4327 8.39275 16.6535
      vertex -27.5091 8.89275 16.5669
    endloop
  endfacet
  facet normal -0.955092 -0.224756 -0.19309
    outer loop
      vertex -27.686 7.39275 17.4912
      vertex -27.7121 7.39275 17.6203
      vertex -27.7979 7.89275 17.4627
    endloop
  endfacet
  facet normal -0.955141 -0.224538 -0.1931
    outer loop
      vertex -27.7121 7.39275 17.6203
      vertex -27.686 7.39275 17.4912
      vertex -27.5742 6.89275 17.5196
    endloop
  endfacet
  facet normal -0.931178 -0.224759 -0.287039
    outer loop
      vertex -27.7557 7.89275 17.3258
      vertex -27.686 7.39275 17.4912
      vertex -27.7979 7.89275 17.4627
    endloop
  endfacet
  facet normal 0.422906 -0.224901 -0.877821
    outer loop
      vertex -25.487 10.3927 16.0252
      vertex -25.5397 9.89275 16.1279
      vertex -25.5775 10.3927 15.9816
    endloop
  endfacet
  facet normal 0.465768 -0.224906 -0.855849
    outer loop
      vertex -25.487 10.3927 16.0252
      vertex -25.3988 10.3927 16.0732
      vertex -25.5397 9.89275 16.1279
    endloop
  endfacet
  facet normal 0.400171 -0.229385 -0.887269
    outer loop
      vertex -25.5775 10.3927 15.9816
      vertex -25.5397 9.89275 16.1279
      vertex -25.7122 9.89275 16.0501
    endloop
  endfacet
  facet normal -0.855789 -0.224695 0.465979
    outer loop
      vertex -27.3881 6.39275 18.2902
      vertex -27.3361 6.39275 18.3857
      vertex -27.4921 6.89275 18.3403
    endloop
  endfacet
  facet normal -0.169345 -0.224619 -0.959619
    outer loop
      vertex -26.6274 9.39275 16.0481
      vertex -26.7768 8.89275 16.1915
      vertex -26.8025 9.39275 16.079
    endloop
  endfacet
  facet normal -0.263716 -0.224623 -0.938082
    outer loop
      vertex -26.8025 9.39275 16.079
      vertex -26.7768 8.89275 16.1915
      vertex -26.9736 9.39275 16.1271
    endloop
  endfacet
  facet normal -0.263824 -0.224661 -0.938043
    outer loop
      vertex -26.7768 8.89275 16.1915
      vertex -26.9368 8.89275 16.2365
      vertex -26.9736 9.39275 16.1271
    endloop
  endfacet
  facet normal -0.805193 -0.22466 -0.54881
    outer loop
      vertex -27.5509 7.89275 16.9497
      vertex -27.6316 7.89275 17.0681
      vertex -27.6429 8.39275 16.88
    endloop
  endfacet
  facet normal -0.805193 -0.22466 -0.54881
    outer loop
      vertex -27.6316 7.89275 17.0681
      vertex -27.5509 7.89275 16.9497
      vertex -27.4589 7.39275 17.0194
    endloop
  endfacet
  facet normal -0.969529 -0.224686 0.0976185
    outer loop
      vertex -27.61 6.89275 17.8773
      vertex -27.7121 7.39275 18.0141
      vertex -27.7253 7.39275 17.883
    endloop
  endfacet
  facet normal -0.969519 -0.224701 0.0976815
    outer loop
      vertex -27.61 6.89275 17.8773
      vertex -27.4838 6.39275 17.9797
      vertex -27.7121 7.39275 18.0141
    endloop
  endfacet
  facet normal 0.121134 -0.224659 -0.966879
    outer loop
      vertex -26.2639 9.89275 15.9241
      vertex -26.0961 9.39275 16.0613
      vertex -26.2725 9.39275 16.0392
    endloop
  endfacet
  facet normal 0.121501 -0.224531 -0.966863
    outer loop
      vertex -26.0761 9.89275 15.9477
      vertex -26.0961 9.39275 16.0613
      vertex -26.2639 9.89275 15.9241
    endloop
  endfacet
  facet normal -0.680243 -0.222809 0.698302
    outer loop
      vertex -27.0058 5.39275 18.4324
      vertex -27.0508 5.89275 18.5481
      vertex -27.1204 5.89275 18.4803
    endloop
  endfacet
  facet normal -0.680464 -0.224642 0.697498
    outer loop
      vertex -27.1204 5.89275 18.4803
      vertex -27.1272 6.39275 18.6347
      vertex -27.205 6.39275 18.5588
    endloop
  endfacet
  facet normal -0.697993 -0.225105 0.679804
    outer loop
      vertex -27.0357 5.39275 18.4017
      vertex -27.0058 5.39275 18.4324
      vertex -27.1204 5.89275 18.4803
    endloop
  endfacet
  facet normal -0.729729 -0.225107 0.645617
    outer loop
      vertex -27.0641 5.39275 18.3696
      vertex -27.0357 5.39275 18.4017
      vertex -27.1204 5.89275 18.4803
    endloop
  endfacet
  facet normal -0.679926 -0.224782 0.697978
    outer loop
      vertex -27.1204 5.89275 18.4803
      vertex -27.0508 5.89275 18.5481
      vertex -27.1272 6.39275 18.6347
    endloop
  endfacet
  facet normal -0.528398 -0.224659 -0.818733
    outer loop
      vertex -27.1817 8.39275 16.4731
      vertex -27.3117 8.39275 16.557
      vertex -27.3791 8.89275 16.4633
    endloop
  endfacet
  facet normal -0.52881 -0.224815 -0.818424
    outer loop
      vertex -27.2395 8.89275 16.3731
      vertex -27.1817 8.39275 16.4731
      vertex -27.3791 8.89275 16.4633
    endloop
  endfacet
  facet normal -0.444185 -0.224803 -0.867274
    outer loop
      vertex -27.0915 8.89275 16.2973
      vertex -27.1817 8.39275 16.4731
      vertex -27.2395 8.89275 16.3731
    endloop
  endfacet
  facet normal -0.931201 -0.224742 -0.286978
    outer loop
      vertex -27.6472 7.39275 17.3653
      vertex -27.686 7.39275 17.4912
      vertex -27.7557 7.89275 17.3258
    endloop
  endfacet
  facet normal -0.897904 -0.224746 -0.378495
    outer loop
      vertex -27.7001 7.89275 17.1939
      vertex -27.6472 7.39275 17.3653
      vertex -27.7557 7.89275 17.3258
    endloop
  endfacet
  facet normal 0.508009 -0.224929 -0.831465
    outer loop
      vertex -25.3132 10.3927 16.1255
      vertex -25.3758 9.89275 16.2225
      vertex -25.3988 10.3927 16.0732
    endloop
  endfacet
  facet normal 0.548962 -0.224925 -0.805015
    outer loop
      vertex -25.3132 10.3927 16.1255
      vertex -25.2302 10.3927 16.1821
      vertex -25.3758 9.89275 16.2225
    endloop
  endfacet
  facet normal 0.486564 -0.229361 -0.843
    outer loop
      vertex -25.3988 10.3927 16.0732
      vertex -25.3758 9.89275 16.2225
      vertex -25.5397 9.89275 16.1279
    endloop
  endfacet
  facet normal -0.897925 -0.224575 0.378546
    outer loop
      vertex -27.4303 6.39275 18.1901
      vertex -27.3881 6.39275 18.2902
      vertex -27.5387 6.89275 18.2296
    endloop
  endfacet
  facet normal -0.746292 -0.22466 -0.626559
    outer loop
      vertex -27.4588 7.89275 16.84
      vertex -27.5509 7.89275 16.9497
      vertex -27.6429 8.39275 16.88
    endloop
  endfacet
  facet normal -0.746258 -0.224644 -0.626605
    outer loop
      vertex -27.5434 8.39275 16.7615
      vertex -27.4588 7.89275 16.84
      vertex -27.6429 8.39275 16.88
    endloop
  endfacet
  facet normal -0.680476 -0.224642 -0.697488
    outer loop
      vertex -27.4327 8.39275 16.6535
      vertex -27.4588 7.89275 16.84
      vertex -27.5434 8.39275 16.7615
    endloop
  endfacet
  facet normal -0.969518 -0.224704 -0.0976919
    outer loop
      vertex -27.7121 7.39275 17.6203
      vertex -27.61 6.89275 17.7571
      vertex -27.7253 7.39275 17.7513
    endloop
  endfacet
  facet normal -0.974427 -0.224703 0
    outer loop
      vertex -27.61 6.89275 17.7571
      vertex -27.7253 7.39275 17.883
      vertex -27.7253 7.39275 17.7513
    endloop
  endfacet
  facet normal -0.974427 -0.224703 0
    outer loop
      vertex -27.61 6.89275 17.7571
      vertex -27.61 6.89275 17.8773
      vertex -27.7253 7.39275 17.883
    endloop
  endfacet
  facet normal -0.974427 -0.224703 0
    outer loop
      vertex -27.4947 6.39275 17.7628
      vertex -27.61 6.89275 17.8773
      vertex -27.61 6.89275 17.7571
    endloop
  endfacet
  facet normal -0.974427 -0.224703 0
    outer loop
      vertex -27.61 6.89275 17.8773
      vertex -27.4947 6.39275 17.7628
      vertex -27.4947 6.39275 17.8715
    endloop
  endfacet
  facet normal 0.217076 -0.224519 -0.949984
    outer loop
      vertex -26.0761 9.89275 15.9477
      vertex -25.9228 9.39275 16.1009
      vertex -26.0961 9.39275 16.0613
    endloop
  endfacet
  facet normal 0.216781 -0.224623 -0.950027
    outer loop
      vertex -25.8916 9.89275 15.9898
      vertex -25.9228 9.39275 16.1009
      vertex -26.0761 9.89275 15.9477
    endloop
  endfacet
  facet normal -0.747025 -0.224631 0.625696
    outer loop
      vertex -27.1828 5.89275 18.4058
      vertex -27.1204 5.89275 18.4803
      vertex -27.205 6.39275 18.5588
    endloop
  endfacet
  facet normal -0.746888 -0.22467 0.625844
    outer loop
      vertex -27.1828 5.89275 18.4058
      vertex -27.205 6.39275 18.5588
      vertex -27.2748 6.39275 18.4755
    endloop
  endfacet
  facet normal -0.747357 -0.222743 0.625974
    outer loop
      vertex -27.0641 5.39275 18.3696
      vertex -27.1204 5.89275 18.4803
      vertex -27.1828 5.89275 18.4058
    endloop
  endfacet
  facet normal -0.761979 -0.224863 0.607309
    outer loop
      vertex -27.0908 5.39275 18.3361
      vertex -27.0641 5.39275 18.3696
      vertex -27.1828 5.89275 18.4058
    endloop
  endfacet
  facet normal -0.791355 -0.224859 0.568502
    outer loop
      vertex -27.1158 5.39275 18.3013
      vertex -27.0908 5.39275 18.3361
      vertex -27.1828 5.89275 18.4058
    endloop
  endfacet
  facet normal -0.356437 -0.224606 -0.906921
    outer loop
      vertex -26.9368 8.89275 16.2365
      vertex -27.0441 8.39275 16.4025
      vertex -27.0915 8.89275 16.2973
    endloop
  endfacet
  facet normal -0.444839 -0.224586 -0.866994
    outer loop
      vertex -27.0915 8.89275 16.2973
      vertex -27.0441 8.39275 16.4025
      vertex -27.1817 8.39275 16.4731
    endloop
  endfacet
  facet normal -0.898064 -0.224652 -0.378171
    outer loop
      vertex -27.4921 6.89275 17.294
      vertex -27.6472 7.39275 17.3653
      vertex -27.7001 7.89275 17.1939
    endloop
  endfacet
  facet normal 0.588351 -0.224899 -0.776701
    outer loop
      vertex -25.1502 10.3927 16.2427
      vertex -25.2221 9.89275 16.333
      vertex -25.2302 10.3927 16.1821
    endloop
  endfacet
  facet normal 0.626261 -0.224892 -0.746472
    outer loop
      vertex -25.1502 10.3927 16.2427
      vertex -25.0732 10.3927 16.3073
      vertex -25.2221 9.89275 16.333
    endloop
  endfacet
  facet normal 0.568176 -0.229333 -0.790305
    outer loop
      vertex -25.2302 10.3927 16.1821
      vertex -25.2221 9.89275 16.333
      vertex -25.3758 9.89275 16.2225
    endloop
  endfacet
  facet normal -0.93129 -0.224563 0.286827
    outer loop
      vertex -27.4623 6.39275 18.0862
      vertex -27.4303 6.39275 18.1901
      vertex -27.5387 6.89275 18.2296
    endloop
  endfacet
  facet normal -0.930993 -0.224752 0.287644
    outer loop
      vertex -27.4623 6.39275 18.0862
      vertex -27.5387 6.89275 18.2296
      vertex -27.5742 6.89275 18.1147
    endloop
  endfacet
  facet normal -0.0726751 -0.224606 -0.971736
    outer loop
      vertex -26.4473 8.89275 16.1502
      vertex -26.6131 8.89275 16.1626
      vertex -26.6274 9.39275 16.0481
    endloop
  endfacet
  facet normal -0.0729321 -0.224691 -0.971697
    outer loop
      vertex -26.4502 9.39275 16.0348
      vertex -26.4473 8.89275 16.1502
      vertex -26.6274 9.39275 16.0481
    endloop
  endfacet
  facet normal -0.607577 -0.224635 -0.761833
    outer loop
      vertex -27.3117 8.39275 16.557
      vertex -27.3563 7.89275 16.74
      vertex -27.4327 8.39275 16.6535
    endloop
  endfacet
  facet normal -0.680476 -0.224642 -0.697488
    outer loop
      vertex -27.4327 8.39275 16.6535
      vertex -27.3563 7.89275 16.74
      vertex -27.4588 7.89275 16.84
    endloop
  endfacet
  facet normal -0.969582 -0.224605 -0.0972824
    outer loop
      vertex -27.598 6.89275 17.6375
      vertex -27.61 6.89275 17.7571
      vertex -27.7121 7.39275 17.6203
    endloop
  endfacet
  facet normal -0.969539 -0.224789 -0.0972782
    outer loop
      vertex -27.61 6.89275 17.7571
      vertex -27.598 6.89275 17.6375
      vertex -27.4838 6.39275 17.6547
    endloop
  endfacet
  facet normal 0.310464 -0.224607 -0.923669
    outer loop
      vertex -25.7122 9.89275 16.0501
      vertex -25.7544 9.39275 16.1575
      vertex -25.8916 9.89275 15.9898
    endloop
  endfacet
  facet normal 0.31045 -0.224612 -0.923672
    outer loop
      vertex -25.8916 9.89275 15.9898
      vertex -25.7544 9.39275 16.1575
      vertex -25.9228 9.39275 16.1009
    endloop
  endfacet
  facet normal -0.855789 -0.224694 0.46598
    outer loop
      vertex -27.2376 5.89275 18.3255
      vertex -27.3361 6.39275 18.3857
      vertex -27.3881 6.39275 18.2902
    endloop
  endfacet
  facet normal -0.804872 -0.224666 0.549278
    outer loop
      vertex -27.2376 5.89275 18.3255
      vertex -27.1828 5.89275 18.4058
      vertex -27.2748 6.39275 18.4755
    endloop
  endfacet
  facet normal -0.805235 -0.222752 0.549525
    outer loop
      vertex -27.1158 5.39275 18.3013
      vertex -27.1828 5.89275 18.4058
      vertex -27.2376 5.89275 18.3255
    endloop
  endfacet
  facet normal -0.818003 -0.22489 0.52943
    outer loop
      vertex -27.1391 5.39275 18.2653
      vertex -27.1158 5.39275 18.3013
      vertex -27.2376 5.89275 18.3255
    endloop
  endfacet
  facet normal -0.844035 -0.224892 0.486856
    outer loop
      vertex -27.1605 5.39275 18.2282
      vertex -27.1391 5.39275 18.2653
      vertex -27.2376 5.89275 18.3255
    endloop
  endfacet
  facet normal -0.355686 -0.224846 -0.907156
    outer loop
      vertex -26.9368 8.89275 16.2365
      vertex -26.9 8.39275 16.346
      vertex -27.0441 8.39275 16.4025
    endloop
  endfacet
  facet normal -0.263813 -0.224839 -0.938003
    outer loop
      vertex -26.7768 8.89275 16.1915
      vertex -26.9 8.39275 16.346
      vertex -26.9368 8.89275 16.2365
    endloop
  endfacet
  facet normal -0.855785 -0.224695 -0.465988
    outer loop
      vertex -27.6316 7.89275 17.0681
      vertex -27.5331 7.39275 17.1283
      vertex -27.7001 7.89275 17.1939
    endloop
  endfacet
  facet normal -0.855711 -0.224649 -0.466146
    outer loop
      vertex -27.5331 7.39275 17.1283
      vertex -27.4921 6.89275 17.294
      vertex -27.7001 7.89275 17.1939
    endloop
  endfacet
  facet normal 0.662802 -0.224858 -0.714235
    outer loop
      vertex -25.0732 10.3927 16.3073
      vertex -24.9996 10.3927 16.3756
      vertex -25.0802 9.89275 16.4582
    endloop
  endfacet
  facet normal 0.697676 -0.224859 -0.68021
    outer loop
      vertex -24.9996 10.3927 16.3756
      vertex -24.9295 10.3927 16.4475
      vertex -25.0802 9.89275 16.4582
    endloop
  endfacet
  facet normal 0.643974 -0.229314 -0.729872
    outer loop
      vertex -25.0732 10.3927 16.3073
      vertex -25.0802 9.89275 16.4582
      vertex -25.2221 9.89275 16.333
    endloop
  endfacet
  facet normal -0.955147 -0.224753 0.192823
    outer loop
      vertex -27.4838 6.39275 17.9797
      vertex -27.4623 6.39275 18.0862
      vertex -27.5742 6.89275 18.1147
    endloop
  endfacet
  facet normal 0.0246168 -0.224684 -0.974121
    outer loop
      vertex -26.2811 8.89275 16.1544
      vertex -26.4473 8.89275 16.1502
      vertex -26.4502 9.39275 16.0348
    endloop
  endfacet
  facet normal 0.0241194 -0.224846 -0.974096
    outer loop
      vertex -26.2725 9.39275 16.0392
      vertex -26.2811 8.89275 16.1544
      vertex -26.4502 9.39275 16.0348
    endloop
  endfacet
  facet normal -0.60748 -0.224668 -0.761901
    outer loop
      vertex -27.3117 8.39275 16.557
      vertex -27.2443 7.89275 16.6507
      vertex -27.3563 7.89275 16.74
    endloop
  endfacet
  facet normal -0.931248 -0.224528 -0.286993
    outer loop
      vertex -27.6472 7.39275 17.3653
      vertex -27.5742 6.89275 17.5196
      vertex -27.686 7.39275 17.4912
    endloop
  endfacet
  facet normal -0.955182 -0.224606 -0.192819
    outer loop
      vertex -27.5742 6.89275 17.5196
      vertex -27.598 6.89275 17.6375
      vertex -27.7121 7.39275 17.6203
    endloop
  endfacet
  facet normal 0.40063 -0.2246 -0.888285
    outer loop
      vertex -25.5397 9.89275 16.1279
      vertex -25.5923 9.39275 16.2306
      vertex -25.7122 9.89275 16.0501
    endloop
  endfacet
  facet normal 0.400585 -0.224616 -0.888301
    outer loop
      vertex -25.7122 9.89275 16.0501
      vertex -25.5923 9.39275 16.2306
      vertex -25.7544 9.39275 16.1575
    endloop
  endfacet
  facet normal -0.855967 -0.224774 0.465614
    outer loop
      vertex -27.284 5.89275 18.2402
      vertex -27.2376 5.89275 18.3255
      vertex -27.3881 6.39275 18.2902
    endloop
  endfacet
  facet normal -0.856384 -0.222707 0.465841
    outer loop
      vertex -27.1605 5.39275 18.2282
      vertex -27.2376 5.89275 18.3255
      vertex -27.284 5.89275 18.2402
    endloop
  endfacet
  facet normal -0.867378 -0.224897 0.443934
    outer loop
      vertex -27.18 5.39275 18.1901
      vertex -27.1605 5.39275 18.2282
      vertex -27.284 5.89275 18.2402
    endloop
  endfacet
  facet normal -0.887666 -0.224898 0.401833
    outer loop
      vertex -27.1977 5.39275 18.151
      vertex -27.18 5.39275 18.1901
      vertex -27.284 5.89275 18.2402
    endloop
  endfacet
  facet normal -0.264539 -0.224614 -0.937853
    outer loop
      vertex -26.7768 8.89275 16.1915
      vertex -26.7511 8.39275 16.304
      vertex -26.9 8.39275 16.346
    endloop
  endfacet
  facet normal -0.805271 -0.224699 -0.548679
    outer loop
      vertex -27.4589 7.39275 17.0194
      vertex -27.5331 7.39275 17.1283
      vertex -27.6316 7.89275 17.0681
    endloop
  endfacet
  facet normal 0.730407 -0.224867 -0.644934
    outer loop
      vertex -24.9295 10.3927 16.4475
      vertex -24.8631 10.3927 16.5227
      vertex -24.9515 9.89275 16.5969
    endloop
  endfacet
  facet normal 0.761816 -0.224866 -0.607512
    outer loop
      vertex -24.8631 10.3927 16.5227
      vertex -24.8005 10.3927 16.6012
      vertex -24.9515 9.89275 16.5969
    endloop
  endfacet
  facet normal 0.713516 -0.229245 -0.662073
    outer loop
      vertex -24.9295 10.3927 16.4475
      vertex -24.9515 9.89275 16.5969
      vertex -25.0802 9.89275 16.4582
    endloop
  endfacet
  facet normal -0.96952 -0.224704 0.0976688
    outer loop
      vertex -27.4947 6.39275 17.8715
      vertex -27.4838 6.39275 17.9797
      vertex -27.61 6.89275 17.8773
    endloop
  endfacet
  facet normal 0.120787 -0.224846 -0.966879
    outer loop
      vertex -26.2725 9.39275 16.0392
      vertex -26.1162 8.89275 16.175
      vertex -26.2811 8.89275 16.1544
    endloop
  endfacet
  facet normal 0.217065 -0.224741 -0.949934
    outer loop
      vertex -26.0961 9.39275 16.0613
      vertex -25.9228 9.39275 16.1009
      vertex -26.1162 8.89275 16.175
    endloop
  endfacet
  facet normal 0.121132 -0.224734 -0.966862
    outer loop
      vertex -26.0961 9.39275 16.0613
      vertex -26.1162 8.89275 16.175
      vertex -26.2725 9.39275 16.0392
    endloop
  endfacet
  facet normal -0.528687 -0.224662 -0.818546
    outer loop
      vertex -27.124 7.89275 16.573
      vertex -27.2443 7.89275 16.6507
      vertex -27.3117 8.39275 16.557
    endloop
  endfacet
  facet normal -0.444841 -0.224561 -0.867
    outer loop
      vertex -27.0441 8.39275 16.4025
      vertex -27.124 7.89275 16.573
      vertex -27.1817 8.39275 16.4731
    endloop
  endfacet
  facet normal -0.52841 -0.224565 -0.818751
    outer loop
      vertex -27.1817 8.39275 16.4731
      vertex -27.124 7.89275 16.573
      vertex -27.3117 8.39275 16.557
    endloop
  endfacet
  facet normal -0.930922 -0.224752 -0.287872
    outer loop
      vertex -27.5387 6.89275 17.4048
      vertex -27.5742 6.89275 17.5196
      vertex -27.6472 7.39275 17.3653
    endloop
  endfacet
  facet normal 0.487106 -0.22471 -0.843939
    outer loop
      vertex -25.3758 9.89275 16.2225
      vertex -25.4384 9.39275 16.3195
      vertex -25.5397 9.89275 16.1279
    endloop
  endfacet
  facet normal 0.487415 -0.224591 -0.843792
    outer loop
      vertex -25.5397 9.89275 16.1279
      vertex -25.4384 9.39275 16.3195
      vertex -25.5923 9.39275 16.2306
    endloop
  endfacet
  facet normal -0.898239 -0.22264 0.378944
    outer loop
      vertex -27.1977 5.39275 18.151
      vertex -27.284 5.89275 18.2402
      vertex -27.3218 5.89275 18.1506
    endloop
  endfacet
  facet normal -0.897889 -0.224746 0.37853
    outer loop
      vertex -27.3218 5.89275 18.1506
      vertex -27.3881 6.39275 18.2902
      vertex -27.4303 6.39275 18.1901
    endloop
  endfacet
  facet normal -0.897783 -0.224794 0.378752
    outer loop
      vertex -27.3218 5.89275 18.1506
      vertex -27.284 5.89275 18.2402
      vertex -27.3881 6.39275 18.2902
    endloop
  endfacet
  facet normal -0.907476 -0.224952 0.354802
    outer loop
      vertex -27.2133 5.39275 18.1111
      vertex -27.1977 5.39275 18.151
      vertex -27.3218 5.89275 18.1506
    endloop
  endfacet
  facet normal -0.923225 -0.224951 0.311532
    outer loop
      vertex -27.227 5.39275 18.0705
      vertex -27.2133 5.39275 18.1111
      vertex -27.3218 5.89275 18.1506
    endloop
  endfacet
  facet normal -0.16877 -0.224612 -0.959722
    outer loop
      vertex -26.5987 8.39275 16.2772
      vertex -26.7511 8.39275 16.304
      vertex -26.7768 8.89275 16.1915
    endloop
  endfacet
  facet normal -0.169404 -0.224811 -0.959564
    outer loop
      vertex -26.7768 8.89275 16.1915
      vertex -26.6131 8.89275 16.1626
      vertex -26.5987 8.39275 16.2772
    endloop
  endfacet
  facet normal -0.169412 -0.224596 -0.959612
    outer loop
      vertex -26.6131 8.89275 16.1626
      vertex -26.7768 8.89275 16.1915
      vertex -26.6274 9.39275 16.0481
    endloop
  endfacet
  facet normal -0.746295 -0.224643 -0.626561
    outer loop
      vertex -27.4588 7.89275 16.84
      vertex -27.3742 7.39275 16.9185
      vertex -27.5509 7.89275 16.9497
    endloop
  endfacet
  facet normal -0.746335 -0.224661 -0.626507
    outer loop
      vertex -27.3742 7.39275 16.9185
      vertex -27.4589 7.39275 17.0194
      vertex -27.5509 7.89275 16.9497
    endloop
  endfacet
  facet normal -0.680476 -0.224642 -0.697488
    outer loop
      vertex -27.3563 7.89275 16.74
      vertex -27.3742 7.39275 16.9185
      vertex -27.4588 7.89275 16.84
    endloop
  endfacet
  facet normal 0.775901 -0.229291 -0.58771
    outer loop
      vertex -24.8005 10.3927 16.6012
      vertex -24.8372 9.89275 16.7478
      vertex -24.9515 9.89275 16.5969
    endloop
  endfacet
  facet normal 0.791468 -0.224766 -0.568383
    outer loop
      vertex -24.8005 10.3927 16.6012
      vertex -24.7419 10.3927 16.6828
      vertex -24.8372 9.89275 16.7478
    endloop
  endfacet
  facet normal 0.818297 -0.224764 -0.529029
    outer loop
      vertex -24.7419 10.3927 16.6828
      vertex -24.6874 10.3927 16.7671
      vertex -24.8372 9.89275 16.7478
    endloop
  endfacet
  facet normal 0.216842 -0.224665 -0.950003
    outer loop
      vertex -25.9228 9.39275 16.1009
      vertex -25.9541 8.89275 16.212
      vertex -26.1162 8.89275 16.175
    endloop
  endfacet
  facet normal 0.310446 -0.224671 -0.923659
    outer loop
      vertex -25.9228 9.39275 16.1009
      vertex -25.7544 9.39275 16.1575
      vertex -25.9541 8.89275 16.212
    endloop
  endfacet
  facet normal -0.444471 -0.224675 -0.86716
    outer loop
      vertex -27.0441 8.39275 16.4025
      vertex -26.9966 7.89275 16.5077
      vertex -27.124 7.89275 16.573
    endloop
  endfacet
  facet normal -0.898208 -0.224755 -0.377766
    outer loop
      vertex -27.4921 6.89275 17.294
      vertex -27.5387 6.89275 17.4048
      vertex -27.6472 7.39275 17.3653
    endloop
  endfacet
  facet normal 0.568654 -0.224706 -0.79129
    outer loop
      vertex -25.3758 9.89275 16.2225
      vertex -25.2941 9.39275 16.4232
      vertex -25.4384 9.39275 16.3195
    endloop
  endfacet
  facet normal 0.568815 -0.224641 -0.791193
    outer loop
      vertex -25.2221 9.89275 16.333
      vertex -25.2941 9.39275 16.4232
      vertex -25.3758 9.89275 16.2225
    endloop
  endfacet
  facet normal -0.955147 -0.224753 0.192823
    outer loop
      vertex -27.3504 5.89275 18.0577
      vertex -27.4623 6.39275 18.0862
      vertex -27.4838 6.39275 17.9797
    endloop
  endfacet
  facet normal -0.931286 -0.224739 0.286704
    outer loop
      vertex -27.3504 5.89275 18.0577
      vertex -27.3218 5.89275 18.1506
      vertex -27.4303 6.39275 18.1901
    endloop
  endfacet
  facet normal -0.931247 -0.224761 0.286813
    outer loop
      vertex -27.3504 5.89275 18.0577
      vertex -27.4303 6.39275 18.1901
      vertex -27.4623 6.39275 18.0862
    endloop
  endfacet
  facet normal -0.931752 -0.222613 0.286847
    outer loop
      vertex -27.227 5.39275 18.0705
      vertex -27.3218 5.89275 18.1506
      vertex -27.3504 5.89275 18.0577
    endloop
  endfacet
  facet normal -0.938109 -0.22478 0.263488
    outer loop
      vertex -27.2386 5.39275 18.0292
      vertex -27.227 5.39275 18.0705
      vertex -27.3504 5.89275 18.0577
    endloop
  endfacet
  facet normal -0.950068 -0.224773 0.216442
    outer loop
      vertex -27.2481 5.39275 17.9875
      vertex -27.2386 5.39275 18.0292
      vertex -27.3504 5.89275 18.0577
    endloop
  endfacet
  facet normal -0.0726736 -0.224693 -0.971716
    outer loop
      vertex -26.4473 8.89275 16.1502
      vertex -26.4444 8.39275 16.2656
      vertex -26.6131 8.89275 16.1626
    endloop
  endfacet
  facet normal -0.0730478 -0.224808 -0.971661
    outer loop
      vertex -26.4444 8.39275 16.2656
      vertex -26.5987 8.39275 16.2772
      vertex -26.6131 8.89275 16.1626
    endloop
  endfacet
  facet normal 0.0246168 -0.224684 -0.974121
    outer loop
      vertex -26.2811 8.89275 16.1544
      vertex -26.4444 8.39275 16.2656
      vertex -26.4473 8.89275 16.1502
    endloop
  endfacet
  facet normal -0.680074 -0.22478 -0.697835
    outer loop
      vertex -27.3563 7.89275 16.74
      vertex -27.2799 7.39275 16.8266
      vertex -27.3742 7.39275 16.9185
    endloop
  endfacet
  facet normal 0.830755 -0.229339 -0.507198
    outer loop
      vertex -24.6874 10.3927 16.7671
      vertex -24.7386 9.89275 16.9093
      vertex -24.8372 9.89275 16.7478
    endloop
  endfacet
  facet normal 0.843956 -0.224938 -0.486972
    outer loop
      vertex -24.6874 10.3927 16.7671
      vertex -24.6372 10.3927 16.8541
      vertex -24.7386 9.89275 16.9093
    endloop
  endfacet
  facet normal 0.866994 -0.224939 -0.444662
    outer loop
      vertex -24.6372 10.3927 16.8541
      vertex -24.5914 10.3927 16.9434
      vertex -24.7386 9.89275 16.9093
    endloop
  endfacet
  facet normal -0.969515 -0.224685 -0.0977587
    outer loop
      vertex -27.4838 6.39275 17.6547
      vertex -27.4947 6.39275 17.7628
      vertex -27.61 6.89275 17.7571
    endloop
  endfacet
  facet normal 0.3106 -0.224725 -0.923594
    outer loop
      vertex -25.7544 9.39275 16.1575
      vertex -25.7965 8.89275 16.265
      vertex -25.9541 8.89275 16.212
    endloop
  endfacet
  facet normal -0.264538 -0.224619 -0.937852
    outer loop
      vertex -26.7511 8.39275 16.304
      vertex -26.8633 7.89275 16.4554
      vertex -26.9 8.39275 16.346
    endloop
  endfacet
  facet normal -0.355905 -0.224668 -0.907114
    outer loop
      vertex -26.9966 7.89275 16.5077
      vertex -26.8633 7.89275 16.4554
      vertex -26.9491 7.39275 16.6129
    endloop
  endfacet
  facet normal -0.355905 -0.224668 -0.907114
    outer loop
      vertex -26.8633 7.89275 16.4554
      vertex -26.9966 7.89275 16.5077
      vertex -27.0441 8.39275 16.4025
    endloop
  endfacet
  facet normal -0.355706 -0.224606 -0.907208
    outer loop
      vertex -26.9 8.39275 16.346
      vertex -26.8633 7.89275 16.4554
      vertex -27.0441 8.39275 16.4025
    endloop
  endfacet
  facet normal -0.855601 -0.224699 -0.466323
    outer loop
      vertex -27.4346 6.89275 17.1885
      vertex -27.4921 6.89275 17.294
      vertex -27.5331 7.39275 17.1283
    endloop
  endfacet
  facet normal -0.805271 -0.224699 -0.548679
    outer loop
      vertex -27.4589 7.39275 17.0194
      vertex -27.4346 6.89275 17.1885
      vertex -27.5331 7.39275 17.1283
    endloop
  endfacet
  facet normal 0.644656 -0.224652 -0.730719
    outer loop
      vertex -25.2221 9.89275 16.333
      vertex -25.1608 9.39275 16.5408
      vertex -25.2941 9.39275 16.4232
    endloop
  endfacet
  facet normal 0.644696 -0.224635 -0.730689
    outer loop
      vertex -25.0802 9.89275 16.4582
      vertex -25.1608 9.39275 16.5408
      vertex -25.2221 9.89275 16.333
    endloop
  endfacet
  facet normal -0.955454 -0.222681 0.1937
    outer loop
      vertex -27.2481 5.39275 17.9875
      vertex -27.3504 5.89275 18.0577
      vertex -27.3697 5.89275 17.9625
    endloop
  endfacet
  facet normal -0.955024 -0.224597 0.193613
    outer loop
      vertex -27.3697 5.89275 17.9625
      vertex -27.3504 5.89275 18.0577
      vertex -27.4838 6.39275 17.9797
    endloop
  endfacet
  facet normal -0.959373 -0.224794 0.170505
    outer loop
      vertex -27.2556 5.39275 17.9453
      vertex -27.2481 5.39275 17.9875
      vertex -27.3697 5.89275 17.9625
    endloop
  endfacet
  facet normal -0.966951 -0.224797 0.120301
    outer loop
      vertex -27.2609 5.39275 17.9027
      vertex -27.2556 5.39275 17.9453
      vertex -27.3697 5.89275 17.9625
    endloop
  endfacet
  facet normal 0.0245578 -0.224666 -0.974126
    outer loop
      vertex -26.2811 8.89275 16.1544
      vertex -26.2897 8.39275 16.2695
      vertex -26.4444 8.39275 16.2656
    endloop
  endfacet
  facet normal -0.607459 -0.224813 -0.761875
    outer loop
      vertex -27.2443 7.89275 16.6507
      vertex -27.1769 7.39275 16.7445
      vertex -27.3563 7.89275 16.74
    endloop
  endfacet
  facet normal -0.607355 -0.224777 -0.761968
    outer loop
      vertex -27.1769 7.39275 16.7445
      vertex -27.2799 7.39275 16.8266
      vertex -27.3563 7.89275 16.74
    endloop
  endfacet
  facet normal 0.888299 -0.22476 -0.40051
    outer loop
      vertex -24.5914 10.3927 16.9434
      vertex -24.5501 10.3927 17.035
      vertex -24.6564 9.89275 17.0798
    endloop
  endfacet
  facet normal 0.906913 -0.224762 -0.356357
    outer loop
      vertex -24.5501 10.3927 17.035
      vertex -24.5134 10.3927 17.1284
      vertex -24.6564 9.89275 17.0798
    endloop
  endfacet
  facet normal 0.876776 -0.229317 -0.422704
    outer loop
      vertex -24.5914 10.3927 16.9434
      vertex -24.6564 9.89275 17.0798
      vertex -24.7386 9.89275 16.9093
    endloop
  endfacet
  facet normal -0.955174 -0.224789 -0.192648
    outer loop
      vertex -27.4623 6.39275 17.5481
      vertex -27.4838 6.39275 17.6547
      vertex -27.598 6.89275 17.6375
    endloop
  endfacet
  facet normal -0.955149 -0.224753 -0.192812
    outer loop
      vertex -27.5742 6.89275 17.5196
      vertex -27.4623 6.39275 17.5481
      vertex -27.598 6.89275 17.6375
    endloop
  endfacet
  facet normal 0.400579 -0.224676 -0.888289
    outer loop
      vertex -25.5923 9.39275 16.2306
      vertex -25.645 8.89275 16.3333
      vertex -25.7544 9.39275 16.1575
    endloop
  endfacet
  facet normal 0.400479 -0.22471 -0.888325
    outer loop
      vertex -25.7544 9.39275 16.1575
      vertex -25.645 8.89275 16.3333
      vertex -25.7965 8.89275 16.265
    endloop
  endfacet
  facet normal -0.263914 -0.224799 -0.937984
    outer loop
      vertex -26.7511 8.39275 16.304
      vertex -26.7254 7.89275 16.4166
      vertex -26.8633 7.89275 16.4554
    endloop
  endfacet
  facet normal -0.805382 -0.224656 -0.548535
    outer loop
      vertex -27.3669 6.89275 17.0891
      vertex -27.4346 6.89275 17.1885
      vertex -27.4589 7.39275 17.0194
    endloop
  endfacet
  facet normal 0.714318 -0.22464 -0.662787
    outer loop
      vertex -25.0802 9.89275 16.4582
      vertex -25.0399 9.39275 16.6711
      vertex -25.1608 9.39275 16.5408
    endloop
  endfacet
  facet normal 0.776764 -0.224645 -0.588364
    outer loop
      vertex -24.9515 9.89275 16.5969
      vertex -24.8372 9.89275 16.7478
      vertex -25.0399 9.39275 16.6711
    endloop
  endfacet
  facet normal 0.714302 -0.224648 -0.662802
    outer loop
      vertex -24.9515 9.89275 16.5969
      vertex -25.0399 9.39275 16.6711
      vertex -25.0802 9.89275 16.4582
    endloop
  endfacet
  facet normal -0.970016 -0.222713 0.0973025
    outer loop
      vertex -27.2609 5.39275 17.9027
      vertex -27.3697 5.89275 17.9625
      vertex -27.3794 5.89275 17.8658
    endloop
  endfacet
  facet normal -0.969584 -0.224605 0.0972592
    outer loop
      vertex -27.3794 5.89275 17.8658
      vertex -27.3697 5.89275 17.9625
      vertex -27.4838 6.39275 17.9797
    endloop
  endfacet
  facet normal -0.969524 -0.224686 0.0976693
    outer loop
      vertex -27.3794 5.89275 17.8658
      vertex -27.4838 6.39275 17.9797
      vertex -27.4947 6.39275 17.8715
    endloop
  endfacet
  facet normal -0.971655 -0.224908 0.0728173
    outer loop
      vertex -27.2641 5.39275 17.86
      vertex -27.2609 5.39275 17.9027
      vertex -27.3794 5.89275 17.8658
    endloop
  endfacet
  facet normal -0.974058 -0.224908 0.0250342
    outer loop
      vertex -27.2652 5.39275 17.8172
      vertex -27.2641 5.39275 17.86
      vertex -27.3794 5.89275 17.8658
    endloop
  endfacet
  facet normal 0.120791 -0.224707 -0.966911
    outer loop
      vertex -26.1162 8.89275 16.175
      vertex -26.1362 8.39275 16.2887
      vertex -26.2811 8.89275 16.1544
    endloop
  endfacet
  facet normal 0.120942 -0.224661 -0.966903
    outer loop
      vertex -26.2811 8.89275 16.1544
      vertex -26.1362 8.39275 16.2887
      vertex -26.2897 8.39275 16.2695
    endloop
  endfacet
  facet normal -0.52868 -0.224717 -0.818535
    outer loop
      vertex -27.124 7.89275 16.573
      vertex -27.0663 7.39275 16.673
      vertex -27.2443 7.89275 16.6507
    endloop
  endfacet
  facet normal -0.529006 -0.224822 -0.818295
    outer loop
      vertex -27.0663 7.39275 16.673
      vertex -27.1769 7.39275 16.7445
      vertex -27.2443 7.89275 16.6507
    endloop
  endfacet
  facet normal -0.444466 -0.224722 -0.867151
    outer loop
      vertex -26.9966 7.89275 16.5077
      vertex -27.0663 7.39275 16.673
      vertex -27.124 7.89275 16.573
    endloop
  endfacet
  facet normal 0.923605 -0.224881 -0.310455
    outer loop
      vertex -24.5134 10.3927 17.1284
      vertex -24.4814 10.3927 17.2236
      vertex -24.5917 9.89275 17.2576
    endloop
  endfacet
  facet normal 0.937985 -0.224883 -0.263839
    outer loop
      vertex -24.4814 10.3927 17.2236
      vertex -24.4542 10.3927 17.3203
      vertex -24.5917 9.89275 17.2576
    endloop
  endfacet
  facet normal 0.914685 -0.22927 -0.332847
    outer loop
      vertex -24.5134 10.3927 17.1284
      vertex -24.5917 9.89275 17.2576
      vertex -24.6564 9.89275 17.0798
    endloop
  endfacet
  facet normal -0.930961 -0.224575 -0.287884
    outer loop
      vertex -27.5387 6.89275 17.4048
      vertex -27.4303 6.39275 17.4443
      vertex -27.5742 6.89275 17.5196
    endloop
  endfacet
  facet normal -0.898244 -0.224584 -0.377782
    outer loop
      vertex -27.4921 6.89275 17.294
      vertex -27.4303 6.39275 17.4443
      vertex -27.5387 6.89275 17.4048
    endloop
  endfacet
  facet normal -0.93117 -0.224759 -0.287066
    outer loop
      vertex -27.4303 6.39275 17.4443
      vertex -27.4623 6.39275 17.5481
      vertex -27.5742 6.89275 17.5196
    endloop
  endfacet
  facet normal 0.568654 -0.224706 -0.79129
    outer loop
      vertex -25.4384 9.39275 16.3195
      vertex -25.2941 9.39275 16.4232
      vertex -25.501 8.89275 16.4165
    endloop
  endfacet
  facet normal 0.487401 -0.224714 -0.843768
    outer loop
      vertex -25.4384 9.39275 16.3195
      vertex -25.501 8.89275 16.4165
      vertex -25.5923 9.39275 16.2306
    endloop
  endfacet
  facet normal 0.487487 -0.224683 -0.843727
    outer loop
      vertex -25.5923 9.39275 16.2306
      vertex -25.501 8.89275 16.4165
      vertex -25.645 8.89275 16.3333
    endloop
  endfacet
  facet normal -0.169454 -0.224802 -0.959557
    outer loop
      vertex -26.5844 7.89275 16.3917
      vertex -26.7254 7.89275 16.4166
      vertex -26.7511 8.39275 16.304
    endloop
  endfacet
  facet normal -0.16877 -0.224604 -0.959724
    outer loop
      vertex -26.5987 8.39275 16.2772
      vertex -26.5844 7.89275 16.3917
      vertex -26.7511 8.39275 16.304
    endloop
  endfacet
  facet normal -0.746317 -0.224761 -0.626492
    outer loop
      vertex -27.3742 7.39275 16.9185
      vertex -27.2896 6.89275 16.9971
      vertex -27.4589 7.39275 17.0194
    endloop
  endfacet
  facet normal -0.746052 -0.224656 -0.626846
    outer loop
      vertex -27.2896 6.89275 16.9971
      vertex -27.3669 6.89275 17.0891
      vertex -27.4589 7.39275 17.0194
    endloop
  endfacet
  facet normal -0.680076 -0.224769 -0.697836
    outer loop
      vertex -27.2799 7.39275 16.8266
      vertex -27.2896 6.89275 16.9971
      vertex -27.3742 7.39275 16.9185
    endloop
  endfacet
  facet normal 0.776838 -0.224693 -0.588248
    outer loop
      vertex -24.8372 9.89275 16.7478
      vertex -24.9326 9.39275 16.8128
      vertex -25.0399 9.39275 16.6711
    endloop
  endfacet
  facet normal -0.974427 -0.224703 0
    outer loop
      vertex -27.3794 5.89275 17.7686
      vertex -27.4947 6.39275 17.8715
      vertex -27.4947 6.39275 17.7628
    endloop
  endfacet
  facet normal -0.974427 -0.224703 0
    outer loop
      vertex -27.4947 6.39275 17.8715
      vertex -27.3794 5.89275 17.7686
      vertex -27.3794 5.89275 17.8658
    endloop
  endfacet
  facet normal -0.974895 -0.222666 0
    outer loop
      vertex -27.2652 5.39275 17.8172
      vertex -27.3794 5.89275 17.8658
      vertex -27.3794 5.89275 17.7686
    endloop
  endfacet
  facet normal -0.974061 -0.224903 -0.0249759
    outer loop
      vertex -27.2641 5.39275 17.7743
      vertex -27.2652 5.39275 17.8172
      vertex -27.3794 5.89275 17.7686
    endloop
  endfacet
  facet normal -0.971658 -0.224895 -0.0728175
    outer loop
      vertex -27.2609 5.39275 17.7316
      vertex -27.2641 5.39275 17.7743
      vertex -27.3794 5.89275 17.7686
    endloop
  endfacet
  facet normal 0.216716 -0.224704 -0.950022
    outer loop
      vertex -26.1162 8.89275 16.175
      vertex -25.9854 8.39275 16.3231
      vertex -26.1362 8.39275 16.2887
    endloop
  endfacet
  facet normal 0.216842 -0.224665 -0.950003
    outer loop
      vertex -25.9541 8.89275 16.212
      vertex -25.9854 8.39275 16.3231
      vertex -26.1162 8.89275 16.175
    endloop
  endfacet
  facet normal -0.444636 -0.224673 -0.867076
    outer loop
      vertex -26.9966 7.89275 16.5077
      vertex -26.9491 7.39275 16.6129
      vertex -27.0663 7.39275 16.673
    endloop
  endfacet
  facet normal 0.950013 -0.224837 -0.216619
    outer loop
      vertex -24.4542 10.3927 17.3203
      vertex -24.4319 10.3927 17.4181
      vertex -24.545 9.89275 17.441
    endloop
  endfacet
  facet normal 0.959492 -0.224835 -0.169779
    outer loop
      vertex -24.4319 10.3927 17.4181
      vertex -24.4144 10.3927 17.517
      vertex -24.545 9.89275 17.441
    endloop
  endfacet
  facet normal 0.943256 -0.229299 -0.240186
    outer loop
      vertex -24.4542 10.3927 17.3203
      vertex -24.545 9.89275 17.441
      vertex -24.5917 9.89275 17.2576
    endloop
  endfacet
  facet normal -0.855603 -0.224691 -0.466324
    outer loop
      vertex -27.4346 6.89275 17.1885
      vertex -27.3881 6.39275 17.3441
      vertex -27.4921 6.89275 17.294
    endloop
  endfacet
  facet normal -0.898036 -0.224689 -0.378215
    outer loop
      vertex -27.3881 6.39275 17.3441
      vertex -27.4303 6.39275 17.4443
      vertex -27.4921 6.89275 17.294
    endloop
  endfacet
  facet normal 0.568856 -0.224792 -0.79112
    outer loop
      vertex -25.2941 9.39275 16.4232
      vertex -25.3661 8.89275 16.5135
      vertex -25.501 8.89275 16.4165
    endloop
  endfacet
  facet normal -0.0727607 -0.224607 -0.971729
    outer loop
      vertex -26.4415 7.89275 16.381
      vertex -26.5844 7.89275 16.3917
      vertex -26.5987 8.39275 16.2772
    endloop
  endfacet
  facet normal -0.0730498 -0.224689 -0.971688
    outer loop
      vertex -26.4444 8.39275 16.2656
      vertex -26.4415 7.89275 16.381
      vertex -26.5987 8.39275 16.2772
    endloop
  endfacet
  facet normal -0.680476 -0.224642 -0.697488
    outer loop
      vertex -27.2799 7.39275 16.8266
      vertex -27.2035 6.89275 16.9131
      vertex -27.2896 6.89275 16.9971
    endloop
  endfacet
  facet normal -0.607376 -0.224632 -0.761994
    outer loop
      vertex -27.1769 7.39275 16.7445
      vertex -27.2035 6.89275 16.9131
      vertex -27.2799 7.39275 16.8266
    endloop
  endfacet
  facet normal 0.831476 -0.224698 -0.508094
    outer loop
      vertex -24.8372 9.89275 16.7478
      vertex -24.8399 9.39275 16.9645
      vertex -24.9326 9.39275 16.8128
    endloop
  endfacet
  facet normal 0.831705 -0.224562 -0.507778
    outer loop
      vertex -24.8372 9.89275 16.7478
      vertex -24.7386 9.89275 16.9093
      vertex -24.8399 9.39275 16.9645
    endloop
  endfacet
  facet normal 0.877775 -0.224557 -0.423185
    outer loop
      vertex -24.7386 9.89275 16.9093
      vertex -24.6564 9.89275 17.0798
      vertex -24.8399 9.39275 16.9645
    endloop
  endfacet
  facet normal -0.966916 -0.224798 -0.12058
    outer loop
      vertex -27.2556 5.39275 17.6891
      vertex -27.2609 5.39275 17.7316
      vertex -27.3697 5.89275 17.6719
    endloop
  endfacet
  facet normal -0.959373 -0.224794 -0.170505
    outer loop
      vertex -27.2481 5.39275 17.6469
      vertex -27.2556 5.39275 17.6891
      vertex -27.3697 5.89275 17.6719
    endloop
  endfacet
  facet normal -0.96956 -0.224709 -0.0972568
    outer loop
      vertex -27.3697 5.89275 17.6719
      vertex -27.3794 5.89275 17.7686
      vertex -27.4947 6.39275 17.7628
    endloop
  endfacet
  facet normal -0.97002 -0.222694 -0.097303
    outer loop
      vertex -27.3697 5.89275 17.6719
      vertex -27.2609 5.39275 17.7316
      vertex -27.3794 5.89275 17.7686
    endloop
  endfacet
  facet normal -0.969532 -0.22461 -0.0977604
    outer loop
      vertex -27.4838 6.39275 17.6547
      vertex -27.3697 5.89275 17.6719
      vertex -27.4947 6.39275 17.7628
    endloop
  endfacet
  facet normal 0.400488 -0.224618 -0.888345
    outer loop
      vertex -25.7965 8.89275 16.265
      vertex -25.645 8.89275 16.3333
      vertex -25.8387 8.39275 16.3724
    endloop
  endfacet
  facet normal 0.310409 -0.224671 -0.923671
    outer loop
      vertex -25.9541 8.89275 16.212
      vertex -25.8387 8.39275 16.3724
      vertex -25.9854 8.39275 16.3231
    endloop
  endfacet
  facet normal 0.310608 -0.224609 -0.92362
    outer loop
      vertex -25.7965 8.89275 16.265
      vertex -25.8387 8.39275 16.3724
      vertex -25.9541 8.89275 16.212
    endloop
  endfacet
  facet normal -0.263923 -0.224662 -0.938015
    outer loop
      vertex -26.7254 7.89275 16.4166
      vertex -26.8265 7.39275 16.5648
      vertex -26.8633 7.89275 16.4554
    endloop
  endfacet
  facet normal 0.966955 -0.224801 -0.120263
    outer loop
      vertex -24.4144 10.3927 17.517
      vertex -24.402 10.3927 17.6167
      vertex -24.5168 9.89275 17.6282
    endloop
  endfacet
  facet normal 0.971608 -0.2248 -0.0737685
    outer loop
      vertex -24.402 10.3927 17.6167
      vertex -24.3944 10.3927 17.7168
      vertex -24.5168 9.89275 17.6282
    endloop
  endfacet
  facet normal 0.972123 -0.229431 -0.048349
    outer loop
      vertex -24.3944 10.3927 17.7168
      vertex -24.5074 9.89275 17.8172
      vertex -24.5168 9.89275 17.6282
    endloop
  endfacet
  facet normal 0.962477 -0.229384 -0.144988
    outer loop
      vertex -24.4144 10.3927 17.517
      vertex -24.5168 9.89275 17.6282
      vertex -24.545 9.89275 17.441
    endloop
  endfacet
  facet normal -0.855807 -0.224606 -0.465989
    outer loop
      vertex -27.3361 6.39275 17.2486
      vertex -27.3881 6.39275 17.3441
      vertex -27.4346 6.89275 17.1885
    endloop
  endfacet
  facet normal 0.644637 -0.224773 -0.730698
    outer loop
      vertex -25.1608 9.39275 16.5408
      vertex -25.2414 8.89275 16.6235
      vertex -25.2941 9.39275 16.4232
    endloop
  endfacet
  facet normal 0.644592 -0.224792 -0.730733
    outer loop
      vertex -25.2941 9.39275 16.4232
      vertex -25.2414 8.89275 16.6235
      vertex -25.3661 8.89275 16.5135
    endloop
  endfacet
  facet normal 0.0245578 -0.224671 -0.974125
    outer loop
      vertex -26.2897 8.39275 16.2695
      vertex -26.2984 7.89275 16.3846
      vertex -26.4444 8.39275 16.2656
    endloop
  endfacet
  facet normal 0.0245062 -0.22469 -0.974122
    outer loop
      vertex -26.4415 7.89275 16.381
      vertex -26.2984 7.89275 16.3846
      vertex -26.4387 7.39275 16.4964
    endloop
  endfacet
  facet normal 0.0245062 -0.224685 -0.974123
    outer loop
      vertex -26.2984 7.89275 16.3846
      vertex -26.4415 7.89275 16.381
      vertex -26.4444 8.39275 16.2656
    endloop
  endfacet
  facet normal 0.120941 -0.224684 -0.966897
    outer loop
      vertex -26.2897 8.39275 16.2695
      vertex -26.1362 8.39275 16.2887
      vertex -26.2984 7.89275 16.3846
    endloop
  endfacet
  facet normal -0.607653 -0.224551 -0.761797
    outer loop
      vertex -27.1769 7.39275 16.7445
      vertex -27.1096 6.89275 16.8382
      vertex -27.2035 6.89275 16.9131
    endloop
  endfacet
  facet normal 0.877928 -0.224705 -0.422788
    outer loop
      vertex -24.6564 9.89275 17.0798
      vertex -24.7628 9.39275 17.1246
      vertex -24.8399 9.39275 16.9645
    endloop
  endfacet
  facet normal -0.950181 -0.22477 -0.21595
    outer loop
      vertex -27.2386 5.39275 17.6051
      vertex -27.2481 5.39275 17.6469
      vertex -27.3504 5.89275 17.5766
    endloop
  endfacet
  facet normal -0.937943 -0.224777 -0.264081
    outer loop
      vertex -27.227 5.39275 17.5639
      vertex -27.2386 5.39275 17.6051
      vertex -27.3504 5.89275 17.5766
    endloop
  endfacet
  facet normal -0.955182 -0.224751 -0.192649
    outer loop
      vertex -27.4623 6.39275 17.5481
      vertex -27.3504 5.89275 17.5766
      vertex -27.4838 6.39275 17.6547
    endloop
  endfacet
  facet normal -0.955063 -0.224599 -0.193418
    outer loop
      vertex -27.3504 5.89275 17.5766
      vertex -27.3697 5.89275 17.6719
      vertex -27.4838 6.39275 17.6547
    endloop
  endfacet
  facet normal -0.95549 -0.2227 -0.193504
    outer loop
      vertex -27.3504 5.89275 17.5766
      vertex -27.2481 5.39275 17.6469
      vertex -27.3697 5.89275 17.6719
    endloop
  endfacet
  facet normal 0.401165 -0.224851 -0.88798
    outer loop
      vertex -25.645 8.89275 16.3333
      vertex -25.6977 8.39275 16.4361
      vertex -25.8387 8.39275 16.3724
    endloop
  endfacet
  facet normal 0.487468 -0.224843 -0.843695
    outer loop
      vertex -25.645 8.89275 16.3333
      vertex -25.501 8.89275 16.4165
      vertex -25.6977 8.39275 16.4361
    endloop
  endfacet
  facet normal -0.264084 -0.224619 -0.93798
    outer loop
      vertex -26.7254 7.89275 16.4166
      vertex -26.6997 7.39275 16.5291
      vertex -26.8265 7.39275 16.5648
    endloop
  endfacet
  facet normal -0.805352 -0.224809 -0.548515
    outer loop
      vertex -27.3669 6.89275 17.0891
      vertex -27.2748 6.39275 17.1588
      vertex -27.4346 6.89275 17.1885
    endloop
  endfacet
  facet normal -0.804817 -0.224586 -0.549391
    outer loop
      vertex -27.2748 6.39275 17.1588
      vertex -27.3361 6.39275 17.2486
      vertex -27.4346 6.89275 17.1885
    endloop
  endfacet
  facet normal -0.804797 -0.22469 -0.549377
    outer loop
      vertex -27.3361 6.39275 17.2486
      vertex -27.2748 6.39275 17.1588
      vertex -27.2376 5.89275 17.3088
    endloop
  endfacet
  facet normal 0.714336 -0.224766 -0.662725
    outer loop
      vertex -25.1608 9.39275 16.5408
      vertex -25.1284 8.89275 16.7453
      vertex -25.2414 8.89275 16.6235
    endloop
  endfacet
  facet normal 0.714294 -0.224784 -0.662764
    outer loop
      vertex -25.0399 9.39275 16.6711
      vertex -25.1284 8.89275 16.7453
      vertex -25.1608 9.39275 16.5408
    endloop
  endfacet
  facet normal 0.77682 -0.224791 -0.588234
    outer loop
      vertex -25.0399 9.39275 16.6711
      vertex -24.9326 9.39275 16.8128
      vertex -25.1284 8.89275 16.7453
    endloop
  endfacet
  facet normal 0.121113 -0.224734 -0.966864
    outer loop
      vertex -26.1362 8.39275 16.2887
      vertex -26.1563 7.89275 16.4024
      vertex -26.2984 7.89275 16.3846
    endloop
  endfacet
  facet normal -0.44463 -0.224724 -0.867066
    outer loop
      vertex -26.9491 7.39275 16.6129
      vertex -27.0086 6.89275 16.773
      vertex -27.0663 7.39275 16.673
    endloop
  endfacet
  facet normal -0.52902 -0.224712 -0.818317
    outer loop
      vertex -27.0663 7.39275 16.673
      vertex -27.0086 6.89275 16.773
      vertex -27.1769 7.39275 16.7445
    endloop
  endfacet
  facet normal -0.528503 -0.224559 -0.818693
    outer loop
      vertex -27.0086 6.89275 16.773
      vertex -27.1096 6.89275 16.8382
      vertex -27.1769 7.39275 16.7445
    endloop
  endfacet
  facet normal 0.915694 -0.224713 -0.333179
    outer loop
      vertex -24.6564 9.89275 17.0798
      vertex -24.702 9.39275 17.2917
      vertex -24.7628 9.39275 17.1246
    endloop
  endfacet
  facet normal 0.915681 -0.224724 -0.333209
    outer loop
      vertex -24.6564 9.89275 17.0798
      vertex -24.5917 9.89275 17.2576
      vertex -24.702 9.39275 17.2917
    endloop
  endfacet
  facet normal -0.923458 -0.224947 -0.310845
    outer loop
      vertex -27.2133 5.39275 17.5232
      vertex -27.227 5.39275 17.5639
      vertex -27.3218 5.89275 17.4837
    endloop
  endfacet
  facet normal -0.907476 -0.224952 -0.354802
    outer loop
      vertex -27.1977 5.39275 17.4833
      vertex -27.2133 5.39275 17.5232
      vertex -27.3218 5.89275 17.4837
    endloop
  endfacet
  facet normal -0.931281 -0.224763 -0.286702
    outer loop
      vertex -27.3218 5.89275 17.4837
      vertex -27.3504 5.89275 17.5766
      vertex -27.4623 6.39275 17.5481
    endloop
  endfacet
  facet normal -0.931185 -0.224688 -0.287071
    outer loop
      vertex -27.4303 6.39275 17.4443
      vertex -27.3218 5.89275 17.4837
      vertex -27.4623 6.39275 17.5481
    endloop
  endfacet
  facet normal -0.93174 -0.222668 -0.286844
    outer loop
      vertex -27.3218 5.89275 17.4837
      vertex -27.227 5.39275 17.5639
      vertex -27.3504 5.89275 17.5766
    endloop
  endfacet
  facet normal 0.486906 -0.224707 -0.844055
    outer loop
      vertex -25.6977 8.39275 16.4361
      vertex -25.5637 8.39275 16.5134
      vertex -25.6263 7.89275 16.6104
    endloop
  endfacet
  facet normal 0.486914 -0.22464 -0.844069
    outer loop
      vertex -25.5637 8.39275 16.5134
      vertex -25.6977 8.39275 16.4361
      vertex -25.501 8.89275 16.4165
    endloop
  endfacet
  facet normal 0.568874 -0.224661 -0.791145
    outer loop
      vertex -25.501 8.89275 16.4165
      vertex -25.3661 8.89275 16.5135
      vertex -25.5637 8.39275 16.5134
    endloop
  endfacet
  facet normal -0.168712 -0.224612 -0.959732
    outer loop
      vertex -26.57 7.39275 16.5063
      vertex -26.6997 7.39275 16.5291
      vertex -26.7254 7.89275 16.4166
    endloop
  endfacet
  facet normal -0.169453 -0.22481 -0.959555
    outer loop
      vertex -26.5844 7.89275 16.3917
      vertex -26.57 7.39275 16.5063
      vertex -26.7254 7.89275 16.4166
    endloop
  endfacet
  facet normal -0.746494 -0.224806 -0.626266
    outer loop
      vertex -27.205 6.39275 17.0756
      vertex -27.2748 6.39275 17.1588
      vertex -27.3669 6.89275 17.0891
    endloop
  endfacet
  facet normal -0.746054 -0.224647 -0.626847
    outer loop
      vertex -27.2896 6.89275 16.9971
      vertex -27.205 6.39275 17.0756
      vertex -27.3669 6.89275 17.0891
    endloop
  endfacet
  facet normal -0.680476 -0.224642 -0.697488
    outer loop
      vertex -27.2035 6.89275 16.9131
      vertex -27.205 6.39275 17.0756
      vertex -27.2896 6.89275 16.9971
    endloop
  endfacet
  facet normal 0.776651 -0.22469 -0.588496
    outer loop
      vertex -24.9326 9.39275 16.8128
      vertex -25.028 8.89275 16.8778
      vertex -25.1284 8.89275 16.7453
    endloop
  endfacet
  facet normal 0.216711 -0.224803 -0.95
    outer loop
      vertex -25.9854 8.39275 16.3231
      vertex -26.0166 7.89275 16.4343
      vertex -26.1362 8.39275 16.2887
    endloop
  endfacet
  facet normal 0.216921 -0.224743 -0.949966
    outer loop
      vertex -26.1362 8.39275 16.2887
      vertex -26.0166 7.89275 16.4343
      vertex -26.1563 7.89275 16.4024
    endloop
  endfacet
  facet normal -0.444832 -0.224671 -0.866976
    outer loop
      vertex -26.9491 7.39275 16.6129
      vertex -26.9016 6.89275 16.7181
      vertex -27.0086 6.89275 16.773
    endloop
  endfacet
  facet normal 0.944357 -0.224707 -0.240202
    outer loop
      vertex -24.5917 9.89275 17.2576
      vertex -24.6582 9.39275 17.4639
      vertex -24.702 9.39275 17.2917
    endloop
  endfacet
  facet normal 0.944274 -0.224796 -0.240445
    outer loop
      vertex -24.5917 9.89275 17.2576
      vertex -24.545 9.89275 17.441
      vertex -24.6582 9.39275 17.4639
    endloop
  endfacet
  facet normal 0.963535 -0.224792 -0.145148
    outer loop
      vertex -24.545 9.89275 17.441
      vertex -24.5168 9.89275 17.6282
      vertex -24.6582 9.39275 17.4639
    endloop
  endfacet
  facet normal -0.887278 -0.224903 -0.402687
    outer loop
      vertex -27.18 5.39275 17.4443
      vertex -27.1977 5.39275 17.4833
      vertex -27.284 5.89275 17.3942
    endloop
  endfacet
  facet normal -0.867848 -0.224902 -0.443011
    outer loop
      vertex -27.1605 5.39275 17.4061
      vertex -27.18 5.39275 17.4443
      vertex -27.284 5.89275 17.3942
    endloop
  endfacet
  facet normal -0.897658 -0.224667 -0.379123
    outer loop
      vertex -27.284 5.89275 17.3942
      vertex -27.3218 5.89275 17.4837
      vertex -27.4303 6.39275 17.4443
    endloop
  endfacet
  facet normal -0.898095 -0.222604 -0.379307
    outer loop
      vertex -27.284 5.89275 17.3942
      vertex -27.1977 5.39275 17.4833
      vertex -27.3218 5.89275 17.4837
    endloop
  endfacet
  facet normal -0.898 -0.224859 -0.378199
    outer loop
      vertex -27.3881 6.39275 17.3441
      vertex -27.284 5.89275 17.3942
      vertex -27.4303 6.39275 17.4443
    endloop
  endfacet
  facet normal -0.855756 -0.224858 -0.465962
    outer loop
      vertex -27.3361 6.39275 17.2486
      vertex -27.284 5.89275 17.3942
      vertex -27.3881 6.39275 17.3441
    endloop
  endfacet
  facet normal 0.56854 -0.224529 -0.791422
    outer loop
      vertex -25.3661 8.89275 16.5135
      vertex -25.438 8.39275 16.6037
      vertex -25.5637 8.39275 16.5134
    endloop
  endfacet
  facet normal -0.0732618 -0.224811 -0.971644
    outer loop
      vertex -26.4387 7.39275 16.4964
      vertex -26.57 7.39275 16.5063
      vertex -26.5844 7.89275 16.3917
    endloop
  endfacet
  facet normal -0.0727595 -0.224679 -0.971713
    outer loop
      vertex -26.4415 7.89275 16.381
      vertex -26.4387 7.39275 16.4964
      vertex -26.5844 7.89275 16.3917
    endloop
  endfacet
  facet normal -0.680464 -0.224645 -0.697498
    outer loop
      vertex -27.2035 6.89275 16.9131
      vertex -27.1272 6.39275 16.9997
      vertex -27.205 6.39275 17.0756
    endloop
  endfacet
  facet normal 0.831506 -0.224697 -0.508045
    outer loop
      vertex -24.9326 9.39275 16.8128
      vertex -24.9413 8.89275 17.0197
      vertex -25.028 8.89275 16.8778
    endloop
  endfacet
  facet normal 0.831472 -0.224716 -0.508091
    outer loop
      vertex -24.9326 9.39275 16.8128
      vertex -24.8399 9.39275 16.9645
      vertex -24.9413 8.89275 17.0197
    endloop
  endfacet
  facet normal 0.877926 -0.224719 -0.422786
    outer loop
      vertex -24.8399 9.39275 16.9645
      vertex -24.7628 9.39275 17.1246
      vertex -24.9413 8.89275 17.0197
    endloop
  endfacet
  facet normal 0.310401 -0.224782 -0.923647
    outer loop
      vertex -25.8387 8.39275 16.3724
      vertex -25.8809 7.89275 16.4799
      vertex -25.9854 8.39275 16.3231
    endloop
  endfacet
  facet normal 0.401172 -0.224778 -0.887995
    outer loop
      vertex -25.8387 8.39275 16.3724
      vertex -25.6977 8.39275 16.4361
      vertex -25.8809 7.89275 16.4799
    endloop
  endfacet
  facet normal 0.31038 -0.224788 -0.923653
    outer loop
      vertex -25.9854 8.39275 16.3231
      vertex -25.8809 7.89275 16.4799
      vertex -26.0166 7.89275 16.4343
    endloop
  endfacet
  facet normal -0.264081 -0.224664 -0.93797
    outer loop
      vertex -26.6997 7.39275 16.5291
      vertex -26.7897 6.89275 16.6742
      vertex -26.8265 7.39275 16.5648
    endloop
  endfacet
  facet normal -0.355878 -0.224667 -0.907125
    outer loop
      vertex -26.7897 6.89275 16.6742
      vertex -26.9016 6.89275 16.7181
      vertex -26.9491 7.39275 16.6129
    endloop
  endfacet
  facet normal -0.355892 -0.224671 -0.907118
    outer loop
      vertex -26.9491 7.39275 16.6129
      vertex -26.8265 7.39275 16.5648
      vertex -26.7897 6.89275 16.6742
    endloop
  endfacet
  facet normal -0.355892 -0.224671 -0.907118
    outer loop
      vertex -26.8265 7.39275 16.5648
      vertex -26.9491 7.39275 16.6129
      vertex -26.8633 7.89275 16.4554
    endloop
  endfacet
  facet normal 0.973224 -0.22462 -0.0487983
    outer loop
      vertex -24.6228 9.39275 17.8172
      vertex -24.6317 9.39275 17.6397
      vertex -24.5074 9.89275 17.8172
    endloop
  endfacet
  facet normal 0.973224 -0.22462 -0.0487983
    outer loop
      vertex -24.6317 9.39275 17.6397
      vertex -24.6228 9.39275 17.8172
      vertex -24.7382 8.89275 17.8172
    endloop
  endfacet
  facet normal 0.963529 -0.22476 -0.145242
    outer loop
      vertex -24.5168 9.89275 17.6282
      vertex -24.6317 9.39275 17.6397
      vertex -24.6582 9.39275 17.4639
    endloop
  endfacet
  facet normal 0.973212 -0.224757 -0.0484031
    outer loop
      vertex -24.5168 9.89275 17.6282
      vertex -24.5074 9.89275 17.8172
      vertex -24.6317 9.39275 17.6397
    endloop
  endfacet
  facet normal -0.844035 -0.224892 -0.486856
    outer loop
      vertex -27.1391 5.39275 17.369
      vertex -27.1605 5.39275 17.4061
      vertex -27.2376 5.89275 17.3088
    endloop
  endfacet
  facet normal -0.818003 -0.22489 -0.52943
    outer loop
      vertex -27.1158 5.39275 17.333
      vertex -27.1391 5.39275 17.369
      vertex -27.2376 5.89275 17.3088
    endloop
  endfacet
  facet normal -0.856214 -0.224685 -0.465203
    outer loop
      vertex -27.2376 5.89275 17.3088
      vertex -27.284 5.89275 17.3942
      vertex -27.3361 6.39275 17.2486
    endloop
  endfacet
  facet normal -0.856622 -0.222663 -0.465425
    outer loop
      vertex -27.2376 5.89275 17.3088
      vertex -27.1605 5.39275 17.4061
      vertex -27.284 5.89275 17.3942
    endloop
  endfacet
  facet normal 0.644616 -0.224634 -0.73076
    outer loop
      vertex -25.2414 8.89275 16.6235
      vertex -25.322 8.39275 16.7061
      vertex -25.3661 8.89275 16.5135
    endloop
  endfacet
  facet normal 0.644896 -0.224526 -0.730546
    outer loop
      vertex -25.3661 8.89275 16.5135
      vertex -25.322 8.39275 16.7061
      vertex -25.438 8.39275 16.6037
    endloop
  endfacet
  facet normal 0.0244087 -0.224665 -0.97413
    outer loop
      vertex -26.2984 7.89275 16.3846
      vertex -26.307 7.39275 16.4997
      vertex -26.4387 7.39275 16.4964
    endloop
  endfacet
  facet normal -0.607636 -0.224666 -0.761776
    outer loop
      vertex -27.1096 6.89275 16.8382
      vertex -27.0422 6.39275 16.9319
      vertex -27.2035 6.89275 16.9131
    endloop
  endfacet
  facet normal -0.607632 -0.224665 -0.76178
    outer loop
      vertex -27.0422 6.39275 16.9319
      vertex -27.1272 6.39275 16.9997
      vertex -27.2035 6.89275 16.9131
    endloop
  endfacet
  facet normal 0.878002 -0.224788 -0.42259
    outer loop
      vertex -24.7628 9.39275 17.1246
      vertex -24.8692 8.89275 17.1695
      vertex -24.9413 8.89275 17.0197
    endloop
  endfacet
  facet normal 0.400608 -0.224676 -0.888276
    outer loop
      vertex -25.8809 7.89275 16.4799
      vertex -25.7503 7.89275 16.5388
      vertex -25.803 7.39275 16.6415
    endloop
  endfacet
  facet normal 0.400615 -0.2246 -0.888292
    outer loop
      vertex -25.7503 7.89275 16.5388
      vertex -25.8809 7.89275 16.4799
      vertex -25.6977 8.39275 16.4361
    endloop
  endfacet
  facet normal -0.26351 -0.224804 -0.938097
    outer loop
      vertex -26.6997 7.39275 16.5291
      vertex -26.674 6.89275 16.6417
      vertex -26.7897 6.89275 16.6742
    endloop
  endfacet
  facet normal -0.791355 -0.224859 -0.568502
    outer loop
      vertex -27.0908 5.39275 17.2982
      vertex -27.1158 5.39275 17.333
      vertex -27.1828 5.89275 17.2285
    endloop
  endfacet
  facet normal -0.761979 -0.224863 -0.607309
    outer loop
      vertex -27.0641 5.39275 17.2647
      vertex -27.0908 5.39275 17.2982
      vertex -27.1828 5.89275 17.2285
    endloop
  endfacet
  facet normal -0.805235 -0.222752 -0.549525
    outer loop
      vertex -27.1828 5.89275 17.2285
      vertex -27.1158 5.39275 17.333
      vertex -27.2376 5.89275 17.3088
    endloop
  endfacet
  facet normal -0.804872 -0.224666 -0.549278
    outer loop
      vertex -27.1828 5.89275 17.2285
      vertex -27.2376 5.89275 17.3088
      vertex -27.2748 6.39275 17.1588
    endloop
  endfacet
  facet normal 0.714355 -0.224649 -0.662744
    outer loop
      vertex -25.1284 8.89275 16.7453
      vertex -25.2168 8.39275 16.8195
      vertex -25.2414 8.89275 16.6235
    endloop
  endfacet
  facet normal 0.714379 -0.224639 -0.662722
    outer loop
      vertex -25.2414 8.89275 16.6235
      vertex -25.2168 8.39275 16.8195
      vertex -25.322 8.39275 16.7061
    endloop
  endfacet
  facet normal 0.121319 -0.224657 -0.966856
    outer loop
      vertex -26.2984 7.89275 16.3846
      vertex -26.1763 7.39275 16.5161
      vertex -26.307 7.39275 16.4997
    endloop
  endfacet
  facet normal 0.121114 -0.224711 -0.966869
    outer loop
      vertex -26.1563 7.89275 16.4024
      vertex -26.1763 7.39275 16.5161
      vertex -26.2984 7.89275 16.3846
    endloop
  endfacet
  facet normal -0.528502 -0.224564 -0.818692
    outer loop
      vertex -27.0086 6.89275 16.773
      vertex -26.9509 6.39275 16.8729
      vertex -27.1096 6.89275 16.8382
    endloop
  endfacet
  facet normal -0.52888 -0.224665 -0.81842
    outer loop
      vertex -26.9509 6.39275 16.8729
      vertex -27.0422 6.39275 16.9319
      vertex -27.1096 6.89275 16.8382
    endloop
  endfacet
  facet normal 0.915705 -0.224661 -0.333183
    outer loop
      vertex -24.7628 9.39275 17.1246
      vertex -24.702 9.39275 17.2917
      vertex -24.8123 8.89275 17.3257
    endloop
  endfacet
  facet normal 0.915555 -0.22478 -0.333515
    outer loop
      vertex -24.7628 9.39275 17.1246
      vertex -24.8123 8.89275 17.3257
      vertex -24.8692 8.89275 17.1695
    endloop
  endfacet
  facet normal 0.568516 -0.224708 -0.791389
    outer loop
      vertex -25.5637 8.39275 16.5134
      vertex -25.438 8.39275 16.6037
      vertex -25.6263 7.89275 16.6104
    endloop
  endfacet
  facet normal 0.48727 -0.224593 -0.843876
    outer loop
      vertex -25.6977 8.39275 16.4361
      vertex -25.6263 7.89275 16.6104
      vertex -25.7503 7.89275 16.5388
    endloop
  endfacet
  facet normal -0.168711 -0.224636 -0.959727
    outer loop
      vertex -26.57 7.39275 16.5063
      vertex -26.5556 6.89275 16.6208
      vertex -26.6997 7.39275 16.5291
    endloop
  endfacet
  facet normal -0.169383 -0.224801 -0.959569
    outer loop
      vertex -26.5556 6.89275 16.6208
      vertex -26.674 6.89275 16.6417
      vertex -26.6997 7.39275 16.5291
    endloop
  endfacet
  facet normal -0.746524 -0.224639 -0.62629
    outer loop
      vertex -27.205 6.39275 17.0756
      vertex -27.1204 5.89275 17.1541
      vertex -27.2748 6.39275 17.1588
    endloop
  endfacet
  facet normal -0.746605 -0.224665 -0.626185
    outer loop
      vertex -27.1204 5.89275 17.1541
      vertex -27.1828 5.89275 17.2285
      vertex -27.2748 6.39275 17.1588
    endloop
  endfacet
  facet normal -0.746953 -0.222684 -0.626477
    outer loop
      vertex -27.1204 5.89275 17.1541
      vertex -27.0641 5.39275 17.2647
      vertex -27.1828 5.89275 17.2285
    endloop
  endfacet
  facet normal -0.680464 -0.224642 -0.697498
    outer loop
      vertex -27.1272 6.39275 16.9997
      vertex -27.1204 5.89275 17.1541
      vertex -27.205 6.39275 17.0756
    endloop
  endfacet
  facet normal -0.729751 -0.224985 -0.645636
    outer loop
      vertex -27.0357 5.39275 17.2326
      vertex -27.0641 5.39275 17.2647
      vertex -27.1204 5.89275 17.1541
    endloop
  endfacet
  facet normal -0.698014 -0.224976 -0.679825
    outer loop
      vertex -27.0058 5.39275 17.2019
      vertex -27.0357 5.39275 17.2326
      vertex -27.1204 5.89275 17.1541
    endloop
  endfacet
  facet normal 0.77663 -0.224801 -0.588481
    outer loop
      vertex -25.028 8.89275 16.8778
      vertex -25.1234 8.39275 16.9429
      vertex -25.1284 8.89275 16.7453
    endloop
  endfacet
  facet normal 0.216925 -0.224666 -0.949983
    outer loop
      vertex -26.0166 7.89275 16.4343
      vertex -26.0479 7.39275 16.5454
      vertex -26.1563 7.89275 16.4024
    endloop
  endfacet
  facet normal 0.216785 -0.224703 -0.950007
    outer loop
      vertex -26.1563 7.89275 16.4024
      vertex -26.0479 7.39275 16.5454
      vertex -26.1763 7.39275 16.5161
    endloop
  endfacet
  facet normal -0.444026 -0.224551 -0.86742
    outer loop
      vertex -26.8542 6.39275 16.8234
      vertex -26.9509 6.39275 16.8729
      vertex -27.0086 6.89275 16.773
    endloop
  endfacet
  facet normal -0.444823 -0.224751 -0.86696
    outer loop
      vertex -26.9016 6.89275 16.7181
      vertex -26.8542 6.39275 16.8234
      vertex -27.0086 6.89275 16.773
    endloop
  endfacet
  facet normal -0.355869 -0.224772 -0.907102
    outer loop
      vertex -26.7897 6.89275 16.6742
      vertex -26.8542 6.39275 16.8234
      vertex -26.9016 6.89275 16.7181
    endloop
  endfacet
  facet normal 0.944376 -0.224619 -0.240207
    outer loop
      vertex -24.702 9.39275 17.2917
      vertex -24.6582 9.39275 17.4639
      vertex -24.7713 8.89275 17.4868
    endloop
  endfacet
  facet normal 0.963563 -0.22461 -0.145247
    outer loop
      vertex -24.6582 9.39275 17.4639
      vertex -24.6317 9.39275 17.6397
      vertex -24.7713 8.89275 17.4868
    endloop
  endfacet
  facet normal 0.568527 -0.224712 -0.791379
    outer loop
      vertex -25.438 8.39275 16.6037
      vertex -25.582 7.39275 16.7842
      vertex -25.6263 7.89275 16.6104
    endloop
  endfacet
  facet normal -0.0729997 -0.224623 -0.971707
    outer loop
      vertex -26.4358 6.89275 16.6118
      vertex -26.5556 6.89275 16.6208
      vertex -26.57 7.39275 16.5063
    endloop
  endfacet
  facet normal -0.073264 -0.224687 -0.971673
    outer loop
      vertex -26.4387 7.39275 16.4964
      vertex -26.4358 6.89275 16.6118
      vertex -26.57 7.39275 16.5063
    endloop
  endfacet
  facet normal 0.0244086 -0.224687 -0.974125
    outer loop
      vertex -26.307 7.39275 16.4997
      vertex -26.4358 6.89275 16.6118
      vertex -26.4387 7.39275 16.4964
    endloop
  endfacet
  facet normal -0.680463 -0.224642 -0.6975
    outer loop
      vertex -27.0508 5.89275 17.0862
      vertex -27.1204 5.89275 17.1541
      vertex -27.1272 6.39275 16.9997
    endloop
  endfacet
  facet normal -0.680768 -0.222743 -0.697812
    outer loop
      vertex -27.0508 5.89275 17.0862
      vertex -27.0058 5.39275 17.2019
      vertex -27.1204 5.89275 17.1541
    endloop
  endfacet
  facet normal -0.662308 -0.224979 -0.714655
    outer loop
      vertex -26.9744 5.39275 17.1728
      vertex -27.0058 5.39275 17.2019
      vertex -27.0508 5.89275 17.0862
    endloop
  endfacet
  facet normal -0.627342 -0.224985 -0.745536
    outer loop
      vertex -26.9416 5.39275 17.1452
      vertex -26.9744 5.39275 17.1728
      vertex -27.0508 5.89275 17.0862
    endloop
  endfacet
  facet normal -0.607636 -0.224636 -0.761786
    outer loop
      vertex -27.0422 6.39275 16.9319
      vertex -27.0508 5.89275 17.0862
      vertex -27.1272 6.39275 16.9997
    endloop
  endfacet
  facet normal 0.831349 -0.224796 -0.508257
    outer loop
      vertex -25.028 8.89275 16.8778
      vertex -25.0427 8.39275 17.0749
      vertex -25.1234 8.39275 16.9429
    endloop
  endfacet
  facet normal 0.831502 -0.224716 -0.508042
    outer loop
      vertex -25.028 8.89275 16.8778
      vertex -24.9413 8.89275 17.0197
      vertex -25.0427 8.39275 17.0749
    endloop
  endfacet
  facet normal 0.878017 -0.224717 -0.422597
    outer loop
      vertex -24.9413 8.89275 17.0197
      vertex -24.8692 8.89275 17.1695
      vertex -25.0427 8.39275 17.0749
    endloop
  endfacet
  facet normal 0.309917 -0.224677 -0.923835
    outer loop
      vertex -26.0166 7.89275 16.4343
      vertex -25.923 7.39275 16.5873
      vertex -26.0479 7.39275 16.5454
    endloop
  endfacet
  facet normal 0.310398 -0.224547 -0.923705
    outer loop
      vertex -25.8809 7.89275 16.4799
      vertex -25.923 7.39275 16.5873
      vertex -26.0166 7.89275 16.4343
    endloop
  endfacet
  facet normal -0.356643 -0.224595 -0.906842
    outer loop
      vertex -26.7897 6.89275 16.6742
      vertex -26.753 6.39275 16.7836
      vertex -26.8542 6.39275 16.8234
    endloop
  endfacet
  facet normal 0.644858 -0.224776 -0.730503
    outer loop
      vertex -25.322 8.39275 16.7061
      vertex -25.4026 7.89275 16.7888
      vertex -25.438 8.39275 16.6037
    endloop
  endfacet
  facet normal 0.0243128 -0.224664 -0.974133
    outer loop
      vertex -26.307 7.39275 16.4997
      vertex -26.3156 6.89275 16.6148
      vertex -26.4358 6.89275 16.6118
    endloop
  endfacet
  facet normal 0.121319 -0.224657 -0.966856
    outer loop
      vertex -26.307 7.39275 16.4997
      vertex -26.1763 7.39275 16.5161
      vertex -26.3156 6.89275 16.6148
    endloop
  endfacet
  facet normal -0.586793 -0.225023 -0.777842
    outer loop
      vertex -26.9074 5.39275 17.1194
      vertex -26.9416 5.39275 17.1452
      vertex -26.9748 5.89275 17.0256
    endloop
  endfacet
  facet normal -0.549876 -0.225022 -0.804364
    outer loop
      vertex -26.872 5.39275 17.0952
      vertex -26.9074 5.39275 17.1194
      vertex -26.9748 5.89275 17.0256
    endloop
  endfacet
  facet normal -0.607785 -0.222685 -0.762239
    outer loop
      vertex -26.9748 5.89275 17.0256
      vertex -26.9416 5.39275 17.1452
      vertex -27.0508 5.89275 17.0862
    endloop
  endfacet
  facet normal -0.607502 -0.224668 -0.761883
    outer loop
      vertex -27.0422 6.39275 16.9319
      vertex -26.9748 5.89275 17.0256
      vertex -27.0508 5.89275 17.0862
    endloop
  endfacet
  facet normal 0.878005 -0.224707 -0.422627
    outer loop
      vertex -24.8692 8.89275 17.1695
      vertex -24.9756 8.39275 17.2143
      vertex -25.0427 8.39275 17.0749
    endloop
  endfacet
  facet normal 0.401117 -0.224534 -0.888082
    outer loop
      vertex -25.8809 7.89275 16.4799
      vertex -25.803 7.39275 16.6415
      vertex -25.923 7.39275 16.5873
    endloop
  endfacet
  facet normal -0.263521 -0.224626 -0.938136
    outer loop
      vertex -26.674 6.89275 16.6417
      vertex -26.6483 6.39275 16.7542
      vertex -26.7897 6.89275 16.6742
    endloop
  endfacet
  facet normal -0.263439 -0.224607 -0.938164
    outer loop
      vertex -26.6483 6.39275 16.7542
      vertex -26.753 6.39275 16.7836
      vertex -26.7897 6.89275 16.6742
    endloop
  endfacet
  facet normal 0.714067 -0.22477 -0.663013
    outer loop
      vertex -25.322 8.39275 16.7061
      vertex -25.3052 7.89275 16.8937
      vertex -25.4026 7.89275 16.7888
    endloop
  endfacet
  facet normal 0.714377 -0.22465 -0.66272
    outer loop
      vertex -25.2168 8.39275 16.8195
      vertex -25.3052 7.89275 16.8937
      vertex -25.322 8.39275 16.7061
    endloop
  endfacet
  facet normal 0.776977 -0.224641 -0.588085
    outer loop
      vertex -25.1234 8.39275 16.9429
      vertex -25.2168 8.39275 16.8195
      vertex -25.1284 8.89275 16.7453
    endloop
  endfacet
  facet normal 0.776977 -0.224641 -0.588085
    outer loop
      vertex -25.2168 8.39275 16.8195
      vertex -25.1234 8.39275 16.9429
      vertex -25.3052 7.89275 16.8937
    endloop
  endfacet
  facet normal 0.121561 -0.224716 -0.966812
    outer loop
      vertex -26.1763 7.39275 16.5161
      vertex -26.1963 6.89275 16.6298
      vertex -26.3156 6.89275 16.6148
    endloop
  endfacet
  facet normal -0.506973 -0.225021 -0.832072
    outer loop
      vertex -26.8354 5.39275 17.0729
      vertex -26.872 5.39275 17.0952
      vertex -26.8932 5.89275 16.9729
    endloop
  endfacet
  facet normal -0.466413 -0.225011 -0.85547
    outer loop
      vertex -26.7978 5.39275 17.0524
      vertex -26.8354 5.39275 17.0729
      vertex -26.8932 5.89275 16.9729
    endloop
  endfacet
  facet normal -0.444009 -0.224716 -0.867386
    outer loop
      vertex -26.8542 6.39275 16.8234
      vertex -26.8932 5.89275 16.9729
      vertex -26.9509 6.39275 16.8729
    endloop
  endfacet
  facet normal -0.528657 -0.224662 -0.818565
    outer loop
      vertex -26.8932 5.89275 16.9729
      vertex -26.9748 5.89275 17.0256
      vertex -27.0422 6.39275 16.9319
    endloop
  endfacet
  facet normal -0.528874 -0.224714 -0.81841
    outer loop
      vertex -26.9509 6.39275 16.8729
      vertex -26.8932 5.89275 16.9729
      vertex -27.0422 6.39275 16.9319
    endloop
  endfacet
  facet normal -0.528896 -0.222737 -0.818936
    outer loop
      vertex -26.8932 5.89275 16.9729
      vertex -26.872 5.39275 17.0952
      vertex -26.9748 5.89275 17.0256
    endloop
  endfacet
  facet normal 0.944334 -0.224663 -0.240333
    outer loop
      vertex -24.7713 8.89275 17.4868
      vertex -24.8123 8.89275 17.3257
      vertex -24.702 9.39275 17.2917
    endloop
  endfacet
  facet normal 0.944334 -0.224663 -0.240333
    outer loop
      vertex -24.8123 8.89275 17.3257
      vertex -24.7713 8.89275 17.4868
      vertex -24.9226 8.39275 17.3597
    endloop
  endfacet
  facet normal 0.915582 -0.224657 -0.333525
    outer loop
      vertex -24.8692 8.89275 17.1695
      vertex -24.8123 8.89275 17.3257
      vertex -24.9226 8.39275 17.3597
    endloop
  endfacet
  facet normal 0.915499 -0.224719 -0.33371
    outer loop
      vertex -24.8692 8.89275 17.1695
      vertex -24.9226 8.39275 17.3597
      vertex -24.9756 8.39275 17.2143
    endloop
  endfacet
  facet normal 0.487351 -0.224684 -0.843805
    outer loop
      vertex -25.7503 7.89275 16.5388
      vertex -25.6889 7.39275 16.7074
      vertex -25.803 7.39275 16.6415
    endloop
  endfacet
  facet normal 0.487256 -0.224712 -0.843852
    outer loop
      vertex -25.6263 7.89275 16.6104
      vertex -25.6889 7.39275 16.7074
      vertex -25.7503 7.89275 16.5388
    endloop
  endfacet
  facet normal -0.169392 -0.224597 -0.959616
    outer loop
      vertex -26.5556 6.89275 16.6208
      vertex -26.5413 6.39275 16.7353
      vertex -26.674 6.89275 16.6417
    endloop
  endfacet
  facet normal -0.169499 -0.224588 -0.959599
    outer loop
      vertex -26.6483 6.39275 16.7542
      vertex -26.5413 6.39275 16.7353
      vertex -26.6227 5.89275 16.8667
    endloop
  endfacet
  facet normal -0.169498 -0.22462 -0.959592
    outer loop
      vertex -26.5413 6.39275 16.7353
      vertex -26.6483 6.39275 16.7542
      vertex -26.674 6.89275 16.6417
    endloop
  endfacet
  facet normal 0.776787 -0.224544 -0.588372
    outer loop
      vertex -25.1234 8.39275 16.9429
      vertex -25.2187 7.89275 17.0079
      vertex -25.3052 7.89275 16.8937
    endloop
  endfacet
  facet normal 0.216787 -0.224664 -0.950015
    outer loop
      vertex -26.0479 7.39275 16.5454
      vertex -26.0792 6.89275 16.6565
      vertex -26.1763 7.39275 16.5161
    endloop
  endfacet
  facet normal 0.21662 -0.224705 -0.950044
    outer loop
      vertex -26.1763 7.39275 16.5161
      vertex -26.0792 6.89275 16.6565
      vertex -26.1963 6.89275 16.6298
    endloop
  endfacet
  facet normal -0.422978 -0.224871 -0.877794
    outer loop
      vertex -26.7592 5.39275 17.0338
      vertex -26.7978 5.39275 17.0524
      vertex -26.8067 5.89275 16.9286
    endloop
  endfacet
  facet normal -0.379438 -0.224875 -0.897473
    outer loop
      vertex -26.7197 5.39275 17.0171
      vertex -26.7592 5.39275 17.0338
      vertex -26.8067 5.89275 16.9286
    endloop
  endfacet
  facet normal -0.444383 -0.222753 -0.867701
    outer loop
      vertex -26.8067 5.89275 16.9286
      vertex -26.7978 5.39275 17.0524
      vertex -26.8932 5.89275 16.9729
    endloop
  endfacet
  facet normal -0.444182 -0.224679 -0.867307
    outer loop
      vertex -26.8542 6.39275 16.8234
      vertex -26.8067 5.89275 16.9286
      vertex -26.8932 5.89275 16.9729
    endloop
  endfacet
  facet normal 0.944388 -0.224755 -0.240035
    outer loop
      vertex -24.7713 8.89275 17.4868
      vertex -24.8845 8.39275 17.5096
      vertex -24.9226 8.39275 17.3597
    endloop
  endfacet
  facet normal 0.645026 -0.224716 -0.730372
    outer loop
      vertex -25.438 8.39275 16.6037
      vertex -25.4026 7.89275 16.7888
      vertex -25.582 7.39275 16.7842
    endloop
  endfacet
  facet normal 0.568543 -0.224707 -0.79137
    outer loop
      vertex -25.6263 7.89275 16.6104
      vertex -25.582 7.39275 16.7842
      vertex -25.6889 7.39275 16.7074
    endloop
  endfacet
  facet normal -0.0729986 -0.22469 -0.971692
    outer loop
      vertex -26.4358 6.89275 16.6118
      vertex -26.4329 6.39275 16.7272
      vertex -26.5556 6.89275 16.6208
    endloop
  endfacet
  facet normal 0.0243127 -0.224688 -0.974127
    outer loop
      vertex -26.3156 6.89275 16.6148
      vertex -26.4329 6.39275 16.7272
      vertex -26.4358 6.89275 16.6118
    endloop
  endfacet
  facet normal -0.0726116 -0.224605 -0.971741
    outer loop
      vertex -26.4329 6.39275 16.7272
      vertex -26.5413 6.39275 16.7353
      vertex -26.5556 6.89275 16.6208
    endloop
  endfacet
  facet normal 0.831366 -0.224714 -0.508267
    outer loop
      vertex -25.1234 8.39275 16.9429
      vertex -25.0427 8.39275 17.0749
      vertex -25.1441 7.89275 17.1301
    endloop
  endfacet
  facet normal 0.878003 -0.224717 -0.422626
    outer loop
      vertex -25.0427 8.39275 17.0749
      vertex -24.9756 8.39275 17.2143
      vertex -25.1441 7.89275 17.1301
    endloop
  endfacet
  facet normal 0.83173 -0.224535 -0.50775
    outer loop
      vertex -25.1234 8.39275 16.9429
      vertex -25.1441 7.89275 17.1301
      vertex -25.2187 7.89275 17.0079
    endloop
  endfacet
  facet normal 0.31033 -0.224672 -0.923698
    outer loop
      vertex -26.0479 7.39275 16.5454
      vertex -25.9652 6.89275 16.6948
      vertex -26.0792 6.89275 16.6565
    endloop
  endfacet
  facet normal 0.30991 -0.224776 -0.923813
    outer loop
      vertex -25.923 7.39275 16.5873
      vertex -25.9652 6.89275 16.6948
      vertex -26.0479 7.39275 16.5454
    endloop
  endfacet
  facet normal 0.401094 -0.224779 -0.888031
    outer loop
      vertex -25.923 7.39275 16.5873
      vertex -25.803 7.39275 16.6415
      vertex -25.9652 6.89275 16.6948
    endloop
  endfacet
  facet normal -0.356014 -0.222589 -0.907584
    outer loop
      vertex -26.7162 5.89275 16.8931
      vertex -26.7197 5.39275 17.0171
      vertex -26.8067 5.89275 16.9286
    endloop
  endfacet
  facet normal -0.263424 -0.224835 -0.938113
    outer loop
      vertex -26.6483 6.39275 16.7542
      vertex -26.7162 5.89275 16.8931
      vertex -26.753 6.39275 16.7836
    endloop
  endfacet
  facet normal -0.355839 -0.224667 -0.90714
    outer loop
      vertex -26.7162 5.89275 16.8931
      vertex -26.8067 5.89275 16.9286
      vertex -26.8542 6.39275 16.8234
    endloop
  endfacet
  facet normal -0.331895 -0.224875 -0.916121
    outer loop
      vertex -26.7162 5.89275 16.8931
      vertex -26.6794 5.39275 17.0025
      vertex -26.7197 5.39275 17.0171
    endloop
  endfacet
  facet normal -0.286875 -0.224861 -0.931204
    outer loop
      vertex -26.6385 5.39275 16.9899
      vertex -26.6794 5.39275 17.0025
      vertex -26.7162 5.89275 16.8931
    endloop
  endfacet
  facet normal -0.356623 -0.224835 -0.906791
    outer loop
      vertex -26.753 6.39275 16.7836
      vertex -26.7162 5.89275 16.8931
      vertex -26.8542 6.39275 16.8234
    endloop
  endfacet
  facet normal 0.963493 -0.224768 -0.145469
    outer loop
      vertex -24.7713 8.89275 17.4868
      vertex -24.8614 8.39275 17.6626
      vertex -24.8845 8.39275 17.5096
    endloop
  endfacet
  facet normal 0.973197 -0.224808 -0.048471
    outer loop
      vertex -24.7382 8.89275 17.8172
      vertex -24.8537 8.39275 17.8172
      vertex -24.8614 8.39275 17.6626
    endloop
  endfacet
  facet normal 0.963573 -0.224656 -0.145108
    outer loop
      vertex -24.7713 8.89275 17.4868
      vertex -24.6317 9.39275 17.6397
      vertex -24.8614 8.39275 17.6626
    endloop
  endfacet
  facet normal 0.973206 -0.224666 -0.0489387
    outer loop
      vertex -24.6317 9.39275 17.6397
      vertex -24.7382 8.89275 17.8172
      vertex -24.8614 8.39275 17.6626
    endloop
  endfacet
  facet normal 0.64481 -0.224636 -0.730588
    outer loop
      vertex -25.4026 7.89275 16.7888
      vertex -25.4832 7.39275 16.8714
      vertex -25.582 7.39275 16.7842
    endloop
  endfacet
  facet normal 0.0241966 -0.224662 -0.974136
    outer loop
      vertex -26.3156 6.89275 16.6148
      vertex -26.3242 6.39275 16.7299
      vertex -26.4329 6.39275 16.7272
    endloop
  endfacet
  facet normal 0.877759 -0.224533 -0.42323
    outer loop
      vertex -24.9756 8.39275 17.2143
      vertex -25.0819 7.89275 17.2591
      vertex -25.1441 7.89275 17.1301
    endloop
  endfacet
  facet normal 0.40042 -0.224598 -0.888381
    outer loop
      vertex -25.803 7.39275 16.6415
      vertex -25.8556 6.89275 16.7442
      vertex -25.9652 6.89275 16.6948
    endloop
  endfacet
  facet normal -0.264899 -0.222798 -0.938184
    outer loop
      vertex -26.6227 5.89275 16.8667
      vertex -26.6385 5.39275 16.9899
      vertex -26.7162 5.89275 16.8931
    endloop
  endfacet
  facet normal -0.241131 -0.224995 -0.944051
    outer loop
      vertex -26.6227 5.89275 16.8667
      vertex -26.597 5.39275 16.9793
      vertex -26.6385 5.39275 16.9899
    endloop
  endfacet
  facet normal -0.193273 -0.225 -0.954998
    outer loop
      vertex -26.555 5.39275 16.9708
      vertex -26.597 5.39275 16.9793
      vertex -26.6227 5.89275 16.8667
    endloop
  endfacet
  facet normal -0.264789 -0.224561 -0.937795
    outer loop
      vertex -26.6483 6.39275 16.7542
      vertex -26.6227 5.89275 16.8667
      vertex -26.7162 5.89275 16.8931
    endloop
  endfacet
  facet normal 0.71409 -0.224644 -0.663031
    outer loop
      vertex -25.4026 7.89275 16.7888
      vertex -25.3936 7.39275 16.9679
      vertex -25.4832 7.39275 16.8714
    endloop
  endfacet
  facet normal 0.714088 -0.224645 -0.663033
    outer loop
      vertex -25.3052 7.89275 16.8937
      vertex -25.3936 7.39275 16.9679
      vertex -25.4026 7.89275 16.7888
    endloop
  endfacet
  facet normal 0.121085 -0.22466 -0.966885
    outer loop
      vertex -26.3156 6.89275 16.6148
      vertex -26.2164 6.39275 16.7434
      vertex -26.3242 6.39275 16.7299
    endloop
  endfacet
  facet normal 0.121565 -0.224555 -0.966849
    outer loop
      vertex -26.1963 6.89275 16.6298
      vertex -26.2164 6.39275 16.7434
      vertex -26.3156 6.89275 16.6148
    endloop
  endfacet
  facet normal 0.915676 -0.22454 -0.333344
    outer loop
      vertex -24.9756 8.39275 17.2143
      vertex -25.0329 7.89275 17.3937
      vertex -25.0819 7.89275 17.2591
    endloop
  endfacet
  facet normal 0.915513 -0.224655 -0.333715
    outer loop
      vertex -24.9756 8.39275 17.2143
      vertex -24.9226 8.39275 17.3597
      vertex -25.0329 7.89275 17.3937
    endloop
  endfacet
  facet normal 0.487565 -0.224589 -0.843706
    outer loop
      vertex -25.803 7.39275 16.6415
      vertex -25.7516 6.89275 16.8043
      vertex -25.8556 6.89275 16.7442
    endloop
  endfacet
  facet normal 0.487355 -0.224645 -0.843812
    outer loop
      vertex -25.6889 7.39275 16.7074
      vertex -25.7516 6.89275 16.8043
      vertex -25.803 7.39275 16.6415
    endloop
  endfacet
  facet normal 0.568548 -0.224665 -0.791378
    outer loop
      vertex -25.6889 7.39275 16.7074
      vertex -25.582 7.39275 16.7842
      vertex -25.7516 6.89275 16.8043
    endloop
  endfacet
  facet normal -0.145433 -0.224799 -0.963491
    outer loop
      vertex -26.5269 5.89275 16.8499
      vertex -26.5126 5.39275 16.9644
      vertex -26.555 5.39275 16.9708
    endloop
  endfacet
  facet normal -0.0976311 -0.224808 -0.9695
    outer loop
      vertex -26.4699 5.39275 16.9601
      vertex -26.5126 5.39275 16.9644
      vertex -26.5269 5.89275 16.8499
    endloop
  endfacet
  facet normal -0.168391 -0.22272 -0.960229
    outer loop
      vertex -26.5269 5.89275 16.8499
      vertex -26.555 5.39275 16.9708
      vertex -26.6227 5.89275 16.8667
    endloop
  endfacet
  facet normal -0.168308 -0.224823 -0.959754
    outer loop
      vertex -26.5413 6.39275 16.7353
      vertex -26.5269 5.89275 16.8499
      vertex -26.6227 5.89275 16.8667
    endloop
  endfacet
  facet normal 0.77676 -0.224692 -0.588352
    outer loop
      vertex -25.3052 7.89275 16.8937
      vertex -25.2187 7.89275 17.0079
      vertex -25.3141 7.39275 17.0729
    endloop
  endfacet
  facet normal 0.776881 -0.224643 -0.58821
    outer loop
      vertex -25.3052 7.89275 16.8937
      vertex -25.3141 7.39275 17.0729
      vertex -25.3936 7.39275 16.9679
    endloop
  endfacet
  facet normal 0.216624 -0.224621 -0.950063
    outer loop
      vertex -26.0792 6.89275 16.6565
      vertex -26.1104 6.39275 16.7676
      vertex -26.1963 6.89275 16.6298
    endloop
  endfacet
  facet normal 0.21689 -0.224563 -0.950016
    outer loop
      vertex -26.1963 6.89275 16.6298
      vertex -26.1104 6.39275 16.7676
      vertex -26.2164 6.39275 16.7434
    endloop
  endfacet
  facet normal 0.963528 -0.224613 -0.145474
    outer loop
      vertex -24.8845 8.39275 17.5096
      vertex -24.8614 8.39275 17.6626
      vertex -24.9976 7.89275 17.5325
    endloop
  endfacet
  facet normal 0.944374 -0.224661 -0.240176
    outer loop
      vertex -24.9226 8.39275 17.3597
      vertex -24.9976 7.89275 17.5325
      vertex -25.0329 7.89275 17.3937
    endloop
  endfacet
  facet normal 0.944418 -0.224621 -0.240042
    outer loop
      vertex -24.9226 8.39275 17.3597
      vertex -24.8845 8.39275 17.5096
      vertex -24.9976 7.89275 17.5325
    endloop
  endfacet
  facet normal 0.644787 -0.224789 -0.730561
    outer loop
      vertex -25.582 7.39275 16.7842
      vertex -25.4832 7.39275 16.8714
      vertex -25.654 6.89275 16.8745
    endloop
  endfacet
  facet normal 0.569001 -0.224535 -0.791089
    outer loop
      vertex -25.7516 6.89275 16.8043
      vertex -25.654 6.89275 16.8745
      vertex -25.7259 6.39275 16.9647
    endloop
  endfacet
  facet normal 0.568966 -0.224793 -0.791041
    outer loop
      vertex -25.654 6.89275 16.8745
      vertex -25.7516 6.89275 16.8043
      vertex -25.582 7.39275 16.7842
    endloop
  endfacet
  facet normal -0.0726101 -0.224694 -0.97172
    outer loop
      vertex -26.4329 6.39275 16.7272
      vertex -26.43 5.89275 16.8426
      vertex -26.5413 6.39275 16.7353
    endloop
  endfacet
  facet normal -0.0477511 -0.224894 -0.973212
    outer loop
      vertex -26.43 5.89275 16.8426
      vertex -26.4271 5.39275 16.958
      vertex -26.4699 5.39275 16.9601
    endloop
  endfacet
  facet normal -0 -0.224888 -0.974385
    outer loop
      vertex -26.3843 5.39275 16.958
      vertex -26.4271 5.39275 16.958
      vertex -26.43 5.89275 16.8426
    endloop
  endfacet
  facet normal -0.0732375 -0.222611 -0.972152
    outer loop
      vertex -26.43 5.89275 16.8426
      vertex -26.4699 5.39275 16.9601
      vertex -26.5269 5.89275 16.8499
    endloop
  endfacet
  facet normal 0.0241964 -0.224689 -0.97413
    outer loop
      vertex -26.3242 6.39275 16.7299
      vertex -26.43 5.89275 16.8426
      vertex -26.4329 6.39275 16.7272
    endloop
  endfacet
  facet normal -0.0731996 -0.22481 -0.971649
    outer loop
      vertex -26.43 5.89275 16.8426
      vertex -26.5269 5.89275 16.8499
      vertex -26.5413 6.39275 16.7353
    endloop
  endfacet
  facet normal 0.831724 -0.224563 -0.507747
    outer loop
      vertex -25.2187 7.89275 17.0079
      vertex -25.1441 7.89275 17.1301
      vertex -25.2454 7.39275 17.1853
    endloop
  endfacet
  facet normal 0.877754 -0.224557 -0.423227
    outer loop
      vertex -25.1441 7.89275 17.1301
      vertex -25.0819 7.89275 17.2591
      vertex -25.2454 7.39275 17.1853
    endloop
  endfacet
  facet normal 0.831425 -0.224699 -0.508175
    outer loop
      vertex -25.2187 7.89275 17.0079
      vertex -25.2454 7.39275 17.1853
      vertex -25.3141 7.39275 17.0729
    endloop
  endfacet
  facet normal 0.310299 -0.224614 -0.923722
    outer loop
      vertex -26.0792 6.89275 16.6565
      vertex -26.0074 6.39275 16.8022
      vertex -26.1104 6.39275 16.7676
    endloop
  endfacet
  facet normal 0.310335 -0.224606 -0.923712
    outer loop
      vertex -25.9652 6.89275 16.6948
      vertex -26.0074 6.39275 16.8022
      vertex -26.0792 6.89275 16.6565
    endloop
  endfacet
  facet normal 0.973208 -0.224758 -0.0484716
    outer loop
      vertex -24.8614 8.39275 17.6626
      vertex -24.8537 8.39275 17.8172
      vertex -24.9763 7.89275 17.6741
    endloop
  endfacet
  facet normal 0.973216 -0.224618 -0.0489668
    outer loop
      vertex -24.8537 8.39275 17.8172
      vertex -24.9691 7.89275 17.8172
      vertex -24.9763 7.89275 17.6741
    endloop
  endfacet
  facet normal 0.644311 -0.224629 -0.73103
    outer loop
      vertex -25.4832 7.39275 16.8714
      vertex -25.5638 6.89275 16.954
      vertex -25.654 6.89275 16.8745
    endloop
  endfacet
  facet normal 0.0477515 -0.224857 -0.973221
    outer loop
      vertex -26.3329 5.89275 16.845
      vertex -26.3415 5.39275 16.9601
      vertex -26.3843 5.39275 16.958
    endloop
  endfacet
  facet normal 0.0978569 -0.224854 -0.969466
    outer loop
      vertex -26.3329 5.89275 16.845
      vertex -26.2989 5.39275 16.9644
      vertex -26.3415 5.39275 16.9601
    endloop
  endfacet
  facet normal 0.121084 -0.224683 -0.96688
    outer loop
      vertex -26.3242 6.39275 16.7299
      vertex -26.2164 6.39275 16.7434
      vertex -26.3329 5.89275 16.845
    endloop
  endfacet
  facet normal 0.0240776 -0.224666 -0.974138
    outer loop
      vertex -26.3242 6.39275 16.7299
      vertex -26.3329 5.89275 16.845
      vertex -26.43 5.89275 16.8426
    endloop
  endfacet
  facet normal 0.0240885 -0.222732 -0.974582
    outer loop
      vertex -26.3329 5.89275 16.845
      vertex -26.3843 5.39275 16.958
      vertex -26.43 5.89275 16.8426
    endloop
  endfacet
  facet normal 0.878092 -0.22479 -0.422402
    outer loop
      vertex -25.0819 7.89275 17.2591
      vertex -25.1883 7.39275 17.304
      vertex -25.2454 7.39275 17.1853
    endloop
  endfacet
  facet normal 0.400413 -0.224674 -0.888365
    outer loop
      vertex -25.8556 6.89275 16.7442
      vertex -25.9083 6.39275 16.8469
      vertex -25.9652 6.89275 16.6948
    endloop
  endfacet
  facet normal 0.714067 -0.224781 -0.66301
    outer loop
      vertex -25.3936 7.39275 16.9679
      vertex -25.4821 6.89275 17.0421
      vertex -25.4832 7.39275 16.8714
    endloop
  endfacet
  facet normal 0.776854 -0.224791 -0.58819
    outer loop
      vertex -25.3936 7.39275 16.9679
      vertex -25.3141 7.39275 17.0729
      vertex -25.4821 6.89275 17.0421
    endloop
  endfacet
  facet normal 0.714498 -0.224638 -0.662594
    outer loop
      vertex -25.4832 7.39275 16.8714
      vertex -25.4821 6.89275 17.0421
      vertex -25.5638 6.89275 16.954
    endloop
  endfacet
  facet normal 0.145428 -0.224937 -0.963459
    outer loop
      vertex -26.2364 5.89275 16.8571
      vertex -26.2565 5.39275 16.9708
      vertex -26.2989 5.39275 16.9644
    endloop
  endfacet
  facet normal 0.193276 -0.224939 -0.955011
    outer loop
      vertex -26.2364 5.89275 16.8571
      vertex -26.2145 5.39275 16.9793
      vertex -26.2565 5.39275 16.9708
    endloop
  endfacet
  facet normal 0.121289 -0.222744 -0.967302
    outer loop
      vertex -26.2364 5.89275 16.8571
      vertex -26.2989 5.39275 16.9644
      vertex -26.3329 5.89275 16.845
    endloop
  endfacet
  facet normal 0.121233 -0.224712 -0.966854
    outer loop
      vertex -26.2164 6.39275 16.7434
      vertex -26.2364 5.89275 16.8571
      vertex -26.3329 5.89275 16.845
    endloop
  endfacet
  facet normal 0.915651 -0.224659 -0.333335
    outer loop
      vertex -25.0819 7.89275 17.2591
      vertex -25.0329 7.89275 17.3937
      vertex -25.1432 7.39275 17.4277
    endloop
  endfacet
  facet normal 0.915462 -0.224783 -0.33377
    outer loop
      vertex -25.0819 7.89275 17.2591
      vertex -25.1432 7.39275 17.4277
      vertex -25.1883 7.39275 17.304
    endloop
  endfacet
  facet normal 0.944374 -0.224661 -0.240176
    outer loop
      vertex -25.0329 7.89275 17.3937
      vertex -24.9976 7.89275 17.5325
      vertex -25.1432 7.39275 17.4277
    endloop
  endfacet
  facet normal 0.48755 -0.224715 -0.843681
    outer loop
      vertex -25.7516 6.89275 16.8043
      vertex -25.8142 6.39275 16.9013
      vertex -25.8556 6.89275 16.7442
    endloop
  endfacet
  facet normal 0.487696 -0.22468 -0.843606
    outer loop
      vertex -25.8556 6.89275 16.7442
      vertex -25.8142 6.39275 16.9013
      vertex -25.9083 6.39275 16.8469
    endloop
  endfacet
  facet normal 0.77689 -0.224806 -0.588136
    outer loop
      vertex -25.3141 7.39275 17.0729
      vertex -25.4095 6.89275 17.138
      vertex -25.4821 6.89275 17.0421
    endloop
  endfacet
  facet normal 0.241128 -0.225049 -0.944039
    outer loop
      vertex -26.1417 5.89275 16.8787
      vertex -26.173 5.39275 16.9899
      vertex -26.2145 5.39275 16.9793
    endloop
  endfacet
  facet normal 0.286222 -0.225052 -0.931358
    outer loop
      vertex -26.1417 5.89275 16.8787
      vertex -26.132 5.39275 17.0025
      vertex -26.173 5.39275 16.9899
    endloop
  endfacet
  facet normal 0.216885 -0.224665 -0.949993
    outer loop
      vertex -26.1104 6.39275 16.7676
      vertex -26.1417 5.89275 16.8787
      vertex -26.2164 6.39275 16.7434
    endloop
  endfacet
  facet normal 0.216788 -0.222796 -0.950455
    outer loop
      vertex -26.1417 5.89275 16.8787
      vertex -26.2145 5.39275 16.9793
      vertex -26.2364 5.89275 16.8571
    endloop
  endfacet
  facet normal 0.216691 -0.224704 -0.950028
    outer loop
      vertex -26.2164 6.39275 16.7434
      vertex -26.1417 5.89275 16.8787
      vertex -26.2364 5.89275 16.8571
    endloop
  endfacet
  facet normal 0.644326 -0.224535 -0.731046
    outer loop
      vertex -25.654 6.89275 16.8745
      vertex -25.5638 6.89275 16.954
      vertex -25.7259 6.39275 16.9647
    endloop
  endfacet
  facet normal 0.568322 -0.22471 -0.791527
    outer loop
      vertex -25.7516 6.89275 16.8043
      vertex -25.7259 6.39275 16.9647
      vertex -25.8142 6.39275 16.9013
    endloop
  endfacet
  facet normal 0.831222 -0.224799 -0.508464
    outer loop
      vertex -25.3141 7.39275 17.0729
      vertex -25.3468 6.89275 17.2405
      vertex -25.4095 6.89275 17.138
    endloop
  endfacet
  facet normal 0.878108 -0.224714 -0.422409
    outer loop
      vertex -25.2454 7.39275 17.1853
      vertex -25.1883 7.39275 17.304
      vertex -25.3468 6.89275 17.2405
    endloop
  endfacet
  facet normal 0.831422 -0.224715 -0.508174
    outer loop
      vertex -25.3141 7.39275 17.0729
      vertex -25.2454 7.39275 17.1853
      vertex -25.3468 6.89275 17.2405
    endloop
  endfacet
  facet normal 0.331906 -0.224736 -0.916151
    outer loop
      vertex -26.0496 5.89275 16.9097
      vertex -26.0917 5.39275 17.0171
      vertex -26.132 5.39275 17.0025
    endloop
  endfacet
  facet normal 0.400661 -0.224616 -0.888267
    outer loop
      vertex -25.9083 6.39275 16.8469
      vertex -26.0074 6.39275 16.8022
      vertex -25.9652 6.89275 16.6948
    endloop
  endfacet
  facet normal 0.400645 -0.224784 -0.888232
    outer loop
      vertex -26.0074 6.39275 16.8022
      vertex -25.9083 6.39275 16.8469
      vertex -26.0496 5.89275 16.9097
    endloop
  endfacet
  facet normal 0.379451 -0.224733 -0.897503
    outer loop
      vertex -26.0496 5.89275 16.9097
      vertex -26.0522 5.39275 17.0338
      vertex -26.0917 5.39275 17.0171
    endloop
  endfacet
  facet normal 0.31085 -0.224666 -0.923524
    outer loop
      vertex -26.1104 6.39275 16.7676
      vertex -26.0496 5.89275 16.9097
      vertex -26.1417 5.89275 16.8787
    endloop
  endfacet
  facet normal 0.310991 -0.222735 -0.923945
    outer loop
      vertex -26.0496 5.89275 16.9097
      vertex -26.132 5.39275 17.0025
      vertex -26.1417 5.89275 16.8787
    endloop
  endfacet
  facet normal 0.310287 -0.224781 -0.923686
    outer loop
      vertex -26.0074 6.39275 16.8022
      vertex -26.0496 5.89275 16.9097
      vertex -26.1104 6.39275 16.7676
    endloop
  endfacet
  facet normal 0.963573 -0.224763 -0.144944
    outer loop
      vertex -24.9763 7.89275 17.6741
      vertex -24.9976 7.89275 17.5325
      vertex -24.8614 8.39275 17.6626
    endloop
  endfacet
  facet normal 0.963615 -0.22458 -0.144951
    outer loop
      vertex -24.9976 7.89275 17.5325
      vertex -24.9763 7.89275 17.6741
      vertex -25.0911 7.39275 17.6856
    endloop
  endfacet
  facet normal 0.973223 -0.22462 -0.0488091
    outer loop
      vertex -24.9691 7.89275 17.8172
      vertex -25.0845 7.39275 17.8172
      vertex -25.0911 7.39275 17.6856
    endloop
  endfacet
  facet normal 0.973225 -0.224579 -0.0489673
    outer loop
      vertex -24.9763 7.89275 17.6741
      vertex -24.9691 7.89275 17.8172
      vertex -25.0911 7.39275 17.6856
    endloop
  endfacet
  facet normal 0.645135 -0.22478 -0.730257
    outer loop
      vertex -25.5638 6.89275 16.954
      vertex -25.6444 6.39275 17.0367
      vertex -25.7259 6.39275 16.9647
    endloop
  endfacet
  facet normal 0.8781 -0.224709 -0.422429
    outer loop
      vertex -25.1883 7.39275 17.304
      vertex -25.2947 6.89275 17.3488
      vertex -25.3468 6.89275 17.2405
    endloop
  endfacet
  facet normal 0.40094 -0.224849 -0.888082
    outer loop
      vertex -25.9083 6.39275 16.8469
      vertex -25.961 5.89275 16.9497
      vertex -26.0496 5.89275 16.9097
    endloop
  endfacet
  facet normal 0.422986 -0.2248 -0.877809
    outer loop
      vertex -25.961 5.89275 16.9497
      vertex -26.0136 5.39275 17.0524
      vertex -26.0522 5.39275 17.0338
    endloop
  endfacet
  facet normal 0.466437 -0.224792 -0.855514
    outer loop
      vertex -25.961 5.89275 16.9497
      vertex -25.976 5.39275 17.0729
      vertex -26.0136 5.39275 17.0524
    endloop
  endfacet
  facet normal 0.40115 -0.222624 -0.888548
    outer loop
      vertex -26.0496 5.89275 16.9097
      vertex -25.961 5.89275 16.9497
      vertex -26.0522 5.39275 17.0338
    endloop
  endfacet
  facet normal 0.714107 -0.224769 -0.662971
    outer loop
      vertex -25.5638 6.89275 16.954
      vertex -25.5705 6.39275 17.1163
      vertex -25.6444 6.39275 17.0367
    endloop
  endfacet
  facet normal 0.714496 -0.224651 -0.662591
    outer loop
      vertex -25.5638 6.89275 16.954
      vertex -25.4821 6.89275 17.0421
      vertex -25.5705 6.39275 17.1163
    endloop
  endfacet
  facet normal 0.915476 -0.224717 -0.333775
    outer loop
      vertex -25.1883 7.39275 17.304
      vertex -25.1432 7.39275 17.4277
      vertex -25.2535 6.89275 17.4618
    endloop
  endfacet
  facet normal 0.915473 -0.22472 -0.333783
    outer loop
      vertex -25.1883 7.39275 17.304
      vertex -25.2535 6.89275 17.4618
      vertex -25.2947 6.89275 17.3488
    endloop
  endfacet
  facet normal 0.487692 -0.224717 -0.843599
    outer loop
      vertex -25.8142 6.39275 16.9013
      vertex -25.8768 5.89275 16.9983
      vertex -25.9083 6.39275 16.8469
    endloop
  endfacet
  facet normal 0.568322 -0.22471 -0.791527
    outer loop
      vertex -25.8142 6.39275 16.9013
      vertex -25.7259 6.39275 16.9647
      vertex -25.8768 5.89275 16.9983
    endloop
  endfacet
  facet normal 0.4871 -0.224847 -0.843906
    outer loop
      vertex -25.9083 6.39275 16.8469
      vertex -25.8768 5.89275 16.9983
      vertex -25.961 5.89275 16.9497
    endloop
  endfacet
  facet normal 0.507006 -0.224743 -0.832127
    outer loop
      vertex -25.8768 5.89275 16.9983
      vertex -25.9394 5.39275 17.0952
      vertex -25.976 5.39275 17.0729
    endloop
  endfacet
  facet normal 0.549912 -0.224745 -0.804417
    outer loop
      vertex -25.8768 5.89275 16.9983
      vertex -25.904 5.39275 17.1194
      vertex -25.9394 5.39275 17.0952
    endloop
  endfacet
  facet normal 0.48735 -0.222666 -0.84434
    outer loop
      vertex -25.961 5.89275 16.9497
      vertex -25.8768 5.89275 16.9983
      vertex -25.976 5.39275 17.0729
    endloop
  endfacet
  facet normal 0.831241 -0.224703 -0.508476
    outer loop
      vertex -25.4095 6.89275 17.138
      vertex -25.3468 6.89275 17.2405
      vertex -25.5049 6.39275 17.203
    endloop
  endfacet
  facet normal 0.776911 -0.224694 -0.588151
    outer loop
      vertex -25.4821 6.89275 17.0421
      vertex -25.4095 6.89275 17.138
      vertex -25.5049 6.39275 17.203
    endloop
  endfacet
  facet normal 0.777073 -0.224639 -0.587958
    outer loop
      vertex -25.4821 6.89275 17.0421
      vertex -25.5049 6.39275 17.203
      vertex -25.5705 6.39275 17.1163
    endloop
  endfacet
  facet normal 0.963516 -0.224704 -0.145415
    outer loop
      vertex -24.9976 7.89275 17.5325
      vertex -25.0911 7.39275 17.6856
      vertex -25.2239 6.89275 17.5783
    endloop
  endfacet
  facet normal 0.944411 -0.224711 -0.239985
    outer loop
      vertex -25.1432 7.39275 17.4277
      vertex -24.9976 7.89275 17.5325
      vertex -25.2239 6.89275 17.5783
    endloop
  endfacet
  facet normal 0.587914 -0.224839 -0.777049
    outer loop
      vertex -25.7979 5.89275 17.055
      vertex -25.8699 5.39275 17.1452
      vertex -25.904 5.39275 17.1194
    endloop
  endfacet
  facet normal 0.626243 -0.224848 -0.7465
    outer loop
      vertex -25.7979 5.89275 17.055
      vertex -25.837 5.39275 17.1728
      vertex -25.8699 5.39275 17.1452
    endloop
  endfacet
  facet normal 0.568918 -0.222691 -0.791669
    outer loop
      vertex -25.8768 5.89275 16.9983
      vertex -25.7979 5.89275 17.055
      vertex -25.904 5.39275 17.1194
    endloop
  endfacet
  facet normal 0.568637 -0.224789 -0.791278
    outer loop
      vertex -25.7259 6.39275 16.9647
      vertex -25.7979 5.89275 17.055
      vertex -25.8768 5.89275 16.9983
    endloop
  endfacet
  facet normal 0.973191 -0.224762 -0.0488074
    outer loop
      vertex -25.0911 7.39275 17.6856
      vertex -25.0845 7.39275 17.8172
      vertex -25.206 6.89275 17.6971
    endloop
  endfacet
  facet normal 0.97319 -0.224807 -0.048619
    outer loop
      vertex -25.0845 7.39275 17.8172
      vertex -25.2 6.89275 17.8172
      vertex -25.206 6.89275 17.6971
    endloop
  endfacet
  facet normal 0.644876 -0.222683 -0.731127
    outer loop
      vertex -25.7979 5.89275 17.055
      vertex -25.725 5.89275 17.1193
      vertex -25.837 5.39275 17.1728
    endloop
  endfacet
  facet normal 0.662331 -0.224833 -0.71468
    outer loop
      vertex -25.725 5.89275 17.1193
      vertex -25.8056 5.39275 17.2019
      vertex -25.837 5.39275 17.1728
    endloop
  endfacet
  facet normal 0.698038 -0.224835 -0.679848
    outer loop
      vertex -25.725 5.89275 17.1193
      vertex -25.7757 5.39275 17.2326
      vertex -25.8056 5.39275 17.2019
    endloop
  endfacet
  facet normal 0.644556 -0.224792 -0.730764
    outer loop
      vertex -25.7259 6.39275 16.9647
      vertex -25.725 5.89275 17.1193
      vertex -25.7979 5.89275 17.055
    endloop
  endfacet
  facet normal 0.645156 -0.224642 -0.730281
    outer loop
      vertex -25.6444 6.39275 17.0367
      vertex -25.725 5.89275 17.1193
      vertex -25.7259 6.39275 16.9647
    endloop
  endfacet
  facet normal 0.878118 -0.224623 -0.422437
    outer loop
      vertex -25.3468 6.89275 17.2405
      vertex -25.2947 6.89275 17.3488
      vertex -25.401 6.39275 17.3937
    endloop
  endfacet
  facet normal 0.714136 -0.224643 -0.662983
    outer loop
      vertex -25.6444 6.39275 17.0367
      vertex -25.6589 5.89275 17.1905
      vertex -25.725 5.89275 17.1193
    endloop
  endfacet
  facet normal 0.714128 -0.224646 -0.66299
    outer loop
      vertex -25.6444 6.39275 17.0367
      vertex -25.5705 6.39275 17.1163
      vertex -25.6589 5.89275 17.1905
    endloop
  endfacet
  facet normal 0.777073 -0.224639 -0.587958
    outer loop
      vertex -25.5705 6.39275 17.1163
      vertex -25.5049 6.39275 17.203
      vertex -25.6589 5.89275 17.1905
    endloop
  endfacet
  facet normal 0.730879 -0.224988 -0.644357
    outer loop
      vertex -25.6589 5.89275 17.1905
      vertex -25.7474 5.39275 17.2647
      vertex -25.7757 5.39275 17.2326
    endloop
  endfacet
  facet normal 0.760847 -0.224998 -0.608677
    outer loop
      vertex -25.6589 5.89275 17.1905
      vertex -25.7206 5.39275 17.2982
      vertex -25.7474 5.39275 17.2647
    endloop
  endfacet
  facet normal 0.714455 -0.222745 -0.663279
    outer loop
      vertex -25.725 5.89275 17.1193
      vertex -25.6589 5.89275 17.1905
      vertex -25.7757 5.39275 17.2326
    endloop
  endfacet
  facet normal 0.915449 -0.224828 -0.333774
    outer loop
      vertex -25.2947 6.89275 17.3488
      vertex -25.2535 6.89275 17.4618
      vertex -25.3639 6.39275 17.4958
    endloop
  endfacet
  facet normal 0.915862 -0.224597 -0.332796
    outer loop
      vertex -25.2947 6.89275 17.3488
      vertex -25.3639 6.39275 17.4958
      vertex -25.401 6.39275 17.3937
    endloop
  endfacet
  facet normal 0.94442 -0.224704 -0.239956
    outer loop
      vertex -25.2239 6.89275 17.5783
      vertex -25.2535 6.89275 17.4618
      vertex -25.1432 7.39275 17.4277
    endloop
  endfacet
  facet normal 0.94439 -0.224838 -0.239948
    outer loop
      vertex -25.2535 6.89275 17.4618
      vertex -25.2239 6.89275 17.5783
      vertex -25.3639 6.39275 17.4958
    endloop
  endfacet
  facet normal 0.791349 -0.224894 -0.568498
    outer loop
      vertex -25.6002 5.89275 17.268
      vertex -25.6956 5.39275 17.333
      vertex -25.7206 5.39275 17.2982
    endloop
  endfacet
  facet normal 0.819039 -0.22489 -0.527825
    outer loop
      vertex -25.6002 5.89275 17.268
      vertex -25.6724 5.39275 17.369
      vertex -25.6956 5.39275 17.333
    endloop
  endfacet
  facet normal 0.777136 -0.222687 -0.588618
    outer loop
      vertex -25.6589 5.89275 17.1905
      vertex -25.6002 5.89275 17.268
      vertex -25.7206 5.39275 17.2982
    endloop
  endfacet
  facet normal 0.776796 -0.224544 -0.58836
    outer loop
      vertex -25.5049 6.39275 17.203
      vertex -25.6002 5.89275 17.268
      vertex -25.6589 5.89275 17.1905
    endloop
  endfacet
  facet normal 0.944139 -0.224563 -0.24119
    outer loop
      vertex -25.2239 6.89275 17.5783
      vertex -25.337 6.39275 17.6011
      vertex -25.3639 6.39275 17.4958
    endloop
  endfacet
  facet normal 0.843079 -0.224747 -0.488577
    outer loop
      vertex -25.5496 5.89275 17.3509
      vertex -25.6509 5.39275 17.4061
      vertex -25.6724 5.39275 17.369
    endloop
  endfacet
  facet normal 0.867881 -0.224743 -0.443028
    outer loop
      vertex -25.5496 5.89275 17.3509
      vertex -25.6314 5.39275 17.4443
      vertex -25.6509 5.39275 17.4061
    endloop
  endfacet
  facet normal 0.877905 -0.224719 -0.422828
    outer loop
      vertex -25.3468 6.89275 17.2405
      vertex -25.401 6.39275 17.3937
      vertex -25.5496 5.89275 17.3509
    endloop
  endfacet
  facet normal 0.831767 -0.224534 -0.507689
    outer loop
      vertex -25.5049 6.39275 17.203
      vertex -25.5496 5.89275 17.3509
      vertex -25.6002 5.89275 17.268
    endloop
  endfacet
  facet normal 0.83126 -0.224711 -0.508441
    outer loop
      vertex -25.5049 6.39275 17.203
      vertex -25.3468 6.89275 17.2405
      vertex -25.5496 5.89275 17.3509
    endloop
  endfacet
  facet normal 0.832116 -0.222754 -0.507902
    outer loop
      vertex -25.6002 5.89275 17.268
      vertex -25.5496 5.89275 17.3509
      vertex -25.6724 5.39275 17.369
    endloop
  endfacet
  facet normal 0.963538 -0.22476 -0.14518
    outer loop
      vertex -25.206 6.89275 17.6971
      vertex -25.2239 6.89275 17.5783
      vertex -25.0911 7.39275 17.6856
    endloop
  endfacet
  facet normal 0.96358 -0.224577 -0.145186
    outer loop
      vertex -25.2239 6.89275 17.5783
      vertex -25.206 6.89275 17.6971
      vertex -25.3208 6.39275 17.7086
    endloop
  endfacet
  facet normal 0.973243 -0.224624 -0.0483933
    outer loop
      vertex -25.2 6.89275 17.8172
      vertex -25.3154 6.39275 17.8172
      vertex -25.3208 6.39275 17.7086
    endloop
  endfacet
  facet normal 0.963575 -0.224582 -0.145209
    outer loop
      vertex -25.2239 6.89275 17.5783
      vertex -25.3208 6.39275 17.7086
      vertex -25.337 6.39275 17.6011
    endloop
  endfacet
  facet normal 0.973243 -0.224575 -0.0486216
    outer loop
      vertex -25.206 6.89275 17.6971
      vertex -25.2 6.89275 17.8172
      vertex -25.3208 6.39275 17.7086
    endloop
  endfacet
  facet normal 0.888132 -0.224906 -0.400798
    outer loop
      vertex -25.5074 5.89275 17.4385
      vertex -25.6138 5.39275 17.4833
      vertex -25.6314 5.39275 17.4443
    endloop
  endfacet
  facet normal 0.906711 -0.224915 -0.356776
    outer loop
      vertex -25.5074 5.89275 17.4385
      vertex -25.5981 5.39275 17.5232
      vertex -25.6138 5.39275 17.4833
    endloop
  endfacet
  facet normal 0.877873 -0.224704 -0.422903
    outer loop
      vertex -25.401 6.39275 17.3937
      vertex -25.5074 5.89275 17.4385
      vertex -25.5496 5.89275 17.3509
    endloop
  endfacet
  facet normal 0.878283 -0.222722 -0.4231
    outer loop
      vertex -25.5496 5.89275 17.3509
      vertex -25.5074 5.89275 17.4385
      vertex -25.6314 5.39275 17.4443
    endloop
  endfacet
  facet normal 0.915759 -0.224711 -0.333003
    outer loop
      vertex -25.401 6.39275 17.3937
      vertex -25.4742 5.89275 17.5298
      vertex -25.5074 5.89275 17.4385
    endloop
  endfacet
  facet normal 0.924147 -0.224927 -0.308806
    outer loop
      vertex -25.4742 5.89275 17.5298
      vertex -25.5845 5.39275 17.5639
      vertex -25.5981 5.39275 17.5232
    endloop
  endfacet
  facet normal 0.937912 -0.224913 -0.264072
    outer loop
      vertex -25.4742 5.89275 17.5298
      vertex -25.5729 5.39275 17.6051
      vertex -25.5845 5.39275 17.5639
    endloop
  endfacet
  facet normal 0.915847 -0.224666 -0.332791
    outer loop
      vertex -25.401 6.39275 17.3937
      vertex -25.3639 6.39275 17.4958
      vertex -25.4742 5.89275 17.5298
    endloop
  endfacet
  facet normal 0.916206 -0.222638 -0.333166
    outer loop
      vertex -25.5074 5.89275 17.4385
      vertex -25.4742 5.89275 17.5298
      vertex -25.5981 5.39275 17.5232
    endloop
  endfacet
  facet normal 0.949679 -0.224807 -0.218108
    outer loop
      vertex -25.4502 5.89275 17.624
      vertex -25.5633 5.39275 17.6469
      vertex -25.5729 5.39275 17.6051
    endloop
  endfacet
  facet normal 0.959759 -0.224806 -0.168299
    outer loop
      vertex -25.4502 5.89275 17.624
      vertex -25.5559 5.39275 17.6891
      vertex -25.5633 5.39275 17.6469
    endloop
  endfacet
  facet normal 0.944701 -0.222732 -0.240688
    outer loop
      vertex -25.4742 5.89275 17.5298
      vertex -25.4502 5.89275 17.624
      vertex -25.5729 5.39275 17.6051
    endloop
  endfacet
  facet normal 0.944089 -0.224788 -0.241178
    outer loop
      vertex -25.3639 6.39275 17.4958
      vertex -25.337 6.39275 17.6011
      vertex -25.4502 5.89275 17.624
    endloop
  endfacet
  facet normal 0.963527 -0.224793 -0.145201
    outer loop
      vertex -25.337 6.39275 17.6011
      vertex -25.3208 6.39275 17.7086
      vertex -25.4502 5.89275 17.624
    endloop
  endfacet
  facet normal 0.944271 -0.224665 -0.240579
    outer loop
      vertex -25.3639 6.39275 17.4958
      vertex -25.4502 5.89275 17.624
      vertex -25.4742 5.89275 17.5298
    endloop
  endfacet
  facet normal 0.963971 -0.222721 -0.145448
    outer loop
      vertex -25.4502 5.89275 17.624
      vertex -25.4357 5.89275 17.7201
      vertex -25.5559 5.39275 17.6891
    endloop
  endfacet
  facet normal 0.973689 -0.22274 -0.0481329
    outer loop
      vertex -25.4357 5.89275 17.7201
      vertex -25.4309 5.89275 17.8172
      vertex -25.5474 5.39275 17.7743
    endloop
  endfacet
  facet normal 0.973214 -0.224812 -0.0481094
    outer loop
      vertex -25.3154 6.39275 17.8172
      vertex -25.4309 5.89275 17.8172
      vertex -25.4357 5.89275 17.7201
    endloop
  endfacet
  facet normal 0.966878 -0.224962 -0.120575
    outer loop
      vertex -25.4357 5.89275 17.7201
      vertex -25.5506 5.39275 17.7316
      vertex -25.5559 5.39275 17.6891
    endloop
  endfacet
  facet normal 0.971644 -0.224958 -0.0728164
    outer loop
      vertex -25.4357 5.89275 17.7201
      vertex -25.5474 5.39275 17.7743
      vertex -25.5506 5.39275 17.7316
    endloop
  endfacet
  facet normal 0.973212 -0.224757 -0.0483918
    outer loop
      vertex -25.3208 6.39275 17.7086
      vertex -25.3154 6.39275 17.8172
      vertex -25.4357 5.89275 17.7201
    endloop
  endfacet
  facet normal 0.963509 -0.224758 -0.145379
    outer loop
      vertex -25.3208 6.39275 17.7086
      vertex -25.4357 5.89275 17.7201
      vertex -25.4502 5.89275 17.624
    endloop
  endfacet
  facet normal -0.0222167 0.999753 6.93785e-05
    outer loop
      vertex -29.6938 11.6956 30.7809
      vertex -29.6933 11.6957 29.5
      vertex -29.6978 11.6956 29.5
    endloop
  endfacet
  facet normal -0.0226956 0.999742 6.23745e-05
    outer loop
      vertex -29.6822 11.6962 4.61551
      vertex -29.7709 11.6941 6
      vertex -29.6828 11.6961 6
    endloop
  endfacet
  facet normal -0.0236255 0.999721 2.77022e-06
    outer loop
      vertex -29.7709 11.6941 6
      vertex -29.6822 11.6962 4.61551
      vertex -29.7753 11.694 4.56331
    endloop
  endfacet
  facet normal -0.0206408 0.999787 6.44571e-05
    outer loop
      vertex -29.7753 11.694 29.5
      vertex -29.6938 11.6956 30.7809
      vertex -29.6978 11.6956 29.5
    endloop
  endfacet
  facet normal -0.0196281 0.999807 0
    outer loop
      vertex -29.6938 11.6956 30.7809
      vertex -29.7753 11.694 29.5
      vertex -29.7753 11.694 30.8131
    endloop
  endfacet
  facet normal -0.0227214 0.999742 0
    outer loop
      vertex -29.7753 11.694 6
      vertex -29.7709 11.6941 6
      vertex -29.7753 11.694 4.56331
    endloop
  endfacet
  facet normal -0.0695983 0.997575 1.86072e-05
    outer loop
      vertex -29.6138 11.7005 30.7468
      vertex -29.6127 11.7006 29.5
      vertex -29.617 11.7003 29.5
    endloop
  endfacet
  facet normal -0.0692776 0.997597 1.2496e-05
    outer loop
      vertex -29.591 11.7025 4.66944
      vertex -29.6786 11.6964 6
      vertex -29.5922 11.7024 6
    endloop
  endfacet
  facet normal -0.0689354 0.997621 3.51344e-05
    outer loop
      vertex -29.6786 11.6964 6
      vertex -29.591 11.7025 4.66944
      vertex -29.6822 11.6962 4.61551
    endloop
  endfacet
  facet normal -0.0601791 0.998188 -5.6661e-06
    outer loop
      vertex -29.6933 11.6957 29.5
      vertex -29.6138 11.7005 30.7468
      vertex -29.617 11.7003 29.5
    endloop
  endfacet
  facet normal -0.0611125 0.998131 5.40689e-05
    outer loop
      vertex -29.6138 11.7005 30.7468
      vertex -29.6933 11.6957 29.5
      vertex -29.6938 11.6956 30.7809
    endloop
  endfacet
  facet normal -0.071247 0.997459 4.11687e-05
    outer loop
      vertex -29.6786 11.6964 6
      vertex -29.6822 11.6962 4.61551
      vertex -29.6828 11.6961 6
    endloop
  endfacet
  facet normal -0.101084 0.994878 5.27231e-05
    outer loop
      vertex -29.6127 11.7006 29.5
      vertex -29.5353 11.7084 30.7109
      vertex -29.5379 11.7082 29.5
    endloop
  endfacet
  facet normal -0.100135 0.994974 -8.54279e-06
    outer loop
      vertex -29.5353 11.7084 30.7109
      vertex -29.6127 11.7006 29.5
      vertex -29.6138 11.7005 30.7468
    endloop
  endfacet
  facet normal -0.0995037 0.995037 -1.49567e-05
    outer loop
      vertex -29.5882 11.7028 6
      vertex -29.591 11.7025 4.66944
      vertex -29.5922 11.7024 6
    endloop
  endfacet
  facet normal -0.0948091 0.995495 3.91482e-05
    outer loop
      vertex -29.5353 11.7084 30.7109
      vertex -29.5337 11.7086 29.5
      vertex -29.5379 11.7082 29.5
    endloop
  endfacet
  facet normal -0.114936 0.993373 1.15893e-05
    outer loop
      vertex -29.5019 11.7128 4.72491
      vertex -29.5882 11.7028 6
      vertex -29.5035 11.7126 6
    endloop
  endfacet
  facet normal -0.114847 0.993383 1.77034e-05
    outer loop
      vertex -29.5882 11.7028 6
      vertex -29.5019 11.7128 4.72491
      vertex -29.591 11.7025 4.66944
    endloop
  endfacet
  facet normal -0.17238 0.98503 4.19733e-05
    outer loop
      vertex -29.4586 11.7192 30.6734
      vertex -29.4566 11.7196 29.5
      vertex -29.4606 11.7189 29.5
    endloop
  endfacet
  facet normal -0.158782 0.987314 -3.05746e-05
    outer loop
      vertex -29.415 11.7267 4.78173
      vertex -29.4998 11.7131 6
      vertex -29.4171 11.7264 6
    endloop
  endfacet
  facet normal -0.157964 0.987445 2.78339e-05
    outer loop
      vertex -29.4998 11.7131 6
      vertex -29.415 11.7267 4.78173
      vertex -29.5019 11.7128 4.72491
    endloop
  endfacet
  facet normal -0.139525 0.990219 -1.53539e-05
    outer loop
      vertex -29.5337 11.7086 29.5
      vertex -29.4586 11.7192 30.6734
      vertex -29.4606 11.7189 29.5
    endloop
  endfacet
  facet normal -0.139443 0.99023 -2.06974e-05
    outer loop
      vertex -29.4586 11.7192 30.6734
      vertex -29.5337 11.7086 29.5
      vertex -29.5353 11.7084 30.7109
    endloop
  endfacet
  facet normal -0.133918 0.990992 -1.26031e-05
    outer loop
      vertex -29.4998 11.7131 6
      vertex -29.5019 11.7128 4.72491
      vertex -29.5035 11.7126 6
    endloop
  endfacet
  facet normal -0.211333 0.977414 2.32868e-06
    outer loop
      vertex -29.3838 11.7327 30.6344
      vertex -29.3815 11.7332 29.5
      vertex -29.3852 11.7324 29.5
    endloop
  endfacet
  facet normal -0.201482 0.979492 5.3351e-06
    outer loop
      vertex -29.3305 11.7441 4.83974
      vertex -29.4136 11.727 6
      vertex -29.3329 11.7436 6
    endloop
  endfacet
  facet normal -0.201679 0.979452 -9.42672e-06
    outer loop
      vertex -29.4136 11.727 6
      vertex -29.3305 11.7441 4.83974
      vertex -29.415 11.7267 4.78173
    endloop
  endfacet
  facet normal -0.176459 0.984308 -4.25338e-05
    outer loop
      vertex -29.4566 11.7196 29.5
      vertex -29.3838 11.7327 30.6344
      vertex -29.3852 11.7324 29.5
    endloop
  endfacet
  facet normal -0.177595 0.984104 3.27689e-05
    outer loop
      vertex -29.3838 11.7327 30.6344
      vertex -29.4566 11.7196 29.5
      vertex -29.4586 11.7192 30.6734
    endloop
  endfacet
  facet normal -0.168964 0.985622 -4.85421e-05
    outer loop
      vertex -29.4136 11.727 6
      vertex -29.415 11.7267 4.78173
      vertex -29.4171 11.7264 6
    endloop
  endfacet
  facet normal -0.222825 0.974859 7.38269e-05
    outer loop
      vertex -29.311 11.7486 30.5941
      vertex -29.3083 11.7493 29.5
      vertex -29.3118 11.7485 29.5
    endloop
  endfacet
  facet normal -0.243408 0.969924 1.97476e-05
    outer loop
      vertex -29.2484 11.7647 4.8988
      vertex -29.3296 11.7443 6
      vertex -29.2511 11.764 6
    endloop
  endfacet
  facet normal -0.243384 0.96993 2.15983e-05
    outer loop
      vertex -29.3296 11.7443 6
      vertex -29.2484 11.7647 4.8988
      vertex -29.3305 11.7441 4.83974
    endloop
  endfacet
  facet normal -0.214407 0.976744 6.74997e-05
    outer loop
      vertex -29.3815 11.7332 29.5
      vertex -29.311 11.7486 30.5941
      vertex -29.3118 11.7485 29.5
    endloop
  endfacet
  facet normal -0.213378 0.97697 -2.01335e-06
    outer loop
      vertex -29.311 11.7486 30.5941
      vertex -29.3815 11.7332 29.5
      vertex -29.3838 11.7327 30.6344
    endloop
  endfacet
  facet normal -0.207504 0.978234 -7.66469e-06
    outer loop
      vertex -29.3296 11.7443 6
      vertex -29.3305 11.7441 4.83974
      vertex -29.3329 11.7436 6
    endloop
  endfacet
  facet normal -0.290007 0.957024 1.92861e-05
    outer loop
      vertex -29.2401 11.7669 30.5526
      vertex -29.2372 11.7678 29.5
      vertex -29.2405 11.7668 29.5
    endloop
  endfacet
  facet normal -0.282506 0.959265 4.23247e-05
    outer loop
      vertex -29.1687 11.7882 4.95874
      vertex -29.248 11.7648 6
      vertex -29.1716 11.7873 6
    endloop
  endfacet
  facet normal -0.282829 0.95917 1.56324e-05
    outer loop
      vertex -29.248 11.7648 6
      vertex -29.1687 11.7882 4.95874
      vertex -29.2484 11.7647 4.8988
    endloop
  endfacet
  facet normal -0.249921 0.968266 2.98486e-06
    outer loop
      vertex -29.3083 11.7493 29.5
      vertex -29.2401 11.7669 30.5526
      vertex -29.2405 11.7668 29.5
    endloop
  endfacet
  facet normal -0.249918 0.968267 2.75006e-06
    outer loop
      vertex -29.2401 11.7669 30.5526
      vertex -29.3083 11.7493 29.5
      vertex -29.311 11.7486 30.5941
    endloop
  endfacet
  facet normal -0.249878 0.968277 2.83643e-06
    outer loop
      vertex -29.248 11.7648 6
      vertex -29.2484 11.7647 4.8988
      vertex -29.2511 11.764 6
    endloop
  endfacet
  facet normal -0.284682 0.958622 -2.81891e-05
    outer loop
      vertex -29.2372 11.7678 29.5
      vertex -29.1713 11.7874 30.5099
      vertex -29.1712 11.7874 29.5
    endloop
  endfacet
  facet normal -0.28554 0.958367 3.27431e-05
    outer loop
      vertex -29.1713 11.7874 30.5099
      vertex -29.2372 11.7678 29.5
      vertex -29.2401 11.7669 30.5526
    endloop
  endfacet
  facet normal -0.306009 0.952029 -2.93884e-05
    outer loop
      vertex -29.1688 11.7882 6
      vertex -29.1687 11.7882 4.95874
      vertex -29.1716 11.7873 6
    endloop
  endfacet
  facet normal -0.325991 0.945373 2.69888e-05
    outer loop
      vertex -29.1046 11.8098 30.4663
      vertex -29.1041 11.81 29.5
      vertex -29.107 11.809 29.5
    endloop
  endfacet
  facet normal -0.322361 0.946617 2.87e-05
    outer loop
      vertex -29.0916 11.8145 5.01942
      vertex -29.1661 11.7891 6
      vertex -29.0921 11.8143 6
    endloop
  endfacet
  facet normal -0.32284 0.946453 -1.19306e-05
    outer loop
      vertex -29.1661 11.7891 6
      vertex -29.0916 11.8145 5.01942
      vertex -29.1687 11.7882 4.95874
    endloop
  endfacet
  facet normal -0.318884 0.947794 7.33345e-06
    outer loop
      vertex -29.1712 11.7874 29.5
      vertex -29.1046 11.8098 30.4663
      vertex -29.107 11.809 29.5
    endloop
  endfacet
  facet normal -0.318377 0.947964 -3.15256e-05
    outer loop
      vertex -29.1046 11.8098 30.4663
      vertex -29.1712 11.7874 29.5
      vertex -29.1713 11.7874 30.5099
    endloop
  endfacet
  facet normal -0.316228 0.948683 -3.03697e-05
    outer loop
      vertex -29.1661 11.7891 6
      vertex -29.1687 11.7882 4.95874
      vertex -29.1688 11.7882 6
    endloop
  endfacet
  facet normal -0.336336 0.941742 -2.18921e-05
    outer loop
      vertex -29.04 11.8341 30.4218
      vertex -29.0391 11.8344 29.5
      vertex -29.0419 11.8334 29.5
    endloop
  endfacet
  facet normal -0.359501 0.933145 9.31817e-05
    outer loop
      vertex -29.0169 11.8434 5.08075
      vertex -29.0896 11.8153 6
      vertex -29.0177 11.843 6
    endloop
  endfacet
  facet normal -0.360801 0.932643 -2.49974e-05
    outer loop
      vertex -29.0896 11.8153 6
      vertex -29.0169 11.8434 5.08075
      vertex -29.0916 11.8145 5.01942
    endloop
  endfacet
  facet normal -0.352113 0.935958 1.50182e-05
    outer loop
      vertex -29.1041 11.81 29.5
      vertex -29.04 11.8341 30.4218
      vertex -29.0419 11.8334 29.5
    endloop
  endfacet
  facet normal -0.352069 0.935974 1.15495e-05
    outer loop
      vertex -29.04 11.8341 30.4218
      vertex -29.1041 11.81 29.5
      vertex -29.1046 11.8098 30.4663
    endloop
  endfacet
  facet normal -0.371391 0.928477 1.27827e-15
    outer loop
      vertex -29.0896 11.8153 6
      vertex -29.0916 11.8145 5.01942
      vertex -29.0921 11.8143 6
    endloop
  endfacet
  facet normal -0.402739 0.915315 1.67085e-05
    outer loop
      vertex -28.9774 11.8601 30.3765
      vertex -28.9763 11.8606 29.5
      vertex -28.9788 11.8595 29.5
    endloop
  endfacet
  facet normal -0.39757 0.917572 2.50277e-05
    outer loop
      vertex -28.9447 11.8747 5.14262
      vertex -29.0155 11.844 6
      vertex -28.9458 11.8742 6
    endloop
  endfacet
  facet normal -0.397755 0.917492 6.92099e-06
    outer loop
      vertex -29.0155 11.844 6
      vertex -28.9447 11.8747 5.14262
      vertex -29.0169 11.8434 5.08075
    endloop
  endfacet
  facet normal -0.384289 0.923213 -1.81663e-05
    outer loop
      vertex -29.0391 11.8344 29.5
      vertex -28.9774 11.8601 30.3765
      vertex -28.9788 11.8595 29.5
    endloop
  endfacet
  facet normal -0.383613 0.923494 -7.39898e-05
    outer loop
      vertex -28.9774 11.8601 30.3765
      vertex -29.0391 11.8344 29.5
      vertex -29.04 11.8341 30.4218
    endloop
  endfacet
  facet normal -0.413803 0.910366 3.60122e-05
    outer loop
      vertex -29.0155 11.844 6
      vertex -29.0169 11.8434 5.08075
      vertex -29.0177 11.843 6
    endloop
  endfacet
  facet normal -0.431455 0.902134 3.30599e-05
    outer loop
      vertex -28.9169 11.8876 30.3305
      vertex -28.9155 11.8883 29.5
      vertex -28.9178 11.8872 29.5
    endloop
  endfacet
  facet normal -0.432211 0.901773 8.72488e-05
    outer loop
      vertex -28.8748 11.9082 5.20495
      vertex -28.9437 11.8751 6
      vertex -28.8761 11.9075 6
    endloop
  endfacet
  facet normal -0.432246 0.901756 8.34449e-05
    outer loop
      vertex -28.9437 11.8751 6
      vertex -28.8748 11.9082 5.20495
      vertex -28.9447 11.8747 5.14262
    endloop
  endfacet
  facet normal -0.41392 0.910313 1.01179e-05
    outer loop
      vertex -28.9763 11.8606 29.5
      vertex -28.9169 11.8876 30.3305
      vertex -28.9178 11.8872 29.5
    endloop
  endfacet
  facet normal -0.413803 0.910366 1.45321e-16
    outer loop
      vertex -28.9169 11.8876 30.3305
      vertex -28.9763 11.8606 29.5
      vertex -28.9774 11.8601 30.3765
    endloop
  endfacet
  facet normal -0.393919 0.919145 3.06297e-05
    outer loop
      vertex -28.9437 11.8751 6
      vertex -28.9447 11.8747 5.14262
      vertex -28.9458 11.8742 6
    endloop
  endfacet
  facet normal -0.464007 0.885832 6.99543e-05
    outer loop
      vertex -28.8583 11.9166 30.2839
      vertex -28.8567 11.9175 29.5
      vertex -28.8588 11.9164 29.5
    endloop
  endfacet
  facet normal -0.467081 0.884214 9.21641e-06
    outer loop
      vertex -28.8073 11.9439 5.26764
      vertex -28.8743 11.9085 6
      vertex -28.8088 11.9431 6
    endloop
  endfacet
  facet normal -0.467498 0.883994 -3.95563e-05
    outer loop
      vertex -28.8743 11.9085 6
      vertex -28.8073 11.9439 5.26764
      vertex -28.8748 11.9082 5.20495
    endloop
  endfacet
  facet normal -0.44405 0.896002 5.46304e-05
    outer loop
      vertex -28.9155 11.8883 29.5
      vertex -28.8583 11.9166 30.2839
      vertex -28.8588 11.9164 29.5
    endloop
  endfacet
  facet normal -0.443534 0.896257 7.74511e-06
    outer loop
      vertex -28.8583 11.9166 30.2839
      vertex -28.9155 11.8883 29.5
      vertex -28.9169 11.8876 30.3305
    endloop
  endfacet
  facet normal -0.485643 0.874157 -2.44333e-05
    outer loop
      vertex -28.8743 11.9085 6
      vertex -28.8748 11.9082 5.20495
      vertex -28.8761 11.9075 6
    endloop
  endfacet
  facet normal -0.501036 0.865426 -4.94625e-05
    outer loop
      vertex -28.8016 11.9471 30.2367
      vertex -28.7998 11.9481 29.5
      vertex -28.8017 11.947 29.5
    endloop
  endfacet
  facet normal -0.499959 0.866049 -3.06106e-05
    outer loop
      vertex -28.7422 11.9815 5.33062
      vertex -28.8072 11.944 6
      vertex -28.7438 11.9806 6
    endloop
  endfacet
  facet normal -0.500108 0.865963 -4.99555e-05
    outer loop
      vertex -28.8072 11.944 6
      vertex -28.7422 11.9815 5.33062
      vertex -28.8073 11.9439 5.26764
    endloop
  endfacet
  facet normal -0.472666 0.881242 -5.54603e-05
    outer loop
      vertex -28.8567 11.9175 29.5
      vertex -28.8016 11.9471 30.2367
      vertex -28.8017 11.947 29.5
    endloop
  endfacet
  facet normal -0.473701 0.880686 4.42609e-05
    outer loop
      vertex -28.8016 11.9471 30.2367
      vertex -28.8567 11.9175 29.5
      vertex -28.8583 11.9166 30.2839
    endloop
  endfacet
  facet normal -0.490261 0.871576 -5.20665e-05
    outer loop
      vertex -28.8072 11.944 6
      vertex -28.8073 11.9439 5.26764
      vertex -28.8088 11.9431 6
    endloop
  endfacet
  facet normal -0.499816 0.866131 -0.000145106
    outer loop
      vertex -28.7998 11.9481 29.5
      vertex -28.7468 11.9788 30.1889
      vertex -28.7466 11.9788 29.5
    endloop
  endfacet
  facet normal -0.500757 0.865588 -4.85596e-05
    outer loop
      vertex -28.7468 11.9788 30.1889
      vertex -28.7998 11.9481 29.5
      vertex -28.8016 11.9471 30.2367
    endloop
  endfacet
  facet normal -0.514496 0.857493 -7.68615e-05
    outer loop
      vertex -28.7423 11.9815 6
      vertex -28.7422 11.9815 5.33062
      vertex -28.7438 11.9806 6
    endloop
  endfacet
  facet normal -0.529999 0.847998 -5.09206e-05
    outer loop
      vertex -28.6765 12.0229 30.1245
      vertex -28.6766 12.0228 29.5
      vertex -28.6782 12.0218 29.5
    endloop
  endfacet
  facet normal -0.532483 0.846441 8.78395e-05
    outer loop
      vertex -28.6793 12.0211 5.3938
      vertex -28.7404 11.9826 6
      vertex -28.6792 12.0211 6
    endloop
  endfacet
  facet normal -0.532808 0.846236 4.21201e-05
    outer loop
      vertex -28.7404 11.9826 6
      vertex -28.6793 12.0211 5.3938
      vertex -28.7422 11.9815 5.33062
    endloop
  endfacet
  facet normal -0.591364 0.806405 -3.44342e-05
    outer loop
      vertex -28.6765 12.0229 30.1245
      vertex -28.6751 12.0239 29.5
      vertex -28.6766 12.0228 29.5
    endloop
  endfacet
  facet normal -0.563985 0.825785 -0.000133638
    outer loop
      vertex -28.6186 12.0624 5.4571
      vertex -28.6792 12.0211 6
      vertex -28.6199 12.0616 6
    endloop
  endfacet
  facet normal -0.5626 0.826729 9.28076e-05
    outer loop
      vertex -28.6792 12.0211 6
      vertex -28.6186 12.0624 5.4571
      vertex -28.6793 12.0211 5.3938
    endloop
  endfacet
  facet normal -0.532222 0.846605 -4.24137e-05
    outer loop
      vertex -28.7466 11.9788 29.5
      vertex -28.6765 12.0229 30.1245
      vertex -28.6782 12.0218 29.5
    endloop
  endfacet
  facet normal -0.531508 0.847053 -0.000154306
    outer loop
      vertex -28.6765 12.0229 30.1245
      vertex -28.7466 11.9788 29.5
      vertex -28.7468 11.9788 30.1889
    endloop
  endfacet
  facet normal -0.501036 0.865426 -7.48508e-05
    outer loop
      vertex -28.7404 11.9826 6
      vertex -28.7422 11.9815 5.33062
      vertex -28.7423 11.9815 6
    endloop
  endfacet
  facet normal -0.56921 0.822192 0.000114721
    outer loop
      vertex -28.6013 12.0748 30.0513
      vertex -28.6004 12.0755 29.5
      vertex -28.6017 12.0746 29.5
    endloop
  endfacet
  facet normal -0.593679 0.804702 1.6428e-05
    outer loop
      vertex -28.5602 12.1055 5.52044
      vertex -28.6182 12.0627 6
      vertex -28.561 12.1049 6
    endloop
  endfacet
  facet normal -0.593805 0.804609 -7.11144e-06
    outer loop
      vertex -28.6182 12.0627 6
      vertex -28.5602 12.1055 5.52044
      vertex -28.6186 12.0624 5.4571
    endloop
  endfacet
  facet normal -0.568335 0.822797 0.000113867
    outer loop
      vertex -28.6751 12.0239 29.5
      vertex -28.6013 12.0748 30.0513
      vertex -28.6017 12.0746 29.5
    endloop
  endfacet
  facet normal -0.567985 0.823039 4.46121e-05
    outer loop
      vertex -28.6013 12.0748 30.0513
      vertex -28.6751 12.0239 29.5
      vertex -28.6765 12.0229 30.1245
    endloop
  endfacet
  facet normal -0.543251 0.83957 -6.36775e-05
    outer loop
      vertex -28.6182 12.0627 6
      vertex -28.6186 12.0624 5.4571
      vertex -28.6199 12.0616 6
    endloop
  endfacet
  facet normal -0.650791 0.759257 2.27247e-05
    outer loop
      vertex -28.5299 12.1291 29.9773
      vertex -28.5291 12.1298 29.5
      vertex -28.5305 12.1286 29.5
    endloop
  endfacet
  facet normal -0.62638 0.779518 7.40104e-05
    outer loop
      vertex -28.4856 12.1654 5.60485
      vertex -28.5596 12.1059 6
      vertex -28.4863 12.1648 6
    endloop
  endfacet
  facet normal -0.626188 0.779672 0.00013313
    outer loop
      vertex -28.5596 12.1059 6
      vertex -28.4856 12.1654 5.60485
      vertex -28.5602 12.1055 5.52044
    endloop
  endfacet
  facet normal -0.60491 0.796294 -7.37502e-05
    outer loop
      vertex -28.6004 12.0755 29.5
      vertex -28.5299 12.1291 29.9773
      vertex -28.5305 12.1286 29.5
    endloop
  endfacet
  facet normal -0.605323 0.79598 2.2484e-05
    outer loop
      vertex -28.5299 12.1291 29.9773
      vertex -28.6004 12.0755 29.5
      vertex -28.6013 12.0748 30.0513
    endloop
  endfacet
  facet normal -0.581238 0.813733 4.8481e-05
    outer loop
      vertex -28.5596 12.1059 6
      vertex -28.5602 12.1055 5.52044
      vertex -28.561 12.1049 6
    endloop
  endfacet
  facet normal -0.645942 0.763386 7.29104e-05
    outer loop
      vertex -28.4623 12.1854 29.9027
      vertex -28.4614 12.1862 29.5
      vertex -28.4627 12.1851 29.5
    endloop
  endfacet
  facet normal -0.664955 0.746883 -5.77061e-05
    outer loop
      vertex -28.4061 12.2362 5.69954
      vertex -28.4852 12.1658 6
      vertex -28.4068 12.2356 6
    endloop
  endfacet
  facet normal -0.665008 0.746836 -8.28322e-05
    outer loop
      vertex -28.4852 12.1658 6
      vertex -28.4061 12.2362 5.69954
      vertex -28.4856 12.1654 5.60485
    endloop
  endfacet
  facet normal -0.639957 0.768411 6.32218e-05
    outer loop
      vertex -28.5291 12.1298 29.5
      vertex -28.4623 12.1854 29.9027
      vertex -28.4627 12.1851 29.5
    endloop
  endfacet
  facet normal -0.639925 0.768437 5.44013e-05
    outer loop
      vertex -28.4623 12.1854 29.9027
      vertex -28.5291 12.1298 29.5
      vertex -28.5299 12.1291 29.9773
    endloop
  endfacet
  facet normal -0.672673 0.73994 -6.80929e-05
    outer loop
      vertex -28.4852 12.1658 6
      vertex -28.4856 12.1654 5.60485
      vertex -28.4863 12.1648 6
    endloop
  endfacet
  facet normal -0.672673 0.73994 -2.05271e-05
    outer loop
      vertex -28.3983 12.2436 29.8277
      vertex -28.3973 12.2445 29.5
      vertex -28.3984 12.2435 29.5
    endloop
  endfacet
  facet normal -0.703269 0.710924 0.000363212
    outer loop
      vertex -28.3312 12.3104 5.79373
      vertex -28.406 12.2363 6
      vertex -28.3317 12.3098 6
    endloop
  endfacet
  facet normal -0.703778 0.71042 -2.21068e-06
    outer loop
      vertex -28.406 12.2363 6
      vertex -28.3312 12.3104 5.79373
      vertex -28.4061 12.2362 5.69954
    endloop
  endfacet
  facet normal -0.672848 0.739781 -2.04249e-05
    outer loop
      vertex -28.4614 12.1862 29.5
      vertex -28.3983 12.2436 29.8277
      vertex -28.3984 12.2435 29.5
    endloop
  endfacet
  facet normal -0.67281 0.739816 -3.39612e-05
    outer loop
      vertex -28.3983 12.2436 29.8277
      vertex -28.4614 12.1862 29.5
      vertex -28.4623 12.1854 29.9027
    endloop
  endfacet
  facet normal -0.658505 0.752577 -3.13094e-05
    outer loop
      vertex -28.406 12.2363 6
      vertex -28.4061 12.2362 5.69954
      vertex -28.4068 12.2356 6
    endloop
  endfacet
  facet normal -0.704127 0.710074 2.35619e-06
    outer loop
      vertex -28.3973 12.2445 29.5
      vertex -28.3377 12.3036 29.7524
      vertex -28.3376 12.3037 29.5
    endloop
  endfacet
  facet normal -0.703703 0.710494 -0.000196089
    outer loop
      vertex -28.3377 12.3036 29.7524
      vertex -28.3973 12.2445 29.5
      vertex -28.3983 12.2436 29.8277
    endloop
  endfacet
  facet normal -0.707107 0.707107 0.000342806
    outer loop
      vertex -28.3312 12.3103 6
      vertex -28.3312 12.3104 5.79373
      vertex -28.3317 12.3098 6
    endloop
  endfacet
  facet normal -0.768221 0.640184 0.000289349
    outer loop
      vertex -28.2805 12.3653 29.677
      vertex -28.2804 12.3655 29.5
      vertex -28.2809 12.3649 29.5
    endloop
  endfacet
  facet normal -0.739984 0.672625 -5.96993e-05
    outer loop
      vertex -28.2607 12.3879 5.88717
      vertex -28.3307 12.3109 6
      vertex -28.2608 12.3878 6
    endloop
  endfacet
  facet normal -0.739822 0.672803 0.000162453
    outer loop
      vertex -28.3307 12.3109 6
      vertex -28.2607 12.3879 5.88717
      vertex -28.3312 12.3104 5.79373
    endloop
  endfacet
  facet normal -0.733561 0.679623 0.000121895
    outer loop
      vertex -28.3376 12.3037 29.5
      vertex -28.2805 12.3653 29.677
      vertex -28.2809 12.3649 29.5
    endloop
  endfacet
  facet normal -0.733356 0.679844 -2.12013e-05
    outer loop
      vertex -28.2805 12.3653 29.677
      vertex -28.3376 12.3037 29.5
      vertex -28.3377 12.3036 29.7524
    endloop
  endfacet
  facet normal -0.768221 0.640184 0.000310362
    outer loop
      vertex -28.3307 12.3109 6
      vertex -28.3312 12.3104 5.79373
      vertex -28.3312 12.3103 6
    endloop
  endfacet
  facet normal -0.8 0.6 0.000394477
    outer loop
      vertex -28.2265 12.4286 29.6014
      vertex -28.2264 12.4288 29.5
      vertex -28.2267 12.4284 29.5
    endloop
  endfacet
  facet normal -0.77455 0.632501 -0.00377645
    outer loop
      vertex -28.1945 12.4688 5.97949
      vertex -28.2605 12.3881 6
      vertex -28.1946 12.4688 6
    endloop
  endfacet
  facet normal -0.774054 0.633119 0.000249819
    outer loop
      vertex -28.2605 12.3881 6
      vertex -28.1945 12.4688 5.97949
      vertex -28.2607 12.3879 5.88717
    endloop
  endfacet
  facet normal -0.760535 0.649296 0.000219406
    outer loop
      vertex -28.2804 12.3655 29.5
      vertex -28.2265 12.4286 29.6014
      vertex -28.2267 12.4284 29.5
    endloop
  endfacet
  facet normal -0.760602 0.649218 0.000303861
    outer loop
      vertex -28.2265 12.4286 29.6014
      vertex -28.2804 12.3655 29.5
      vertex -28.2805 12.3653 29.677
    endloop
  endfacet
  facet normal -0.707107 0.707107 0
    outer loop
      vertex -28.2605 12.3881 6
      vertex -28.2607 12.3879 5.88717
      vertex -28.2608 12.3878 6
    endloop
  endfacet
  facet normal -1 0 0
    outer loop
      vertex -28.1757 12.4935 29.5259
      vertex -28.1757 12.4936 29.5
      vertex -28.1757 12.4935 29.5
    endloop
  endfacet
  facet normal -0.80708 0.590443 0
    outer loop
      vertex -28.1945 12.4688 6
      vertex -28.1806 12.4878 6
      vertex -28.1945 12.4688 5.97949
    endloop
  endfacet
  facet normal -0.78712 0.6168 0
    outer loop
      vertex -28.2264 12.4288 29.5
      vertex -28.1757 12.4935 29.5259
      vertex -28.1757 12.4935 29.5
    endloop
  endfacet
  facet normal -0.787205 0.616691 0.000440017
    outer loop
      vertex -28.1757 12.4935 29.5259
      vertex -28.2264 12.4288 29.5
      vertex -28.2265 12.4286 29.6014
    endloop
  endfacet
  facet normal 0 1 0
    outer loop
      vertex -28.1945 12.4688 6
      vertex -28.1945 12.4688 5.97949
      vertex -28.1946 12.4688 6
    endloop
  endfacet
  facet normal -0.811802 0.583928 0.00225455
    outer loop
      vertex -28.1593 12.5164 29.5
      vertex -28.1757 12.4936 29.5
      vertex -28.1757 12.4935 29.5259
    endloop
  endfacet
  facet normal 0 -1 0
    outer loop
      vertex -26.4699 5.39275 18.6742
      vertex -26.3843 5.39275 18.6763
      vertex -26.4271 5.39275 18.6763
    endloop
  endfacet
  facet normal 0 -1 0
    outer loop
      vertex -26.4699 5.39275 18.6742
      vertex -26.3415 5.39275 18.6742
      vertex -26.3843 5.39275 18.6763
    endloop
  endfacet
  facet normal 0 -1 0
    outer loop
      vertex -26.5126 5.39275 18.6699
      vertex -26.3415 5.39275 18.6742
      vertex -26.4699 5.39275 18.6742
    endloop
  endfacet
  facet normal 0 -1 0
    outer loop
      vertex -26.5126 5.39275 18.6699
      vertex -26.2989 5.39275 18.6699
      vertex -26.3415 5.39275 18.6742
    endloop
  endfacet
  facet normal 0 -1 0
    outer loop
      vertex -26.555 5.39275 18.6636
      vertex -26.2989 5.39275 18.6699
      vertex -26.5126 5.39275 18.6699
    endloop
  endfacet
  facet normal 0 -1 0
    outer loop
      vertex -26.555 5.39275 18.6636
      vertex -26.2565 5.39275 18.6636
      vertex -26.2989 5.39275 18.6699
    endloop
  endfacet
  facet normal 0 -1 0
    outer loop
      vertex -26.597 5.39275 18.6551
      vertex -26.2565 5.39275 18.6636
      vertex -26.555 5.39275 18.6636
    endloop
  endfacet
  facet normal 0 -1 0
    outer loop
      vertex -26.597 5.39275 18.6551
      vertex -26.2145 5.39275 18.6551
      vertex -26.2565 5.39275 18.6636
    endloop
  endfacet
  facet normal 0 -1 0
    outer loop
      vertex -26.6385 5.39275 18.6445
      vertex -26.2145 5.39275 18.6551
      vertex -26.597 5.39275 18.6551
    endloop
  endfacet
  facet normal 0 -1 0
    outer loop
      vertex -26.6385 5.39275 18.6445
      vertex -26.173 5.39275 18.6445
      vertex -26.2145 5.39275 18.6551
    endloop
  endfacet
  facet normal 0 -1 0
    outer loop
      vertex -26.6794 5.39275 18.6319
      vertex -26.173 5.39275 18.6445
      vertex -26.6385 5.39275 18.6445
    endloop
  endfacet
  facet normal 0 -1 0
    outer loop
      vertex -26.6794 5.39275 18.6319
      vertex -26.132 5.39275 18.6319
      vertex -26.173 5.39275 18.6445
    endloop
  endfacet
  facet normal 0 -1 0
    outer loop
      vertex -26.7197 5.39275 18.6172
      vertex -26.132 5.39275 18.6319
      vertex -26.6794 5.39275 18.6319
    endloop
  endfacet
  facet normal 0 -1 0
    outer loop
      vertex -26.7197 5.39275 18.6172
      vertex -26.0917 5.39275 18.6172
      vertex -26.132 5.39275 18.6319
    endloop
  endfacet
  facet normal 0 -1 0
    outer loop
      vertex -26.7592 5.39275 18.6006
      vertex -26.0917 5.39275 18.6172
      vertex -26.7197 5.39275 18.6172
    endloop
  endfacet
  facet normal 0 -1 0
    outer loop
      vertex -26.7592 5.39275 18.6006
      vertex -26.0522 5.39275 18.6006
      vertex -26.0917 5.39275 18.6172
    endloop
  endfacet
  facet normal 0 -1 0
    outer loop
      vertex -26.7978 5.39275 18.582
      vertex -26.0522 5.39275 18.6006
      vertex -26.7592 5.39275 18.6006
    endloop
  endfacet
  facet normal 0 -1 0
    outer loop
      vertex -26.7978 5.39275 18.582
      vertex -26.0136 5.39275 18.582
      vertex -26.0522 5.39275 18.6006
    endloop
  endfacet
  facet normal 0 -1 0
    outer loop
      vertex -26.8354 5.39275 18.5615
      vertex -26.0136 5.39275 18.582
      vertex -26.7978 5.39275 18.582
    endloop
  endfacet
  facet normal 0 -1 0
    outer loop
      vertex -26.8354 5.39275 18.5615
      vertex -25.976 5.39275 18.5615
      vertex -26.0136 5.39275 18.582
    endloop
  endfacet
  facet normal 0 -1 0
    outer loop
      vertex -26.872 5.39275 18.5391
      vertex -25.976 5.39275 18.5615
      vertex -26.8354 5.39275 18.5615
    endloop
  endfacet
  facet normal 0 -1 0
    outer loop
      vertex -26.872 5.39275 18.5391
      vertex -25.9394 5.39275 18.5391
      vertex -25.976 5.39275 18.5615
    endloop
  endfacet
  facet normal 0 -1 0
    outer loop
      vertex -26.9074 5.39275 18.515
      vertex -25.9394 5.39275 18.5391
      vertex -26.872 5.39275 18.5391
    endloop
  endfacet
  facet normal 0 -1 0
    outer loop
      vertex -26.9074 5.39275 18.515
      vertex -25.904 5.39275 18.515
      vertex -25.9394 5.39275 18.5391
    endloop
  endfacet
  facet normal 0 -1 0
    outer loop
      vertex -26.9416 5.39275 18.4891
      vertex -25.904 5.39275 18.515
      vertex -26.9074 5.39275 18.515
    endloop
  endfacet
  facet normal 0 -1 0
    outer loop
      vertex -26.9416 5.39275 18.4891
      vertex -25.8699 5.39275 18.4891
      vertex -25.904 5.39275 18.515
    endloop
  endfacet
  facet normal 0 -1 0
    outer loop
      vertex -26.9744 5.39275 18.4616
      vertex -25.8699 5.39275 18.4891
      vertex -26.9416 5.39275 18.4891
    endloop
  endfacet
  facet normal 0 -1 0
    outer loop
      vertex -26.9744 5.39275 18.4616
      vertex -25.837 5.39275 18.4616
      vertex -25.8699 5.39275 18.4891
    endloop
  endfacet
  facet normal 0 -1 0
    outer loop
      vertex -27.0058 5.39275 18.4324
      vertex -25.837 5.39275 18.4616
      vertex -26.9744 5.39275 18.4616
    endloop
  endfacet
  facet normal 0 -1 0
    outer loop
      vertex -27.0058 5.39275 18.4324
      vertex -25.8056 5.39275 18.4324
      vertex -25.837 5.39275 18.4616
    endloop
  endfacet
  facet normal 0 -1 0
    outer loop
      vertex -27.0357 5.39275 18.4017
      vertex -25.8056 5.39275 18.4324
      vertex -27.0058 5.39275 18.4324
    endloop
  endfacet
  facet normal 0 -1 0
    outer loop
      vertex -27.0357 5.39275 18.4017
      vertex -25.7757 5.39275 18.4017
      vertex -25.8056 5.39275 18.4324
    endloop
  endfacet
  facet normal 0 -1 0
    outer loop
      vertex -27.0641 5.39275 18.3696
      vertex -25.7757 5.39275 18.4017
      vertex -27.0357 5.39275 18.4017
    endloop
  endfacet
  facet normal 0 -1 0
    outer loop
      vertex -27.0641 5.39275 18.3696
      vertex -25.7474 5.39275 18.3696
      vertex -25.7757 5.39275 18.4017
    endloop
  endfacet
  facet normal 0 -1 0
    outer loop
      vertex -27.0908 5.39275 18.3361
      vertex -25.7474 5.39275 18.3696
      vertex -27.0641 5.39275 18.3696
    endloop
  endfacet
  facet normal 0 -1 0
    outer loop
      vertex -27.0908 5.39275 18.3361
      vertex -25.7206 5.39275 18.3361
      vertex -25.7474 5.39275 18.3696
    endloop
  endfacet
  facet normal 0 -1 0
    outer loop
      vertex -27.1158 5.39275 18.3013
      vertex -25.7206 5.39275 18.3361
      vertex -27.0908 5.39275 18.3361
    endloop
  endfacet
  facet normal 0 -1 0
    outer loop
      vertex -27.1158 5.39275 18.3013
      vertex -25.6956 5.39275 18.3013
      vertex -25.7206 5.39275 18.3361
    endloop
  endfacet
  facet normal 0 -1 0
    outer loop
      vertex -27.1391 5.39275 18.2653
      vertex -25.6956 5.39275 18.3013
      vertex -27.1158 5.39275 18.3013
    endloop
  endfacet
  facet normal 0 -1 0
    outer loop
      vertex -27.1391 5.39275 18.2653
      vertex -25.6724 5.39275 18.2653
      vertex -25.6956 5.39275 18.3013
    endloop
  endfacet
  facet normal 0 -1 0
    outer loop
      vertex -27.1605 5.39275 18.2282
      vertex -25.6724 5.39275 18.2653
      vertex -27.1391 5.39275 18.2653
    endloop
  endfacet
  facet normal 0 -1 0
    outer loop
      vertex -27.1605 5.39275 18.2282
      vertex -25.6509 5.39275 18.2282
      vertex -25.6724 5.39275 18.2653
    endloop
  endfacet
  facet normal 0 -1 0
    outer loop
      vertex -27.18 5.39275 18.1901
      vertex -25.6509 5.39275 18.2282
      vertex -27.1605 5.39275 18.2282
    endloop
  endfacet
  facet normal 0 -1 0
    outer loop
      vertex -27.18 5.39275 18.1901
      vertex -25.6314 5.39275 18.1901
      vertex -25.6509 5.39275 18.2282
    endloop
  endfacet
  facet normal 0 -1 0
    outer loop
      vertex -27.1977 5.39275 18.151
      vertex -25.6314 5.39275 18.1901
      vertex -27.18 5.39275 18.1901
    endloop
  endfacet
  facet normal 0 -1 0
    outer loop
      vertex -27.1977 5.39275 18.151
      vertex -25.6138 5.39275 18.151
      vertex -25.6314 5.39275 18.1901
    endloop
  endfacet
  facet normal 0 -1 0
    outer loop
      vertex -27.2133 5.39275 18.1111
      vertex -25.6138 5.39275 18.151
      vertex -27.1977 5.39275 18.151
    endloop
  endfacet
  facet normal 0 -1 0
    outer loop
      vertex -27.2133 5.39275 18.1111
      vertex -25.5981 5.39275 18.1111
      vertex -25.6138 5.39275 18.151
    endloop
  endfacet
  facet normal 0 -1 0
    outer loop
      vertex -27.227 5.39275 18.0705
      vertex -25.5981 5.39275 18.1111
      vertex -27.2133 5.39275 18.1111
    endloop
  endfacet
  facet normal 0 -1 0
    outer loop
      vertex -27.227 5.39275 18.0705
      vertex -25.5845 5.39275 18.0705
      vertex -25.5981 5.39275 18.1111
    endloop
  endfacet
  facet normal 0 -1 0
    outer loop
      vertex -27.2386 5.39275 18.0292
      vertex -25.5845 5.39275 18.0705
      vertex -27.227 5.39275 18.0705
    endloop
  endfacet
  facet normal 0 -1 0
    outer loop
      vertex -27.2386 5.39275 18.0292
      vertex -25.5729 5.39275 18.0292
      vertex -25.5845 5.39275 18.0705
    endloop
  endfacet
  facet normal 0 -1 0
    outer loop
      vertex -27.2481 5.39275 17.9875
      vertex -25.5729 5.39275 18.0292
      vertex -27.2386 5.39275 18.0292
    endloop
  endfacet
  facet normal 0 -1 0
    outer loop
      vertex -27.2481 5.39275 17.9875
      vertex -25.5633 5.39275 17.9875
      vertex -25.5729 5.39275 18.0292
    endloop
  endfacet
  facet normal 0 -1 0
    outer loop
      vertex -27.2556 5.39275 17.9453
      vertex -25.5633 5.39275 17.9875
      vertex -27.2481 5.39275 17.9875
    endloop
  endfacet
  facet normal 0 -1 0
    outer loop
      vertex -27.2556 5.39275 17.9453
      vertex -25.5559 5.39275 17.9453
      vertex -25.5633 5.39275 17.9875
    endloop
  endfacet
  facet normal 0 -1 0
    outer loop
      vertex -27.2609 5.39275 17.9027
      vertex -25.5559 5.39275 17.9453
      vertex -27.2556 5.39275 17.9453
    endloop
  endfacet
  facet normal 0 -1 0
    outer loop
      vertex -27.2609 5.39275 17.9027
      vertex -25.5506 5.39275 17.9027
      vertex -25.5559 5.39275 17.9453
    endloop
  endfacet
  facet normal 0 -1 0
    outer loop
      vertex -27.2641 5.39275 17.86
      vertex -25.5506 5.39275 17.9027
      vertex -27.2609 5.39275 17.9027
    endloop
  endfacet
  facet normal 0 -1 0
    outer loop
      vertex -27.2641 5.39275 17.86
      vertex -25.5474 5.39275 17.86
      vertex -25.5506 5.39275 17.9027
    endloop
  endfacet
  facet normal 0 -1 0
    outer loop
      vertex -27.2652 5.39275 17.8172
      vertex -25.5474 5.39275 17.86
      vertex -27.2641 5.39275 17.86
    endloop
  endfacet
  facet normal 0 -1 0
    outer loop
      vertex -27.2652 5.39275 17.8172
      vertex -25.5463 5.39275 17.8172
      vertex -25.5474 5.39275 17.86
    endloop
  endfacet
  facet normal 0 -1 0
    outer loop
      vertex -27.2641 5.39275 17.7743
      vertex -25.5463 5.39275 17.8172
      vertex -27.2652 5.39275 17.8172
    endloop
  endfacet
  facet normal 0 -1 0
    outer loop
      vertex -27.2641 5.39275 17.7743
      vertex -25.5474 5.39275 17.7743
      vertex -25.5463 5.39275 17.8172
    endloop
  endfacet
  facet normal 0 -1 0
    outer loop
      vertex -27.2609 5.39275 17.7316
      vertex -25.5474 5.39275 17.7743
      vertex -27.2641 5.39275 17.7743
    endloop
  endfacet
  facet normal 0 -1 0
    outer loop
      vertex -27.2609 5.39275 17.7316
      vertex -25.5506 5.39275 17.7316
      vertex -25.5474 5.39275 17.7743
    endloop
  endfacet
  facet normal 0 -1 0
    outer loop
      vertex -27.2556 5.39275 17.6891
      vertex -25.5506 5.39275 17.7316
      vertex -27.2609 5.39275 17.7316
    endloop
  endfacet
  facet normal 0 -1 0
    outer loop
      vertex -27.2556 5.39275 17.6891
      vertex -25.5559 5.39275 17.6891
      vertex -25.5506 5.39275 17.7316
    endloop
  endfacet
  facet normal 0 -1 0
    outer loop
      vertex -27.2481 5.39275 17.6469
      vertex -25.5559 5.39275 17.6891
      vertex -27.2556 5.39275 17.6891
    endloop
  endfacet
  facet normal 0 -1 0
    outer loop
      vertex -27.2481 5.39275 17.6469
      vertex -25.5633 5.39275 17.6469
      vertex -25.5559 5.39275 17.6891
    endloop
  endfacet
  facet normal 0 -1 0
    outer loop
      vertex -27.2386 5.39275 17.6051
      vertex -25.5633 5.39275 17.6469
      vertex -27.2481 5.39275 17.6469
    endloop
  endfacet
  facet normal 0 -1 0
    outer loop
      vertex -27.2386 5.39275 17.6051
      vertex -25.5729 5.39275 17.6051
      vertex -25.5633 5.39275 17.6469
    endloop
  endfacet
  facet normal 0 -1 0
    outer loop
      vertex -27.227 5.39275 17.5639
      vertex -25.5729 5.39275 17.6051
      vertex -27.2386 5.39275 17.6051
    endloop
  endfacet
  facet normal 0 -1 0
    outer loop
      vertex -27.227 5.39275 17.5639
      vertex -25.5845 5.39275 17.5639
      vertex -25.5729 5.39275 17.6051
    endloop
  endfacet
  facet normal 0 -1 0
    outer loop
      vertex -27.2133 5.39275 17.5232
      vertex -25.5845 5.39275 17.5639
      vertex -27.227 5.39275 17.5639
    endloop
  endfacet
  facet normal 0 -1 0
    outer loop
      vertex -27.2133 5.39275 17.5232
      vertex -25.5981 5.39275 17.5232
      vertex -25.5845 5.39275 17.5639
    endloop
  endfacet
  facet normal 0 -1 0
    outer loop
      vertex -27.1977 5.39275 17.4833
      vertex -25.5981 5.39275 17.5232
      vertex -27.2133 5.39275 17.5232
    endloop
  endfacet
  facet normal 0 -1 0
    outer loop
      vertex -27.1977 5.39275 17.4833
      vertex -25.6138 5.39275 17.4833
      vertex -25.5981 5.39275 17.5232
    endloop
  endfacet
  facet normal 0 -1 0
    outer loop
      vertex -27.18 5.39275 17.4443
      vertex -25.6138 5.39275 17.4833
      vertex -27.1977 5.39275 17.4833
    endloop
  endfacet
  facet normal 0 -1 0
    outer loop
      vertex -27.18 5.39275 17.4443
      vertex -25.6314 5.39275 17.4443
      vertex -25.6138 5.39275 17.4833
    endloop
  endfacet
  facet normal 0 -1 0
    outer loop
      vertex -27.1605 5.39275 17.4061
      vertex -25.6314 5.39275 17.4443
      vertex -27.18 5.39275 17.4443
    endloop
  endfacet
  facet normal 0 -1 0
    outer loop
      vertex -27.1605 5.39275 17.4061
      vertex -25.6509 5.39275 17.4061
      vertex -25.6314 5.39275 17.4443
    endloop
  endfacet
  facet normal 0 -1 0
    outer loop
      vertex -27.1391 5.39275 17.369
      vertex -25.6509 5.39275 17.4061
      vertex -27.1605 5.39275 17.4061
    endloop
  endfacet
  facet normal 0 -1 0
    outer loop
      vertex -27.1391 5.39275 17.369
      vertex -25.6724 5.39275 17.369
      vertex -25.6509 5.39275 17.4061
    endloop
  endfacet
  facet normal 0 -1 0
    outer loop
      vertex -27.1158 5.39275 17.333
      vertex -25.6724 5.39275 17.369
      vertex -27.1391 5.39275 17.369
    endloop
  endfacet
  facet normal 0 -1 0
    outer loop
      vertex -27.1158 5.39275 17.333
      vertex -25.6956 5.39275 17.333
      vertex -25.6724 5.39275 17.369
    endloop
  endfacet
  facet normal 0 -1 0
    outer loop
      vertex -27.0908 5.39275 17.2982
      vertex -25.6956 5.39275 17.333
      vertex -27.1158 5.39275 17.333
    endloop
  endfacet
  facet normal 0 -1 0
    outer loop
      vertex -27.0908 5.39275 17.2982
      vertex -25.7206 5.39275 17.2982
      vertex -25.6956 5.39275 17.333
    endloop
  endfacet
  facet normal 0 -1 0
    outer loop
      vertex -27.0641 5.39275 17.2647
      vertex -25.7206 5.39275 17.2982
      vertex -27.0908 5.39275 17.2982
    endloop
  endfacet
  facet normal 0 -1 0
    outer loop
      vertex -27.0641 5.39275 17.2647
      vertex -25.7474 5.39275 17.2647
      vertex -25.7206 5.39275 17.2982
    endloop
  endfacet
  facet normal 0 -1 0
    outer loop
      vertex -27.0357 5.39275 17.2326
      vertex -25.7474 5.39275 17.2647
      vertex -27.0641 5.39275 17.2647
    endloop
  endfacet
  facet normal 0 -1 0
    outer loop
      vertex -27.0357 5.39275 17.2326
      vertex -25.7757 5.39275 17.2326
      vertex -25.7474 5.39275 17.2647
    endloop
  endfacet
  facet normal 0 -1 0
    outer loop
      vertex -27.0058 5.39275 17.2019
      vertex -25.7757 5.39275 17.2326
      vertex -27.0357 5.39275 17.2326
    endloop
  endfacet
  facet normal 0 -1 0
    outer loop
      vertex -27.0058 5.39275 17.2019
      vertex -25.8056 5.39275 17.2019
      vertex -25.7757 5.39275 17.2326
    endloop
  endfacet
  facet normal 0 -1 0
    outer loop
      vertex -26.9744 5.39275 17.1728
      vertex -25.8056 5.39275 17.2019
      vertex -27.0058 5.39275 17.2019
    endloop
  endfacet
  facet normal 0 -1 0
    outer loop
      vertex -26.9744 5.39275 17.1728
      vertex -25.837 5.39275 17.1728
      vertex -25.8056 5.39275 17.2019
    endloop
  endfacet
  facet normal 0 -1 0
    outer loop
      vertex -26.9416 5.39275 17.1452
      vertex -25.837 5.39275 17.1728
      vertex -26.9744 5.39275 17.1728
    endloop
  endfacet
  facet normal 0 -1 0
    outer loop
      vertex -26.9416 5.39275 17.1452
      vertex -25.8699 5.39275 17.1452
      vertex -25.837 5.39275 17.1728
    endloop
  endfacet
  facet normal 0 -1 0
    outer loop
      vertex -26.9074 5.39275 17.1194
      vertex -25.8699 5.39275 17.1452
      vertex -26.9416 5.39275 17.1452
    endloop
  endfacet
  facet normal 0 -1 0
    outer loop
      vertex -26.9074 5.39275 17.1194
      vertex -25.904 5.39275 17.1194
      vertex -25.8699 5.39275 17.1452
    endloop
  endfacet
  facet normal 0 -1 0
    outer loop
      vertex -26.872 5.39275 17.0952
      vertex -25.904 5.39275 17.1194
      vertex -26.9074 5.39275 17.1194
    endloop
  endfacet
  facet normal 0 -1 0
    outer loop
      vertex -26.872 5.39275 17.0952
      vertex -25.9394 5.39275 17.0952
      vertex -25.904 5.39275 17.1194
    endloop
  endfacet
  facet normal 0 -1 0
    outer loop
      vertex -26.8354 5.39275 17.0729
      vertex -25.9394 5.39275 17.0952
      vertex -26.872 5.39275 17.0952
    endloop
  endfacet
  facet normal 0 -1 0
    outer loop
      vertex -26.8354 5.39275 17.0729
      vertex -25.976 5.39275 17.0729
      vertex -25.9394 5.39275 17.0952
    endloop
  endfacet
  facet normal 0 -1 0
    outer loop
      vertex -26.7978 5.39275 17.0524
      vertex -25.976 5.39275 17.0729
      vertex -26.8354 5.39275 17.0729
    endloop
  endfacet
  facet normal 0 -1 0
    outer loop
      vertex -26.7978 5.39275 17.0524
      vertex -26.0136 5.39275 17.0524
      vertex -25.976 5.39275 17.0729
    endloop
  endfacet
  facet normal 0 -1 0
    outer loop
      vertex -26.7592 5.39275 17.0338
      vertex -26.0136 5.39275 17.0524
      vertex -26.7978 5.39275 17.0524
    endloop
  endfacet
  facet normal 0 -1 0
    outer loop
      vertex -26.7592 5.39275 17.0338
      vertex -26.0522 5.39275 17.0338
      vertex -26.0136 5.39275 17.0524
    endloop
  endfacet
  facet normal 0 -1 0
    outer loop
      vertex -26.7197 5.39275 17.0171
      vertex -26.0522 5.39275 17.0338
      vertex -26.7592 5.39275 17.0338
    endloop
  endfacet
  facet normal 0 -1 0
    outer loop
      vertex -26.7197 5.39275 17.0171
      vertex -26.0917 5.39275 17.0171
      vertex -26.0522 5.39275 17.0338
    endloop
  endfacet
  facet normal 0 -1 0
    outer loop
      vertex -26.6794 5.39275 17.0025
      vertex -26.0917 5.39275 17.0171
      vertex -26.7197 5.39275 17.0171
    endloop
  endfacet
  facet normal 0 -1 0
    outer loop
      vertex -26.6794 5.39275 17.0025
      vertex -26.132 5.39275 17.0025
      vertex -26.0917 5.39275 17.0171
    endloop
  endfacet
  facet normal 0 -1 0
    outer loop
      vertex -26.6385 5.39275 16.9899
      vertex -26.132 5.39275 17.0025
      vertex -26.6794 5.39275 17.0025
    endloop
  endfacet
  facet normal 0 -1 0
    outer loop
      vertex -26.6385 5.39275 16.9899
      vertex -26.173 5.39275 16.9899
      vertex -26.132 5.39275 17.0025
    endloop
  endfacet
  facet normal 0 -1 0
    outer loop
      vertex -26.597 5.39275 16.9793
      vertex -26.173 5.39275 16.9899
      vertex -26.6385 5.39275 16.9899
    endloop
  endfacet
  facet normal 0 -1 0
    outer loop
      vertex -26.597 5.39275 16.9793
      vertex -26.2145 5.39275 16.9793
      vertex -26.173 5.39275 16.9899
    endloop
  endfacet
  facet normal 0 -1 0
    outer loop
      vertex -26.555 5.39275 16.9708
      vertex -26.2145 5.39275 16.9793
      vertex -26.597 5.39275 16.9793
    endloop
  endfacet
  facet normal 0 -1 0
    outer loop
      vertex -26.555 5.39275 16.9708
      vertex -26.2565 5.39275 16.9708
      vertex -26.2145 5.39275 16.9793
    endloop
  endfacet
  facet normal 0 -1 0
    outer loop
      vertex -26.5126 5.39275 16.9644
      vertex -26.2565 5.39275 16.9708
      vertex -26.555 5.39275 16.9708
    endloop
  endfacet
  facet normal 0 -1 0
    outer loop
      vertex -26.5126 5.39275 16.9644
      vertex -26.2989 5.39275 16.9644
      vertex -26.2565 5.39275 16.9708
    endloop
  endfacet
  facet normal 0 -1 0
    outer loop
      vertex -26.4699 5.39275 16.9601
      vertex -26.2989 5.39275 16.9644
      vertex -26.5126 5.39275 16.9644
    endloop
  endfacet
  facet normal 0 -1 0
    outer loop
      vertex -26.4699 5.39275 16.9601
      vertex -26.3415 5.39275 16.9601
      vertex -26.2989 5.39275 16.9644
    endloop
  endfacet
  facet normal 0 -1 0
    outer loop
      vertex -26.4271 5.39275 16.958
      vertex -26.3415 5.39275 16.9601
      vertex -26.4699 5.39275 16.9601
    endloop
  endfacet
  facet normal 0 -1 0
    outer loop
      vertex -26.3415 5.39275 16.9601
      vertex -26.4271 5.39275 16.958
      vertex -26.3843 5.39275 16.958
    endloop
  endfacet
  facet normal 0.686974 -0.726682 0
    outer loop
      vertex -30.3641 7.07509 29.1837
      vertex -25.9117 11.2842 29.3403
      vertex -25.9117 11.2842 29.4273
    endloop
  endfacet
  facet normal 0.686974 -0.726682 0
    outer loop
      vertex -25.9117 11.2842 29.3403
      vertex -30.3641 7.07509 29.1837
      vertex -25.9117 11.2842 29.189
    endloop
  endfacet
  facet normal 0.686974 -0.726682 7.44969e-06
    outer loop
      vertex -25.9117 11.2842 29.189
      vertex -30.3641 7.07509 29.1837
      vertex -31.4472 6.05116 27.8922
    endloop
  endfacet
  facet normal 0.686957 -0.726698 0.000219272
    outer loop
      vertex -25.2814 11.8801 29.3721
      vertex -24.584 12.5394 29.5
      vertex -25.312 11.8512 29.4602
    endloop
  endfacet
  facet normal 0.687186 -0.726479 -0.00215582
    outer loop
      vertex -25.2792 11.8822 29.3657
      vertex -24.584 12.5394 29.5
      vertex -25.2814 11.8801 29.3721
    endloop
  endfacet
  facet normal 0.687066 -0.726595 -0.000969407
    outer loop
      vertex -25.2772 11.8841 29.3591
      vertex -24.584 12.5394 29.5
      vertex -25.2792 11.8822 29.3657
    endloop
  endfacet
  facet normal 0.686717 -0.726921 0.00226487
    outer loop
      vertex -24.584 12.5394 29.5
      vertex -25.2772 11.8841 29.3591
      vertex -25.2711 11.8898 29.339
    endloop
  endfacet
  facet normal -0.686971 0.726685 0
    outer loop
      vertex -34.1852 13.2335 29.5
      vertex -35.8137 11.694 27.259
      vertex -35.8137 11.694 28.2763
    endloop
  endfacet
  facet normal -0.697261 -0.659167 0.281648
    outer loop
      vertex -31.851 5.66945 26
      vertex -36.2464 10.3927 26.1728
      vertex -36.3162 10.3927 26
    endloop
  endfacet
  facet normal -0.697235 -0.659147 0.28176
    outer loop
      vertex -36.2464 10.3927 26.1728
      vertex -31.851 5.66945 26
      vertex -31.4472 6.05116 27.8922
    endloop
  endfacet
  facet normal -0.686983 0.726674 1.15006e-05
    outer loop
      vertex -35.8137 11.694 26.3117
      vertex -34.1852 13.2335 29.5
      vertex -28.0866 18.999 28.9444
    endloop
  endfacet
  facet normal -0.686971 0.726685 0
    outer loop
      vertex -34.1852 13.2335 29.5
      vertex -35.8137 11.694 26.3117
      vertex -35.8137 11.694 27.259
    endloop
  endfacet
  facet normal 0.686975 -0.726681 0
    outer loop
      vertex -31.4472 6.05116 27.8922
      vertex -25.9117 11.2842 26.6904
      vertex -25.9117 11.2842 26.7787
    endloop
  endfacet
  facet normal 0.686975 -0.726681 0
    outer loop
      vertex -31.4472 6.05116 27.8922
      vertex -25.9117 11.2842 26.4322
      vertex -25.9117 11.2842 26.6904
    endloop
  endfacet
  facet normal 0.686975 -0.726681 0
    outer loop
      vertex -31.4472 6.05116 27.8922
      vertex -25.9117 11.2842 26.0812
      vertex -25.9117 11.2842 26.4322
    endloop
  endfacet
  facet normal 0.686975 -0.726681 0
    outer loop
      vertex -31.4472 6.05116 27.8922
      vertex -25.9117 11.2842 25.583
      vertex -25.9117 11.2842 26.0812
    endloop
  endfacet
  facet normal 0.686977 -0.72668 6.58922e-06
    outer loop
      vertex -26.8547 10.3927 23.1567
      vertex -25.9117 11.2842 25.583
      vertex -31.4472 6.05116 27.8922
    endloop
  endfacet
  facet normal 0.686985 -0.726671 0
    outer loop
      vertex -25.9117 11.2842 25.583
      vertex -26.8547 10.3927 23.1567
      vertex -25.9117 11.2842 24.8308
    endloop
  endfacet
  facet normal 0.686985 -0.726671 0
    outer loop
      vertex -25.9117 11.2842 24.8308
      vertex -26.8547 10.3927 23.1567
      vertex -25.9117 11.2842 24.0621
    endloop
  endfacet
  facet normal 0.686912 -0.726741 5.10471e-05
    outer loop
      vertex -26.6153 10.6191 23.1948
      vertex -25.9117 11.2842 24.0621
      vertex -26.8197 10.4259 23.1638
    endloop
  endfacet
  facet normal 0.683039 -0.730379 0.00216886
    outer loop
      vertex -25.9117 11.2842 23.3986
      vertex -25.965 11.2339 23.2455
      vertex -25.9542 11.244 23.2455
    endloop
  endfacet
  facet normal 0.687177 -0.72649 -0.00054942
    outer loop
      vertex -25.9117 11.2842 23.3986
      vertex -26.1774 11.033 23.237
      vertex -25.965 11.2339 23.2455
    endloop
  endfacet
  facet normal 0.686056 -0.727543 0.00293248
    outer loop
      vertex -25.9117 11.2842 23.3986
      vertex -26.2478 10.9666 23.2334
      vertex -26.1774 11.033 23.237
    endloop
  endfacet
  facet normal 0.68682 -0.726827 0
    outer loop
      vertex -25.9117 11.2842 24.0621
      vertex -26.2478 10.9666 23.2334
      vertex -25.9117 11.2842 23.3986
    endloop
  endfacet
  facet normal 0.68725 -0.726421 -0.000329964
    outer loop
      vertex -26.2478 10.9666 23.2334
      vertex -25.9117 11.2842 24.0621
      vertex -26.3979 10.8246 23.2199
    endloop
  endfacet
  facet normal 0.686889 -0.726762 6.4797e-05
    outer loop
      vertex -26.3979 10.8246 23.2199
      vertex -25.9117 11.2842 24.0621
      vertex -26.5328 10.6971 23.2063
    endloop
  endfacet
  facet normal 0.68702 -0.726639 -0.000115074
    outer loop
      vertex -26.5328 10.6971 23.2063
      vertex -25.9117 11.2842 24.0621
      vertex -26.6153 10.6191 23.1948
    endloop
  endfacet
  facet normal 0.687402 -0.726277 -0.000887339
    outer loop
      vertex -25.9117 11.2842 24.0621
      vertex -26.829 10.4171 23.162
      vertex -26.8197 10.4259 23.1638
    endloop
  endfacet
  facet normal 0.688942 -0.724806 -0.00387378
    outer loop
      vertex -25.9117 11.2842 24.0621
      vertex -26.8547 10.3927 23.1567
      vertex -26.829 10.4171 23.162
    endloop
  endfacet
  facet normal 0.686969 -0.726687 -6.98796e-06
    outer loop
      vertex -27.6016 9.68666 19.2277
      vertex -26.8547 10.3927 23.1567
      vertex -31.4472 6.05116 27.8922
    endloop
  endfacet
  facet normal 0.686842 -0.726807 0
    outer loop
      vertex -26.8547 10.3927 23.1567
      vertex -26.9329 10.3188 19.7427
      vertex -26.8547 10.3927 19.7802
    endloop
  endfacet
  facet normal 0.686479 -0.72715 1.57389e-05
    outer loop
      vertex -26.8547 10.3927 23.1567
      vertex -26.9633 10.2901 19.7271
      vertex -26.9329 10.3188 19.7427
    endloop
  endfacet
  facet normal 0.686956 -0.726699 -1.28784e-05
    outer loop
      vertex -26.8547 10.3927 23.1567
      vertex -27.0346 10.2227 19.6889
      vertex -26.9633 10.2901 19.7271
    endloop
  endfacet
  facet normal 0.68719 -0.726477 -3.58728e-05
    outer loop
      vertex -26.8547 10.3927 23.1567
      vertex -27.0845 10.1755 19.6591
      vertex -27.0346 10.2227 19.6889
    endloop
  endfacet
  facet normal 0.686825 -0.726823 9.6472e-06
    outer loop
      vertex -26.8547 10.3927 23.1567
      vertex -27.1681 10.0965 19.6063
      vertex -27.0845 10.1755 19.6591
    endloop
  endfacet
  facet normal 0.686869 -0.726781 2.13577e-06
    outer loop
      vertex -26.8547 10.3927 23.1567
      vertex -27.2027 10.0638 19.5835
      vertex -27.1681 10.0965 19.6063
    endloop
  endfacet
  facet normal 0.686044 -0.72756 0.00015434
    outer loop
      vertex -26.8547 10.3927 23.1567
      vertex -27.2273 10.0406 19.5658
      vertex -27.2027 10.0638 19.5835
    endloop
  endfacet
  facet normal 0.687331 -0.726344 -9.8489e-05
    outer loop
      vertex -26.8547 10.3927 23.1567
      vertex -27.3531 9.92157 19.4697
      vertex -27.2273 10.0406 19.5658
    endloop
  endfacet
  facet normal 0.68617 -0.727441 0.000198673
    outer loop
      vertex -26.8547 10.3927 23.1567
      vertex -27.3577 9.91723 19.4661
      vertex -27.3531 9.92157 19.4697
    endloop
  endfacet
  facet normal 0.687021 -0.726637 -2.09445e-05
    outer loop
      vertex -26.8547 10.3927 23.1567
      vertex -27.361 9.91411 19.4632
      vertex -27.3577 9.91723 19.4661
    endloop
  endfacet
  facet normal 0.68688 -0.72677 1.55815e-05
    outer loop
      vertex -26.8547 10.3927 23.1567
      vertex -27.3836 9.89275 19.4426
      vertex -27.361 9.91411 19.4632
    endloop
  endfacet
  facet normal 0.687098 -0.726564 -4.32315e-05
    outer loop
      vertex -26.8547 10.3927 23.1567
      vertex -27.4991 9.78353 19.338
      vertex -27.3836 9.89275 19.4426
    endloop
  endfacet
  facet normal 0.686872 -0.726779 2.92429e-05
    outer loop
      vertex -26.8547 10.3927 23.1567
      vertex -27.5813 9.70584 19.2496
      vertex -27.4991 9.78353 19.338
    endloop
  endfacet
  facet normal 0.686725 -0.726918 8.10596e-05
    outer loop
      vertex -26.8547 10.3927 23.1567
      vertex -27.6016 9.68666 19.2277
      vertex -27.5813 9.70584 19.2496
    endloop
  endfacet
  facet normal 0.687175 -0.726491 0
    outer loop
      vertex -25.9117 11.2842 23.3986
      vertex -25.9542 11.244 23.2455
      vertex -25.9117 11.2842 23.2451
    endloop
  endfacet
  facet normal 0.68697 -0.726686 0
    outer loop
      vertex -24.3112 12.7973 11.8141
      vertex -22.0405 14.9439 26
      vertex -24.3112 12.7973 26.4568
    endloop
  endfacet
  facet normal 0.686975 -0.726681 -1.42957e-06
    outer loop
      vertex -22.0405 14.9439 26
      vertex -24.3112 12.7973 11.8141
      vertex -22.4443 14.5622 7.60776
    endloop
  endfacet
  facet normal -0.475875 -0.449883 0.755744
    outer loop
      vertex -34.1115 10.3927 28.799
      vertex -35.5516 10.3927 27.8922
      vertex -31.4472 6.05116 27.8922
    endloop
  endfacet
  facet normal -0.475867 -0.449825 0.755783
    outer loop
      vertex -35.2418 12.2347 29.1837
      vertex -35.8137 11.694 28.5018
      vertex -34.91 11.694 29.0708
    endloop
  endfacet
  facet normal -0.475868 -0.449876 0.755752
    outer loop
      vertex -33.5005 10.3927 29.1837
      vertex -31.4472 6.05116 27.8922
      vertex -30.3641 7.07509 29.1837
    endloop
  endfacet
  facet normal -0.475849 -0.449871 0.755767
    outer loop
      vertex -31.4472 6.05116 27.8922
      vertex -33.5005 10.3927 29.1837
      vertex -34.1115 10.3927 28.799
    endloop
  endfacet
  facet normal -0.475885 -0.449833 0.755767
    outer loop
      vertex -34.7307 11.694 29.1837
      vertex -35.2418 12.2347 29.1837
      vertex -34.91 11.694 29.0708
    endloop
  endfacet
  facet normal -0.686983 0.726674 1.13388e-05
    outer loop
      vertex -28.0866 18.999 28.9444
      vertex -34.1852 13.2335 29.5
      vertex -29.4617 17.699 29.5
    endloop
  endfacet
  facet normal 0.686975 -0.726681 0
    outer loop
      vertex -31.4472 6.05116 27.8922
      vertex -25.9117 11.2842 29.1757
      vertex -25.9117 11.2842 29.189
    endloop
  endfacet
  facet normal 0.686975 -0.726681 0
    outer loop
      vertex -25.9117 11.2842 29.1757
      vertex -31.4472 6.05116 27.8922
      vertex -25.9117 11.2842 29.0097
    endloop
  endfacet
  facet normal 0.686975 -0.726681 0
    outer loop
      vertex -31.4472 6.05116 27.8922
      vertex -25.9117 11.2842 27.0379
      vertex -25.9117 11.2842 29.0097
    endloop
  endfacet
  facet normal 0.686975 -0.726681 0
    outer loop
      vertex -31.4472 6.05116 27.8922
      vertex -25.9117 11.2842 26.8861
      vertex -25.9117 11.2842 27.0379
    endloop
  endfacet
  facet normal 0.686975 -0.726681 0
    outer loop
      vertex -25.9117 11.2842 26.8861
      vertex -31.4472 6.05116 27.8922
      vertex -25.9117 11.2842 26.7787
    endloop
  endfacet
  facet normal 0.687001 -0.726657 -1.35093e-05
    outer loop
      vertex -25.2179 11.9401 29.1628
      vertex -24.584 12.5394 29.5
      vertex -25.2711 11.8898 29.339
    endloop
  endfacet
  facet normal 0.687223 -0.726446 -0.000805701
    outer loop
      vertex -25.2159 11.942 29.1556
      vertex -24.584 12.5394 29.5
      vertex -25.2179 11.9401 29.1628
    endloop
  endfacet
  facet normal 0.687038 -0.726621 -0.000163222
    outer loop
      vertex -25.1674 11.9879 28.9685
      vertex -24.584 12.5394 29.5
      vertex -25.2159 11.942 29.1556
    endloop
  endfacet
  facet normal 0.687103 -0.72656 -0.000296616
    outer loop
      vertex -25.1655 11.9897 28.9607
      vertex -24.584 12.5394 29.5
      vertex -25.1674 11.9879 28.9685
    endloop
  endfacet
  facet normal 0.686985 -0.726672 -5.59633e-05
    outer loop
      vertex -25.1655 11.9897 28.9607
      vertex -24.1382 12.9609 28.8865
      vertex -24.584 12.5394 29.5
    endloop
  endfacet
  facet normal 0.686994 -0.726663 0.000196665
    outer loop
      vertex -25.1243 12.0286 28.7726
      vertex -24.1382 12.9609 28.8865
      vertex -25.1655 11.9897 28.9607
    endloop
  endfacet
  facet normal 0.68711 -0.726551 -0.00172125
    outer loop
      vertex -25.1243 12.0286 28.7726
      vertex -25.1221 12.0307 28.7644
      vertex -24.1382 12.9609 28.8865
    endloop
  endfacet
  facet normal 0.628127 -0.777509 -0.0305964
    outer loop
      vertex -25.1221 12.0307 28.7644
      vertex -25.1243 12.0286 28.7726
      vertex -25.1226 12.0303 28.7643
    endloop
  endfacet
  facet normal 0.687017 -0.726642 0
    outer loop
      vertex -24.3112 12.7973 26.4568
      vertex -23.6382 13.4336 28.1985
      vertex -24.3112 12.7973 28.1985
    endloop
  endfacet
  facet normal 0.686974 -0.726682 3.14743e-05
    outer loop
      vertex -23.6382 13.4336 28.1985
      vertex -24.3112 12.7973 26.4568
      vertex -22.0405 14.9439 26
    endloop
  endfacet
  facet normal -0.686983 0.726674 -1.19933e-05
    outer loop
      vertex -34.1852 13.2335 6
      vertex -35.8137 11.694 9.05933
      vertex -29.4617 17.699 6
    endloop
  endfacet
  facet normal -0.686971 0.726685 0
    outer loop
      vertex -35.8137 11.694 9.05933
      vertex -34.1852 13.2335 6
      vertex -35.8137 11.694 8.24095
    endloop
  endfacet
  facet normal -0.710065 -0.67129 -0.212547
    outer loop
      vertex -31.6211 5.88674 8.04605
      vertex -36.2778 10.3927 9.37166
      vertex -35.881 10.3927 8.04605
    endloop
  endfacet
  facet normal 0.687101 -0.726562 0.000468795
    outer loop
      vertex -24.584 12.5394 29.5
      vertex -23.5612 13.5063 28.9581
      vertex -23.3178 13.7365 28.9884
    endloop
  endfacet
  facet normal 0.686935 -0.726719 -0.000124626
    outer loop
      vertex -23.5612 13.5063 28.9581
      vertex -24.584 12.5394 29.5
      vertex -24.1382 12.9609 28.8865
    endloop
  endfacet
  facet normal 0.686938 -0.726716 -1.70767e-05
    outer loop
      vertex -22.9129 14.1192 28.1985
      vertex -23.6382 13.4336 28.1985
      vertex -22.0405 14.9439 26
    endloop
  endfacet
  facet normal -0.697235 -0.659151 0.281749
    outer loop
      vertex -35.5516 10.3927 27.8922
      vertex -36.2464 10.3927 26.1728
      vertex -31.4472 6.05116 27.8922
    endloop
  endfacet
  facet normal 0.204682 0.193518 0.959508
    outer loop
      vertex -28.0866 18.999 28.9444
      vertex -27.8952 18.5303 28.9981
      vertex -27.8734 18.7735 28.9444
    endloop
  endfacet
  facet normal 0.203805 0.193189 0.959761
    outer loop
      vertex -27.8952 18.5303 28.9981
      vertex -28.0866 18.999 28.9444
      vertex -27.9028 18.4479 29.0163
    endloop
  endfacet
  facet normal 0.206028 0.193851 0.959153
    outer loop
      vertex -27.9028 18.4479 29.0163
      vertex -28.0866 18.999 28.9444
      vertex -27.9116 18.3578 29.0364
    endloop
  endfacet
  facet normal 0.204709 0.19354 0.959498
    outer loop
      vertex -29.4617 17.699 29.5
      vertex -27.9116 18.3578 29.0364
      vertex -28.0866 18.999 28.9444
    endloop
  endfacet
  facet normal 0.204686 0.193589 0.959493
    outer loop
      vertex -27.9116 18.3578 29.0364
      vertex -29.4617 17.699 29.5
      vertex -27.9473 18.0035 29.1155
    endloop
  endfacet
  facet normal 0.204808 0.193082 0.959569
    outer loop
      vertex -27.9473 18.0035 29.1155
      vertex -29.4617 17.699 29.5
      vertex -27.9585 17.8971 29.1393
    endloop
  endfacet
  facet normal 0.204734 0.193625 0.959475
    outer loop
      vertex -27.9935 17.5846 29.2098
      vertex -29.4617 17.699 29.5
      vertex -28.0071 17.4637 29.2371
    endloop
  endfacet
  facet normal 0.204732 0.193607 0.95948
    outer loop
      vertex -28.0071 17.4637 29.2371
      vertex -29.4617 17.699 29.5
      vertex -28.0227 17.334 29.2666
    endloop
  endfacet
  facet normal 0.204715 0.193528 0.959499
    outer loop
      vertex -28.0227 17.334 29.2666
      vertex -29.4617 17.699 29.5
      vertex -28.0575 17.054 29.3305
    endloop
  endfacet
  facet normal 0.204731 0.193532 0.959495
    outer loop
      vertex -27.9585 17.8971 29.1393
      vertex -29.4617 17.699 29.5
      vertex -27.9935 17.5846 29.2098
    endloop
  endfacet
  facet normal 0.204641 0.193353 0.95955
    outer loop
      vertex -28.0575 17.054 29.3305
      vertex -29.4617 17.699 29.5
      vertex -28.076 16.9113 29.3632
    endloop
  endfacet
  facet normal 0.204863 0.193767 0.959419
    outer loop
      vertex -28.076 16.9113 29.3632
      vertex -29.4617 17.699 29.5
      vertex -28.1098 16.6653 29.4201
    endloop
  endfacet
  facet normal 0.204588 0.193396 0.959553
    outer loop
      vertex -28.1098 16.6653 29.4201
      vertex -29.4617 17.699 29.5
      vertex -28.1311 16.5112 29.4557
    endloop
  endfacet
  facet normal 0.204785 0.193621 0.959465
    outer loop
      vertex -28.1311 16.5112 29.4557
      vertex -29.4617 17.699 29.5
      vertex -28.1553 16.3475 29.4939
    endloop
  endfacet
  facet normal 0.203553 0.192427 0.959968
    outer loop
      vertex -28.1553 16.3475 29.4939
      vertex -29.4617 17.699 29.5
      vertex -28.1593 16.3213 29.5
    endloop
  endfacet
  facet normal 0.204744 0.19355 0.959489
    outer loop
      vertex -25.2899 13.7966 29.3971
      vertex -23.3178 13.7365 28.9884
      vertex -23.6719 14.3292 28.9444
    endloop
  endfacet
  facet normal 0.209741 0.198282 0.957441
    outer loop
      vertex -25.1619 15.9 28.9455
      vertex -23.6719 14.3292 28.9444
      vertex -25.1617 15.9051 28.9444
    endloop
  endfacet
  facet normal 0.204632 0.193434 0.959536
    outer loop
      vertex -25.1756 15.6372 29.0014
      vertex -23.6719 14.3292 28.9444
      vertex -25.1619 15.9 28.9455
    endloop
  endfacet
  facet normal 0.204679 0.193489 0.959515
    outer loop
      vertex -25.2095 15.0269 29.1317
      vertex -23.6719 14.3292 28.9444
      vertex -25.1756 15.6372 29.0014
    endloop
  endfacet
  facet normal 0.204816 0.193818 0.959419
    outer loop
      vertex -25.2221 14.8135 29.1775
      vertex -23.6719 14.3292 28.9444
      vertex -25.2095 15.0269 29.1317
    endloop
  endfacet
  facet normal 0.204718 0.193457 0.959513
    outer loop
      vertex -25.2687 14.099 29.3315
      vertex -23.6719 14.3292 28.9444
      vertex -25.2221 14.8135 29.1775
    endloop
  endfacet
  facet normal 0.204722 0.193437 0.959516
    outer loop
      vertex -25.2794 13.9382 29.3662
      vertex -23.6719 14.3292 28.9444
      vertex -25.2687 14.099 29.3315
    endloop
  endfacet
  facet normal 0.204508 0.194198 0.959408
    outer loop
      vertex -25.2899 13.7966 29.3971
      vertex -23.6719 14.3292 28.9444
      vertex -25.2794 13.9382 29.3662
    endloop
  endfacet
  facet normal 0.204744 0.193495 0.9595
    outer loop
      vertex -23.3178 13.7365 28.9884
      vertex -25.2899 13.7966 29.3971
      vertex -24.584 12.5394 29.5
    endloop
  endfacet
  facet normal 0.204611 0.193423 0.959542
    outer loop
      vertex -24.584 12.5394 29.5
      vertex -25.2899 13.7966 29.3971
      vertex -25.3257 13.324 29.5
    endloop
  endfacet
  facet normal 0.686975 -0.726681 0
    outer loop
      vertex -29.3075 8.07395 29.5
      vertex -25.9117 11.2842 29.4273
      vertex -25.9117 11.2842 29.5
    endloop
  endfacet
  facet normal 0.686975 -0.726681 -1.3488e-05
    outer loop
      vertex -25.9117 11.2842 29.4273
      vertex -29.3075 8.07395 29.5
      vertex -30.3641 7.07509 29.1837
    endloop
  endfacet
  facet normal 0.68694 -0.726714 0.000816222
    outer loop
      vertex -24.584 12.5394 29.5
      vertex -25.3258 11.8382 29.5
      vertex -25.312 11.8512 29.4602
    endloop
  endfacet
  facet normal -0.686976 0.72668 0
    outer loop
      vertex -27.7753 19.2932 26.2784
      vertex -35.8137 11.694 26.1389
      vertex -27.7753 19.2932 27.3588
    endloop
  endfacet
  facet normal -0.686976 0.72668 0
    outer loop
      vertex -35.8137 11.694 26.1389
      vertex -27.7753 19.2932 26.2784
      vertex -35.8137 11.694 11.2146
    endloop
  endfacet
  facet normal 0.68734 -0.726322 0.00444663
    outer loop
      vertex -25.0726 12.0775 6.88068
      vertex -23.865 13.2191 6.68673
      vertex -25.0714 12.0787 6.8912
    endloop
  endfacet
  facet normal 0.686966 -0.726689 -4.10085e-05
    outer loop
      vertex -25.098 12.0535 6.6758
      vertex -23.865 13.2191 6.68673
      vertex -25.0726 12.0775 6.88068
    endloop
  endfacet
  facet normal 0.686973 -0.726681 -0.0016808
    outer loop
      vertex -25.0994 12.0522 6.66564
      vertex -23.865 13.2191 6.68673
      vertex -25.098 12.0535 6.6758
    endloop
  endfacet
  facet normal 0.686888 -0.726736 0.00631875
    outer loop
      vertex -25.101 12.0506 6.65555
      vertex -23.865 13.2191 6.68673
      vertex -25.0994 12.0522 6.66564
    endloop
  endfacet
  facet normal 0.68699 -0.726667 -0.000277467
    outer loop
      vertex -25.1362 12.0174 6.45125
      vertex -23.865 13.2191 6.68673
      vertex -25.101 12.0506 6.65555
    endloop
  endfacet
  facet normal 0.686939 -0.726715 0.000243544
    outer loop
      vertex -25.1813 11.9747 6.24673
      vertex -23.865 13.2191 6.68673
      vertex -25.1362 12.0174 6.45125
    endloop
  endfacet
  facet normal 0.686995 -0.726662 -5.65863e-05
    outer loop
      vertex -23.865 13.2191 6.68673
      vertex -23.5274 13.5383 6.31628
      vertex -23.2988 13.7544 6.58884
    endloop
  endfacet
  facet normal 0.687408 -0.726268 -0.00242511
    outer loop
      vertex -25.1856 11.9707 6.22579
      vertex -23.865 13.2191 6.68673
      vertex -25.1813 11.9747 6.24673
    endloop
  endfacet
  facet normal 0.686963 -0.726693 0
    outer loop
      vertex -25.1856 11.9707 6.22555
      vertex -23.865 13.2191 6.68673
      vertex -25.1856 11.9707 6.22579
    endloop
  endfacet
  facet normal 0.686979 -0.726678 -8.52753e-05
    outer loop
      vertex -23.865 13.2191 6.68673
      vertex -25.1856 11.9707 6.22555
      vertex -23.5274 13.5383 6.31628
    endloop
  endfacet
  facet normal 0.686574 -0.726961 -0.0119538
    outer loop
      vertex -22.4443 14.5622 7.60776
      vertex -22.4645 14.5432 7.60303
      vertex -22.4483 14.5585 7.60303
    endloop
  endfacet
  facet normal 0.686975 -0.726681 0
    outer loop
      vertex -29.3075 8.07395 6
      vertex -25.9117 11.2842 6.5565
      vertex -25.9117 11.2842 6.79549
    endloop
  endfacet
  facet normal 0.686975 -0.726681 0
    outer loop
      vertex -25.9117 11.2842 6.5565
      vertex -29.3075 8.07395 6
      vertex -25.9117 11.2842 6.36624
    endloop
  endfacet
  facet normal 0.686975 -0.726681 0
    outer loop
      vertex -25.9117 11.2842 6.36624
      vertex -29.3075 8.07395 6
      vertex -25.9117 11.2842 6.18582
    endloop
  endfacet
  facet normal 0.68695 -0.726705 0
    outer loop
      vertex -31.851 5.66945 26
      vertex -31.851 5.66945 9.5
      vertex -31.4472 6.05116 27.8922
    endloop
  endfacet
  facet normal -0.710065 -0.671275 -0.212597
    outer loop
      vertex -31.851 5.66945 9.5
      vertex -36.2778 10.3927 9.37166
      vertex -31.6211 5.88674 8.04605
    endloop
  endfacet
  facet normal -0.710088 -0.671293 -0.212462
    outer loop
      vertex -36.2778 10.3927 9.37166
      vertex -31.851 5.66945 9.5
      vertex -36.3162 10.3927 9.5
    endloop
  endfacet
  facet normal 0.726675 0.686981 0
    outer loop
      vertex -22.0405 14.9439 26
      vertex -24.3112 17.3458 9.5
      vertex -24.3112 17.3458 26
    endloop
  endfacet
  facet normal 0.726675 0.686981 0
    outer loop
      vertex -24.3112 17.3458 9.5
      vertex -22.0405 14.9439 26
      vertex -22.0405 14.9439 9.5
    endloop
  endfacet
  facet normal 0.687013 -0.726645 3.54199e-05
    outer loop
      vertex -30.6826 6.77398 6.55562
      vertex -31.851 5.66945 9.5
      vertex -31.6211 5.88674 8.04605
    endloop
  endfacet
  facet normal 0.686941 -0.726714 0
    outer loop
      vertex -22.0405 14.9439 26
      vertex -22.4443 14.5622 7.60776
      vertex -22.0405 14.9439 9.5
    endloop
  endfacet
  facet normal 0.686993 -0.726664 0
    outer loop
      vertex -22.4813 14.5273 7.60303
      vertex -24.3112 12.7973 7.9833
      vertex -24.3112 12.7973 7.60303
    endloop
  endfacet
  facet normal 0.686471 -0.727142 -0.00468722
    outer loop
      vertex -24.3112 12.7973 7.9833
      vertex -22.4813 14.5273 7.60303
      vertex -22.4443 14.5622 7.60776
    endloop
  endfacet
  facet normal 0.686974 -0.726682 6.27128e-06
    outer loop
      vertex -30.6826 6.77398 6.55562
      vertex -25.9117 11.2842 8.30526
      vertex -31.851 5.66945 9.5
    endloop
  endfacet
  facet normal 0.686975 -0.726681 0
    outer loop
      vertex -25.9117 11.2842 8.30526
      vertex -30.6826 6.77398 6.55562
      vertex -25.9117 11.2842 7.16492
    endloop
  endfacet
  facet normal 0 0 -1
    outer loop
      vertex -28.1946 12.4688 6
      vertex -28.1806 12.4878 6
      vertex -28.1945 12.4688 6
    endloop
  endfacet
  facet normal 0 0 -1
    outer loop
      vertex -28.2605 12.3881 6
      vertex -28.1806 12.4878 6
      vertex -28.1946 12.4688 6
    endloop
  endfacet
  facet normal 0 0 -1
    outer loop
      vertex -28.1806 12.4878 6
      vertex -28.2605 12.3881 6
      vertex -29.7709 11.6941 6
    endloop
  endfacet
  facet normal 0 0 -1
    outer loop
      vertex -29.7709 11.6941 6
      vertex -28.2605 12.3881 6
      vertex -28.2608 12.3878 6
    endloop
  endfacet
  facet normal 0 0 -1
    outer loop
      vertex -29.7709 11.6941 6
      vertex -28.2608 12.3878 6
      vertex -28.3307 12.3109 6
    endloop
  endfacet
  facet normal 0 0 -1
    outer loop
      vertex -28.3317 12.3098 6
      vertex -28.3307 12.3109 6
      vertex -28.3312 12.3103 6
    endloop
  endfacet
  facet normal 0 0 -1
    outer loop
      vertex -29.7709 11.6941 6
      vertex -28.3307 12.3109 6
      vertex -28.3317 12.3098 6
    endloop
  endfacet
  facet normal 0 0 -1
    outer loop
      vertex -28.4068 12.2356 6
      vertex -28.3317 12.3098 6
      vertex -28.406 12.2363 6
    endloop
  endfacet
  facet normal 0 0 -1
    outer loop
      vertex -29.7709 11.6941 6
      vertex -28.3317 12.3098 6
      vertex -28.4068 12.2356 6
    endloop
  endfacet
  facet normal 0 0 -1
    outer loop
      vertex -29.7709 11.6941 6
      vertex -28.4068 12.2356 6
      vertex -28.4852 12.1658 6
    endloop
  endfacet
  facet normal 0 0 -1
    outer loop
      vertex -29.7709 11.6941 6
      vertex -28.4852 12.1658 6
      vertex -28.4863 12.1648 6
    endloop
  endfacet
  facet normal 0 0 -1
    outer loop
      vertex -29.7709 11.6941 6
      vertex -28.4863 12.1648 6
      vertex -28.5596 12.1059 6
    endloop
  endfacet
  facet normal 0 0 -1
    outer loop
      vertex -29.7709 11.6941 6
      vertex -28.5596 12.1059 6
      vertex -28.561 12.1049 6
    endloop
  endfacet
  facet normal 0 0 -1
    outer loop
      vertex -28.6199 12.0616 6
      vertex -28.561 12.1049 6
      vertex -28.6182 12.0627 6
    endloop
  endfacet
  facet normal 0 0 -1
    outer loop
      vertex -29.7709 11.6941 6
      vertex -28.561 12.1049 6
      vertex -28.6199 12.0616 6
    endloop
  endfacet
  facet normal 0 0 -1
    outer loop
      vertex -29.7709 11.6941 6
      vertex -28.6199 12.0616 6
      vertex -28.6792 12.0211 6
    endloop
  endfacet
  facet normal 0 0 -1
    outer loop
      vertex -29.7709 11.6941 6
      vertex -28.6792 12.0211 6
      vertex -28.7404 11.9826 6
    endloop
  endfacet
  facet normal 0 0 1
    outer loop
      vertex -28.7438 11.9806 6
      vertex -28.7404 11.9826 6
      vertex -28.7423 11.9815 6
    endloop
  endfacet
  facet normal 0 0 -1
    outer loop
      vertex -29.7709 11.6941 6
      vertex -28.7404 11.9826 6
      vertex -28.7438 11.9806 6
    endloop
  endfacet
  facet normal 0 0 -1
    outer loop
      vertex -28.8088 11.9431 6
      vertex -28.7438 11.9806 6
      vertex -28.8072 11.944 6
    endloop
  endfacet
  facet normal 0 0 -1
    outer loop
      vertex -29.7709 11.6941 6
      vertex -28.7438 11.9806 6
      vertex -28.8088 11.9431 6
    endloop
  endfacet
  facet normal 0 0 -1
    outer loop
      vertex -29.7709 11.6941 6
      vertex -28.8088 11.9431 6
      vertex -28.8743 11.9085 6
    endloop
  endfacet
  facet normal 0 0 -1
    outer loop
      vertex -29.7709 11.6941 6
      vertex -28.8743 11.9085 6
      vertex -28.8761 11.9075 6
    endloop
  endfacet
  facet normal 0 0 -1
    outer loop
      vertex -29.7709 11.6941 6
      vertex -28.8761 11.9075 6
      vertex -28.9437 11.8751 6
    endloop
  endfacet
  facet normal 0 0 -1
    outer loop
      vertex -29.7709 11.6941 6
      vertex -28.9437 11.8751 6
      vertex -28.9458 11.8742 6
    endloop
  endfacet
  facet normal 0 0 -1
    outer loop
      vertex -29.7709 11.6941 6
      vertex -28.9458 11.8742 6
      vertex -29.0155 11.844 6
    endloop
  endfacet
  facet normal 0 0 -1
    outer loop
      vertex -29.7709 11.6941 6
      vertex -29.0155 11.844 6
      vertex -29.0177 11.843 6
    endloop
  endfacet
  facet normal 0 0 -1
    outer loop
      vertex -29.7709 11.6941 6
      vertex -29.0177 11.843 6
      vertex -29.0896 11.8153 6
    endloop
  endfacet
  facet normal 0 0 -1
    outer loop
      vertex -29.1661 11.7891 6
      vertex -29.0896 11.8153 6
      vertex -29.0921 11.8143 6
    endloop
  endfacet
  facet normal 0 0 -1
    outer loop
      vertex -29.0896 11.8153 6
      vertex -29.1661 11.7891 6
      vertex -29.7709 11.6941 6
    endloop
  endfacet
  facet normal 0 0 -1
    outer loop
      vertex -29.1716 11.7873 6
      vertex -29.1661 11.7891 6
      vertex -29.1688 11.7882 6
    endloop
  endfacet
  facet normal 0 0 -1
    outer loop
      vertex -29.7709 11.6941 6
      vertex -29.1661 11.7891 6
      vertex -29.1716 11.7873 6
    endloop
  endfacet
  facet normal 0 0 -1
    outer loop
      vertex -29.2511 11.764 6
      vertex -29.1716 11.7873 6
      vertex -29.248 11.7648 6
    endloop
  endfacet
  facet normal 0 0 -1
    outer loop
      vertex -29.7709 11.6941 6
      vertex -29.1716 11.7873 6
      vertex -29.2511 11.764 6
    endloop
  endfacet
  facet normal 0 0 -1
    outer loop
      vertex -29.7709 11.6941 6
      vertex -29.2511 11.764 6
      vertex -29.3296 11.7443 6
    endloop
  endfacet
  facet normal 0 0 -1
    outer loop
      vertex -29.7709 11.6941 6
      vertex -29.3296 11.7443 6
      vertex -29.3329 11.7436 6
    endloop
  endfacet
  facet normal 0 0 -1
    outer loop
      vertex -29.7709 11.6941 6
      vertex -29.3329 11.7436 6
      vertex -29.4136 11.727 6
    endloop
  endfacet
  facet normal 0 0 -1
    outer loop
      vertex -29.7709 11.6941 6
      vertex -29.4136 11.727 6
      vertex -29.4171 11.7264 6
    endloop
  endfacet
  facet normal -0 0 -1
    outer loop
      vertex -28.1806 12.4878 6
      vertex -29.7753 11.694 6
      vertex -28.1812 16.3445 6
    endloop
  endfacet
  facet normal 0 0 -1
    outer loop
      vertex -29.7709 11.6941 6
      vertex -29.4171 11.7264 6
      vertex -29.4998 11.7131 6
    endloop
  endfacet
  facet normal 0 0 -1
    outer loop
      vertex -29.7709 11.6941 6
      vertex -29.4998 11.7131 6
      vertex -29.5035 11.7126 6
    endloop
  endfacet
  facet normal 0 0 -1
    outer loop
      vertex -29.7709 11.6941 6
      vertex -29.5035 11.7126 6
      vertex -29.5882 11.7028 6
    endloop
  endfacet
  facet normal 0 0 -1
    outer loop
      vertex -29.7709 11.6941 6
      vertex -29.5882 11.7028 6
      vertex -29.5922 11.7024 6
    endloop
  endfacet
  facet normal 0 0 -1
    outer loop
      vertex -29.7709 11.6941 6
      vertex -29.5922 11.7024 6
      vertex -29.6786 11.6964 6
    endloop
  endfacet
  facet normal 0 0 -1
    outer loop
      vertex -29.7709 11.6941 6
      vertex -29.6786 11.6964 6
      vertex -29.6828 11.6961 6
    endloop
  endfacet
  facet normal 0 0 -1
    outer loop
      vertex -28.1806 12.4878 6
      vertex -29.7709 11.6941 6
      vertex -29.7753 11.694 6
    endloop
  endfacet
  facet normal -0 0 -1
    outer loop
      vertex -28.1812 16.3445 6
      vertex -29.7753 11.694 6
      vertex -29.4617 17.699 6
    endloop
  endfacet
  facet normal 0 0 -1
    outer loop
      vertex -34.1852 13.2335 6
      vertex -29.7753 11.694 6
      vertex -32.7298 11.694 6
    endloop
  endfacet
  facet normal 0 0 -1
    outer loop
      vertex -29.7753 11.694 6
      vertex -34.1852 13.2335 6
      vertex -29.4617 17.699 6
    endloop
  endfacet
  facet normal 0 0 -1
    outer loop
      vertex -29.3075 8.07395 6
      vertex -26.9052 11.1463 6
      vertex -26.4392 11.211 6
    endloop
  endfacet
  facet normal 0 0 -1
    outer loop
      vertex -29.3075 8.07395 6
      vertex -26.4392 11.211 6
      vertex -25.9117 11.2842 6
    endloop
  endfacet
  facet normal 0 0 -1
    outer loop
      vertex -26.9052 11.1463 6
      vertex -29.3075 8.07395 6
      vertex -27.309 11.0902 6
    endloop
  endfacet
  facet normal 0 0 -1
    outer loop
      vertex -29.3075 8.07395 6
      vertex -31.2925 10.5369 6
      vertex -27.309 11.0902 6
    endloop
  endfacet
  facet normal 0 0 -1
    outer loop
      vertex -29.3075 8.07395 6
      vertex -31.3614 10.5273 6
      vertex -31.2925 10.5369 6
    endloop
  endfacet
  facet normal 0 0 -1
    outer loop
      vertex -29.3075 8.07395 6
      vertex -31.4288 10.518 6
      vertex -31.3614 10.5273 6
    endloop
  endfacet
  facet normal 0 0 -1
    outer loop
      vertex -29.3075 8.07395 6
      vertex -31.4942 10.5089 6
      vertex -31.4288 10.518 6
    endloop
  endfacet
  facet normal 0 0 -1
    outer loop
      vertex -29.3075 8.07395 6
      vertex -31.5574 10.5001 6
      vertex -31.4942 10.5089 6
    endloop
  endfacet
  facet normal 0 -0 -1
    outer loop
      vertex -31.5574 10.5001 6
      vertex -29.3075 8.07395 6
      vertex -31.5961 10.4947 6
    endloop
  endfacet
  facet normal 0 0 -1
    outer loop
      vertex -25.2465 11.9131 6
      vertex -25.2465 13.2403 6
      vertex -24.584 12.5394 6
    endloop
  endfacet
  facet normal -0.686971 0.726685 0
    outer loop
      vertex -34.1852 13.2335 6
      vertex -35.8137 11.694 7.19423
      vertex -35.8137 11.694 8.24095
    endloop
  endfacet
  facet normal -0.687003 0.726655 -8.23372e-05
    outer loop
      vertex -35.8137 11.694 7.19423
      vertex -34.1852 13.2335 6
      vertex -35.5603 11.9335 6.55562
    endloop
  endfacet
  facet normal 0.686991 -0.726666 1.13938e-05
    outer loop
      vertex -31.4472 6.05116 27.8922
      vertex -27.6267 9.66293 19.2007
      vertex -27.6016 9.68666 19.2277
    endloop
  endfacet
  facet normal 0.686996 -0.726662 1.52713e-05
    outer loop
      vertex -31.4472 6.05116 27.8922
      vertex -27.6914 9.60176 19.1179
      vertex -27.6267 9.66293 19.2007
    endloop
  endfacet
  facet normal 0.68711 -0.726553 0.000107897
    outer loop
      vertex -31.4472 6.05116 27.8922
      vertex -27.7402 9.5556 19.0554
      vertex -27.6914 9.60176 19.1179
    endloop
  endfacet
  facet normal 0.686177 -0.727434 -0.000632715
    outer loop
      vertex -31.4472 6.05116 27.8922
      vertex -27.7688 9.52866 19.0118
      vertex -27.7402 9.5556 19.0554
    endloop
  endfacet
  facet normal 0.687206 -0.726463 0.000173728
    outer loop
      vertex -31.4472 6.05116 27.8922
      vertex -27.8396 9.46166 18.9033
      vertex -27.7688 9.52866 19.0118
    endloop
  endfacet
  facet normal 0.686956 -0.726699 -1.63658e-05
    outer loop
      vertex -31.4472 6.05116 27.8922
      vertex -27.9125 9.39275 18.7682
      vertex -27.8396 9.46166 18.9033
    endloop
  endfacet
  facet normal 0.686469 -0.727159 -0.000373494
    outer loop
      vertex -31.4472 6.05116 27.8922
      vertex -27.9248 9.38115 18.7454
      vertex -27.9125 9.39275 18.7682
    endloop
  endfacet
  facet normal 0.687096 -0.726566 8.41519e-05
    outer loop
      vertex -31.4472 6.05116 27.8922
      vertex -27.9864 9.32288 18.6042
      vertex -27.9248 9.38115 18.7454
    endloop
  endfacet
  facet normal 0.686712 -0.726929 -0.000186948
    outer loop
      vertex -31.4472 6.05116 27.8922
      vertex -27.9957 9.3141 18.5829
      vertex -27.9864 9.32288 18.6042
    endloop
  endfacet
  facet normal 0.686183 -0.727429 -0.000558304
    outer loop
      vertex -31.4472 6.05116 27.8922
      vertex -28.0052 9.30516 18.5551
      vertex -27.9957 9.3141 18.5829
    endloop
  endfacet
  facet normal 0.68717 -0.726496 0.000130881
    outer loop
      vertex -31.4472 6.05116 27.8922
      vertex -28.0524 9.26049 18.4165
      vertex -28.0052 9.30516 18.5551
    endloop
  endfacet
  facet normal 0.686289 -0.727329 -0.000467244
    outer loop
      vertex -31.4472 6.05116 27.8922
      vertex -28.0641 9.24948 18.3701
      vertex -28.0524 9.26049 18.4165
    endloop
  endfacet
  facet normal 0.687253 -0.726419 0.000181184
    outer loop
      vertex -31.4472 6.05116 27.8922
      vertex -28.0949 9.22031 18.2473
      vertex -28.0641 9.24948 18.3701
    endloop
  endfacet
  facet normal 0.686696 -0.726945 -0.000185357
    outer loop
      vertex -31.4472 6.05116 27.8922
      vertex -28.113 9.20324 18.1381
      vertex -28.0949 9.22031 18.2473
    endloop
  endfacet
  facet normal 0.687679 -0.726015 0.000451232
    outer loop
      vertex -31.4472 6.05116 27.8922
      vertex -28.1232 9.19354 18.076
      vertex -28.113 9.20324 18.1381
    endloop
  endfacet
  facet normal 0.686653 -0.726986 -0.000207066
    outer loop
      vertex -31.4472 6.05116 27.8922
      vertex -28.1288 9.18827 18.0082
      vertex -28.1232 9.19354 18.076
    endloop
  endfacet
  facet normal 0.686889 -0.726762 -5.67441e-05
    outer loop
      vertex -31.4472 6.05116 27.8922
      vertex -28.1374 9.18015 17.9036
      vertex -28.1288 9.18827 18.0082
    endloop
  endfacet
  facet normal 0.686978 -0.726679 -1.14647e-06
    outer loop
      vertex -31.851 5.66945 9.5
      vertex -28.1374 9.18015 17.9036
      vertex -31.4472 6.05116 27.8922
    endloop
  endfacet
  facet normal 0.686976 -0.72668 0
    outer loop
      vertex -28.1374 9.18015 17.9036
      vertex -31.851 5.66945 9.5
      vertex -28.1374 9.18015 17.7307
    endloop
  endfacet
  facet normal 0.686907 -0.726746 5.94846e-05
    outer loop
      vertex -28.1374 9.18015 17.7307
      vertex -31.851 5.66945 9.5
      vertex -28.1288 9.18827 17.6261
    endloop
  endfacet
  facet normal 0.686724 -0.726919 0.000218165
    outer loop
      vertex -28.1288 9.18827 17.6261
      vertex -31.851 5.66945 9.5
      vertex -28.1232 9.19354 17.5583
    endloop
  endfacet
  facet normal 0.687112 -0.726551 -0.000122423
    outer loop
      vertex -28.1232 9.19354 17.5583
      vertex -31.851 5.66945 9.5
      vertex -28.1048 9.21096 17.4468
    endloop
  endfacet
  facet normal 0.686884 -0.726767 8.15829e-05
    outer loop
      vertex -28.1048 9.21096 17.4468
      vertex -31.851 5.66945 9.5
      vertex -28.0949 9.22031 17.387
    endloop
  endfacet
  facet normal 0.687536 -0.72615 -0.000507085
    outer loop
      vertex -28.0949 9.22031 17.387
      vertex -31.851 5.66945 9.5
      vertex -28.082 9.23256 17.3355
    endloop
  endfacet
  facet normal 0.687138 -0.726527 -0.00015201
    outer loop
      vertex -31.851 5.66945 9.5
      vertex -28.0052 9.30516 17.0792
      vertex -28.0524 9.26049 17.2178
    endloop
  endfacet
  facet normal 0.68675 -0.726894 0.000218101
    outer loop
      vertex -31.851 5.66945 9.5
      vertex -27.9864 9.32288 17.0302
      vertex -27.9957 9.3141 17.0515
    endloop
  endfacet
  facet normal 0.687175 -0.726491 -0.000211268
    outer loop
      vertex -31.851 5.66945 9.5
      vertex -27.7688 9.52866 16.6226
      vertex -27.8396 9.46166 16.731
    endloop
  endfacet
  facet normal 0.687605 -0.726085 0.000200989
    outer loop
      vertex -26.8547 10.3927 12.3977
      vertex -27.476 9.8054 16.2754
      vertex -27.4991 9.78353 16.2963
    endloop
  endfacet
  facet normal 0.686974 -0.726682 9.57294e-06
    outer loop
      vertex -27.476 9.8054 16.2754
      vertex -26.8547 10.3927 12.3977
      vertex -27.3836 9.89275 16.1917
    endloop
  endfacet
  facet normal 0.686842 -0.726807 0
    outer loop
      vertex -26.9329 10.3188 15.8916
      vertex -26.8547 10.3927 12.3977
      vertex -26.8547 10.3927 15.8541
    endloop
  endfacet
  facet normal 0.686479 -0.72715 -1.53748e-05
    outer loop
      vertex -26.9633 10.2901 15.9072
      vertex -26.8547 10.3927 12.3977
      vertex -26.9329 10.3188 15.8916
    endloop
  endfacet
  facet normal 0.686956 -0.726699 1.25808e-05
    outer loop
      vertex -27.0346 10.2227 15.9455
      vertex -26.8547 10.3927 12.3977
      vertex -26.9633 10.2901 15.9072
    endloop
  endfacet
  facet normal 0.68719 -0.726478 3.5035e-05
    outer loop
      vertex -27.0845 10.1755 15.9752
      vertex -26.8547 10.3927 12.3977
      vertex -27.0346 10.2227 15.9455
    endloop
  endfacet
  facet normal 0.686825 -0.726823 -9.42339e-06
    outer loop
      vertex -27.1681 10.0965 16.0281
      vertex -26.8547 10.3927 12.3977
      vertex -27.0845 10.1755 15.9752
    endloop
  endfacet
  facet normal 0.686869 -0.726781 -2.08532e-06
    outer loop
      vertex -27.2027 10.0638 16.0508
      vertex -26.8547 10.3927 12.3977
      vertex -27.1681 10.0965 16.0281
    endloop
  endfacet
  facet normal 0.686045 -0.727559 -0.000150778
    outer loop
      vertex -27.2273 10.0406 16.0686
      vertex -26.8547 10.3927 12.3977
      vertex -27.2027 10.0638 16.0508
    endloop
  endfacet
  facet normal 0.68733 -0.726345 9.61539e-05
    outer loop
      vertex -27.3531 9.92157 16.1646
      vertex -26.8547 10.3927 12.3977
      vertex -27.2273 10.0406 16.0686
    endloop
  endfacet
  facet normal 0.686169 -0.727442 -0.000194596
    outer loop
      vertex -27.3577 9.91723 16.1683
      vertex -26.8547 10.3927 12.3977
      vertex -27.3531 9.92157 16.1646
    endloop
  endfacet
  facet normal 0.68702 -0.726638 2.0348e-05
    outer loop
      vertex -27.361 9.91411 16.1711
      vertex -26.8547 10.3927 12.3977
      vertex -27.3577 9.91723 16.1683
    endloop
  endfacet
  facet normal 0.686881 -0.72677 -1.52056e-05
    outer loop
      vertex -27.3836 9.89275 16.1917
      vertex -26.8547 10.3927 12.3977
      vertex -27.361 9.91411 16.1711
    endloop
  endfacet
  facet normal 0.685826 -0.727765 -0.000355577
    outer loop
      vertex -27.5343 9.75034 16.3341
      vertex -26.8547 10.3927 12.3977
      vertex -27.4991 9.78353 16.2963
    endloop
  endfacet
  facet normal 0.687288 -0.726385 0.000122098
    outer loop
      vertex -27.6267 9.66293 16.4336
      vertex -26.8547 10.3927 12.3977
      vertex -27.5343 9.75034 16.3341
    endloop
  endfacet
  facet normal 0.686992 -0.726665 -2.02742e-05
    outer loop
      vertex -31.851 5.66945 9.5
      vertex -27.6267 9.66293 16.4336
      vertex -27.6914 9.60176 16.5164
    endloop
  endfacet
  facet normal 0.687093 -0.72657 -0.000133171
    outer loop
      vertex -31.851 5.66945 9.5
      vertex -27.6914 9.60176 16.5164
      vertex -27.7402 9.5556 16.5789
    endloop
  endfacet
  facet normal 0.686281 -0.727336 0.000759391
    outer loop
      vertex -27.7688 9.52866 16.6226
      vertex -31.851 5.66945 9.5
      vertex -27.7402 9.5556 16.5789
    endloop
  endfacet
  facet normal 0.686902 -0.72675 7.59761e-05
    outer loop
      vertex -31.851 5.66945 9.5
      vertex -27.8396 9.46166 16.731
      vertex -27.9232 9.38266 16.8859
    endloop
  endfacet
  facet normal 0.685461 -0.728108 0.00152515
    outer loop
      vertex -31.851 5.66945 9.5
      vertex -27.9232 9.38266 16.8859
      vertex -27.9248 9.38116 16.8889
    endloop
  endfacet
  facet normal 0.687106 -0.726557 -0.000127768
    outer loop
      vertex -27.9864 9.32288 17.0302
      vertex -31.851 5.66945 9.5
      vertex -27.9248 9.38116 16.8889
    endloop
  endfacet
  facet normal 0.68631 -0.727309 0.000642825
    outer loop
      vertex -28.0052 9.30516 17.0792
      vertex -31.851 5.66945 9.5
      vertex -27.9957 9.3141 17.0515
    endloop
  endfacet
  facet normal 0.686744 -0.726899 0.000215082
    outer loop
      vertex -28.082 9.23256 17.3355
      vertex -31.851 5.66945 9.5
      vertex -28.0524 9.26049 17.2178
    endloop
  endfacet
  facet normal 0.685658 -0.727924 -0.000551227
    outer loop
      vertex -25.9903 11.21 12.3094
      vertex -25.9117 11.2842 12.093
      vertex -25.9748 11.2246 12.3094
    endloop
  endfacet
  facet normal 0.686989 -0.726668 0.000363321
    outer loop
      vertex -26.1935 11.0179 12.3187
      vertex -25.9117 11.2842 12.093
      vertex -25.9903 11.21 12.3094
    endloop
  endfacet
  facet normal 0.687269 -0.726402 0.00102669
    outer loop
      vertex -26.2658 10.9495 12.3223
      vertex -25.9117 11.2842 12.093
      vertex -26.1935 11.0179 12.3187
    endloop
  endfacet
  facet normal 0.687061 -0.7266 0.000113447
    outer loop
      vertex -25.9117 11.2842 11.4824
      vertex -26.2658 10.9495 12.3223
      vertex -26.4091 10.814 12.3359
    endloop
  endfacet
  facet normal 0.686993 -0.726664 3.80254e-05
    outer loop
      vertex -25.9117 11.2842 11.4824
      vertex -26.4091 10.814 12.3359
      vertex -26.5428 10.6876 12.3494
    endloop
  endfacet
  facet normal 0.686918 -0.726735 -6.53641e-05
    outer loop
      vertex -25.9117 11.2842 11.4824
      vertex -26.5428 10.6876 12.3494
      vertex -26.6213 10.6134 12.3607
    endloop
  endfacet
  facet normal 0.686979 -0.726678 2.81616e-05
    outer loop
      vertex -25.9117 11.2842 11.4824
      vertex -26.6213 10.6134 12.3607
      vertex -26.8208 10.4248 12.3909
    endloop
  endfacet
  facet normal 0.685938 -0.727657 -0.00193949
    outer loop
      vertex -25.9117 11.2842 11.4824
      vertex -26.8208 10.4248 12.3909
      vertex -26.8296 10.4165 12.3926
    endloop
  endfacet
  facet normal 0.688348 -0.725376 0.00266554
    outer loop
      vertex -25.9117 11.2842 11.4824
      vertex -26.8296 10.4165 12.3926
      vertex -26.8547 10.3927 12.3977
    endloop
  endfacet
  facet normal 0.686919 -0.726734 0
    outer loop
      vertex -26.2658 10.9495 12.3223
      vertex -25.9117 11.2842 11.4824
      vertex -25.9117 11.2842 12.093
    endloop
  endfacet
  facet normal 0.686985 -0.726671 0
    outer loop
      vertex -26.8547 10.3927 12.3977
      vertex -25.9117 11.2842 10.737
      vertex -25.9117 11.2842 11.4824
    endloop
  endfacet
  facet normal 0.686985 -0.726671 0
    outer loop
      vertex -26.8547 10.3927 12.3977
      vertex -25.9117 11.2842 10.0427
      vertex -25.9117 11.2842 10.737
    endloop
  endfacet
  facet normal 0.686974 -0.726682 -8.85622e-06
    outer loop
      vertex -31.851 5.66945 9.5
      vertex -25.9117 11.2842 10.0427
      vertex -26.8547 10.3927 12.3977
    endloop
  endfacet
  facet normal 0.686969 -0.726687 6.46021e-06
    outer loop
      vertex -27.6267 9.66293 16.4336
      vertex -31.851 5.66945 9.5
      vertex -26.8547 10.3927 12.3977
    endloop
  endfacet
  facet normal 0.686973 -0.726683 0
    outer loop
      vertex -25.9117 11.2842 10.0427
      vertex -31.851 5.66945 9.5
      vertex -25.9117 11.2842 9.57349
    endloop
  endfacet
  facet normal 0.686973 -0.726683 0
    outer loop
      vertex -31.851 5.66945 9.5
      vertex -25.9117 11.2842 9.2383
      vertex -25.9117 11.2842 9.57349
    endloop
  endfacet
  facet normal 0.686973 -0.726683 0
    outer loop
      vertex -31.851 5.66945 9.5
      vertex -25.9117 11.2842 8.9894
      vertex -25.9117 11.2842 9.2383
    endloop
  endfacet
  facet normal 0.686973 -0.726683 0
    outer loop
      vertex -31.851 5.66945 9.5
      vertex -25.9117 11.2842 8.79934
      vertex -25.9117 11.2842 8.9894
    endloop
  endfacet
  facet normal 0.686973 -0.726683 0
    outer loop
      vertex -31.851 5.66945 9.5
      vertex -25.9117 11.2842 8.65124
      vertex -25.9117 11.2842 8.79934
    endloop
  endfacet
  facet normal 0.686973 -0.726683 0
    outer loop
      vertex -25.9117 11.2842 8.65124
      vertex -31.851 5.66945 9.5
      vertex -25.9117 11.2842 8.30526
    endloop
  endfacet
  facet normal 0.686657 -0.726981 0
    outer loop
      vertex -25.9117 11.2842 12.3097
      vertex -25.9748 11.2246 12.3094
      vertex -25.9117 11.2842 12.093
    endloop
  endfacet
  facet normal 0.686977 -0.72668 0
    outer loop
      vertex -22.4443 14.5622 7.60776
      vertex -24.3112 12.7973 11.8141
      vertex -24.3112 12.7973 7.9833
    endloop
  endfacet
  facet normal -0.686937 0.726717 -8.39884e-05
    outer loop
      vertex -35.8137 11.694 28.2763
      vertex -35.2418 12.2347 29.1837
      vertex -34.1852 13.2335 29.5
    endloop
  endfacet
  facet normal -0.687008 0.72665 0
    outer loop
      vertex -35.2418 12.2347 29.1837
      vertex -35.8137 11.694 28.2763
      vertex -35.8137 11.694 28.5018
    endloop
  endfacet
  facet normal -0.154464 -0.146032 0.977147
    outer loop
      vertex -31.5961 10.4947 29.5
      vertex -30.3641 7.07509 29.1837
      vertex -29.3075 8.07395 29.5
    endloop
  endfacet
  facet normal -0.152554 -0.14538 0.977544
    outer loop
      vertex -31.6012 10.494 29.4991
      vertex -30.3641 7.07509 29.1837
      vertex -31.5961 10.4947 29.5
    endloop
  endfacet
  facet normal -0.154003 -0.145877 0.977242
    outer loop
      vertex -31.6506 10.4872 29.4903
      vertex -30.3641 7.07509 29.1837
      vertex -31.6012 10.494 29.4991
    endloop
  endfacet
  facet normal -0.155942 -0.146571 0.976831
    outer loop
      vertex -31.6988 10.4805 29.4816
      vertex -30.3641 7.07509 29.1837
      vertex -31.6506 10.4872 29.4903
    endloop
  endfacet
  facet normal -0.153437 -0.145636 0.977367
    outer loop
      vertex -31.7455 10.474 29.4733
      vertex -30.3641 7.07509 29.1837
      vertex -31.6988 10.4805 29.4816
    endloop
  endfacet
  facet normal -0.155043 -0.146259 0.977021
    outer loop
      vertex -31.7906 10.4677 29.4652
      vertex -30.3641 7.07509 29.1837
      vertex -31.7455 10.474 29.4733
    endloop
  endfacet
  facet normal -0.153936 -0.145814 0.977263
    outer loop
      vertex -31.8338 10.4617 29.4575
      vertex -30.3641 7.07509 29.1837
      vertex -31.7906 10.4677 29.4652
    endloop
  endfacet
  facet normal -0.155573 -0.146495 0.976901
    outer loop
      vertex -31.8749 10.456 29.4501
      vertex -30.3641 7.07509 29.1837
      vertex -31.8338 10.4617 29.4575
    endloop
  endfacet
  facet normal -0.153181 -0.145468 0.977433
    outer loop
      vertex -31.9138 10.4506 29.4432
      vertex -30.3641 7.07509 29.1837
      vertex -31.8749 10.456 29.4501
    endloop
  endfacet
  facet normal -0.153686 -0.145691 0.97732
    outer loop
      vertex -31.9503 10.4455 29.4367
      vertex -30.3641 7.07509 29.1837
      vertex -31.9138 10.4506 29.4432
    endloop
  endfacet
  facet normal -0.154649 -0.146128 0.977103
    outer loop
      vertex -31.9844 10.4408 29.4306
      vertex -30.3641 7.07509 29.1837
      vertex -31.9503 10.4455 29.4367
    endloop
  endfacet
  facet normal -0.155783 -0.146655 0.976844
    outer loop
      vertex -32.016 10.4364 29.4249
      vertex -30.3641 7.07509 29.1837
      vertex -31.9844 10.4408 29.4306
    endloop
  endfacet
  facet normal -0.154531 -0.14606 0.977132
    outer loop
      vertex -32.0451 10.4324 29.4197
      vertex -30.3641 7.07509 29.1837
      vertex -32.016 10.4364 29.4249
    endloop
  endfacet
  facet normal -0.153068 -0.145351 0.977468
    outer loop
      vertex -32.0716 10.4287 29.415
      vertex -30.3641 7.07509 29.1837
      vertex -32.0451 10.4324 29.4197
    endloop
  endfacet
  facet normal -0.154939 -0.146274 0.977035
    outer loop
      vertex -32.0956 10.4254 29.4107
      vertex -30.3641 7.07509 29.1837
      vertex -32.0716 10.4287 29.415
    endloop
  endfacet
  facet normal -0.155977 -0.146794 0.976792
    outer loop
      vertex -32.1172 10.4224 29.4068
      vertex -30.3641 7.07509 29.1837
      vertex -32.0956 10.4254 29.4107
    endloop
  endfacet
  facet normal -0.153419 -0.145494 0.977391
    outer loop
      vertex -32.1363 10.4197 29.4034
      vertex -30.3641 7.07509 29.1837
      vertex -32.1172 10.4224 29.4068
    endloop
  endfacet
  facet normal -0.155326 -0.146475 0.976944
    outer loop
      vertex -32.153 10.4174 29.4004
      vertex -30.3641 7.07509 29.1837
      vertex -32.1363 10.4197 29.4034
    endloop
  endfacet
  facet normal -0.155974 -0.146812 0.97679
    outer loop
      vertex -32.1674 10.4154 29.3978
      vertex -30.3641 7.07509 29.1837
      vertex -32.153 10.4174 29.4004
    endloop
  endfacet
  facet normal -0.15458 -0.146081 0.977121
    outer loop
      vertex -32.1797 10.4137 29.3956
      vertex -30.3641 7.07509 29.1837
      vertex -32.1674 10.4154 29.3978
    endloop
  endfacet
  facet normal -0.155341 -0.146484 0.97694
    outer loop
      vertex -32.1897 10.4123 29.3938
      vertex -30.3641 7.07509 29.1837
      vertex -32.1797 10.4137 29.3956
    endloop
  endfacet
  facet normal -0.149608 -0.143432 0.978287
    outer loop
      vertex -32.1978 10.4112 29.3924
      vertex -30.3641 7.07509 29.1837
      vertex -32.1897 10.4123 29.3938
    endloop
  endfacet
  facet normal -0.15464 -0.146124 0.977105
    outer loop
      vertex -32.2039 10.4103 29.3913
      vertex -30.3641 7.07509 29.1837
      vertex -32.1978 10.4112 29.3924
    endloop
  endfacet
  facet normal -0.160674 -0.149361 0.975641
    outer loop
      vertex -32.2082 10.4097 29.3905
      vertex -30.3641 7.07509 29.1837
      vertex -32.2039 10.4103 29.3913
    endloop
  endfacet
  facet normal -0.14026 -0.138367 0.980399
    outer loop
      vertex -32.2107 10.4094 29.3901
      vertex -30.3641 7.07509 29.1837
      vertex -32.2082 10.4097 29.3905
    endloop
  endfacet
  facet normal -0.154221 -0.145901 0.977205
    outer loop
      vertex -32.3305 10.3927 29.3687
      vertex -30.3641 7.07509 29.1837
      vertex -32.2107 10.4094 29.3901
    endloop
  endfacet
  facet normal -0.154504 -0.146065 0.977135
    outer loop
      vertex -30.3641 7.07509 29.1837
      vertex -32.3305 10.3927 29.3687
      vertex -33.5005 10.3927 29.1837
    endloop
  endfacet
  facet normal -0.154466 -0.146028 0.977147
    outer loop
      vertex -34.1852 13.2335 29.5
      vertex -34.7307 11.694 29.1837
      vertex -32.7298 11.694 29.5
    endloop
  endfacet
  facet normal -0.15448 -0.146023 0.977145
    outer loop
      vertex -34.7307 11.694 29.1837
      vertex -34.1852 13.2335 29.5
      vertex -35.2418 12.2347 29.1837
    endloop
  endfacet
  facet normal 0.686955 -0.7267 -0.000136252
    outer loop
      vertex -22.9129 14.1192 28.1985
      vertex -22.2704 14.7267 27.4539
      vertex -22.7392 14.2834 28.1985
    endloop
  endfacet
  facet normal 0.687105 -0.726559 0.000107849
    outer loop
      vertex -22.2704 14.7267 27.4539
      vertex -22.9129 14.1192 28.1985
      vertex -22.0405 14.9439 26
    endloop
  endfacet
  facet normal 0.710067 0.671281 0.212572
    outer loop
      vertex -24.3112 16.8854 27.4539
      vertex -22.0405 14.9439 26
      vertex -24.3112 17.3458 26
    endloop
  endfacet
  facet normal 0.710066 0.671285 0.212564
    outer loop
      vertex -22.0405 14.9439 26
      vertex -24.3112 16.8854 27.4539
      vertex -22.2704 14.7267 27.4539
    endloop
  endfacet
  facet normal -0.726679 -0.686977 0
    outer loop
      vertex -31.851 5.66945 9.5
      vertex -36.3162 10.3927 26
      vertex -36.3162 10.3927 9.5
    endloop
  endfacet
  facet normal -0.726679 -0.686977 0
    outer loop
      vertex -36.3162 10.3927 26
      vertex -31.851 5.66945 9.5
      vertex -31.851 5.66945 26
    endloop
  endfacet
  facet normal 0.697238 0.659152 -0.281741
    outer loop
      vertex -22.0405 14.9439 9.5
      vertex -24.3112 16.537 7.60776
      vertex -24.3112 17.3458 9.5
    endloop
  endfacet
  facet normal 0.697241 0.659145 -0.281751
    outer loop
      vertex -24.3112 16.537 7.60776
      vertex -22.0405 14.9439 9.5
      vertex -22.4443 14.5622 7.60776
    endloop
  endfacet
  facet normal -0.686976 0.72668 0
    outer loop
      vertex -27.7753 19.2932 21.6372
      vertex -35.8137 11.694 11.2146
      vertex -27.7753 19.2932 26.2784
    endloop
  endfacet
  facet normal -0.686978 0.726678 3.18304e-06
    outer loop
      vertex -29.4617 17.699 6
      vertex -35.8137 11.694 11.2146
      vertex -27.7753 19.2932 21.6372
    endloop
  endfacet
  facet normal -0.68698 0.726677 0
    outer loop
      vertex -35.8137 11.694 11.2146
      vertex -29.4617 17.699 6
      vertex -35.8137 11.694 9.05933
    endloop
  endfacet
  facet normal -0.686963 0.726693 0
    outer loop
      vertex -27.7753 19.2932 8.32053
      vertex -29.4617 17.699 6
      vertex -27.7753 19.2932 21.6372
    endloop
  endfacet
  facet normal 0.5491 0.519263 0.65487
    outer loop
      vertex -28.0866 18.999 28.9444
      vertex -27.7753 19.0218 28.6653
      vertex -27.7753 19.2932 28.4501
    endloop
  endfacet
  facet normal 0.549778 0.517746 0.655502
    outer loop
      vertex -27.7753 19.0218 28.6653
      vertex -28.0866 18.999 28.9444
      vertex -27.7776 19.015 28.6726
    endloop
  endfacet
  facet normal 0.555696 0.503731 0.661405
    outer loop
      vertex -27.7776 19.015 28.6726
      vertex -28.0866 18.999 28.9444
      vertex -27.7784 19.0126 28.6751
    endloop
  endfacet
  facet normal 0.549142 0.519438 0.654697
    outer loop
      vertex -27.7784 19.0126 28.6751
      vertex -28.0866 18.999 28.9444
      vertex -27.8076 18.9289 28.766
    endloop
  endfacet
  facet normal 0.549106 0.519654 0.654555
    outer loop
      vertex -27.8076 18.9289 28.766
      vertex -28.0866 18.999 28.9444
      vertex -27.8086 18.9258 28.7693
    endloop
  endfacet
  facet normal 0.549224 0.518887 0.655064
    outer loop
      vertex -27.8086 18.9258 28.7693
      vertex -28.0866 18.999 28.9444
      vertex -27.8099 18.922 28.7734
    endloop
  endfacet
  facet normal 0.550281 0.511092 0.660284
    outer loop
      vertex -27.8099 18.922 28.7734
      vertex -28.0866 18.999 28.9444
      vertex -27.8116 18.9175 28.7783
    endloop
  endfacet
  facet normal 0.549162 0.520566 0.653783
    outer loop
      vertex -27.8116 18.9175 28.7783
      vertex -28.0866 18.999 28.9444
      vertex -27.8136 18.9122 28.7842
    endloop
  endfacet
  facet normal 0.548511 0.526894 0.649245
    outer loop
      vertex -27.8136 18.9122 28.7842
      vertex -28.0866 18.999 28.9444
      vertex -27.8157 18.9065 28.7906
    endloop
  endfacet
  facet normal 0.5494 0.515076 0.657918
    outer loop
      vertex -27.8157 18.9065 28.7906
      vertex -28.0866 18.999 28.9444
      vertex -27.8184 18.8998 28.7981
    endloop
  endfacet
  facet normal 0.549227 0.519262 0.654764
    outer loop
      vertex -27.8184 18.8998 28.7981
      vertex -28.0866 18.999 28.9444
      vertex -27.851 18.8213 28.8877
    endloop
  endfacet
  facet normal 0.548833 0.518421 0.655761
    outer loop
      vertex -27.851 18.8213 28.8877
      vertex -28.0866 18.999 28.9444
      vertex -27.855 18.812 28.8984
    endloop
  endfacet
  facet normal 0.549419 0.519473 0.654435
    outer loop
      vertex -27.855 18.812 28.8984
      vertex -28.0866 18.999 28.9444
      vertex -27.8604 18.8002 28.9123
    endloop
  endfacet
  facet normal 0.549376 0.51941 0.654522
    outer loop
      vertex -27.8604 18.8002 28.9123
      vertex -28.0866 18.999 28.9444
      vertex -27.8734 18.7735 28.9444
    endloop
  endfacet
  facet normal 0.549176 0.519183 0.65487
    outer loop
      vertex -24.3112 15.9462 28.1985
      vertex -22.2704 14.7267 27.4539
      vertex -24.3112 16.8854 27.4539
    endloop
  endfacet
  facet normal 0.549178 0.519189 0.654863
    outer loop
      vertex -22.2704 14.7267 27.4539
      vertex -24.3112 15.9462 28.1985
      vertex -22.7392 14.2834 28.1985
    endloop
  endfacet
  facet normal 0.548436 0.518629 0.655928
    outer loop
      vertex -25.1355 16.0285 28.8245
      vertex -23.8862 14.5894 28.9178
      vertex -25.1193 16.087 28.7647
    endloop
  endfacet
  facet normal 0.530001 0.529949 0.662007
    outer loop
      vertex -25.1355 16.0285 28.8245
      vertex -25.1193 16.087 28.7647
      vertex -25.1226 16.0908 28.7643
    endloop
  endfacet
  facet normal 0.549376 0.519357 0.654564
    outer loop
      vertex -25.1617 15.9051 28.9444
      vertex -23.8862 14.5894 28.9178
      vertex -25.1355 16.0285 28.8245
    endloop
  endfacet
  facet normal 0.549443 0.519424 0.654454
    outer loop
      vertex -23.8862 14.5894 28.9178
      vertex -25.1617 15.9051 28.9444
      vertex -23.6719 14.3292 28.9444
    endloop
  endfacet
  facet normal 0 0 1
    outer loop
      vertex -29.4617 17.699 29.5
      vertex -28.1592 15.61 29.5
      vertex -28.1593 16.3213 29.5
    endloop
  endfacet
  facet normal 0 0 1
    outer loop
      vertex -28.1592 15.61 29.5
      vertex -29.7753 11.694 29.5
      vertex -28.1593 12.5164 29.5
    endloop
  endfacet
  facet normal 0 0 1
    outer loop
      vertex -28.1593 12.5164 29.5
      vertex -29.7753 11.694 29.5
      vertex -28.1757 12.4936 29.5
    endloop
  endfacet
  facet normal 0 0 1
    outer loop
      vertex -28.1757 12.4936 29.5
      vertex -29.7753 11.694 29.5
      vertex -28.1757 12.4935 29.5
    endloop
  endfacet
  facet normal 0 0 1
    outer loop
      vertex -28.1757 12.4935 29.5
      vertex -29.7753 11.694 29.5
      vertex -28.2264 12.4288 29.5
    endloop
  endfacet
  facet normal 0 0 1
    outer loop
      vertex -28.2264 12.4288 29.5
      vertex -29.7753 11.694 29.5
      vertex -28.2267 12.4284 29.5
    endloop
  endfacet
  facet normal 0 -0 1
    outer loop
      vertex -28.2809 12.3649 29.5
      vertex -28.2267 12.4284 29.5
      vertex -29.7753 11.694 29.5
    endloop
  endfacet
  facet normal 0 0 -1
    outer loop
      vertex -28.2267 12.4284 29.5
      vertex -28.2809 12.3649 29.5
      vertex -28.2804 12.3655 29.5
    endloop
  endfacet
  facet normal 0 0 1
    outer loop
      vertex -28.2809 12.3649 29.5
      vertex -29.7753 11.694 29.5
      vertex -28.3376 12.3037 29.5
    endloop
  endfacet
  facet normal 0 0 1
    outer loop
      vertex -28.3376 12.3037 29.5
      vertex -29.7753 11.694 29.5
      vertex -28.3973 12.2445 29.5
    endloop
  endfacet
  facet normal 0 -0 1
    outer loop
      vertex -28.4614 12.1862 29.5
      vertex -28.3973 12.2445 29.5
      vertex -29.7753 11.694 29.5
    endloop
  endfacet
  facet normal 0 0 -1
    outer loop
      vertex -28.3973 12.2445 29.5
      vertex -28.4614 12.1862 29.5
      vertex -28.3984 12.2435 29.5
    endloop
  endfacet
  facet normal 0 -0 1
    outer loop
      vertex -28.5291 12.1298 29.5
      vertex -28.4614 12.1862 29.5
      vertex -29.7753 11.694 29.5
    endloop
  endfacet
  facet normal 0 0 1
    outer loop
      vertex -28.4614 12.1862 29.5
      vertex -28.5291 12.1298 29.5
      vertex -28.4627 12.1851 29.5
    endloop
  endfacet
  facet normal 0 0 1
    outer loop
      vertex -28.5291 12.1298 29.5
      vertex -29.7753 11.694 29.5
      vertex -28.5305 12.1286 29.5
    endloop
  endfacet
  facet normal 0 0 1
    outer loop
      vertex -28.5305 12.1286 29.5
      vertex -29.7753 11.694 29.5
      vertex -28.6004 12.0755 29.5
    endloop
  endfacet
  facet normal 0 0 1
    outer loop
      vertex -28.6004 12.0755 29.5
      vertex -29.7753 11.694 29.5
      vertex -28.6017 12.0746 29.5
    endloop
  endfacet
  facet normal 0 0 1
    outer loop
      vertex -28.6017 12.0746 29.5
      vertex -29.7753 11.694 29.5
      vertex -28.6751 12.0239 29.5
    endloop
  endfacet
  facet normal 0 -0 1
    outer loop
      vertex -28.6782 12.0218 29.5
      vertex -28.6751 12.0239 29.5
      vertex -29.7753 11.694 29.5
    endloop
  endfacet
  facet normal 0 0 1
    outer loop
      vertex -28.6751 12.0239 29.5
      vertex -28.6782 12.0218 29.5
      vertex -28.6766 12.0228 29.5
    endloop
  endfacet
  facet normal 0 0 1
    outer loop
      vertex -28.6782 12.0218 29.5
      vertex -29.7753 11.694 29.5
      vertex -28.7466 11.9788 29.5
    endloop
  endfacet
  facet normal 0 0 1
    outer loop
      vertex -28.7466 11.9788 29.5
      vertex -29.7753 11.694 29.5
      vertex -28.7998 11.9481 29.5
    endloop
  endfacet
  facet normal 0 -0 1
    outer loop
      vertex -28.8567 11.9175 29.5
      vertex -28.7998 11.9481 29.5
      vertex -29.7753 11.694 29.5
    endloop
  endfacet
  facet normal 0 0 1
    outer loop
      vertex -28.7998 11.9481 29.5
      vertex -28.8567 11.9175 29.5
      vertex -28.8017 11.947 29.5
    endloop
  endfacet
  facet normal 0 0 1
    outer loop
      vertex -28.8567 11.9175 29.5
      vertex -29.7753 11.694 29.5
      vertex -28.8588 11.9164 29.5
    endloop
  endfacet
  facet normal 0 0 1
    outer loop
      vertex -28.8588 11.9164 29.5
      vertex -29.7753 11.694 29.5
      vertex -28.9155 11.8883 29.5
    endloop
  endfacet
  facet normal 0 0 1
    outer loop
      vertex -28.9155 11.8883 29.5
      vertex -29.7753 11.694 29.5
      vertex -28.9178 11.8872 29.5
    endloop
  endfacet
  facet normal 0 0 1
    outer loop
      vertex -28.9178 11.8872 29.5
      vertex -29.7753 11.694 29.5
      vertex -28.9763 11.8606 29.5
    endloop
  endfacet
  facet normal 0 0 1
    outer loop
      vertex -28.9763 11.8606 29.5
      vertex -29.7753 11.694 29.5
      vertex -28.9788 11.8595 29.5
    endloop
  endfacet
  facet normal 0 0 1
    outer loop
      vertex -28.9788 11.8595 29.5
      vertex -29.7753 11.694 29.5
      vertex -29.0391 11.8344 29.5
    endloop
  endfacet
  facet normal 0 0 1
    outer loop
      vertex -29.0391 11.8344 29.5
      vertex -29.7753 11.694 29.5
      vertex -29.0419 11.8334 29.5
    endloop
  endfacet
  facet normal 0 -0 1
    outer loop
      vertex -29.107 11.809 29.5
      vertex -29.0419 11.8334 29.5
      vertex -29.7753 11.694 29.5
    endloop
  endfacet
  facet normal 0 0 1
    outer loop
      vertex -29.0419 11.8334 29.5
      vertex -29.107 11.809 29.5
      vertex -29.1041 11.81 29.5
    endloop
  endfacet
  facet normal 0 0 1
    outer loop
      vertex -29.107 11.809 29.5
      vertex -29.7753 11.694 29.5
      vertex -29.1712 11.7874 29.5
    endloop
  endfacet
  facet normal 0 0 1
    outer loop
      vertex -29.1712 11.7874 29.5
      vertex -29.7753 11.694 29.5
      vertex -29.2372 11.7678 29.5
    endloop
  endfacet
  facet normal 0 -0 1
    outer loop
      vertex -29.3083 11.7493 29.5
      vertex -29.2372 11.7678 29.5
      vertex -29.7753 11.694 29.5
    endloop
  endfacet
  facet normal 0 0 1
    outer loop
      vertex -29.2372 11.7678 29.5
      vertex -29.3083 11.7493 29.5
      vertex -29.2405 11.7668 29.5
    endloop
  endfacet
  facet normal 0 -0 1
    outer loop
      vertex -29.3815 11.7332 29.5
      vertex -29.3083 11.7493 29.5
      vertex -29.7753 11.694 29.5
    endloop
  endfacet
  facet normal 0 0 1
    outer loop
      vertex -29.3083 11.7493 29.5
      vertex -29.3815 11.7332 29.5
      vertex -29.3118 11.7485 29.5
    endloop
  endfacet
  facet normal 0 0 1
    outer loop
      vertex -29.3815 11.7332 29.5
      vertex -29.7753 11.694 29.5
      vertex -29.3852 11.7324 29.5
    endloop
  endfacet
  facet normal 0 0 1
    outer loop
      vertex -29.3852 11.7324 29.5
      vertex -29.7753 11.694 29.5
      vertex -29.4566 11.7196 29.5
    endloop
  endfacet
  facet normal 0 0 1
    outer loop
      vertex -34.1852 13.2335 29.5
      vertex -28.1592 15.61 29.5
      vertex -29.4617 17.699 29.5
    endloop
  endfacet
  facet normal 0 0 1
    outer loop
      vertex -29.4566 11.7196 29.5
      vertex -29.7753 11.694 29.5
      vertex -29.4606 11.7189 29.5
    endloop
  endfacet
  facet normal 0 0 1
    outer loop
      vertex -29.4606 11.7189 29.5
      vertex -29.7753 11.694 29.5
      vertex -29.5337 11.7086 29.5
    endloop
  endfacet
  facet normal 0 0 1
    outer loop
      vertex -29.5337 11.7086 29.5
      vertex -29.7753 11.694 29.5
      vertex -29.5379 11.7082 29.5
    endloop
  endfacet
  facet normal 0 0 1
    outer loop
      vertex -29.5379 11.7082 29.5
      vertex -29.617 11.7003 29.5
      vertex -29.6127 11.7006 29.5
    endloop
  endfacet
  facet normal 0 0 1
    outer loop
      vertex -29.5379 11.7082 29.5
      vertex -29.7753 11.694 29.5
      vertex -29.617 11.7003 29.5
    endloop
  endfacet
  facet normal 0 0 1
    outer loop
      vertex -29.617 11.7003 29.5
      vertex -29.6978 11.6956 29.5
      vertex -29.6933 11.6957 29.5
    endloop
  endfacet
  facet normal 0 0 1
    outer loop
      vertex -29.617 11.7003 29.5
      vertex -29.7753 11.694 29.5
      vertex -29.6978 11.6956 29.5
    endloop
  endfacet
  facet normal 0 0 1
    outer loop
      vertex -28.1592 15.61 29.5
      vertex -34.1852 13.2335 29.5
      vertex -29.7753 11.694 29.5
    endloop
  endfacet
  facet normal 0 0 1
    outer loop
      vertex -29.7753 11.694 29.5
      vertex -34.1852 13.2335 29.5
      vertex -32.7298 11.694 29.5
    endloop
  endfacet
  facet normal 0 0 1
    outer loop
      vertex -25.3257 13.324 29.5
      vertex -25.3258 11.8382 29.5
      vertex -24.584 12.5394 29.5
    endloop
  endfacet
  facet normal 0 0 1
    outer loop
      vertex -29.3075 8.07395 29.5
      vertex -26.5273 11.1987 29.5
      vertex -27.049 11.1263 29.5
    endloop
  endfacet
  facet normal 0 0 1
    outer loop
      vertex -29.3075 8.07395 29.5
      vertex -27.049 11.1263 29.5
      vertex -27.4881 11.0653 29.5
    endloop
  endfacet
  facet normal -0 0 1
    outer loop
      vertex -26.5273 11.1987 29.5
      vertex -29.3075 8.07395 29.5
      vertex -25.9117 11.2842 29.5
    endloop
  endfacet
  facet normal -0 0 1
    outer loop
      vertex -31.4906 10.5094 29.5
      vertex -29.3075 8.07395 29.5
      vertex -27.4881 11.0653 29.5
    endloop
  endfacet
  facet normal -0 0 1
    outer loop
      vertex -31.5468 10.5016 29.5
      vertex -29.3075 8.07395 29.5
      vertex -31.4906 10.5094 29.5
    endloop
  endfacet
  facet normal 0 0 1
    outer loop
      vertex -29.3075 8.07395 29.5
      vertex -31.5468 10.5016 29.5
      vertex -31.5961 10.4947 29.5
    endloop
  endfacet
  facet normal 0.687023 -0.726636 0.000333056
    outer loop
      vertex -24.584 12.5394 6
      vertex -25.1856 11.9707 6.22555
      vertex -25.1875 11.9689 6.21774
    endloop
  endfacet
  facet normal 0.686956 -0.726699 -1.60013e-05
    outer loop
      vertex -24.584 12.5394 6
      vertex -25.1875 11.9689 6.21774
      vertex -25.2441 11.9154 6.00864
    endloop
  endfacet
  facet normal 0.686963 -0.726692 0.000922596
    outer loop
      vertex -24.584 12.5394 6
      vertex -25.2441 11.9154 6.00864
      vertex -25.2461 11.9135 6.00128
    endloop
  endfacet
  facet normal 0.686922 -0.726626 0.0124075
    outer loop
      vertex -24.584 12.5394 6
      vertex -25.2461 11.9135 6.00128
      vertex -25.2465 11.9131 6
    endloop
  endfacet
  facet normal 0.686974 -0.726682 8.44707e-05
    outer loop
      vertex -25.1856 11.9707 6.22555
      vertex -24.584 12.5394 6
      vertex -23.5274 13.5383 6.31628
    endloop
  endfacet
  facet normal 0.686975 -0.726681 0
    outer loop
      vertex -29.3075 8.07395 6
      vertex -25.9117 11.2842 6.17909
      vertex -25.9117 11.2842 6.18582
    endloop
  endfacet
  facet normal 0.686975 -0.726681 0
    outer loop
      vertex -25.9117 11.2842 6.17909
      vertex -29.3075 8.07395 6
      vertex -25.9117 11.2842 6
    endloop
  endfacet
  facet normal -0.204729 -0.193545 -0.959493
    outer loop
      vertex -35.3338 11.694 6.55562
      vertex -34.1852 13.2335 6
      vertex -32.7298 11.694 6
    endloop
  endfacet
  facet normal -0.204687 -0.193577 -0.959495
    outer loop
      vertex -34.1852 13.2335 6
      vertex -35.3338 11.694 6.55562
      vertex -35.5603 11.9335 6.55562
    endloop
  endfacet
  facet normal -0.204721 -0.193545 -0.959495
    outer loop
      vertex -30.6826 6.77398 6.55562
      vertex -31.5961 10.4947 6
      vertex -29.3075 8.07395 6
    endloop
  endfacet
  facet normal -0.20495 -0.193593 -0.959436
    outer loop
      vertex -30.6826 6.77398 6.55562
      vertex -31.6163 10.4919 6.00488
      vertex -31.5961 10.4947 6
    endloop
  endfacet
  facet normal -0.205207 -0.193647 -0.95937
    outer loop
      vertex -30.6826 6.77398 6.55562
      vertex -31.67 10.4845 6.01786
      vertex -31.6163 10.4919 6.00488
    endloop
  endfacet
  facet normal -0.204328 -0.193447 -0.959598
    outer loop
      vertex -30.6826 6.77398 6.55562
      vertex -31.7217 10.4773 6.03032
      vertex -31.67 10.4845 6.01786
    endloop
  endfacet
  facet normal -0.204713 -0.19354 -0.959497
    outer loop
      vertex -30.6826 6.77398 6.55562
      vertex -31.771 10.4705 6.04221
      vertex -31.7217 10.4773 6.03032
    endloop
  endfacet
  facet normal -0.204997 -0.193613 -0.959422
    outer loop
      vertex -30.6826 6.77398 6.55562
      vertex -31.8177 10.464 6.0535
      vertex -31.771 10.4705 6.04221
    endloop
  endfacet
  facet normal -0.204552 -0.193493 -0.959541
    outer loop
      vertex -30.6826 6.77398 6.55562
      vertex -31.8617 10.4578 6.06413
      vertex -31.8177 10.464 6.0535
    endloop
  endfacet
  facet normal -0.204476 -0.193471 -0.959562
    outer loop
      vertex -30.6826 6.77398 6.55562
      vertex -31.903 10.4521 6.07408
      vertex -31.8617 10.4578 6.06413
    endloop
  endfacet
  facet normal -0.204701 -0.193538 -0.9595
    outer loop
      vertex -30.6826 6.77398 6.55562
      vertex -31.9413 10.4468 6.08332
      vertex -31.903 10.4521 6.07408
    endloop
  endfacet
  facet normal -0.204963 -0.193618 -0.959428
    outer loop
      vertex -30.6826 6.77398 6.55562
      vertex -31.9766 10.4419 6.09185
      vertex -31.9413 10.4468 6.08332
    endloop
  endfacet
  facet normal -0.204739 -0.193547 -0.95949
    outer loop
      vertex -30.6826 6.77398 6.55562
      vertex -32.0089 10.4374 6.09965
      vertex -31.9766 10.4419 6.09185
    endloop
  endfacet
  facet normal -0.204469 -0.193459 -0.959566
    outer loop
      vertex -30.6826 6.77398 6.55562
      vertex -32.0382 10.4333 6.10672
      vertex -32.0089 10.4374 6.09965
    endloop
  endfacet
  facet normal -0.205126 -0.193679 -0.959381
    outer loop
      vertex -30.6826 6.77398 6.55562
      vertex -32.0645 10.4297 6.11307
      vertex -32.0382 10.4333 6.10672
    endloop
  endfacet
  facet normal -0.204047 -0.193309 -0.959686
    outer loop
      vertex -30.6826 6.77398 6.55562
      vertex -32.0879 10.4264 6.11871
      vertex -32.0645 10.4297 6.11307
    endloop
  endfacet
  facet normal -0.205672 -0.193878 -0.959224
    outer loop
      vertex -30.6826 6.77398 6.55562
      vertex -32.1083 10.4236 6.12365
      vertex -32.0879 10.4264 6.11871
    endloop
  endfacet
  facet normal -0.203713 -0.193179 -0.959783
    outer loop
      vertex -30.6826 6.77398 6.55562
      vertex -32.126 10.4211 6.12791
      vertex -32.1083 10.4236 6.12365
    endloop
  endfacet
  facet normal -0.206302 -0.194117 -0.95904
    outer loop
      vertex -30.6826 6.77398 6.55562
      vertex -32.1409 10.4191 6.13152
      vertex -32.126 10.4211 6.12791
    endloop
  endfacet
  facet normal -0.204911 -0.193607 -0.959441
    outer loop
      vertex -30.6826 6.77398 6.55562
      vertex -32.1532 10.4174 6.13449
      vertex -32.1409 10.4191 6.13152
    endloop
  endfacet
  facet normal -0.203556 -0.193105 -0.959831
    outer loop
      vertex -30.6826 6.77398 6.55562
      vertex -32.163 10.416 6.13685
      vertex -32.1532 10.4174 6.13449
    endloop
  endfacet
  facet normal -0.20598 -0.19401 -0.959131
    outer loop
      vertex -30.6826 6.77398 6.55562
      vertex -32.1703 10.415 6.13862
      vertex -32.163 10.416 6.13685
    endloop
  endfacet
  facet normal -0.203152 -0.192948 -0.959948
    outer loop
      vertex -30.6826 6.77398 6.55562
      vertex -32.1754 10.4143 6.13984
      vertex -32.1703 10.415 6.13862
    endloop
  endfacet
  facet normal -0.204613 -0.193499 -0.959527
    outer loop
      vertex -30.6826 6.77398 6.55562
      vertex -32.3305 10.3927 6.17727
      vertex -32.1754 10.4143 6.13984
    endloop
  endfacet
  facet normal -0.204728 -0.193548 -0.959492
    outer loop
      vertex -32.3305 10.3927 6.17727
      vertex -30.6826 6.77398 6.55562
      vertex -34.1037 10.3927 6.55562
    endloop
  endfacet
  facet normal -0.686893 0.726759 0
    outer loop
      vertex -35.8137 11.694 6.95805
      vertex -35.8137 11.694 7.19423
      vertex -35.5603 11.9335 6.55562
    endloop
  endfacet
  facet normal 0.687272 -0.726174 -0.018094
    outer loop
      vertex -22.4443 14.5622 7.60776
      vertex -22.4813 14.5273 7.60303
      vertex -22.4645 14.5432 7.60303
    endloop
  endfacet
  facet normal 0.686976 -0.72668 -4.86397e-06
    outer loop
      vertex -29.3075 8.07395 6
      vertex -25.9117 11.2842 7.16492
      vertex -30.6826 6.77398 6.55562
    endloop
  endfacet
  facet normal 0.686975 -0.726681 0
    outer loop
      vertex -25.9117 11.2842 7.16492
      vertex -29.3075 8.07395 6
      vertex -25.9117 11.2842 6.79549
    endloop
  endfacet
  facet normal -0.686863 0.726787 0
    outer loop
      vertex -27.7753 19.2932 27.3588
      vertex -28.0866 18.999 28.9444
      vertex -27.7753 19.2932 28.4501
    endloop
  endfacet
  facet normal -0.686973 0.726683 -4.07869e-05
    outer loop
      vertex -27.7753 19.2932 27.3588
      vertex -35.8137 11.694 26.3117
      vertex -28.0866 18.999 28.9444
    endloop
  endfacet
  facet normal -0.686976 0.72668 0
    outer loop
      vertex -35.8137 11.694 26.3117
      vertex -27.7753 19.2932 27.3588
      vertex -35.8137 11.694 26.1389
    endloop
  endfacet
  facet normal -0.686998 0.72666 6.7143e-05
    outer loop
      vertex -29.4617 17.699 6
      vertex -27.7753 19.2932 7.6647
      vertex -28.4051 18.6979 6.31628
    endloop
  endfacet
  facet normal -0.686963 0.726693 0
    outer loop
      vertex -27.7753 19.2932 7.6647
      vertex -29.4617 17.699 6
      vertex -27.7753 19.2932 8.32053
    endloop
  endfacet
  facet normal -0.686922 0.726731 0
    outer loop
      vertex -27.7753 19.2932 7.06718
      vertex -28.4051 18.6979 6.31628
      vertex -27.7753 19.2932 7.6647
    endloop
  endfacet
  facet normal 0.154457 0.146015 -0.97715
    outer loop
      vertex -25.2378 13.4418 6.0315
      vertex -23.5274 13.5383 6.31628
      vertex -24.584 12.5394 6
    endloop
  endfacet
  facet normal 0.154466 0.146028 -0.977147
    outer loop
      vertex -23.5274 13.5383 6.31628
      vertex -25.1788 14.875 6.25499
      vertex -25.1663 15.2719 6.31628
    endloop
  endfacet
  facet normal 0.154486 0.146054 -0.97714
    outer loop
      vertex -23.5274 13.5383 6.31628
      vertex -25.1899 14.5729 6.20808
      vertex -25.1788 14.875 6.25499
    endloop
  endfacet
  facet normal 0.154457 0.146006 -0.977152
    outer loop
      vertex -23.5274 13.5383 6.31628
      vertex -25.2378 13.4418 6.0315
      vertex -25.1899 14.5729 6.20808
    endloop
  endfacet
  facet normal 0.154497 0.146044 -0.97714
    outer loop
      vertex -24.584 12.5394 6
      vertex -25.2456 13.2597 6.00305
      vertex -25.2378 13.4418 6.0315
    endloop
  endfacet
  facet normal 0.154904 0.146417 -0.977019
    outer loop
      vertex -25.2456 13.2597 6.00305
      vertex -24.584 12.5394 6
      vertex -25.2465 13.2403 6
    endloop
  endfacet
  facet normal 0.1545 0.14605 -0.977138
    outer loop
      vertex -28.4051 18.6979 6.31628
      vertex -27.9872 18.1837 6.3055
      vertex -27.9979 18.0677 6.28647
    endloop
  endfacet
  facet normal 0.154397 0.145985 -0.977164
    outer loop
      vertex -28.4051 18.6979 6.31628
      vertex -27.9979 18.0677 6.28647
      vertex -28.012 17.9221 6.26249
    endloop
  endfacet
  facet normal 0.154463 0.145979 -0.977155
    outer loop
      vertex -29.4617 17.699 6
      vertex -28.012 17.9221 6.26249
      vertex -28.0309 17.7368 6.23182
    endloop
  endfacet
  facet normal 0.154461 0.146026 -0.977148
    outer loop
      vertex -29.4617 17.699 6
      vertex -28.0309 17.7368 6.23182
      vertex -28.0972 17.0926 6.12507
    endloop
  endfacet
  facet normal 0.154476 0.14606 -0.977141
    outer loop
      vertex -29.4617 17.699 6
      vertex -28.0972 17.0926 6.12507
      vertex -28.122 16.8618 6.08665
    endloop
  endfacet
  facet normal 0.154447 0.146014 -0.977152
    outer loop
      vertex -29.4617 17.699 6
      vertex -28.122 16.8618 6.08665
      vertex -28.1792 16.3619 6.00291
    endloop
  endfacet
  facet normal 0.15414 0.145719 -0.977245
    outer loop
      vertex -29.4617 17.699 6
      vertex -28.1792 16.3619 6.00291
      vertex -28.1812 16.3445 6
    endloop
  endfacet
  facet normal 0.154457 0.146014 -0.97715
    outer loop
      vertex -28.012 17.9221 6.26249
      vertex -29.4617 17.699 6
      vertex -28.4051 18.6979 6.31628
    endloop
  endfacet
  facet normal 0.154429 0.145993 -0.977158
    outer loop
      vertex -27.9872 18.1837 6.3055
      vertex -28.4051 18.6979 6.31628
      vertex -27.9811 18.2494 6.31628
    endloop
  endfacet
  facet normal -0.549174 -0.519183 -0.654871
    outer loop
      vertex -31.6211 5.88674 8.04605
      vertex -34.1037 10.3927 6.55562
      vertex -30.6826 6.77398 6.55562
    endloop
  endfacet
  facet normal -0.549172 -0.519183 -0.654874
    outer loop
      vertex -34.1037 10.3927 6.55562
      vertex -31.6211 5.88674 8.04605
      vertex -35.881 10.3927 8.04605
    endloop
  endfacet
  facet normal -0.549114 -0.519309 -0.654822
    outer loop
      vertex -35.3338 11.694 6.55562
      vertex -35.8137 11.694 6.95805
      vertex -35.5603 11.9335 6.55562
    endloop
  endfacet
  facet normal 0.475859 0.449849 -0.755774
    outer loop
      vertex -23.5274 13.5383 6.31628
      vertex -24.2714 15.0634 6.7556
      vertex -23.2988 13.7544 6.58884
    endloop
  endfacet
  facet normal 0.475837 0.449844 -0.755791
    outer loop
      vertex -25.1663 15.2719 6.31628
      vertex -24.2714 15.0634 6.7556
      vertex -23.5274 13.5383 6.31628
    endloop
  endfacet
  facet normal 0.475661 0.449755 -0.755954
    outer loop
      vertex -24.2714 15.0634 6.7556
      vertex -25.0795 16.0252 6.81935
      vertex -25.0714 16.1374 6.8912
    endloop
  endfacet
  facet normal 0.475936 0.449966 -0.755655
    outer loop
      vertex -24.2714 15.0634 6.7556
      vertex -25.09 15.8944 6.73485
      vertex -25.0795 16.0252 6.81935
    endloop
  endfacet
  facet normal 0.475868 0.449896 -0.75574
    outer loop
      vertex -24.2714 15.0634 6.7556
      vertex -25.0995 15.7875 6.66523
      vertex -25.09 15.8944 6.73485
    endloop
  endfacet
  facet normal 0.475788 0.44979 -0.755854
    outer loop
      vertex -24.2714 15.0634 6.7556
      vertex -25.1101 15.6875 6.59905
      vertex -25.0995 15.7875 6.66523
    endloop
  endfacet
  facet normal 0.475945 0.450068 -0.755589
    outer loop
      vertex -24.2714 15.0634 6.7556
      vertex -25.1263 15.5462 6.50468
      vertex -25.1101 15.6875 6.59905
    endloop
  endfacet
  facet normal 0.475852 0.449784 -0.755817
    outer loop
      vertex -24.2714 15.0634 6.7556
      vertex -25.1488 15.3982 6.40244
      vertex -25.1263 15.5462 6.50468
    endloop
  endfacet
  facet normal 0.475843 0.449709 -0.755867
    outer loop
      vertex -24.2714 15.0634 6.7556
      vertex -25.1663 15.2719 6.31628
      vertex -25.1488 15.3982 6.40244
    endloop
  endfacet
  facet normal 0.476385 0.450349 -0.755144
    outer loop
      vertex -24.3112 16.5291 7.60303
      vertex -22.4443 14.5622 7.60776
      vertex -22.4483 14.5585 7.60303
    endloop
  endfacet
  facet normal 0.477451 0.451364 -0.753864
    outer loop
      vertex -22.4443 14.5622 7.60776
      vertex -24.3112 16.5291 7.60303
      vertex -24.3112 16.537 7.60776
    endloop
  endfacet
  facet normal 0.475867 0.449759 -0.755823
    outer loop
      vertex -28.4051 18.6979 6.31628
      vertex -27.7753 18.7025 6.71554
      vertex -27.8209 18.5892 6.61941
    endloop
  endfacet
  facet normal 0.475991 0.448406 -0.756548
    outer loop
      vertex -28.4051 18.6979 6.31628
      vertex -27.8209 18.5892 6.61941
      vertex -27.8286 18.5694 6.60283
    endloop
  endfacet
  facet normal 0.475815 0.451571 -0.754774
    outer loop
      vertex -28.4051 18.6979 6.31628
      vertex -27.8286 18.5694 6.60283
      vertex -27.8309 18.5636 6.59791
    endloop
  endfacet
  facet normal 0.4759 0.449685 -0.755846
    outer loop
      vertex -28.4051 18.6979 6.31628
      vertex -27.8309 18.5636 6.59791
      vertex -27.8338 18.5565 6.59186
    endloop
  endfacet
  facet normal 0.475826 0.452046 -0.754482
    outer loop
      vertex -28.4051 18.6979 6.31628
      vertex -27.8338 18.5565 6.59186
      vertex -27.8373 18.5479 6.5845
    endloop
  endfacet
  facet normal 0.475864 0.449307 -0.756093
    outer loop
      vertex -28.4051 18.6979 6.31628
      vertex -27.8373 18.5479 6.5845
      vertex -27.8417 18.5376 6.57561
    endloop
  endfacet
  facet normal 0.475879 0.451199 -0.754956
    outer loop
      vertex -28.4051 18.6979 6.31628
      vertex -27.8417 18.5376 6.57561
      vertex -27.8465 18.5267 6.56607
    endloop
  endfacet
  facet normal 0.475837 0.449864 -0.755779
    outer loop
      vertex -28.4051 18.6979 6.31628
      vertex -27.8465 18.5267 6.56607
      vertex -27.8958 18.4178 6.47021
    endloop
  endfacet
  facet normal 0.475893 0.450044 -0.755636
    outer loop
      vertex -28.4051 18.6979 6.31628
      vertex -27.8958 18.4178 6.47021
      vertex -27.9018 18.4045 6.45851
    endloop
  endfacet
  facet normal 0.47535 0.448503 -0.756893
    outer loop
      vertex -28.4051 18.6979 6.31628
      vertex -27.9018 18.4045 6.45851
      vertex -27.9091 18.3891 6.4448
    endloop
  endfacet
  facet normal 0.476204 0.450624 -0.755094
    outer loop
      vertex -28.4051 18.6979 6.31628
      vertex -27.9091 18.3891 6.4448
      vertex -27.9178 18.3715 6.42881
    endloop
  endfacet
  facet normal 0.475846 0.449852 -0.75578
    outer loop
      vertex -28.4051 18.6979 6.31628
      vertex -27.9178 18.3715 6.42881
      vertex -27.9811 18.2494 6.31628
    endloop
  endfacet
  facet normal 0.475828 0.449901 -0.755763
    outer loop
      vertex -27.7753 18.7025 6.71554
      vertex -28.4051 18.6979 6.31628
      vertex -27.7753 19.2932 7.06718
    endloop
  endfacet
endsolid OpenSCAD_Model
