solid OpenSCAD_Model
  facet normal 0.791752 -0.0648468 -0.607391
    outer loop
      vertex -4.30201 -27.3907 -57.7872
      vertex -4.51872 -27 -58.1114
      vertex -4.27983 -27 -57.8
    endloop
  endfacet
  facet normal 0.705674 -0.0630897 -0.705722
    outer loop
      vertex -4.54052 -27.3841 -58.0988
      vertex -4.81725 -27.3708 -58.3767
      vertex -4.7962 -27 -58.3888
    endloop
  endfacet
  facet normal 0.719996 0.555706 -0.415689
    outer loop
      vertex 24.0691 28.4968 -7.89621
      vertex -4.81556 28.8224 -57.4907
      vertex 23.8806 28.8224 -7.78743
    endloop
  endfacet
  facet normal 0.720073 0.555571 -0.415735
    outer loop
      vertex -4.81556 28.8224 -57.4907
      vertex 24.0691 28.4968 -7.89621
      vertex -4.62716 28.4968 -57.5995
    endloop
  endfacet
  facet normal -0.00840713 -0.820503 -0.571581
    outer loop
      vertex -6.54596 -29.4858 -57.7972
      vertex -6.83458 -29.5989 -57.6306
      vertex -6.78091 -29.3045 -58.054
    endloop
  endfacet
  facet normal 0.000477528 0.401938 -0.915667
    outer loop
      vertex -6.54296 28.2042 -58.8713
      vertex -6.8763 28.0146 -58.9547
      vertex -6.6907 28.3987 -58.786
    endloop
  endfacet
  facet normal 0.499185 0.0566405 -0.864643
    outer loop
      vertex -5.10753 27 -58.6277
      vertex -5.44737 27 -58.8239
      vertex -5.12746 27.3512 -58.6162
    endloop
  endfacet
  facet normal -0.384598 -0.0258817 -0.922721
    outer loop
      vertex -7.75583 -27.1515 -58.9641
      vertex -8.10689 -27.0508 -58.8206
      vertex -7.74289 -27.0764 -58.9716
    endloop
  endfacet
  facet normal 0.975961 0.180391 -0.122306
    outer loop
      vertex 24.6471 27.3708 -7.34299
      vertex 24.6423 27.5876 -7.06153
      vertex 24.6901 27.3547 -7.02361
    endloop
  endfacet
  facet normal 0.866025 6.02637e-07 -0.500001
    outer loop
      vertex 4.3349 2.49447 -42.8789
      vertex -4.27983 27 -57.8
      vertex 24.4164 27 -8.09674
    endloop
  endfacet
  facet normal 0.866022 -3.80374e-06 -0.500006
    outer loop
      vertex -4.27983 27 -57.8
      vertex 3.99449 2.6769 -43.4685
      vertex 3.81828 2.7 -43.7737
    endloop
  endfacet
  facet normal 0.866047 3.06799e-05 -0.499962
    outer loop
      vertex -4.27983 27 -57.8
      vertex 4.16768 2.608 -43.1685
      vertex 3.99449 2.6769 -43.4685
    endloop
  endfacet
  facet normal 0.865993 -4.49656e-05 -0.500057
    outer loop
      vertex -4.27983 27 -57.8
      vertex 4.3349 2.49447 -42.8789
      vertex 4.16768 2.608 -43.1685
    endloop
  endfacet
  facet normal 0.866016 3.15668e-05 -0.500017
    outer loop
      vertex 24.4164 27 -8.09674
      vertex 4.49328 2.33827 -42.6046
      vertex 4.3349 2.49447 -42.8789
    endloop
  endfacet
  facet normal 0.866018 2.25537e-05 -0.500012
    outer loop
      vertex 24.4164 27 -8.09674
      vertex 4.64011 2.14205 -42.3503
      vertex 4.49328 2.33827 -42.6046
    endloop
  endfacet
  facet normal 0.866046 -6.6032e-05 -0.499964
    outer loop
      vertex 24.4164 27 -8.09674
      vertex 4.77287 1.90919 -42.1203
      vertex 4.64011 2.14205 -42.3503
    endloop
  endfacet
  facet normal 0.86604 -4.52777e-05 -0.499975
    outer loop
      vertex 24.4164 27 -8.09674
      vertex 4.8893 1.64366 -41.9186
      vertex 4.77287 1.90919 -42.1203
    endloop
  endfacet
  facet normal 0.866013 3.69994e-05 -0.500022
    outer loop
      vertex 24.4164 27 -8.09674
      vertex 4.98741 1.35 -41.7487
      vertex 4.8893 1.64366 -41.9186
    endloop
  endfacet
  facet normal 0.866036 -3.21335e-05 -0.499982
    outer loop
      vertex 24.4164 27 -8.09674
      vertex 5.06551 1.03325 -41.6134
      vertex 4.98741 1.35 -41.7487
    endloop
  endfacet
  facet normal 0.866013 3.45039e-05 -0.500021
    outer loop
      vertex 24.4164 27 -8.09674
      vertex 5.12228 0.698811 -41.5151
      vertex 5.06551 1.03325 -41.6134
    endloop
  endfacet
  facet normal 0.866039 -3.9294e-05 -0.499977
    outer loop
      vertex 24.4164 27 -8.09674
      vertex 5.15673 0.35242 -41.4554
      vertex 5.12228 0.698811 -41.5151
    endloop
  endfacet
  facet normal 0.866023 6.98521e-06 -0.500005
    outer loop
      vertex 24.4164 27 -8.09674
      vertex 5.16828 0 -41.4354
      vertex 5.15673 0.35242 -41.4554
    endloop
  endfacet
  facet normal 0.866025 0 -0.500001
    outer loop
      vertex 24.4164 -27 -8.09674
      vertex 5.16828 0 -41.4354
      vertex 24.4164 27 -8.09674
    endloop
  endfacet
  facet normal 0.866023 -6.98521e-06 -0.500005
    outer loop
      vertex 5.16828 0 -41.4354
      vertex 24.4164 -27 -8.09674
      vertex 5.15673 -0.35242 -41.4554
    endloop
  endfacet
  facet normal 0.866039 3.9294e-05 -0.499977
    outer loop
      vertex 5.15673 -0.35242 -41.4554
      vertex 24.4164 -27 -8.09674
      vertex 5.12228 -0.698811 -41.5151
    endloop
  endfacet
  facet normal 0.866013 -3.45039e-05 -0.500021
    outer loop
      vertex 5.12228 -0.698811 -41.5151
      vertex 24.4164 -27 -8.09674
      vertex 5.06551 -1.03325 -41.6134
    endloop
  endfacet
  facet normal 0.866036 3.21335e-05 -0.499982
    outer loop
      vertex 5.06551 -1.03325 -41.6134
      vertex 24.4164 -27 -8.09674
      vertex 4.98741 -1.35 -41.7487
    endloop
  endfacet
  facet normal 0.866013 -3.69994e-05 -0.500022
    outer loop
      vertex 4.98741 -1.35 -41.7487
      vertex 24.4164 -27 -8.09674
      vertex 4.8893 -1.64366 -41.9186
    endloop
  endfacet
  facet normal 0.86604 4.52777e-05 -0.499975
    outer loop
      vertex 4.8893 -1.64366 -41.9186
      vertex 24.4164 -27 -8.09674
      vertex 4.77287 -1.90919 -42.1203
    endloop
  endfacet
  facet normal 0.866047 -3.06799e-05 -0.499962
    outer loop
      vertex 4.16768 -2.608 -43.1685
      vertex -4.27983 -27 -57.8
      vertex 3.99449 -2.6769 -43.4685
    endloop
  endfacet
  facet normal 0.865993 4.49656e-05 -0.500057
    outer loop
      vertex 4.3349 -2.49447 -42.8789
      vertex -4.27983 -27 -57.8
      vertex 4.16768 -2.608 -43.1685
    endloop
  endfacet
  facet normal 0.866025 -6.02637e-07 -0.500001
    outer loop
      vertex -4.27983 -27 -57.8
      vertex 4.3349 -2.49447 -42.8789
      vertex 24.4164 -27 -8.09674
    endloop
  endfacet
  facet normal 0.866016 -3.15668e-05 -0.500017
    outer loop
      vertex 4.49328 -2.33827 -42.6046
      vertex 24.4164 -27 -8.09674
      vertex 4.3349 -2.49447 -42.8789
    endloop
  endfacet
  facet normal 0.866018 -2.25537e-05 -0.500012
    outer loop
      vertex 4.64011 -2.14205 -42.3503
      vertex 24.4164 -27 -8.09674
      vertex 4.49328 -2.33827 -42.6046
    endloop
  endfacet
  facet normal 0.866046 6.6032e-05 -0.499964
    outer loop
      vertex 4.77287 -1.90919 -42.1203
      vertex 24.4164 -27 -8.09674
      vertex 4.64011 -2.14205 -42.3503
    endloop
  endfacet
  facet normal 0.866022 -3.48529e-06 -0.500006
    outer loop
      vertex 3.64207 2.6769 -44.0789
      vertex -4.27983 27 -57.8
      vertex 3.81828 2.7 -43.7737
    endloop
  endfacet
  facet normal 0.866031 7.93078e-06 -0.49999
    outer loop
      vertex 3.46887 2.608 -44.3789
      vertex -4.27983 27 -57.8
      vertex 3.64207 2.6769 -44.0789
    endloop
  endfacet
  facet normal 0.866015 -1.19613e-05 -0.500017
    outer loop
      vertex 3.30166 2.49447 -44.6685
      vertex -4.27983 27 -57.8
      vertex 3.46887 2.608 -44.3789
    endloop
  endfacet
  facet normal 0.866012 -1.62149e-05 -0.500023
    outer loop
      vertex 3.14328 2.33827 -44.9428
      vertex -4.27983 27 -57.8
      vertex 3.30166 2.49447 -44.6685
    endloop
  endfacet
  facet normal 0.866076 6.06975e-05 -0.499913
    outer loop
      vertex 2.99645 2.14205 -45.1972
      vertex -4.27983 27 -57.8
      vertex 3.14328 2.33827 -44.9428
    endloop
  endfacet
  facet normal 0.865985 -4.57529e-05 -0.50007
    outer loop
      vertex 2.86368 1.90919 -45.4271
      vertex -4.27983 27 -57.8
      vertex 2.99645 2.14205 -45.1972
    endloop
  endfacet
  facet normal 0.86605 2.79358e-05 -0.499958
    outer loop
      vertex 2.74725 1.64366 -45.6288
      vertex -4.27983 27 -57.8
      vertex 2.86368 1.90919 -45.4271
    endloop
  endfacet
  facet normal 0.866003 -2.36809e-05 -0.500039
    outer loop
      vertex 2.64914 1.35 -45.7987
      vertex -4.27983 27 -57.8
      vertex 2.74725 1.64366 -45.6288
    endloop
  endfacet
  facet normal 0.866046 2.24032e-05 -0.499965
    outer loop
      vertex 2.57104 1.03325 -45.934
      vertex -4.27983 27 -57.8
      vertex 2.64914 1.35 -45.7987
    endloop
  endfacet
  facet normal 0.866015 -9.77958e-06 -0.500018
    outer loop
      vertex 2.51428 0.698811 -46.0323
      vertex -4.27983 27 -57.8
      vertex 2.57104 1.03325 -45.934
    endloop
  endfacet
  facet normal 0.866056 3.23792e-05 -0.499947
    outer loop
      vertex 2.47983 0.35242 -46.092
      vertex -4.27983 27 -57.8
      vertex 2.51428 0.698811 -46.0323
    endloop
  endfacet
  facet normal 0.866018 -6.357e-06 -0.500013
    outer loop
      vertex 2.46828 0 -46.112
      vertex -4.27983 27 -57.8
      vertex 2.47983 0.35242 -46.092
    endloop
  endfacet
  facet normal 0.866018 6.357e-06 -0.500013
    outer loop
      vertex -4.27983 -27 -57.8
      vertex 2.46828 0 -46.112
      vertex 2.47983 -0.35242 -46.092
    endloop
  endfacet
  facet normal 0.866056 -3.23792e-05 -0.499947
    outer loop
      vertex -4.27983 -27 -57.8
      vertex 2.47983 -0.35242 -46.092
      vertex 2.51428 -0.698811 -46.0323
    endloop
  endfacet
  facet normal 0.866015 9.77958e-06 -0.500018
    outer loop
      vertex -4.27983 -27 -57.8
      vertex 2.51428 -0.698811 -46.0323
      vertex 2.57104 -1.03325 -45.934
    endloop
  endfacet
  facet normal 0.866022 3.80374e-06 -0.500006
    outer loop
      vertex 3.99449 -2.6769 -43.4685
      vertex -4.27983 -27 -57.8
      vertex 3.81828 -2.7 -43.7737
    endloop
  endfacet
  facet normal 0.866022 3.48529e-06 -0.500006
    outer loop
      vertex 3.81828 -2.7 -43.7737
      vertex -4.27983 -27 -57.8
      vertex 3.64207 -2.6769 -44.0789
    endloop
  endfacet
  facet normal 0.866031 -7.93078e-06 -0.49999
    outer loop
      vertex 3.64207 -2.6769 -44.0789
      vertex -4.27983 -27 -57.8
      vertex 3.46887 -2.608 -44.3789
    endloop
  endfacet
  facet normal 0.866015 1.19613e-05 -0.500017
    outer loop
      vertex 3.46887 -2.608 -44.3789
      vertex -4.27983 -27 -57.8
      vertex 3.30166 -2.49447 -44.6685
    endloop
  endfacet
  facet normal 0.866024 0 -0.500002
    outer loop
      vertex 2.46828 0 -46.112
      vertex -4.27983 -27 -57.8
      vertex -4.27983 27 -57.8
    endloop
  endfacet
  facet normal 0.866046 -2.24032e-05 -0.499965
    outer loop
      vertex 2.64914 -1.35 -45.7987
      vertex -4.27983 -27 -57.8
      vertex 2.57104 -1.03325 -45.934
    endloop
  endfacet
  facet normal 0.866003 2.36809e-05 -0.500039
    outer loop
      vertex 2.74725 -1.64366 -45.6288
      vertex -4.27983 -27 -57.8
      vertex 2.64914 -1.35 -45.7987
    endloop
  endfacet
  facet normal 0.86605 -2.79358e-05 -0.499958
    outer loop
      vertex 2.86368 -1.90919 -45.4271
      vertex -4.27983 -27 -57.8
      vertex 2.74725 -1.64366 -45.6288
    endloop
  endfacet
  facet normal 0.865985 4.57529e-05 -0.50007
    outer loop
      vertex 2.99645 -2.14205 -45.1972
      vertex -4.27983 -27 -57.8
      vertex 2.86368 -1.90919 -45.4271
    endloop
  endfacet
  facet normal 0.866076 -6.06975e-05 -0.499913
    outer loop
      vertex 3.14328 -2.33827 -44.9428
      vertex -4.27983 -27 -57.8
      vertex 2.99645 -2.14205 -45.1972
    endloop
  endfacet
  facet normal 0.866012 1.62149e-05 -0.500023
    outer loop
      vertex 3.30166 -2.49447 -44.6685
      vertex -4.27983 -27 -57.8
      vertex 3.14328 -2.33827 -44.9428
    endloop
  endfacet
  facet normal 0.168967 0.980782 -0.0975535
    outer loop
      vertex 21.8968 29.8916 -8.0233
      vertex -6.53395 29.968 -56.4986
      vertex 21.5642 29.968 -7.83127
    endloop
  endfacet
  facet normal 0.168974 0.980781 -0.0975572
    outer loop
      vertex -6.53395 29.968 -56.4986
      vertex 21.8968 29.8916 -8.0233
      vertex -6.20135 29.8916 -56.6906
    endloop
  endfacet
  facet normal 0.991436 0 -0.130597
    outer loop
      vertex 24.7143 -27 -7.00441
      vertex 24.6681 27 -7.35514
      vertex 24.7143 27 -7.00441
    endloop
  endfacet
  facet normal 0.991436 0 -0.130597
    outer loop
      vertex 24.6681 27 -7.35514
      vertex 24.7143 -27 -7.00441
      vertex 24.6681 -27 -7.35514
    endloop
  endfacet
  facet normal 0.663108 -0.31055 -0.681063
    outer loop
      vertex -4.60554 -27.7615 -58.0612
      vertex -4.98347 -28.0871 -58.2807
      vertex -4.88003 -27.7353 -58.3404
    endloop
  endfacet
  facet normal -0.304361 -0.793378 -0.527176
    outer loop
      vertex -10.3613 -29.2555 -56.3464
      vertex -7.60759 -29.4944 -57.5767
      vertex -10.2057 -29.4944 -56.0767
    endloop
  endfacet
  facet normal -0.304346 -0.793411 -0.527135
    outer loop
      vertex -7.60759 -29.4944 -57.5767
      vertex -10.3613 -29.2555 -56.3464
      vertex -7.76326 -29.2555 -57.8464
    endloop
  endfacet
  facet normal 0.382229 -0.0517302 -0.922618
    outer loop
      vertex -5.46585 -27.3256 -58.8133
      vertex -5.80992 -27 -58.9741
      vertex -5.44737 -27 -58.8239
    endloop
  endfacet
  facet normal -0.820066 0.321437 0.473467
    outer loop
      vertex 0.6939 27.7748 0.985014
      vertex 2.20291 28.1456 3.34695
      vertex 0.802905 28.1456 0.922079
    endloop
  endfacet
  facet normal -0.820062 0.321453 0.473462
    outer loop
      vertex 2.20291 28.1456 3.34695
      vertex 0.6939 27.7748 0.985014
      vertex 2.0939 27.7748 3.40989
    endloop
  endfacet
  facet normal 0.580397 0.653742 -0.485552
    outer loop
      vertex -4.81556 28.8224 -57.4907
      vertex -5.04528 28.7912 -57.8073
      vertex -5.03916 29.1168 -57.3616
    endloop
  endfacet
  facet normal -0.0439094 -0.221644 -0.974139
    outer loop
      vertex -6.6879 -27.6378 -59.0635
      vertex -7.1244 -27.6634 -59.038
      vertex -7.05792 -27.5078 -59.0764
    endloop
  endfacet
  facet normal -0.410483 -0.245444 -0.878215
    outer loop
      vertex -7.97849 -27.9315 -58.7183
      vertex -8.11423 -27.5653 -58.7572
      vertex -7.87504 -27.8909 -58.778
    endloop
  endfacet
  facet normal 0.835307 0.438344 -0.331838
    outer loop
      vertex 24.219 28.1456 -7.9828
      vertex 24.0691 28.4968 -7.89621
      vertex 24.2252 28.4712 -7.53709
    endloop
  endfacet
  facet normal 0.423279 -0.383344 -0.820903
    outer loop
      vertex -5.41971 -28.3453 -58.4475
      vertex -5.73678 -28.2472 -58.6568
      vertex -5.61181 -27.9546 -58.729
    endloop
  endfacet
  facet normal -0.0828364 -0.751796 -0.654171
    outer loop
      vertex -6.78091 -29.3045 -58.054
      vertex -7.25769 -29.1787 -58.1382
      vertex -7.01574 -29.0838 -58.2779
    endloop
  endfacet
  facet normal 0.691404 -0.188541 -0.697433
    outer loop
      vertex -4.60554 -27.7615 -58.0612
      vertex -4.88003 -27.7353 -58.3404
      vertex -4.81725 -27.3708 -58.3767
    endloop
  endfacet
  facet normal 0.580609 -0.653619 -0.485465
    outer loop
      vertex -5.03916 -29.1168 -57.3616
      vertex -5.26505 -29.0806 -57.6805
      vertex -5.04528 -28.7912 -57.8073
    endloop
  endfacet
  facet normal 0.460902 0.278379 -0.842659
    outer loop
      vertex -5.52098 27.6456 -58.7814
      vertex -5.61181 27.9546 -58.729
      vertex -5.18692 27.6964 -58.5819
    endloop
  endfacet
  facet normal -0.400883 0.0719948 -0.913296
    outer loop
      vertex -8.12387 27.0981 -58.8108
      vertex -8.13622 27.1194 -58.8037
      vertex -7.8433 27.3563 -58.9136
    endloop
  endfacet
  facet normal 0.705019 -0.438531 -0.557349
    outer loop
      vertex -4.62716 -28.4968 -57.5995
      vertex -4.8601 -28.4712 -57.9143
      vertex -4.47717 -28.1456 -57.6861
    endloop
  endfacet
  facet normal -0.0744187 0.963958 -0.255434
    outer loop
      vertex -6.73427 29.9172 -56.8322
      vertex -7.2564 29.8408 -56.9684
      vertex -7.06687 29.9424 -56.6402
    endloop
  endfacet
  facet normal 0.102371 0.972424 -0.20955
    outer loop
      vertex -6.40736 29.8421 -57.021
      vertex -6.73427 29.9172 -56.8322
      vertex -6.53395 29.968 -56.4986
    endloop
  endfacet
  facet normal 0.501009 0.745409 -0.439722
    outer loop
      vertex -5.03916 29.1168 -57.3616
      vertex -5.51565 29.3343 -57.5358
      vertex -5.29412 29.375 -57.2144
    endloop
  endfacet
  facet normal 0.25862 -0.0464373 -0.964862
    outer loop
      vertex -5.80992 -27 -58.9741
      vertex -6.20362 -27.2582 -59.0672
      vertex -6.18897 -27 -59.0757
    endloop
  endfacet
  facet normal 0.707005 0 -0.707209
    outer loop
      vertex -4.7962 -27 -58.3888
      vertex -4.51872 27 -58.1114
      vertex -4.51872 -27 -58.1114
    endloop
  endfacet
  facet normal 0.707005 0 -0.707209
    outer loop
      vertex -4.51872 27 -58.1114
      vertex -4.7962 -27 -58.3888
      vertex -4.7962 27 -58.3888
    endloop
  endfacet
  facet normal -0.168967 -0.980782 0.0975538
    outer loop
      vertex 2.52708 -29.8916 -0.0733753
      vertex 4.25969 -29.968 2.15947
      vertex 3.92709 -29.8916 2.3515
    endloop
  endfacet
  facet normal -0.168964 -0.980783 0.0975515
    outer loop
      vertex 4.25969 -29.968 2.15947
      vertex 2.52708 -29.8916 -0.0733753
      vertex 2.85969 -29.968 -0.265403
    endloop
  endfacet
  facet normal 0.648795 -0.550959 -0.524889
    outer loop
      vertex -4.62716 -28.4968 -57.5995
      vertex -5.04528 -28.7912 -57.8073
      vertex -4.8601 -28.4712 -57.9143
    endloop
  endfacet
  facet normal 0.651206 -0.659155 -0.376092
    outer loop
      vertex 23.4598 -29.1168 -8.00007
      vertex 23.8806 -28.8224 -7.78743
      vertex 23.7921 -28.939 -7.73631
    endloop
  endfacet
  facet normal 0.651099 -0.659362 -0.375913
    outer loop
      vertex -4.81556 -28.8224 -57.4907
      vertex 23.4598 -29.1168 -8.00007
      vertex -5.03916 -29.1168 -57.3616
    endloop
  endfacet
  facet normal 0.651198 -0.659233 -0.375969
    outer loop
      vertex 23.4598 -29.1168 -8.00007
      vertex -4.81556 -28.8224 -57.4907
      vertex 23.8806 -28.8224 -7.78743
    endloop
  endfacet
  facet normal 0.791742 0.0648614 -0.607402
    outer loop
      vertex -4.51872 27 -58.1114
      vertex -4.54052 27.3841 -58.0988
      vertex -4.30201 27.3907 -57.7872
    endloop
  endfacet
  facet normal 0.0424038 -0.338875 -0.939875
    outer loop
      vertex -6.54296 -28.2042 -58.8713
      vertex -6.8763 -28.0146 -58.9547
      vertex -6.77141 -27.8334 -59.0153
    endloop
  endfacet
  facet normal -0.468675 -0.258898 -0.84458
    outer loop
      vertex -8.19463 -27.9643 -58.5935
      vertex -8.24541 -27.5853 -58.6815
      vertex -8.08563 -27.9561 -58.6565
    endloop
  endfacet
  facet normal 0.314605 -0.571424 -0.757957
    outer loop
      vertex -5.58904 -28.6379 -58.3497
      vertex -6.08008 -28.7638 -58.4586
      vertex -5.89377 -28.5185 -58.5662
    endloop
  endfacet
  facet normal -0.258906 0 -0.965903
    outer loop
      vertex -7.73855 -27 -58.9741
      vertex -7.35951 27 -59.0757
      vertex -7.35951 -27 -59.0757
    endloop
  endfacet
  facet normal -0.258906 0 -0.965903
    outer loop
      vertex -7.35951 27 -59.0757
      vertex -7.73855 -27 -58.9741
      vertex -7.73855 27 -58.9741
    endloop
  endfacet
  facet normal 0.907259 -0.193495 -0.373418
    outer loop
      vertex 24.4797 -27.7615 -7.68406
      vertex 24.328 -27.7748 -8.04574
      vertex 24.3942 -27.3907 -8.08393
    endloop
  endfacet
  facet normal 0.864168 0.0654614 -0.498928
    outer loop
      vertex 24.4164 27 -8.09674
      vertex -4.30201 27.3907 -57.7872
      vertex 24.3942 27.3907 -8.08393
    endloop
  endfacet
  facet normal 0.864171 0.0654047 -0.49893
    outer loop
      vertex -4.30201 27.3907 -57.7872
      vertex 24.4164 27 -8.09674
      vertex -4.27983 27 -57.8
    endloop
  endfacet
  facet normal 0.705019 0.438531 -0.557349
    outer loop
      vertex -4.47717 28.1456 -57.6861
      vertex -4.8601 28.4712 -57.9143
      vertex -4.62716 28.4968 -57.5995
    endloop
  endfacet
  facet normal 0.964039 -0.0631698 -0.258145
    outer loop
      vertex 24.6681 -27 -7.35514
      vertex 24.5448 -27.3841 -7.72161
      vertex 24.5666 -27 -7.73419
    endloop
  endfacet
  facet normal 0 1 0
    outer loop
      vertex 4.59808 29.9936 1.9641
      vertex 6.83539 29.9936 -2.56078
      vertex 3.19808 29.9936 -0.460773
    endloop
  endfacet
  facet normal 0 1 0
    outer loop
      vertex 4.59808 29.9936 1.9641
      vertex 6.9659 29.9936 -2.64799
      vertex 6.83539 29.9936 -2.56078
    endloop
  endfacet
  facet normal 0 1 0
    outer loop
      vertex 4.59808 29.9936 1.9641
      vertex 7.08391 29.9936 -2.75148
      vertex 6.9659 29.9936 -2.64799
    endloop
  endfacet
  facet normal 0 1 0
    outer loop
      vertex 4.59808 29.9936 1.9641
      vertex 7.18741 29.9936 -2.86949
      vertex 7.08391 29.9936 -2.75148
    endloop
  endfacet
  facet normal 0 1 0
    outer loop
      vertex 21.2258 29.9936 -7.6359
      vertex 7.18741 29.9936 -2.86949
      vertex 4.59808 29.9936 1.9641
    endloop
  endfacet
  facet normal 0 1 0
    outer loop
      vertex 7.18741 29.9936 -2.86949
      vertex 21.2258 29.9936 -7.6359
      vertex 7.27463 29.9936 -3.00001
    endloop
  endfacet
  facet normal 0 1 0
    outer loop
      vertex 21.2258 29.9936 -7.6359
      vertex 7.34405 29.9936 -3.14078
      vertex 7.27463 29.9936 -3.00001
    endloop
  endfacet
  facet normal 0 1 0
    outer loop
      vertex 21.2258 29.9936 -7.6359
      vertex 7.37714 29.9936 -3.23068
      vertex 7.34405 29.9936 -3.14078
    endloop
  endfacet
  facet normal 0 1 0
    outer loop
      vertex 21.2258 29.9936 -7.6359
      vertex 11.8552 29.9936 -17.0744
      vertex 7.37714 29.9936 -3.23068
    endloop
  endfacet
  facet normal 0 1 0
    outer loop
      vertex 21.2258 29.9936 -7.6359
      vertex 11.8937 29.9936 -17.2266
      vertex 11.8552 29.9936 -17.0744
    endloop
  endfacet
  facet normal 0 1 0
    outer loop
      vertex 21.2258 29.9936 -7.6359
      vertex 11.9119 29.9936 -17.3825
      vertex 11.8937 29.9936 -17.2266
    endloop
  endfacet
  facet normal 0 1 0
    outer loop
      vertex 21.2258 29.9936 -7.6359
      vertex 11.9096 29.9936 -17.5395
      vertex 11.9119 29.9936 -17.3825
    endloop
  endfacet
  facet normal 0 1 0
    outer loop
      vertex 21.2258 29.9936 -7.6359
      vertex 11.8869 29.9936 -17.6948
      vertex 11.9096 29.9936 -17.5395
    endloop
  endfacet
  facet normal 0 1 0
    outer loop
      vertex 21.2258 29.9936 -7.6359
      vertex 11.8441 29.9936 -17.8458
      vertex 11.8869 29.9936 -17.6948
    endloop
  endfacet
  facet normal 0 1 0
    outer loop
      vertex 21.2258 29.9936 -7.6359
      vertex 11.7527 29.9936 -18.0437
      vertex 11.8441 29.9936 -17.8458
    endloop
  endfacet
  facet normal 0 1 0
    outer loop
      vertex -6.87234 29.9936 -56.3032
      vertex 11.7527 29.9936 -18.0437
      vertex 21.2258 29.9936 -7.6359
    endloop
  endfacet
  facet normal 0 1 0
    outer loop
      vertex 11.7527 29.9936 -18.0437
      vertex -6.87234 29.9936 -56.3032
      vertex -9.47042 29.9936 -54.8032
    endloop
  endfacet
  facet normal -0.304361 0.793378 -0.527176
    outer loop
      vertex -7.60759 29.4944 -57.5767
      vertex -10.3613 29.2555 -56.3464
      vertex -10.2057 29.4944 -56.0767
    endloop
  endfacet
  facet normal -0.304346 0.793411 -0.527135
    outer loop
      vertex -10.3613 29.2555 -56.3464
      vertex -7.60759 29.4944 -57.5767
      vertex -7.76326 29.2555 -57.8464
    endloop
  endfacet
  facet normal -0.278436 0.946906 0.160756
    outer loop
      vertex 3.92709 29.8916 2.3515
      vertex 2.20596 29.7657 0.112023
      vertex 3.60597 29.7657 2.5369
    endloop
  endfacet
  facet normal -0.278436 0.946906 0.160756
    outer loop
      vertex 2.20596 29.7657 0.112023
      vertex 3.92709 29.8916 2.3515
      vertex 2.52708 29.8916 -0.0733753
    endloop
  endfacet
  facet normal -0.383306 0.232649 -0.893841
    outer loop
      vertex -7.99198 27.5069 -58.8278
      vertex -8.05145 27.5407 -58.7935
      vertex -7.87504 27.8909 -58.778
    endloop
  endfacet
  facet normal 0.139915 0.914738 -0.379049
    outer loop
      vertex -6.31492 29.6245 -57.512
      vertex -6.61965 29.744 -57.3361
      vertex -6.40736 29.8421 -57.021
    endloop
  endfacet
  facet normal -0.396708 0.608673 -0.687124
    outer loop
      vertex -8.02144 28.6667 -58.2935
      vertex -10.5001 28.978 -56.5867
      vertex -7.902 28.978 -58.0867
    endloop
  endfacet
  facet normal -0.396725 0.608641 -0.687143
    outer loop
      vertex -10.5001 28.978 -56.5867
      vertex -8.02144 28.6667 -58.2935
      vertex -10.6195 28.6667 -56.7935
    endloop
  endfacet
  facet normal 0.499987 0 -0.866033
    outer loop
      vertex -5.44737 -27 -58.8239
      vertex -5.10753 27 -58.6277
      vertex -5.10753 -27 -58.6277
    endloop
  endfacet
  facet normal 0.499987 0 -0.866033
    outer loop
      vertex -5.10753 27 -58.6277
      vertex -5.44737 -27 -58.8239
      vertex -5.44737 27 -58.8239
    endloop
  endfacet
  facet normal 0.663046 -0.310389 -0.681196
    outer loop
      vertex -4.71268 -28.126 -57.9994
      vertex -4.98347 -28.0871 -58.2807
      vertex -4.60554 -27.7615 -58.0612
    endloop
  endfacet
  facet normal 0.566951 -0.297083 -0.768315
    outer loop
      vertex -4.98347 -28.0871 -58.2807
      vertex -5.18692 -27.6964 -58.5819
      vertex -4.88003 -27.7353 -58.3404
    endloop
  endfacet
  facet normal 0.849375 -0.195148 -0.490386
    outer loop
      vertex -4.36816 -27.7748 -57.749
      vertex 24.3942 -27.3907 -8.08393
      vertex 24.328 -27.7748 -8.04574
    endloop
  endfacet
  facet normal 0.849391 -0.195054 -0.490396
    outer loop
      vertex 24.3942 -27.3907 -8.08393
      vertex -4.36816 -27.7748 -57.749
      vertex -4.30201 -27.3907 -57.7872
    endloop
  endfacet
  facet normal 0.77708 -0.193547 -0.598905
    outer loop
      vertex -4.30201 -27.3907 -57.7872
      vertex -4.60554 -27.7615 -58.0612
      vertex -4.54052 -27.3841 -58.0988
    endloop
  endfacet
  facet normal 0.571031 -0.751819 -0.329685
    outer loop
      vertex -5.03916 -29.1168 -57.3616
      vertex 22.8323 -29.375 -8.49805
      vertex -5.29412 -29.375 -57.2144
    endloop
  endfacet
  facet normal 0.570989 -0.751861 -0.329661
    outer loop
      vertex 22.8323 -29.375 -8.49805
      vertex -5.03916 -29.1168 -57.3616
      vertex 23.4598 -29.1168 -8.00007
    endloop
  endfacet
  facet normal 0.691353 -0.188597 -0.697468
    outer loop
      vertex -4.60554 -27.7615 -58.0612
      vertex -4.81725 -27.3708 -58.3767
      vertex -4.54052 -27.3841 -58.0988
    endloop
  endfacet
  facet normal 0.0566166 -0.997861 -0.0326877
    outer loop
      vertex -6.87234 -29.9936 -56.3032
      vertex 21.5642 -29.968 -7.83127
      vertex 21.2258 -29.9936 -7.6359
    endloop
  endfacet
  facet normal 0.0566157 -0.997861 -0.0326871
    outer loop
      vertex 21.5642 -29.968 -7.83127
      vertex -6.87234 -29.9936 -56.3032
      vertex -6.53395 -29.968 -56.4986
    endloop
  endfacet
  facet normal -0.313053 -0.706361 -0.634863
    outer loop
      vertex -7.50829 -29.2362 -57.9936
      vertex -7.76326 -29.2555 -57.8464
      vertex -7.6784 -28.9611 -58.2158
    endloop
  endfacet
  facet normal -0.0723444 -0.278423 -0.95773
    outer loop
      vertex -6.8763 -28.0146 -58.9547
      vertex -7.2079 -27.8077 -58.9898
      vertex -6.77141 -27.8334 -59.0153
    endloop
  endfacet
  facet normal -0.186126 -0.213427 -0.959065
    outer loop
      vertex -7.2079 -27.8077 -58.9898
      vertex -7.53208 -27.587 -58.976
      vertex -7.47139 -27.4822 -59.0111
    endloop
  endfacet
  facet normal 0.244991 -0.65146 -0.718039
    outer loop
      vertex -6.01917 -29.1346 -58.1014
      vertex -6.08008 -28.7638 -58.4586
      vertex -5.79001 -28.9026 -58.2337
    endloop
  endfacet
  facet normal -0.0347743 0.906394 -0.421
    outer loop
      vertex -6.83458 29.5989 -57.6306
      vertex -7.13352 29.6676 -57.458
      vertex -6.93528 29.8165 -57.1538
    endloop
  endfacet
  facet normal -0.259055 0.792348 -0.552336
    outer loop
      vertex -7.32563 29.4731 -57.7395
      vertex -7.76326 29.2555 -57.8464
      vertex -7.60759 29.4944 -57.5767
    endloop
  endfacet
  facet normal -0.382742 0 -0.923855
    outer loop
      vertex -8.1011 -27 -58.8239
      vertex -7.73855 27 -58.9741
      vertex -7.73855 -27 -58.9741
    endloop
  endfacet
  facet normal -0.382742 0 -0.923855
    outer loop
      vertex -7.73855 27 -58.9741
      vertex -8.1011 -27 -58.8239
      vertex -8.1011 27 -58.8239
    endloop
  endfacet
  facet normal 0.976024 0.179942 -0.122469
    outer loop
      vertex 24.6423 27.5876 -7.06153
      vertex 24.5843 27.7353 -7.30675
      vertex 24.6167 27.7126 -7.08189
    endloop
  endfacet
  facet normal 0.975985 0.180307 -0.12224
    outer loop
      vertex 24.5843 27.7353 -7.30675
      vertex 24.6423 27.5876 -7.06153
      vertex 24.6471 27.3708 -7.34299
    endloop
  endfacet
  facet normal 0.921907 0.0649064 -0.381935
    outer loop
      vertex 24.4164 27 -8.09674
      vertex 24.3942 27.3907 -8.08393
      vertex 24.5666 27 -7.73419
    endloop
  endfacet
  facet normal 0.907259 0.193495 -0.373418
    outer loop
      vertex 24.3942 27.3907 -8.08393
      vertex 24.328 27.7748 -8.04574
      vertex 24.4797 27.7615 -7.68406
    endloop
  endfacet
  facet normal -0.281491 -0.114397 -0.95272
    outer loop
      vertex -7.42308 -27.369 -59.039
      vertex -7.80646 -27.2926 -58.9349
      vertex -7.77714 -27.224 -58.9518
    endloop
  endfacet
  facet normal 0.0822542 -0.777148 -0.62392
    outer loop
      vertex -6.54596 -29.4858 -57.7972
      vertex -6.78091 -29.3045 -58.054
      vertex -6.2726 -29.3301 -57.9551
    endloop
  endfacet
  facet normal 0 -1 0
    outer loop
      vertex 6.83539 -29.9936 -2.56078
      vertex 4.59808 -29.9936 1.9641
      vertex 3.19808 -29.9936 -0.460773
    endloop
  endfacet
  facet normal 0 -1 0
    outer loop
      vertex 6.9659 -29.9936 -2.64799
      vertex 4.59808 -29.9936 1.9641
      vertex 6.83539 -29.9936 -2.56078
    endloop
  endfacet
  facet normal 0 -1 0
    outer loop
      vertex 7.08391 -29.9936 -2.75148
      vertex 4.59808 -29.9936 1.9641
      vertex 6.9659 -29.9936 -2.64799
    endloop
  endfacet
  facet normal 0 -1 0
    outer loop
      vertex 7.18741 -29.9936 -2.86949
      vertex 4.59808 -29.9936 1.9641
      vertex 7.08391 -29.9936 -2.75148
    endloop
  endfacet
  facet normal 0 -1 0
    outer loop
      vertex 21.2258 -29.9936 -7.6359
      vertex 7.18741 -29.9936 -2.86949
      vertex 7.27463 -29.9936 -3.00001
    endloop
  endfacet
  facet normal 0 -1 0
    outer loop
      vertex 7.18741 -29.9936 -2.86949
      vertex 21.2258 -29.9936 -7.6359
      vertex 4.59808 -29.9936 1.9641
    endloop
  endfacet
  facet normal 0 -1 0
    outer loop
      vertex 7.34405 -29.9936 -3.14078
      vertex 21.2258 -29.9936 -7.6359
      vertex 7.27463 -29.9936 -3.00001
    endloop
  endfacet
  facet normal 0 -1 0
    outer loop
      vertex 7.37714 -29.9936 -3.23068
      vertex 21.2258 -29.9936 -7.6359
      vertex 7.34405 -29.9936 -3.14078
    endloop
  endfacet
  facet normal 0 -1 0
    outer loop
      vertex 11.8552 -29.9936 -17.0744
      vertex 21.2258 -29.9936 -7.6359
      vertex 7.37714 -29.9936 -3.23068
    endloop
  endfacet
  facet normal 0 -1 0
    outer loop
      vertex 11.8937 -29.9936 -17.2266
      vertex 21.2258 -29.9936 -7.6359
      vertex 11.8552 -29.9936 -17.0744
    endloop
  endfacet
  facet normal 0 -1 0
    outer loop
      vertex 11.9119 -29.9936 -17.3825
      vertex 21.2258 -29.9936 -7.6359
      vertex 11.8937 -29.9936 -17.2266
    endloop
  endfacet
  facet normal 0 -1 0
    outer loop
      vertex 11.9096 -29.9936 -17.5395
      vertex 21.2258 -29.9936 -7.6359
      vertex 11.9119 -29.9936 -17.3825
    endloop
  endfacet
  facet normal 0 -1 0
    outer loop
      vertex 11.8869 -29.9936 -17.6948
      vertex 21.2258 -29.9936 -7.6359
      vertex 11.9096 -29.9936 -17.5395
    endloop
  endfacet
  facet normal 0 -1 0
    outer loop
      vertex 11.8441 -29.9936 -17.8458
      vertex 21.2258 -29.9936 -7.6359
      vertex 11.8869 -29.9936 -17.6948
    endloop
  endfacet
  facet normal 0 -1 0
    outer loop
      vertex 11.7527 -29.9936 -18.0437
      vertex 21.2258 -29.9936 -7.6359
      vertex 11.8441 -29.9936 -17.8458
    endloop
  endfacet
  facet normal 0 -1 0
    outer loop
      vertex -6.87234 -29.9936 -56.3032
      vertex 11.7527 -29.9936 -18.0437
      vertex -9.47042 -29.9936 -54.8032
    endloop
  endfacet
  facet normal 0 -1 -0
    outer loop
      vertex 11.7527 -29.9936 -18.0437
      vertex -6.87234 -29.9936 -56.3032
      vertex 21.2258 -29.9936 -7.6359
    endloop
  endfacet
  facet normal -0.169672 -0.778756 -0.603946
    outer loop
      vertex -7.04848 -29.4094 -57.8995
      vertex -7.32563 -29.4731 -57.7395
      vertex -7.25769 -29.1787 -58.1382
    endloop
  endfacet
  facet normal -0.074456 0.963988 -0.255309
    outer loop
      vertex -6.93528 29.8165 -57.1538
      vertex -7.2564 29.8408 -56.9684
      vertex -6.73427 29.9172 -56.8322
    endloop
  endfacet
  facet normal -0.00896187 0.98937 -0.145141
    outer loop
      vertex -6.53395 29.968 -56.4986
      vertex -7.06687 29.9424 -56.6402
      vertex -6.87234 29.9936 -56.3032
    endloop
  endfacet
  facet normal -0.00891822 0.989347 -0.145301
    outer loop
      vertex -6.73427 29.9172 -56.8322
      vertex -7.06687 29.9424 -56.6402
      vertex -6.53395 29.968 -56.4986
    endloop
  endfacet
  facet normal -0.571021 0.751829 0.329679
    outer loop
      vertex 3.01986 29.375 2.87529
      vertex 1.36489 29.1168 0.597617
      vertex 2.76489 29.1168 3.02249
    endloop
  endfacet
  facet normal -0.571028 0.751821 0.329685
    outer loop
      vertex 1.36489 29.1168 0.597617
      vertex 3.01986 29.375 2.87529
      vertex 1.61985 29.375 0.450414
    endloop
  endfacet
  facet normal -0.103101 0.849853 -0.516837
    outer loop
      vertex -6.83458 29.5989 -57.6306
      vertex -7.32563 29.4731 -57.7395
      vertex -7.13352 29.6676 -57.458
    endloop
  endfacet
  facet normal -0.186126 0.213427 -0.959065
    outer loop
      vertex -7.47139 27.4822 -59.0111
      vertex -7.53208 27.587 -58.976
      vertex -7.2079 27.8077 -58.9898
    endloop
  endfacet
  facet normal -0.0566179 0.997861 0.0326883
    outer loop
      vertex 4.59808 29.9936 1.9641
      vertex 2.85969 29.968 -0.265403
      vertex 4.25969 29.968 2.15947
    endloop
  endfacet
  facet normal -0.0566179 0.997861 0.0326883
    outer loop
      vertex 2.85969 29.968 -0.265403
      vertex 4.59808 29.9936 1.9641
      vertex 3.19808 29.9936 -0.460773
    endloop
  endfacet
  facet normal -0.168967 0.980782 0.0975538
    outer loop
      vertex 4.25969 29.968 2.15947
      vertex 2.52708 29.8916 -0.0733753
      vertex 3.92709 29.8916 2.3515
    endloop
  endfacet
  facet normal -0.168964 0.980783 0.0975515
    outer loop
      vertex 2.52708 29.8916 -0.0733753
      vertex 4.25969 29.968 2.15947
      vertex 2.85969 29.968 -0.265403
    endloop
  endfacet
  facet normal 0.570989 0.751861 -0.329661
    outer loop
      vertex -5.03916 29.1168 -57.3616
      vertex 22.8323 29.375 -8.49805
      vertex 23.4598 29.1168 -8.00007
    endloop
  endfacet
  facet normal 0.571031 0.751819 -0.329685
    outer loop
      vertex 22.8323 29.375 -8.49805
      vertex -5.03916 29.1168 -57.3616
      vertex -5.29412 29.375 -57.2144
    endloop
  endfacet
  facet normal 0.0663359 0.875014 -0.479532
    outer loop
      vertex -6.31492 29.6245 -57.512
      vertex -6.83458 29.5989 -57.6306
      vertex -6.61965 29.744 -57.3361
    endloop
  endfacet
  facet normal 0.374211 0.481469 -0.792562
    outer loop
      vertex -5.41971 28.3453 -58.4475
      vertex -5.73678 28.2472 -58.6568
      vertex -5.58904 28.6379 -58.3497
    endloop
  endfacet
  facet normal 0.776785 0.442123 -0.448478
    outer loop
      vertex 24.219 28.1456 -7.9828
      vertex -4.62716 28.4968 -57.5995
      vertex 24.0691 28.4968 -7.89621
    endloop
  endfacet
  facet normal 0.776713 0.442294 -0.448435
    outer loop
      vertex -4.62716 28.4968 -57.5995
      vertex 24.219 28.1456 -7.9828
      vertex -4.47717 28.1456 -57.6861
    endloop
  endfacet
  facet normal 0.347316 -0.255118 -0.902378
    outer loop
      vertex -5.61181 -27.9546 -58.729
      vertex -5.87648 -27.5838 -58.9357
      vertex -5.52098 -27.6456 -58.7814
    endloop
  endfacet
  facet normal 0.24813 0.137949 -0.958854
    outer loop
      vertex -6.20362 27.2582 -59.0672
      vertex -6.24734 27.512 -59.042
      vertex -5.87648 27.5838 -58.9357
    endloop
  endfacet
  facet normal 0.793422 0 -0.608672
    outer loop
      vertex -4.27983 -27 -57.8
      vertex -4.51872 27 -58.1114
      vertex -4.27983 27 -57.8
    endloop
  endfacet
  facet normal 0.793422 0 -0.608672
    outer loop
      vertex -4.51872 27 -58.1114
      vertex -4.27983 -27 -57.8
      vertex -4.51872 -27 -58.1114
    endloop
  endfacet
  facet normal 0.705591 -0.0631995 -0.705795
    outer loop
      vertex -4.54052 -27.3841 -58.0988
      vertex -4.7962 -27 -58.3888
      vertex -4.51872 -27 -58.1114
    endloop
  endfacet
  facet normal 0.791742 -0.0648614 -0.607402
    outer loop
      vertex -4.30201 -27.3907 -57.7872
      vertex -4.54052 -27.3841 -58.0988
      vertex -4.51872 -27 -58.1114
    endloop
  endfacet
  facet normal 0.864168 -0.0654614 -0.498928
    outer loop
      vertex -4.30201 -27.3907 -57.7872
      vertex 24.4164 -27 -8.09674
      vertex 24.3942 -27.3907 -8.08393
    endloop
  endfacet
  facet normal 0.864171 -0.0654047 -0.49893
    outer loop
      vertex 24.4164 -27 -8.09674
      vertex -4.30201 -27.3907 -57.7872
      vertex -4.27983 -27 -57.8
    endloop
  endfacet
  facet normal 0.580397 -0.653742 -0.485552
    outer loop
      vertex -5.03916 -29.1168 -57.3616
      vertex -5.04528 -28.7912 -57.8073
      vertex -4.81556 -28.8224 -57.4907
    endloop
  endfacet
  facet normal -0.432965 -0.500173 -0.749912
    outer loop
      vertex -10.6195 -28.6667 -56.7935
      vertex -8.11954 -28.3269 -58.4635
      vertex -8.02144 -28.6667 -58.2935
    endloop
  endfacet
  facet normal -0.432965 -0.500173 -0.749912
    outer loop
      vertex -8.11954 -28.3269 -58.4635
      vertex -10.6195 -28.6667 -56.7935
      vertex -10.7176 -28.3269 -56.9635
    endloop
  endfacet
  facet normal -0.129467 -0.965895 -0.224244
    outer loop
      vertex -9.85448 -29.8408 -55.4684
      vertex -7.06687 -29.9424 -56.6402
      vertex -9.66495 -29.9424 -55.1402
    endloop
  endfacet
  facet normal -0.129467 -0.965895 -0.224244
    outer loop
      vertex -7.06687 -29.9424 -56.6402
      vertex -9.85448 -29.8408 -55.4684
      vertex -7.2564 -29.8408 -56.9684
    endloop
  endfacet
  facet normal -0.348249 -0.491229 -0.798384
    outer loop
      vertex -7.83304 -28.6525 -58.4023
      vertex -7.96956 -28.3155 -58.5501
      vertex -7.82214 -28.2817 -58.6352
    endloop
  endfacet
  facet normal 0.648782 -0.550841 -0.52503
    outer loop
      vertex -4.81556 -28.8224 -57.4907
      vertex -5.04528 -28.7912 -57.8073
      vertex -4.62716 -28.4968 -57.5995
    endloop
  endfacet
  facet normal 0.566301 -0.536828 -0.625395
    outer loop
      vertex -5.04528 -28.7912 -57.8073
      vertex -5.1258 -28.4204 -58.1985
      vertex -4.8601 -28.4712 -57.9143
    endloop
  endfacet
  facet normal 0.336819 -0.694902 -0.635345
    outer loop
      vertex -5.75872 -29.2537 -57.8331
      vertex -5.79001 -28.9026 -58.2337
      vertex -5.51677 -29.0087 -57.9728
    endloop
  endfacet
  facet normal 0.253636 -0.768444 -0.587505
    outer loop
      vertex -6.0263 -29.4602 -57.6786
      vertex -6.2726 -29.3301 -57.9551
      vertex -6.01917 -29.1346 -58.1014
    endloop
  endfacet
  facet normal 0.608774 0 -0.793343
    outer loop
      vertex -5.10753 -27 -58.6277
      vertex -4.7962 27 -58.3888
      vertex -4.7962 -27 -58.3888
    endloop
  endfacet
  facet normal 0.608774 0 -0.793343
    outer loop
      vertex -4.7962 27 -58.3888
      vertex -5.10753 -27 -58.6277
      vertex -5.10753 27 -58.6277
    endloop
  endfacet
  facet normal -0.192145 -0.416469 -0.888614
    outer loop
      vertex -7.29973 -28.4434 -58.7102
      vertex -7.42002 -28.0527 -58.8673
      vertex -7.14275 -28.3223 -58.8009
    endloop
  endfacet
  facet normal 0.103453 -0.195985 -0.975135
    outer loop
      vertex -6.31936 -27.757 -59.0004
      vertex -6.62721 -27.4314 -59.0985
      vertex -6.24734 -27.512 -59.042
    endloop
  endfacet
  facet normal 0.0771861 -0.269495 -0.959904
    outer loop
      vertex -6.31936 -27.757 -59.0004
      vertex -6.77141 -27.8334 -59.0153
      vertex -6.6879 -27.6378 -59.0635
    endloop
  endfacet
  facet normal 0.779434 0.549988 -0.299993
    outer loop
      vertex 24.0465 28.7253 -7.53441
      vertex 23.8806 28.8224 -7.78743
      vertex 23.9645 28.806 -7.59951
    endloop
  endfacet
  facet normal 0.77899 0.550982 -0.299321
    outer loop
      vertex 23.8806 28.8224 -7.78743
      vertex 24.0465 28.7253 -7.53441
      vertex 24.0691 28.4968 -7.89621
    endloop
  endfacet
  facet normal 0.989644 -0.0600945 -0.130361
    outer loop
      vertex 24.7116 -27.0398 -7.00656
      vertex 24.6681 -27 -7.35514
      vertex 24.7143 -27 -7.00441
    endloop
  endfacet
  facet normal 0.989627 -0.0603191 -0.130385
    outer loop
      vertex 24.6681 -27 -7.35514
      vertex 24.7116 -27.0398 -7.00656
      vertex 24.6471 -27.3708 -7.34299
    endloop
  endfacet
  facet normal 0.923855 0 -0.382742
    outer loop
      vertex 24.5666 -27 -7.73419
      vertex 24.4164 27 -8.09674
      vertex 24.5666 27 -7.73419
    endloop
  endfacet
  facet normal 0.923855 0 -0.382742
    outer loop
      vertex 24.4164 27 -8.09674
      vertex 24.5666 -27 -7.73419
      vertex 24.4164 -27 -8.09674
    endloop
  endfacet
  facet normal 0.878209 0.318692 -0.356629
    outer loop
      vertex 24.328 27.7748 -8.04574
      vertex 24.219 28.1456 -7.9828
      vertex 24.4797 27.7615 -7.68406
    endloop
  endfacet
  facet normal 0.965968 0 -0.258662
    outer loop
      vertex 24.6681 -27 -7.35514
      vertex 24.5666 27 -7.73419
      vertex 24.6681 27 -7.35514
    endloop
  endfacet
  facet normal 0.965968 0 -0.258662
    outer loop
      vertex 24.5666 27 -7.73419
      vertex 24.6681 -27 -7.35514
      vertex 24.5666 -27 -7.73419
    endloop
  endfacet
  facet normal 0.791752 0.0648468 -0.607391
    outer loop
      vertex -4.27983 27 -57.8
      vertex -4.51872 27 -58.1114
      vertex -4.30201 27.3907 -57.7872
    endloop
  endfacet
  facet normal 0.849375 0.195148 -0.490386
    outer loop
      vertex 24.3942 27.3907 -8.08393
      vertex -4.36816 27.7748 -57.749
      vertex 24.328 27.7748 -8.04574
    endloop
  endfacet
  facet normal 0.849391 0.195054 -0.490396
    outer loop
      vertex -4.36816 27.7748 -57.749
      vertex 24.3942 27.3907 -8.08393
      vertex -4.30201 27.3907 -57.7872
    endloop
  endfacet
  facet normal 0.975961 -0.180391 -0.122306
    outer loop
      vertex 24.6901 -27.3547 -7.02361
      vertex 24.6423 -27.5876 -7.06153
      vertex 24.6471 -27.3708 -7.34299
    endloop
  endfacet
  facet normal 0.964039 0.0631698 -0.258145
    outer loop
      vertex 24.5666 27 -7.73419
      vertex 24.5448 27.3841 -7.72161
      vertex 24.6681 27 -7.35514
    endloop
  endfacet
  facet normal 0.948821 0.297255 -0.106667
    outer loop
      vertex 24.5263 27.9754 -7.15357
      vertex 24.5843 27.7353 -7.30675
      vertex 24.4808 28.0871 -7.24702
    endloop
  endfacet
  facet normal 0.948811 0.297275 -0.106703
    outer loop
      vertex 24.5843 27.7353 -7.30675
      vertex 24.5263 27.9754 -7.15357
      vertex 24.6167 27.7126 -7.08189
    endloop
  endfacet
  facet normal 0.336731 0.69493 -0.635362
    outer loop
      vertex -5.79001 28.9026 -58.2337
      vertex -6.01917 29.1346 -58.1014
      vertex -5.75872 29.2537 -57.8331
    endloop
  endfacet
  facet normal 0.948931 0.296607 -0.107495
    outer loop
      vertex 24.5263 27.9754 -7.15357
      vertex 24.4808 28.0871 -7.24702
      vertex 24.4913 28.0773 -7.18137
    endloop
  endfacet
  facet normal 0.0566166 0.997861 -0.0326877
    outer loop
      vertex 21.5642 29.968 -7.83127
      vertex -6.87234 29.9936 -56.3032
      vertex 21.2258 29.9936 -7.6359
    endloop
  endfacet
  facet normal 0.0566157 0.997861 -0.0326871
    outer loop
      vertex -6.87234 29.9936 -56.3032
      vertex 21.5642 29.968 -7.83127
      vertex -6.53395 29.968 -56.4986
    endloop
  endfacet
  facet normal 0.964017 -0.0630586 -0.258254
    outer loop
      vertex 24.6471 -27.3708 -7.34299
      vertex 24.5448 -27.3841 -7.72161
      vertex 24.6681 -27 -7.35514
    endloop
  endfacet
  facet normal -0.776717 -0.442285 0.448436
    outer loop
      vertex 2.35289 -28.4968 3.26036
      vertex 0.802905 -28.1456 0.922079
      vertex 0.952893 -28.4968 0.835484
    endloop
  endfacet
  facet normal -0.776724 -0.442266 0.448443
    outer loop
      vertex 0.802905 -28.1456 0.922079
      vertex 2.35289 -28.4968 3.26036
      vertex 2.20291 -28.1456 3.34695
    endloop
  endfacet
  facet normal -0.438466 -0.254217 -0.862045
    outer loop
      vertex -8.08563 -27.9561 -58.6565
      vertex -8.17926 -27.5803 -58.7197
      vertex -8.11423 -27.5653 -58.7572
    endloop
  endfacet
  facet normal -0.0566179 -0.997861 0.0326883
    outer loop
      vertex 2.85969 -29.968 -0.265403
      vertex 4.59808 -29.9936 1.9641
      vertex 4.25969 -29.968 2.15947
    endloop
  endfacet
  facet normal -0.0566179 -0.997861 0.0326883
    outer loop
      vertex 4.59808 -29.9936 1.9641
      vertex 2.85969 -29.968 -0.265403
      vertex 3.19808 -29.9936 -0.460773
    endloop
  endfacet
  facet normal -0.313162 -0.70632 -0.634855
    outer loop
      vertex -7.76326 -29.2555 -57.8464
      vertex -7.902 -28.978 -58.0867
      vertex -7.6784 -28.9611 -58.2158
    endloop
  endfacet
  facet normal 0.411796 -0.824437 -0.388238
    outer loop
      vertex -5.29412 -29.375 -57.2144
      vertex -5.57608 -29.5925 -57.0516
      vertex -5.51565 -29.3343 -57.5358
    endloop
  endfacet
  facet normal -0.00896187 -0.98937 -0.145141
    outer loop
      vertex -6.87234 -29.9936 -56.3032
      vertex -7.06687 -29.9424 -56.6402
      vertex -6.53395 -29.968 -56.4986
    endloop
  endfacet
  facet normal -0.0349864 0.90637 -0.421034
    outer loop
      vertex -6.83458 29.5989 -57.6306
      vertex -6.93528 29.8165 -57.1538
      vertex -6.61965 29.744 -57.3361
    endloop
  endfacet
  facet normal 0.240722 0.866428 -0.437441
    outer loop
      vertex -5.79279 29.5482 -57.3758
      vertex -6.31492 29.6245 -57.512
      vertex -6.09174 29.7184 -57.2032
    endloop
  endfacet
  facet normal -0.129467 0.965895 -0.224244
    outer loop
      vertex -7.06687 29.9424 -56.6402
      vertex -9.85448 29.8408 -55.4684
      vertex -9.66495 29.9424 -55.1402
    endloop
  endfacet
  facet normal -0.129467 0.965895 -0.224244
    outer loop
      vertex -9.85448 29.8408 -55.4684
      vertex -7.06687 29.9424 -56.6402
      vertex -7.2564 29.8408 -56.9684
    endloop
  endfacet
  facet normal 0.210942 0.93884 -0.272181
    outer loop
      vertex -5.88023 29.7657 -56.876
      vertex -6.40736 29.8421 -57.021
      vertex -6.20135 29.8916 -56.6906
    endloop
  endfacet
  facet normal 0.102409 0.972422 -0.209541
    outer loop
      vertex -6.40736 29.8421 -57.021
      vertex -6.53395 29.968 -56.4986
      vertex -6.20135 29.8916 -56.6906
    endloop
  endfacet
  facet normal 0.240721 0.86643 -0.437439
    outer loop
      vertex -6.0263 29.4602 -57.6786
      vertex -6.31492 29.6245 -57.512
      vertex -5.79279 29.5482 -57.3758
    endloop
  endfacet
  facet normal 0.267905 0.441023 -0.856578
    outer loop
      vertex -6.07162 28.1278 -58.823
      vertex -6.21357 28.3731 -58.7411
      vertex -5.73678 28.2472 -58.6568
    endloop
  endfacet
  facet normal 0.500993 0.745547 -0.439505
    outer loop
      vertex -5.26505 29.0806 -57.6805
      vertex -5.51565 29.3343 -57.5358
      vertex -5.03916 29.1168 -57.3616
    endloop
  endfacet
  facet normal 0.566898 -0.297127 -0.768337
    outer loop
      vertex -4.98347 -28.0871 -58.2807
      vertex -5.2849 -28.0297 -58.5253
      vertex -5.18692 -27.6964 -58.5819
    endloop
  endfacet
  facet normal 0.607665 -0.060338 -0.791898
    outer loop
      vertex -4.81725 -27.3708 -58.3767
      vertex -5.10753 -27 -58.6277
      vertex -4.7962 -27 -58.3888
    endloop
  endfacet
  facet normal 0.0780213 -0.660228 -0.747002
    outer loop
      vertex -6.52748 -29.1602 -58.2003
      vertex -6.57414 -28.7894 -58.5329
      vertex -6.29253 -28.9789 -58.336
    endloop
  endfacet
  facet normal 0.258436 0.0461337 -0.964926
    outer loop
      vertex -5.80992 27 -58.9741
      vertex -6.20362 27.2582 -59.0672
      vertex -5.82663 27.2944 -58.9645
    endloop
  endfacet
  facet normal 0.130371 -0.0397358 -0.990669
    outer loop
      vertex -6.18897 -27 -59.0757
      vertex -6.59037 -27.2175 -59.1198
      vertex -6.57803 -27 -59.1269
    endloop
  endfacet
  facet normal 0.705591 0.0631995 -0.705795
    outer loop
      vertex -4.51872 27 -58.1114
      vertex -4.7962 27 -58.3888
      vertex -4.54052 27.3841 -58.0988
    endloop
  endfacet
  facet normal 0.748015 0.318583 -0.582219
    outer loop
      vertex -4.60554 27.7615 -58.0612
      vertex -4.71268 28.126 -57.9994
      vertex -4.47717 28.1456 -57.6861
    endloop
  endfacet
  facet normal 0.499313 0.056486 -0.864579
    outer loop
      vertex -5.44737 27 -58.8239
      vertex -5.46585 27.3256 -58.8133
      vertex -5.12746 27.3512 -58.6162
    endloop
  endfacet
  facet normal 0.70501 0.43849 -0.557393
    outer loop
      vertex -4.71268 28.126 -57.9994
      vertex -4.8601 28.4712 -57.9143
      vertex -4.47717 28.1456 -57.6861
    endloop
  endfacet
  facet normal 0.747943 -0.318657 -0.58227
    outer loop
      vertex -4.47717 -28.1456 -57.6861
      vertex -4.60554 -27.7615 -58.0612
      vertex -4.36816 -27.7748 -57.749
    endloop
  endfacet
  facet normal 0.777014 -0.193394 -0.599039
    outer loop
      vertex -4.36816 -27.7748 -57.749
      vertex -4.60554 -27.7615 -58.0612
      vertex -4.30201 -27.3907 -57.7872
    endloop
  endfacet
  facet normal 0.921907 -0.0649064 -0.381935
    outer loop
      vertex 24.5666 -27 -7.73419
      vertex 24.3942 -27.3907 -8.08393
      vertex 24.4164 -27 -8.09674
    endloop
  endfacet
  facet normal 0.948931 -0.296607 -0.107495
    outer loop
      vertex 24.4913 -28.0773 -7.18137
      vertex 24.4808 -28.0871 -7.24702
      vertex 24.5263 -27.9754 -7.15357
    endloop
  endfacet
  facet normal -0.191374 -0.923852 -0.331471
    outer loop
      vertex -10.0357 -29.6906 -55.7824
      vertex -7.2564 -29.8408 -56.9684
      vertex -9.85448 -29.8408 -55.4684
    endloop
  endfacet
  facet normal -0.191366 -0.923862 -0.331449
    outer loop
      vertex -7.2564 -29.8408 -56.9684
      vertex -10.0357 -29.6906 -55.7824
      vertex -7.43767 -29.6906 -57.2824
    endloop
  endfacet
  facet normal -0.0828837 -0.751895 -0.654052
    outer loop
      vertex -7.04848 -29.4094 -57.8995
      vertex -7.25769 -29.1787 -58.1382
      vertex -6.78091 -29.3045 -58.054
    endloop
  endfacet
  facet normal 0.412139 -0.824316 -0.38813
    outer loop
      vertex -5.57608 -29.5925 -57.0516
      vertex -5.79279 -29.5482 -57.3758
      vertex -5.51565 -29.3343 -57.5358
    endloop
  endfacet
  facet normal 0.70501 -0.43849 -0.557393
    outer loop
      vertex -4.47717 -28.1456 -57.6861
      vertex -4.8601 -28.4712 -57.9143
      vertex -4.71268 -28.126 -57.9994
    endloop
  endfacet
  facet normal 0 -0.0326263 -0.999468
    outer loop
      vertex -6.59037 -27.2175 -59.1198
      vertex -6.97045 -27 -59.1269
      vertex -6.57803 -27 -59.1269
    endloop
  endfacet
  facet normal 0.500018 -0.636846 -0.586864
    outer loop
      vertex -5.26505 -29.0806 -57.6805
      vertex -5.30459 -28.7294 -58.0953
      vertex -5.04528 -28.7912 -57.8073
    endloop
  endfacet
  facet normal 0.31458 -0.57111 -0.758204
    outer loop
      vertex -5.79001 -28.9026 -58.2337
      vertex -6.08008 -28.7638 -58.4586
      vertex -5.58904 -28.6379 -58.3497
    endloop
  endfacet
  facet normal 0.382742 0 -0.923855
    outer loop
      vertex -5.80992 -27 -58.9741
      vertex -5.44737 27 -58.8239
      vertex -5.44737 -27 -58.8239
    endloop
  endfacet
  facet normal 0.382742 0 -0.923855
    outer loop
      vertex -5.44737 27 -58.8239
      vertex -5.80992 -27 -58.9741
      vertex -5.80992 27 -58.9741
    endloop
  endfacet
  facet normal 0.499313 -0.056486 -0.864579
    outer loop
      vertex -5.12746 -27.3512 -58.6162
      vertex -5.46585 -27.3256 -58.8133
      vertex -5.44737 -27 -58.8239
    endloop
  endfacet
  facet normal 0.267905 -0.441023 -0.856578
    outer loop
      vertex -5.73678 -28.2472 -58.6568
      vertex -6.21357 -28.3731 -58.7411
      vertex -6.07162 -28.1278 -58.823
    endloop
  endfacet
  facet normal 0.0426782 -0.338723 -0.939918
    outer loop
      vertex -6.54296 -28.2042 -58.8713
      vertex -6.77141 -27.8334 -59.0153
      vertex -6.41847 -27.989 -58.9432
    endloop
  endfacet
  facet normal 0.593951 -0.180213 -0.784057
    outer loop
      vertex -4.81725 -27.3708 -58.3767
      vertex -5.18692 -27.6964 -58.5819
      vertex -5.12746 -27.3512 -58.6162
    endloop
  endfacet
  facet normal 0.460991 -0.278595 -0.842539
    outer loop
      vertex -5.2849 -28.0297 -58.5253
      vertex -5.61181 -27.9546 -58.729
      vertex -5.18692 -27.6964 -58.5819
    endloop
  endfacet
  facet normal -0.281531 -0.114655 -0.952678
    outer loop
      vertex -7.47139 -27.4822 -59.0111
      vertex -7.80646 -27.2926 -58.9349
      vertex -7.42308 -27.369 -59.039
    endloop
  endfacet
  facet normal -0.393954 -0.0576098 -0.917323
    outer loop
      vertex -7.80646 -27.2926 -58.9349
      vertex -8.12387 -27.0981 -58.8108
      vertex -7.77714 -27.224 -58.9518
    endloop
  endfacet
  facet normal -0.0221452 -0.160945 -0.986715
    outer loop
      vertex -6.6879 -27.6378 -59.0635
      vertex -7.05792 -27.5078 -59.0764
      vertex -7.0096 -27.3434 -59.1043
    endloop
  endfacet
  facet normal -0.296459 -0.144504 -0.94405
    outer loop
      vertex -7.53208 -27.587 -58.976
      vertex -7.80646 -27.2926 -58.9349
      vertex -7.47139 -27.4822 -59.0111
    endloop
  endfacet
  facet normal -0.0220481 -0.160841 -0.986734
    outer loop
      vertex -6.6879 -27.6378 -59.0635
      vertex -7.0096 -27.3434 -59.1043
      vertex -6.62721 -27.4314 -59.0985
    endloop
  endfacet
  facet normal 0.253636 0.768444 -0.587505
    outer loop
      vertex -6.01917 29.1346 -58.1014
      vertex -6.2726 29.3301 -57.9551
      vertex -6.0263 29.4602 -57.6786
    endloop
  endfacet
  facet normal 0.0780213 0.660228 -0.747002
    outer loop
      vertex -6.29253 28.9789 -58.336
      vertex -6.57414 28.7894 -58.5329
      vertex -6.52748 29.1602 -58.2003
    endloop
  endfacet
  facet normal -0.138692 0.92219 -0.361012
    outer loop
      vertex -7.13352 29.6676 -57.458
      vertex -7.43767 29.6906 -57.2824
      vertex -6.93528 29.8165 -57.1538
    endloop
  endfacet
  facet normal -0.200593 0.864674 -0.460545
    outer loop
      vertex -7.32563 29.4731 -57.7395
      vertex -7.60759 29.4944 -57.5767
      vertex -7.13352 29.6676 -57.458
    endloop
  endfacet
  facet normal 0.374457 0.481344 -0.792521
    outer loop
      vertex -5.73678 28.2472 -58.6568
      vertex -5.89377 28.5185 -58.5662
      vertex -5.58904 28.6379 -58.3497
    endloop
  endfacet
  facet normal -0.25887 0.0167698 -0.965767
    outer loop
      vertex -7.35951 27 -59.0757
      vertex -7.73855 27 -58.9741
      vertex -7.36665 27.1259 -59.0716
    endloop
  endfacet
  facet normal 0.820068 0.321433 -0.473466
    outer loop
      vertex 24.328 27.7748 -8.04574
      vertex -4.47717 28.1456 -57.6861
      vertex 24.219 28.1456 -7.9828
    endloop
  endfacet
  facet normal 0.820075 0.321407 -0.47347
    outer loop
      vertex -4.47717 28.1456 -57.6861
      vertex 24.328 27.7748 -8.04574
      vertex -4.36816 27.7748 -57.749
    endloop
  endfacet
  facet normal 0.921884 0.0648338 -0.382004
    outer loop
      vertex 24.5666 27 -7.73419
      vertex 24.3942 27.3907 -8.08393
      vertex 24.5448 27.3841 -7.72161
    endloop
  endfacet
  facet normal 0.907174 0.19365 -0.373544
    outer loop
      vertex 24.5448 27.3841 -7.72161
      vertex 24.3942 27.3907 -8.08393
      vertex 24.4797 27.7615 -7.68406
    endloop
  endfacet
  facet normal 0.949672 0.188494 -0.250185
    outer loop
      vertex 24.6471 27.3708 -7.34299
      vertex 24.4797 27.7615 -7.68406
      vertex 24.5843 27.7353 -7.30675
    endloop
  endfacet
  facet normal 0.98964 0.0605193 -0.13019
    outer loop
      vertex 24.7116 27.0398 -7.00656
      vertex 24.6471 27.3708 -7.34299
      vertex 24.6901 27.3547 -7.02361
    endloop
  endfacet
  facet normal 0.989644 0.0600945 -0.130361
    outer loop
      vertex 24.6681 27 -7.35514
      vertex 24.7116 27.0398 -7.00656
      vertex 24.7143 27 -7.00441
    endloop
  endfacet
  facet normal 0.989627 0.0603191 -0.130385
    outer loop
      vertex 24.7116 27.0398 -7.00656
      vertex 24.6681 27 -7.35514
      vertex 24.6471 27.3708 -7.34299
    endloop
  endfacet
  facet normal 0.921284 0.310743 -0.233826
    outer loop
      vertex 24.5843 27.7353 -7.30675
      vertex 24.4797 27.7615 -7.68406
      vertex 24.4808 28.0871 -7.24702
    endloop
  endfacet
  facet normal 0.710721 0.653552 -0.260277
    outer loop
      vertex 23.8806 28.8224 -7.78743
      vertex 23.7921 28.939 -7.73631
      vertex 23.9645 28.806 -7.59951
    endloop
  endfacet
  facet normal 0.98964 -0.0605193 -0.13019
    outer loop
      vertex 24.6901 -27.3547 -7.02361
      vertex 24.6471 -27.3708 -7.34299
      vertex 24.7116 -27.0398 -7.00656
    endloop
  endfacet
  facet normal 0.778917 -0.550946 -0.299579
    outer loop
      vertex 24.0465 -28.7253 -7.53441
      vertex 24.2252 -28.4712 -7.53709
      vertex 24.1198 -28.6533 -7.47624
    endloop
  endfacet
  facet normal 0.778983 -0.55099 -0.299326
    outer loop
      vertex 24.2252 -28.4712 -7.53709
      vertex 24.0465 -28.7253 -7.53441
      vertex 24.0691 -28.4968 -7.89621
    endloop
  endfacet
  facet normal 0.820068 -0.321433 -0.473466
    outer loop
      vertex -4.47717 -28.1456 -57.6861
      vertex 24.328 -27.7748 -8.04574
      vertex 24.219 -28.1456 -7.9828
    endloop
  endfacet
  facet normal 0.820075 -0.321407 -0.47347
    outer loop
      vertex 24.328 -27.7748 -8.04574
      vertex -4.47717 -28.1456 -57.6861
      vertex -4.36816 -27.7748 -57.749
    endloop
  endfacet
  facet normal -0.651115 -0.659343 0.375921
    outer loop
      vertex 1.1413 -28.8224 0.726709
      vertex 2.76489 -29.1168 3.02249
      vertex 2.5413 -28.8224 3.15158
    endloop
  endfacet
  facet normal -0.651114 -0.659344 0.37592
    outer loop
      vertex 2.76489 -29.1168 3.02249
      vertex 1.1413 -28.8224 0.726709
      vertex 1.36489 -29.1168 0.597617
    endloop
  endfacet
  facet normal -0.72008 -0.555559 0.415738
    outer loop
      vertex 2.5413 -28.8224 3.15158
      vertex 0.952893 -28.4968 0.835484
      vertex 1.1413 -28.8224 0.726709
    endloop
  endfacet
  facet normal -0.720076 -0.555568 0.415734
    outer loop
      vertex 0.952893 -28.4968 0.835484
      vertex 2.5413 -28.8224 3.15158
      vertex 2.35289 -28.4968 3.26036
    endloop
  endfacet
  facet normal -0.432486 -0.108567 -0.895081
    outer loop
      vertex -7.99198 -27.5069 -58.8278
      vertex -8.18606 -27.1699 -58.7749
      vertex -7.93686 -27.4643 -58.8596
    endloop
  endfacet
  facet normal -0.191582 -0.416364 -0.888784
    outer loop
      vertex -7.29973 -28.4434 -58.7102
      vertex -7.545 -28.1491 -58.7952
      vertex -7.42002 -28.0527 -58.8673
    endloop
  endfacet
  facet normal -0.404556 -0.499912 -0.765782
    outer loop
      vertex -8.02144 -28.6667 -58.2935
      vertex -8.11954 -28.3269 -58.4635
      vertex -7.83304 -28.6525 -58.4023
    endloop
  endfacet
  facet normal -0.396708 -0.608673 -0.687124
    outer loop
      vertex -10.5001 -28.978 -56.5867
      vertex -8.02144 -28.6667 -58.2935
      vertex -7.902 -28.978 -58.0867
    endloop
  endfacet
  facet normal -0.396725 -0.608641 -0.687143
    outer loop
      vertex -8.02144 -28.6667 -58.2935
      vertex -10.5001 -28.978 -56.5867
      vertex -10.6195 -28.6667 -56.7935
    endloop
  endfacet
  facet normal -0.0652279 -0.991454 -0.112978
    outer loop
      vertex -9.66495 -29.9424 -55.1402
      vertex -6.87234 -29.9936 -56.3032
      vertex -9.47042 -29.9936 -54.8032
    endloop
  endfacet
  facet normal -0.0652279 -0.991454 -0.112978
    outer loop
      vertex -6.87234 -29.9936 -56.3032
      vertex -9.66495 -29.9424 -55.1402
      vertex -7.06687 -29.9424 -56.6402
    endloop
  endfacet
  facet normal 0.210915 -0.93888 -0.272065
    outer loop
      vertex -5.88023 -29.7657 -56.876
      vertex -6.40736 -29.8421 -57.021
      vertex -6.09174 -29.7184 -57.2032
    endloop
  endfacet
  facet normal -0.258985 -0.792275 -0.552474
    outer loop
      vertex -7.32563 -29.4731 -57.7395
      vertex -7.76326 -29.2555 -57.8464
      vertex -7.50829 -29.2362 -57.9936
    endloop
  endfacet
  facet normal -0.155983 -0.670311 -0.725502
    outer loop
      vertex -7.01574 -29.0838 -58.2779
      vertex -7.25769 -29.1787 -58.1382
      vertex -7.24645 -28.8275 -58.4651
    endloop
  endfacet
  facet normal 0.107649 -0.46683 -0.877771
    outer loop
      vertex -6.38204 -28.5949 -58.6438
      vertex -6.6907 -28.3987 -58.786
      vertex -6.21357 -28.3731 -58.7411
    endloop
  endfacet
  facet normal 0.0340366 -0.947495 -0.317955
    outer loop
      vertex -6.73427 -29.9172 -56.8322
      vertex -6.93528 -29.8165 -57.1538
      vertex -6.40736 -29.8421 -57.021
    endloop
  endfacet
  facet normal 0.948811 -0.297275 -0.106703
    outer loop
      vertex 24.5263 -27.9754 -7.15357
      vertex 24.5843 -27.7353 -7.30675
      vertex 24.6167 -27.7126 -7.08189
    endloop
  endfacet
  facet normal 0.948821 -0.297255 -0.106667
    outer loop
      vertex 24.5843 -27.7353 -7.30675
      vertex 24.5263 -27.9754 -7.15357
      vertex 24.4808 -28.0871 -7.24702
    endloop
  endfacet
  facet normal -0.481063 0.831527 0.277743
    outer loop
      vertex 3.30182 29.5925 2.71249
      vertex 1.61985 29.375 0.450414
      vertex 3.01986 29.375 2.87529
    endloop
  endfacet
  facet normal -0.481058 0.831531 0.277739
    outer loop
      vertex 1.61985 29.375 0.450414
      vertex 3.30182 29.5925 2.71249
      vertex 1.90182 29.5925 0.287621
    endloop
  endfacet
  facet normal 0.0340248 0.94751 -0.317911
    outer loop
      vertex -6.61965 29.744 -57.3361
      vertex -6.93528 29.8165 -57.1538
      vertex -6.40736 29.8421 -57.021
    endloop
  endfacet
  facet normal 0.0340366 0.947495 -0.317955
    outer loop
      vertex -6.40736 29.8421 -57.021
      vertex -6.93528 29.8165 -57.1538
      vertex -6.73427 29.9172 -56.8322
    endloop
  endfacet
  facet normal 0.278451 0.9469 -0.160764
    outer loop
      vertex 22.2179 29.7657 -8.20869
      vertex -6.20135 29.8916 -56.6906
      vertex 21.8968 29.8916 -8.0233
    endloop
  endfacet
  facet normal 0.278436 0.946906 -0.160755
    outer loop
      vertex -6.20135 29.8916 -56.6906
      vertex 22.2179 29.7657 -8.20869
      vertex -5.88023 29.7657 -56.876
    endloop
  endfacet
  facet normal 0.335666 0.803124 -0.49226
    outer loop
      vertex -5.51565 29.3343 -57.5358
      vertex -6.0263 29.4602 -57.6786
      vertex -5.79279 29.5482 -57.3758
    endloop
  endfacet
  facet normal 0.314639 0.889278 -0.331944
    outer loop
      vertex -5.79279 29.5482 -57.3758
      vertex -6.09174 29.7184 -57.2032
      vertex -5.88023 29.7657 -56.876
    endloop
  endfacet
  facet normal 0.566301 0.536828 -0.625395
    outer loop
      vertex -4.8601 28.4712 -57.9143
      vertex -5.1258 28.4204 -58.1985
      vertex -5.04528 28.7912 -57.8073
    endloop
  endfacet
  facet normal 0.500018 0.636846 -0.586864
    outer loop
      vertex -5.04528 28.7912 -57.8073
      vertex -5.30459 28.7294 -58.0953
      vertex -5.26505 29.0806 -57.6805
    endloop
  endfacet
  facet normal 0.486497 0.168971 -0.857187
    outer loop
      vertex -5.12746 27.3512 -58.6162
      vertex -5.46585 27.3256 -58.8133
      vertex -5.18692 27.6964 -58.5819
    endloop
  endfacet
  facet normal 0.382229 0.0517302 -0.922618
    outer loop
      vertex -5.44737 27 -58.8239
      vertex -5.80992 27 -58.9741
      vertex -5.46585 27.3256 -58.8133
    endloop
  endfacet
  facet normal 0.247953 0.138134 -0.958873
    outer loop
      vertex -5.82663 27.2944 -58.9645
      vertex -6.20362 27.2582 -59.0672
      vertex -5.87648 27.5838 -58.9357
    endloop
  endfacet
  facet normal 0.130474 0 -0.991452
    outer loop
      vertex -6.57803 -27 -59.1269
      vertex -6.18897 27 -59.0757
      vertex -6.18897 -27 -59.0757
    endloop
  endfacet
  facet normal 0.130474 0 -0.991452
    outer loop
      vertex -6.18897 27 -59.0757
      vertex -6.57803 -27 -59.1269
      vertex -6.57803 27 -59.1269
    endloop
  endfacet
  facet normal -0.25887 -0.0167698 -0.965767
    outer loop
      vertex -7.36665 -27.1259 -59.0716
      vertex -7.73855 -27 -58.9741
      vertex -7.35951 -27 -59.0757
    endloop
  endfacet
  facet normal -0.130433 -0.0252155 -0.991136
    outer loop
      vertex -6.98028 -27.1732 -59.1212
      vertex -7.35951 -27 -59.0757
      vertex -6.97045 -27 -59.1269
    endloop
  endfacet
  facet normal -0.0828364 0.751796 -0.654171
    outer loop
      vertex -7.01574 29.0838 -58.2779
      vertex -7.25769 29.1787 -58.1382
      vertex -6.78091 29.3045 -58.054
    endloop
  endfacet
  facet normal -0.29311 0.597831 -0.746113
    outer loop
      vertex -7.64786 28.6099 -58.5092
      vertex -7.6784 28.9611 -58.2158
      vertex -7.45863 28.9106 -58.3426
    endloop
  endfacet
  facet normal 0.526862 0.408772 -0.745199
    outer loop
      vertex -4.98347 28.0871 -58.2807
      vertex -5.2849 28.0297 -58.5253
      vertex -5.1258 28.4204 -58.1985
    endloop
  endfacet
  facet normal 0.777014 0.193394 -0.599039
    outer loop
      vertex -4.30201 27.3907 -57.7872
      vertex -4.60554 27.7615 -58.0612
      vertex -4.36816 27.7748 -57.749
    endloop
  endfacet
  facet normal 0.651206 0.659155 -0.376092
    outer loop
      vertex 23.8806 28.8224 -7.78743
      vertex 23.4598 29.1168 -8.00007
      vertex 23.7921 28.939 -7.73631
    endloop
  endfacet
  facet normal 0.651198 0.659233 -0.375969
    outer loop
      vertex -4.81556 28.8224 -57.4907
      vertex 23.4598 29.1168 -8.00007
      vertex 23.8806 28.8224 -7.78743
    endloop
  endfacet
  facet normal 0.651099 0.659362 -0.375913
    outer loop
      vertex 23.4598 29.1168 -8.00007
      vertex -4.81556 28.8224 -57.4907
      vertex -5.03916 29.1168 -57.3616
    endloop
  endfacet
  facet normal 0.411796 0.824437 -0.388238
    outer loop
      vertex -5.51565 29.3343 -57.5358
      vertex -5.57608 29.5925 -57.0516
      vertex -5.29412 29.375 -57.2144
    endloop
  endfacet
  facet normal -0.146848 -0.376681 -0.914629
    outer loop
      vertex -7.00079 -28.1785 -58.8828
      vertex -7.42002 -28.0527 -58.8673
      vertex -7.30701 -27.9382 -58.9326
    endloop
  endfacet
  facet normal -0.404319 -0.499747 -0.766015
    outer loop
      vertex -7.83304 -28.6525 -58.4023
      vertex -8.11954 -28.3269 -58.4635
      vertex -7.96956 -28.3155 -58.5501
    endloop
  endfacet
  facet normal -0.200558 -0.864637 -0.460629
    outer loop
      vertex -7.43767 -29.6906 -57.2824
      vertex -7.60759 -29.4944 -57.5767
      vertex -7.13352 -29.6676 -57.458
    endloop
  endfacet
  facet normal -0.162672 -0.546698 -0.821377
    outer loop
      vertex -7.24645 -28.8275 -58.4651
      vertex -7.46907 -28.5398 -58.6125
      vertex -7.29973 -28.4434 -58.7102
    endloop
  endfacet
  facet normal 0.167233 -0.720467 -0.673024
    outer loop
      vertex -6.01917 -29.1346 -58.1014
      vertex -6.52748 -29.1602 -58.2003
      vertex -6.29253 -28.9789 -58.336
    endloop
  endfacet
  facet normal 0.196617 -0.313153 -0.929127
    outer loop
      vertex -6.07162 -28.1278 -58.823
      vertex -6.31936 -27.757 -59.0004
      vertex -5.95861 -27.8631 -58.8883
    endloop
  endfacet
  facet normal 0.374457 -0.481344 -0.792521
    outer loop
      vertex -5.58904 -28.6379 -58.3497
      vertex -5.89377 -28.5185 -58.5662
      vertex -5.73678 -28.2472 -58.6568
    endloop
  endfacet
  facet normal 0.245182 -0.651409 -0.718019
    outer loop
      vertex -6.01917 -29.1346 -58.1014
      vertex -6.29253 -28.9789 -58.336
      vertex -6.08008 -28.7638 -58.4586
    endloop
  endfacet
  facet normal 0.499652 -0.637026 -0.586981
    outer loop
      vertex -5.26505 -29.0806 -57.6805
      vertex -5.51677 -29.0087 -57.9728
      vertex -5.30459 -28.7294 -58.0953
    endloop
  endfacet
  facet normal -0.24998 -0.866053 -0.43297
    outer loop
      vertex -10.2057 -29.4944 -56.0767
      vertex -7.43767 -29.6906 -57.2824
      vertex -10.0357 -29.6906 -55.7824
    endloop
  endfacet
  facet normal -0.249996 -0.866027 -0.433011
    outer loop
      vertex -7.43767 -29.6906 -57.2824
      vertex -10.2057 -29.4944 -56.0767
      vertex -7.60759 -29.4944 -57.5767
    endloop
  endfacet
  facet normal 0.748015 -0.318583 -0.582219
    outer loop
      vertex -4.47717 -28.1456 -57.6861
      vertex -4.71268 -28.126 -57.9994
      vertex -4.60554 -27.7615 -58.0612
    endloop
  endfacet
  facet normal 0.621138 -0.42723 -0.657011
    outer loop
      vertex -4.8601 -28.4712 -57.9143
      vertex -4.98347 -28.0871 -58.2807
      vertex -4.71268 -28.126 -57.9994
    endloop
  endfacet
  facet normal 0.566574 -0.53666 -0.625292
    outer loop
      vertex -5.04528 -28.7912 -57.8073
      vertex -5.30459 -28.7294 -58.0953
      vertex -5.1258 -28.4204 -58.1985
    endloop
  endfacet
  facet normal 0.258436 -0.0461337 -0.964926
    outer loop
      vertex -5.82663 -27.2944 -58.9645
      vertex -6.20362 -27.2582 -59.0672
      vertex -5.80992 -27 -58.9741
    endloop
  endfacet
  facet normal 0.000164926 -0.712076 -0.702102
    outer loop
      vertex -6.52748 -29.1602 -58.2003
      vertex -7.01574 -29.0838 -58.2779
      vertex -6.78659 -28.9533 -58.4102
    endloop
  endfacet
  facet normal -0.162994 -0.5467 -0.821311
    outer loop
      vertex -7.24645 -28.8275 -58.4651
      vertex -7.29973 -28.4434 -58.7102
      vertex -7.04548 -28.713 -58.5812
    endloop
  endfacet
  facet normal 0.24813 -0.137949 -0.958854
    outer loop
      vertex -5.87648 -27.5838 -58.9357
      vertex -6.24734 -27.512 -59.042
      vertex -6.20362 -27.2582 -59.0672
    endloop
  endfacet
  facet normal -0.0074172 -0.0978214 -0.995176
    outer loop
      vertex -6.62721 -27.4314 -59.0985
      vertex -7.0096 -27.3434 -59.1043
      vertex -6.59037 -27.2175 -59.1198
    endloop
  endfacet
  facet normal 0.486497 -0.168971 -0.857187
    outer loop
      vertex -5.18692 -27.6964 -58.5819
      vertex -5.46585 -27.3256 -58.8133
      vertex -5.12746 -27.3512 -58.6162
    endloop
  endfacet
  facet normal 0.594044 -0.180388 -0.783947
    outer loop
      vertex -4.88003 -27.7353 -58.3404
      vertex -5.18692 -27.6964 -58.5819
      vertex -4.81725 -27.3708 -58.3767
    endloop
  endfacet
  facet normal -0.468308 -0.258757 -0.844827
    outer loop
      vertex -8.08563 -27.9561 -58.6565
      vertex -8.24541 -27.5853 -58.6815
      vertex -8.17926 -27.5803 -58.7197
    endloop
  endfacet
  facet normal -0.164041 -0.169727 -0.971742
    outer loop
      vertex -7.1244 -27.6634 -59.038
      vertex -7.42308 -27.369 -59.039
      vertex -7.05792 -27.5078 -59.0764
    endloop
  endfacet
  facet normal -0.147357 -0.123237 -0.981376
    outer loop
      vertex -7.05792 -27.5078 -59.0764
      vertex -7.42308 -27.369 -59.039
      vertex -7.0096 -27.3434 -59.1043
    endloop
  endfacet
  facet normal -0.00014749 -0.0328838 -0.999459
    outer loop
      vertex -6.59037 -27.2175 -59.1198
      vertex -6.98028 -27.1732 -59.1212
      vertex -6.97045 -27 -59.1269
    endloop
  endfacet
  facet normal -0.136459 -0.0755079 -0.987764
    outer loop
      vertex -7.0096 -27.3434 -59.1043
      vertex -7.38796 -27.2496 -59.0592
      vertex -7.36665 -27.1259 -59.0716
    endloop
  endfacet
  facet normal 0.130521 -0.0400176 -0.990638
    outer loop
      vertex -6.20362 -27.2582 -59.0672
      vertex -6.59037 -27.2175 -59.1198
      vertex -6.18897 -27 -59.0757
    endloop
  endfacet
  facet normal 0.103623 -0.195829 -0.975148
    outer loop
      vertex -6.31936 -27.757 -59.0004
      vertex -6.6879 -27.6378 -59.0635
      vertex -6.62721 -27.4314 -59.0985
    endloop
  endfacet
  facet normal 0.2589 0 -0.965904
    outer loop
      vertex -6.18897 -27 -59.0757
      vertex -5.80992 27 -58.9741
      vertex -5.80992 -27 -58.9741
    endloop
  endfacet
  facet normal 0.2589 0 -0.965904
    outer loop
      vertex -5.80992 27 -58.9741
      vertex -6.18897 -27 -59.0757
      vertex -6.18897 27 -59.0757
    endloop
  endfacet
  facet normal 0.486234 -0.16923 -0.857285
    outer loop
      vertex -5.18692 -27.6964 -58.5819
      vertex -5.52098 -27.6456 -58.7814
      vertex -5.46585 -27.3256 -58.8133
    endloop
  endfacet
  facet normal 0.460902 -0.278379 -0.842659
    outer loop
      vertex -5.18692 -27.6964 -58.5819
      vertex -5.61181 -27.9546 -58.729
      vertex -5.52098 -27.6456 -58.7814
    endloop
  endfacet
  facet normal -0.482949 0.258932 -0.83649
    outer loop
      vertex -8.24541 27.5853 -58.6815
      vertex -10.7927 27.9643 -57.0935
      vertex -8.19463 27.9643 -58.5935
    endloop
  endfacet
  facet normal -0.482943 0.258956 -0.836486
    outer loop
      vertex -10.7927 27.9643 -57.0935
      vertex -8.24541 27.5853 -58.6815
      vertex -10.8435 27.5853 -57.1815
    endloop
  endfacet
  facet normal -0.49573 0.130386 -0.858634
    outer loop
      vertex -8.27102 27.1962 -58.7258
      vertex -10.8435 27.5853 -57.1815
      vertex -8.24541 27.5853 -58.6815
    endloop
  endfacet
  facet normal -0.495732 0.130373 -0.858634
    outer loop
      vertex -10.8435 27.5853 -57.1815
      vertex -8.27102 27.1962 -58.7258
      vertex -10.8691 27.1962 -57.2258
    endloop
  endfacet
  facet normal -0.169808 0.778726 -0.603947
    outer loop
      vertex -7.25769 29.1787 -58.1382
      vertex -7.50829 29.2362 -57.9936
      vertex -7.32563 29.4731 -57.7395
    endloop
  endfacet
  facet normal -0.200558 0.864637 -0.460629
    outer loop
      vertex -7.13352 29.6676 -57.458
      vertex -7.60759 29.4944 -57.5767
      vertex -7.43767 29.6906 -57.2824
    endloop
  endfacet
  facet normal -0.24998 0.866053 -0.43297
    outer loop
      vertex -7.43767 29.6906 -57.2824
      vertex -10.2057 29.4944 -56.0767
      vertex -10.0357 29.6906 -55.7824
    endloop
  endfacet
  facet normal -0.249996 0.866027 -0.433011
    outer loop
      vertex -10.2057 29.4944 -56.0767
      vertex -7.43767 29.6906 -57.2824
      vertex -7.60759 29.4944 -57.5767
    endloop
  endfacet
  facet normal 0.42231 0.726404 -0.54221
    outer loop
      vertex -5.26505 29.0806 -57.6805
      vertex -5.75872 29.2537 -57.8331
      vertex -5.51565 29.3343 -57.5358
    endloop
  endfacet
  facet normal 0.000164926 0.712076 -0.702102
    outer loop
      vertex -6.78659 28.9533 -58.4102
      vertex -7.01574 29.0838 -58.2779
      vertex -6.52748 29.1602 -58.2003
    endloop
  endfacet
  facet normal 0.347256 0.255166 -0.902388
    outer loop
      vertex -5.87648 27.5838 -58.9357
      vertex -5.95861 27.8632 -58.8883
      vertex -5.61181 27.9546 -58.729
    endloop
  endfacet
  facet normal -0.0439334 0.22131 -0.974213
    outer loop
      vertex -6.6879 27.6378 -59.0635
      vertex -7.1244 27.6634 -59.038
      vertex -6.77141 27.8334 -59.0153
    endloop
  endfacet
  facet normal -0.00836267 0.820506 -0.571577
    outer loop
      vertex -6.78091 29.3045 -58.054
      vertex -7.04848 29.4094 -57.8995
      vertex -6.83458 29.5989 -57.6306
    endloop
  endfacet
  facet normal 0.0662755 0.875147 -0.479296
    outer loop
      vertex -6.54596 29.4858 -57.7972
      vertex -6.83458 29.5989 -57.6306
      vertex -6.31492 29.6245 -57.512
    endloop
  endfacet
  facet normal 0.747943 0.318657 -0.58227
    outer loop
      vertex -4.36816 27.7748 -57.749
      vertex -4.60554 27.7615 -58.0612
      vertex -4.47717 28.1456 -57.6861
    endloop
  endfacet
  facet normal 0.964017 0.0630586 -0.258254
    outer loop
      vertex 24.6681 27 -7.35514
      vertex 24.5448 27.3841 -7.72161
      vertex 24.6471 27.3708 -7.34299
    endloop
  endfacet
  facet normal 0.94969 0.188689 -0.24997
    outer loop
      vertex 24.5448 27.3841 -7.72161
      vertex 24.4797 27.7615 -7.68406
      vertex 24.6471 27.3708 -7.34299
    endloop
  endfacet
  facet normal 0.835205 0.43847 -0.331929
    outer loop
      vertex 24.3726 28.126 -7.6222
      vertex 24.219 28.1456 -7.9828
      vertex 24.2252 28.4712 -7.53709
    endloop
  endfacet
  facet normal 0.879581 0.427201 -0.209373
    outer loop
      vertex 24.3726 28.126 -7.6222
      vertex 24.2252 28.4712 -7.53709
      vertex 24.4808 28.0871 -7.24702
    endloop
  endfacet
  facet normal 0.878196 -0.318584 -0.356757
    outer loop
      vertex 24.3726 -28.126 -7.6222
      vertex 24.219 -28.1456 -7.9828
      vertex 24.4797 -27.7615 -7.68406
    endloop
  endfacet
  facet normal 0.921284 -0.310743 -0.233826
    outer loop
      vertex 24.4808 -28.0871 -7.24702
      vertex 24.4797 -27.7615 -7.68406
      vertex 24.5843 -27.7353 -7.30675
    endloop
  endfacet
  facet normal 0.976024 -0.179942 -0.122469
    outer loop
      vertex 24.5843 -27.7353 -7.30675
      vertex 24.6423 -27.5876 -7.06153
      vertex 24.6167 -27.7126 -7.08189
    endloop
  endfacet
  facet normal 0.975985 -0.180307 -0.12224
    outer loop
      vertex 24.6423 -27.5876 -7.06153
      vertex 24.5843 -27.7353 -7.30675
      vertex 24.6471 -27.3708 -7.34299
    endloop
  endfacet
  facet normal -0.278436 -0.946906 0.160756
    outer loop
      vertex 2.20596 -29.7657 0.112023
      vertex 3.92709 -29.8916 2.3515
      vertex 3.60597 -29.7657 2.5369
    endloop
  endfacet
  facet normal -0.278436 -0.946906 0.160756
    outer loop
      vertex 3.92709 -29.8916 2.3515
      vertex 2.20596 -29.7657 0.112023
      vertex 2.52708 -29.8916 -0.0733753
    endloop
  endfacet
  facet normal -0.820066 -0.321437 0.473467
    outer loop
      vertex 2.20291 -28.1456 3.34695
      vertex 0.6939 -27.7748 0.985014
      vertex 0.802905 -28.1456 0.922079
    endloop
  endfacet
  facet normal -0.820062 -0.321453 0.473462
    outer loop
      vertex 0.6939 -27.7748 0.985014
      vertex 2.20291 -28.1456 3.34695
      vertex 2.0939 -27.7748 3.40989
    endloop
  endfacet
  facet normal -0.849389 -0.195069 0.490394
    outer loop
      vertex 2.0939 -27.7748 3.40989
      vertex 0.627741 -27.3907 1.02321
      vertex 0.6939 -27.7748 0.985014
    endloop
  endfacet
  facet normal -0.84939 -0.195063 0.490395
    outer loop
      vertex 0.627741 -27.3907 1.02321
      vertex 2.0939 -27.7748 3.40989
      vertex 2.02774 -27.3907 3.44808
    endloop
  endfacet
  facet normal -0.259055 -0.792348 -0.552336
    outer loop
      vertex -7.60759 -29.4944 -57.5767
      vertex -7.76326 -29.2555 -57.8464
      vertex -7.32563 -29.4731 -57.7395
    endloop
  endfacet
  facet normal -0.226771 -0.577301 -0.784409
    outer loop
      vertex -7.45863 -28.9106 -58.3426
      vertex -7.64786 -28.6099 -58.5092
      vertex -7.24645 -28.8275 -58.4651
    endloop
  endfacet
  facet normal -0.103081 -0.849822 -0.516892
    outer loop
      vertex -6.83458 -29.5989 -57.6306
      vertex -7.32563 -29.4731 -57.7395
      vertex -7.04848 -29.4094 -57.8995
    endloop
  endfacet
  facet normal 0.278451 -0.9469 -0.160764
    outer loop
      vertex -6.20135 -29.8916 -56.6906
      vertex 22.2179 -29.7657 -8.20869
      vertex 21.8968 -29.8916 -8.0233
    endloop
  endfacet
  facet normal 0.278436 -0.946906 -0.160755
    outer loop
      vertex 22.2179 -29.7657 -8.20869
      vertex -6.20135 -29.8916 -56.6906
      vertex -5.88023 -29.7657 -56.876
    endloop
  endfacet
  facet normal 0.0340248 -0.94751 -0.317911
    outer loop
      vertex -6.40736 -29.8421 -57.021
      vertex -6.93528 -29.8165 -57.1538
      vertex -6.61965 -29.744 -57.3361
    endloop
  endfacet
  facet normal 0.0822668 -0.777104 -0.623973
    outer loop
      vertex -6.2726 -29.3301 -57.9551
      vertex -6.78091 -29.3045 -58.054
      vertex -6.52748 -29.1602 -58.2003
    endloop
  endfacet
  facet normal -0.72008 0.555559 0.415738
    outer loop
      vertex 0.952893 28.4968 0.835484
      vertex 2.5413 28.8224 3.15158
      vertex 1.1413 28.8224 0.726709
    endloop
  endfacet
  facet normal -0.720076 0.555568 0.415734
    outer loop
      vertex 2.5413 28.8224 3.15158
      vertex 0.952893 28.4968 0.835484
      vertex 2.35289 28.4968 3.26036
    endloop
  endfacet
  facet normal -0.651115 0.659343 0.375921
    outer loop
      vertex 2.76489 29.1168 3.02249
      vertex 1.1413 28.8224 0.726709
      vertex 2.5413 28.8224 3.15158
    endloop
  endfacet
  facet normal -0.651114 0.659344 0.37592
    outer loop
      vertex 1.1413 28.8224 0.726709
      vertex 2.76489 29.1168 3.02249
      vertex 1.36489 29.1168 0.597617
    endloop
  endfacet
  facet normal 0.479873 0.832444 -0.277055
    outer loop
      vertex -5.29412 29.375 -57.2144
      vertex 22.7846 29.3899 -8.5359
      vertex 22.8323 29.375 -8.49805
    endloop
  endfacet
  facet normal 0.481064 0.831527 -0.277742
    outer loop
      vertex 22.7846 29.3899 -8.5359
      vertex -5.29412 29.375 -57.2144
      vertex -5.57608 29.5925 -57.0516
    endloop
  endfacet
  facet normal 0.481126 0.831479 -0.277778
    outer loop
      vertex 22.522 29.5925 -8.38429
      vertex 22.7846 29.3899 -8.5359
      vertex -5.57608 29.5925 -57.0516
    endloop
  endfacet
  facet normal 0.13967 0.914753 -0.379102
    outer loop
      vertex -6.31492 29.6245 -57.512
      vertex -6.40736 29.8421 -57.021
      vertex -6.09174 29.7184 -57.2032
    endloop
  endfacet
  facet normal 0.210915 0.93888 -0.272065
    outer loop
      vertex -6.09174 29.7184 -57.2032
      vertex -6.40736 29.8421 -57.021
      vertex -5.88023 29.7657 -56.876
    endloop
  endfacet
  facet normal 0.52688 0.40876 -0.745193
    outer loop
      vertex -5.2849 28.0297 -58.5253
      vertex -5.41971 28.3453 -58.4475
      vertex -5.1258 28.4204 -58.1985
    endloop
  endfacet
  facet normal 0.474475 0.513548 -0.714942
    outer loop
      vertex -5.41971 28.3453 -58.4475
      vertex -5.58904 28.6379 -58.3497
      vertex -5.1258 28.4204 -58.1985
    endloop
  endfacet
  facet normal 0.423279 0.383344 -0.820903
    outer loop
      vertex -5.61181 27.9546 -58.729
      vertex -5.73678 28.2472 -58.6568
      vertex -5.41971 28.3453 -58.4475
    endloop
  endfacet
  facet normal 0.705674 0.0630897 -0.705722
    outer loop
      vertex -4.7962 27 -58.3888
      vertex -4.81725 27.3708 -58.3767
      vertex -4.54052 27.3841 -58.0988
    endloop
  endfacet
  facet normal 0.370425 0.154948 -0.915848
    outer loop
      vertex -5.82663 27.2944 -58.9645
      vertex -5.87648 27.5838 -58.9357
      vertex -5.46585 27.3256 -58.8133
    endloop
  endfacet
  facet normal 0.38219 0.0517787 -0.922632
    outer loop
      vertex -5.80992 27 -58.9741
      vertex -5.82663 27.2944 -58.9645
      vertex -5.46585 27.3256 -58.8133
    endloop
  endfacet
  facet normal -0.00750711 -0.0975256 -0.995205
    outer loop
      vertex -6.59037 -27.2175 -59.1198
      vertex -7.0096 -27.3434 -59.1043
      vertex -6.98028 -27.1732 -59.1212
    endloop
  endfacet
  facet normal -0.163889 -0.169572 -0.971795
    outer loop
      vertex -7.1244 -27.6634 -59.038
      vertex -7.47139 -27.4822 -59.0111
      vertex -7.42308 -27.369 -59.039
    endloop
  endfacet
  facet normal -0.185604 -0.213017 -0.959258
    outer loop
      vertex -7.2079 -27.8077 -58.9898
      vertex -7.47139 -27.4822 -59.0111
      vertex -7.1244 -27.6634 -59.038
    endloop
  endfacet
  facet normal 0.663046 0.310389 -0.681196
    outer loop
      vertex -4.60554 27.7615 -58.0612
      vertex -4.98347 28.0871 -58.2807
      vertex -4.71268 28.126 -57.9994
    endloop
  endfacet
  facet normal 0.77708 0.193547 -0.598905
    outer loop
      vertex -4.54052 27.3841 -58.0988
      vertex -4.60554 27.7615 -58.0612
      vertex -4.30201 27.3907 -57.7872
    endloop
  endfacet
  facet normal 0.691353 0.188597 -0.697468
    outer loop
      vertex -4.54052 27.3841 -58.0988
      vertex -4.81725 27.3708 -58.3767
      vertex -4.60554 27.7615 -58.0612
    endloop
  endfacet
  facet normal 0.460991 0.278595 -0.842539
    outer loop
      vertex -5.18692 27.6964 -58.5819
      vertex -5.61181 27.9546 -58.729
      vertex -5.2849 28.0297 -58.5253
    endloop
  endfacet
  facet normal 0.648782 0.550841 -0.52503
    outer loop
      vertex -4.62716 28.4968 -57.5995
      vertex -5.04528 28.7912 -57.8073
      vertex -4.81556 28.8224 -57.4907
    endloop
  endfacet
  facet normal 0.648795 0.550959 -0.524889
    outer loop
      vertex -4.8601 28.4712 -57.9143
      vertex -5.04528 28.7912 -57.8073
      vertex -4.62716 28.4968 -57.5995
    endloop
  endfacet
  facet normal -0.0481504 -0.458013 -0.88764
    outer loop
      vertex -6.6907 -28.3987 -58.786
      vertex -7.14275 -28.3223 -58.8009
      vertex -7.00079 -28.1785 -58.8828
    endloop
  endfacet
  facet normal -0.146714 -0.376206 -0.914846
    outer loop
      vertex -7.14275 -28.3223 -58.8009
      vertex -7.42002 -28.0527 -58.8673
      vertex -7.00079 -28.1785 -58.8828
    endloop
  endfacet
  facet normal -0.354828 -0.362876 -0.861637
    outer loop
      vertex -7.82214 -28.2817 -58.6352
      vertex -7.97849 -27.9315 -58.7183
      vertex -7.87504 -27.8909 -58.778
    endloop
  endfacet
  facet normal -0.277184 -0.3186 -0.906456
    outer loop
      vertex -7.545 -28.1491 -58.7952
      vertex -7.77707 -27.8351 -58.8346
      vertex -7.42002 -28.0527 -58.8673
    endloop
  endfacet
  facet normal -0.29311 -0.597831 -0.746113
    outer loop
      vertex -7.45863 -28.9106 -58.3426
      vertex -7.6784 -28.9611 -58.2158
      vertex -7.64786 -28.6099 -58.5092
    endloop
  endfacet
  facet normal 0.0779292 -0.660239 -0.747002
    outer loop
      vertex -6.52748 -29.1602 -58.2003
      vertex -6.78659 -28.9533 -58.4102
      vertex -6.57414 -28.7894 -58.5329
    endloop
  endfacet
  facet normal -0.0819688 -0.634899 -0.768235
    outer loop
      vertex -7.01574 -29.0838 -58.2779
      vertex -7.24645 -28.8275 -58.4651
      vertex -6.78659 -28.9533 -58.4102
    endloop
  endfacet
  facet normal 0.000159149 -0.712094 -0.702084
    outer loop
      vertex -6.78091 -29.3045 -58.054
      vertex -7.01574 -29.0838 -58.2779
      vertex -6.52748 -29.1602 -58.2003
    endloop
  endfacet
  facet normal 0.267913 -0.441073 -0.85655
    outer loop
      vertex -5.89377 -28.5185 -58.5662
      vertex -6.21357 -28.3731 -58.7411
      vertex -5.73678 -28.2472 -58.6568
    endloop
  endfacet
  facet normal 0.474475 -0.513548 -0.714942
    outer loop
      vertex -5.1258 -28.4204 -58.1985
      vertex -5.58904 -28.6379 -58.3497
      vertex -5.41971 -28.3453 -58.4475
    endloop
  endfacet
  facet normal 0.213012 -0.523653 -0.824872
    outer loop
      vertex -6.08008 -28.7638 -58.4586
      vertex -6.38204 -28.5949 -58.6438
      vertex -6.21357 -28.3731 -58.7411
    endloop
  endfacet
  facet normal 0.156568 -0.393116 -0.906061
    outer loop
      vertex -6.21357 -28.3731 -58.7411
      vertex -6.54296 -28.2042 -58.8713
      vertex -6.07162 -28.1278 -58.823
    endloop
  endfacet
  facet normal 0.149473 -0.596913 -0.788259
    outer loop
      vertex -6.29253 -28.9789 -58.336
      vertex -6.57414 -28.7894 -58.5329
      vertex -6.08008 -28.7638 -58.4586
    endloop
  endfacet
  facet normal 0.107649 -0.466744 -0.877816
    outer loop
      vertex -6.21357 -28.3731 -58.7411
      vertex -6.6907 -28.3987 -58.786
      vertex -6.54296 -28.2042 -58.8713
    endloop
  endfacet
  facet normal 0.500993 -0.745547 -0.439505
    outer loop
      vertex -5.03916 -29.1168 -57.3616
      vertex -5.51565 -29.3343 -57.5358
      vertex -5.26505 -29.0806 -57.6805
    endloop
  endfacet
  facet normal 0.336731 -0.69493 -0.635362
    outer loop
      vertex -5.75872 -29.2537 -57.8331
      vertex -6.01917 -29.1346 -58.1014
      vertex -5.79001 -28.9026 -58.2337
    endloop
  endfacet
  facet normal 0.410793 -0.609475 -0.678077
    outer loop
      vertex -5.51677 -29.0087 -57.9728
      vertex -5.79001 -28.9026 -58.2337
      vertex -5.30459 -28.7294 -58.0953
    endloop
  endfacet
  facet normal 0.422315 -0.726303 -0.542341
    outer loop
      vertex -5.26505 -29.0806 -57.6805
      vertex -5.75872 -29.2537 -57.8331
      vertex -5.51677 -29.0087 -57.9728
    endloop
  endfacet
  facet normal 0.102371 -0.972424 -0.20955
    outer loop
      vertex -6.53395 -29.968 -56.4986
      vertex -6.73427 -29.9172 -56.8322
      vertex -6.40736 -29.8421 -57.021
    endloop
  endfacet
  facet normal -0.0347743 -0.906394 -0.421
    outer loop
      vertex -6.93528 -29.8165 -57.1538
      vertex -7.13352 -29.6676 -57.458
      vertex -6.83458 -29.5989 -57.6306
    endloop
  endfacet
  facet normal 0.526862 -0.408772 -0.745199
    outer loop
      vertex -5.1258 -28.4204 -58.1985
      vertex -5.2849 -28.0297 -58.5253
      vertex -4.98347 -28.0871 -58.2807
    endloop
  endfacet
  facet normal 0.62109 -0.427266 -0.657032
    outer loop
      vertex -4.8601 -28.4712 -57.9143
      vertex -5.1258 -28.4204 -58.1985
      vertex -4.98347 -28.0871 -58.2807
    endloop
  endfacet
  facet normal 0.38219 -0.0517787 -0.922632
    outer loop
      vertex -5.46585 -27.3256 -58.8133
      vertex -5.82663 -27.2944 -58.9645
      vertex -5.80992 -27 -58.9741
    endloop
  endfacet
  facet normal 0.247953 -0.138134 -0.958873
    outer loop
      vertex -5.87648 -27.5838 -58.9357
      vertex -6.20362 -27.2582 -59.0672
      vertex -5.82663 -27.2944 -58.9645
    endloop
  endfacet
  facet normal 0.499185 -0.0566405 -0.864643
    outer loop
      vertex -5.12746 -27.3512 -58.6162
      vertex -5.44737 -27 -58.8239
      vertex -5.10753 -27 -58.6277
    endloop
  endfacet
  facet normal 0.607605 -0.0604125 -0.791938
    outer loop
      vertex -4.81725 -27.3708 -58.3767
      vertex -5.12746 -27.3512 -58.6162
      vertex -5.10753 -27 -58.6277
    endloop
  endfacet
  facet normal -0.440568 -0.382694 -0.812063
    outer loop
      vertex -7.96956 -28.3155 -58.5501
      vertex -8.19463 -27.9643 -58.5935
      vertex -8.08563 -27.9561 -58.6565
    endloop
  endfacet
  facet normal -0.482949 -0.258932 -0.83649
    outer loop
      vertex -10.7927 -27.9643 -57.0935
      vertex -8.24541 -27.5853 -58.6815
      vertex -8.19463 -27.9643 -58.5935
    endloop
  endfacet
  facet normal -0.482943 -0.258956 -0.836486
    outer loop
      vertex -8.24541 -27.5853 -58.6815
      vertex -10.7927 -27.9643 -57.0935
      vertex -10.8435 -27.5853 -57.1815
    endloop
  endfacet
  facet normal -0.488406 -0.130367 -0.862824
    outer loop
      vertex -8.24541 -27.5853 -58.6815
      vertex -8.24885 -27.1945 -58.7386
      vertex -8.17926 -27.5803 -58.7197
    endloop
  endfacet
  facet normal -0.410318 -0.0859758 -0.907881
    outer loop
      vertex -7.88701 -27.4138 -58.8884
      vertex -8.15087 -27.1387 -58.7952
      vertex -7.8433 -27.3563 -58.9136
    endloop
  endfacet
  facet normal -0.313695 -0.170391 -0.93411
    outer loop
      vertex -7.60411 -27.6819 -58.9345
      vertex -7.88701 -27.4138 -58.8884
      vertex -7.53208 -27.587 -58.976
    endloop
  endfacet
  facet normal 0.121494 -0.119053 -0.985427
    outer loop
      vertex -6.20362 -27.2582 -59.0672
      vertex -6.62721 -27.4314 -59.0985
      vertex -6.59037 -27.2175 -59.1198
    endloop
  endfacet
  facet normal 0.121377 -0.118757 -0.985477
    outer loop
      vertex -6.24734 -27.512 -59.042
      vertex -6.62721 -27.4314 -59.0985
      vertex -6.20362 -27.2582 -59.0672
    endloop
  endfacet
  facet normal 0.227311 -0.227535 -0.946867
    outer loop
      vertex -5.95861 -27.8631 -58.8883
      vertex -6.31936 -27.757 -59.0004
      vertex -5.87648 -27.5838 -58.9357
    endloop
  endfacet
  facet normal 0.370516 -0.155125 -0.915781
    outer loop
      vertex -5.52098 -27.6456 -58.7814
      vertex -5.87648 -27.5838 -58.9357
      vertex -5.46585 -27.3256 -58.8133
    endloop
  endfacet
  facet normal -0.191374 0.923852 -0.331471
    outer loop
      vertex -7.2564 29.8408 -56.9684
      vertex -10.0357 29.6906 -55.7824
      vertex -9.85448 29.8408 -55.4684
    endloop
  endfacet
  facet normal -0.191366 0.923862 -0.331449
    outer loop
      vertex -10.0357 29.6906 -55.7824
      vertex -7.2564 29.8408 -56.9684
      vertex -7.43767 29.6906 -57.2824
    endloop
  endfacet
  facet normal -0.138676 0.922174 -0.36106
    outer loop
      vertex -6.93528 29.8165 -57.1538
      vertex -7.43767 29.6906 -57.2824
      vertex -7.2564 29.8408 -56.9684
    endloop
  endfacet
  facet normal -0.103081 0.849822 -0.516892
    outer loop
      vertex -7.04848 29.4094 -57.8995
      vertex -7.32563 29.4731 -57.7395
      vertex -6.83458 29.5989 -57.6306
    endloop
  endfacet
  facet normal -0.169672 0.778756 -0.603946
    outer loop
      vertex -7.25769 29.1787 -58.1382
      vertex -7.32563 29.4731 -57.7395
      vertex -7.04848 29.4094 -57.8995
    endloop
  endfacet
  facet normal 0.244991 0.65146 -0.718039
    outer loop
      vertex -5.79001 28.9026 -58.2337
      vertex -6.08008 28.7638 -58.4586
      vertex -6.01917 29.1346 -58.1014
    endloop
  endfacet
  facet normal 0.410765 0.609156 -0.678381
    outer loop
      vertex -5.58904 28.6379 -58.3497
      vertex -5.79001 28.9026 -58.2337
      vertex -5.30459 28.7294 -58.0953
    endloop
  endfacet
  facet normal -0.353553 0.707114 -0.612364
    outer loop
      vertex -7.76326 29.2555 -57.8464
      vertex -10.5001 28.978 -56.5867
      vertex -10.3613 29.2555 -56.3464
    endloop
  endfacet
  facet normal -0.353566 0.707076 -0.6124
    outer loop
      vertex -10.5001 28.978 -56.5867
      vertex -7.76326 29.2555 -57.8464
      vertex -7.902 28.978 -58.0867
    endloop
  endfacet
  facet normal 0 0 -1
    outer loop
      vertex -6.97045 -27 -59.1269
      vertex -6.57803 27 -59.1269
      vertex -6.57803 -27 -59.1269
    endloop
  endfacet
  facet normal -0 0 -1
    outer loop
      vertex -6.57803 27 -59.1269
      vertex -6.97045 -27 -59.1269
      vertex -6.97045 27 -59.1269
    endloop
  endfacet
  facet normal -0.103036 0.506721 -0.855931
    outer loop
      vertex -6.85917 28.5693 -58.6887
      vertex -7.29973 28.4434 -58.7102
      vertex -7.04548 28.713 -58.5812
    endloop
  endfacet
  facet normal -0.146714 0.376206 -0.914846
    outer loop
      vertex -7.00079 28.1785 -58.8828
      vertex -7.42002 28.0527 -58.8673
      vertex -7.14275 28.3223 -58.8009
    endloop
  endfacet
  facet normal -0.000155869 0.0328833 -0.999459
    outer loop
      vertex -6.97045 27 -59.1269
      vertex -6.98028 27.1732 -59.1212
      vertex -6.59037 27.2176 -59.1198
    endloop
  endfacet
  facet normal 0.31276 0.351332 -0.882466
    outer loop
      vertex -5.61181 27.9546 -58.729
      vertex -5.95861 27.8632 -58.8883
      vertex -5.73678 28.2472 -58.6568
    endloop
  endfacet
  facet normal 0.486234 0.16923 -0.857285
    outer loop
      vertex -5.46585 27.3256 -58.8133
      vertex -5.52098 27.6456 -58.7814
      vertex -5.18692 27.6964 -58.5819
    endloop
  endfacet
  facet normal 0.156568 0.393116 -0.906061
    outer loop
      vertex -6.07162 28.1278 -58.823
      vertex -6.54296 28.2042 -58.8713
      vertex -6.21357 28.3731 -58.7411
    endloop
  endfacet
  facet normal 0.778917 0.550946 -0.299579
    outer loop
      vertex 24.2252 28.4712 -7.53709
      vertex 24.0465 28.7253 -7.53441
      vertex 24.1198 28.6533 -7.47624
    endloop
  endfacet
  facet normal 0.778983 0.55099 -0.299326
    outer loop
      vertex 24.0465 28.7253 -7.53441
      vertex 24.2252 28.4712 -7.53709
      vertex 24.0691 28.4968 -7.89621
    endloop
  endfacet
  facet normal 0.921469 0.310391 -0.233564
    outer loop
      vertex 24.4797 27.7615 -7.68406
      vertex 24.3726 28.126 -7.6222
      vertex 24.4808 28.0871 -7.24702
    endloop
  endfacet
  facet normal 0.878196 0.318584 -0.356757
    outer loop
      vertex 24.4797 27.7615 -7.68406
      vertex 24.219 28.1456 -7.9828
      vertex 24.3726 28.126 -7.6222
    endloop
  endfacet
  facet normal 0.383083 0.896844 -0.221173
    outer loop
      vertex 22.522 29.5925 -8.38429
      vertex -5.88023 29.7657 -56.876
      vertex 22.2179 29.7657 -8.20869
    endloop
  endfacet
  facet normal 0.383045 0.896866 -0.221151
    outer loop
      vertex -5.88023 29.7657 -56.876
      vertex 22.522 29.5925 -8.38429
      vertex -5.57608 29.5925 -57.0516
    endloop
  endfacet
  facet normal 0.907174 -0.19365 -0.373544
    outer loop
      vertex 24.4797 -27.7615 -7.68406
      vertex 24.3942 -27.3907 -8.08393
      vertex 24.5448 -27.3841 -7.72161
    endloop
  endfacet
  facet normal 0.921884 -0.0648338 -0.382004
    outer loop
      vertex 24.5448 -27.3841 -7.72161
      vertex 24.3942 -27.3907 -8.08393
      vertex 24.5666 -27 -7.73419
    endloop
  endfacet
  facet normal 0.719996 -0.555706 -0.415689
    outer loop
      vertex -4.81556 -28.8224 -57.4907
      vertex 24.0691 -28.4968 -7.89621
      vertex 23.8806 -28.8224 -7.78743
    endloop
  endfacet
  facet normal 0.720073 -0.555571 -0.415735
    outer loop
      vertex 24.0691 -28.4968 -7.89621
      vertex -4.81556 -28.8224 -57.4907
      vertex -4.62716 -28.4968 -57.5995
    endloop
  endfacet
  facet normal 0.779434 -0.549988 -0.299993
    outer loop
      vertex 23.8806 -28.8224 -7.78743
      vertex 24.0465 -28.7253 -7.53441
      vertex 23.9645 -28.806 -7.59951
    endloop
  endfacet
  facet normal 0.77899 -0.550982 -0.299321
    outer loop
      vertex 24.0465 -28.7253 -7.53441
      vertex 23.8806 -28.8224 -7.78743
      vertex 24.0691 -28.4968 -7.89621
    endloop
  endfacet
  facet normal -0.383049 -0.896864 0.221154
    outer loop
      vertex 1.90182 -29.5925 0.287621
      vertex 3.60597 -29.7657 2.5369
      vertex 3.30182 -29.5925 2.71249
    endloop
  endfacet
  facet normal -0.383053 -0.896861 0.221157
    outer loop
      vertex 3.60597 -29.7657 2.5369
      vertex 1.90182 -29.5925 0.287621
      vertex 2.20596 -29.7657 0.112023
    endloop
  endfacet
  facet normal -0.147357 0.123237 -0.981376
    outer loop
      vertex -7.0096 27.3434 -59.1043
      vertex -7.42308 27.369 -59.039
      vertex -7.05792 27.5078 -59.0764
    endloop
  endfacet
  facet normal -0.445374 -0.117156 -0.887647
    outer loop
      vertex -8.05145 -27.5407 -58.7935
      vertex -8.18606 -27.1699 -58.7749
      vertex -7.99198 -27.5069 -58.8278
    endloop
  endfacet
  facet normal -0.355238 -0.362871 -0.86147
    outer loop
      vertex -7.82214 -28.2817 -58.6352
      vertex -7.87504 -27.8909 -58.778
      vertex -7.6798 -28.2259 -58.7174
    endloop
  endfacet
  facet normal -0.277138 -0.318518 -0.906499
    outer loop
      vertex -7.42002 -28.0527 -58.8673
      vertex -7.77707 -27.8351 -58.8346
      vertex -7.68624 -27.765 -58.887
    endloop
  endfacet
  facet normal 0.167235 -0.720451 -0.67304
    outer loop
      vertex -6.2726 -29.3301 -57.9551
      vertex -6.52748 -29.1602 -58.2003
      vertex -6.01917 -29.1346 -58.1014
    endloop
  endfacet
  facet normal 0.240721 -0.86643 -0.437439
    outer loop
      vertex -5.79279 -29.5482 -57.3758
      vertex -6.31492 -29.6245 -57.512
      vertex -6.0263 -29.4602 -57.6786
    endloop
  endfacet
  facet normal -0.103101 -0.849853 -0.516837
    outer loop
      vertex -7.13352 -29.6676 -57.458
      vertex -7.32563 -29.4731 -57.7395
      vertex -6.83458 -29.5989 -57.6306
    endloop
  endfacet
  facet normal 0.139915 -0.914738 -0.379049
    outer loop
      vertex -6.40736 -29.8421 -57.021
      vertex -6.61965 -29.744 -57.3361
      vertex -6.31492 -29.6245 -57.512
    endloop
  endfacet
  facet normal -0.00891822 -0.989347 -0.145301
    outer loop
      vertex -6.53395 -29.968 -56.4986
      vertex -7.06687 -29.9424 -56.6402
      vertex -6.73427 -29.9172 -56.8322
    endloop
  endfacet
  facet normal -0.138676 -0.922174 -0.36106
    outer loop
      vertex -7.2564 -29.8408 -56.9684
      vertex -7.43767 -29.6906 -57.2824
      vertex -6.93528 -29.8165 -57.1538
    endloop
  endfacet
  facet normal 0.102409 -0.972422 -0.209541
    outer loop
      vertex -6.20135 -29.8916 -56.6906
      vertex -6.53395 -29.968 -56.4986
      vertex -6.40736 -29.8421 -57.021
    endloop
  endfacet
  facet normal 0.168967 -0.980782 -0.0975535
    outer loop
      vertex -6.53395 -29.968 -56.4986
      vertex 21.8968 -29.8916 -8.0233
      vertex 21.5642 -29.968 -7.83127
    endloop
  endfacet
  facet normal 0.168974 -0.980781 -0.0975572
    outer loop
      vertex 21.8968 -29.8916 -8.0233
      vertex -6.53395 -29.968 -56.4986
      vertex -6.20135 -29.8916 -56.6906
    endloop
  endfacet
  facet normal -0.864171 0.065413 0.498929
    outer loop
      vertex 0.605563 27 1.03602
      vertex 2.02774 27.3907 3.44808
      vertex 0.627741 27.3907 1.02321
    endloop
  endfacet
  facet normal -0.864171 0.0654174 0.498928
    outer loop
      vertex 2.02774 27.3907 3.44808
      vertex 0.605563 27 1.03602
      vertex 2.00556 27 3.46089
    endloop
  endfacet
  facet normal -0.849389 0.195069 0.490394
    outer loop
      vertex 0.627741 27.3907 1.02321
      vertex 2.0939 27.7748 3.40989
      vertex 0.6939 27.7748 0.985014
    endloop
  endfacet
  facet normal -0.84939 0.195063 0.490395
    outer loop
      vertex 2.0939 27.7748 3.40989
      vertex 0.627741 27.3907 1.02321
      vertex 2.02774 27.3907 3.44808
    endloop
  endfacet
  facet normal -0.0652279 0.991454 -0.112978
    outer loop
      vertex -6.87234 29.9936 -56.3032
      vertex -9.66495 29.9424 -55.1402
      vertex -9.47042 29.9936 -54.8032
    endloop
  endfacet
  facet normal -0.0652279 0.991454 -0.112978
    outer loop
      vertex -9.66495 29.9424 -55.1402
      vertex -6.87234 29.9936 -56.3032
      vertex -7.06687 29.9424 -56.6402
    endloop
  endfacet
  facet normal -0.383049 0.896864 0.221154
    outer loop
      vertex 3.60597 29.7657 2.5369
      vertex 1.90182 29.5925 0.287621
      vertex 3.30182 29.5925 2.71249
    endloop
  endfacet
  facet normal -0.383053 0.896861 0.221157
    outer loop
      vertex 1.90182 29.5925 0.287621
      vertex 3.60597 29.7657 2.5369
      vertex 2.20596 29.7657 0.112023
    endloop
  endfacet
  facet normal 0.580609 0.653619 -0.485465
    outer loop
      vertex -5.04528 28.7912 -57.8073
      vertex -5.26505 29.0806 -57.6805
      vertex -5.03916 29.1168 -57.3616
    endloop
  endfacet
  facet normal 0.422315 0.726303 -0.542341
    outer loop
      vertex -5.51677 29.0087 -57.9728
      vertex -5.75872 29.2537 -57.8331
      vertex -5.26505 29.0806 -57.6805
    endloop
  endfacet
  facet normal 0.663108 0.31055 -0.681063
    outer loop
      vertex -4.88003 27.7353 -58.3404
      vertex -4.98347 28.0871 -58.2807
      vertex -4.60554 27.7615 -58.0612
    endloop
  endfacet
  facet normal 0.566951 0.297083 -0.768315
    outer loop
      vertex -4.88003 27.7353 -58.3404
      vertex -5.18692 27.6964 -58.5819
      vertex -4.98347 28.0871 -58.2807
    endloop
  endfacet
  facet normal 0.566898 0.297127 -0.768337
    outer loop
      vertex -5.18692 27.6964 -58.5819
      vertex -5.2849 28.0297 -58.5253
      vertex -4.98347 28.0871 -58.2807
    endloop
  endfacet
  facet normal 0.691404 0.188541 -0.697433
    outer loop
      vertex -4.81725 27.3708 -58.3767
      vertex -4.88003 27.7353 -58.3404
      vertex -4.60554 27.7615 -58.0612
    endloop
  endfacet
  facet normal 0.370516 0.155125 -0.915781
    outer loop
      vertex -5.46585 27.3256 -58.8133
      vertex -5.87648 27.5838 -58.9357
      vertex -5.52098 27.6456 -58.7814
    endloop
  endfacet
  facet normal 0.423449 0.383234 -0.820867
    outer loop
      vertex -5.2849 28.0297 -58.5253
      vertex -5.61181 27.9546 -58.729
      vertex -5.41971 28.3453 -58.4475
    endloop
  endfacet
  facet normal -0.135962 -0.0746712 -0.987896
    outer loop
      vertex -7.0096 -27.3434 -59.1043
      vertex -7.36665 -27.1259 -59.0716
      vertex -6.98028 -27.1732 -59.1212
    endloop
  endfacet
  facet normal -0.130287 -0.024889 -0.991164
    outer loop
      vertex -6.98028 -27.1732 -59.1212
      vertex -7.36665 -27.1259 -59.0716
      vertex -7.35951 -27 -59.0757
    endloop
  endfacet
  facet normal -0.10656 -0.330162 -0.93789
    outer loop
      vertex -7.00079 -28.1785 -58.8828
      vertex -7.30701 -27.9382 -58.9326
      vertex -7.2079 -27.8077 -58.9898
    endloop
  endfacet
  facet normal -0.315147 -0.343907 -0.88454
    outer loop
      vertex -7.545 -28.1491 -58.7952
      vertex -7.87504 -27.8909 -58.778
      vertex -7.77707 -27.8351 -58.8346
    endloop
  endfacet
  facet normal 0.62109 0.427266 -0.657032
    outer loop
      vertex -4.98347 28.0871 -58.2807
      vertex -5.1258 28.4204 -58.1985
      vertex -4.8601 28.4712 -57.9143
    endloop
  endfacet
  facet normal 0.621138 0.42723 -0.657011
    outer loop
      vertex -4.71268 28.126 -57.9994
      vertex -4.98347 28.0871 -58.2807
      vertex -4.8601 28.4712 -57.9143
    endloop
  endfacet
  facet normal 0.566574 0.53666 -0.625292
    outer loop
      vertex -5.1258 28.4204 -58.1985
      vertex -5.30459 28.7294 -58.0953
      vertex -5.04528 28.7912 -57.8073
    endloop
  endfacet
  facet normal 0.474436 0.513346 -0.715112
    outer loop
      vertex -5.1258 28.4204 -58.1985
      vertex -5.58904 28.6379 -58.3497
      vertex -5.30459 28.7294 -58.0953
    endloop
  endfacet
  facet normal 0.000477528 -0.401938 -0.915667
    outer loop
      vertex -6.6907 -28.3987 -58.786
      vertex -6.8763 -28.0146 -58.9547
      vertex -6.54296 -28.2042 -58.8713
    endloop
  endfacet
  facet normal -0.103167 -0.507135 -0.85567
    outer loop
      vertex -6.85917 -28.5693 -58.6887
      vertex -7.29973 -28.4434 -58.7102
      vertex -7.14275 -28.3223 -58.8009
    endloop
  endfacet
  facet normal 0.0509141 -0.532248 -0.845056
    outer loop
      vertex -6.57414 -28.7894 -58.5329
      vertex -6.85917 -28.5693 -58.6887
      vertex -6.6907 -28.3987 -58.786
    endloop
  endfacet
  facet normal -0.0482375 -0.458481 -0.887394
    outer loop
      vertex -6.85917 -28.5693 -58.6887
      vertex -7.14275 -28.3223 -58.8009
      vertex -6.6907 -28.3987 -58.786
    endloop
  endfacet
  facet normal -0.357757 -0.215379 -0.908638
    outer loop
      vertex -7.68624 -27.765 -58.887
      vertex -7.99198 -27.5069 -58.8278
      vertex -7.93686 -27.4643 -58.8596
    endloop
  endfacet
  facet normal -0.243046 -0.288319 -0.926175
    outer loop
      vertex -7.42002 -28.0527 -58.8673
      vertex -7.68624 -27.765 -58.887
      vertex -7.30701 -27.9382 -58.9326
    endloop
  endfacet
  facet normal -0.0349864 -0.90637 -0.421034
    outer loop
      vertex -6.61965 -29.744 -57.3361
      vertex -6.93528 -29.8165 -57.1538
      vertex -6.83458 -29.5989 -57.6306
    endloop
  endfacet
  facet normal -0.200593 -0.864674 -0.460545
    outer loop
      vertex -7.13352 -29.6676 -57.458
      vertex -7.60759 -29.4944 -57.5767
      vertex -7.32563 -29.4731 -57.7395
    endloop
  endfacet
  facet normal -0.353553 -0.707114 -0.612364
    outer loop
      vertex -10.5001 -28.978 -56.5867
      vertex -7.76326 -29.2555 -57.8464
      vertex -10.3613 -29.2555 -56.3464
    endloop
  endfacet
  facet normal -0.353566 -0.707076 -0.6124
    outer loop
      vertex -7.76326 -29.2555 -57.8464
      vertex -10.5001 -28.978 -56.5867
      vertex -7.902 -28.978 -58.0867
    endloop
  endfacet
  facet normal -0.0819985 -0.634977 -0.768167
    outer loop
      vertex -6.78659 -28.9533 -58.4102
      vertex -7.24645 -28.8275 -58.4651
      vertex -7.04548 -28.713 -58.5812
    endloop
  endfacet
  facet normal -0.0127168 -0.588632 -0.808301
    outer loop
      vertex -6.78659 -28.9533 -58.4102
      vertex -6.85917 -28.5693 -58.6887
      vertex -6.57414 -28.7894 -58.5329
    endloop
  endfacet
  facet normal 0.156587 -0.39328 -0.905986
    outer loop
      vertex -6.07162 -28.1278 -58.823
      vertex -6.54296 -28.2042 -58.8713
      vertex -6.41847 -27.989 -58.9432
    endloop
  endfacet
  facet normal 0.370425 -0.154948 -0.915848
    outer loop
      vertex -5.46585 -27.3256 -58.8133
      vertex -5.87648 -27.5838 -58.9357
      vertex -5.82663 -27.2944 -58.9645
    endloop
  endfacet
  facet normal 0.149466 -0.597024 -0.788176
    outer loop
      vertex -6.08008 -28.7638 -58.4586
      vertex -6.57414 -28.7894 -58.5329
      vertex -6.38204 -28.5949 -58.6438
    endloop
  endfacet
  facet normal 0.051014 -0.532224 -0.845065
    outer loop
      vertex -6.57414 -28.7894 -58.5329
      vertex -6.6907 -28.3987 -58.786
      vertex -6.38204 -28.5949 -58.6438
    endloop
  endfacet
  facet normal 0.501009 -0.745409 -0.439722
    outer loop
      vertex -5.29412 -29.375 -57.2144
      vertex -5.51565 -29.3343 -57.5358
      vertex -5.03916 -29.1168 -57.3616
    endloop
  endfacet
  facet normal 0.481126 -0.831479 -0.277778
    outer loop
      vertex 22.522 -29.5925 -8.38429
      vertex -5.57608 -29.5925 -57.0516
      vertex 22.7846 -29.3899 -8.5359
    endloop
  endfacet
  facet normal 0.481064 -0.831527 -0.277742
    outer loop
      vertex -5.29412 -29.375 -57.2144
      vertex 22.7846 -29.3899 -8.5359
      vertex -5.57608 -29.5925 -57.0516
    endloop
  endfacet
  facet normal 0.479873 -0.832444 -0.277055
    outer loop
      vertex 22.7846 -29.3899 -8.5359
      vertex -5.29412 -29.375 -57.2144
      vertex 22.8323 -29.375 -8.49805
    endloop
  endfacet
  facet normal 0.31476 -0.889248 -0.33191
    outer loop
      vertex -5.57608 -29.5925 -57.0516
      vertex -5.88023 -29.7657 -56.876
      vertex -5.79279 -29.5482 -57.3758
    endloop
  endfacet
  facet normal 0.383083 -0.896844 -0.221173
    outer loop
      vertex -5.88023 -29.7657 -56.876
      vertex 22.522 -29.5925 -8.38429
      vertex 22.2179 -29.7657 -8.20869
    endloop
  endfacet
  facet normal 0.383045 -0.896866 -0.221151
    outer loop
      vertex 22.522 -29.5925 -8.38429
      vertex -5.88023 -29.7657 -56.876
      vertex -5.57608 -29.5925 -57.0516
    endloop
  endfacet
  facet normal 0.213047 -0.52364 -0.824871
    outer loop
      vertex -6.08008 -28.7638 -58.4586
      vertex -6.21357 -28.3731 -58.7411
      vertex -5.89377 -28.5185 -58.5662
    endloop
  endfacet
  facet normal 0.374211 -0.481469 -0.792562
    outer loop
      vertex -5.58904 -28.6379 -58.3497
      vertex -5.73678 -28.2472 -58.6568
      vertex -5.41971 -28.3453 -58.4475
    endloop
  endfacet
  facet normal 0.474436 -0.513346 -0.715112
    outer loop
      vertex -5.30459 -28.7294 -58.0953
      vertex -5.58904 -28.6379 -58.3497
      vertex -5.1258 -28.4204 -58.1985
    endloop
  endfacet
  facet normal 0.410765 -0.609156 -0.678381
    outer loop
      vertex -5.30459 -28.7294 -58.0953
      vertex -5.79001 -28.9026 -58.2337
      vertex -5.58904 -28.6379 -58.3497
    endloop
  endfacet
  facet normal 0.34717 -0.255234 -0.902401
    outer loop
      vertex -5.61181 -27.9546 -58.729
      vertex -5.95861 -27.8631 -58.8883
      vertex -5.87648 -27.5838 -58.9357
    endloop
  endfacet
  facet normal 0.227332 -0.227597 -0.946847
    outer loop
      vertex -5.87648 -27.5838 -58.9357
      vertex -6.31936 -27.757 -59.0004
      vertex -6.24734 -27.512 -59.042
    endloop
  endfacet
  facet normal -0.49573 -0.130386 -0.858634
    outer loop
      vertex -10.8435 -27.5853 -57.1815
      vertex -8.27102 -27.1962 -58.7258
      vertex -8.24541 -27.5853 -58.6815
    endloop
  endfacet
  facet normal -0.495732 -0.130373 -0.858634
    outer loop
      vertex -8.27102 -27.1962 -58.7258
      vertex -10.8435 -27.5853 -57.1815
      vertex -10.8691 -27.1962 -57.2258
    endloop
  endfacet
  facet normal -0.383306 -0.232649 -0.893841
    outer loop
      vertex -7.87504 -27.8909 -58.778
      vertex -8.05145 -27.5407 -58.7935
      vertex -7.99198 -27.5069 -58.8278
    endloop
  endfacet
  facet normal -0.411149 -0.245962 -0.877758
    outer loop
      vertex -7.87504 -27.8909 -58.778
      vertex -8.11423 -27.5653 -58.7572
      vertex -8.05145 -27.5407 -58.7935
    endloop
  endfacet
  facet normal -0.473092 -0.128112 -0.871649
    outer loop
      vertex -8.17926 -27.5803 -58.7197
      vertex -8.22705 -27.1895 -58.7512
      vertex -8.11423 -27.5653 -58.7572
    endloop
  endfacet
  facet normal -0.488219 -0.13038 -0.862927
    outer loop
      vertex -8.24541 -27.5853 -58.6815
      vertex -8.27102 -27.1962 -58.7258
      vertex -8.24885 -27.1945 -58.7386
    endloop
  endfacet
  facet normal -0.419551 0.0972566 -0.902506
    outer loop
      vertex -8.15087 27.1387 -58.7952
      vertex -8.16758 27.1557 -58.7856
      vertex -7.93686 27.4643 -58.8596
    endloop
  endfacet
  facet normal -0.387981 -0.0411934 -0.920746
    outer loop
      vertex -7.77714 -27.224 -58.9518
      vertex -8.11404 -27.0751 -58.8165
      vertex -8.10689 -27.0508 -58.8206
    endloop
  endfacet
  facet normal -0.147401 -0.122683 -0.981439
    outer loop
      vertex -7.0096 -27.3434 -59.1043
      vertex -7.42308 -27.369 -59.039
      vertex -7.38796 -27.2496 -59.0592
    endloop
  endfacet
  facet normal -0.262763 -0.0513166 -0.963495
    outer loop
      vertex -7.38796 -27.2496 -59.0592
      vertex -7.75583 -27.1515 -58.9641
      vertex -7.36665 -27.1259 -59.0716
    endloop
  endfacet
  facet normal -0.488219 0.13038 -0.862927
    outer loop
      vertex -8.24885 27.1945 -58.7386
      vertex -8.27102 27.1962 -58.7258
      vertex -8.24541 27.5853 -58.6815
    endloop
  endfacet
  facet normal -0.0819985 0.634977 -0.768167
    outer loop
      vertex -7.04548 28.713 -58.5812
      vertex -7.24645 28.8275 -58.4651
      vertex -6.78659 28.9533 -58.4102
    endloop
  endfacet
  facet normal 0.167235 0.720451 -0.67304
    outer loop
      vertex -6.01917 29.1346 -58.1014
      vertex -6.52748 29.1602 -58.2003
      vertex -6.2726 29.3301 -57.9551
    endloop
  endfacet
  facet normal -0.0828837 0.751895 -0.654052
    outer loop
      vertex -6.78091 29.3045 -58.054
      vertex -7.25769 29.1787 -58.1382
      vertex -7.04848 29.4094 -57.8995
    endloop
  endfacet
  facet normal 0.162965 0.8289 -0.535133
    outer loop
      vertex -6.0263 29.4602 -57.6786
      vertex -6.54596 29.4858 -57.7972
      vertex -6.31492 29.6245 -57.512
    endloop
  endfacet
  facet normal 0.162974 0.82887 -0.535177
    outer loop
      vertex -6.2726 29.3301 -57.9551
      vertex -6.54596 29.4858 -57.7972
      vertex -6.0263 29.4602 -57.6786
    endloop
  endfacet
  facet normal -0.130474 0 -0.991452
    outer loop
      vertex -7.35951 -27 -59.0757
      vertex -6.97045 27 -59.1269
      vertex -6.97045 -27 -59.1269
    endloop
  endfacet
  facet normal -0.130474 0 -0.991452
    outer loop
      vertex -6.97045 27 -59.1269
      vertex -7.35951 -27 -59.0757
      vertex -7.35951 27 -59.0757
    endloop
  endfacet
  facet normal -0.384577 -0.0254618 -0.922742
    outer loop
      vertex -7.74289 -27.0764 -58.9716
      vertex -8.10689 -27.0508 -58.8206
      vertex -8.10256 -27.0256 -58.8231
    endloop
  endfacet
  facet normal -0.400883 -0.0719948 -0.913296
    outer loop
      vertex -7.8433 -27.3563 -58.9136
      vertex -8.13622 -27.1194 -58.8037
      vertex -8.12387 -27.0981 -58.8108
    endloop
  endfacet
  facet normal -0.384577 0.0254618 -0.922742
    outer loop
      vertex -8.10256 27.0256 -58.8231
      vertex -8.10689 27.0508 -58.8206
      vertex -7.74289 27.0764 -58.9716
    endloop
  endfacet
  facet normal -0.335336 0.195375 -0.921617
    outer loop
      vertex -7.60411 27.6819 -58.9345
      vertex -7.88701 27.4138 -58.8884
      vertex -7.68624 27.765 -58.887
    endloop
  endfacet
  facet normal -0.445374 0.117156 -0.887647
    outer loop
      vertex -7.99198 27.5069 -58.8278
      vertex -8.18606 27.1699 -58.7749
      vertex -8.05145 27.5407 -58.7935
    endloop
  endfacet
  facet normal -0.0723303 0.278086 -0.957829
    outer loop
      vertex -7.1244 27.6634 -59.038
      vertex -7.2079 27.8077 -58.9898
      vertex -6.77141 27.8334 -59.0153
    endloop
  endfacet
  facet normal -0.163889 0.169572 -0.971795
    outer loop
      vertex -7.42308 27.369 -59.039
      vertex -7.47139 27.4822 -59.0111
      vertex -7.1244 27.6634 -59.038
    endloop
  endfacet
  facet normal 0.121377 0.118757 -0.985477
    outer loop
      vertex -6.20362 27.2582 -59.0672
      vertex -6.62721 27.4314 -59.0985
      vertex -6.24734 27.512 -59.042
    endloop
  endfacet
  facet normal 0.314605 0.571424 -0.757957
    outer loop
      vertex -5.89377 28.5185 -58.5662
      vertex -6.08008 28.7638 -58.4586
      vertex -5.58904 28.6379 -58.3497
    endloop
  endfacet
  facet normal -0.162994 0.5467 -0.821311
    outer loop
      vertex -7.04548 28.713 -58.5812
      vertex -7.29973 28.4434 -58.7102
      vertex -7.24645 28.8275 -58.4651
    endloop
  endfacet
  facet normal 0.347316 0.255118 -0.902378
    outer loop
      vertex -5.52098 27.6456 -58.7814
      vertex -5.87648 27.5838 -58.9357
      vertex -5.61181 27.9546 -58.729
    endloop
  endfacet
  facet normal 0.103623 0.195829 -0.975148
    outer loop
      vertex -6.62721 27.4314 -59.0985
      vertex -6.6879 27.6378 -59.0635
      vertex -6.31936 27.757 -59.0004
    endloop
  endfacet
  facet normal 0.949672 -0.188494 -0.250185
    outer loop
      vertex 24.5843 -27.7353 -7.30675
      vertex 24.4797 -27.7615 -7.68406
      vertex 24.6471 -27.3708 -7.34299
    endloop
  endfacet
  facet normal 0.94969 -0.188689 -0.24997
    outer loop
      vertex 24.6471 -27.3708 -7.34299
      vertex 24.4797 -27.7615 -7.68406
      vertex 24.5448 -27.3841 -7.72161
    endloop
  endfacet
  facet normal 0.878209 -0.318692 -0.356629
    outer loop
      vertex 24.4797 -27.7615 -7.68406
      vertex 24.219 -28.1456 -7.9828
      vertex 24.328 -27.7748 -8.04574
    endloop
  endfacet
  facet normal 0.835205 -0.43847 -0.331929
    outer loop
      vertex 24.2252 -28.4712 -7.53709
      vertex 24.219 -28.1456 -7.9828
      vertex 24.3726 -28.126 -7.6222
    endloop
  endfacet
  facet normal 0.879539 -0.427253 -0.20944
    outer loop
      vertex 24.2252 -28.4712 -7.53709
      vertex 24.439 -28.1851 -7.22288
      vertex 24.2832 -28.4452 -7.34656
    endloop
  endfacet
  facet normal 0.879626 -0.426877 -0.209842
    outer loop
      vertex 24.439 -28.1851 -7.22288
      vertex 24.2252 -28.4712 -7.53709
      vertex 24.4808 -28.0871 -7.24702
    endloop
  endfacet
  facet normal 0.908871 -0.408449 -0.0843921
    outer loop
      vertex 24.4913 -28.0773 -7.18137
      vertex 24.439 -28.1851 -7.22288
      vertex 24.4808 -28.0871 -7.24702
    endloop
  endfacet
  facet normal -0.445101 -0.11705 -0.887798
    outer loop
      vertex -8.05145 -27.5407 -58.7935
      vertex -8.206 -27.1813 -58.7634
      vertex -8.18606 -27.1699 -58.7749
    endloop
  endfacet
  facet normal -0.293181 -0.597813 -0.7461
    outer loop
      vertex -7.6784 -28.9611 -58.2158
      vertex -7.83304 -28.6525 -58.4023
      vertex -7.64786 -28.6099 -58.5092
    endloop
  endfacet
  facet normal -0.347923 -0.4913 -0.798482
    outer loop
      vertex -7.64786 -28.6099 -58.5092
      vertex -7.83304 -28.6525 -58.4023
      vertex -7.82214 -28.2817 -58.6352
    endloop
  endfacet
  facet normal -0.44006 -0.382418 -0.812468
    outer loop
      vertex -8.11954 -28.3269 -58.4635
      vertex -8.19463 -27.9643 -58.5935
      vertex -7.96956 -28.3155 -58.5501
    endloop
  endfacet
  facet normal -0.397057 -0.376084 -0.837201
    outer loop
      vertex -7.96956 -28.3155 -58.5501
      vertex -8.08563 -27.9561 -58.6565
      vertex -7.82214 -28.2817 -58.6352
    endloop
  endfacet
  facet normal -0.396754 -0.375855 -0.837448
    outer loop
      vertex -7.82214 -28.2817 -58.6352
      vertex -8.08563 -27.9561 -58.6565
      vertex -7.97849 -27.9315 -58.7183
    endloop
  endfacet
  facet normal -0.438784 -0.2542 -0.861888
    outer loop
      vertex -8.08563 -27.9561 -58.6565
      vertex -8.11423 -27.5653 -58.7572
      vertex -7.97849 -27.9315 -58.7183
    endloop
  endfacet
  facet normal -0.293381 -0.474334 -0.830021
    outer loop
      vertex -7.46907 -28.5398 -58.6125
      vertex -7.82214 -28.2817 -58.6352
      vertex -7.6798 -28.2259 -58.7174
    endloop
  endfacet
  facet normal -0.314896 -0.343572 -0.884759
    outer loop
      vertex -7.6798 -28.2259 -58.7174
      vertex -7.87504 -27.8909 -58.778
      vertex -7.545 -28.1491 -58.7952
    endloop
  endfacet
  facet normal 0.42231 -0.726404 -0.54221
    outer loop
      vertex -5.51565 -29.3343 -57.5358
      vertex -5.75872 -29.2537 -57.8331
      vertex -5.26505 -29.0806 -57.6805
    endloop
  endfacet
  facet normal 0.2538 -0.768412 -0.587477
    outer loop
      vertex -5.75872 -29.2537 -57.8331
      vertex -6.0263 -29.4602 -57.6786
      vertex -6.01917 -29.1346 -58.1014
    endloop
  endfacet
  facet normal 0.162965 -0.8289 -0.535133
    outer loop
      vertex -6.31492 -29.6245 -57.512
      vertex -6.54596 -29.4858 -57.7972
      vertex -6.0263 -29.4602 -57.6786
    endloop
  endfacet
  facet normal 0.162974 -0.82887 -0.535177
    outer loop
      vertex -6.0263 -29.4602 -57.6786
      vertex -6.54596 -29.4858 -57.7972
      vertex -6.2726 -29.3301 -57.9551
    endloop
  endfacet
  facet normal -0.0744187 -0.963958 -0.255434
    outer loop
      vertex -7.06687 -29.9424 -56.6402
      vertex -7.2564 -29.8408 -56.9684
      vertex -6.73427 -29.9172 -56.8322
    endloop
  endfacet
  facet normal -0.074456 -0.963988 -0.255309
    outer loop
      vertex -6.73427 -29.9172 -56.8322
      vertex -7.2564 -29.8408 -56.9684
      vertex -6.93528 -29.8165 -57.1538
    endloop
  endfacet
  facet normal 0.710721 -0.653552 -0.260277
    outer loop
      vertex 23.9645 -28.806 -7.59951
      vertex 23.7921 -28.939 -7.73631
      vertex 23.8806 -28.8224 -7.78743
    endloop
  endfacet
  facet normal -0.866026 0 0.499999
    outer loop
      vertex 0.605563 -27 1.03602
      vertex 2.00556 27 3.46089
      vertex 0.605563 27 1.03602
    endloop
  endfacet
  facet normal -0.866026 0 0.499999
    outer loop
      vertex 2.00556 27 3.46089
      vertex 0.605563 -27 1.03602
      vertex 2.00556 -27 3.46089
    endloop
  endfacet
  facet normal 0.31476 0.889248 -0.33191
    outer loop
      vertex -5.79279 29.5482 -57.3758
      vertex -5.88023 29.7657 -56.876
      vertex -5.57608 29.5925 -57.0516
    endloop
  endfacet
  facet normal 0.412139 0.824316 -0.38813
    outer loop
      vertex -5.51565 29.3343 -57.5358
      vertex -5.79279 29.5482 -57.3758
      vertex -5.57608 29.5925 -57.0516
    endloop
  endfacet
  facet normal 0.499652 0.637026 -0.586981
    outer loop
      vertex -5.30459 28.7294 -58.0953
      vertex -5.51677 29.0087 -57.9728
      vertex -5.26505 29.0806 -57.6805
    endloop
  endfacet
  facet normal 0.31458 0.57111 -0.758204
    outer loop
      vertex -5.58904 28.6379 -58.3497
      vertex -6.08008 28.7638 -58.4586
      vertex -5.79001 28.9026 -58.2337
    endloop
  endfacet
  facet normal 0.607665 0.060338 -0.791898
    outer loop
      vertex -4.7962 27 -58.3888
      vertex -5.10753 27 -58.6277
      vertex -4.81725 27.3708 -58.3767
    endloop
  endfacet
  facet normal 0.607605 0.0604125 -0.791938
    outer loop
      vertex -5.10753 27 -58.6277
      vertex -5.12746 27.3512 -58.6162
      vertex -4.81725 27.3708 -58.3767
    endloop
  endfacet
  facet normal 0.196691 0.313104 -0.929128
    outer loop
      vertex -6.31936 27.757 -59.0004
      vertex -6.41847 27.989 -58.9432
      vertex -6.07162 28.1278 -58.823
    endloop
  endfacet
  facet normal 0.312732 0.35135 -0.882469
    outer loop
      vertex -5.95861 27.8632 -58.8883
      vertex -6.07162 28.1278 -58.823
      vertex -5.73678 28.2472 -58.6568
    endloop
  endfacet
  facet normal 0.594044 0.180388 -0.783947
    outer loop
      vertex -4.81725 27.3708 -58.3767
      vertex -5.18692 27.6964 -58.5819
      vertex -4.88003 27.7353 -58.3404
    endloop
  endfacet
  facet normal 0.593951 0.180213 -0.784057
    outer loop
      vertex -5.12746 27.3512 -58.6162
      vertex -5.18692 27.6964 -58.5819
      vertex -4.81725 27.3708 -58.3767
    endloop
  endfacet
  facet normal -0.0439334 -0.22131 -0.974213
    outer loop
      vertex -6.77141 -27.8334 -59.0153
      vertex -7.1244 -27.6634 -59.038
      vertex -6.6879 -27.6378 -59.0635
    endloop
  endfacet
  facet normal -0.0723303 -0.278086 -0.957829
    outer loop
      vertex -6.77141 -27.8334 -59.0153
      vertex -7.2079 -27.8077 -58.9898
      vertex -7.1244 -27.6634 -59.038
    endloop
  endfacet
  facet normal 0.000387858 -0.401974 -0.915651
    outer loop
      vertex -6.6907 -28.3987 -58.786
      vertex -7.00079 -28.1785 -58.8828
      vertex -6.8763 -28.0146 -58.9547
    endloop
  endfacet
  facet normal -0.106807 -0.33028 -0.937821
    outer loop
      vertex -7.00079 -28.1785 -58.8828
      vertex -7.2079 -27.8077 -58.9898
      vertex -6.8763 -28.0146 -58.9547
    endloop
  endfacet
  facet normal -0.335336 -0.195375 -0.921617
    outer loop
      vertex -7.68624 -27.765 -58.887
      vertex -7.88701 -27.4138 -58.8884
      vertex -7.60411 -27.6819 -58.9345
    endloop
  endfacet
  facet normal -0.212177 -0.252633 -0.944011
    outer loop
      vertex -7.30701 -27.9382 -58.9326
      vertex -7.53208 -27.587 -58.976
      vertex -7.2079 -27.8077 -58.9898
    endloop
  endfacet
  facet normal -0.00836267 -0.820506 -0.571577
    outer loop
      vertex -6.83458 -29.5989 -57.6306
      vertex -7.04848 -29.4094 -57.8995
      vertex -6.78091 -29.3045 -58.054
    endloop
  endfacet
  facet normal -0.138692 -0.92219 -0.361012
    outer loop
      vertex -6.93528 -29.8165 -57.1538
      vertex -7.43767 -29.6906 -57.2824
      vertex -7.13352 -29.6676 -57.458
    endloop
  endfacet
  facet normal -0.23352 -0.694268 -0.680779
    outer loop
      vertex -7.50829 -29.2362 -57.9936
      vertex -7.6784 -28.9611 -58.2158
      vertex -7.25769 -29.1787 -58.1382
    endloop
  endfacet
  facet normal -0.169808 -0.778726 -0.603947
    outer loop
      vertex -7.32563 -29.4731 -57.7395
      vertex -7.50829 -29.2362 -57.9936
      vertex -7.25769 -29.1787 -58.1382
    endloop
  endfacet
  facet normal -0.362096 -0.608193 -0.706391
    outer loop
      vertex -7.902 -28.978 -58.0867
      vertex -8.02144 -28.6667 -58.2935
      vertex -7.83304 -28.6525 -58.4023
    endloop
  endfacet
  facet normal -0.361896 -0.60827 -0.706427
    outer loop
      vertex -7.6784 -28.9611 -58.2158
      vertex -7.902 -28.978 -58.0867
      vertex -7.83304 -28.6525 -58.4023
    endloop
  endfacet
  facet normal -0.103036 -0.506721 -0.855931
    outer loop
      vertex -7.04548 -28.713 -58.5812
      vertex -7.29973 -28.4434 -58.7102
      vertex -6.85917 -28.5693 -58.6887
    endloop
  endfacet
  facet normal -0.0124204 -0.588598 -0.808331
    outer loop
      vertex -6.78659 -28.9533 -58.4102
      vertex -7.04548 -28.713 -58.5812
      vertex -6.85917 -28.5693 -58.6887
    endloop
  endfacet
  facet normal 0.312682 -0.351308 -0.882504
    outer loop
      vertex -5.73678 -28.2472 -58.6568
      vertex -5.95861 -27.8631 -58.8883
      vertex -5.61181 -27.9546 -58.729
    endloop
  endfacet
  facet normal 0.312782 -0.351244 -0.882494
    outer loop
      vertex -5.73678 -28.2472 -58.6568
      vertex -6.07162 -28.1278 -58.823
      vertex -5.95861 -27.8631 -58.8883
    endloop
  endfacet
  facet normal 0.0772091 -0.269639 -0.959861
    outer loop
      vertex -6.41847 -27.989 -58.9432
      vertex -6.77141 -27.8334 -59.0153
      vertex -6.31936 -27.757 -59.0004
    endloop
  endfacet
  facet normal 0.196691 -0.313104 -0.929128
    outer loop
      vertex -6.07162 -28.1278 -58.823
      vertex -6.41847 -27.989 -58.9432
      vertex -6.31936 -27.757 -59.0004
    endloop
  endfacet
  facet normal 0.210942 -0.93884 -0.272181
    outer loop
      vertex -6.20135 -29.8916 -56.6906
      vertex -6.40736 -29.8421 -57.021
      vertex -5.88023 -29.7657 -56.876
    endloop
  endfacet
  facet normal 0.314639 -0.889278 -0.331944
    outer loop
      vertex -5.88023 -29.7657 -56.876
      vertex -6.09174 -29.7184 -57.2032
      vertex -5.79279 -29.5482 -57.3758
    endloop
  endfacet
  facet normal 0.423449 -0.383234 -0.820867
    outer loop
      vertex -5.41971 -28.3453 -58.4475
      vertex -5.61181 -27.9546 -58.729
      vertex -5.2849 -28.0297 -58.5253
    endloop
  endfacet
  facet normal 0.52688 -0.40876 -0.745193
    outer loop
      vertex -5.1258 -28.4204 -58.1985
      vertex -5.41971 -28.3453 -58.4475
      vertex -5.2849 -28.0297 -58.5253
    endloop
  endfacet
  facet normal -0.461971 -0.382541 -0.800153
    outer loop
      vertex -10.7176 -28.3269 -56.9635
      vertex -8.19463 -27.9643 -58.5935
      vertex -8.11954 -28.3269 -58.4635
    endloop
  endfacet
  facet normal -0.461968 -0.382552 -0.80015
    outer loop
      vertex -8.19463 -27.9643 -58.5935
      vertex -10.7176 -28.3269 -56.9635
      vertex -10.7927 -27.9643 -57.0935
    endloop
  endfacet
  facet normal -0.421143 0.0984758 -0.901632
    outer loop
      vertex -7.88701 27.4138 -58.8884
      vertex -8.15087 27.1387 -58.7952
      vertex -7.93686 27.4643 -58.8596
    endloop
  endfacet
  facet normal -0.474079 -0.128188 -0.871101
    outer loop
      vertex -8.17926 -27.5803 -58.7197
      vertex -8.24885 -27.1945 -58.7386
      vertex -8.22705 -27.1895 -58.7512
    endloop
  endfacet
  facet normal -0.401634 -0.0729723 -0.912888
    outer loop
      vertex -7.8433 -27.3563 -58.9136
      vertex -8.12387 -27.0981 -58.8108
      vertex -7.80646 -27.2926 -58.9349
    endloop
  endfacet
  facet normal -0.421143 -0.0984758 -0.901632
    outer loop
      vertex -7.93686 -27.4643 -58.8596
      vertex -8.15087 -27.1387 -58.7952
      vertex -7.88701 -27.4138 -58.8884
    endloop
  endfacet
  facet normal -0.3349 -0.195127 -0.921828
    outer loop
      vertex -7.68624 -27.765 -58.887
      vertex -7.93686 -27.4643 -58.8596
      vertex -7.88701 -27.4138 -58.8884
    endloop
  endfacet
  facet normal -0.270078 -0.082848 -0.959267
    outer loop
      vertex -7.42308 -27.369 -59.039
      vertex -7.75583 -27.1515 -58.9641
      vertex -7.38796 -27.2496 -59.0592
    endloop
  endfacet
  facet normal -0.270329 -0.0832684 -0.95916
    outer loop
      vertex -7.42308 -27.369 -59.039
      vertex -7.77714 -27.224 -58.9518
      vertex -7.75583 -27.1515 -58.9641
    endloop
  endfacet
  facet normal -0.00840713 0.820503 -0.571581
    outer loop
      vertex -6.78091 29.3045 -58.054
      vertex -6.83458 29.5989 -57.6306
      vertex -6.54596 29.4858 -57.7972
    endloop
  endfacet
  facet normal 0.0822542 0.777148 -0.62392
    outer loop
      vertex -6.2726 29.3301 -57.9551
      vertex -6.78091 29.3045 -58.054
      vertex -6.54596 29.4858 -57.7972
    endloop
  endfacet
  facet normal 0.2538 0.768412 -0.587477
    outer loop
      vertex -6.01917 29.1346 -58.1014
      vertex -6.0263 29.4602 -57.6786
      vertex -5.75872 29.2537 -57.8331
    endloop
  endfacet
  facet normal 0.335657 0.803179 -0.492177
    outer loop
      vertex -5.75872 29.2537 -57.8331
      vertex -6.0263 29.4602 -57.6786
      vertex -5.51565 29.3343 -57.5358
    endloop
  endfacet
  facet normal 0.336819 0.694902 -0.635345
    outer loop
      vertex -5.51677 29.0087 -57.9728
      vertex -5.79001 28.9026 -58.2337
      vertex -5.75872 29.2537 -57.8331
    endloop
  endfacet
  facet normal 0.410793 0.609475 -0.678077
    outer loop
      vertex -5.30459 28.7294 -58.0953
      vertex -5.79001 28.9026 -58.2337
      vertex -5.51677 29.0087 -57.9728
    endloop
  endfacet
  facet normal 0.0779292 0.660239 -0.747002
    outer loop
      vertex -6.57414 28.7894 -58.5329
      vertex -6.78659 28.9533 -58.4102
      vertex -6.52748 29.1602 -58.2003
    endloop
  endfacet
  facet normal 0.167233 0.720467 -0.673024
    outer loop
      vertex -6.29253 28.9789 -58.336
      vertex -6.52748 29.1602 -58.2003
      vertex -6.01917 29.1346 -58.1014
    endloop
  endfacet
  facet normal -0.0439094 0.221644 -0.974139
    outer loop
      vertex -7.05792 27.5078 -59.0764
      vertex -7.1244 27.6634 -59.038
      vertex -6.6879 27.6378 -59.0635
    endloop
  endfacet
  facet normal -0.00753164 0.0975214 -0.995205
    outer loop
      vertex -6.98028 27.1732 -59.1212
      vertex -7.0096 27.3434 -59.1043
      vertex -6.59037 27.2176 -59.1198
    endloop
  endfacet
  facet normal -0.410318 0.0859758 -0.907881
    outer loop
      vertex -7.8433 27.3563 -58.9136
      vertex -8.15087 27.1387 -58.7952
      vertex -7.88701 27.4138 -58.8884
    endloop
  endfacet
  facet normal -0.411183 -0.0874916 -0.907344
    outer loop
      vertex -7.8433 -27.3563 -58.9136
      vertex -8.15087 -27.1387 -58.7952
      vertex -8.13622 -27.1194 -58.8037
    endloop
  endfacet
  facet normal -0.396754 0.375855 -0.837448
    outer loop
      vertex -7.97849 27.9315 -58.7183
      vertex -8.08563 27.9561 -58.6565
      vertex -7.82214 28.2817 -58.6352
    endloop
  endfacet
  facet normal -0.433584 -0.109689 -0.894412
    outer loop
      vertex -7.93686 -27.4643 -58.8596
      vertex -8.18606 -27.1699 -58.7749
      vertex -8.16758 -27.1557 -58.7856
    endloop
  endfacet
  facet normal -0.438784 0.2542 -0.861888
    outer loop
      vertex -7.97849 27.9315 -58.7183
      vertex -8.11423 27.5653 -58.7572
      vertex -8.08563 27.9561 -58.6565
    endloop
  endfacet
  facet normal -0.404319 0.499747 -0.766015
    outer loop
      vertex -7.96956 28.3155 -58.5501
      vertex -8.11954 28.3269 -58.4635
      vertex -7.83304 28.6525 -58.4023
    endloop
  endfacet
  facet normal 0.25862 0.0464373 -0.964862
    outer loop
      vertex -6.18897 27 -59.0757
      vertex -6.20362 27.2582 -59.0672
      vertex -5.80992 27 -58.9741
    endloop
  endfacet
  facet normal 0.227332 0.227597 -0.946847
    outer loop
      vertex -6.24734 27.512 -59.042
      vertex -6.31936 27.757 -59.0004
      vertex -5.87648 27.5838 -58.9357
    endloop
  endfacet
  facet normal 0.000387858 0.401974 -0.915651
    outer loop
      vertex -6.8763 28.0146 -58.9547
      vertex -7.00079 28.1785 -58.8828
      vertex -6.6907 28.3987 -58.786
    endloop
  endfacet
  facet normal 0.0426782 0.338723 -0.939918
    outer loop
      vertex -6.41847 27.989 -58.9432
      vertex -6.77141 27.8334 -59.0153
      vertex -6.54296 28.2042 -58.8713
    endloop
  endfacet
  facet normal 0.776785 -0.442123 -0.448478
    outer loop
      vertex -4.62716 -28.4968 -57.5995
      vertex 24.219 -28.1456 -7.9828
      vertex 24.0691 -28.4968 -7.89621
    endloop
  endfacet
  facet normal 0.776713 -0.442294 -0.448435
    outer loop
      vertex 24.219 -28.1456 -7.9828
      vertex -4.62716 -28.4968 -57.5995
      vertex -4.47717 -28.1456 -57.6861
    endloop
  endfacet
  facet normal 0.835307 -0.438344 -0.331838
    outer loop
      vertex 24.2252 -28.4712 -7.53709
      vertex 24.0691 -28.4968 -7.89621
      vertex 24.219 -28.1456 -7.9828
    endloop
  endfacet
  facet normal 0.921469 -0.310391 -0.233564
    outer loop
      vertex 24.4808 -28.0871 -7.24702
      vertex 24.3726 -28.126 -7.6222
      vertex 24.4797 -27.7615 -7.68406
    endloop
  endfacet
  facet normal 0.879581 -0.427201 -0.209373
    outer loop
      vertex 24.4808 -28.0871 -7.24702
      vertex 24.2252 -28.4712 -7.53709
      vertex 24.3726 -28.126 -7.6222
    endloop
  endfacet
  facet normal 0.824763 -0.536794 -0.177818
    outer loop
      vertex 24.2832 -28.4452 -7.34656
      vertex 24.1198 -28.6533 -7.47624
      vertex 24.2252 -28.4712 -7.53709
    endloop
  endfacet
  facet normal -0.571021 -0.751829 0.329679
    outer loop
      vertex 1.36489 -29.1168 0.597617
      vertex 3.01986 -29.375 2.87529
      vertex 2.76489 -29.1168 3.02249
    endloop
  endfacet
  facet normal -0.571028 -0.751821 0.329685
    outer loop
      vertex 3.01986 -29.375 2.87529
      vertex 1.36489 -29.1168 0.597617
      vertex 1.61985 -29.375 0.450414
    endloop
  endfacet
  facet normal -0.419551 -0.0972566 -0.902506
    outer loop
      vertex -7.93686 -27.4643 -58.8596
      vertex -8.16758 -27.1557 -58.7856
      vertex -8.15087 -27.1387 -58.7952
    endloop
  endfacet
  facet normal -0.382641 0.00849455 -0.923858
    outer loop
      vertex -7.73855 27 -58.9741
      vertex -8.10256 27.0256 -58.8231
      vertex -7.74289 27.0764 -58.9716
    endloop
  endfacet
  facet normal -0.313845 0.170756 -0.933994
    outer loop
      vertex -7.8433 27.3563 -58.9136
      vertex -7.88701 27.4138 -58.8884
      vertex -7.53208 27.587 -58.976
    endloop
  endfacet
  facet normal -0.468675 0.258898 -0.84458
    outer loop
      vertex -8.08563 27.9561 -58.6565
      vertex -8.24541 27.5853 -58.6815
      vertex -8.19463 27.9643 -58.5935
    endloop
  endfacet
  facet normal -0.387981 0.0411934 -0.920746
    outer loop
      vertex -8.10689 27.0508 -58.8206
      vertex -8.11404 27.0751 -58.8165
      vertex -7.77714 27.224 -58.9518
    endloop
  endfacet
  facet normal -0.156332 -0.670267 -0.725467
    outer loop
      vertex -7.25769 -29.1787 -58.1382
      vertex -7.45863 -28.9106 -58.3426
      vertex -7.24645 -28.8275 -58.4651
    endloop
  endfacet
  facet normal -0.233404 -0.694113 -0.680977
    outer loop
      vertex -7.25769 -29.1787 -58.1382
      vertex -7.6784 -28.9611 -58.2158
      vertex -7.45863 -28.9106 -58.3426
    endloop
  endfacet
  facet normal -0.24071 -0.449136 -0.860428
    outer loop
      vertex -7.46907 -28.5398 -58.6125
      vertex -7.6798 -28.2259 -58.7174
      vertex -7.545 -28.1491 -58.7952
    endloop
  endfacet
  facet normal -0.240736 -0.449137 -0.86042
    outer loop
      vertex -7.46907 -28.5398 -58.6125
      vertex -7.545 -28.1491 -58.7952
      vertex -7.29973 -28.4434 -58.7102
    endloop
  endfacet
  facet normal -0.383716 -0.232747 -0.893639
    outer loop
      vertex -7.87504 -27.8909 -58.778
      vertex -7.99198 -27.5069 -58.8278
      vertex -7.77707 -27.8351 -58.8346
    endloop
  endfacet
  facet normal -0.357844 -0.215497 -0.908575
    outer loop
      vertex -7.77707 -27.8351 -58.8346
      vertex -7.99198 -27.5069 -58.8278
      vertex -7.68624 -27.765 -58.887
    endloop
  endfacet
  facet normal 0.335657 -0.803179 -0.492177
    outer loop
      vertex -5.51565 -29.3343 -57.5358
      vertex -6.0263 -29.4602 -57.6786
      vertex -5.75872 -29.2537 -57.8331
    endloop
  endfacet
  facet normal 0.335666 -0.803124 -0.49226
    outer loop
      vertex -5.79279 -29.5482 -57.3758
      vertex -6.0263 -29.4602 -57.6786
      vertex -5.51565 -29.3343 -57.5358
    endloop
  endfacet
  facet normal -0.776717 0.442285 0.448436
    outer loop
      vertex 0.802905 28.1456 0.922079
      vertex 2.35289 28.4968 3.26036
      vertex 0.952893 28.4968 0.835484
    endloop
  endfacet
  facet normal -0.776724 0.442266 0.448443
    outer loop
      vertex 2.35289 28.4968 3.26036
      vertex 0.802905 28.1456 0.922079
      vertex 2.20291 28.1456 3.34695
    endloop
  endfacet
  facet normal -0.864171 -0.065413 0.498929
    outer loop
      vertex 2.02774 -27.3907 3.44808
      vertex 0.605563 -27 1.03602
      vertex 0.627741 -27.3907 1.02321
    endloop
  endfacet
  facet normal -0.864171 -0.0654174 0.498928
    outer loop
      vertex 0.605563 -27 1.03602
      vertex 2.02774 -27.3907 3.44808
      vertex 2.00556 -27 3.46089
    endloop
  endfacet
  facet normal 0.227281 0.22745 -0.946895
    outer loop
      vertex -5.87648 27.5838 -58.9357
      vertex -6.31936 27.757 -59.0004
      vertex -5.95861 27.8632 -58.8883
    endloop
  endfacet
  facet normal 0.196509 0.313225 -0.929126
    outer loop
      vertex -5.95861 27.8632 -58.8883
      vertex -6.31936 27.757 -59.0004
      vertex -6.07162 28.1278 -58.823
    endloop
  endfacet
  facet normal -0.211612 -0.252298 -0.944228
    outer loop
      vertex -7.30701 -27.9382 -58.9326
      vertex -7.60411 -27.6819 -58.9345
      vertex -7.53208 -27.587 -58.976
    endloop
  endfacet
  facet normal -0.243263 -0.288852 -0.925952
    outer loop
      vertex -7.30701 -27.9382 -58.9326
      vertex -7.68624 -27.765 -58.887
      vertex -7.60411 -27.6819 -58.9345
    endloop
  endfacet
  facet normal 0.0662755 -0.875147 -0.479296
    outer loop
      vertex -6.31492 -29.6245 -57.512
      vertex -6.83458 -29.5989 -57.6306
      vertex -6.54596 -29.4858 -57.7972
    endloop
  endfacet
  facet normal 0.0663359 -0.875014 -0.479532
    outer loop
      vertex -6.61965 -29.744 -57.3361
      vertex -6.83458 -29.5989 -57.6306
      vertex -6.31492 -29.6245 -57.512
    endloop
  endfacet
  facet normal 0.13967 -0.914753 -0.379102
    outer loop
      vertex -6.09174 -29.7184 -57.2032
      vertex -6.40736 -29.8421 -57.021
      vertex -6.31492 -29.6245 -57.512
    endloop
  endfacet
  facet normal 0.240722 -0.866428 -0.437441
    outer loop
      vertex -6.09174 -29.7184 -57.2032
      vertex -6.31492 -29.6245 -57.512
      vertex -5.79279 -29.5482 -57.3758
    endloop
  endfacet
  facet normal -0.460773 -0.124548 -0.878735
    outer loop
      vertex -8.05145 -27.5407 -58.7935
      vertex -8.22705 -27.1895 -58.7512
      vertex -8.206 -27.1813 -58.7634
    endloop
  endfacet
  facet normal -0.459831 -0.124008 -0.879305
    outer loop
      vertex -8.11423 -27.5653 -58.7572
      vertex -8.22705 -27.1895 -58.7512
      vertex -8.05145 -27.5407 -58.7935
    endloop
  endfacet
  facet normal -0.296294 -0.14434 -0.944127
    outer loop
      vertex -7.53208 -27.587 -58.976
      vertex -7.8433 -27.3563 -58.9136
      vertex -7.80646 -27.2926 -58.9349
    endloop
  endfacet
  facet normal -0.313845 -0.170756 -0.933994
    outer loop
      vertex -7.53208 -27.587 -58.976
      vertex -7.88701 -27.4138 -58.8884
      vertex -7.8433 -27.3563 -58.9136
    endloop
  endfacet
  facet normal -0.388344 -0.0420305 -0.920555
    outer loop
      vertex -7.77714 -27.224 -58.9518
      vertex -8.10689 -27.0508 -58.8206
      vertex -7.75583 -27.1515 -58.9641
    endloop
  endfacet
  facet normal -0.355238 0.362871 -0.86147
    outer loop
      vertex -7.6798 28.2259 -58.7174
      vertex -7.87504 27.8909 -58.778
      vertex -7.82214 28.2817 -58.6352
    endloop
  endfacet
  facet normal -0.155983 0.670311 -0.725502
    outer loop
      vertex -7.24645 28.8275 -58.4651
      vertex -7.25769 29.1787 -58.1382
      vertex -7.01574 29.0838 -58.2779
    endloop
  endfacet
  facet normal 0.0509141 0.532248 -0.845056
    outer loop
      vertex -6.6907 28.3987 -58.786
      vertex -6.85917 28.5693 -58.6887
      vertex -6.57414 28.7894 -58.5329
    endloop
  endfacet
  facet normal 0.245182 0.651409 -0.718019
    outer loop
      vertex -6.08008 28.7638 -58.4586
      vertex -6.29253 28.9789 -58.336
      vertex -6.01917 29.1346 -58.1014
    endloop
  endfacet
  facet normal 0.000159149 0.712094 -0.702084
    outer loop
      vertex -6.52748 29.1602 -58.2003
      vertex -7.01574 29.0838 -58.2779
      vertex -6.78091 29.3045 -58.054
    endloop
  endfacet
  facet normal 0.0822668 0.777104 -0.623973
    outer loop
      vertex -6.52748 29.1602 -58.2003
      vertex -6.78091 29.3045 -58.054
      vertex -6.2726 29.3301 -57.9551
    endloop
  endfacet
  facet normal -0.147401 0.122683 -0.981439
    outer loop
      vertex -7.38796 27.2496 -59.0592
      vertex -7.42308 27.369 -59.039
      vertex -7.0096 27.3434 -59.1043
    endloop
  endfacet
  facet normal -0.0221452 0.160945 -0.986715
    outer loop
      vertex -7.0096 27.3434 -59.1043
      vertex -7.05792 27.5078 -59.0764
      vertex -6.6879 27.6378 -59.0635
    endloop
  endfacet
  facet normal 0.130531 0.0400181 -0.990636
    outer loop
      vertex -6.18897 27 -59.0757
      vertex -6.59037 27.2176 -59.1198
      vertex -6.20362 27.2582 -59.0672
    endloop
  endfacet
  facet normal -0.130433 0.0252155 -0.991136
    outer loop
      vertex -6.97045 27 -59.1269
      vertex -7.35951 27 -59.0757
      vertex -6.98028 27.1732 -59.1212
    endloop
  endfacet
  facet normal -0.136459 0.0755079 -0.987764
    outer loop
      vertex -7.36665 27.1259 -59.0716
      vertex -7.38796 27.2496 -59.0592
      vertex -7.0096 27.3434 -59.1043
    endloop
  endfacet
  facet normal -0.281491 0.114397 -0.95272
    outer loop
      vertex -7.77714 27.224 -58.9518
      vertex -7.80646 27.2926 -58.9349
      vertex -7.42308 27.369 -59.039
    endloop
  endfacet
  facet normal -0.296294 0.14434 -0.944127
    outer loop
      vertex -7.80646 27.2926 -58.9349
      vertex -7.8433 27.3563 -58.9136
      vertex -7.53208 27.587 -58.976
    endloop
  endfacet
  facet normal -0.411183 0.0874916 -0.907344
    outer loop
      vertex -8.13622 27.1194 -58.8037
      vertex -8.15087 27.1387 -58.7952
      vertex -7.8433 27.3563 -58.9136
    endloop
  endfacet
  facet normal -0.388344 0.0420305 -0.920555
    outer loop
      vertex -7.75583 27.1515 -58.9641
      vertex -8.10689 27.0508 -58.8206
      vertex -7.77714 27.224 -58.9518
    endloop
  endfacet
  facet normal -0.459831 0.124008 -0.879305
    outer loop
      vertex -8.05145 27.5407 -58.7935
      vertex -8.22705 27.1895 -58.7512
      vertex -8.11423 27.5653 -58.7572
    endloop
  endfacet
  facet normal -0.445101 0.11705 -0.887798
    outer loop
      vertex -8.18606 27.1699 -58.7749
      vertex -8.206 27.1813 -58.7634
      vertex -8.05145 27.5407 -58.7935
    endloop
  endfacet
  facet normal -0.0819688 0.634899 -0.768235
    outer loop
      vertex -6.78659 28.9533 -58.4102
      vertex -7.24645 28.8275 -58.4651
      vertex -7.01574 29.0838 -58.2779
    endloop
  endfacet
  facet normal -0.106807 0.33028 -0.937821
    outer loop
      vertex -6.8763 28.0146 -58.9547
      vertex -7.2079 27.8077 -58.9898
      vertex -7.00079 28.1785 -58.8828
    endloop
  endfacet
  facet normal -0.192145 0.416469 -0.888614
    outer loop
      vertex -7.14275 28.3223 -58.8009
      vertex -7.42002 28.0527 -58.8673
      vertex -7.29973 28.4434 -58.7102
    endloop
  endfacet
  facet normal -0.0074273 0.097865 -0.995172
    outer loop
      vertex -6.59037 27.2176 -59.1198
      vertex -7.0096 27.3434 -59.1043
      vertex -6.62721 27.4314 -59.0985
    endloop
  endfacet
  facet normal 0.103453 0.195985 -0.975135
    outer loop
      vertex -6.24734 27.512 -59.042
      vertex -6.62721 27.4314 -59.0985
      vertex -6.31936 27.757 -59.0004
    endloop
  endfacet
  facet normal -0.0723444 0.278423 -0.95773
    outer loop
      vertex -6.77141 27.8334 -59.0153
      vertex -7.2079 27.8077 -58.9898
      vertex -6.8763 28.0146 -58.9547
    endloop
  endfacet
  facet normal 0.0424038 0.338875 -0.939875
    outer loop
      vertex -6.77141 27.8334 -59.0153
      vertex -6.8763 28.0146 -58.9547
      vertex -6.54296 28.2042 -58.8713
    endloop
  endfacet
  facet normal 0.107649 0.466744 -0.877816
    outer loop
      vertex -6.54296 28.2042 -58.8713
      vertex -6.6907 28.3987 -58.786
      vertex -6.21357 28.3731 -58.7411
    endloop
  endfacet
  facet normal 0.156587 0.39328 -0.905986
    outer loop
      vertex -6.41847 27.989 -58.9432
      vertex -6.54296 28.2042 -58.8713
      vertex -6.07162 28.1278 -58.823
    endloop
  endfacet
  facet normal 0.908871 0.408449 -0.0843921
    outer loop
      vertex 24.4808 28.0871 -7.24702
      vertex 24.439 28.1851 -7.22288
      vertex 24.4913 28.0773 -7.18137
    endloop
  endfacet
  facet normal -0.481063 -0.831527 0.277743
    outer loop
      vertex 1.61985 -29.375 0.450414
      vertex 3.30182 -29.5925 2.71249
      vertex 3.01986 -29.375 2.87529
    endloop
  endfacet
  facet normal -0.481058 -0.831531 0.277739
    outer loop
      vertex 3.30182 -29.5925 2.71249
      vertex 1.61985 -29.375 0.450414
      vertex 1.90182 -29.5925 0.287621
    endloop
  endfacet
  facet normal -0.382641 -0.00849455 -0.923858
    outer loop
      vertex -7.74289 -27.0764 -58.9716
      vertex -8.10256 -27.0256 -58.8231
      vertex -7.73855 -27 -58.9741
    endloop
  endfacet
  facet normal -0.382732 0.00704206 -0.923832
    outer loop
      vertex -8.1011 27 -58.8239
      vertex -8.10256 27.0256 -58.8231
      vertex -7.73855 27 -58.9741
    endloop
  endfacet
  facet normal -0.226809 -0.577359 -0.784356
    outer loop
      vertex -7.24645 -28.8275 -58.4651
      vertex -7.64786 -28.6099 -58.5092
      vertex -7.46907 -28.5398 -58.6125
    endloop
  endfacet
  facet normal -0.293478 -0.474457 -0.829916
    outer loop
      vertex -7.64786 -28.6099 -58.5092
      vertex -7.82214 -28.2817 -58.6352
      vertex -7.46907 -28.5398 -58.6125
    endloop
  endfacet
  facet normal 0.0771861 0.269495 -0.959904
    outer loop
      vertex -6.6879 27.6378 -59.0635
      vertex -6.77141 27.8334 -59.0153
      vertex -6.31936 27.757 -59.0004
    endloop
  endfacet
  facet normal 0.0772091 0.269639 -0.959861
    outer loop
      vertex -6.31936 27.757 -59.0004
      vertex -6.77141 27.8334 -59.0153
      vertex -6.41847 27.989 -58.9432
    endloop
  endfacet
  facet normal -0.394286 -0.0587683 -0.917107
    outer loop
      vertex -7.77714 -27.224 -58.9518
      vertex -8.12387 -27.0981 -58.8108
      vertex -8.11404 -27.0751 -58.8165
    endloop
  endfacet
  facet normal -0.258908 -0.0168943 -0.965754
    outer loop
      vertex -7.36665 -27.1259 -59.0716
      vertex -7.74289 -27.0764 -58.9716
      vertex -7.73855 -27 -58.9741
    endloop
  endfacet
  facet normal -0.262791 -0.0509426 -0.963507
    outer loop
      vertex -7.36665 -27.1259 -59.0716
      vertex -7.75583 -27.1515 -58.9641
      vertex -7.74289 -27.0764 -58.9716
    endloop
  endfacet
  facet normal 0.149473 0.596913 -0.788259
    outer loop
      vertex -6.08008 28.7638 -58.4586
      vertex -6.57414 28.7894 -58.5329
      vertex -6.29253 28.9789 -58.336
    endloop
  endfacet
  facet normal -0.233404 0.694113 -0.680977
    outer loop
      vertex -7.45863 28.9106 -58.3426
      vertex -7.6784 28.9611 -58.2158
      vertex -7.25769 29.1787 -58.1382
    endloop
  endfacet
  facet normal -0.383716 0.232747 -0.893639
    outer loop
      vertex -7.77707 27.8351 -58.8346
      vertex -7.99198 27.5069 -58.8278
      vertex -7.87504 27.8909 -58.778
    endloop
  endfacet
  facet normal -0.240736 0.449137 -0.86042
    outer loop
      vertex -7.29973 28.4434 -58.7102
      vertex -7.545 28.1491 -58.7952
      vertex -7.46907 28.5398 -58.6125
    endloop
  endfacet
  facet normal 0.213047 0.52364 -0.824871
    outer loop
      vertex -5.89377 28.5185 -58.5662
      vertex -6.21357 28.3731 -58.7411
      vertex -6.08008 28.7638 -58.4586
    endloop
  endfacet
  facet normal 0.267913 0.441073 -0.85655
    outer loop
      vertex -5.73678 28.2472 -58.6568
      vertex -6.21357 28.3731 -58.7411
      vertex -5.89377 28.5185 -58.5662
    endloop
  endfacet
  facet normal 0.051014 0.532224 -0.845065
    outer loop
      vertex -6.38204 28.5949 -58.6438
      vertex -6.6907 28.3987 -58.786
      vertex -6.57414 28.7894 -58.5329
    endloop
  endfacet
  facet normal 0.149466 0.597024 -0.788176
    outer loop
      vertex -6.38204 28.5949 -58.6438
      vertex -6.57414 28.7894 -58.5329
      vertex -6.08008 28.7638 -58.4586
    endloop
  endfacet
  facet normal -0.270078 0.082848 -0.959267
    outer loop
      vertex -7.38796 27.2496 -59.0592
      vertex -7.75583 27.1515 -58.9641
      vertex -7.42308 27.369 -59.039
    endloop
  endfacet
  facet normal -0.164041 0.169727 -0.971742
    outer loop
      vertex -7.05792 27.5078 -59.0764
      vertex -7.42308 27.369 -59.039
      vertex -7.1244 27.6634 -59.038
    endloop
  endfacet
  facet normal -0.135962 0.0746712 -0.987896
    outer loop
      vertex -6.98028 27.1732 -59.1212
      vertex -7.36665 27.1259 -59.0716
      vertex -7.0096 27.3434 -59.1043
    endloop
  endfacet
  facet normal -0.130287 0.024889 -0.991164
    outer loop
      vertex -7.35951 27 -59.0757
      vertex -7.36665 27.1259 -59.0716
      vertex -6.98028 27.1732 -59.1212
    endloop
  endfacet
  facet normal -0.262763 0.0513166 -0.963495
    outer loop
      vertex -7.36665 27.1259 -59.0716
      vertex -7.75583 27.1515 -58.9641
      vertex -7.38796 27.2496 -59.0592
    endloop
  endfacet
  facet normal -0.384598 0.0258817 -0.922721
    outer loop
      vertex -7.74289 27.0764 -58.9716
      vertex -8.10689 27.0508 -58.8206
      vertex -7.75583 27.1515 -58.9641
    endloop
  endfacet
  facet normal -0.270329 0.0832684 -0.95916
    outer loop
      vertex -7.75583 27.1515 -58.9641
      vertex -7.77714 27.224 -58.9518
      vertex -7.42308 27.369 -59.039
    endloop
  endfacet
  facet normal -0.185604 0.213017 -0.959258
    outer loop
      vertex -7.1244 27.6634 -59.038
      vertex -7.47139 27.4822 -59.0111
      vertex -7.2079 27.8077 -58.9898
    endloop
  endfacet
  facet normal -0.433584 0.109689 -0.894412
    outer loop
      vertex -8.16758 27.1557 -58.7856
      vertex -8.18606 27.1699 -58.7749
      vertex -7.93686 27.4643 -58.8596
    endloop
  endfacet
  facet normal -0.432486 0.108567 -0.895081
    outer loop
      vertex -7.93686 27.4643 -58.8596
      vertex -8.18606 27.1699 -58.7749
      vertex -7.99198 27.5069 -58.8278
    endloop
  endfacet
  facet normal -0.401634 0.0729723 -0.912888
    outer loop
      vertex -7.80646 27.2926 -58.9349
      vertex -8.12387 27.0981 -58.8108
      vertex -7.8433 27.3563 -58.9136
    endloop
  endfacet
  facet normal -0.382732 -0.00704206 -0.923832
    outer loop
      vertex -7.73855 -27 -58.9741
      vertex -8.10256 -27.0256 -58.8231
      vertex -8.1011 -27 -58.8239
    endloop
  endfacet
  facet normal -0.313162 0.70632 -0.634855
    outer loop
      vertex -7.6784 28.9611 -58.2158
      vertex -7.902 28.978 -58.0867
      vertex -7.76326 29.2555 -57.8464
    endloop
  endfacet
  facet normal -0.258985 0.792275 -0.552474
    outer loop
      vertex -7.50829 29.2362 -57.9936
      vertex -7.76326 29.2555 -57.8464
      vertex -7.32563 29.4731 -57.7395
    endloop
  endfacet
  facet normal -0.362096 0.608193 -0.706391
    outer loop
      vertex -7.83304 28.6525 -58.4023
      vertex -8.02144 28.6667 -58.2935
      vertex -7.902 28.978 -58.0867
    endloop
  endfacet
  facet normal -0.361896 0.60827 -0.706427
    outer loop
      vertex -7.83304 28.6525 -58.4023
      vertex -7.902 28.978 -58.0867
      vertex -7.6784 28.9611 -58.2158
    endloop
  endfacet
  facet normal -0.473092 0.128112 -0.871649
    outer loop
      vertex -8.11423 27.5653 -58.7572
      vertex -8.22705 27.1895 -58.7512
      vertex -8.17926 27.5803 -58.7197
    endloop
  endfacet
  facet normal -0.460773 0.124548 -0.878735
    outer loop
      vertex -8.206 27.1813 -58.7634
      vertex -8.22705 27.1895 -58.7512
      vertex -8.05145 27.5407 -58.7935
    endloop
  endfacet
  facet normal 0.121518 0.119112 -0.985417
    outer loop
      vertex -6.59037 27.2176 -59.1198
      vertex -6.62721 27.4314 -59.0985
      vertex -6.20362 27.2582 -59.0672
    endloop
  endfacet
  facet normal -0.0220481 0.160841 -0.986734
    outer loop
      vertex -6.62721 27.4314 -59.0985
      vertex -7.0096 27.3434 -59.1043
      vertex -6.6879 27.6378 -59.0635
    endloop
  endfacet
  facet normal 0.879539 0.427253 -0.20944
    outer loop
      vertex 24.439 28.1851 -7.22288
      vertex 24.2252 28.4712 -7.53709
      vertex 24.2832 28.4452 -7.34656
    endloop
  endfacet
  facet normal 0.879626 0.426877 -0.209842
    outer loop
      vertex 24.2252 28.4712 -7.53709
      vertex 24.439 28.1851 -7.22288
      vertex 24.4808 28.0871 -7.24702
    endloop
  endfacet
  facet normal 0.824763 0.536794 -0.177818
    outer loop
      vertex 24.2252 28.4712 -7.53709
      vertex 24.1198 28.6533 -7.47624
      vertex 24.2832 28.4452 -7.34656
    endloop
  endfacet
  facet normal -0.394286 0.0587683 -0.917107
    outer loop
      vertex -8.11404 27.0751 -58.8165
      vertex -8.12387 27.0981 -58.8108
      vertex -7.77714 27.224 -58.9518
    endloop
  endfacet
  facet normal -0.191582 0.416364 -0.888784
    outer loop
      vertex -7.42002 28.0527 -58.8673
      vertex -7.545 28.1491 -58.7952
      vertex -7.29973 28.4434 -58.7102
    endloop
  endfacet
  facet normal -0.314896 0.343572 -0.884759
    outer loop
      vertex -7.545 28.1491 -58.7952
      vertex -7.87504 27.8909 -58.778
      vertex -7.6798 28.2259 -58.7174
    endloop
  endfacet
  facet normal -0.103167 0.507135 -0.85567
    outer loop
      vertex -7.14275 28.3223 -58.8009
      vertex -7.29973 28.4434 -58.7102
      vertex -6.85917 28.5693 -58.6887
    endloop
  endfacet
  facet normal -0.0482375 0.458481 -0.887394
    outer loop
      vertex -6.6907 28.3987 -58.786
      vertex -7.14275 28.3223 -58.8009
      vertex -6.85917 28.5693 -58.6887
    endloop
  endfacet
  facet normal -0.0127168 0.588632 -0.808301
    outer loop
      vertex -6.57414 28.7894 -58.5329
      vertex -6.85917 28.5693 -58.6887
      vertex -6.78659 28.9533 -58.4102
    endloop
  endfacet
  facet normal -0.0124204 0.588598 -0.808331
    outer loop
      vertex -6.85917 28.5693 -58.6887
      vertex -7.04548 28.713 -58.5812
      vertex -6.78659 28.9533 -58.4102
    endloop
  endfacet
  facet normal 0.213012 0.523653 -0.824872
    outer loop
      vertex -6.21357 28.3731 -58.7411
      vertex -6.38204 28.5949 -58.6438
      vertex -6.08008 28.7638 -58.4586
    endloop
  endfacet
  facet normal 0.107649 0.46683 -0.877771
    outer loop
      vertex -6.21357 28.3731 -58.7411
      vertex -6.6907 28.3987 -58.786
      vertex -6.38204 28.5949 -58.6438
    endloop
  endfacet
  facet normal -0.393954 0.0576098 -0.917323
    outer loop
      vertex -7.77714 27.224 -58.9518
      vertex -8.12387 27.0981 -58.8108
      vertex -7.80646 27.2926 -58.9349
    endloop
  endfacet
  facet normal -0.281531 0.114655 -0.952678
    outer loop
      vertex -7.42308 27.369 -59.039
      vertex -7.80646 27.2926 -58.9349
      vertex -7.47139 27.4822 -59.0111
    endloop
  endfacet
  facet normal -0.296459 0.144504 -0.94405
    outer loop
      vertex -7.47139 27.4822 -59.0111
      vertex -7.80646 27.2926 -58.9349
      vertex -7.53208 27.587 -58.976
    endloop
  endfacet
  facet normal -0.262791 0.0509426 -0.963507
    outer loop
      vertex -7.74289 27.0764 -58.9716
      vertex -7.75583 27.1515 -58.9641
      vertex -7.36665 27.1259 -59.0716
    endloop
  endfacet
  facet normal -0.258908 0.0168943 -0.965754
    outer loop
      vertex -7.73855 27 -58.9741
      vertex -7.74289 27.0764 -58.9716
      vertex -7.36665 27.1259 -59.0716
    endloop
  endfacet
  facet normal -0.50133 0.00155228 -0.865255
    outer loop
      vertex -8.27102 -27.1962 -58.7258
      vertex -8.1011 -27 -58.8239
      vertex -8.10256 -27.0256 -58.8231
    endloop
  endfacet
  facet normal -0.499999 0 -0.866026
    outer loop
      vertex -8.1011 -27 -58.8239
      vertex -10.8691 -27.1962 -57.2258
      vertex -8.1011 27 -58.8239
    endloop
  endfacet
  facet normal -0.500182 3.92647e-05 -0.86592
    outer loop
      vertex -8.27102 -27.1962 -58.7258
      vertex -8.10256 -27.0256 -58.8231
      vertex -8.10689 -27.0508 -58.8206
    endloop
  endfacet
  facet normal -0.499999 -0 -0.866026
    outer loop
      vertex -10.8691 27.1962 -57.2258
      vertex -8.1011 27 -58.8239
      vertex -10.8691 -27.1962 -57.2258
    endloop
  endfacet
  facet normal -0.501108 0.00143421 -0.865383
    outer loop
      vertex -8.27102 -27.1962 -58.7258
      vertex -8.10689 -27.0508 -58.8206
      vertex -8.11404 -27.0751 -58.8165
    endloop
  endfacet
  facet normal -0.499999 -1.41896e-05 -0.866026
    outer loop
      vertex -8.27102 27.1962 -58.7258
      vertex -8.1011 27 -58.8239
      vertex -10.8691 27.1962 -57.2258
    endloop
  endfacet
  facet normal -0.499615 -0.00114718 -0.866247
    outer loop
      vertex -8.27102 -27.1962 -58.7258
      vertex -8.11404 -27.0751 -58.8165
      vertex -8.12387 -27.0981 -58.8108
    endloop
  endfacet
  facet normal -0.50133 -0.00155228 -0.865255
    outer loop
      vertex -8.1011 27 -58.8239
      vertex -8.27102 27.1962 -58.7258
      vertex -8.10256 27.0256 -58.8231
    endloop
  endfacet
  facet normal -0.501309 0.00224331 -0.865265
    outer loop
      vertex -8.27102 -27.1962 -58.7258
      vertex -8.12387 -27.0981 -58.8108
      vertex -8.13622 -27.1194 -58.8037
    endloop
  endfacet
  facet normal -0.500182 -3.92647e-05 -0.86592
    outer loop
      vertex -8.10256 27.0256 -58.8231
      vertex -8.27102 27.1962 -58.7258
      vertex -8.10689 27.0508 -58.8206
    endloop
  endfacet
  facet normal -0.499206 -0.00267892 -0.866479
    outer loop
      vertex -8.27102 -27.1962 -58.7258
      vertex -8.13622 -27.1194 -58.8037
      vertex -8.15087 -27.1387 -58.7952
    endloop
  endfacet
  facet normal -0.501108 -0.00143421 -0.865383
    outer loop
      vertex -8.10689 27.0508 -58.8206
      vertex -8.27102 27.1962 -58.7258
      vertex -8.11404 27.0751 -58.8165
    endloop
  endfacet
  facet normal -0.501951 0.00498433 -0.864882
    outer loop
      vertex -8.27102 -27.1962 -58.7258
      vertex -8.15087 -27.1387 -58.7952
      vertex -8.16758 -27.1557 -58.7856
    endloop
  endfacet
  facet normal -0.499615 0.00114718 -0.866247
    outer loop
      vertex -8.11404 27.0751 -58.8165
      vertex -8.27102 27.1962 -58.7258
      vertex -8.12387 27.0981 -58.8108
    endloop
  endfacet
  facet normal -0.499893 -0.00204857 -0.866085
    outer loop
      vertex -8.27102 -27.1962 -58.7258
      vertex -8.16758 -27.1557 -58.7856
      vertex -8.18606 -27.1699 -58.7749
    endloop
  endfacet
  facet normal -0.501309 -0.00224331 -0.865265
    outer loop
      vertex -8.12387 27.0981 -58.8108
      vertex -8.27102 27.1962 -58.7258
      vertex -8.13622 27.1194 -58.8037
    endloop
  endfacet
  facet normal -0.501276 0.00392386 -0.865279
    outer loop
      vertex -8.27102 -27.1962 -58.7258
      vertex -8.18606 -27.1699 -58.7749
      vertex -8.206 -27.1813 -58.7634
    endloop
  endfacet
  facet normal -0.499206 0.00267892 -0.866479
    outer loop
      vertex -8.13622 27.1194 -58.8037
      vertex -8.27102 27.1962 -58.7258
      vertex -8.15087 27.1387 -58.7952
    endloop
  endfacet
  facet normal -0.499398 -0.00696173 -0.866345
    outer loop
      vertex -8.27102 -27.1962 -58.7258
      vertex -8.206 -27.1813 -58.7634
      vertex -8.22705 -27.1895 -58.7512
    endloop
  endfacet
  facet normal -0.501951 -0.00498433 -0.864882
    outer loop
      vertex -8.15087 27.1387 -58.7952
      vertex -8.27102 27.1962 -58.7258
      vertex -8.16758 27.1557 -58.7856
    endloop
  endfacet
  facet normal -0.499797 -0.00354483 -0.866135
    outer loop
      vertex -8.27102 -27.1962 -58.7258
      vertex -8.22705 -27.1895 -58.7512
      vertex -8.24885 -27.1945 -58.7386
    endloop
  endfacet
  facet normal -0.499893 0.00204857 -0.866085
    outer loop
      vertex -8.16758 27.1557 -58.7856
      vertex -8.27102 27.1962 -58.7258
      vertex -8.18606 27.1699 -58.7749
    endloop
  endfacet
  facet normal -0.499999 1.41896e-05 -0.866026
    outer loop
      vertex -8.1011 -27 -58.8239
      vertex -8.27102 -27.1962 -58.7258
      vertex -10.8691 -27.1962 -57.2258
    endloop
  endfacet
  facet normal -0.501276 -0.00392386 -0.865279
    outer loop
      vertex -8.18606 27.1699 -58.7749
      vertex -8.27102 27.1962 -58.7258
      vertex -8.206 27.1813 -58.7634
    endloop
  endfacet
  facet normal -0.499398 0.00696173 -0.866345
    outer loop
      vertex -8.206 27.1813 -58.7634
      vertex -8.27102 27.1962 -58.7258
      vertex -8.22705 27.1895 -58.7512
    endloop
  endfacet
  facet normal -0.499797 0.00354483 -0.866135
    outer loop
      vertex -8.22705 27.1895 -58.7512
      vertex -8.27102 27.1962 -58.7258
      vertex -8.24885 27.1945 -58.7386
    endloop
  endfacet
  facet normal -0.226771 0.577301 -0.784409
    outer loop
      vertex -7.24645 28.8275 -58.4651
      vertex -7.64786 28.6099 -58.5092
      vertex -7.45863 28.9106 -58.3426
    endloop
  endfacet
  facet normal -0.156332 0.670267 -0.725467
    outer loop
      vertex -7.24645 28.8275 -58.4651
      vertex -7.45863 28.9106 -58.3426
      vertex -7.25769 29.1787 -58.1382
    endloop
  endfacet
  facet normal -0.293181 0.597813 -0.7461
    outer loop
      vertex -7.64786 28.6099 -58.5092
      vertex -7.83304 28.6525 -58.4023
      vertex -7.6784 28.9611 -58.2158
    endloop
  endfacet
  facet normal -0.293478 0.474457 -0.829916
    outer loop
      vertex -7.46907 28.5398 -58.6125
      vertex -7.82214 28.2817 -58.6352
      vertex -7.64786 28.6099 -58.5092
    endloop
  endfacet
  facet normal -0.411149 0.245962 -0.877758
    outer loop
      vertex -8.05145 27.5407 -58.7935
      vertex -8.11423 27.5653 -58.7572
      vertex -7.87504 27.8909 -58.778
    endloop
  endfacet
  facet normal -0.348249 0.491229 -0.798384
    outer loop
      vertex -7.82214 28.2817 -58.6352
      vertex -7.96956 28.3155 -58.5501
      vertex -7.83304 28.6525 -58.4023
    endloop
  endfacet
  facet normal -0.474079 0.128188 -0.871101
    outer loop
      vertex -8.22705 27.1895 -58.7512
      vertex -8.24885 27.1945 -58.7386
      vertex -8.17926 27.5803 -58.7197
    endloop
  endfacet
  facet normal -0.488406 0.130367 -0.862824
    outer loop
      vertex -8.17926 27.5803 -58.7197
      vertex -8.24885 27.1945 -58.7386
      vertex -8.24541 27.5853 -58.6815
    endloop
  endfacet
  facet normal 0.130371 0.0397175 -0.990669
    outer loop
      vertex -6.57803 27 -59.1269
      vertex -6.59037 27.2176 -59.1198
      vertex -6.18897 27 -59.0757
    endloop
  endfacet
  facet normal 0 0.0326113 -0.999468
    outer loop
      vertex -6.57803 27 -59.1269
      vertex -6.97045 27 -59.1269
      vertex -6.59037 27.2176 -59.1198
    endloop
  endfacet
  facet normal -0.315147 0.343907 -0.88454
    outer loop
      vertex -7.77707 27.8351 -58.8346
      vertex -7.87504 27.8909 -58.778
      vertex -7.545 28.1491 -58.7952
    endloop
  endfacet
  facet normal -0.0481504 0.458013 -0.88764
    outer loop
      vertex -7.00079 28.1785 -58.8828
      vertex -7.14275 28.3223 -58.8009
      vertex -6.6907 28.3987 -58.786
    endloop
  endfacet
  facet normal -0.313053 0.706361 -0.634863
    outer loop
      vertex -7.6784 28.9611 -58.2158
      vertex -7.76326 29.2555 -57.8464
      vertex -7.50829 29.2362 -57.9936
    endloop
  endfacet
  facet normal -0.23352 0.694268 -0.680779
    outer loop
      vertex -7.25769 29.1787 -58.1382
      vertex -7.6784 28.9611 -58.2158
      vertex -7.50829 29.2362 -57.9936
    endloop
  endfacet
  facet normal -0.226809 0.577359 -0.784356
    outer loop
      vertex -7.46907 28.5398 -58.6125
      vertex -7.64786 28.6099 -58.5092
      vertex -7.24645 28.8275 -58.4651
    endloop
  endfacet
  facet normal -0.162672 0.546698 -0.821377
    outer loop
      vertex -7.29973 28.4434 -58.7102
      vertex -7.46907 28.5398 -58.6125
      vertex -7.24645 28.8275 -58.4651
    endloop
  endfacet
  facet normal -0.44006 0.382418 -0.812468
    outer loop
      vertex -7.96956 28.3155 -58.5501
      vertex -8.19463 27.9643 -58.5935
      vertex -8.11954 28.3269 -58.4635
    endloop
  endfacet
  facet normal -0.404556 0.499912 -0.765782
    outer loop
      vertex -7.83304 28.6525 -58.4023
      vertex -8.11954 28.3269 -58.4635
      vertex -8.02144 28.6667 -58.2935
    endloop
  endfacet
  facet normal -0.243046 0.288319 -0.926175
    outer loop
      vertex -7.30701 27.9382 -58.9326
      vertex -7.68624 27.765 -58.887
      vertex -7.42002 28.0527 -58.8673
    endloop
  endfacet
  facet normal -0.146848 0.376681 -0.914629
    outer loop
      vertex -7.30701 27.9382 -58.9326
      vertex -7.42002 28.0527 -58.8673
      vertex -7.00079 28.1785 -58.8828
    endloop
  endfacet
  facet normal -0.313695 0.170391 -0.93411
    outer loop
      vertex -7.53208 27.587 -58.976
      vertex -7.88701 27.4138 -58.8884
      vertex -7.60411 27.6819 -58.9345
    endloop
  endfacet
  facet normal -0.277184 0.3186 -0.906456
    outer loop
      vertex -7.42002 28.0527 -58.8673
      vertex -7.77707 27.8351 -58.8346
      vertex -7.545 28.1491 -58.7952
    endloop
  endfacet
  facet normal -0.347923 0.4913 -0.798482
    outer loop
      vertex -7.82214 28.2817 -58.6352
      vertex -7.83304 28.6525 -58.4023
      vertex -7.64786 28.6099 -58.5092
    endloop
  endfacet
  facet normal -0.432965 0.500173 -0.749912
    outer loop
      vertex -8.11954 28.3269 -58.4635
      vertex -10.6195 28.6667 -56.7935
      vertex -8.02144 28.6667 -58.2935
    endloop
  endfacet
  facet normal -0.432965 0.500173 -0.749912
    outer loop
      vertex -10.6195 28.6667 -56.7935
      vertex -8.11954 28.3269 -58.4635
      vertex -10.7176 28.3269 -56.9635
    endloop
  endfacet
  facet normal -0.438466 0.254217 -0.862045
    outer loop
      vertex -8.11423 27.5653 -58.7572
      vertex -8.17926 27.5803 -58.7197
      vertex -8.08563 27.9561 -58.6565
    endloop
  endfacet
  facet normal -0.468308 0.258757 -0.844827
    outer loop
      vertex -8.17926 27.5803 -58.7197
      vertex -8.24541 27.5853 -58.6815
      vertex -8.08563 27.9561 -58.6565
    endloop
  endfacet
  facet normal -0.293381 0.474334 -0.830021
    outer loop
      vertex -7.6798 28.2259 -58.7174
      vertex -7.82214 28.2817 -58.6352
      vertex -7.46907 28.5398 -58.6125
    endloop
  endfacet
  facet normal -0.24071 0.449136 -0.860428
    outer loop
      vertex -7.545 28.1491 -58.7952
      vertex -7.6798 28.2259 -58.7174
      vertex -7.46907 28.5398 -58.6125
    endloop
  endfacet
  facet normal -0.3349 0.195127 -0.921828
    outer loop
      vertex -7.88701 27.4138 -58.8884
      vertex -7.93686 27.4643 -58.8596
      vertex -7.68624 27.765 -58.887
    endloop
  endfacet
  facet normal -0.357757 0.215379 -0.908638
    outer loop
      vertex -7.93686 27.4643 -58.8596
      vertex -7.99198 27.5069 -58.8278
      vertex -7.68624 27.765 -58.887
    endloop
  endfacet
  facet normal -0.10656 0.330162 -0.93789
    outer loop
      vertex -7.2079 27.8077 -58.9898
      vertex -7.30701 27.9382 -58.9326
      vertex -7.00079 28.1785 -58.8828
    endloop
  endfacet
  facet normal -0.212177 0.252633 -0.944011
    outer loop
      vertex -7.2079 27.8077 -58.9898
      vertex -7.53208 27.587 -58.976
      vertex -7.30701 27.9382 -58.9326
    endloop
  endfacet
  facet normal -0.461971 0.382541 -0.800153
    outer loop
      vertex -8.19463 27.9643 -58.5935
      vertex -10.7176 28.3269 -56.9635
      vertex -8.11954 28.3269 -58.4635
    endloop
  endfacet
  facet normal -0.461968 0.382552 -0.80015
    outer loop
      vertex -10.7176 28.3269 -56.9635
      vertex -8.19463 27.9643 -58.5935
      vertex -10.7927 27.9643 -57.0935
    endloop
  endfacet
  facet normal -0.354828 0.362876 -0.861637
    outer loop
      vertex -7.87504 27.8909 -58.778
      vertex -7.97849 27.9315 -58.7183
      vertex -7.82214 28.2817 -58.6352
    endloop
  endfacet
  facet normal -0.410483 0.245444 -0.878215
    outer loop
      vertex -7.87504 27.8909 -58.778
      vertex -8.11423 27.5653 -58.7572
      vertex -7.97849 27.9315 -58.7183
    endloop
  endfacet
  facet normal -0.277138 0.318518 -0.906499
    outer loop
      vertex -7.68624 27.765 -58.887
      vertex -7.77707 27.8351 -58.8346
      vertex -7.42002 28.0527 -58.8673
    endloop
  endfacet
  facet normal -0.357844 0.215497 -0.908575
    outer loop
      vertex -7.68624 27.765 -58.887
      vertex -7.99198 27.5069 -58.8278
      vertex -7.77707 27.8351 -58.8346
    endloop
  endfacet
  facet normal -0.243263 0.288852 -0.925952
    outer loop
      vertex -7.60411 27.6819 -58.9345
      vertex -7.68624 27.765 -58.887
      vertex -7.30701 27.9382 -58.9326
    endloop
  endfacet
  facet normal -0.211612 0.252298 -0.944228
    outer loop
      vertex -7.53208 27.587 -58.976
      vertex -7.60411 27.6819 -58.9345
      vertex -7.30701 27.9382 -58.9326
    endloop
  endfacet
  facet normal -0.397057 0.376084 -0.837201
    outer loop
      vertex -7.82214 28.2817 -58.6352
      vertex -8.08563 27.9561 -58.6565
      vertex -7.96956 28.3155 -58.5501
    endloop
  endfacet
  facet normal -0.440568 0.382694 -0.812063
    outer loop
      vertex -8.08563 27.9561 -58.6565
      vertex -8.19463 27.9643 -58.5935
      vertex -7.96956 28.3155 -58.5501
    endloop
  endfacet
  facet normal -0.666472 0.720471 -0.191668
    outer loop
      vertex -26.6392 29.1602 0.753908
      vertex -26.8742 28.9789 0.889556
      vertex -26.8077 29.1346 1.24359
    endloop
  endfacet
  facet normal -0.499921 0 0.866071
    outer loop
      vertex -18.3925 27 17.9245
      vertex -18.0526 -27 18.1207
      vertex -18.0526 27 18.1207
    endloop
  endfacet
  facet normal -0.499921 0 0.866071
    outer loop
      vertex -18.0526 -27 18.1207
      vertex -18.3925 27 17.9245
      vertex -18.3925 -27 17.9245
    endloop
  endfacet
  facet normal -0.065237 0.991451 -0.112996
    outer loop
      vertex -22.1728 29.9424 -0.576024
      vertex -24.8239 29.9936 1.4038
      vertex -21.8215 29.9936 -0.329603
    endloop
  endfacet
  facet normal -0.0652383 0.991451 -0.112998
    outer loop
      vertex -24.8239 29.9936 1.4038
      vertex -22.1728 29.9424 -0.576024
      vertex -25.0184 29.9424 1.06686
    endloop
  endfacet
  facet normal -0.483579 -0.382531 -0.787287
    outer loop
      vertex -26.0711 -28.3269 -0.756424
      vertex -26.2211 -28.3155 -0.669828
      vertex -26.1462 -27.9643 -0.886477
    endloop
  endfacet
  facet normal -0.298668 -0.864636 -0.403983
    outer loop
      vertex -25.3892 -29.6906 0.424621
      vertex -25.6933 -29.6676 0.600218
      vertex -25.5591 -29.4944 0.130307
    endloop
  endfacet
  facet normal 0.776724 0.442266 -0.448443
    outer loop
      vertex 1.79709 28.1456 3.58125
      vertex 0.247105 28.4968 1.24297
      vertex 1.64711 28.4968 3.66784
    endloop
  endfacet
  facet normal 0.776719 0.44228 -0.448438
    outer loop
      vertex 0.247105 28.4968 1.24297
      vertex 1.79709 28.1456 3.58125
      vertex 0.397093 28.1456 1.15638
    endloop
  endfacet
  facet normal -0.130454 0.04 0.990647
    outer loop
      vertex -17.0915 27.119 18.3966
      vertex -17.311 27 18.3725
      vertex -17.0885 27 18.4018
    endloop
  endfacet
  facet normal -0.41081 -0.609503 0.678043
    outer loop
      vertex -17.71 -28.9026 17.5305
      vertex -18.1954 -28.7294 17.3921
      vertex -17.9832 -29.0087 17.2696
    endloop
  endfacet
  facet normal -0.495738 -0.130482 -0.858614
    outer loop
      vertex -26.1969 -27.5853 -0.974435
      vertex -23.6245 -27.1962 -2.51879
      vertex -23.5989 -27.5853 -2.47444
    endloop
  endfacet
  facet normal -0.495713 -0.130618 -0.858608
    outer loop
      vertex -23.6245 -27.1962 -2.51879
      vertex -26.1969 -27.5853 -0.974435
      vertex -26.2226 -27.1962 -1.01879
    endloop
  endfacet
  facet normal -0.8353 0.438352 0.331844
    outer loop
      vertex -27.0691 28.4968 2.70005
      vertex -27.2252 28.4712 2.34094
      vertex -27.219 28.1456 2.78665
    endloop
  endfacet
  facet normal -0.292314 0.947521 -0.129445
    outer loop
      vertex -25.529 29.8165 0.923994
      vertex -25.8447 29.744 1.10622
      vertex -25.6779 29.8421 1.44763
    endloop
  endfacet
  facet normal -0.648883 0.550879 0.524865
    outer loop
      vertex -18.4547 28.7912 17.1042
      vertex -18.8728 28.4968 16.8963
      vertex -18.6399 28.4712 17.2111
    endloop
  endfacet
  facet normal -0.998407 -0.0564255 0.000135651
    outer loop
      vertex -27.6994 -27.3512 1.75842
      vertex -27.7193 -27 1.37751
      vertex -27.7009 -27.3256 1.36684
    endloop
  endfacet
  facet normal 0 -1 0
    outer loop
      vertex -17.2258 -29.9936 14.5641
      vertex -10.6711 -29.9936 7.29535
      vertex -10.5142 -29.9936 7.29889
    endloop
  endfacet
  facet normal 0 -1 0
    outer loop
      vertex -17.2258 -29.9936 14.5641
      vertex -10.8262 -29.9936 7.27134
      vertex -10.6711 -29.9936 7.29535
    endloop
  endfacet
  facet normal 0 -1 0
    outer loop
      vertex -17.2258 -29.9936 14.5641
      vertex -10.9769 -29.9936 7.22729
      vertex -10.8262 -29.9936 7.27134
    endloop
  endfacet
  facet normal 0 -1 0
    outer loop
      vertex -17.2258 -29.9936 14.5641
      vertex -11.1205 -29.9936 7.16395
      vertex -10.9769 -29.9936 7.22729
    endloop
  endfacet
  facet normal 0 -1 0
    outer loop
      vertex -17.2258 -29.9936 14.5641
      vertex -11.2546 -29.9936 7.08241
      vertex -11.1205 -29.9936 7.16395
    endloop
  endfacet
  facet normal 0 -1 0
    outer loop
      vertex -21.8215 -29.9936 -0.329603
      vertex -17.2258 -29.9936 14.5641
      vertex -24.8239 -29.9936 1.4038
    endloop
  endfacet
  facet normal 0 -1 -0
    outer loop
      vertex -17.2258 -29.9936 14.5641
      vertex -21.8215 -29.9936 -0.329603
      vertex -11.2546 -29.9936 7.08241
    endloop
  endfacet
  facet normal 0 -1 0
    outer loop
      vertex -10.3581 -29.9936 7.28193
      vertex -17.2258 -29.9936 14.5641
      vertex -10.5142 -29.9936 7.29889
    endloop
  endfacet
  facet normal 0 -1 0
    outer loop
      vertex -10.2056 -29.9936 7.24476
      vertex -17.2258 -29.9936 14.5641
      vertex -10.3581 -29.9936 7.28193
    endloop
  endfacet
  facet normal 0 -1 0
    outer loop
      vertex -10.0593 -29.9936 7.18798
      vertex -17.2258 -29.9936 14.5641
      vertex -10.2056 -29.9936 7.24476
    endloop
  endfacet
  facet normal 0 -1 0
    outer loop
      vertex -9.96551 -29.9936 7.13923
      vertex -17.2258 -29.9936 14.5641
      vertex -10.0593 -29.9936 7.18798
    endloop
  endfacet
  facet normal 0 -1 0
    outer loop
      vertex -9.96551 -29.9936 7.13923
      vertex -0.598076 -29.9936 4.9641
      vertex -17.2258 -29.9936 14.5641
    endloop
  endfacet
  facet normal -0 -1 0
    outer loop
      vertex -0.598076 -29.9936 4.9641
      vertex -9.96551 -29.9936 7.13923
      vertex -1.99808 -29.9936 2.53923
    endloop
  endfacet
  facet normal -0.130558 0 0.991441
    outer loop
      vertex -17.311 27 18.3725
      vertex -17.0885 -27 18.4018
      vertex -17.0885 27 18.4018
    endloop
  endfacet
  facet normal -0.130558 0 0.991441
    outer loop
      vertex -17.0885 -27 18.4018
      vertex -17.311 27 18.3725
      vertex -17.311 -27 18.3725
    endloop
  endfacet
  facet normal -0.985542 0.169269 -0.00740907
    outer loop
      vertex -27.6457 27.6456 1.33501
      vertex -27.7009 27.3256 1.36684
      vertex -27.6399 27.6964 1.72409
    endloop
  endfacet
  facet normal -0.923112 -0.0400929 -0.382436
    outer loop
      vertex -27.404 -27.2175 0.239724
      vertex -27.5666 -27 0.609401
      vertex -27.4164 -27 0.246853
    endloop
  endfacet
  facet normal -0.718908 -0.376325 -0.584423
    outer loop
      vertex -26.8517 -28.3223 -0.0791874
      vertex -26.9936 -28.1785 0.00276948
      vertex -26.7706 -28.0527 -0.352552
    endloop
  endfacet
  facet normal -0.921887 0.0648437 0.381995
    outer loop
      vertex -27.5448 27.3841 2.52545
      vertex -27.5666 27 2.53804
      vertex -27.3942 27.3907 2.88778
    endloop
  endfacet
  facet normal -0.156635 0.393206 0.90601
    outer loop
      vertex -17.2956 28.3572 18.0432
      vertex -17.4284 28.1278 18.1198
      vertex -17.2402 28.1583 18.1391
    endloop
  endfacet
  facet normal -0.705035 -0.438458 0.557387
    outer loop
      vertex -18.7873 -28.126 17.2962
      vertex -19.0228 -28.1456 16.9829
      vertex -18.6399 -28.4712 17.2111
    endloop
  endfacet
  facet normal -0.258589 0.0463858 0.964873
    outer loop
      vertex -17.2964 27.2582 18.364
      vertex -17.6901 27 18.2709
      vertex -17.311 27 18.3725
    endloop
  endfacet
  facet normal -0.472789 0.694218 -0.542708
    outer loop
      vertex -26.0771 28.9611 -0.250524
      vertex -26.2969 28.9106 -0.12364
      vertex -26.2203 29.1787 0.152575
    endloop
  endfacet
  facet normal -0.908808 0.408694 0.0838921
    outer loop
      vertex -27.3385 28.4204 1.96869
      vertex -27.542 28.0297 1.66752
      vertex -27.4808 28.0871 2.05087
    endloop
  endfacet
  facet normal -0.902987 0.313158 -0.294189
    outer loop
      vertex -27.3371 27.989 0.476898
      vertex -27.4362 27.757 0.534117
      vertex -27.4064 28.1278 0.837358
    endloop
  endfacet
  facet normal -0.990127 0.0516832 -0.1303
    outer loop
      vertex -27.6681 27 0.988449
      vertex -27.7193 27 1.37751
      vertex -27.7009 27.3256 1.36684
    endloop
  endfacet
  facet normal -0.631314 0.745445 0.213904
    outer loop
      vertex -26.5696 29.3343 1.96246
      vertex -26.6571 29.1168 2.46219
      vertex -26.4021 29.375 2.31498
    endloop
  endfacet
  facet normal -0.998399 -0.0565721 -0
    outer loop
      vertex -27.7193 -27 1.76993
      vertex -27.7193 -27 1.37751
      vertex -27.6994 -27.3512 1.75842
    endloop
  endfacet
  facet normal -0.304322 0.793446 -0.527098
    outer loop
      vertex -23.0527 29.3538 -1.52842
      vertex -25.5591 29.4944 0.130307
      vertex -22.9479 29.4944 -1.37728
    endloop
  endfacet
  facet normal -0.304388 0.793359 -0.527191
    outer loop
      vertex -25.5591 29.4944 0.130307
      vertex -23.0527 29.3538 -1.52842
      vertex -25.7148 29.2555 -0.139311
    endloop
  endfacet
  facet normal -0.304488 0.793185 -0.527395
    outer loop
      vertex -25.7148 29.2555 -0.139311
      vertex -23.0527 29.3538 -1.52842
      vertex -23.1167 29.2555 -1.63931
    endloop
  endfacet
  facet normal -0.518045 0.12821 -0.84569
    outer loop
      vertex -26.2665 27.1895 -0.993402
      vertex -26.3281 27.5653 -0.898695
      vertex -26.2631 27.5803 -0.936238
    endloop
  endfacet
  facet normal 0.0566177 -0.997861 -0.0326883
    outer loop
      vertex -1.99808 -29.9936 2.53923
      vertex -0.259685 -29.968 4.76873
      vertex -0.598076 -29.9936 4.9641
    endloop
  endfacet
  facet normal 0.0566178 -0.997861 -0.0326884
    outer loop
      vertex -0.259685 -29.968 4.76873
      vertex -1.99808 -29.9936 2.53923
      vertex -1.65969 -29.968 2.34386
    endloop
  endfacet
  facet normal -0.744401 -0.651426 -0.146665
    outer loop
      vertex -26.8077 -29.1346 1.24359
      vertex -27.0866 -28.7638 1.01221
      vertex -26.8742 -28.9789 0.889556
    endloop
  endfacet
  facet normal -0.71856 -0.694973 -0.0261513
    outer loop
      vertex -26.7056 -29.2537 1.60328
      vertex -27.0369 -28.9026 1.3759
      vertex -26.8077 -29.1346 1.24359
    endloop
  endfacet
  facet normal -0.793366 -0.278172 -0.541471
    outer loop
      vertex -26.9827 -27.8077 -0.230087
      vertex -27.223 -27.8334 0.135205
      vertex -27.0662 -27.6634 -0.181874
    endloop
  endfacet
  facet normal -0.79257 0.609548 0.0168435
    outer loop
      vertex -27.0369 28.9026 1.3759
      vertex -27.1597 28.7294 1.86547
      vertex -26.9475 29.0087 1.74297
    endloop
  endfacet
  facet normal -0.985563 0.169151 -0.00728312
    outer loop
      vertex -27.6399 27.6964 1.72409
      vertex -27.7009 27.3256 1.36684
      vertex -27.6994 27.3512 1.75842
    endloop
  endfacet
  facet normal -0.866025 0 0.500001
    outer loop
      vertex -27.4164 -27 2.90059
      vertex -19.2202 27 17.0968
      vertex -27.4164 27 2.90059
    endloop
  endfacet
  facet normal -0.866025 0 0.500001
    outer loop
      vertex -19.2202 27 17.0968
      vertex -27.4164 -27 2.90059
      vertex -19.2202 -27 17.0968
    endloop
  endfacet
  facet normal -0.499653 -0.63705 0.586953
    outer loop
      vertex -18.1954 -28.7294 17.3921
      vertex -18.2349 -29.0806 16.9773
      vertex -17.9832 -29.0087 17.2696
    endloop
  endfacet
  facet normal -0.156635 -0.393206 0.90601
    outer loop
      vertex -17.2402 -28.1583 18.1391
      vertex -17.4284 -28.1278 18.1198
      vertex -17.2956 -28.3572 18.0432
    endloop
  endfacet
  facet normal 0 1 0
    outer loop
      vertex -17.2258 29.9936 14.5641
      vertex -10.3581 29.9936 7.28193
      vertex -10.5142 29.9936 7.29889
    endloop
  endfacet
  facet normal 0 1 0
    outer loop
      vertex -17.2258 29.9936 14.5641
      vertex -10.2056 29.9936 7.24476
      vertex -10.3581 29.9936 7.28193
    endloop
  endfacet
  facet normal 0 1 0
    outer loop
      vertex -17.2258 29.9936 14.5641
      vertex -10.0593 29.9936 7.18798
      vertex -10.2056 29.9936 7.24476
    endloop
  endfacet
  facet normal 0 1 0
    outer loop
      vertex -17.2258 29.9936 14.5641
      vertex -9.96551 29.9936 7.13923
      vertex -10.0593 29.9936 7.18798
    endloop
  endfacet
  facet normal 0 1 0
    outer loop
      vertex -0.598076 29.9936 4.9641
      vertex -9.96551 29.9936 7.13923
      vertex -17.2258 29.9936 14.5641
    endloop
  endfacet
  facet normal 0 1 0
    outer loop
      vertex -9.96551 29.9936 7.13923
      vertex -0.598076 29.9936 4.9641
      vertex -1.99808 29.9936 2.53923
    endloop
  endfacet
  facet normal 0 1 -0
    outer loop
      vertex -10.6711 29.9936 7.29535
      vertex -17.2258 29.9936 14.5641
      vertex -10.5142 29.9936 7.29889
    endloop
  endfacet
  facet normal 0 1 -0
    outer loop
      vertex -10.8262 29.9936 7.27134
      vertex -17.2258 29.9936 14.5641
      vertex -10.6711 29.9936 7.29535
    endloop
  endfacet
  facet normal 0 1 -0
    outer loop
      vertex -10.9769 29.9936 7.22729
      vertex -17.2258 29.9936 14.5641
      vertex -10.8262 29.9936 7.27134
    endloop
  endfacet
  facet normal 0 1 -0
    outer loop
      vertex -11.1205 29.9936 7.16395
      vertex -17.2258 29.9936 14.5641
      vertex -10.9769 29.9936 7.22729
    endloop
  endfacet
  facet normal 0 1 -0
    outer loop
      vertex -11.2546 29.9936 7.08241
      vertex -17.2258 29.9936 14.5641
      vertex -11.1205 29.9936 7.16395
    endloop
  endfacet
  facet normal 0 1 0
    outer loop
      vertex -21.8215 29.9936 -0.329603
      vertex -17.2258 29.9936 14.5641
      vertex -11.2546 29.9936 7.08241
    endloop
  endfacet
  facet normal 0 1 0
    outer loop
      vertex -17.2258 29.9936 14.5641
      vertex -21.8215 29.9936 -0.329603
      vertex -24.8239 29.9936 1.4038
    endloop
  endfacet
  facet normal -0.791754 0.0648615 0.607386
    outer loop
      vertex -18.9595 27.3841 17.3956
      vertex -19.198 27.3907 17.084
      vertex -18.9813 27 17.4082
    endloop
  endfacet
  facet normal -0.879581 0.427201 0.209373
    outer loop
      vertex -27.2252 28.4712 2.34094
      vertex -27.4808 28.0871 2.05087
      vertex -27.3726 28.126 2.42605
    endloop
  endfacet
  facet normal -0.594026 0.180418 0.783953
    outer loop
      vertex -18.62 27.7353 17.6372
      vertex -18.6828 27.3708 17.6735
      vertex -18.3131 27.6964 17.8787
    endloop
  endfacet
  facet normal -0.813944 -0.466927 -0.34565
    outer loop
      vertex -27.0648 -28.3987 0.319725
      vertex -27.2645 -28.3731 0.755401
      vertex -27.2126 -28.2042 0.405024
    endloop
  endfacet
  facet normal -0.607926 0.215339 -0.764235
    outer loop
      vertex -26.5055 27.4643 -0.79629
      vertex -26.6546 27.765 -0.592957
      vertex -26.4504 27.5069 -0.828117
    endloop
  endfacet
  facet normal -0.393234 0.706298 -0.588651
    outer loop
      vertex -25.8535 28.978 -0.379617
      vertex -26.0771 28.9611 -0.250524
      vertex -25.7148 29.2555 -0.139311
    endloop
  endfacet
  facet normal -0.183883 0.963989 -0.192127
    outer loop
      vertex -25.2079 29.8408 0.738595
      vertex -25.529 29.8165 0.923994
      vertex -25.351 29.9172 1.25889
    endloop
  endfacet
  facet normal -0.757338 0.532223 -0.378389
    outer loop
      vertex -27.0648 28.3987 0.319725
      vertex -27.096 28.5949 0.658136
      vertex -26.9039 28.7894 0.547226
    endloop
  endfacet
  facet normal 0.849389 0.195063 -0.490396
    outer loop
      vertex 1.97226 27.3907 3.48012
      vertex 0.506099 27.7748 1.09344
      vertex 1.9061 27.7748 3.51831
    endloop
  endfacet
  facet normal 0.849389 0.195071 -0.490394
    outer loop
      vertex 0.506099 27.7748 1.09344
      vertex 1.97226 27.3907 3.48012
      vertex 0.572257 27.3907 1.05524
    endloop
  endfacet
  facet normal -0.646152 -0.318828 -0.693424
    outer loop
      vertex -26.6456 -28.1491 -0.424707
      vertex -26.7706 -28.0527 -0.352552
      vertex -26.5637 -27.8351 -0.645397
    endloop
  endfacet
  facet normal -0.393234 -0.706298 -0.588651
    outer loop
      vertex -25.7148 -29.2555 -0.139311
      vertex -26.0771 -28.9611 -0.250524
      vertex -25.8535 -28.978 -0.379617
    endloop
  endfacet
  facet normal -0.793329 -0.278305 -0.541456
    outer loop
      vertex -27.1181 -28.0146 0.0746436
      vertex -27.223 -27.8334 0.135205
      vertex -26.9827 -27.8077 -0.230087
    endloop
  endfacet
  facet normal -0.244988 -0.651637 0.717879
    outer loop
      vertex -17.4956 -28.8 17.6968
      vertex -17.71 -28.9026 17.5305
      vertex -17.6212 -28.9925 17.4792
    endloop
  endfacet
  facet normal -0.878196 -0.318584 0.356757
    outer loop
      vertex -27.219 -28.1456 2.78665
      vertex -27.4797 -27.7615 2.48791
      vertex -27.3726 -28.126 2.42605
    endloop
  endfacet
  facet normal -0.718677 0.694865 -0.0258139
    outer loop
      vertex -26.7056 29.2537 1.60328
      vertex -27.0369 28.9026 1.3759
      vertex -26.9475 29.0087 1.74297
    endloop
  endfacet
  facet normal -0.758891 0.330182 -0.561305
    outer loop
      vertex -26.9827 27.8077 -0.230087
      vertex -26.9936 28.1785 0.00276948
      vertex -26.8836 27.9382 -0.287306
    endloop
  endfacet
  facet normal -0.907179 -0.19364 0.373536
    outer loop
      vertex -27.3942 -27.3907 2.88778
      vertex -27.5448 -27.3841 2.52545
      vertex -27.4797 -27.7615 2.48791
    endloop
  endfacet
  facet normal -0.691385 -0.188576 0.697442
    outer loop
      vertex -18.6828 -27.3708 17.6735
      vertex -18.8945 -27.7615 17.358
      vertex -18.62 -27.7353 17.6372
    endloop
  endfacet
  facet normal 0.278436 -0.946906 -0.160756
    outer loop
      vertex -1.32709 -29.8916 2.15183
      vertex 0.394036 -29.7657 4.3913
      vertex 0.0729163 -29.8916 4.5767
    endloop
  endfacet
  facet normal 0.278436 -0.946906 -0.160756
    outer loop
      vertex 0.394036 -29.7657 4.3913
      vertex -1.32709 -29.8916 2.15183
      vertex -1.00597 -29.7657 1.96643
    endloop
  endfacet
  facet normal -0.705055 -0.438552 0.557288
    outer loop
      vertex -18.6399 -28.4712 17.2111
      vertex -19.0228 -28.1456 16.9829
      vertex -18.8728 -28.4968 16.8963
    endloop
  endfacet
  facet normal -0.594026 -0.180418 0.783953
    outer loop
      vertex -18.3131 -27.6964 17.8787
      vertex -18.6828 -27.3708 17.6735
      vertex -18.62 -27.7353 17.6372
    endloop
  endfacet
  facet normal -0.278448 -0.946901 0.160762
    outer loop
      vertex -25.816 -29.7657 1.97659
      vertex -17.8968 -29.8916 14.9515
      vertex -18.2179 -29.7657 15.1369
    endloop
  endfacet
  facet normal -0.278451 -0.9469 0.160764
    outer loop
      vertex -17.8968 -29.8916 14.9515
      vertex -25.816 -29.7657 1.97659
      vertex -25.4949 -29.8916 1.7912
    endloop
  endfacet
  facet normal -0.0777141 -0.269307 0.959914
    outer loop
      vertex -17.1483 -27.7624 18.2983
      vertex -17.1806 -27.757 18.2972
      vertex -17.1568 -27.8127 18.2835
    endloop
  endfacet
  facet normal -0.197632 -0.312939 0.928984
    outer loop
      vertex -17.1806 -27.757 18.2972
      vertex -17.2071 -28.0392 18.1965
      vertex -17.1568 -27.8127 18.2835
    endloop
  endfacet
  facet normal -0.196682 -0.313083 0.929137
    outer loop
      vertex -17.2071 -28.0392 18.1965
      vertex -17.1806 -27.757 18.2972
      vertex -17.4284 -28.1278 18.1198
    endloop
  endfacet
  facet normal -0.423511 -0.383194 0.820854
    outer loop
      vertex -17.8882 -27.9546 18.0258
      vertex -18.0803 -28.3453 17.7443
      vertex -17.7632 -28.2472 17.9537
    endloop
  endfacet
  facet normal -0.921907 0.0649064 0.381935
    outer loop
      vertex -27.3942 27.3907 2.88778
      vertex -27.5666 27 2.53804
      vertex -27.4164 27 2.90059
    endloop
  endfacet
  facet normal -0.580501 0.653746 0.485421
    outer loop
      vertex -18.2349 29.0806 16.9773
      vertex -18.4608 29.1168 16.6584
      vertex -18.4547 28.7912 17.1042
    endloop
  endfacet
  facet normal -0.374276 0.481534 0.792491
    outer loop
      vertex -17.6062 28.5185 17.863
      vertex -17.911 28.6379 17.6465
      vertex -17.7632 28.2472 17.9537
    endloop
  endfacet
  facet normal -0.793409 0 0.608688
    outer loop
      vertex -19.2202 -27 17.0968
      vertex -18.9813 27 17.4082
      vertex -19.2202 27 17.0968
    endloop
  endfacet
  facet normal -0.793409 0 0.608688
    outer loop
      vertex -18.9813 27 17.4082
      vertex -19.2202 -27 17.0968
      vertex -18.9813 -27 17.4082
    endloop
  endfacet
  facet normal -0.461256 0.49966 -0.7332
    outer loop
      vertex -26.0711 28.3269 -0.756424
      vertex -26.2211 28.3155 -0.669828
      vertex -26.1614 28.6525 -0.477727
    endloop
  endfacet
  facet normal -0.341252 0.938821 0.0465044
    outer loop
      vertex -25.6779 29.8421 1.44763
      vertex -25.816 29.7657 1.97659
      vertex -25.4949 29.8916 1.7912
    endloop
  endfacet
  facet normal -0.869826 -0.269454 -0.413276
    outer loop
      vertex -27.223 -27.8334 0.135205
      vertex -27.4362 -27.757 0.534117
      vertex -27.3065 -27.6378 0.183418
    endloop
  endfacet
  facet normal -0.835199 -0.338702 -0.433271
    outer loop
      vertex -27.2126 -28.2042 0.405024
      vertex -27.223 -27.8334 0.135205
      vertex -27.1181 -28.0146 0.0746436
    endloop
  endfacet
  facet normal -0.460993 0.278621 0.842529
    outer loop
      vertex -18.2151 28.0297 17.8221
      vertex -18.3131 27.6964 17.8787
      vertex -17.8882 27.9546 18.0258
    endloop
  endfacet
  facet normal -0.864168 0.0654614 0.498928
    outer loop
      vertex -27.4164 27 2.90059
      vertex -19.198 27.3907 17.084
      vertex -27.3942 27.3907 2.88778
    endloop
  endfacet
  facet normal -0.864168 0.0654487 0.498929
    outer loop
      vertex -19.198 27.3907 17.084
      vertex -27.4164 27 2.90059
      vertex -19.2202 27 17.0968
    endloop
  endfacet
  facet normal 0.864171 0.0654174 -0.498928
    outer loop
      vertex 1.99444 27 3.46731
      vertex 0.572257 27.3907 1.05524
      vertex 1.97226 27.3907 3.48012
    endloop
  endfacet
  facet normal 0.86417 0.0654025 -0.498931
    outer loop
      vertex 0.572257 27.3907 1.05524
      vertex 1.99444 27 3.46731
      vertex 0.594436 27 1.04244
    endloop
  endfacet
  facet normal 0.48106 -0.83153 -0.277739
    outer loop
      vertex -0.70182 -29.5925 1.79083
      vertex 0.980146 -29.375 4.05291
      vertex 0.698181 -29.5925 4.21571
    endloop
  endfacet
  facet normal 0.481064 -0.831526 -0.277743
    outer loop
      vertex 0.980146 -29.375 4.05291
      vertex -0.70182 -29.5925 1.79083
      vertex -0.419855 -29.375 1.62804
    endloop
  endfacet
  facet normal -0.461946 0.382646 -0.800118
    outer loop
      vertex -23.5481 27.9643 -2.38648
      vertex -26.0711 28.3269 -0.756424
      vertex -23.473 28.3269 -2.25643
    endloop
  endfacet
  facet normal -0.461944 0.382652 -0.800116
    outer loop
      vertex -26.0711 28.3269 -0.756424
      vertex -23.5481 27.9643 -2.38648
      vertex -26.1462 27.9643 -0.886477
    endloop
  endfacet
  facet normal -0.479624 0.832632 0.276921
    outer loop
      vertex -18.7846 29.3899 15.4641
      vertex -18.2059 29.375 16.5112
      vertex -18.1865 29.3899 16.5
    endloop
  endfacet
  facet normal -0.479914 0.832412 0.277079
    outer loop
      vertex -18.7846 29.3899 15.4641
      vertex -26.4021 29.375 2.31498
      vertex -18.2059 29.375 16.5112
    endloop
  endfacet
  facet normal -0.48113 0.831475 0.277784
    outer loop
      vertex -18.522 29.5925 15.3125
      vertex -26.4021 29.375 2.31498
      vertex -18.7846 29.3899 15.4641
    endloop
  endfacet
  facet normal -0.481033 0.83155 0.277724
    outer loop
      vertex -26.4021 29.375 2.31498
      vertex -18.522 29.5925 15.3125
      vertex -26.1201 29.5925 2.15219
    endloop
  endfacet
  facet normal -0.398195 0.914755 -0.0683006
    outer loop
      vertex -25.8447 29.744 1.10622
      vertex -26.1494 29.6245 1.28216
      vertex -25.6779 29.8421 1.44763
    endloop
  endfacet
  facet normal -0.59417 0.803101 0.0446157
    outer loop
      vertex -26.438 29.4602 1.44879
      vertex -26.5696 29.3343 1.96246
      vertex -26.2925 29.5482 1.80245
    endloop
  endfacet
  facet normal -0.744281 0.651503 -0.146932
    outer loop
      vertex -26.8077 29.1346 1.24359
      vertex -27.0866 28.7638 1.01221
      vertex -27.0369 28.9026 1.3759
    endloop
  endfacet
  facet normal -0.502871 0.1305 -0.854453
    outer loop
      vertex -26.2447 27.1945 -1.00599
      vertex -26.2631 27.5803 -0.936238
      vertex -26.1969 27.5853 -0.974435
    endloop
  endfacet
  facet normal -0.813944 0.466927 -0.34565
    outer loop
      vertex -27.2126 28.2042 0.405024
      vertex -27.2645 28.3731 0.755401
      vertex -27.0648 28.3987 0.319725
    endloop
  endfacet
  facet normal -0.438037 0.778649 -0.449254
    outer loop
      vertex -25.9697 29.2362 0.00789146
      vertex -26.2203 29.1787 0.152575
      vertex -25.8411 29.4731 0.293099
    endloop
  endfacet
  facet normal -0.542129 0.824452 0.162406
    outer loop
      vertex -26.1201 29.5925 2.15219
      vertex -26.5696 29.3343 1.96246
      vertex -26.4021 29.375 2.31498
    endloop
  endfacet
  facet normal -0.461028 0.499778 -0.733264
    outer loop
      vertex -26.0711 28.3269 -0.756424
      vertex -26.1614 28.6525 -0.477727
      vertex -25.973 28.6667 -0.586502
    endloop
  endfacet
  facet normal -0.820872 0.523632 -0.22799
    outer loop
      vertex -27.096 28.5949 0.658136
      vertex -27.2645 28.3731 0.755401
      vertex -27.0866 28.7638 1.01221
    endloop
  endfacet
  facet normal 0.278436 0.946906 -0.160756
    outer loop
      vertex 0.394036 29.7657 4.3913
      vertex -1.32709 29.8916 2.15183
      vertex 0.0729163 29.8916 4.5767
    endloop
  endfacet
  facet normal 0.278436 0.946906 -0.160756
    outer loop
      vertex -1.32709 29.8916 2.15183
      vertex 0.394036 29.7657 4.3913
      vertex -1.00597 29.7657 1.96643
    endloop
  endfacet
  facet normal -0.590419 -0.0718497 -0.803893
    outer loop
      vertex -26.3574 -27.1194 -0.940962
      vertex -26.5991 -27.3563 -0.742272
      vertex -26.3697 -27.0981 -0.933832
    endloop
  endfacet
  facet normal -0.55532 -0.245428 -0.794597
    outer loop
      vertex -26.3623 -27.9315 -0.761685
      vertex -26.4657 -27.8909 -0.701962
      vertex -26.3281 -27.5653 -0.898695
    endloop
  endfacet
  facet normal -0.482953 -0.258873 -0.836505
    outer loop
      vertex -26.1462 -27.9643 -0.886477
      vertex -23.5989 -27.5853 -2.47444
      vertex -23.5481 -27.9643 -2.38648
    endloop
  endfacet
  facet normal -0.482984 -0.25875 -0.836525
    outer loop
      vertex -23.5989 -27.5853 -2.47444
      vertex -26.1462 -27.9643 -0.886477
      vertex -26.1969 -27.5853 -0.974435
    endloop
  endfacet
  facet normal -0.499997 4.45259e-05 -0.866027
    outer loop
      vertex -26.3925 -27 -0.920689
      vertex -23.6245 -27.1962 -2.51879
      vertex -26.2226 -27.1962 -1.01879
    endloop
  endfacet
  facet normal -0.499999 0 -0.866026
    outer loop
      vertex -23.6245 -27.1962 -2.51879
      vertex -26.3925 -27 -0.920689
      vertex -23.6245 27.1962 -2.51879
    endloop
  endfacet
  facet normal -0.501495 -0.00541997 -0.865143
    outer loop
      vertex -26.3075 -27.1699 -0.969741
      vertex -26.2226 -27.1962 -1.01879
      vertex -26.2447 -27.1945 -1.00599
    endloop
  endfacet
  facet normal -0.499999 -0 -0.866026
    outer loop
      vertex -26.3925 27 -0.920689
      vertex -23.6245 27.1962 -2.51879
      vertex -26.3925 -27 -0.920689
    endloop
  endfacet
  facet normal -0.501443 -0.00818623 -0.865152
    outer loop
      vertex -26.2876 -27.1813 -0.98125
      vertex -26.2447 -27.1945 -1.00599
      vertex -26.2665 -27.1895 -0.993402
    endloop
  endfacet
  facet normal -0.499997 -4.45259e-05 -0.866027
    outer loop
      vertex -23.6245 27.1962 -2.51879
      vertex -26.3925 27 -0.920689
      vertex -26.2226 27.1962 -1.01879
    endloop
  endfacet
  facet normal -0.498316 0.00540033 -0.866979
    outer loop
      vertex -26.3075 -27.1699 -0.969741
      vertex -26.2447 -27.1945 -1.00599
      vertex -26.2876 -27.1813 -0.98125
    endloop
  endfacet
  facet normal -0.500886 0.000982958 -0.865513
    outer loop
      vertex -26.391 27.0256 -0.921528
      vertex -26.2226 27.1962 -1.01879
      vertex -26.3925 27 -0.920689
    endloop
  endfacet
  facet normal -0.50067 -0.00183413 -0.865637
    outer loop
      vertex -26.2226 -27.1962 -1.01879
      vertex -26.3075 -27.1699 -0.969741
      vertex -26.326 -27.1557 -0.959071
    endloop
  endfacet
  facet normal -0.499525 -0.000809165 -0.866299
    outer loop
      vertex -26.3867 27.0508 -0.924031
      vertex -26.2226 27.1962 -1.01879
      vertex -26.391 27.0256 -0.921528
    endloop
  endfacet
  facet normal -0.500062 0.000236947 -0.865989
    outer loop
      vertex -26.2226 -27.1962 -1.01879
      vertex -26.326 -27.1557 -0.959071
      vertex -26.3427 -27.1387 -0.949423
    endloop
  endfacet
  facet normal -0.501076 0.00152678 -0.865402
    outer loop
      vertex -26.3795 27.0751 -0.928157
      vertex -26.2226 27.1962 -1.01879
      vertex -26.3867 27.0508 -0.924031
    endloop
  endfacet
  facet normal -0.500891 -0.00207391 -0.865508
    outer loop
      vertex -26.2226 -27.1962 -1.01879
      vertex -26.3427 -27.1387 -0.949423
      vertex -26.3574 -27.1194 -0.940962
    endloop
  endfacet
  facet normal -0.499737 -0.000788276 -0.866177
    outer loop
      vertex -26.3697 27.0981 -0.933832
      vertex -26.2226 27.1962 -1.01879
      vertex -26.3795 27.0751 -0.928157
    endloop
  endfacet
  facet normal -0.499267 0.00172678 -0.866447
    outer loop
      vertex -26.2226 -27.1962 -1.01879
      vertex -26.3574 -27.1194 -0.940962
      vertex -26.3697 -27.0981 -0.933832
    endloop
  endfacet
  facet normal -0.500891 0.00207391 -0.865508
    outer loop
      vertex -26.3427 27.1387 -0.949423
      vertex -26.2226 27.1962 -1.01879
      vertex -26.3574 27.1194 -0.940962
    endloop
  endfacet
  facet normal -0.499737 0.000788276 -0.866177
    outer loop
      vertex -26.2226 -27.1962 -1.01879
      vertex -26.3697 -27.0981 -0.933832
      vertex -26.3795 -27.0751 -0.928157
    endloop
  endfacet
  facet normal -0.500062 -0.000236947 -0.865989
    outer loop
      vertex -26.326 27.1557 -0.959071
      vertex -26.2226 27.1962 -1.01879
      vertex -26.3427 27.1387 -0.949423
    endloop
  endfacet
  facet normal -0.501076 -0.00152678 -0.865402
    outer loop
      vertex -26.2226 -27.1962 -1.01879
      vertex -26.3795 -27.0751 -0.928157
      vertex -26.3867 -27.0508 -0.924031
    endloop
  endfacet
  facet normal -0.50067 0.00183413 -0.865637
    outer loop
      vertex -26.3075 27.1699 -0.969741
      vertex -26.2226 27.1962 -1.01879
      vertex -26.326 27.1557 -0.959071
    endloop
  endfacet
  facet normal -0.499525 0.000809165 -0.866299
    outer loop
      vertex -26.2226 -27.1962 -1.01879
      vertex -26.3867 -27.0508 -0.924031
      vertex -26.391 -27.0256 -0.921528
    endloop
  endfacet
  facet normal -0.501495 0.00541997 -0.865143
    outer loop
      vertex -26.2226 27.1962 -1.01879
      vertex -26.3075 27.1699 -0.969741
      vertex -26.2447 27.1945 -1.00599
    endloop
  endfacet
  facet normal -0.500886 -0.000982958 -0.865513
    outer loop
      vertex -26.2226 -27.1962 -1.01879
      vertex -26.391 -27.0256 -0.921528
      vertex -26.3925 -27 -0.920689
    endloop
  endfacet
  facet normal -0.498316 -0.00540033 -0.866979
    outer loop
      vertex -26.2447 27.1945 -1.00599
      vertex -26.3075 27.1699 -0.969741
      vertex -26.2876 27.1813 -0.98125
    endloop
  endfacet
  facet normal -0.501443 0.00818623 -0.865152
    outer loop
      vertex -26.2447 27.1945 -1.00599
      vertex -26.2876 27.1813 -0.98125
      vertex -26.2665 27.1895 -0.993402
    endloop
  endfacet
  facet normal -0.499267 -0.00172678 -0.866447
    outer loop
      vertex -26.3574 27.1194 -0.940962
      vertex -26.2226 27.1962 -1.01879
      vertex -26.3697 27.0981 -0.933832
    endloop
  endfacet
  facet normal 0.651114 -0.659343 -0.375922
    outer loop
      vertex -0.164893 -29.1168 1.48084
      vertex 1.4587 -28.8224 3.77662
      vertex 1.23511 -29.1168 3.90571
    endloop
  endfacet
  facet normal 0.65111 -0.659349 -0.375918
    outer loop
      vertex 1.4587 -28.8224 3.77662
      vertex -0.164893 -29.1168 1.48084
      vertex 0.058702 -28.8224 1.35175
    endloop
  endfacet
  facet normal -0.597495 -0.0572363 -0.799827
    outer loop
      vertex -26.3697 -27.0981 -0.933832
      vertex -26.6652 -27.224 -0.704075
      vertex -26.3795 -27.0751 -0.928157
    endloop
  endfacet
  facet normal -0.168974 -0.980781 0.097557
    outer loop
      vertex -25.4949 -29.8916 1.7912
      vertex -17.5642 -29.968 14.7595
      vertex -17.8968 -29.8916 14.9515
    endloop
  endfacet
  facet normal -0.168968 -0.980782 0.0975532
    outer loop
      vertex -17.5642 -29.968 14.7595
      vertex -25.4949 -29.8916 1.7912
      vertex -25.1623 -29.968 1.59917
    endloop
  endfacet
  facet normal -0.759497 -0.169686 -0.627989
    outer loop
      vertex -27.0662 -27.6634 -0.181874
      vertex -27.1327 -27.5078 -0.143492
      vertex -26.9177 -27.369 -0.44102
    endloop
  endfacet
  facet normal -0.597346 -0.0577243 -0.799903
    outer loop
      vertex -26.6359 -27.2926 -0.721005
      vertex -26.6652 -27.224 -0.704075
      vertex -26.3697 -27.0981 -0.933832
    endloop
  endfacet
  facet normal -0.866035 0 -0.499983
    outer loop
      vertex -27.2202 -27 -0.0929909
      vertex -27.4164 27 0.246853
      vertex -27.2202 27 -0.0929909
    endloop
  endfacet
  facet normal -0.866035 -0 -0.499983
    outer loop
      vertex -27.4164 27 0.246853
      vertex -27.2202 -27 -0.0929909
      vertex -27.4164 -27 0.246853
    endloop
  endfacet
  facet normal -0.923855 0 -0.382744
    outer loop
      vertex -27.4164 -27 0.246853
      vertex -27.5666 27 0.609401
      vertex -27.4164 27 0.246853
    endloop
  endfacet
  facet normal -0.923855 -0 -0.382744
    outer loop
      vertex -27.5666 27 0.609401
      vertex -27.4164 -27 0.246853
      vertex -27.5666 -27 0.609401
    endloop
  endfacet
  facet normal -0.243334 -0.922181 -0.300618
    outer loop
      vertex -25.529 -29.8165 0.923994
      vertex -25.6933 -29.6676 0.600218
      vertex -25.3892 -29.6906 0.424621
    endloop
  endfacet
  facet normal -0.395972 -0.849896 -0.347683
    outer loop
      vertex -25.6933 -29.6676 0.600218
      vertex -25.9923 -29.5989 0.772812
      vertex -25.8411 -29.4731 0.293099
    endloop
  endfacet
  facet normal -0.820071 -0.321421 0.473468
    outer loop
      vertex -19.0228 -28.1456 16.9829
      vertex -27.328 -27.7748 2.84958
      vertex -27.219 -28.1456 2.78665
    endloop
  endfacet
  facet normal -0.820081 -0.321387 0.473474
    outer loop
      vertex -27.328 -27.7748 2.84958
      vertex -19.0228 -28.1456 16.9829
      vertex -19.1318 -27.7748 17.0458
    endloop
  endfacet
  facet normal -0.907254 0.193504 0.373425
    outer loop
      vertex -27.328 27.7748 2.84958
      vertex -27.4797 27.7615 2.48791
      vertex -27.3942 27.3907 2.88778
    endloop
  endfacet
  facet normal -0.74804 -0.318645 0.582152
    outer loop
      vertex -18.8945 -27.7615 17.358
      vertex -19.1318 -27.7748 17.0458
      vertex -19.0228 -28.1456 16.9829
    endloop
  endfacet
  facet normal -0.24817 -0.137935 0.958846
    outer loop
      vertex -17.2964 -27.2582 18.364
      vertex -17.6235 -27.5838 18.2325
      vertex -17.2527 -27.512 18.3388
    endloop
  endfacet
  facet normal -0.486201 0.169181 0.857314
    outer loop
      vertex -17.979 27.6456 18.0782
      vertex -18.3131 27.6964 17.8787
      vertex -18.0341 27.3256 18.1101
    endloop
  endfacet
  facet normal -0.499822 -0.636967 0.586899
    outer loop
      vertex -18.1954 -28.7294 17.3921
      vertex -18.4547 -28.7912 17.1042
      vertex -18.2349 -29.0806 16.9773
    endloop
  endfacet
  facet normal -0.621109 -0.427221 0.657043
    outer loop
      vertex -18.5165 -28.0871 17.5775
      vertex -18.6399 -28.4712 17.2111
      vertex -18.3742 -28.4204 17.4953
    endloop
  endfacet
  facet normal -0.314509 -0.570555 0.758651
    outer loop
      vertex -17.911 -28.6379 17.6465
      vertex -17.4956 -28.8 17.6968
      vertex -17.4678 -28.7515 17.7448
    endloop
  endfacet
  facet normal -0.314688 -0.571184 0.758103
    outer loop
      vertex -17.4956 -28.8 17.6968
      vertex -17.911 -28.6379 17.6465
      vertex -17.71 -28.9026 17.5305
    endloop
  endfacet
  facet normal -0.213081 -0.523473 0.824968
    outer loop
      vertex -17.3043 -28.3812 18.0281
      vertex -17.6062 -28.5185 17.863
      vertex -17.4513 -28.7226 17.7735
    endloop
  endfacet
  facet normal -0.266378 -0.443394 0.85583
    outer loop
      vertex -17.3 -28.3695 18.0355
      vertex -17.6062 -28.5185 17.863
      vertex -17.3043 -28.3812 18.0281
    endloop
  endfacet
  facet normal -0.267768 -0.441292 0.856482
    outer loop
      vertex -17.6062 -28.5185 17.863
      vertex -17.3 -28.3695 18.0355
      vertex -17.7632 -28.2472 17.9537
    endloop
  endfacet
  facet normal -0.227348 -0.227672 0.946825
    outer loop
      vertex -17.2527 -27.512 18.3388
      vertex -17.6235 -27.5838 18.2325
      vertex -17.1806 -27.757 18.2972
    endloop
  endfacet
  facet normal -0.156627 -0.393136 0.906042
    outer loop
      vertex -17.2071 -28.0392 18.1965
      vertex -17.4284 -28.1278 18.1198
      vertex -17.2402 -28.1583 18.1391
    endloop
  endfacet
  facet normal -0.370523 -0.155092 0.915784
    outer loop
      vertex -17.6235 -27.5838 18.2325
      vertex -18.0341 -27.3256 18.1101
      vertex -17.979 -27.6456 18.0782
    endloop
  endfacet
  facet normal -0.267234 -0.440829 0.856887
    outer loop
      vertex -17.4284 -28.1278 18.1198
      vertex -17.3 -28.3695 18.0355
      vertex -17.2956 -28.3572 18.0432
    endloop
  endfacet
  facet normal -0.267721 -0.441004 0.856645
    outer loop
      vertex -17.3 -28.3695 18.0355
      vertex -17.4284 -28.1278 18.1198
      vertex -17.7632 -28.2472 17.9537
    endloop
  endfacet
  facet normal -0.121708 -0.119122 0.985392
    outer loop
      vertex -17.0945 -27.237 18.3915
      vertex -17.2964 -27.2582 18.364
      vertex -17.1021 -27.3376 18.3784
    endloop
  endfacet
  facet normal -0.258868 0 0.965913
    outer loop
      vertex -17.6901 27 18.2709
      vertex -17.311 -27 18.3725
      vertex -17.311 27 18.3725
    endloop
  endfacet
  facet normal -0.258868 0 0.965913
    outer loop
      vertex -17.311 -27 18.3725
      vertex -17.6901 27 18.2709
      vertex -17.6901 -27 18.2709
    endloop
  endfacet
  facet normal -0.347323 0.255087 0.902384
    outer loop
      vertex -17.8882 27.9546 18.0258
      vertex -17.979 27.6456 18.0782
      vertex -17.6235 27.5838 18.2325
    endloop
  endfacet
  facet normal -0.621139 0.427199 0.65703
    outer loop
      vertex -18.6399 28.4712 17.2111
      vertex -18.7873 28.126 17.2962
      vertex -18.5165 28.0871 17.5775
    endloop
  endfacet
  facet normal -0.121708 0.119122 0.985392
    outer loop
      vertex -17.1021 27.3376 18.3784
      vertex -17.2964 27.2582 18.364
      vertex -17.0945 27.237 18.3915
    endloop
  endfacet
  facet normal -0.835205 0.43847 0.331929
    outer loop
      vertex -27.2252 28.4712 2.34094
      vertex -27.3726 28.126 2.42605
      vertex -27.219 28.1456 2.78665
    endloop
  endfacet
  facet normal -0.474503 0.513517 0.714946
    outer loop
      vertex -17.911 28.6379 17.6465
      vertex -18.3742 28.4204 17.4953
      vertex -18.0803 28.3453 17.7443
    endloop
  endfacet
  facet normal -0.526909 -0.40874 0.745184
    outer loop
      vertex -18.2151 -28.0297 17.8221
      vertex -18.5165 -28.0871 17.5775
      vertex -18.3742 -28.4204 17.4953
    endloop
  endfacet
  facet normal -0.460993 -0.278621 0.842529
    outer loop
      vertex -17.8882 -27.9546 18.0258
      vertex -18.3131 -27.6964 17.8787
      vertex -18.2151 -28.0297 17.8221
    endloop
  endfacet
  facet normal -0.710756 0.653609 0.26004
    outer loop
      vertex -26.6571 29.1168 2.46219
      vertex -27.04 28.7912 2.23402
      vertex -26.8806 28.8224 2.59128
    endloop
  endfacet
  facet normal -0.779037 0.550893 0.299364
    outer loop
      vertex -27.04 28.7912 2.23402
      vertex -27.2252 28.4712 2.34094
      vertex -27.0691 28.4968 2.70005
    endloop
  endfacet
  facet normal -0.989647 0.0603154 0.130237
    outer loop
      vertex -27.6471 27.3708 2.14684
      vertex -27.7193 27 1.76993
      vertex -27.6681 27 2.15899
    endloop
  endfacet
  facet normal -0.964038 -0.0631765 0.258145
    outer loop
      vertex -27.5666 -27 2.53804
      vertex -27.6681 -27 2.15899
      vertex -27.5448 -27.3841 2.52545
    endloop
  endfacet
  facet normal -0.991452 0 -0.130474
    outer loop
      vertex -27.6681 -27 0.988449
      vertex -27.7193 27 1.37751
      vertex -27.6681 27 0.988449
    endloop
  endfacet
  facet normal -0.991452 -0 -0.130474
    outer loop
      vertex -27.7193 27 1.37751
      vertex -27.6681 -27 0.988449
      vertex -27.7193 -27 1.37751
    endloop
  endfacet
  facet normal -1 0 0
    outer loop
      vertex -27.7193 -27 1.37751
      vertex -27.7193 27 1.76993
      vertex -27.7193 27 1.37751
    endloop
  endfacet
  facet normal -1 -0 0
    outer loop
      vertex -27.7193 27 1.76993
      vertex -27.7193 -27 1.37751
      vertex -27.7193 -27 1.76993
    endloop
  endfacet
  facet normal -0.791737 0.064887 0.607406
    outer loop
      vertex -19.198 27.3907 17.084
      vertex -19.2202 27 17.0968
      vertex -18.9813 27 17.4082
    endloop
  endfacet
  facet normal -0.566364 0.536717 0.625433
    outer loop
      vertex -18.4547 28.7912 17.1042
      vertex -18.6399 28.4712 17.2111
      vertex -18.3742 28.4204 17.4953
    endloop
  endfacet
  facet normal -0.686032 0.660185 -0.305803
    outer loop
      vertex -26.6915 28.9533 0.424569
      vertex -26.9039 28.7894 0.547226
      vertex -26.6392 29.1602 0.753908
    endloop
  endfacet
  facet normal -0.606746 0.0260267 -0.794469
    outer loop
      vertex -26.3867 27.0508 -0.924031
      vertex -26.6995 27.0764 -0.684303
      vertex -26.6865 27.1515 -0.691771
    endloop
  endfacet
  facet normal -0.244988 0.651637 0.717879
    outer loop
      vertex -17.6212 28.9925 17.4792
      vertex -17.71 28.9026 17.5305
      vertex -17.4956 28.8 17.6968
    endloop
  endfacet
  facet normal -0.501006 0.745349 0.439827
    outer loop
      vertex -18.0469 29.3458 16.7418
      vertex -18.4608 29.1168 16.6584
      vertex -17.9972 29.3284 16.8279
    endloop
  endfacet
  facet normal -0.501006 0.745349 0.439827
    outer loop
      vertex -18.4608 29.1168 16.6584
      vertex -18.0469 29.3458 16.7418
      vertex -18.2059 29.375 16.5112
    endloop
  endfacet
  facet normal -0.50391 0.745934 0.435496
    outer loop
      vertex -17.9972 29.3284 16.8279
      vertex -18.2349 29.0806 16.9773
      vertex -17.992 29.3266 16.837
    endloop
  endfacet
  facet normal -0.500983 0.745549 0.439514
    outer loop
      vertex -18.2349 29.0806 16.9773
      vertex -17.9972 29.3284 16.8279
      vertex -18.4608 29.1168 16.6584
    endloop
  endfacet
  facet normal -0.624419 0.449224 -0.638982
    outer loop
      vertex -26.6456 28.1491 -0.424707
      vertex -26.6947 28.4434 -0.169824
      vertex -26.5253 28.5398 -0.267591
    endloop
  endfacet
  facet normal -0.448186 0.875171 -0.182222
    outer loop
      vertex -25.9923 29.5989 0.772812
      vertex -26.2809 29.4858 0.939448
      vertex -26.1494 29.6245 1.28216
    endloop
  endfacet
  facet normal -0.410343 0.825523 0.387467
    outer loop
      vertex -18.1865 29.3899 16.5
      vertex -18.2059 29.375 16.5112
      vertex -18.0469 29.3458 16.7418
    endloop
  endfacet
  facet normal -0.121237 0.989366 -0.0803551
    outer loop
      vertex -25.0184 29.9424 1.06686
      vertex -25.1623 29.968 1.59917
      vertex -24.8239 29.9936 1.4038
    endloop
  endfacet
  facet normal -0.348822 0.792296 -0.500589
    outer loop
      vertex -25.7148 29.2555 -0.139311
      vertex -25.8411 29.4731 0.293099
      vertex -25.5591 29.4944 0.130307
    endloop
  endfacet
  facet normal -0.499333 0.59793 -0.627013
    outer loop
      vertex -26.0771 28.9611 -0.250524
      vertex -26.3466 28.6099 -0.370813
      vertex -26.2969 28.9106 -0.12364
    endloop
  endfacet
  facet normal -0.758132 0.637064 0.139235
    outer loop
      vertex -26.9475 29.0087 1.74297
      vertex -27.1597 28.7294 1.86547
      vertex -26.8202 29.0806 2.10714
    endloop
  endfacet
  facet normal -0.933648 0.227763 -0.27645
    outer loop
      vertex -27.4362 27.757 0.534117
      vertex -27.6016 27.5838 0.950022
      vertex -27.5194 27.8632 0.902603
    endloop
  endfacet
  facet normal -0.869826 0.269454 -0.413276
    outer loop
      vertex -27.3065 27.6378 0.183418
      vertex -27.4362 27.757 0.534117
      vertex -27.223 27.8334 0.135205
    endloop
  endfacet
  facet normal -0.948896 0.296885 0.107033
    outer loop
      vertex -27.542 28.0297 1.66752
      vertex -27.6399 27.6964 1.72409
      vertex -27.4808 28.0871 2.05087
    endloop
  endfacet
  facet normal -0.71856 0.694973 -0.0261513
    outer loop
      vertex -26.8077 29.1346 1.24359
      vertex -27.0369 28.9026 1.3759
      vertex -26.7056 29.2537 1.60328
    endloop
  endfacet
  facet normal -0.792932 0.609085 0.0165891
    outer loop
      vertex -27.0369 28.9026 1.3759
      vertex -27.2378 28.6379 1.49193
      vertex -27.1597 28.7294 1.86547
    endloop
  endfacet
  facet normal -0.813976 0.571017 -0.106691
    outer loop
      vertex -27.0866 28.7638 1.01221
      vertex -27.2378 28.6379 1.49193
      vertex -27.0369 28.9026 1.3759
    endloop
  endfacet
  facet normal -0.544889 0.828926 -0.126401
    outer loop
      vertex -26.2809 29.4858 0.939448
      vertex -26.438 29.4602 1.44879
      vertex -26.1494 29.6245 1.28216
    endloop
  endfacet
  facet normal -0.60811 0.712101 -0.350875
    outer loop
      vertex -26.4623 29.0838 0.292264
      vertex -26.6392 29.1602 0.753908
      vertex -26.3858 29.3045 0.607591
    endloop
  endfacet
  facet normal -0.744401 0.651426 -0.146665
    outer loop
      vertex -26.8742 28.9789 0.889556
      vertex -27.0866 28.7638 1.01221
      vertex -26.8077 29.1346 1.24359
    endloop
  endfacet
  facet normal -0.499172 0.866443 -0.0102287
    outer loop
      vertex -26.1494 29.6245 1.28216
      vertex -26.438 29.4602 1.44879
      vertex -26.2925 29.5482 1.80245
    endloop
  endfacet
  facet normal -0.608027 0.712182 -0.350856
    outer loop
      vertex -26.4623 29.0838 0.292264
      vertex -26.6915 28.9533 0.424569
      vertex -26.6392 29.1602 0.753908
    endloop
  endfacet
  facet normal 0.720075 0.555568 -0.415735
    outer loop
      vertex 1.64711 28.4968 3.66784
      vertex 0.058702 28.8224 1.35175
      vertex 1.4587 28.8224 3.77662
    endloop
  endfacet
  facet normal 0.72008 0.555558 -0.41574
    outer loop
      vertex 0.058702 28.8224 1.35175
      vertex 1.64711 28.4968 3.66784
      vertex 0.247105 28.4968 1.24297
    endloop
  endfacet
  facet normal 0.383053 0.896861 -0.221157
    outer loop
      vertex 0.698181 29.5925 4.21571
      vertex -1.00597 29.7657 1.96643
      vertex 0.394036 29.7657 4.3913
    endloop
  endfacet
  facet normal 0.383045 0.896866 -0.221151
    outer loop
      vertex -1.00597 29.7657 1.96643
      vertex 0.698181 29.5925 4.21571
      vertex -0.70182 29.5925 1.79083
    endloop
  endfacet
  facet normal -0.396647 -0.608833 -0.687018
    outer loop
      vertex -25.8535 -28.978 -0.379617
      vertex -23.3749 -28.6667 -2.0865
      vertex -23.2554 -28.978 -1.87962
    endloop
  endfacet
  facet normal -0.396644 -0.60884 -0.687014
    outer loop
      vertex -23.3749 -28.6667 -2.0865
      vertex -25.8535 -28.978 -0.379617
      vertex -25.973 -28.6667 -0.586502
    endloop
  endfacet
  facet normal -0.706978 0.0172658 -0.707024
    outer loop
      vertex -26.7038 27 -0.681799
      vertex -26.9813 27 -0.404317
      vertex -26.9741 27.1259 -0.408442
    endloop
  endfacet
  facet normal 0.866025 0 -0.500001
    outer loop
      vertex 1.99444 -27 3.46731
      vertex 0.594436 27 1.04244
      vertex 1.99444 27 3.46731
    endloop
  endfacet
  facet normal 0.866025 0 -0.500001
    outer loop
      vertex 0.594436 27 1.04244
      vertex 1.99444 -27 3.46731
      vertex 0.594436 -27 1.04244
    endloop
  endfacet
  facet normal -0.758132 -0.637064 0.139235
    outer loop
      vertex -26.8202 -29.0806 2.10714
      vertex -27.1597 -28.7294 1.86547
      vertex -26.9475 -29.0087 1.74297
    endloop
  endfacet
  facet normal -0.869797 -0.269622 -0.413228
    outer loop
      vertex -27.3371 -27.989 0.476898
      vertex -27.4362 -27.757 0.534117
      vertex -27.223 -27.8334 0.135205
    endloop
  endfacet
  facet normal -0.461028 -0.499778 -0.733264
    outer loop
      vertex -25.973 -28.6667 -0.586502
      vertex -26.1614 -28.6525 -0.477727
      vertex -26.0711 -28.3269 -0.756424
    endloop
  endfacet
  facet normal -0.835317 -0.338599 -0.433125
    outer loop
      vertex -27.2126 -28.2042 0.405024
      vertex -27.3371 -27.989 0.476898
      vertex -27.223 -27.8334 0.135205
    endloop
  endfacet
  facet normal -0.353576 -0.707057 -0.612417
    outer loop
      vertex -25.8535 -28.978 -0.379617
      vertex -23.1167 -29.2555 -1.63931
      vertex -25.7148 -29.2555 -0.139311
    endloop
  endfacet
  facet normal -0.353574 -0.707062 -0.612413
    outer loop
      vertex -23.1167 -29.2555 -1.63931
      vertex -25.8535 -28.978 -0.379617
      vertex -23.2554 -28.978 -1.87962
    endloop
  endfacet
  facet normal -0.695602 0.0832603 -0.713586
    outer loop
      vertex -26.6865 27.1515 -0.691771
      vertex -26.9177 27.369 -0.44102
      vertex -26.6652 27.224 -0.704075
    endloop
  endfacet
  facet normal -0.787442 0.0747275 -0.611842
    outer loop
      vertex -26.9741 27.1259 -0.408442
      vertex -27.181 27.3434 -0.115597
      vertex -26.9528 27.2496 -0.420747
    endloop
  endfacet
  facet normal -0.821764 -0.221382 -0.525066
    outer loop
      vertex -27.223 -27.8334 0.135205
      vertex -27.3065 -27.6378 0.183418
      vertex -27.0662 -27.6634 -0.181874
    endloop
  endfacet
  facet normal -0.787454 -0.0746999 -0.61183
    outer loop
      vertex -27.181 -27.3434 -0.115597
      vertex -27.2103 -27.1732 -0.0986667
      vertex -26.9741 -27.1259 -0.408442
    endloop
  endfacet
  facet normal -0.87352 -0.481423 -0.0720714
    outer loop
      vertex -27.2378 -28.6379 1.49193
      vertex -27.4299 -28.2472 1.21042
      vertex -27.2729 -28.5185 1.11978
    endloop
  endfacet
  facet normal -0.922579 -0.383299 -0.0439241
    outer loop
      vertex -27.4072 -28.3453 1.58969
      vertex -27.5549 -27.9546 1.28257
      vertex -27.4299 -28.2472 1.21042
    endloop
  endfacet
  facet normal -0.737907 0.213026 -0.6404
    outer loop
      vertex -26.8694 27.4822 -0.468914
      vertex -27.0662 27.6634 -0.181874
      vertex -26.9827 27.8077 -0.230087
    endloop
  endfacet
  facet normal -0.923112 0.0400745 -0.382436
    outer loop
      vertex -27.4164 27 0.246853
      vertex -27.5666 27 0.609401
      vertex -27.404 27.2176 0.239724
    endloop
  endfacet
  facet normal -0.624711 -0.449205 -0.63871
    outer loop
      vertex -26.5253 -28.5398 -0.267591
      vertex -26.6456 -28.1491 -0.424707
      vertex -26.5108 -28.2259 -0.502539
    endloop
  endfacet
  facet normal -0.624247 -0.634974 -0.455109
    outer loop
      vertex -26.4623 -29.0838 0.292264
      vertex -26.6915 -28.9533 0.424569
      vertex -26.5091 -28.8275 -0.00113613
    endloop
  endfacet
  facet normal -0.648883 -0.550879 0.524865
    outer loop
      vertex -18.6399 -28.4712 17.2111
      vertex -18.8728 -28.4968 16.8963
      vertex -18.4547 -28.7912 17.1042
    endloop
  endfacet
  facet normal -0.680702 -0.726409 0.0947348
    outer loop
      vertex -26.5696 -29.3343 1.96246
      vertex -26.8202 -29.0806 2.10714
      vertex -26.7056 -29.2537 1.60328
    endloop
  endfacet
  facet normal -0.960207 -0.278418 -0.0220377
    outer loop
      vertex -27.6399 -27.6964 1.72409
      vertex -27.6457 -27.6456 1.33501
      vertex -27.5549 -27.9546 1.28257
    endloop
  endfacet
  facet normal -0.718859 -0.376416 -0.584425
    outer loop
      vertex -26.7706 -28.0527 -0.352552
      vertex -26.9936 -28.1785 0.00276948
      vertex -26.8836 -27.9382 -0.287306
    endloop
  endfacet
  facet normal -0.948896 -0.296885 0.107033
    outer loop
      vertex -27.4808 -28.0871 2.05087
      vertex -27.6399 -27.6964 1.72409
      vertex -27.542 -28.0297 1.66752
    endloop
  endfacet
  facet normal -0.777093 -0.193496 0.598904
    outer loop
      vertex -18.8945 -27.7615 17.358
      vertex -19.198 -27.3907 17.084
      vertex -19.1318 -27.7748 17.0458
    endloop
  endfacet
  facet normal -0.849373 -0.195161 0.490386
    outer loop
      vertex -19.1318 -27.7748 17.0458
      vertex -27.3942 -27.3907 2.88778
      vertex -27.328 -27.7748 2.84958
    endloop
  endfacet
  facet normal -0.849373 -0.195161 0.490386
    outer loop
      vertex -27.3942 -27.3907 2.88778
      vertex -19.1318 -27.7748 17.0458
      vertex -19.198 -27.3907 17.084
    endloop
  endfacet
  facet normal -0.706979 0 0.707234
    outer loop
      vertex -18.9813 -27 17.4082
      vertex -18.7038 27 17.6856
      vertex -18.9813 27 17.4082
    endloop
  endfacet
  facet normal -0.706979 0 0.707234
    outer loop
      vertex -18.7038 27 17.6856
      vertex -18.9813 -27 17.4082
      vertex -18.7038 -27 17.6856
    endloop
  endfacet
  facet normal -0.864168 -0.0654614 0.498928
    outer loop
      vertex -19.198 -27.3907 17.084
      vertex -27.4164 -27 2.90059
      vertex -27.3942 -27.3907 2.88778
    endloop
  endfacet
  facet normal -0.864168 -0.0654487 0.498929
    outer loop
      vertex -27.4164 -27 2.90059
      vertex -19.198 -27.3907 17.084
      vertex -19.2202 -27 17.0968
    endloop
  endfacet
  facet normal -0.949673 0.1885 0.250178
    outer loop
      vertex -27.5843 27.7353 2.11059
      vertex -27.6471 27.3708 2.14684
      vertex -27.4797 27.7615 2.48791
    endloop
  endfacet
  facet normal -0.410343 -0.825523 0.387467
    outer loop
      vertex -18.0469 -29.3458 16.7418
      vertex -18.2059 -29.375 16.5112
      vertex -18.1865 -29.3899 16.5
    endloop
  endfacet
  facet normal -0.398195 -0.914755 -0.0683006
    outer loop
      vertex -25.6779 -29.8421 1.44763
      vertex -26.1494 -29.6245 1.28216
      vertex -25.8447 -29.744 1.10622
    endloop
  endfacet
  facet normal -0.258431 -0.0461247 0.964928
    outer loop
      vertex -17.2964 -27.2582 18.364
      vertex -17.6901 -27 18.2709
      vertex -17.6734 -27.2944 18.2613
    endloop
  endfacet
  facet normal -0.247942 -0.138175 0.95887
    outer loop
      vertex -17.2964 -27.2582 18.364
      vertex -17.6734 -27.2944 18.2613
      vertex -17.6235 -27.5838 18.2325
    endloop
  endfacet
  facet normal -0.460873 -0.278331 0.842691
    outer loop
      vertex -17.979 -27.6456 18.0782
      vertex -18.3131 -27.6964 17.8787
      vertex -17.8882 -27.9546 18.0258
    endloop
  endfacet
  facet normal -0.382274 -0.0517556 0.922599
    outer loop
      vertex -17.6901 -27 18.2709
      vertex -18.0526 -27 18.1207
      vertex -18.0341 -27.3256 18.1101
    endloop
  endfacet
  facet normal -0.336858 -0.694896 0.635332
    outer loop
      vertex -17.9832 -29.0087 17.2696
      vertex -17.7285 -29.1105 17.2933
      vertex -17.71 -28.9026 17.5305
    endloop
  endfacet
  facet normal -0.336749 -0.694513 0.635808
    outer loop
      vertex -17.7285 -29.1105 17.2933
      vertex -17.9832 -29.0087 17.2696
      vertex -17.8025 -29.1918 17.1653
    endloop
  endfacet
  facet normal -0.374276 -0.481534 0.792491
    outer loop
      vertex -17.7632 -28.2472 17.9537
      vertex -17.911 -28.6379 17.6465
      vertex -17.6062 -28.5185 17.863
    endloop
  endfacet
  facet normal -0.474474 -0.51337 0.71507
    outer loop
      vertex -17.911 -28.6379 17.6465
      vertex -18.3742 -28.4204 17.4953
      vertex -18.1954 -28.7294 17.3921
    endloop
  endfacet
  facet normal -0.501006 -0.745349 0.439827
    outer loop
      vertex -18.4608 -29.1168 16.6584
      vertex -18.0469 -29.3458 16.7418
      vertex -17.9972 -29.3284 16.8279
    endloop
  endfacet
  facet normal -0.501006 -0.745349 0.439827
    outer loop
      vertex -18.0469 -29.3458 16.7418
      vertex -18.4608 -29.1168 16.6584
      vertex -18.2059 -29.375 16.5112
    endloop
  endfacet
  facet normal -0.312618 -0.351183 0.882576
    outer loop
      vertex -17.5414 -27.8631 18.1851
      vertex -17.7632 -28.2472 17.9537
      vertex -17.4284 -28.1278 18.1198
    endloop
  endfacet
  facet normal -0.347181 -0.255201 0.902407
    outer loop
      vertex -17.6235 -27.5838 18.2325
      vertex -17.8882 -27.9546 18.0258
      vertex -17.5414 -27.8631 18.1851
    endloop
  endfacet
  facet normal -0.0773257 -0.266837 0.960635
    outer loop
      vertex -17.1454 -27.7456 18.3032
      vertex -17.1806 -27.757 18.2972
      vertex -17.1483 -27.7624 18.2983
    endloop
  endfacet
  facet normal -0.130454 -0.04 0.990647
    outer loop
      vertex -17.0885 -27 18.4018
      vertex -17.311 -27 18.3725
      vertex -17.0915 -27.119 18.3966
    endloop
  endfacet
  facet normal -0.121343 -0.118977 0.985454
    outer loop
      vertex -17.1021 -27.3376 18.3784
      vertex -17.2527 -27.512 18.3388
      vertex -17.1129 -27.4823 18.3596
    endloop
  endfacet
  facet normal -0.121572 -0.118779 0.98545
    outer loop
      vertex -17.2527 -27.512 18.3388
      vertex -17.1021 -27.3376 18.3784
      vertex -17.2964 -27.2582 18.364
    endloop
  endfacet
  facet normal -0.121343 0.118977 0.985454
    outer loop
      vertex -17.2527 27.512 18.3388
      vertex -17.1021 27.3376 18.3784
      vertex -17.1129 27.4823 18.3596
    endloop
  endfacet
  facet normal -0.121572 0.118779 0.98545
    outer loop
      vertex -17.1021 27.3376 18.3784
      vertex -17.2527 27.512 18.3388
      vertex -17.2964 27.2582 18.364
    endloop
  endfacet
  facet normal -0.347267 0.255133 0.902393
    outer loop
      vertex -17.5414 27.8632 18.1851
      vertex -17.8882 27.9546 18.0258
      vertex -17.6235 27.5838 18.2325
    endloop
  endfacet
  facet normal -0.621109 0.427221 0.657043
    outer loop
      vertex -18.3742 28.4204 17.4953
      vertex -18.6399 28.4712 17.2111
      vertex -18.5165 28.0871 17.5775
    endloop
  endfacet
  facet normal -0.312844 0.351112 0.882524
    outer loop
      vertex -17.7632 28.2472 17.9537
      vertex -17.8882 27.9546 18.0258
      vertex -17.5414 27.8632 18.1851
    endloop
  endfacet
  facet normal -0.486498 -0.168888 0.857203
    outer loop
      vertex -18.0341 -27.3256 18.1101
      vertex -18.3725 -27.3512 17.913
      vertex -18.3131 -27.6964 17.8787
    endloop
  endfacet
  facet normal -0.486201 -0.169181 0.857314
    outer loop
      vertex -18.0341 -27.3256 18.1101
      vertex -18.3131 -27.6964 17.8787
      vertex -17.979 -27.6456 18.0782
    endloop
  endfacet
  facet normal -0.499116 0.0567371 0.864676
    outer loop
      vertex -18.3725 27.3512 17.913
      vertex -18.3925 27 17.9245
      vertex -18.0526 27 18.1207
    endloop
  endfacet
  facet normal -0.382787 0 0.923837
    outer loop
      vertex -18.0526 27 18.1207
      vertex -17.6901 -27 18.2709
      vertex -17.6901 27 18.2709
    endloop
  endfacet
  facet normal -0.382787 0 0.923837
    outer loop
      vertex -17.6901 -27 18.2709
      vertex -18.0526 27 18.1207
      vertex -18.0526 -27 18.1207
    endloop
  endfacet
  facet normal -0.705566 -0.0631988 0.70582
    outer loop
      vertex -18.7038 -27 17.6856
      vertex -18.9813 -27 17.4082
      vertex -18.9595 -27.3841 17.3956
    endloop
  endfacet
  facet normal -0.607705 -0.0602575 0.791873
    outer loop
      vertex -18.3925 -27 17.9245
      vertex -18.7038 -27 17.6856
      vertex -18.6828 -27.3708 17.6735
    endloop
  endfacet
  facet normal -0.499299 -0.0565161 0.864585
    outer loop
      vertex -18.0526 -27 18.1207
      vertex -18.3725 -27.3512 17.913
      vertex -18.0341 -27.3256 18.1101
    endloop
  endfacet
  facet normal -0.499116 -0.0567371 0.864676
    outer loop
      vertex -18.0526 -27 18.1207
      vertex -18.3925 -27 17.9245
      vertex -18.3725 -27.3512 17.913
    endloop
  endfacet
  facet normal -0.879585 0.427168 0.209421
    outer loop
      vertex -27.3385 28.4204 1.96869
      vertex -27.4808 28.0871 2.05087
      vertex -27.2252 28.4712 2.34094
    endloop
  endfacet
  facet normal -0.747993 0.318694 0.582186
    outer loop
      vertex -18.7873 28.126 17.2962
      vertex -19.0228 28.1456 16.9829
      vertex -18.8945 27.7615 17.358
    endloop
  endfacet
  facet normal -0.907179 0.19364 0.373536
    outer loop
      vertex -27.4797 27.7615 2.48791
      vertex -27.5448 27.3841 2.52545
      vertex -27.3942 27.3907 2.88778
    endloop
  endfacet
  facet normal -0.921469 0.310391 0.233564
    outer loop
      vertex -27.3726 28.126 2.42605
      vertex -27.4808 28.0871 2.05087
      vertex -27.4797 27.7615 2.48791
    endloop
  endfacet
  facet normal -0.778948 0.550984 0.299428
    outer loop
      vertex -27.04 28.7912 2.23402
      vertex -27.0691 28.4968 2.70005
      vertex -26.8806 28.8224 2.59128
    endloop
  endfacet
  facet normal -0.991452 0 0.130474
    outer loop
      vertex -27.7193 -27 1.76993
      vertex -27.6681 27 2.15899
      vertex -27.7193 27 1.76993
    endloop
  endfacet
  facet normal -0.991452 0 0.130474
    outer loop
      vertex -27.6681 27 2.15899
      vertex -27.7193 -27 1.76993
      vertex -27.6681 -27 2.15899
    endloop
  endfacet
  facet normal -0.921887 -0.0648437 0.381995
    outer loop
      vertex -27.3942 -27.3907 2.88778
      vertex -27.5666 -27 2.53804
      vertex -27.5448 -27.3841 2.52545
    endloop
  endfacet
  facet normal -0.960207 0.278418 -0.0220377
    outer loop
      vertex -27.5549 27.9546 1.28257
      vertex -27.6457 27.6456 1.33501
      vertex -27.6399 27.6964 1.72409
    endloop
  endfacet
  facet normal -0.975962 0.180384 0.122309
    outer loop
      vertex -27.6399 27.6964 1.72409
      vertex -27.6994 27.3512 1.75842
      vertex -27.6471 27.3708 2.14684
    endloop
  endfacet
  facet normal -0.691396 0.188565 0.697435
    outer loop
      vertex -18.8945 27.7615 17.358
      vertex -18.9595 27.3841 17.3956
      vertex -18.6828 27.3708 17.6735
    endloop
  endfacet
  facet normal -0.777098 0.193508 0.598893
    outer loop
      vertex -18.8945 27.7615 17.358
      vertex -19.198 27.3907 17.084
      vertex -18.9595 27.3841 17.3956
    endloop
  endfacet
  facet normal -0.0652383 -0.991451 -0.112998
    outer loop
      vertex -22.1728 -29.9424 -0.576024
      vertex -24.8239 -29.9936 1.4038
      vertex -25.0184 -29.9424 1.06686
    endloop
  endfacet
  facet normal -0.065237 -0.991451 -0.112996
    outer loop
      vertex -24.8239 -29.9936 1.4038
      vertex -22.1728 -29.9424 -0.576024
      vertex -21.8215 -29.9936 -0.329603
    endloop
  endfacet
  facet normal -0.129454 -0.965902 -0.224222
    outer loop
      vertex -22.4911 -29.8408 -0.829947
      vertex -25.0184 -29.9424 1.06686
      vertex -25.2079 -29.8408 0.738595
    endloop
  endfacet
  facet normal -0.129507 -0.965873 -0.224316
    outer loop
      vertex -25.0184 -29.9424 1.06686
      vertex -22.3159 -29.8999 -0.676405
      vertex -22.1728 -29.9424 -0.576024
    endloop
  endfacet
  facet normal -0.12928 -0.965984 -0.223967
    outer loop
      vertex -25.0184 -29.9424 1.06686
      vertex -22.4458 -29.8581 -0.781709
      vertex -22.3159 -29.8999 -0.676405
    endloop
  endfacet
  facet normal -0.129711 -0.965789 -0.224558
    outer loop
      vertex -25.0184 -29.9424 1.06686
      vertex -22.4911 -29.8408 -0.829947
      vertex -22.4458 -29.8581 -0.781709
    endloop
  endfacet
  facet normal -0.250001 -0.866029 -0.433006
    outer loop
      vertex -22.9399 -29.5025 -1.36572
      vertex -25.3892 -29.6906 0.424621
      vertex -25.5591 -29.4944 0.130307
    endloop
  endfacet
  facet normal -0.249965 -0.866062 -0.43296
    outer loop
      vertex -25.3892 -29.6906 0.424621
      vertex -22.9399 -29.5025 -1.36572
      vertex -22.7299 -29.6906 -1.1107
    endloop
  endfacet
  facet normal -0.250247 -0.865742 -0.433437
    outer loop
      vertex -22.9399 -29.5025 -1.36572
      vertex -25.5591 -29.4944 0.130307
      vertex -22.9479 -29.4944 -1.37728
    endloop
  endfacet
  facet normal -0.570664 0.0981126 -0.815302
    outer loop
      vertex -26.3427 27.1387 -0.949423
      vertex -26.5553 27.4138 -0.76751
      vertex -26.5055 27.4643 -0.79629
    endloop
  endfacet
  facet normal -0.590019 0.0723874 -0.804138
    outer loop
      vertex -26.3697 27.0981 -0.933832
      vertex -26.6359 27.2926 -0.721005
      vertex -26.5991 27.3563 -0.742272
    endloop
  endfacet
  facet normal -0.580468 0.0867949 -0.809644
    outer loop
      vertex -26.3427 27.1387 -0.949423
      vertex -26.5991 27.3563 -0.742272
      vertex -26.5553 27.4138 -0.76751
    endloop
  endfacet
  facet normal -0.689426 0.50711 -0.517235
    outer loop
      vertex -26.6947 28.4434 -0.169824
      vertex -26.8964 28.5693 0.222459
      vertex -26.71 28.713 0.114892
    endloop
  endfacet
  facet normal -0.430728 0.608363 -0.666609
    outer loop
      vertex -25.973 28.6667 -0.586502
      vertex -26.1614 28.6525 -0.477727
      vertex -25.8535 28.978 -0.379617
    endloop
  endfacet
  facet normal -0.393336 0.706367 -0.588499
    outer loop
      vertex -25.7148 29.2555 -0.139311
      vertex -26.0771 28.9611 -0.250524
      vertex -25.9697 29.2362 0.00789146
    endloop
  endfacet
  facet normal -0.499822 0.636967 0.586899
    outer loop
      vertex -18.2349 29.0806 16.9773
      vertex -18.4547 28.7912 17.1042
      vertex -18.1954 28.7294 17.3921
    endloop
  endfacet
  facet normal -0.56647 0.536652 0.625393
    outer loop
      vertex -18.1954 28.7294 17.3921
      vertex -18.4547 28.7912 17.1042
      vertex -18.3742 28.4204 17.4953
    endloop
  endfacet
  facet normal -0.474474 0.51337 0.71507
    outer loop
      vertex -18.1954 28.7294 17.3921
      vertex -18.3742 28.4204 17.4953
      vertex -17.911 28.6379 17.6465
    endloop
  endfacet
  facet normal -0.183976 0.963967 -0.192149
    outer loop
      vertex -25.2079 29.8408 0.738595
      vertex -25.351 29.9172 1.25889
      vertex -25.0184 29.9424 1.06686
    endloop
  endfacet
  facet normal -0.4448 0.889289 0.10639
    outer loop
      vertex -25.9935 29.7184 1.62986
      vertex -26.2925 29.5482 1.80245
      vertex -25.816 29.7657 1.97659
    endloop
  endfacet
  facet normal -0.542234 0.824289 0.162879
    outer loop
      vertex -26.2925 29.5482 1.80245
      vertex -26.5696 29.3343 1.96246
      vertex -26.1201 29.5925 2.15219
    endloop
  endfacet
  facet normal -0.680899 0.726238 0.0946312
    outer loop
      vertex -26.7056 29.2537 1.60328
      vertex -26.9475 29.0087 1.74297
      vertex -26.8202 29.0806 2.10714
    endloop
  endfacet
  facet normal -0.121374 0.989346 -0.0803911
    outer loop
      vertex -25.0184 29.9424 1.06686
      vertex -25.351 29.9172 1.25889
      vertex -25.1623 29.968 1.59917
    endloop
  endfacet
  facet normal -0.243364 0.922171 -0.300624
    outer loop
      vertex -25.3892 29.6906 0.424621
      vertex -25.529 29.8165 0.923994
      vertex -25.2079 29.8408 0.738595
    endloop
  endfacet
  facet normal -0.758175 0.636968 0.139436
    outer loop
      vertex -26.8202 29.0806 2.10714
      vertex -27.1597 28.7294 1.86547
      vertex -27.04 28.7912 2.23402
    endloop
  endfacet
  facet normal -0.710729 0.653719 0.259837
    outer loop
      vertex -26.8202 29.0806 2.10714
      vertex -27.04 28.7912 2.23402
      vertex -26.6571 29.1168 2.46219
    endloop
  endfacet
  facet normal -0.955024 0.2554 -0.150663
    outer loop
      vertex -27.5194 27.8632 0.902603
      vertex -27.6016 27.5838 0.950022
      vertex -27.5549 27.9546 1.28257
    endloop
  endfacet
  facet normal -0.87352 0.481423 -0.0720714
    outer loop
      vertex -27.2729 28.5185 1.11978
      vertex -27.4299 28.2472 1.21042
      vertex -27.2378 28.6379 1.49193
    endloop
  endfacet
  facet normal -0.744566 0.458163 -0.485497
    outer loop
      vertex -26.8517 28.3223 -0.0791874
      vertex -27.0648 28.3987 0.319725
      vertex -26.8964 28.5693 0.222459
    endloop
  endfacet
  facet normal -0.843525 0.160876 -0.51243
    outer loop
      vertex -27.181 27.3434 -0.115597
      vertex -27.3065 27.6378 0.183418
      vertex -27.1327 27.5078 -0.143492
    endloop
  endfacet
  facet normal -0.955138 0.25515 -0.150368
    outer loop
      vertex -27.6016 27.5838 0.950022
      vertex -27.6457 27.6456 1.33501
      vertex -27.5549 27.9546 1.28257
    endloop
  endfacet
  facet normal -0.97835 0.155141 -0.136973
    outer loop
      vertex -27.6016 27.5838 0.950022
      vertex -27.7009 27.3256 1.36684
      vertex -27.6457 27.6456 1.33501
    endloop
  endfacet
  facet normal -0.824795 0.536754 0.177789
    outer loop
      vertex -27.04 28.7912 2.23402
      vertex -27.3385 28.4204 1.96869
      vertex -27.2252 28.4712 2.34094
    endloop
  endfacet
  facet normal -0.824812 0.536694 0.177892
    outer loop
      vertex -27.1597 28.7294 1.86547
      vertex -27.3385 28.4204 1.96869
      vertex -27.04 28.7912 2.23402
    endloop
  endfacet
  facet normal -0.903019 0.313116 -0.294134
    outer loop
      vertex -27.4362 27.757 0.534117
      vertex -27.5194 27.8632 0.902603
      vertex -27.4064 28.1278 0.837358
    endloop
  endfacet
  facet normal -0.920625 0.351251 -0.170506
    outer loop
      vertex -27.5194 27.8632 0.902603
      vertex -27.5549 27.9546 1.28257
      vertex -27.4299 28.2472 1.21042
    endloop
  endfacet
  facet normal -0.908773 0.408805 0.0837242
    outer loop
      vertex -27.4072 28.3453 1.58969
      vertex -27.542 28.0297 1.66752
      vertex -27.3385 28.4204 1.96869
    endloop
  endfacet
  facet normal -0.875692 0.441196 -0.19624
    outer loop
      vertex -27.2645 28.3731 0.755401
      vertex -27.4299 28.2472 1.21042
      vertex -27.2729 28.5185 1.11978
    endloop
  endfacet
  facet normal -0.341114 0.938869 0.0465473
    outer loop
      vertex -25.6779 29.8421 1.44763
      vertex -25.9935 29.7184 1.62986
      vertex -25.816 29.7657 1.97659
    endloop
  endfacet
  facet normal -0.59402 0.803208 0.0446801
    outer loop
      vertex -26.438 29.4602 1.44879
      vertex -26.7056 29.2537 1.60328
      vertex -26.5696 29.3343 1.96246
    endloop
  endfacet
  facet normal -0.685945 0.660206 -0.305952
    outer loop
      vertex -26.6392 29.1602 0.753908
      vertex -26.9039 28.7894 0.547226
      vertex -26.8742 28.9789 0.889556
    endloop
  endfacet
  facet normal -0.757301 0.597023 -0.264687
    outer loop
      vertex -26.9039 28.7894 0.547226
      vertex -27.096 28.5949 0.658136
      vertex -27.0866 28.7638 1.01221
    endloop
  endfacet
  facet normal -0.666505 0.720437 -0.191681
    outer loop
      vertex -26.6392 29.1602 0.753908
      vertex -26.8077 29.1346 1.24359
      vertex -26.5543 29.3301 1.09727
    endloop
  endfacet
  facet normal -0.545011 0.82884 -0.126443
    outer loop
      vertex -26.2809 29.4858 0.939448
      vertex -26.5543 29.3301 1.09727
      vertex -26.438 29.4602 1.44879
    endloop
  endfacet
  facet normal -0.243334 0.922181 -0.300618
    outer loop
      vertex -25.3892 29.6906 0.424621
      vertex -25.6933 29.6676 0.600218
      vertex -25.529 29.8165 0.923994
    endloop
  endfacet
  facet normal -0.525049 0.751834 -0.398835
    outer loop
      vertex -26.2203 29.1787 0.152575
      vertex -26.4623 29.0838 0.292264
      vertex -26.3858 29.3045 0.607591
    endloop
  endfacet
  facet normal -0.349074 0.792177 -0.500603
    outer loop
      vertex -25.7148 29.2555 -0.139311
      vertex -25.9697 29.2362 0.00789146
      vertex -25.8411 29.4731 0.293099
    endloop
  endfacet
  facet normal -0.472643 0.694316 -0.54271
    outer loop
      vertex -26.0771 28.9611 -0.250524
      vertex -26.2203 29.1787 0.152575
      vertex -25.9697 29.2362 0.00789146
    endloop
  endfacet
  facet normal -0.524981 0.751887 -0.398825
    outer loop
      vertex -26.2203 29.1787 0.152575
      vertex -26.3858 29.3045 0.607591
      vertex -26.1182 29.4094 0.453107
    endloop
  endfacet
  facet normal -0.624247 0.634974 -0.455109
    outer loop
      vertex -26.5091 28.8275 -0.00113613
      vertex -26.6915 28.9533 0.424569
      vertex -26.4623 29.0838 0.292264
    endloop
  endfacet
  facet normal -0.396136 0.849808 -0.347711
    outer loop
      vertex -25.8411 29.4731 0.293099
      vertex -26.1182 29.4094 0.453107
      vertex -25.9923 29.5989 0.772812
    endloop
  endfacet
  facet normal 0.651114 0.659343 -0.375922
    outer loop
      vertex 1.4587 28.8224 3.77662
      vertex -0.164893 29.1168 1.48084
      vertex 1.23511 29.1168 3.90571
    endloop
  endfacet
  facet normal 0.65111 0.659349 -0.375918
    outer loop
      vertex -0.164893 29.1168 1.48084
      vertex 1.4587 28.8224 3.77662
      vertex 0.058702 28.8224 1.35175
    endloop
  endfacet
  facet normal 0.864171 -0.0654174 -0.498928
    outer loop
      vertex 0.572257 -27.3907 1.05524
      vertex 1.99444 -27 3.46731
      vertex 1.97226 -27.3907 3.48012
    endloop
  endfacet
  facet normal 0.86417 -0.0654025 -0.498931
    outer loop
      vertex 1.99444 -27 3.46731
      vertex 0.572257 -27.3907 1.05524
      vertex 0.594436 -27 1.04244
    endloop
  endfacet
  facet normal -0.531997 0.123892 -0.837633
    outer loop
      vertex -26.2665 27.1895 -0.993402
      vertex -26.3909 27.5407 -0.862448
      vertex -26.3281 27.5653 -0.898695
    endloop
  endfacet
  facet normal -0.430728 -0.608363 -0.666609
    outer loop
      vertex -25.8535 -28.978 -0.379617
      vertex -26.1614 -28.6525 -0.477727
      vertex -25.973 -28.6667 -0.586502
    endloop
  endfacet
  facet normal -0.759691 -0.16944 -0.627821
    outer loop
      vertex -26.8694 -27.4822 -0.468914
      vertex -27.0662 -27.6634 -0.181874
      vertex -26.9177 -27.369 -0.44102
    endloop
  endfacet
  facet normal -0.865565 -0.0329681 -0.499711
    outer loop
      vertex -27.404 -27.2175 0.239724
      vertex -27.4164 -27 0.246853
      vertex -27.2202 -27 -0.0929909
    endloop
  endfacet
  facet normal -0.608795 0 -0.793327
    outer loop
      vertex -26.7038 -27 -0.681799
      vertex -26.3925 27 -0.920689
      vertex -26.3925 -27 -0.920689
    endloop
  endfacet
  facet normal -0.608795 0 -0.793327
    outer loop
      vertex -26.3925 27 -0.920689
      vertex -26.7038 -27 -0.681799
      vertex -26.7038 27 -0.681799
    endloop
  endfacet
  facet normal -0.920618 -0.351227 -0.170592
    outer loop
      vertex -27.4299 -28.2472 1.21042
      vertex -27.5549 -27.9546 1.28257
      vertex -27.5194 -27.8631 0.902603
    endloop
  endfacet
  facet normal -0.758819 -0.330229 -0.561376
    outer loop
      vertex -26.9936 -28.1785 0.00276948
      vertex -27.1181 -28.0146 0.0746436
      vertex -26.9827 -27.8077 -0.230087
    endloop
  endfacet
  facet normal -0.776201 0.123192 -0.618333
    outer loop
      vertex -26.9528 27.2496 -0.420747
      vertex -27.181 27.3434 -0.115597
      vertex -26.9177 27.369 -0.44102
    endloop
  endfacet
  facet normal -0.759497 0.169686 -0.627989
    outer loop
      vertex -26.9177 27.369 -0.44102
      vertex -27.1327 27.5078 -0.143492
      vertex -27.0662 27.6634 -0.181874
    endloop
  endfacet
  facet normal -0.504401 0.130613 -0.853533
    outer loop
      vertex -26.2226 27.1962 -1.01879
      vertex -26.2447 27.1945 -1.00599
      vertex -26.1969 27.5853 -0.974435
    endloop
  endfacet
  facet normal -0.903075 -0.313044 -0.29404
    outer loop
      vertex -27.4064 -28.1278 0.837358
      vertex -27.5194 -27.8631 0.902603
      vertex -27.4362 -27.757 0.534117
    endloop
  endfacet
  facet normal -0.608702 -0.00825724 -0.793356
    outer loop
      vertex -26.6995 -27.0764 -0.684303
      vertex -26.7038 -27 -0.681799
      vertex -26.391 -27.0256 -0.921528
    endloop
  endfacet
  facet normal -0.933639 -0.227848 -0.276411
    outer loop
      vertex -27.5194 -27.8631 0.902603
      vertex -27.6016 -27.5838 0.950022
      vertex -27.4362 -27.757 0.534117
    endloop
  endfacet
  facet normal -0.990093 -0.0518878 -0.130473
    outer loop
      vertex -27.6514 -27.2944 0.978801
      vertex -27.7009 -27.3256 1.36684
      vertex -27.6681 -27 0.988449
    endloop
  endfacet
  facet normal -0.776204 -0.123127 -0.618342
    outer loop
      vertex -27.1327 -27.5078 -0.143492
      vertex -27.181 -27.3434 -0.115597
      vertex -26.9177 -27.369 -0.44102
    endloop
  endfacet
  facet normal -0.914122 -0.118727 -0.387665
    outer loop
      vertex -27.3672 -27.4314 0.218458
      vertex -27.5519 -27.2582 0.60094
      vertex -27.404 -27.2175 0.239724
    endloop
  endfacet
  facet normal -0.990127 -0.0516832 -0.1303
    outer loop
      vertex -27.7009 -27.3256 1.36684
      vertex -27.7193 -27 1.37751
      vertex -27.6681 -27 0.988449
    endloop
  endfacet
  facet normal -0.975962 -0.180384 0.122309
    outer loop
      vertex -27.6471 -27.3708 2.14684
      vertex -27.6994 -27.3512 1.75842
      vertex -27.6399 -27.6964 1.72409
    endloop
  endfacet
  facet normal -0.97838 0.154712 -0.137246
    outer loop
      vertex -27.6514 27.2944 0.978801
      vertex -27.7009 27.3256 1.36684
      vertex -27.6016 27.5838 0.950022
    endloop
  endfacet
  facet normal -0.923103 0.0400217 -0.382463
    outer loop
      vertex -27.404 27.2176 0.239724
      vertex -27.5666 27 0.609401
      vertex -27.5519 27.2582 0.60094
    endloop
  endfacet
  facet normal -0.858156 0.0975949 -0.504027
    outer loop
      vertex -27.2103 27.1732 -0.0986667
      vertex -27.404 27.2176 0.239724
      vertex -27.181 27.3434 -0.115597
    endloop
  endfacet
  facet normal -0.865565 0.032953 -0.499711
    outer loop
      vertex -27.2202 27 -0.0929909
      vertex -27.4164 27 0.246853
      vertex -27.404 27.2176 0.239724
    endloop
  endfacet
  facet normal -0.183976 -0.963967 -0.192149
    outer loop
      vertex -25.0184 -29.9424 1.06686
      vertex -25.351 -29.9172 1.25889
      vertex -25.2079 -29.8408 0.738595
    endloop
  endfacet
  facet normal -0.292423 -0.947484 -0.129474
    outer loop
      vertex -25.351 -29.9172 1.25889
      vertex -25.6779 -29.8421 1.44763
      vertex -25.529 -29.8165 0.923994
    endloop
  endfacet
  facet normal -0.580486 -0.653755 0.485428
    outer loop
      vertex -18.4547 -28.7912 17.1042
      vertex -18.6844 -28.8224 16.7875
      vertex -18.4608 -29.1168 16.6584
    endloop
  endfacet
  facet normal -0.779037 -0.550893 0.299364
    outer loop
      vertex -27.0691 -28.4968 2.70005
      vertex -27.2252 -28.4712 2.34094
      vertex -27.04 -28.7912 2.23402
    endloop
  endfacet
  facet normal -0.59402 -0.803208 0.0446801
    outer loop
      vertex -26.5696 -29.3343 1.96246
      vertex -26.7056 -29.2537 1.60328
      vertex -26.438 -29.4602 1.44879
    endloop
  endfacet
  facet normal -0.383083 -0.896844 0.221173
    outer loop
      vertex -26.1201 -29.5925 2.15219
      vertex -18.2179 -29.7657 15.1369
      vertex -18.522 -29.5925 15.3125
    endloop
  endfacet
  facet normal -0.383083 -0.896844 0.221173
    outer loop
      vertex -18.2179 -29.7657 15.1369
      vertex -26.1201 -29.5925 2.15219
      vertex -25.816 -29.7657 1.97659
    endloop
  endfacet
  facet normal -0.571086 -0.751761 0.329721
    outer loop
      vertex -26.6571 -29.1168 2.46219
      vertex -18.2059 -29.375 16.5112
      vertex -18.4608 -29.1168 16.6584
    endloop
  endfacet
  facet normal -0.570987 -0.751863 0.32966
    outer loop
      vertex -18.2059 -29.375 16.5112
      vertex -26.6571 -29.1168 2.46219
      vertex -26.4021 -29.375 2.31498
    endloop
  endfacet
  facet normal -0.580501 -0.653746 0.485421
    outer loop
      vertex -18.4547 -28.7912 17.1042
      vertex -18.4608 -29.1168 16.6584
      vertex -18.2349 -29.0806 16.9773
    endloop
  endfacet
  facet normal -0.550246 -0.670368 -0.497831
    outer loop
      vertex -26.4623 -29.0838 0.292264
      vertex -26.5091 -28.8275 -0.00113613
      vertex -26.2203 -29.1787 0.152575
    endloop
  endfacet
  facet normal -0.448436 -0.875029 -0.182292
    outer loop
      vertex -25.8447 -29.744 1.10622
      vertex -26.1494 -29.6245 1.28216
      vertex -25.9923 -29.5989 0.772812
    endloop
  endfacet
  facet normal -0.793108 -0.402013 -0.457565
    outer loop
      vertex -27.0648 -28.3987 0.319725
      vertex -27.2126 -28.2042 0.405024
      vertex -27.1181 -28.0146 0.0746436
    endloop
  endfacet
  facet normal -0.624566 -0.634634 -0.455145
    outer loop
      vertex -26.6915 -28.9533 0.424569
      vertex -26.71 -28.713 0.114892
      vertex -26.5091 -28.8275 -0.00113613
    endloop
  endfacet
  facet normal -0.824795 -0.536754 0.177789
    outer loop
      vertex -27.2252 -28.4712 2.34094
      vertex -27.3385 -28.4204 1.96869
      vertex -27.04 -28.7912 2.23402
    endloop
  endfacet
  facet normal -0.949673 -0.1885 0.250178
    outer loop
      vertex -27.4797 -27.7615 2.48791
      vertex -27.6471 -27.3708 2.14684
      vertex -27.5843 -27.7353 2.11059
    endloop
  endfacet
  facet normal -0.525049 -0.751834 -0.398835
    outer loop
      vertex -26.3858 -29.3045 0.607591
      vertex -26.4623 -29.0838 0.292264
      vertex -26.2203 -29.1787 0.152575
    endloop
  endfacet
  facet normal -0.792932 -0.609085 0.0165891
    outer loop
      vertex -27.1597 -28.7294 1.86547
      vertex -27.2378 -28.6379 1.49193
      vertex -27.0369 -28.9026 1.3759
    endloop
  endfacet
  facet normal -0.566364 -0.536717 0.625433
    outer loop
      vertex -18.3742 -28.4204 17.4953
      vertex -18.6399 -28.4712 17.2111
      vertex -18.4547 -28.7912 17.1042
    endloop
  endfacet
  facet normal -0.691396 -0.188565 0.697435
    outer loop
      vertex -18.6828 -27.3708 17.6735
      vertex -18.9595 -27.3841 17.3956
      vertex -18.8945 -27.7615 17.358
    endloop
  endfacet
  facet normal -0.791754 -0.0648615 0.607386
    outer loop
      vertex -18.9813 -27 17.4082
      vertex -19.198 -27.3907 17.084
      vertex -18.9595 -27.3841 17.3956
    endloop
  endfacet
  facet normal -0.791737 -0.064887 0.607406
    outer loop
      vertex -18.9813 -27 17.4082
      vertex -19.2202 -27 17.0968
      vertex -19.198 -27.3907 17.084
    endloop
  endfacet
  facet normal -0.907254 -0.193504 0.373425
    outer loop
      vertex -27.3942 -27.3907 2.88778
      vertex -27.4797 -27.7615 2.48791
      vertex -27.328 -27.7748 2.84958
    endloop
  endfacet
  facet normal -0.878208 -0.318684 0.356639
    outer loop
      vertex -27.328 -27.7748 2.84958
      vertex -27.4797 -27.7615 2.48791
      vertex -27.219 -28.1456 2.78665
    endloop
  endfacet
  facet normal -0.130782 -0.0394901 0.990624
    outer loop
      vertex -17.0915 -27.119 18.3966
      vertex -17.2964 -27.2582 18.364
      vertex -17.0945 -27.237 18.3915
    endloop
  endfacet
  facet normal -0.130448 -0.0399886 0.990648
    outer loop
      vertex -17.2964 -27.2582 18.364
      vertex -17.0915 -27.119 18.3966
      vertex -17.311 -27 18.3725
    endloop
  endfacet
  facet normal -0.258589 -0.0463858 0.964873
    outer loop
      vertex -17.311 -27 18.3725
      vertex -17.6901 -27 18.2709
      vertex -17.2964 -27.2582 18.364
    endloop
  endfacet
  facet normal -0.312766 -0.351088 0.882561
    outer loop
      vertex -17.5414 -27.8631 18.1851
      vertex -17.8882 -27.9546 18.0258
      vertex -17.7632 -28.2472 17.9537
    endloop
  endfacet
  facet normal -0.347323 -0.255087 0.902384
    outer loop
      vertex -17.6235 -27.5838 18.2325
      vertex -17.979 -27.6456 18.0782
      vertex -17.8882 -27.9546 18.0258
    endloop
  endfacet
  facet normal -0.336536 -0.694995 0.635394
    outer loop
      vertex -17.71 -28.9026 17.5305
      vertex -17.7285 -29.1105 17.2933
      vertex -17.6212 -28.9925 17.4792
    endloop
  endfacet
  facet normal -0.410783 -0.609196 0.678334
    outer loop
      vertex -17.911 -28.6379 17.6465
      vertex -18.1954 -28.7294 17.3921
      vertex -17.71 -28.9026 17.5305
    endloop
  endfacet
  facet normal -0.315778 -0.571718 0.757247
    outer loop
      vertex -17.6062 -28.5185 17.863
      vertex -17.4678 -28.7515 17.7448
      vertex -17.4513 -28.7226 17.7735
    endloop
  endfacet
  facet normal -0.314577 -0.571385 0.757998
    outer loop
      vertex -17.4678 -28.7515 17.7448
      vertex -17.6062 -28.5185 17.863
      vertex -17.911 -28.6379 17.6465
    endloop
  endfacet
  facet normal -0.423462 -0.383225 0.820864
    outer loop
      vertex -17.8882 -27.9546 18.0258
      vertex -18.2151 -28.0297 17.8221
      vertex -18.0803 -28.3453 17.7443
    endloop
  endfacet
  facet normal -0.526896 -0.408749 0.745188
    outer loop
      vertex -18.2151 -28.0297 17.8221
      vertex -18.3742 -28.4204 17.4953
      vertex -18.0803 -28.3453 17.7443
    endloop
  endfacet
  facet normal -0.422396 -0.726329 0.542244
    outer loop
      vertex -17.8406 -29.2189 17.0992
      vertex -18.2349 -29.0806 16.9773
      vertex -17.992 -29.3266 16.837
    endloop
  endfacet
  facet normal -0.196597 -0.313139 0.929136
    outer loop
      vertex -17.1806 -27.757 18.2972
      vertex -17.5414 -27.8631 18.1851
      vertex -17.4284 -28.1278 18.1198
    endloop
  endfacet
  facet normal -0.227291 -0.227507 0.946879
    outer loop
      vertex -17.1806 -27.757 18.2972
      vertex -17.6235 -27.5838 18.2325
      vertex -17.5414 -27.8631 18.1851
    endloop
  endfacet
  facet normal -0.227348 0.227672 0.946825
    outer loop
      vertex -17.1806 27.757 18.2972
      vertex -17.6235 27.5838 18.2325
      vertex -17.2527 27.512 18.3388
    endloop
  endfacet
  facet normal -0.460873 0.278331 0.842691
    outer loop
      vertex -17.8882 27.9546 18.0258
      vertex -18.3131 27.6964 17.8787
      vertex -17.979 27.6456 18.0782
    endloop
  endfacet
  facet normal -0.130782 0.0394901 0.990624
    outer loop
      vertex -17.2964 27.2582 18.364
      vertex -17.0915 27.119 18.3966
      vertex -17.0945 27.237 18.3915
    endloop
  endfacet
  facet normal -0.130448 0.0399886 0.990648
    outer loop
      vertex -17.0915 27.119 18.3966
      vertex -17.2964 27.2582 18.364
      vertex -17.311 27 18.3725
    endloop
  endfacet
  facet normal -0.374363 0.48149 0.792477
    outer loop
      vertex -17.911 28.6379 17.6465
      vertex -18.0803 28.3453 17.7443
      vertex -17.7632 28.2472 17.9537
    endloop
  endfacet
  facet normal -0.423511 0.383194 0.820854
    outer loop
      vertex -17.7632 28.2472 17.9537
      vertex -18.0803 28.3453 17.7443
      vertex -17.8882 27.9546 18.0258
    endloop
  endfacet
  facet normal -0.103864 0.196127 0.975062
    outer loop
      vertex -17.2527 27.512 18.3388
      vertex -17.1418 27.7159 18.3096
      vertex -17.1806 27.757 18.2972
    endloop
  endfacet
  facet normal -0.103463 0.195921 0.975146
    outer loop
      vertex -17.1418 27.7159 18.3096
      vertex -17.2527 27.512 18.3388
      vertex -17.1129 27.4823 18.3596
    endloop
  endfacet
  facet normal -0.608811 0 0.793315
    outer loop
      vertex -18.7038 27 17.6856
      vertex -18.3925 -27 17.9245
      vertex -18.3925 27 17.9245
    endloop
  endfacet
  facet normal -0.608811 0 0.793315
    outer loop
      vertex -18.3925 -27 17.9245
      vertex -18.7038 27 17.6856
      vertex -18.7038 -27 17.6856
    endloop
  endfacet
  facet normal -0.607705 0.0602575 0.791873
    outer loop
      vertex -18.6828 27.3708 17.6735
      vertex -18.7038 27 17.6856
      vertex -18.3925 27 17.9245
    endloop
  endfacet
  facet normal -0.607485 -0.0605295 0.792021
    outer loop
      vertex -18.3925 -27 17.9245
      vertex -18.6828 -27.3708 17.6735
      vertex -18.3725 -27.3512 17.913
    endloop
  endfacet
  facet normal -0.593859 -0.180103 0.784152
    outer loop
      vertex -18.3725 -27.3512 17.913
      vertex -18.6828 -27.3708 17.6735
      vertex -18.3131 -27.6964 17.8787
    endloop
  endfacet
  facet normal -0.705055 0.438552 0.557288
    outer loop
      vertex -18.8728 28.4968 16.8963
      vertex -19.0228 28.1456 16.9829
      vertex -18.6399 28.4712 17.2111
    endloop
  endfacet
  facet normal -0.64888 0.550853 0.524896
    outer loop
      vertex -18.6844 28.8224 16.7875
      vertex -18.8728 28.4968 16.8963
      vertex -18.4547 28.7912 17.1042
    endloop
  endfacet
  facet normal -0.878196 0.318584 0.356757
    outer loop
      vertex -27.3726 28.126 2.42605
      vertex -27.4797 27.7615 2.48791
      vertex -27.219 28.1456 2.78665
    endloop
  endfacet
  facet normal -0.878208 0.318684 0.356639
    outer loop
      vertex -27.219 28.1456 2.78665
      vertex -27.4797 27.7615 2.48791
      vertex -27.328 27.7748 2.84958
    endloop
  endfacet
  facet normal -0.965968 0 0.258662
    outer loop
      vertex -27.6681 -27 2.15899
      vertex -27.5666 27 2.53804
      vertex -27.6681 27 2.15899
    endloop
  endfacet
  facet normal -0.965968 0 0.258662
    outer loop
      vertex -27.5666 27 2.53804
      vertex -27.6681 -27 2.15899
      vertex -27.5666 -27 2.53804
    endloop
  endfacet
  facet normal -0.989647 -0.0603154 0.130237
    outer loop
      vertex -27.6681 -27 2.15899
      vertex -27.7193 -27 1.76993
      vertex -27.6471 -27.3708 2.14684
    endloop
  endfacet
  facet normal -0.921907 -0.0649064 0.381935
    outer loop
      vertex -27.4164 -27 2.90059
      vertex -27.5666 -27 2.53804
      vertex -27.3942 -27.3907 2.88778
    endloop
  endfacet
  facet normal -0.964038 0.0631765 0.258145
    outer loop
      vertex -27.5448 27.3841 2.52545
      vertex -27.6681 27 2.15899
      vertex -27.5666 27 2.53804
    endloop
  endfacet
  facet normal -0.921287 0.310736 0.233821
    outer loop
      vertex -27.4808 28.0871 2.05087
      vertex -27.5843 27.7353 2.11059
      vertex -27.4797 27.7615 2.48791
    endloop
  endfacet
  facet normal -0.989649 0.0603437 0.130209
    outer loop
      vertex -27.6994 27.3512 1.75842
      vertex -27.7193 27 1.76993
      vertex -27.6471 27.3708 2.14684
    endloop
  endfacet
  facet normal -0.873444 0.481531 -0.0722731
    outer loop
      vertex -27.2378 28.6379 1.49193
      vertex -27.4299 28.2472 1.21042
      vertex -27.4072 28.3453 1.58969
    endloop
  endfacet
  facet normal -0.96024 0.278297 -0.0221146
    outer loop
      vertex -27.5549 27.9546 1.28257
      vertex -27.6399 27.6964 1.72409
      vertex -27.542 28.0297 1.66752
    endloop
  endfacet
  facet normal -0.663067 0.31065 0.681057
    outer loop
      vertex -18.5165 28.0871 17.5775
      vertex -18.8945 27.7615 17.358
      vertex -18.62 27.7353 17.6372
    endloop
  endfacet
  facet normal -0.691385 0.188576 0.697442
    outer loop
      vertex -18.62 27.7353 17.6372
      vertex -18.8945 27.7615 17.358
      vertex -18.6828 27.3708 17.6735
    endloop
  endfacet
  facet normal -0.777093 0.193496 0.598904
    outer loop
      vertex -19.1318 27.7748 17.0458
      vertex -19.198 27.3907 17.084
      vertex -18.8945 27.7615 17.358
    endloop
  endfacet
  facet normal -0.74804 0.318645 0.582152
    outer loop
      vertex -19.0228 28.1456 16.9829
      vertex -19.1318 27.7748 17.0458
      vertex -18.8945 27.7615 17.358
    endloop
  endfacet
  facet normal -0.705566 0.0631988 0.70582
    outer loop
      vertex -18.9595 27.3841 17.3956
      vertex -18.9813 27 17.4082
      vertex -18.7038 27 17.6856
    endloop
  endfacet
  facet normal -0.705719 0.0629959 0.705686
    outer loop
      vertex -18.6828 27.3708 17.6735
      vertex -18.9595 27.3841 17.3956
      vertex -18.7038 27 17.6856
    endloop
  endfacet
  facet normal -0.608767 0.00967108 -0.79329
    outer loop
      vertex -26.3925 27 -0.920689
      vertex -26.7038 27 -0.681799
      vertex -26.391 27.0256 -0.921528
    endloop
  endfacet
  facet normal -0.526832 0.254245 -0.811053
    outer loop
      vertex -26.3281 27.5653 -0.898695
      vertex -26.3623 27.9315 -0.761685
      vertex -26.2552 27.9561 -0.823542
    endloop
  endfacet
  facet normal -0.483579 0.382531 -0.787287
    outer loop
      vertex -26.1462 27.9643 -0.886477
      vertex -26.2211 28.3155 -0.669828
      vertex -26.0711 28.3269 -0.756424
    endloop
  endfacet
  facet normal -0.631256 0.194653 -0.75075
    outer loop
      vertex -26.5553 27.4138 -0.76751
      vertex -26.6546 27.765 -0.592957
      vertex -26.5055 27.4643 -0.79629
    endloop
  endfacet
  facet normal -0.776204 0.123127 -0.618342
    outer loop
      vertex -26.9177 27.369 -0.44102
      vertex -27.181 27.3434 -0.115597
      vertex -27.1327 27.5078 -0.143492
    endloop
  endfacet
  facet normal -0.545512 0.117422 -0.829837
    outer loop
      vertex -26.3075 27.1699 -0.969741
      vertex -26.4504 27.5069 -0.828117
      vertex -26.3909 27.5407 -0.862448
    endloop
  endfacet
  facet normal -0.502871 -0.1305 -0.854453
    outer loop
      vertex -26.1969 -27.5853 -0.974435
      vertex -26.2631 -27.5803 -0.936238
      vertex -26.2447 -27.1945 -1.00599
    endloop
  endfacet
  facet normal -0.630946 0.194845 -0.750961
    outer loop
      vertex -26.5553 27.4138 -0.76751
      vertex -26.7367 27.6819 -0.545539
      vertex -26.6546 27.765 -0.592957
    endloop
  endfacet
  facet normal -0.499442 0.597971 -0.626888
    outer loop
      vertex -26.1614 28.6525 -0.477727
      vertex -26.3466 28.6099 -0.370813
      vertex -26.0771 28.9611 -0.250524
    endloop
  endfacet
  facet normal -0.353576 0.707057 -0.612417
    outer loop
      vertex -23.1167 29.2555 -1.63931
      vertex -25.8535 28.978 -0.379617
      vertex -25.7148 29.2555 -0.139311
    endloop
  endfacet
  facet normal -0.353574 0.707062 -0.612413
    outer loop
      vertex -25.8535 28.978 -0.379617
      vertex -23.1167 29.2555 -1.63931
      vertex -23.2554 28.978 -1.87962
    endloop
  endfacet
  facet normal -0.396647 0.608833 -0.687018
    outer loop
      vertex -23.3749 28.6667 -2.0865
      vertex -25.8535 28.978 -0.379617
      vertex -23.2554 28.978 -1.87962
    endloop
  endfacet
  facet normal -0.396644 0.60884 -0.687014
    outer loop
      vertex -25.8535 28.978 -0.379617
      vertex -23.3749 28.6667 -2.0865
      vertex -25.973 28.6667 -0.586502
    endloop
  endfacet
  facet normal -0.336858 0.694896 0.635332
    outer loop
      vertex -17.7285 29.1105 17.2933
      vertex -17.9832 29.0087 17.2696
      vertex -17.71 28.9026 17.5305
    endloop
  endfacet
  facet normal -0.336749 0.694513 0.635808
    outer loop
      vertex -17.9832 29.0087 17.2696
      vertex -17.7285 29.1105 17.2933
      vertex -17.8025 29.1918 17.1653
    endloop
  endfacet
  facet normal -0.410783 0.609196 0.678334
    outer loop
      vertex -17.71 28.9026 17.5305
      vertex -18.1954 28.7294 17.3921
      vertex -17.911 28.6379 17.6465
    endloop
  endfacet
  facet normal -0.571086 0.751761 0.329721
    outer loop
      vertex -18.2059 29.375 16.5112
      vertex -26.6571 29.1168 2.46219
      vertex -18.4608 29.1168 16.6584
    endloop
  endfacet
  facet normal -0.570987 0.751863 0.32966
    outer loop
      vertex -26.6571 29.1168 2.46219
      vertex -18.2059 29.375 16.5112
      vertex -26.4021 29.375 2.31498
    endloop
  endfacet
  facet normal -0.423227 0.726251 0.5417
    outer loop
      vertex -17.8406 29.2189 17.0992
      vertex -17.9832 29.0087 17.2696
      vertex -17.8025 29.1918 17.1653
    endloop
  endfacet
  facet normal -0.422401 0.726232 0.542369
    outer loop
      vertex -17.9832 29.0087 17.2696
      vertex -17.8406 29.2189 17.0992
      vertex -18.2349 29.0806 16.9773
    endloop
  endfacet
  facet normal -0.422396 0.726329 0.542244
    outer loop
      vertex -17.992 29.3266 16.837
      vertex -18.2349 29.0806 16.9773
      vertex -17.8406 29.2189 17.0992
    endloop
  endfacet
  facet normal 0.168967 0.980782 -0.0975534
    outer loop
      vertex 0.0729163 29.8916 4.5767
      vertex -1.65969 29.968 2.34386
      vertex -0.259685 29.968 4.76873
    endloop
  endfacet
  facet normal 0.168967 0.980782 -0.0975538
    outer loop
      vertex -1.65969 29.968 2.34386
      vertex 0.0729163 29.8916 4.5767
      vertex -1.32709 29.8916 2.15183
    endloop
  endfacet
  facet normal -0.232697 0.972415 -0.0161567
    outer loop
      vertex -25.1623 29.968 1.59917
      vertex -25.6779 29.8421 1.44763
      vertex -25.4949 29.8916 1.7912
    endloop
  endfacet
  facet normal -0.29851 0.8647 -0.403962
    outer loop
      vertex -25.5591 29.4944 0.130307
      vertex -25.8411 29.4731 0.293099
      vertex -25.6933 29.6676 0.600218
    endloop
  endfacet
  facet normal -0.249965 0.866062 -0.43296
    outer loop
      vertex -22.9399 29.5025 -1.36572
      vertex -25.3892 29.6906 0.424621
      vertex -22.7299 29.6906 -1.1107
    endloop
  endfacet
  facet normal -0.250001 0.866029 -0.433006
    outer loop
      vertex -25.3892 29.6906 0.424621
      vertex -22.9399 29.5025 -1.36572
      vertex -25.5591 29.4944 0.130307
    endloop
  endfacet
  facet normal -0.250247 0.865742 -0.433437
    outer loop
      vertex -25.5591 29.4944 0.130307
      vertex -22.9399 29.5025 -1.36572
      vertex -22.9479 29.4944 -1.37728
    endloop
  endfacet
  facet normal -0.347132 0.906379 -0.240783
    outer loop
      vertex -25.529 29.8165 0.923994
      vertex -25.9923 29.5989 0.772812
      vertex -25.8447 29.744 1.10622
    endloop
  endfacet
  facet normal -0.448436 0.875029 -0.182292
    outer loop
      vertex -25.9923 29.5989 0.772812
      vertex -26.1494 29.6245 1.28216
      vertex -25.8447 29.744 1.10622
    endloop
  endfacet
  facet normal -0.292423 0.947484 -0.129474
    outer loop
      vertex -25.529 29.8165 0.923994
      vertex -25.6779 29.8421 1.44763
      vertex -25.351 29.9172 1.25889
    endloop
  endfacet
  facet normal -0.232706 0.972413 -0.0161248
    outer loop
      vertex -25.351 29.9172 1.25889
      vertex -25.6779 29.8421 1.44763
      vertex -25.1623 29.968 1.59917
    endloop
  endfacet
  facet normal -0.954425 0.13802 -0.264621
    outer loop
      vertex -27.5519 27.2582 0.60094
      vertex -27.6016 27.5838 0.950022
      vertex -27.5082 27.512 0.575701
    endloop
  endfacet
  facet normal -0.862961 0.39317 -0.317356
    outer loop
      vertex -27.2126 28.2042 0.405024
      vertex -27.4064 28.1278 0.837358
      vertex -27.2645 28.3731 0.755401
    endloop
  endfacet
  facet normal -0.757372 0.596917 -0.264721
    outer loop
      vertex -26.9039 28.7894 0.547226
      vertex -27.0866 28.7638 1.01221
      vertex -26.8742 28.9789 0.889556
    endloop
  endfacet
  facet normal -0.814002 0.466801 -0.345684
    outer loop
      vertex -27.0648 28.3987 0.319725
      vertex -27.2645 28.3731 0.755401
      vertex -27.096 28.5949 0.658136
    endloop
  endfacet
  facet normal -0.624566 0.634634 -0.455145
    outer loop
      vertex -26.5091 28.8275 -0.00113613
      vertex -26.71 28.713 0.114892
      vertex -26.6915 28.9533 0.424569
    endloop
  endfacet
  facet normal -0.63008 0.546667 -0.551502
    outer loop
      vertex -26.6947 28.4434 -0.169824
      vertex -26.71 28.713 0.114892
      vertex -26.5091 28.8275 -0.00113613
    endloop
  endfacet
  facet normal -0.856343 0.513635 0.0534479
    outer loop
      vertex -27.2378 28.6379 1.49193
      vertex -27.4072 28.3453 1.58969
      vertex -27.3385 28.4204 1.96869
    endloop
  endfacet
  facet normal -0.856487 0.513408 0.0533138
    outer loop
      vertex -27.2378 28.6379 1.49193
      vertex -27.3385 28.4204 1.96869
      vertex -27.1597 28.7294 1.86547
    endloop
  endfacet
  facet normal -0.680702 0.726409 0.0947348
    outer loop
      vertex -26.7056 29.2537 1.60328
      vertex -26.8202 29.0806 2.10714
      vertex -26.5696 29.3343 1.96246
    endloop
  endfacet
  facet normal -0.631215 0.745515 0.213952
    outer loop
      vertex -26.5696 29.3343 1.96246
      vertex -26.8202 29.0806 2.10714
      vertex -26.6571 29.1168 2.46219
    endloop
  endfacet
  facet normal -0.444868 0.889223 0.106658
    outer loop
      vertex -25.816 29.7657 1.97659
      vertex -26.2925 29.5482 1.80245
      vertex -26.1201 29.5925 2.15219
    endloop
  endfacet
  facet normal -0.278448 0.946901 0.160762
    outer loop
      vertex -17.8968 29.8916 14.9515
      vertex -25.816 29.7657 1.97659
      vertex -18.2179 29.7657 15.1369
    endloop
  endfacet
  facet normal -0.278451 0.9469 0.160764
    outer loop
      vertex -25.816 29.7657 1.97659
      vertex -17.8968 29.8916 14.9515
      vertex -25.4949 29.8916 1.7912
    endloop
  endfacet
  facet normal -0.635634 0.768426 -0.0741009
    outer loop
      vertex -26.5543 29.3301 1.09727
      vertex -26.8077 29.1346 1.24359
      vertex -26.438 29.4602 1.44879
    endloop
  endfacet
  facet normal -0.635674 0.768403 -0.0739928
    outer loop
      vertex -26.438 29.4602 1.44879
      vertex -26.8077 29.1346 1.24359
      vertex -26.7056 29.2537 1.60328
    endloop
  endfacet
  facet normal -0.581523 0.777097 -0.24073
    outer loop
      vertex -26.3858 29.3045 0.607591
      vertex -26.6392 29.1602 0.753908
      vertex -26.5543 29.3301 1.09727
    endloop
  endfacet
  facet normal -0.581518 0.777102 -0.240728
    outer loop
      vertex -26.3858 29.3045 0.607591
      vertex -26.5543 29.3301 1.09727
      vertex -26.2809 29.4858 0.939448
    endloop
  endfacet
  facet normal 0.571027 0.751823 -0.329683
    outer loop
      vertex 1.23511 29.1168 3.90571
      vertex -0.419855 29.375 1.62804
      vertex 0.980146 29.375 4.05291
    endloop
  endfacet
  facet normal 0.571029 0.751821 -0.329684
    outer loop
      vertex -0.419855 29.375 1.62804
      vertex 1.23511 29.1168 3.90571
      vertex -0.164893 29.1168 1.48084
    endloop
  endfacet
  facet normal -0.517478 -0.49119 -0.700678
    outer loop
      vertex -26.3466 -28.6099 -0.370813
      vertex -26.3685 -28.2817 -0.584714
      vertex -26.1614 -28.6525 -0.477727
    endloop
  endfacet
  facet normal -0.51731 -0.491141 -0.700836
    outer loop
      vertex -26.1614 -28.6525 -0.477727
      vertex -26.3685 -28.2817 -0.584714
      vertex -26.2211 -28.3155 -0.669828
    endloop
  endfacet
  facet normal -0.603042 0.0419777 -0.796604
    outer loop
      vertex -26.3867 27.0508 -0.924031
      vertex -26.6865 27.1515 -0.691771
      vertex -26.6652 27.224 -0.704075
    endloop
  endfacet
  facet normal -0.737907 -0.213026 -0.6404
    outer loop
      vertex -26.9827 -27.8077 -0.230087
      vertex -27.0662 -27.6634 -0.181874
      vertex -26.8694 -27.4822 -0.468914
    endloop
  endfacet
  facet normal -0.570664 -0.0981126 -0.815302
    outer loop
      vertex -26.5055 -27.4643 -0.79629
      vertex -26.5553 -27.4138 -0.76751
      vertex -26.3427 -27.1387 -0.949423
    endloop
  endfacet
  facet normal -0.597346 0.0577243 -0.799903
    outer loop
      vertex -26.3697 27.0981 -0.933832
      vertex -26.6652 27.224 -0.704075
      vertex -26.6359 27.2926 -0.721005
    endloop
  endfacet
  facet normal 0.720075 -0.555568 -0.415735
    outer loop
      vertex 0.058702 -28.8224 1.35175
      vertex 1.64711 -28.4968 3.66784
      vertex 1.4587 -28.8224 3.77662
    endloop
  endfacet
  facet normal 0.72008 -0.555558 -0.41574
    outer loop
      vertex 1.64711 -28.4968 3.66784
      vertex 0.058702 -28.8224 1.35175
      vertex 0.247105 -28.4968 1.24297
    endloop
  endfacet
  facet normal -0.787454 0.0746999 -0.61183
    outer loop
      vertex -26.9741 27.1259 -0.408442
      vertex -27.2103 27.1732 -0.0986667
      vertex -27.181 27.3434 -0.115597
    endloop
  endfacet
  facet normal -0.669894 0.143821 -0.728393
    outer loop
      vertex -26.6359 27.2926 -0.721005
      vertex -26.8087 27.587 -0.503954
      vertex -26.5991 27.3563 -0.742272
    endloop
  endfacet
  facet normal -0.718908 0.376325 -0.584423
    outer loop
      vertex -26.7706 28.0527 -0.352552
      vertex -26.9936 28.1785 0.00276948
      vertex -26.8517 28.3223 -0.0791874
    endloop
  endfacet
  facet normal -0.793329 0.278305 -0.541456
    outer loop
      vertex -26.9827 27.8077 -0.230087
      vertex -27.223 27.8334 0.135205
      vertex -27.1181 28.0146 0.0746436
    endloop
  endfacet
  facet normal -0.933683 -0.227441 -0.276598
    outer loop
      vertex -27.4362 -27.757 0.534117
      vertex -27.6016 -27.5838 0.950022
      vertex -27.5082 -27.512 0.575701
    endloop
  endfacet
  facet normal -0.793084 -0.0253888 -0.608583
    outer loop
      vertex -27.2103 -27.1732 -0.0986667
      vertex -27.2202 -27 -0.0929909
      vertex -26.9813 -27 -0.404317
    endloop
  endfacet
  facet normal -0.954425 -0.13802 -0.264621
    outer loop
      vertex -27.5082 -27.512 0.575701
      vertex -27.6016 -27.5838 0.950022
      vertex -27.5519 -27.2582 0.60094
    endloop
  endfacet
  facet normal -0.9231 -0.0400212 -0.382473
    outer loop
      vertex -27.5519 -27.2582 0.60094
      vertex -27.5666 -27 0.609401
      vertex -27.404 -27.2175 0.239724
    endloop
  endfacet
  facet normal -0.79334 0 -0.608779
    outer loop
      vertex -26.9813 -27 -0.404317
      vertex -27.2202 27 -0.0929909
      vertex -26.9813 27 -0.404317
    endloop
  endfacet
  facet normal -0.79334 -0 -0.608779
    outer loop
      vertex -27.2202 27 -0.0929909
      vertex -26.9813 -27 -0.404317
      vertex -27.2202 -27 -0.0929909
    endloop
  endfacet
  facet normal -0.843525 -0.160876 -0.51243
    outer loop
      vertex -27.1327 -27.5078 -0.143492
      vertex -27.3065 -27.6378 0.183418
      vertex -27.181 -27.3434 -0.115597
    endloop
  endfacet
  facet normal -0.707084 0 -0.70713
    outer loop
      vertex -26.7038 -27 -0.681799
      vertex -26.9813 27 -0.404317
      vertex -26.7038 27 -0.681799
    endloop
  endfacet
  facet normal -0.707084 -0 -0.70713
    outer loop
      vertex -26.9813 27 -0.404317
      vertex -26.7038 -27 -0.681799
      vertex -26.9813 -27 -0.404317
    endloop
  endfacet
  facet normal -0.954457 0.137936 -0.264546
    outer loop
      vertex -27.5519 27.2582 0.60094
      vertex -27.6514 27.2944 0.978801
      vertex -27.6016 27.5838 0.950022
    endloop
  endfacet
  facet normal -0.964924 -0.0464686 -0.258384
    outer loop
      vertex -27.5519 -27.2582 0.60094
      vertex -27.6681 -27 0.988449
      vertex -27.5666 -27 0.609401
    endloop
  endfacet
  facet normal -0.914129 -0.118851 -0.387612
    outer loop
      vertex -27.5082 -27.512 0.575701
      vertex -27.5519 -27.2582 0.60094
      vertex -27.3672 -27.4314 0.218458
    endloop
  endfacet
  facet normal -0.914129 0.118851 -0.387612
    outer loop
      vertex -27.3672 27.4314 0.218458
      vertex -27.5519 27.2582 0.60094
      vertex -27.5082 27.512 0.575701
    endloop
  endfacet
  facet normal -0.896265 0.195851 -0.397934
    outer loop
      vertex -27.3672 27.4314 0.218458
      vertex -27.5082 27.512 0.575701
      vertex -27.4362 27.757 0.534117
    endloop
  endfacet
  facet normal -0.121374 -0.989346 -0.0803911
    outer loop
      vertex -25.1623 -29.968 1.59917
      vertex -25.351 -29.9172 1.25889
      vertex -25.0184 -29.9424 1.06686
    endloop
  endfacet
  facet normal -0.544889 -0.828926 -0.126401
    outer loop
      vertex -26.1494 -29.6245 1.28216
      vertex -26.438 -29.4602 1.44879
      vertex -26.2809 -29.4858 0.939448
    endloop
  endfacet
  facet normal -0.490816 -0.820499 -0.293054
    outer loop
      vertex -25.9923 -29.5989 0.772812
      vertex -26.3858 -29.3045 0.607591
      vertex -26.1182 -29.4094 0.453107
    endloop
  endfacet
  facet normal -0.243364 -0.922171 -0.300624
    outer loop
      vertex -25.2079 -29.8408 0.738595
      vertex -25.529 -29.8165 0.923994
      vertex -25.3892 -29.6906 0.424621
    endloop
  endfacet
  facet normal -0.499117 -0.866475 -0.0102089
    outer loop
      vertex -25.9935 -29.7184 1.62986
      vertex -26.2925 -29.5482 1.80245
      vertex -26.1494 -29.6245 1.28216
    endloop
  endfacet
  facet normal -0.444868 -0.889223 0.106658
    outer loop
      vertex -26.1201 -29.5925 2.15219
      vertex -26.2925 -29.5482 1.80245
      vertex -25.816 -29.7657 1.97659
    endloop
  endfacet
  facet normal -0.59417 -0.803101 0.0446157
    outer loop
      vertex -26.2925 -29.5482 1.80245
      vertex -26.5696 -29.3343 1.96246
      vertex -26.438 -29.4602 1.44879
    endloop
  endfacet
  facet normal -0.56647 -0.536652 0.625393
    outer loop
      vertex -18.3742 -28.4204 17.4953
      vertex -18.4547 -28.7912 17.1042
      vertex -18.1954 -28.7294 17.3921
    endloop
  endfacet
  facet normal -0.64888 -0.550853 0.524896
    outer loop
      vertex -18.4547 -28.7912 17.1042
      vertex -18.8728 -28.4968 16.8963
      vertex -18.6844 -28.8224 16.7875
    endloop
  endfacet
  facet normal -0.72 -0.555697 0.415693
    outer loop
      vertex -18.6844 -28.8224 16.7875
      vertex -27.0691 -28.4968 2.70005
      vertex -26.8806 -28.8224 2.59128
    endloop
  endfacet
  facet normal -0.720072 -0.555571 0.415738
    outer loop
      vertex -27.0691 -28.4968 2.70005
      vertex -18.6844 -28.8224 16.7875
      vertex -18.8728 -28.4968 16.8963
    endloop
  endfacet
  facet normal -0.396136 -0.849808 -0.347711
    outer loop
      vertex -25.9923 -29.5989 0.772812
      vertex -26.1182 -29.4094 0.453107
      vertex -25.8411 -29.4731 0.293099
    endloop
  endfacet
  facet normal -0.757372 -0.596917 -0.264721
    outer loop
      vertex -26.8742 -28.9789 0.889556
      vertex -27.0866 -28.7638 1.01221
      vertex -26.9039 -28.7894 0.547226
    endloop
  endfacet
  facet normal -0.820872 -0.523632 -0.22799
    outer loop
      vertex -27.0866 -28.7638 1.01221
      vertex -27.2645 -28.3731 0.755401
      vertex -27.096 -28.5949 0.658136
    endloop
  endfacet
  facet normal -0.862961 -0.39317 -0.317356
    outer loop
      vertex -27.2645 -28.3731 0.755401
      vertex -27.4064 -28.1278 0.837358
      vertex -27.2126 -28.2042 0.405024
    endloop
  endfacet
  facet normal -0.79322 -0.401943 -0.457431
    outer loop
      vertex -27.0648 -28.3987 0.319725
      vertex -27.1181 -28.0146 0.0746436
      vertex -26.9936 -28.1785 0.00276948
    endloop
  endfacet
  facet normal -0.744617 -0.458071 -0.485506
    outer loop
      vertex -26.8517 -28.3223 -0.0791874
      vertex -27.0648 -28.3987 0.319725
      vertex -26.9936 -28.1785 0.00276948
    endloop
  endfacet
  facet normal -0.835205 -0.43847 0.331929
    outer loop
      vertex -27.219 -28.1456 2.78665
      vertex -27.3726 -28.126 2.42605
      vertex -27.2252 -28.4712 2.34094
    endloop
  endfacet
  facet normal -0.879581 -0.427201 0.209373
    outer loop
      vertex -27.3726 -28.126 2.42605
      vertex -27.4808 -28.0871 2.05087
      vertex -27.2252 -28.4712 2.34094
    endloop
  endfacet
  facet normal -0.875692 -0.441196 -0.19624
    outer loop
      vertex -27.2729 -28.5185 1.11978
      vertex -27.4299 -28.2472 1.21042
      vertex -27.2645 -28.3731 0.755401
    endloop
  endfacet
  facet normal -0.814002 -0.466801 -0.345684
    outer loop
      vertex -27.096 -28.5949 0.658136
      vertex -27.2645 -28.3731 0.755401
      vertex -27.0648 -28.3987 0.319725
    endloop
  endfacet
  facet normal -0.856487 -0.513408 0.0533138
    outer loop
      vertex -27.1597 -28.7294 1.86547
      vertex -27.3385 -28.4204 1.96869
      vertex -27.2378 -28.6379 1.49193
    endloop
  endfacet
  facet normal -0.820947 -0.523574 -0.22785
    outer loop
      vertex -27.0866 -28.7638 1.01221
      vertex -27.2729 -28.5185 1.11978
      vertex -27.2645 -28.3731 0.755401
    endloop
  endfacet
  facet normal -0.757338 -0.532223 -0.378389
    outer loop
      vertex -26.9039 -28.7894 0.547226
      vertex -27.096 -28.5949 0.658136
      vertex -27.0648 -28.3987 0.319725
    endloop
  endfacet
  facet normal -0.448186 -0.875171 -0.182222
    outer loop
      vertex -26.1494 -29.6245 1.28216
      vertex -26.2809 -29.4858 0.939448
      vertex -25.9923 -29.5989 0.772812
    endloop
  endfacet
  facet normal -0.663067 -0.31065 0.681057
    outer loop
      vertex -18.62 -27.7353 17.6372
      vertex -18.8945 -27.7615 17.358
      vertex -18.5165 -28.0871 17.5775
    endloop
  endfacet
  facet normal -0.663005 -0.310485 0.681193
    outer loop
      vertex -18.5165 -28.0871 17.5775
      vertex -18.8945 -27.7615 17.358
      vertex -18.7873 -28.126 17.2962
    endloop
  endfacet
  facet normal -0.4448 -0.889289 0.10639
    outer loop
      vertex -25.816 -29.7657 1.97659
      vertex -26.2925 -29.5482 1.80245
      vertex -25.9935 -29.7184 1.62986
    endloop
  endfacet
  facet normal -0.121237 -0.989366 -0.0803551
    outer loop
      vertex -24.8239 -29.9936 1.4038
      vertex -25.1623 -29.968 1.59917
      vertex -25.0184 -29.9424 1.06686
    endloop
  endfacet
  facet normal -0.0566145 -0.997861 0.0326863
    outer loop
      vertex -25.1623 -29.968 1.59917
      vertex -17.2258 -29.9936 14.5641
      vertex -17.5642 -29.968 14.7595
    endloop
  endfacet
  facet normal -0.0566166 -0.997861 0.0326876
    outer loop
      vertex -17.2258 -29.9936 14.5641
      vertex -25.1623 -29.968 1.59917
      vertex -24.8239 -29.9936 1.4038
    endloop
  endfacet
  facet normal -0.423227 -0.726251 0.5417
    outer loop
      vertex -17.9832 -29.0087 17.2696
      vertex -17.8406 -29.2189 17.0992
      vertex -17.8025 -29.1918 17.1653
    endloop
  endfacet
  facet normal -0.422401 -0.726232 0.542369
    outer loop
      vertex -17.8406 -29.2189 17.0992
      vertex -17.9832 -29.0087 17.2696
      vertex -18.2349 -29.0806 16.9773
    endloop
  endfacet
  facet normal -0.374363 -0.48149 0.792477
    outer loop
      vertex -17.7632 -28.2472 17.9537
      vertex -18.0803 -28.3453 17.7443
      vertex -17.911 -28.6379 17.6465
    endloop
  endfacet
  facet normal -0.474503 -0.513517 0.714946
    outer loop
      vertex -18.0803 -28.3453 17.7443
      vertex -18.3742 -28.4204 17.4953
      vertex -17.911 -28.6379 17.6465
    endloop
  endfacet
  facet normal -0.102152 -0.197703 0.974925
    outer loop
      vertex -17.1418 -27.7159 18.3096
      vertex -17.1806 -27.757 18.2972
      vertex -17.1454 -27.7456 18.3032
    endloop
  endfacet
  facet normal -0.103463 -0.195921 0.975146
    outer loop
      vertex -17.2527 -27.512 18.3388
      vertex -17.1418 -27.7159 18.3096
      vertex -17.1129 -27.4823 18.3596
    endloop
  endfacet
  facet normal -0.103864 -0.196127 0.975062
    outer loop
      vertex -17.1418 -27.7159 18.3096
      vertex -17.2527 -27.512 18.3388
      vertex -17.1806 -27.757 18.2972
    endloop
  endfacet
  facet normal -0.312569 0.351288 0.882552
    outer loop
      vertex -17.4284 28.1278 18.1198
      vertex -17.7632 28.2472 17.9537
      vertex -17.5414 27.8632 18.1851
    endloop
  endfacet
  facet normal -0.266378 0.443394 0.85583
    outer loop
      vertex -17.6062 28.5185 17.863
      vertex -17.3 28.3695 18.0355
      vertex -17.3043 28.3812 18.0281
    endloop
  endfacet
  facet normal -0.267768 0.441292 0.856482
    outer loop
      vertex -17.3 28.3695 18.0355
      vertex -17.6062 28.5185 17.863
      vertex -17.7632 28.2472 17.9537
    endloop
  endfacet
  facet normal -0.382263 0.0517689 0.922602
    outer loop
      vertex -17.6734 27.2944 18.2613
      vertex -18.0341 27.3256 18.1101
      vertex -17.6901 27 18.2709
    endloop
  endfacet
  facet normal -0.593859 0.180103 0.784152
    outer loop
      vertex -18.3131 27.6964 17.8787
      vertex -18.6828 27.3708 17.6735
      vertex -18.3725 27.3512 17.913
    endloop
  endfacet
  facet normal -0.24817 0.137935 0.958846
    outer loop
      vertex -17.2527 27.512 18.3388
      vertex -17.6235 27.5838 18.2325
      vertex -17.2964 27.2582 18.364
    endloop
  endfacet
  facet normal -0.267234 0.440829 0.856887
    outer loop
      vertex -17.3 28.3695 18.0355
      vertex -17.4284 28.1278 18.1198
      vertex -17.2956 28.3572 18.0432
    endloop
  endfacet
  facet normal -0.267721 0.441004 0.856645
    outer loop
      vertex -17.4284 28.1278 18.1198
      vertex -17.3 28.3695 18.0355
      vertex -17.7632 28.2472 17.9537
    endloop
  endfacet
  facet normal -0.227262 0.227421 0.946906
    outer loop
      vertex -17.5414 27.8632 18.1851
      vertex -17.6235 27.5838 18.2325
      vertex -17.1806 27.757 18.2972
    endloop
  endfacet
  facet normal -0.370485 0.155019 0.915811
    outer loop
      vertex -17.6235 27.5838 18.2325
      vertex -18.0341 27.3256 18.1101
      vertex -17.6734 27.2944 18.2613
    endloop
  endfacet
  facet normal -0.486498 0.168888 0.857203
    outer loop
      vertex -18.3131 27.6964 17.8787
      vertex -18.3725 27.3512 17.913
      vertex -18.0341 27.3256 18.1101
    endloop
  endfacet
  facet normal -0.423462 0.383225 0.820864
    outer loop
      vertex -18.0803 28.3453 17.7443
      vertex -18.2151 28.0297 17.8221
      vertex -17.8882 27.9546 18.0258
    endloop
  endfacet
  facet normal -0.526896 0.408749 0.745188
    outer loop
      vertex -18.0803 28.3453 17.7443
      vertex -18.3742 28.4204 17.4953
      vertex -18.2151 28.0297 17.8221
    endloop
  endfacet
  facet normal -0.156627 0.393136 0.906042
    outer loop
      vertex -17.2402 28.1583 18.1391
      vertex -17.4284 28.1278 18.1198
      vertex -17.2071 28.0392 18.1965
    endloop
  endfacet
  facet normal -0.705719 -0.0629959 0.705686
    outer loop
      vertex -18.7038 -27 17.6856
      vertex -18.9595 -27.3841 17.3956
      vertex -18.6828 -27.3708 17.6735
    endloop
  endfacet
  facet normal -0.777098 -0.193508 0.598893
    outer loop
      vertex -18.9595 -27.3841 17.3956
      vertex -19.198 -27.3907 17.084
      vertex -18.8945 -27.7615 17.358
    endloop
  endfacet
  facet normal -0.370485 -0.155019 0.915811
    outer loop
      vertex -17.6734 -27.2944 18.2613
      vertex -18.0341 -27.3256 18.1101
      vertex -17.6235 -27.5838 18.2325
    endloop
  endfacet
  facet normal -0.382263 -0.0517689 0.922602
    outer loop
      vertex -17.6901 -27 18.2709
      vertex -18.0341 -27.3256 18.1101
      vertex -17.6734 -27.2944 18.2613
    endloop
  endfacet
  facet normal -0.705035 0.438458 0.557387
    outer loop
      vertex -18.6399 28.4712 17.2111
      vertex -19.0228 28.1456 16.9829
      vertex -18.7873 28.126 17.2962
    endloop
  endfacet
  facet normal -0.985563 -0.169151 -0.00728312
    outer loop
      vertex -27.6994 -27.3512 1.75842
      vertex -27.7009 -27.3256 1.36684
      vertex -27.6399 -27.6964 1.72409
    endloop
  endfacet
  facet normal -0.989649 -0.0603437 0.130209
    outer loop
      vertex -27.6471 -27.3708 2.14684
      vertex -27.7193 -27 1.76993
      vertex -27.6994 -27.3512 1.75842
    endloop
  endfacet
  facet normal -0.964015 -0.0630587 0.258261
    outer loop
      vertex -27.5448 -27.3841 2.52545
      vertex -27.6681 -27 2.15899
      vertex -27.6471 -27.3708 2.14684
    endloop
  endfacet
  facet normal -0.94969 -0.188683 0.249977
    outer loop
      vertex -27.5448 -27.3841 2.52545
      vertex -27.6471 -27.3708 2.14684
      vertex -27.4797 -27.7615 2.48791
    endloop
  endfacet
  facet normal -0.849373 0.195161 0.490386
    outer loop
      vertex -27.3942 27.3907 2.88778
      vertex -19.1318 27.7748 17.0458
      vertex -27.328 27.7748 2.84958
    endloop
  endfacet
  facet normal -0.849373 0.195161 0.490386
    outer loop
      vertex -19.1318 27.7748 17.0458
      vertex -27.3942 27.3907 2.88778
      vertex -19.198 27.3907 17.084
    endloop
  endfacet
  facet normal -0.948836 0.297241 0.106578
    outer loop
      vertex -27.4808 28.0871 2.05087
      vertex -27.6399 27.6964 1.72409
      vertex -27.5843 27.7353 2.11059
    endloop
  endfacet
  facet normal -0.975983 0.180311 0.122252
    outer loop
      vertex -27.6399 27.6964 1.72409
      vertex -27.6471 27.3708 2.14684
      vertex -27.5843 27.7353 2.11059
    endloop
  endfacet
  facet normal -0.998407 0.0564255 0.000135651
    outer loop
      vertex -27.7009 27.3256 1.36684
      vertex -27.7193 27 1.37751
      vertex -27.6994 27.3512 1.75842
    endloop
  endfacet
  facet normal -0.998399 0.0565721 0
    outer loop
      vertex -27.6994 27.3512 1.75842
      vertex -27.7193 27 1.37751
      vertex -27.7193 27 1.76993
    endloop
  endfacet
  facet normal -0.566916 0.297168 0.768308
    outer loop
      vertex -18.5165 28.0871 17.5775
      vertex -18.62 27.7353 17.6372
      vertex -18.3131 27.6964 17.8787
    endloop
  endfacet
  facet normal -0.663005 0.310485 0.681193
    outer loop
      vertex -18.7873 28.126 17.2962
      vertex -18.8945 27.7615 17.358
      vertex -18.5165 28.0871 17.5775
    endloop
  endfacet
  facet normal -0.72 0.555697 0.415693
    outer loop
      vertex -27.0691 28.4968 2.70005
      vertex -18.6844 28.8224 16.7875
      vertex -26.8806 28.8224 2.59128
    endloop
  endfacet
  facet normal -0.720072 0.555571 0.415738
    outer loop
      vertex -18.6844 28.8224 16.7875
      vertex -27.0691 28.4968 2.70005
      vertex -18.8728 28.4968 16.8963
    endloop
  endfacet
  facet normal 0.820062 0.321453 -0.473462
    outer loop
      vertex 1.9061 27.7748 3.51831
      vertex 0.397093 28.1456 1.15638
      vertex 1.79709 28.1456 3.58125
    endloop
  endfacet
  facet normal 0.820064 0.321445 -0.473465
    outer loop
      vertex 0.397093 28.1456 1.15638
      vertex 1.9061 27.7748 3.51831
      vertex 0.506099 27.7748 1.09344
    endloop
  endfacet
  facet normal -0.55532 0.245428 -0.794597
    outer loop
      vertex -26.3281 27.5653 -0.898695
      vertex -26.4657 27.8909 -0.701962
      vertex -26.3623 27.9315 -0.761685
    endloop
  endfacet
  facet normal -0.517817 0.128228 -0.845827
    outer loop
      vertex -26.2447 27.1945 -1.00599
      vertex -26.2665 27.1895 -0.993402
      vertex -26.2631 27.5803 -0.936238
    endloop
  endfacet
  facet normal -0.482953 0.258873 -0.836505
    outer loop
      vertex -23.5989 27.5853 -2.47444
      vertex -26.1462 27.9643 -0.886477
      vertex -23.5481 27.9643 -2.38648
    endloop
  endfacet
  facet normal -0.482984 0.25875 -0.836525
    outer loop
      vertex -26.1462 27.9643 -0.886477
      vertex -23.5989 27.5853 -2.47444
      vertex -26.1969 27.5853 -0.974435
    endloop
  endfacet
  facet normal -0.495738 0.130482 -0.858614
    outer loop
      vertex -23.6245 27.1962 -2.51879
      vertex -26.1969 27.5853 -0.974435
      vertex -23.5989 27.5853 -2.47444
    endloop
  endfacet
  facet normal -0.495713 0.130618 -0.858608
    outer loop
      vertex -26.1969 27.5853 -0.974435
      vertex -23.6245 27.1962 -2.51879
      vertex -26.2226 27.1962 -1.01879
    endloop
  endfacet
  facet normal -0.531062 -0.124416 -0.838149
    outer loop
      vertex -26.2665 -27.1895 -0.993402
      vertex -26.3909 -27.5407 -0.862448
      vertex -26.2876 -27.1813 -0.98125
    endloop
  endfacet
  facet normal -0.432993 0.500057 -0.749973
    outer loop
      vertex -23.473 28.3269 -2.25643
      vertex -25.973 28.6667 -0.586502
      vertex -23.3749 28.6667 -2.0865
    endloop
  endfacet
  facet normal -0.432998 0.500044 -0.749979
    outer loop
      vertex -25.973 28.6667 -0.586502
      vertex -23.473 28.3269 -2.25643
      vertex -26.0711 28.3269 -0.756424
    endloop
  endfacet
  facet normal -0.430797 0.608403 -0.666528
    outer loop
      vertex -25.8535 28.978 -0.379617
      vertex -26.1614 28.6525 -0.477727
      vertex -26.0771 28.9611 -0.250524
    endloop
  endfacet
  facet normal -0.568804 0.362911 -0.738077
    outer loop
      vertex -26.3623 27.9315 -0.761685
      vertex -26.4657 27.8909 -0.701962
      vertex -26.3685 28.2817 -0.584714
    endloop
  endfacet
  facet normal -0.499653 0.63705 0.586953
    outer loop
      vertex -17.9832 29.0087 17.2696
      vertex -18.2349 29.0806 16.9773
      vertex -18.1954 28.7294 17.3921
    endloop
  endfacet
  facet normal -0.41081 0.609503 0.678043
    outer loop
      vertex -17.9832 29.0087 17.2696
      vertex -18.1954 28.7294 17.3921
      vertex -17.71 28.9026 17.5305
    endloop
  endfacet
  facet normal -0.438233 0.778738 -0.448908
    outer loop
      vertex -25.8411 29.4731 0.293099
      vertex -26.2203 29.1787 0.152575
      vertex -26.1182 29.4094 0.453107
    endloop
  endfacet
  facet normal -0.298668 0.864636 -0.403983
    outer loop
      vertex -25.5591 29.4944 0.130307
      vertex -25.6933 29.6676 0.600218
      vertex -25.3892 29.6906 0.424621
    endloop
  endfacet
  facet normal -0.129507 0.965873 -0.224316
    outer loop
      vertex -22.3159 29.8999 -0.676405
      vertex -25.0184 29.9424 1.06686
      vertex -22.1728 29.9424 -0.576024
    endloop
  endfacet
  facet normal -0.12928 0.965984 -0.223967
    outer loop
      vertex -22.4458 29.8581 -0.781709
      vertex -25.0184 29.9424 1.06686
      vertex -22.3159 29.8999 -0.676405
    endloop
  endfacet
  facet normal -0.129711 0.965789 -0.224558
    outer loop
      vertex -22.4911 29.8408 -0.829947
      vertex -25.0184 29.9424 1.06686
      vertex -22.4458 29.8581 -0.781709
    endloop
  endfacet
  facet normal -0.129454 0.965902 -0.224222
    outer loop
      vertex -25.0184 29.9424 1.06686
      vertex -22.4911 29.8408 -0.829947
      vertex -25.2079 29.8408 0.738595
    endloop
  endfacet
  facet normal -0.490816 0.820499 -0.293054
    outer loop
      vertex -26.1182 29.4094 0.453107
      vertex -26.3858 29.3045 0.607591
      vertex -25.9923 29.5989 0.772812
    endloop
  endfacet
  facet normal -0.490788 0.820495 -0.293114
    outer loop
      vertex -25.9923 29.5989 0.772812
      vertex -26.3858 29.3045 0.607591
      vertex -26.2809 29.4858 0.939448
    endloop
  endfacet
  facet normal -0.835317 0.338599 -0.433125
    outer loop
      vertex -27.223 27.8334 0.135205
      vertex -27.3371 27.989 0.476898
      vertex -27.2126 28.2042 0.405024
    endloop
  endfacet
  facet normal -0.862934 0.393251 -0.317329
    outer loop
      vertex -27.3371 27.989 0.476898
      vertex -27.4064 28.1278 0.837358
      vertex -27.2126 28.2042 0.405024
    endloop
  endfacet
  facet normal -0.869797 0.269622 -0.413228
    outer loop
      vertex -27.223 27.8334 0.135205
      vertex -27.4362 27.757 0.534117
      vertex -27.3371 27.989 0.476898
    endloop
  endfacet
  facet normal -0.914125 0.118785 -0.38764
    outer loop
      vertex -27.404 27.2176 0.239724
      vertex -27.5519 27.2582 0.60094
      vertex -27.3672 27.4314 0.218458
    endloop
  endfacet
  facet normal -0.920678 0.35117 -0.170389
    outer loop
      vertex -27.4064 28.1278 0.837358
      vertex -27.5194 27.8632 0.902603
      vertex -27.4299 28.2472 1.21042
    endloop
  endfacet
  facet normal -0.875765 0.441017 -0.196316
    outer loop
      vertex -27.4064 28.1278 0.837358
      vertex -27.4299 28.2472 1.21042
      vertex -27.2645 28.3731 0.755401
    endloop
  endfacet
  facet normal -0.757513 0.53215 -0.378141
    outer loop
      vertex -26.8964 28.5693 0.222459
      vertex -27.0648 28.3987 0.319725
      vertex -26.9039 28.7894 0.547226
    endloop
  endfacet
  facet normal -0.693815 0.588604 -0.414929
    outer loop
      vertex -26.8964 28.5693 0.222459
      vertex -26.9039 28.7894 0.547226
      vertex -26.6915 28.9533 0.424569
    endloop
  endfacet
  facet normal -0.693507 0.588665 -0.415356
    outer loop
      vertex -26.71 28.713 0.114892
      vertex -26.8964 28.5693 0.222459
      vertex -26.6915 28.9533 0.424569
    endloop
  endfacet
  facet normal -0.565891 0.577347 -0.58859
    outer loop
      vertex -26.3466 28.6099 -0.370813
      vertex -26.5091 28.8275 -0.00113613
      vertex -26.2969 28.9106 -0.12364
    endloop
  endfacet
  facet normal -0.813779 0.571323 -0.106549
    outer loop
      vertex -27.0866 28.7638 1.01221
      vertex -27.2729 28.5185 1.11978
      vertex -27.2378 28.6379 1.49193
    endloop
  endfacet
  facet normal -0.820947 0.523574 -0.22785
    outer loop
      vertex -27.2645 28.3731 0.755401
      vertex -27.2729 28.5185 1.11978
      vertex -27.0866 28.7638 1.01221
    endloop
  endfacet
  facet normal -0.922579 0.383299 -0.0439241
    outer loop
      vertex -27.4299 28.2472 1.21042
      vertex -27.5549 27.9546 1.28257
      vertex -27.4072 28.3453 1.58969
    endloop
  endfacet
  facet normal -0.922603 0.383251 -0.0438513
    outer loop
      vertex -27.4072 28.3453 1.58969
      vertex -27.5549 27.9546 1.28257
      vertex -27.542 28.0297 1.66752
    endloop
  endfacet
  facet normal -0.398119 0.91477 -0.0685364
    outer loop
      vertex -25.6779 29.8421 1.44763
      vertex -26.1494 29.6245 1.28216
      vertex -25.9935 29.7184 1.62986
    endloop
  endfacet
  facet normal -0.499117 0.866475 -0.0102089
    outer loop
      vertex -26.1494 29.6245 1.28216
      vertex -26.2925 29.5482 1.80245
      vertex -25.9935 29.7184 1.62986
    endloop
  endfacet
  facet normal -0.191262 0.923945 -0.331276
    outer loop
      vertex -22.5533 29.8042 -0.896115
      vertex -25.2079 29.8408 0.738595
      vertex -22.4911 29.8408 -0.829947
    endloop
  endfacet
  facet normal -0.19142 0.923822 -0.33153
    outer loop
      vertex -22.7299 29.6906 -1.1107
      vertex -25.2079 29.8408 0.738595
      vertex -22.5533 29.8042 -0.896115
    endloop
  endfacet
  facet normal -0.191364 0.923859 -0.331458
    outer loop
      vertex -25.2079 29.8408 0.738595
      vertex -22.7299 29.6906 -1.1107
      vertex -25.3892 29.6906 0.424621
    endloop
  endfacet
  facet normal 0.0566177 0.997861 -0.0326883
    outer loop
      vertex -0.259685 29.968 4.76873
      vertex -1.99808 29.9936 2.53923
      vertex -0.598076 29.9936 4.9641
    endloop
  endfacet
  facet normal 0.0566178 0.997861 -0.0326884
    outer loop
      vertex -1.99808 29.9936 2.53923
      vertex -0.259685 29.968 4.76873
      vertex -1.65969 29.968 2.34386
    endloop
  endfacet
  facet normal -0.793076 0.0254147 -0.608592
    outer loop
      vertex -26.9813 27 -0.404317
      vertex -27.2103 27.1732 -0.0986667
      vertex -26.9741 27.1259 -0.408442
    endloop
  endfacet
  facet normal -0.602529 0.0432134 -0.796927
    outer loop
      vertex -26.3867 27.0508 -0.924031
      vertex -26.6652 27.224 -0.704075
      vertex -26.3795 27.0751 -0.928157
    endloop
  endfacet
  facet normal -0.606746 -0.0260267 -0.794469
    outer loop
      vertex -26.6865 -27.1515 -0.691771
      vertex -26.6995 -27.0764 -0.684303
      vertex -26.3867 -27.0508 -0.924031
    endloop
  endfacet
  facet normal -0.432993 -0.500057 -0.749973
    outer loop
      vertex -25.973 -28.6667 -0.586502
      vertex -23.473 -28.3269 -2.25643
      vertex -23.3749 -28.6667 -2.0865
    endloop
  endfacet
  facet normal -0.432998 -0.500044 -0.749979
    outer loop
      vertex -23.473 -28.3269 -2.25643
      vertex -25.973 -28.6667 -0.586502
      vertex -26.0711 -28.3269 -0.756424
    endloop
  endfacet
  facet normal -0.304388 -0.793359 -0.527191
    outer loop
      vertex -23.0527 -29.3538 -1.52842
      vertex -25.5591 -29.4944 0.130307
      vertex -25.7148 -29.2555 -0.139311
    endloop
  endfacet
  facet normal -0.304322 -0.793446 -0.527098
    outer loop
      vertex -25.5591 -29.4944 0.130307
      vertex -23.0527 -29.3538 -1.52842
      vertex -22.9479 -29.4944 -1.37728
    endloop
  endfacet
  facet normal -0.304488 -0.793185 -0.527395
    outer loop
      vertex -23.0527 -29.3538 -1.52842
      vertex -25.7148 -29.2555 -0.139311
      vertex -23.1167 -29.2555 -1.63931
    endloop
  endfacet
  facet normal -0.438037 -0.778649 -0.449254
    outer loop
      vertex -25.8411 -29.4731 0.293099
      vertex -26.2203 -29.1787 0.152575
      vertex -25.9697 -29.2362 0.00789146
    endloop
  endfacet
  facet normal -0.531997 -0.123892 -0.837633
    outer loop
      vertex -26.3281 -27.5653 -0.898695
      vertex -26.3909 -27.5407 -0.862448
      vertex -26.2665 -27.1895 -0.993402
    endloop
  endfacet
  facet normal -0.526832 -0.254245 -0.811053
    outer loop
      vertex -26.2552 -27.9561 -0.823542
      vertex -26.3623 -27.9315 -0.761685
      vertex -26.3281 -27.5653 -0.898695
    endloop
  endfacet
  facet normal -0.581873 -0.232819 -0.779242
    outer loop
      vertex -26.3909 -27.5407 -0.862448
      vertex -26.4657 -27.8909 -0.701962
      vertex -26.4504 -27.5069 -0.828117
    endloop
  endfacet
  facet normal -0.608707 -0.343728 -0.715071
    outer loop
      vertex -26.5108 -28.2259 -0.502539
      vertex -26.6456 -28.1491 -0.424707
      vertex -26.4657 -27.8909 -0.701962
    endloop
  endfacet
  facet normal -0.603042 -0.0419777 -0.796604
    outer loop
      vertex -26.6652 -27.224 -0.704075
      vertex -26.6865 -27.1515 -0.691771
      vertex -26.3867 -27.0508 -0.924031
    endloop
  endfacet
  facet normal -0.602529 -0.0432134 -0.796927
    outer loop
      vertex -26.3795 -27.0751 -0.928157
      vertex -26.6652 -27.224 -0.704075
      vertex -26.3867 -27.0508 -0.924031
    endloop
  endfacet
  facet normal -0.73777 -0.213158 -0.640515
    outer loop
      vertex -26.8087 -27.587 -0.503954
      vertex -26.9827 -27.8077 -0.230087
      vertex -26.8694 -27.4822 -0.468914
    endloop
  endfacet
  facet normal -0.66956 0.14419 -0.728628
    outer loop
      vertex -26.6359 27.2926 -0.721005
      vertex -26.8694 27.4822 -0.468914
      vertex -26.8087 27.587 -0.503954
    endloop
  endfacet
  facet normal -0.684369 0.114594 -0.720075
    outer loop
      vertex -26.6652 27.224 -0.704075
      vertex -26.9177 27.369 -0.44102
      vertex -26.6359 27.2926 -0.721005
    endloop
  endfacet
  facet normal -0.835199 0.338702 -0.433271
    outer loop
      vertex -27.1181 28.0146 0.0746436
      vertex -27.223 27.8334 0.135205
      vertex -27.2126 28.2042 0.405024
    endloop
  endfacet
  facet normal -0.793108 0.402013 -0.457565
    outer loop
      vertex -27.1181 28.0146 0.0746436
      vertex -27.2126 28.2042 0.405024
      vertex -27.0648 28.3987 0.319725
    endloop
  endfacet
  facet normal -0.858164 -0.0975305 -0.504027
    outer loop
      vertex -27.3672 -27.4314 0.218458
      vertex -27.404 -27.2175 0.239724
      vertex -27.181 -27.3434 -0.115597
    endloop
  endfacet
  facet normal -0.843428 -0.16103 -0.512541
    outer loop
      vertex -27.3065 -27.6378 0.183418
      vertex -27.3672 -27.4314 0.218458
      vertex -27.181 -27.3434 -0.115597
    endloop
  endfacet
  facet normal -0.896265 -0.195851 -0.397934
    outer loop
      vertex -27.4362 -27.757 0.534117
      vertex -27.5082 -27.512 0.575701
      vertex -27.3672 -27.4314 0.218458
    endloop
  endfacet
  facet normal -0.896184 -0.195982 -0.398051
    outer loop
      vertex -27.3065 -27.6378 0.183418
      vertex -27.4362 -27.757 0.534117
      vertex -27.3672 -27.4314 0.218458
    endloop
  endfacet
  facet normal -0.985542 -0.169269 -0.00740907
    outer loop
      vertex -27.6399 -27.6964 1.72409
      vertex -27.7009 -27.3256 1.36684
      vertex -27.6457 -27.6456 1.33501
    endloop
  endfacet
  facet normal -0.97838 -0.154712 -0.137246
    outer loop
      vertex -27.6016 -27.5838 0.950022
      vertex -27.7009 -27.3256 1.36684
      vertex -27.6514 -27.2944 0.978801
    endloop
  endfacet
  facet normal -0.711448 -0.252763 -0.655708
    outer loop
      vertex -26.8836 -27.9382 -0.287306
      vertex -26.9827 -27.8077 -0.230087
      vertex -26.8087 -27.587 -0.503954
    endloop
  endfacet
  facet normal -0.631256 -0.194653 -0.75075
    outer loop
      vertex -26.5055 -27.4643 -0.79629
      vertex -26.6546 -27.765 -0.592957
      vertex -26.5553 -27.4138 -0.76751
    endloop
  endfacet
  facet normal -0.858168 -0.0975991 -0.504006
    outer loop
      vertex -27.181 -27.3434 -0.115597
      vertex -27.404 -27.2175 0.239724
      vertex -27.2103 -27.1732 -0.0986667
    endloop
  endfacet
  facet normal -0.865524 -0.0330952 -0.499772
    outer loop
      vertex -27.2103 -27.1732 -0.0986667
      vertex -27.404 -27.2175 0.239724
      vertex -27.2202 -27 -0.0929909
    endloop
  endfacet
  facet normal -0.793076 -0.0254147 -0.608592
    outer loop
      vertex -26.9741 -27.1259 -0.408442
      vertex -27.2103 -27.1732 -0.0986667
      vertex -26.9813 -27 -0.404317
    endloop
  endfacet
  facet normal -0.706978 -0.0172658 -0.707024
    outer loop
      vertex -26.9741 -27.1259 -0.408442
      vertex -26.9813 -27 -0.404317
      vertex -26.7038 -27 -0.681799
    endloop
  endfacet
  facet normal -0.964924 0.0464686 -0.258384
    outer loop
      vertex -27.5666 27 0.609401
      vertex -27.6681 27 0.988449
      vertex -27.5519 27.2582 0.60094
    endloop
  endfacet
  facet normal -0.965968 0 -0.258663
    outer loop
      vertex -27.5666 -27 0.609401
      vertex -27.6681 27 0.988449
      vertex -27.5666 27 0.609401
    endloop
  endfacet
  facet normal -0.965968 -0 -0.258663
    outer loop
      vertex -27.6681 27 0.988449
      vertex -27.5666 -27 0.609401
      vertex -27.6681 -27 0.988449
    endloop
  endfacet
  facet normal -0.793084 0.0253888 -0.608583
    outer loop
      vertex -26.9813 27 -0.404317
      vertex -27.2202 27 -0.0929909
      vertex -27.2103 27.1732 -0.0986667
    endloop
  endfacet
  facet normal -0.86552 0.0330947 -0.499779
    outer loop
      vertex -27.2202 27 -0.0929909
      vertex -27.404 27.2176 0.239724
      vertex -27.2103 27.1732 -0.0986667
    endloop
  endfacet
  facet normal -0.191364 -0.923859 -0.331458
    outer loop
      vertex -22.7299 -29.6906 -1.1107
      vertex -25.2079 -29.8408 0.738595
      vertex -25.3892 -29.6906 0.424621
    endloop
  endfacet
  facet normal -0.191262 -0.923945 -0.331276
    outer loop
      vertex -25.2079 -29.8408 0.738595
      vertex -22.5533 -29.8042 -0.896115
      vertex -22.4911 -29.8408 -0.829947
    endloop
  endfacet
  facet normal -0.19142 -0.923822 -0.33153
    outer loop
      vertex -25.2079 -29.8408 0.738595
      vertex -22.7299 -29.6906 -1.1107
      vertex -22.5533 -29.8042 -0.896115
    endloop
  endfacet
  facet normal -0.292314 -0.947521 -0.129445
    outer loop
      vertex -25.6779 -29.8421 1.44763
      vertex -25.8447 -29.744 1.10622
      vertex -25.529 -29.8165 0.923994
    endloop
  endfacet
  facet normal -0.183883 -0.963989 -0.192127
    outer loop
      vertex -25.351 -29.9172 1.25889
      vertex -25.529 -29.8165 0.923994
      vertex -25.2079 -29.8408 0.738595
    endloop
  endfacet
  facet normal -0.232706 -0.972413 -0.0161248
    outer loop
      vertex -25.1623 -29.968 1.59917
      vertex -25.6779 -29.8421 1.44763
      vertex -25.351 -29.9172 1.25889
    endloop
  endfacet
  facet normal -0.232697 -0.972415 -0.0161567
    outer loop
      vertex -25.4949 -29.8916 1.7912
      vertex -25.6779 -29.8421 1.44763
      vertex -25.1623 -29.968 1.59917
    endloop
  endfacet
  facet normal -0.631314 -0.745445 0.213904
    outer loop
      vertex -26.4021 -29.375 2.31498
      vertex -26.6571 -29.1168 2.46219
      vertex -26.5696 -29.3343 1.96246
    endloop
  endfacet
  facet normal -0.50391 -0.745934 0.435496
    outer loop
      vertex -18.2349 -29.0806 16.9773
      vertex -17.9972 -29.3284 16.8279
      vertex -17.992 -29.3266 16.837
    endloop
  endfacet
  facet normal -0.500983 -0.745549 0.439514
    outer loop
      vertex -17.9972 -29.3284 16.8279
      vertex -18.2349 -29.0806 16.9773
      vertex -18.4608 -29.1168 16.6584
    endloop
  endfacet
  facet normal -0.631215 -0.745515 0.213952
    outer loop
      vertex -26.6571 -29.1168 2.46219
      vertex -26.8202 -29.0806 2.10714
      vertex -26.5696 -29.3343 1.96246
    endloop
  endfacet
  facet normal -0.542234 -0.824289 0.162879
    outer loop
      vertex -26.1201 -29.5925 2.15219
      vertex -26.5696 -29.3343 1.96246
      vertex -26.2925 -29.5482 1.80245
    endloop
  endfacet
  facet normal -0.524981 -0.751887 -0.398825
    outer loop
      vertex -26.1182 -29.4094 0.453107
      vertex -26.3858 -29.3045 0.607591
      vertex -26.2203 -29.1787 0.152575
    endloop
  endfacet
  facet normal -0.29851 -0.8647 -0.403962
    outer loop
      vertex -25.6933 -29.6676 0.600218
      vertex -25.8411 -29.4731 0.293099
      vertex -25.5591 -29.4944 0.130307
    endloop
  endfacet
  facet normal -0.490788 -0.820495 -0.293114
    outer loop
      vertex -26.2809 -29.4858 0.939448
      vertex -26.3858 -29.3045 0.607591
      vertex -25.9923 -29.5989 0.772812
    endloop
  endfacet
  facet normal -0.744281 -0.651503 -0.146932
    outer loop
      vertex -27.0369 -28.9026 1.3759
      vertex -27.0866 -28.7638 1.01221
      vertex -26.8077 -29.1346 1.24359
    endloop
  endfacet
  facet normal -0.472789 -0.694218 -0.542708
    outer loop
      vertex -26.2203 -29.1787 0.152575
      vertex -26.2969 -28.9106 -0.12364
      vertex -26.0771 -28.9611 -0.250524
    endloop
  endfacet
  facet normal -0.438233 -0.778738 -0.448908
    outer loop
      vertex -26.1182 -29.4094 0.453107
      vertex -26.2203 -29.1787 0.152575
      vertex -25.8411 -29.4731 0.293099
    endloop
  endfacet
  facet normal -0.624419 -0.449224 -0.638982
    outer loop
      vertex -26.5253 -28.5398 -0.267591
      vertex -26.6947 -28.4434 -0.169824
      vertex -26.6456 -28.1491 -0.424707
    endloop
  endfacet
  facet normal -0.629659 -0.546672 -0.551977
    outer loop
      vertex -26.5091 -28.8275 -0.00113613
      vertex -26.6947 -28.4434 -0.169824
      vertex -26.5253 -28.5398 -0.267591
    endloop
  endfacet
  facet normal -0.879585 -0.427168 0.209421
    outer loop
      vertex -27.2252 -28.4712 2.34094
      vertex -27.4808 -28.0871 2.05087
      vertex -27.3385 -28.4204 1.96869
    endloop
  endfacet
  facet normal -0.921469 -0.310391 0.233564
    outer loop
      vertex -27.4797 -27.7615 2.48791
      vertex -27.4808 -28.0871 2.05087
      vertex -27.3726 -28.126 2.42605
    endloop
  endfacet
  facet normal -0.710756 -0.653609 0.26004
    outer loop
      vertex -26.8806 -28.8224 2.59128
      vertex -27.04 -28.7912 2.23402
      vertex -26.6571 -29.1168 2.46219
    endloop
  endfacet
  facet normal -0.8353 -0.438352 0.331844
    outer loop
      vertex -27.219 -28.1456 2.78665
      vertex -27.2252 -28.4712 2.34094
      vertex -27.0691 -28.4968 2.70005
    endloop
  endfacet
  facet normal -0.875765 -0.441017 -0.196316
    outer loop
      vertex -27.2645 -28.3731 0.755401
      vertex -27.4299 -28.2472 1.21042
      vertex -27.4064 -28.1278 0.837358
    endloop
  endfacet
  facet normal -0.920724 -0.351064 -0.170358
    outer loop
      vertex -27.4299 -28.2472 1.21042
      vertex -27.5194 -27.8631 0.902603
      vertex -27.4064 -28.1278 0.837358
    endloop
  endfacet
  facet normal -0.813976 -0.571017 -0.106691
    outer loop
      vertex -27.0369 -28.9026 1.3759
      vertex -27.2378 -28.6379 1.49193
      vertex -27.0866 -28.7638 1.01221
    endloop
  endfacet
  facet normal -0.813779 -0.571323 -0.106549
    outer loop
      vertex -27.2378 -28.6379 1.49193
      vertex -27.2729 -28.5185 1.11978
      vertex -27.0866 -28.7638 1.01221
    endloop
  endfacet
  facet normal -0.747993 -0.318694 0.582186
    outer loop
      vertex -18.8945 -27.7615 17.358
      vertex -19.0228 -28.1456 16.9829
      vertex -18.7873 -28.126 17.2962
    endloop
  endfacet
  facet normal -0.621139 -0.427199 0.65703
    outer loop
      vertex -18.5165 -28.0871 17.5775
      vertex -18.7873 -28.126 17.2962
      vertex -18.6399 -28.4712 17.2111
    endloop
  endfacet
  facet normal -0.566922 -0.297163 0.768305
    outer loop
      vertex -18.3131 -27.6964 17.8787
      vertex -18.5165 -28.0871 17.5775
      vertex -18.2151 -28.0297 17.8221
    endloop
  endfacet
  facet normal -0.566916 -0.297168 0.768308
    outer loop
      vertex -18.3131 -27.6964 17.8787
      vertex -18.62 -27.7353 17.6372
      vertex -18.5165 -28.0871 17.5775
    endloop
  endfacet
  facet normal -0.479624 -0.832632 0.276921
    outer loop
      vertex -18.2059 -29.375 16.5112
      vertex -18.7846 -29.3899 15.4641
      vertex -18.1865 -29.3899 16.5
    endloop
  endfacet
  facet normal -0.479914 -0.832412 0.277079
    outer loop
      vertex -26.4021 -29.375 2.31498
      vertex -18.7846 -29.3899 15.4641
      vertex -18.2059 -29.375 16.5112
    endloop
  endfacet
  facet normal -0.48113 -0.831475 0.277784
    outer loop
      vertex -26.4021 -29.375 2.31498
      vertex -18.522 -29.5925 15.3125
      vertex -18.7846 -29.3899 15.4641
    endloop
  endfacet
  facet normal -0.481033 -0.83155 0.277724
    outer loop
      vertex -18.522 -29.5925 15.3125
      vertex -26.4021 -29.375 2.31498
      vertex -26.1201 -29.5925 2.15219
    endloop
  endfacet
  facet normal -0.314688 0.571184 0.758103
    outer loop
      vertex -17.911 28.6379 17.6465
      vertex -17.4956 28.8 17.6968
      vertex -17.71 28.9026 17.5305
    endloop
  endfacet
  facet normal -0.314509 0.570555 0.758651
    outer loop
      vertex -17.4956 28.8 17.6968
      vertex -17.911 28.6379 17.6465
      vertex -17.4678 28.7515 17.7448
    endloop
  endfacet
  facet normal -0.247942 0.138175 0.95887
    outer loop
      vertex -17.6235 27.5838 18.2325
      vertex -17.6734 27.2944 18.2613
      vertex -17.2964 27.2582 18.364
    endloop
  endfacet
  facet normal -0.258431 0.0461247 0.964928
    outer loop
      vertex -17.6734 27.2944 18.2613
      vertex -17.6901 27 18.2709
      vertex -17.2964 27.2582 18.364
    endloop
  endfacet
  facet normal -0.0777141 0.269307 0.959914
    outer loop
      vertex -17.1568 27.8127 18.2835
      vertex -17.1806 27.757 18.2972
      vertex -17.1483 27.7624 18.2983
    endloop
  endfacet
  facet normal -0.607485 0.0605295 0.792021
    outer loop
      vertex -18.3725 27.3512 17.913
      vertex -18.6828 27.3708 17.6735
      vertex -18.3925 27 17.9245
    endloop
  endfacet
  facet normal -0.370523 0.155092 0.915784
    outer loop
      vertex -17.979 27.6456 18.0782
      vertex -18.0341 27.3256 18.1101
      vertex -17.6235 27.5838 18.2325
    endloop
  endfacet
  facet normal -0.566922 0.297163 0.768305
    outer loop
      vertex -18.2151 28.0297 17.8221
      vertex -18.5165 28.0871 17.5775
      vertex -18.3131 27.6964 17.8787
    endloop
  endfacet
  facet normal -0.526909 0.40874 0.745184
    outer loop
      vertex -18.3742 28.4204 17.4953
      vertex -18.5165 28.0871 17.5775
      vertex -18.2151 28.0297 17.8221
    endloop
  endfacet
  facet normal -0.196488 0.313211 0.929135
    outer loop
      vertex -17.4284 28.1278 18.1198
      vertex -17.5414 27.8632 18.1851
      vertex -17.1806 27.757 18.2972
    endloop
  endfacet
  facet normal -0.197632 0.312939 0.928984
    outer loop
      vertex -17.2071 28.0392 18.1965
      vertex -17.1806 27.757 18.2972
      vertex -17.1568 27.8127 18.2835
    endloop
  endfacet
  facet normal -0.196682 0.313083 0.929137
    outer loop
      vertex -17.1806 27.757 18.2972
      vertex -17.2071 28.0392 18.1965
      vertex -17.4284 28.1278 18.1198
    endloop
  endfacet
  facet normal -0.96024 -0.278297 -0.0221146
    outer loop
      vertex -27.542 -28.0297 1.66752
      vertex -27.6399 -27.6964 1.72409
      vertex -27.5549 -27.9546 1.28257
    endloop
  endfacet
  facet normal -0.975983 -0.180311 0.122252
    outer loop
      vertex -27.5843 -27.7353 2.11059
      vertex -27.6471 -27.3708 2.14684
      vertex -27.6399 -27.6964 1.72409
    endloop
  endfacet
  facet normal -0.923855 0 0.382742
    outer loop
      vertex -27.5666 -27 2.53804
      vertex -27.4164 27 2.90059
      vertex -27.5666 27 2.53804
    endloop
  endfacet
  facet normal -0.923855 0 0.382742
    outer loop
      vertex -27.4164 27 2.90059
      vertex -27.5666 -27 2.53804
      vertex -27.4164 -27 2.90059
    endloop
  endfacet
  facet normal -0.94969 0.188683 0.249977
    outer loop
      vertex -27.4797 27.7615 2.48791
      vertex -27.6471 27.3708 2.14684
      vertex -27.5448 27.3841 2.52545
    endloop
  endfacet
  facet normal -0.964015 0.0630587 0.258261
    outer loop
      vertex -27.6471 27.3708 2.14684
      vertex -27.6681 27 2.15899
      vertex -27.5448 27.3841 2.52545
    endloop
  endfacet
  facet normal -0.776779 0.442134 0.448478
    outer loop
      vertex -27.219 28.1456 2.78665
      vertex -18.8728 28.4968 16.8963
      vertex -27.0691 28.4968 2.70005
    endloop
  endfacet
  facet normal -0.776705 0.442312 0.44843
    outer loop
      vertex -18.8728 28.4968 16.8963
      vertex -27.219 28.1456 2.78665
      vertex -19.0228 28.1456 16.9829
    endloop
  endfacet
  facet normal -0.820071 0.321421 0.473468
    outer loop
      vertex -27.328 27.7748 2.84958
      vertex -19.0228 28.1456 16.9829
      vertex -27.219 28.1456 2.78665
    endloop
  endfacet
  facet normal -0.820081 0.321387 0.473474
    outer loop
      vertex -19.0228 28.1456 16.9829
      vertex -27.328 27.7748 2.84958
      vertex -19.1318 27.7748 17.0458
    endloop
  endfacet
  facet normal -0.580486 0.653755 0.485428
    outer loop
      vertex -18.4608 29.1168 16.6584
      vertex -18.6844 28.8224 16.7875
      vertex -18.4547 28.7912 17.1042
    endloop
  endfacet
  facet normal -0.6511 0.659362 0.375913
    outer loop
      vertex -18.4608 29.1168 16.6584
      vertex -26.8806 28.8224 2.59128
      vertex -18.6844 28.8224 16.7875
    endloop
  endfacet
  facet normal -0.651198 0.65923 0.375975
    outer loop
      vertex -26.8806 28.8224 2.59128
      vertex -18.4608 29.1168 16.6584
      vertex -26.6571 29.1168 2.46219
    endloop
  endfacet
  facet normal 0.383053 -0.896861 -0.221157
    outer loop
      vertex -1.00597 -29.7657 1.96643
      vertex 0.698181 -29.5925 4.21571
      vertex 0.394036 -29.7657 4.3913
    endloop
  endfacet
  facet normal 0.383045 -0.896866 -0.221151
    outer loop
      vertex 0.698181 -29.5925 4.21571
      vertex -1.00597 -29.7657 1.96643
      vertex -0.70182 -29.5925 1.79083
    endloop
  endfacet
  facet normal -0.554964 0.245682 -0.794768
    outer loop
      vertex -26.3909 27.5407 -0.862448
      vertex -26.4657 27.8909 -0.701962
      vertex -26.3281 27.5653 -0.898695
    endloop
  endfacet
  facet normal -0.572414 0.474178 -0.668952
    outer loop
      vertex -26.3685 28.2817 -0.584714
      vertex -26.5253 28.5398 -0.267591
      vertex -26.3466 28.6099 -0.370813
    endloop
  endfacet
  facet normal -0.581873 0.232819 -0.779242
    outer loop
      vertex -26.4504 27.5069 -0.828117
      vertex -26.4657 27.8909 -0.701962
      vertex -26.3909 27.5407 -0.862448
    endloop
  endfacet
  facet normal -0.680815 0.288181 -0.673381
    outer loop
      vertex -26.6546 27.765 -0.592957
      vertex -26.8836 27.9382 -0.287306
      vertex -26.7706 28.0527 -0.352552
    endloop
  endfacet
  facet normal -0.718859 0.376416 -0.584425
    outer loop
      vertex -26.8836 27.9382 -0.287306
      vertex -26.9936 28.1785 0.00276948
      vertex -26.7706 28.0527 -0.352552
    endloop
  endfacet
  facet normal -0.483394 0.382615 -0.78736
    outer loop
      vertex -26.1462 27.9643 -0.886477
      vertex -26.2552 27.9561 -0.823542
      vertex -26.2211 28.3155 -0.669828
    endloop
  endfacet
  facet normal -0.497522 0.258711 -0.827974
    outer loop
      vertex -26.1969 27.5853 -0.974435
      vertex -26.2552 27.9561 -0.823542
      vertex -26.1462 27.9643 -0.886477
    endloop
  endfacet
  facet normal -0.54658 0.116995 -0.829194
    outer loop
      vertex -26.3075 27.1699 -0.969741
      vertex -26.3909 27.5407 -0.862448
      vertex -26.2876 27.1813 -0.98125
    endloop
  endfacet
  facet normal -0.168974 0.980781 0.097557
    outer loop
      vertex -17.5642 29.968 14.7595
      vertex -25.4949 29.8916 1.7912
      vertex -17.8968 29.8916 14.9515
    endloop
  endfacet
  facet normal -0.168968 0.980782 0.0975532
    outer loop
      vertex -25.4949 29.8916 1.7912
      vertex -17.5642 29.968 14.7595
      vertex -25.1623 29.968 1.59917
    endloop
  endfacet
  facet normal -0.336536 0.694995 0.635394
    outer loop
      vertex -17.6212 28.9925 17.4792
      vertex -17.7285 29.1105 17.2933
      vertex -17.71 28.9026 17.5305
    endloop
  endfacet
  facet normal -0.395972 0.849896 -0.347683
    outer loop
      vertex -25.8411 29.4731 0.293099
      vertex -25.9923 29.5989 0.772812
      vertex -25.6933 29.6676 0.600218
    endloop
  endfacet
  facet normal -0.347178 0.906394 -0.240662
    outer loop
      vertex -25.6933 29.6676 0.600218
      vertex -25.9923 29.5989 0.772812
      vertex -25.529 29.8165 0.923994
    endloop
  endfacet
  facet normal -0.933683 0.227441 -0.276598
    outer loop
      vertex -27.5082 27.512 0.575701
      vertex -27.6016 27.5838 0.950022
      vertex -27.4362 27.757 0.534117
    endloop
  endfacet
  facet normal -0.858155 0.097574 -0.504034
    outer loop
      vertex -27.181 27.3434 -0.115597
      vertex -27.404 27.2176 0.239724
      vertex -27.3672 27.4314 0.218458
    endloop
  endfacet
  facet normal -0.793366 0.278172 -0.541471
    outer loop
      vertex -27.0662 27.6634 -0.181874
      vertex -27.223 27.8334 0.135205
      vertex -26.9827 27.8077 -0.230087
    endloop
  endfacet
  facet normal -0.51731 0.491141 -0.700836
    outer loop
      vertex -26.2211 28.3155 -0.669828
      vertex -26.3685 28.2817 -0.584714
      vertex -26.1614 28.6525 -0.477727
    endloop
  endfacet
  facet normal -0.646042 0.318977 -0.693457
    outer loop
      vertex -26.6546 27.765 -0.592957
      vertex -26.7706 28.0527 -0.352552
      vertex -26.5637 27.8351 -0.645397
    endloop
  endfacet
  facet normal -0.566302 0.57698 -0.588554
    outer loop
      vertex -26.3466 28.6099 -0.370813
      vertex -26.5253 28.5398 -0.267591
      vertex -26.5091 28.8275 -0.00113613
    endloop
  endfacet
  facet normal -0.550246 0.670368 -0.497831
    outer loop
      vertex -26.2203 29.1787 0.152575
      vertex -26.5091 28.8275 -0.00113613
      vertex -26.4623 29.0838 0.292264
    endloop
  endfacet
  facet normal -0.550059 0.670328 -0.498092
    outer loop
      vertex -26.2969 28.9106 -0.12364
      vertex -26.5091 28.8275 -0.00113613
      vertex -26.2203 29.1787 0.152575
    endloop
  endfacet
  facet normal -0.570771 0.0980283 -0.815236
    outer loop
      vertex -26.3427 27.1387 -0.949423
      vertex -26.5055 27.4643 -0.79629
      vertex -26.326 27.1557 -0.959071
    endloop
  endfacet
  facet normal -0.558819 0.10855 -0.822154
    outer loop
      vertex -26.3075 27.1699 -0.969741
      vertex -26.5055 27.4643 -0.79629
      vertex -26.4504 27.5069 -0.828117
    endloop
  endfacet
  facet normal -0.608702 0.00825724 -0.793356
    outer loop
      vertex -26.391 27.0256 -0.921528
      vertex -26.7038 27 -0.681799
      vertex -26.6995 27.0764 -0.684303
    endloop
  endfacet
  facet normal -0.597495 0.0572363 -0.799827
    outer loop
      vertex -26.3795 27.0751 -0.928157
      vertex -26.6652 27.224 -0.704075
      vertex -26.3697 27.0981 -0.933832
    endloop
  endfacet
  facet normal -0.606839 -0.0246397 -0.794443
    outer loop
      vertex -26.3867 -27.0508 -0.924031
      vertex -26.6995 -27.0764 -0.684303
      vertex -26.391 -27.0256 -0.921528
    endloop
  endfacet
  facet normal -0.608767 -0.00967108 -0.79329
    outer loop
      vertex -26.391 -27.0256 -0.921528
      vertex -26.7038 -27 -0.681799
      vertex -26.3925 -27 -0.920689
    endloop
  endfacet
  facet normal -0.572299 -0.474281 -0.668978
    outer loop
      vertex -26.3685 -28.2817 -0.584714
      vertex -26.5253 -28.5398 -0.267591
      vertex -26.5108 -28.2259 -0.502539
    endloop
  endfacet
  facet normal -0.461946 -0.382646 -0.800118
    outer loop
      vertex -26.0711 -28.3269 -0.756424
      vertex -23.5481 -27.9643 -2.38648
      vertex -23.473 -28.3269 -2.25643
    endloop
  endfacet
  facet normal -0.461944 -0.382652 -0.800116
    outer loop
      vertex -23.5481 -27.9643 -2.38648
      vertex -26.0711 -28.3269 -0.756424
      vertex -26.1462 -27.9643 -0.886477
    endloop
  endfacet
  facet normal -0.461256 -0.49966 -0.7332
    outer loop
      vertex -26.1614 -28.6525 -0.477727
      vertex -26.2211 -28.3155 -0.669828
      vertex -26.0711 -28.3269 -0.756424
    endloop
  endfacet
  facet normal -0.558186 -0.10918 -0.822501
    outer loop
      vertex -26.3075 -27.1699 -0.969741
      vertex -26.5055 -27.4643 -0.79629
      vertex -26.326 -27.1557 -0.959071
    endloop
  endfacet
  facet normal -0.570771 -0.0980283 -0.815236
    outer loop
      vertex -26.326 -27.1557 -0.959071
      vertex -26.5055 -27.4643 -0.79629
      vertex -26.3427 -27.1387 -0.949423
    endloop
  endfacet
  facet normal -0.630946 -0.194845 -0.750961
    outer loop
      vertex -26.6546 -27.765 -0.592957
      vertex -26.7367 -27.6819 -0.545539
      vertex -26.5553 -27.4138 -0.76751
    endloop
  endfacet
  facet normal -0.608564 -0.34388 -0.71512
    outer loop
      vertex -26.4657 -27.8909 -0.701962
      vertex -26.6456 -28.1491 -0.424707
      vertex -26.5637 -27.8351 -0.645397
    endloop
  endfacet
  facet normal -0.580326 -0.0870341 -0.80972
    outer loop
      vertex -26.3427 -27.1387 -0.949423
      vertex -26.5991 -27.3563 -0.742272
      vertex -26.3574 -27.1194 -0.940962
    endloop
  endfacet
  facet normal -0.590019 -0.0723874 -0.804138
    outer loop
      vertex -26.5991 -27.3563 -0.742272
      vertex -26.6359 -27.2926 -0.721005
      vertex -26.3697 -27.0981 -0.933832
    endloop
  endfacet
  facet normal 0.820062 -0.321453 -0.473462
    outer loop
      vertex 0.397093 -28.1456 1.15638
      vertex 1.9061 -27.7748 3.51831
      vertex 1.79709 -28.1456 3.58125
    endloop
  endfacet
  facet normal 0.820064 -0.321445 -0.473465
    outer loop
      vertex 1.9061 -27.7748 3.51831
      vertex 0.397093 -28.1456 1.15638
      vertex 0.506099 -27.7748 1.09344
    endloop
  endfacet
  facet normal -0.651817 0.170742 -0.738906
    outer loop
      vertex -26.5553 27.4138 -0.76751
      vertex -26.8087 27.587 -0.503954
      vertex -26.7367 27.6819 -0.545539
    endloop
  endfacet
  facet normal -0.651335 0.171741 -0.739099
    outer loop
      vertex -26.5991 27.3563 -0.742272
      vertex -26.8087 27.587 -0.503954
      vertex -26.5553 27.4138 -0.76751
    endloop
  endfacet
  facet normal -0.517478 0.49119 -0.700678
    outer loop
      vertex -26.1614 28.6525 -0.477727
      vertex -26.3685 28.2817 -0.584714
      vertex -26.3466 28.6099 -0.370813
    endloop
  endfacet
  facet normal -0.629659 0.546672 -0.551977
    outer loop
      vertex -26.5253 28.5398 -0.267591
      vertex -26.6947 28.4434 -0.169824
      vertex -26.5091 28.8275 -0.00113613
    endloop
  endfacet
  facet normal -0.684374 -0.114572 -0.720074
    outer loop
      vertex -26.8694 -27.4822 -0.468914
      vertex -26.9177 -27.369 -0.44102
      vertex -26.6359 -27.2926 -0.721005
    endloop
  endfacet
  facet normal -0.821717 -0.221678 -0.525015
    outer loop
      vertex -27.0662 -27.6634 -0.181874
      vertex -27.3065 -27.6378 0.183418
      vertex -27.1327 -27.5078 -0.143492
    endloop
  endfacet
  facet normal -0.703186 -0.0512039 -0.70916
    outer loop
      vertex -26.6865 -27.1515 -0.691771
      vertex -26.9741 -27.1259 -0.408442
      vertex -26.6995 -27.0764 -0.684303
    endloop
  endfacet
  facet normal -0.707133 -0.0166313 -0.706885
    outer loop
      vertex -26.6995 -27.0764 -0.684303
      vertex -26.9741 -27.1259 -0.408442
      vertex -26.7038 -27 -0.681799
    endloop
  endfacet
  facet normal -0.787442 -0.0747275 -0.611842
    outer loop
      vertex -26.9528 -27.2496 -0.420747
      vertex -27.181 -27.3434 -0.115597
      vertex -26.9741 -27.1259 -0.408442
    endloop
  endfacet
  facet normal -0.70318 -0.0505324 -0.709214
    outer loop
      vertex -26.9528 -27.2496 -0.420747
      vertex -26.9741 -27.1259 -0.408442
      vertex -26.6865 -27.1515 -0.691771
    endloop
  endfacet
  facet normal -0.964899 0.0462625 -0.258514
    outer loop
      vertex -27.5519 27.2582 0.60094
      vertex -27.6681 27 0.988449
      vertex -27.6514 27.2944 0.978801
    endloop
  endfacet
  facet normal -0.990093 0.0518878 -0.130473
    outer loop
      vertex -27.6681 27 0.988449
      vertex -27.7009 27.3256 1.36684
      vertex -27.6514 27.2944 0.978801
    endloop
  endfacet
  facet normal -0.954457 -0.137936 -0.264546
    outer loop
      vertex -27.6016 -27.5838 0.950022
      vertex -27.6514 -27.2944 0.978801
      vertex -27.5519 -27.2582 0.60094
    endloop
  endfacet
  facet normal -0.964899 -0.0462625 -0.258514
    outer loop
      vertex -27.6514 -27.2944 0.978801
      vertex -27.6681 -27 0.988449
      vertex -27.5519 -27.2582 0.60094
    endloop
  endfacet
  facet normal -0.499172 -0.866443 -0.0102287
    outer loop
      vertex -26.2925 -29.5482 1.80245
      vertex -26.438 -29.4602 1.44879
      vertex -26.1494 -29.6245 1.28216
    endloop
  endfacet
  facet normal -0.542129 -0.824452 0.162406
    outer loop
      vertex -26.4021 -29.375 2.31498
      vertex -26.5696 -29.3343 1.96246
      vertex -26.1201 -29.5925 2.15219
    endloop
  endfacet
  facet normal -0.398119 -0.91477 -0.0685364
    outer loop
      vertex -25.9935 -29.7184 1.62986
      vertex -26.1494 -29.6245 1.28216
      vertex -25.6779 -29.8421 1.44763
    endloop
  endfacet
  facet normal -0.778948 -0.550984 0.299428
    outer loop
      vertex -26.8806 -28.8224 2.59128
      vertex -27.0691 -28.4968 2.70005
      vertex -27.04 -28.7912 2.23402
    endloop
  endfacet
  facet normal -0.6511 -0.659362 0.375913
    outer loop
      vertex -26.8806 -28.8224 2.59128
      vertex -18.4608 -29.1168 16.6584
      vertex -18.6844 -28.8224 16.7875
    endloop
  endfacet
  facet normal -0.651198 -0.65923 0.375975
    outer loop
      vertex -18.4608 -29.1168 16.6584
      vertex -26.8806 -28.8224 2.59128
      vertex -26.6571 -29.1168 2.46219
    endloop
  endfacet
  facet normal -0.347178 -0.906394 -0.240662
    outer loop
      vertex -25.529 -29.8165 0.923994
      vertex -25.9923 -29.5989 0.772812
      vertex -25.6933 -29.6676 0.600218
    endloop
  endfacet
  facet normal -0.347132 -0.906379 -0.240783
    outer loop
      vertex -25.8447 -29.744 1.10622
      vertex -25.9923 -29.5989 0.772812
      vertex -25.529 -29.8165 0.923994
    endloop
  endfacet
  facet normal -0.349074 -0.792177 -0.500603
    outer loop
      vertex -25.8411 -29.4731 0.293099
      vertex -25.9697 -29.2362 0.00789146
      vertex -25.7148 -29.2555 -0.139311
    endloop
  endfacet
  facet normal -0.348822 -0.792296 -0.500589
    outer loop
      vertex -25.5591 -29.4944 0.130307
      vertex -25.8411 -29.4731 0.293099
      vertex -25.7148 -29.2555 -0.139311
    endloop
  endfacet
  facet normal -0.499333 -0.59793 -0.627013
    outer loop
      vertex -26.2969 -28.9106 -0.12364
      vertex -26.3466 -28.6099 -0.370813
      vertex -26.0771 -28.9611 -0.250524
    endloop
  endfacet
  facet normal -0.757513 -0.53215 -0.378141
    outer loop
      vertex -26.9039 -28.7894 0.547226
      vertex -27.0648 -28.3987 0.319725
      vertex -26.8964 -28.5693 0.222459
    endloop
  endfacet
  facet normal -0.550059 -0.670328 -0.498092
    outer loop
      vertex -26.2203 -29.1787 0.152575
      vertex -26.5091 -28.8275 -0.00113613
      vertex -26.2969 -28.9106 -0.12364
    endloop
  endfacet
  facet normal -0.430797 -0.608403 -0.666528
    outer loop
      vertex -26.0771 -28.9611 -0.250524
      vertex -26.1614 -28.6525 -0.477727
      vertex -25.8535 -28.978 -0.379617
    endloop
  endfacet
  facet normal -0.693815 -0.588604 -0.414929
    outer loop
      vertex -26.6915 -28.9533 0.424569
      vertex -26.9039 -28.7894 0.547226
      vertex -26.8964 -28.5693 0.222459
    endloop
  endfacet
  facet normal -0.744566 -0.458163 -0.485497
    outer loop
      vertex -26.8964 -28.5693 0.222459
      vertex -27.0648 -28.3987 0.319725
      vertex -26.8517 -28.3223 -0.0791874
    endloop
  endfacet
  facet normal -0.948836 -0.297241 0.106578
    outer loop
      vertex -27.5843 -27.7353 2.11059
      vertex -27.6399 -27.6964 1.72409
      vertex -27.4808 -28.0871 2.05087
    endloop
  endfacet
  facet normal -0.921287 -0.310736 0.233821
    outer loop
      vertex -27.4797 -27.7615 2.48791
      vertex -27.5843 -27.7353 2.11059
      vertex -27.4808 -28.0871 2.05087
    endloop
  endfacet
  facet normal -0.776779 -0.442134 0.448478
    outer loop
      vertex -18.8728 -28.4968 16.8963
      vertex -27.219 -28.1456 2.78665
      vertex -27.0691 -28.4968 2.70005
    endloop
  endfacet
  facet normal -0.776705 -0.442312 0.44843
    outer loop
      vertex -27.219 -28.1456 2.78665
      vertex -18.8728 -28.4968 16.8963
      vertex -19.0228 -28.1456 16.9829
    endloop
  endfacet
  facet normal -0.902987 -0.313158 -0.294189
    outer loop
      vertex -27.4064 -28.1278 0.837358
      vertex -27.4362 -27.757 0.534117
      vertex -27.3371 -27.989 0.476898
    endloop
  endfacet
  facet normal -0.862934 -0.393251 -0.317329
    outer loop
      vertex -27.2126 -28.2042 0.405024
      vertex -27.4064 -28.1278 0.837358
      vertex -27.3371 -27.989 0.476898
    endloop
  endfacet
  facet normal -0.685945 -0.660206 -0.305952
    outer loop
      vertex -26.8742 -28.9789 0.889556
      vertex -26.9039 -28.7894 0.547226
      vertex -26.6392 -29.1602 0.753908
    endloop
  endfacet
  facet normal -0.757301 -0.597023 -0.264687
    outer loop
      vertex -27.0866 -28.7638 1.01221
      vertex -27.096 -28.5949 0.658136
      vertex -26.9039 -28.7894 0.547226
    endloop
  endfacet
  facet normal -0.60811 -0.712101 -0.350875
    outer loop
      vertex -26.3858 -29.3045 0.607591
      vertex -26.6392 -29.1602 0.753908
      vertex -26.4623 -29.0838 0.292264
    endloop
  endfacet
  facet normal -0.666472 -0.720471 -0.191668
    outer loop
      vertex -26.8077 -29.1346 1.24359
      vertex -26.8742 -28.9789 0.889556
      vertex -26.6392 -29.1602 0.753908
    endloop
  endfacet
  facet normal -0.213081 0.523473 0.824968
    outer loop
      vertex -17.4513 28.7226 17.7735
      vertex -17.6062 28.5185 17.863
      vertex -17.3043 28.3812 18.0281
    endloop
  endfacet
  facet normal -0.315778 0.571718 0.757247
    outer loop
      vertex -17.4678 28.7515 17.7448
      vertex -17.6062 28.5185 17.863
      vertex -17.4513 28.7226 17.7735
    endloop
  endfacet
  facet normal -0.314577 0.571385 0.757998
    outer loop
      vertex -17.6062 28.5185 17.863
      vertex -17.4678 28.7515 17.7448
      vertex -17.911 28.6379 17.6465
    endloop
  endfacet
  facet normal -0.0773257 0.266837 0.960635
    outer loop
      vertex -17.1483 27.7624 18.2983
      vertex -17.1806 27.757 18.2972
      vertex -17.1454 27.7456 18.3032
    endloop
  endfacet
  facet normal -0.102152 0.197703 0.974925
    outer loop
      vertex -17.1454 27.7456 18.3032
      vertex -17.1806 27.757 18.2972
      vertex -17.1418 27.7159 18.3096
    endloop
  endfacet
  facet normal -0.382274 0.0517556 0.922599
    outer loop
      vertex -18.0341 27.3256 18.1101
      vertex -18.0526 27 18.1207
      vertex -17.6901 27 18.2709
    endloop
  endfacet
  facet normal -0.499299 0.0565161 0.864585
    outer loop
      vertex -18.0341 27.3256 18.1101
      vertex -18.3725 27.3512 17.913
      vertex -18.0526 27 18.1207
    endloop
  endfacet
  facet normal -0.97835 -0.155141 -0.136973
    outer loop
      vertex -27.6457 -27.6456 1.33501
      vertex -27.7009 -27.3256 1.36684
      vertex -27.6016 -27.5838 0.950022
    endloop
  endfacet
  facet normal -0.908808 -0.408694 0.0838921
    outer loop
      vertex -27.4808 -28.0871 2.05087
      vertex -27.542 -28.0297 1.66752
      vertex -27.3385 -28.4204 1.96869
    endloop
  endfacet
  facet normal -0.873444 -0.481531 -0.0722731
    outer loop
      vertex -27.4072 -28.3453 1.58969
      vertex -27.4299 -28.2472 1.21042
      vertex -27.2378 -28.6379 1.49193
    endloop
  endfacet
  facet normal -0.856343 -0.513635 0.0534479
    outer loop
      vertex -27.3385 -28.4204 1.96869
      vertex -27.4072 -28.3453 1.58969
      vertex -27.2378 -28.6379 1.49193
    endloop
  endfacet
  facet normal 0.168967 -0.980782 -0.0975534
    outer loop
      vertex -1.65969 -29.968 2.34386
      vertex 0.0729163 -29.8916 4.5767
      vertex -0.259685 -29.968 4.76873
    endloop
  endfacet
  facet normal 0.168967 -0.980782 -0.0975538
    outer loop
      vertex 0.0729163 -29.8916 4.5767
      vertex -1.65969 -29.968 2.34386
      vertex -1.32709 -29.8916 2.15183
    endloop
  endfacet
  facet normal -0.504401 -0.130613 -0.853533
    outer loop
      vertex -26.1969 -27.5853 -0.974435
      vertex -26.2447 -27.1945 -1.00599
      vertex -26.2226 -27.1962 -1.01879
    endloop
  endfacet
  facet normal -0.517817 -0.128228 -0.845827
    outer loop
      vertex -26.2631 -27.5803 -0.936238
      vertex -26.2665 -27.1895 -0.993402
      vertex -26.2447 -27.1945 -1.00599
    endloop
  endfacet
  facet normal -0.527045 0.254258 -0.810911
    outer loop
      vertex -26.2631 27.5803 -0.936238
      vertex -26.3281 27.5653 -0.898695
      vertex -26.2552 27.9561 -0.823542
    endloop
  endfacet
  facet normal -0.497334 0.258778 -0.828066
    outer loop
      vertex -26.1969 27.5853 -0.974435
      vertex -26.2631 27.5803 -0.936238
      vertex -26.2552 27.9561 -0.823542
    endloop
  endfacet
  facet normal -0.582176 0.232741 -0.779039
    outer loop
      vertex -26.4504 27.5069 -0.828117
      vertex -26.5637 27.8351 -0.645397
      vertex -26.4657 27.8909 -0.701962
    endloop
  endfacet
  facet normal -0.607481 0.215876 -0.764438
    outer loop
      vertex -26.4504 27.5069 -0.828117
      vertex -26.6546 27.765 -0.592957
      vertex -26.5637 27.8351 -0.645397
    endloop
  endfacet
  facet normal -0.580326 0.0870341 -0.80972
    outer loop
      vertex -26.3574 27.1194 -0.940962
      vertex -26.5991 27.3563 -0.742272
      vertex -26.3427 27.1387 -0.949423
    endloop
  endfacet
  facet normal -0.896184 0.195982 -0.398051
    outer loop
      vertex -27.3672 27.4314 0.218458
      vertex -27.4362 27.757 0.534117
      vertex -27.3065 27.6378 0.183418
    endloop
  endfacet
  facet normal -0.843428 0.16103 -0.512541
    outer loop
      vertex -27.181 27.3434 -0.115597
      vertex -27.3672 27.4314 0.218458
      vertex -27.3065 27.6378 0.183418
    endloop
  endfacet
  facet normal -0.568615 0.362908 -0.738224
    outer loop
      vertex -26.4657 27.8909 -0.701962
      vertex -26.5108 28.2259 -0.502539
      vertex -26.3685 28.2817 -0.584714
    endloop
  endfacet
  facet normal -0.689585 0.506884 -0.517244
    outer loop
      vertex -26.8517 28.3223 -0.0791874
      vertex -26.8964 28.5693 0.222459
      vertex -26.6947 28.4434 -0.169824
    endloop
  endfacet
  facet normal -0.526512 0.376062 -0.762471
    outer loop
      vertex -26.2552 27.9561 -0.823542
      vertex -26.3685 28.2817 -0.584714
      vertex -26.2211 28.3155 -0.669828
    endloop
  endfacet
  facet normal -0.526689 0.375951 -0.762404
    outer loop
      vertex -26.3623 27.9315 -0.761685
      vertex -26.3685 28.2817 -0.584714
      vertex -26.2552 27.9561 -0.823542
    endloop
  endfacet
  facet normal 0.48106 0.83153 -0.277739
    outer loop
      vertex 0.980146 29.375 4.05291
      vertex -0.70182 29.5925 1.79083
      vertex 0.698181 29.5925 4.21571
    endloop
  endfacet
  facet normal 0.481064 0.831526 -0.277743
    outer loop
      vertex -0.70182 29.5925 1.79083
      vertex 0.980146 29.375 4.05291
      vertex -0.419855 29.375 1.62804
    endloop
  endfacet
  facet normal -0.558186 0.10918 -0.822501
    outer loop
      vertex -26.326 27.1557 -0.959071
      vertex -26.5055 27.4643 -0.79629
      vertex -26.3075 27.1699 -0.969741
    endloop
  endfacet
  facet normal -0.568615 -0.362908 -0.738224
    outer loop
      vertex -26.3685 -28.2817 -0.584714
      vertex -26.5108 -28.2259 -0.502539
      vertex -26.4657 -27.8909 -0.701962
    endloop
  endfacet
  facet normal -0.568804 -0.362911 -0.738077
    outer loop
      vertex -26.3685 -28.2817 -0.584714
      vertex -26.4657 -27.8909 -0.701962
      vertex -26.3623 -27.9315 -0.761685
    endloop
  endfacet
  facet normal -0.497334 -0.258778 -0.828066
    outer loop
      vertex -26.2552 -27.9561 -0.823542
      vertex -26.2631 -27.5803 -0.936238
      vertex -26.1969 -27.5853 -0.974435
    endloop
  endfacet
  facet normal -0.497522 -0.258711 -0.827974
    outer loop
      vertex -26.1462 -27.9643 -0.886477
      vertex -26.2552 -27.9561 -0.823542
      vertex -26.1969 -27.5853 -0.974435
    endloop
  endfacet
  facet normal -0.607926 -0.215339 -0.764235
    outer loop
      vertex -26.4504 -27.5069 -0.828117
      vertex -26.6546 -27.765 -0.592957
      vertex -26.5055 -27.4643 -0.79629
    endloop
  endfacet
  facet normal -0.54658 -0.116995 -0.829194
    outer loop
      vertex -26.2876 -27.1813 -0.98125
      vertex -26.3909 -27.5407 -0.862448
      vertex -26.3075 -27.1699 -0.969741
    endloop
  endfacet
  facet normal -0.606839 0.0246397 -0.794443
    outer loop
      vertex -26.391 27.0256 -0.921528
      vertex -26.6995 27.0764 -0.684303
      vertex -26.3867 27.0508 -0.924031
    endloop
  endfacet
  facet normal -0.66956 -0.14419 -0.728628
    outer loop
      vertex -26.8087 -27.587 -0.503954
      vertex -26.8694 -27.4822 -0.468914
      vertex -26.6359 -27.2926 -0.721005
    endloop
  endfacet
  facet normal -0.669894 -0.143821 -0.728393
    outer loop
      vertex -26.5991 -27.3563 -0.742272
      vertex -26.8087 -27.587 -0.503954
      vertex -26.6359 -27.2926 -0.721005
    endloop
  endfacet
  facet normal -0.680815 -0.288181 -0.673381
    outer loop
      vertex -26.7706 -28.0527 -0.352552
      vertex -26.8836 -27.9382 -0.287306
      vertex -26.6546 -27.765 -0.592957
    endloop
  endfacet
  facet normal -0.711624 -0.252637 -0.655565
    outer loop
      vertex -26.7367 -27.6819 -0.545539
      vertex -26.8836 -27.9382 -0.287306
      vertex -26.8087 -27.587 -0.503954
    endloop
  endfacet
  facet normal -0.651335 -0.171741 -0.739099
    outer loop
      vertex -26.5553 -27.4138 -0.76751
      vertex -26.8087 -27.587 -0.503954
      vertex -26.5991 -27.3563 -0.742272
    endloop
  endfacet
  facet normal -0.580468 -0.0867949 -0.809644
    outer loop
      vertex -26.5553 -27.4138 -0.76751
      vertex -26.5991 -27.3563 -0.742272
      vertex -26.3427 -27.1387 -0.949423
    endloop
  endfacet
  facet normal -0.590419 0.0718497 -0.803893
    outer loop
      vertex -26.3697 27.0981 -0.933832
      vertex -26.5991 27.3563 -0.742272
      vertex -26.3574 27.1194 -0.940962
    endloop
  endfacet
  facet normal 0.776724 -0.442266 -0.448443
    outer loop
      vertex 0.247105 -28.4968 1.24297
      vertex 1.79709 -28.1456 3.58125
      vertex 1.64711 -28.4968 3.66784
    endloop
  endfacet
  facet normal 0.776719 -0.44228 -0.448438
    outer loop
      vertex 1.79709 -28.1456 3.58125
      vertex 0.247105 -28.4968 1.24297
      vertex 0.397093 -28.1456 1.15638
    endloop
  endfacet
  facet normal 0.849389 -0.195063 -0.490396
    outer loop
      vertex 0.506099 -27.7748 1.09344
      vertex 1.97226 -27.3907 3.48012
      vertex 1.9061 -27.7748 3.51831
    endloop
  endfacet
  facet normal 0.849389 -0.195071 -0.490394
    outer loop
      vertex 1.97226 -27.3907 3.48012
      vertex 0.506099 -27.7748 1.09344
      vertex 0.572257 -27.3907 1.05524
    endloop
  endfacet
  facet normal 0.571027 -0.751823 -0.329683
    outer loop
      vertex -0.419855 -29.375 1.62804
      vertex 1.23511 -29.1168 3.90571
      vertex 0.980146 -29.375 4.05291
    endloop
  endfacet
  facet normal 0.571029 -0.751821 -0.329684
    outer loop
      vertex 1.23511 -29.1168 3.90571
      vertex -0.419855 -29.375 1.62804
      vertex -0.164893 -29.1168 1.48084
    endloop
  endfacet
  facet normal -0.703186 0.0512039 -0.70916
    outer loop
      vertex -26.6995 27.0764 -0.684303
      vertex -26.9741 27.1259 -0.408442
      vertex -26.6865 27.1515 -0.691771
    endloop
  endfacet
  facet normal -0.707133 0.0166313 -0.706885
    outer loop
      vertex -26.7038 27 -0.681799
      vertex -26.9741 27.1259 -0.408442
      vertex -26.6995 27.0764 -0.684303
    endloop
  endfacet
  facet normal -0.684374 0.114572 -0.720074
    outer loop
      vertex -26.6359 27.2926 -0.721005
      vertex -26.9177 27.369 -0.44102
      vertex -26.8694 27.4822 -0.468914
    endloop
  endfacet
  facet normal -0.759691 0.16944 -0.627821
    outer loop
      vertex -26.9177 27.369 -0.44102
      vertex -27.0662 27.6634 -0.181874
      vertex -26.8694 27.4822 -0.468914
    endloop
  endfacet
  facet normal -0.711624 0.252637 -0.655565
    outer loop
      vertex -26.8087 27.587 -0.503954
      vertex -26.8836 27.9382 -0.287306
      vertex -26.7367 27.6819 -0.545539
    endloop
  endfacet
  facet normal -0.680746 0.288304 -0.673399
    outer loop
      vertex -26.7367 27.6819 -0.545539
      vertex -26.8836 27.9382 -0.287306
      vertex -26.6546 27.765 -0.592957
    endloop
  endfacet
  facet normal -0.711448 0.252763 -0.655708
    outer loop
      vertex -26.8087 27.587 -0.503954
      vertex -26.9827 27.8077 -0.230087
      vertex -26.8836 27.9382 -0.287306
    endloop
  endfacet
  facet normal -0.73777 0.213158 -0.640515
    outer loop
      vertex -26.8694 27.4822 -0.468914
      vertex -26.9827 27.8077 -0.230087
      vertex -26.8087 27.587 -0.503954
    endloop
  endfacet
  facet normal -0.581518 -0.777102 -0.240728
    outer loop
      vertex -26.2809 -29.4858 0.939448
      vertex -26.5543 -29.3301 1.09727
      vertex -26.3858 -29.3045 0.607591
    endloop
  endfacet
  facet normal -0.635674 -0.768403 -0.0739928
    outer loop
      vertex -26.7056 -29.2537 1.60328
      vertex -26.8077 -29.1346 1.24359
      vertex -26.438 -29.4602 1.44879
    endloop
  endfacet
  facet normal -0.341114 -0.938869 0.0465473
    outer loop
      vertex -25.816 -29.7657 1.97659
      vertex -25.9935 -29.7184 1.62986
      vertex -25.6779 -29.8421 1.44763
    endloop
  endfacet
  facet normal -0.341252 -0.938821 0.0465044
    outer loop
      vertex -25.4949 -29.8916 1.7912
      vertex -25.816 -29.7657 1.97659
      vertex -25.6779 -29.8421 1.44763
    endloop
  endfacet
  facet normal -0.824812 -0.536694 0.177892
    outer loop
      vertex -27.04 -28.7912 2.23402
      vertex -27.3385 -28.4204 1.96869
      vertex -27.1597 -28.7294 1.86547
    endloop
  endfacet
  facet normal -0.710729 -0.653719 0.259837
    outer loop
      vertex -26.6571 -29.1168 2.46219
      vertex -27.04 -28.7912 2.23402
      vertex -26.8202 -29.0806 2.10714
    endloop
  endfacet
  facet normal -0.472643 -0.694316 -0.54271
    outer loop
      vertex -25.9697 -29.2362 0.00789146
      vertex -26.2203 -29.1787 0.152575
      vertex -26.0771 -28.9611 -0.250524
    endloop
  endfacet
  facet normal -0.393336 -0.706367 -0.588499
    outer loop
      vertex -25.9697 -29.2362 0.00789146
      vertex -26.0771 -28.9611 -0.250524
      vertex -25.7148 -29.2555 -0.139311
    endloop
  endfacet
  facet normal -0.63008 -0.546667 -0.551502
    outer loop
      vertex -26.5091 -28.8275 -0.00113613
      vertex -26.71 -28.713 0.114892
      vertex -26.6947 -28.4434 -0.169824
    endloop
  endfacet
  facet normal -0.689585 -0.506884 -0.517244
    outer loop
      vertex -26.6947 -28.4434 -0.169824
      vertex -26.8964 -28.5693 0.222459
      vertex -26.8517 -28.3223 -0.0791874
    endloop
  endfacet
  facet normal -0.565891 -0.577347 -0.58859
    outer loop
      vertex -26.2969 -28.9106 -0.12364
      vertex -26.5091 -28.8275 -0.00113613
      vertex -26.3466 -28.6099 -0.370813
    endloop
  endfacet
  facet normal -0.499442 -0.597971 -0.626888
    outer loop
      vertex -26.0771 -28.9611 -0.250524
      vertex -26.3466 -28.6099 -0.370813
      vertex -26.1614 -28.6525 -0.477727
    endloop
  endfacet
  facet normal -0.955138 -0.25515 -0.150368
    outer loop
      vertex -27.5549 -27.9546 1.28257
      vertex -27.6457 -27.6456 1.33501
      vertex -27.6016 -27.5838 0.950022
    endloop
  endfacet
  facet normal -0.954993 -0.255468 -0.150744
    outer loop
      vertex -27.5549 -27.9546 1.28257
      vertex -27.6016 -27.5838 0.950022
      vertex -27.5194 -27.8631 0.902603
    endloop
  endfacet
  facet normal -0.531062 0.124416 -0.838149
    outer loop
      vertex -26.2876 27.1813 -0.98125
      vertex -26.3909 27.5407 -0.862448
      vertex -26.2665 27.1895 -0.993402
    endloop
  endfacet
  facet normal -0.383083 0.896844 0.221173
    outer loop
      vertex -18.2179 29.7657 15.1369
      vertex -26.1201 29.5925 2.15219
      vertex -18.522 29.5925 15.3125
    endloop
  endfacet
  facet normal -0.383083 0.896844 0.221173
    outer loop
      vertex -26.1201 29.5925 2.15219
      vertex -18.2179 29.7657 15.1369
      vertex -25.816 29.7657 1.97659
    endloop
  endfacet
  facet normal -0.821764 0.221382 -0.525066
    outer loop
      vertex -27.0662 27.6634 -0.181874
      vertex -27.3065 27.6378 0.183418
      vertex -27.223 27.8334 0.135205
    endloop
  endfacet
  facet normal -0.821717 0.221678 -0.525015
    outer loop
      vertex -27.1327 27.5078 -0.143492
      vertex -27.3065 27.6378 0.183418
      vertex -27.0662 27.6634 -0.181874
    endloop
  endfacet
  facet normal -0.744617 0.458071 -0.485506
    outer loop
      vertex -26.9936 28.1785 0.00276948
      vertex -27.0648 28.3987 0.319725
      vertex -26.8517 28.3223 -0.0791874
    endloop
  endfacet
  facet normal -0.673669 0.416419 -0.610545
    outer loop
      vertex -26.7706 28.0527 -0.352552
      vertex -26.8517 28.3223 -0.0791874
      vertex -26.6947 28.4434 -0.169824
    endloop
  endfacet
  facet normal -0.608707 0.343728 -0.715071
    outer loop
      vertex -26.4657 27.8909 -0.701962
      vertex -26.6456 28.1491 -0.424707
      vertex -26.5108 28.2259 -0.502539
    endloop
  endfacet
  facet normal -0.608564 0.34388 -0.71512
    outer loop
      vertex -26.5637 27.8351 -0.645397
      vertex -26.6456 28.1491 -0.424707
      vertex -26.4657 27.8909 -0.701962
    endloop
  endfacet
  facet normal -0.566302 -0.57698 -0.588554
    outer loop
      vertex -26.5091 -28.8275 -0.00113613
      vertex -26.5253 -28.5398 -0.267591
      vertex -26.3466 -28.6099 -0.370813
    endloop
  endfacet
  facet normal -0.572414 -0.474178 -0.668952
    outer loop
      vertex -26.3466 -28.6099 -0.370813
      vertex -26.5253 -28.5398 -0.267591
      vertex -26.3685 -28.2817 -0.584714
    endloop
  endfacet
  facet normal -0.526512 -0.376062 -0.762471
    outer loop
      vertex -26.2211 -28.3155 -0.669828
      vertex -26.3685 -28.2817 -0.584714
      vertex -26.2552 -27.9561 -0.823542
    endloop
  endfacet
  facet normal -0.483394 -0.382615 -0.78736
    outer loop
      vertex -26.2211 -28.3155 -0.669828
      vertex -26.2552 -27.9561 -0.823542
      vertex -26.1462 -27.9643 -0.886477
    endloop
  endfacet
  facet normal -0.554964 -0.245682 -0.794768
    outer loop
      vertex -26.3281 -27.5653 -0.898695
      vertex -26.4657 -27.8909 -0.701962
      vertex -26.3909 -27.5407 -0.862448
    endloop
  endfacet
  facet normal -0.526689 -0.375951 -0.762404
    outer loop
      vertex -26.2552 -27.9561 -0.823542
      vertex -26.3685 -28.2817 -0.584714
      vertex -26.3623 -27.9315 -0.761685
    endloop
  endfacet
  facet normal -0.518045 -0.12821 -0.84569
    outer loop
      vertex -26.2631 -27.5803 -0.936238
      vertex -26.3281 -27.5653 -0.898695
      vertex -26.2665 -27.1895 -0.993402
    endloop
  endfacet
  facet normal -0.527045 -0.254258 -0.810911
    outer loop
      vertex -26.2552 -27.9561 -0.823542
      vertex -26.3281 -27.5653 -0.898695
      vertex -26.2631 -27.5803 -0.936238
    endloop
  endfacet
  facet normal -0.776201 -0.123192 -0.618333
    outer loop
      vertex -26.9177 -27.369 -0.44102
      vertex -27.181 -27.3434 -0.115597
      vertex -26.9528 -27.2496 -0.420747
    endloop
  endfacet
  facet normal -0.695574 -0.0833142 -0.713607
    outer loop
      vertex -26.9177 -27.369 -0.44102
      vertex -26.9528 -27.2496 -0.420747
      vertex -26.6865 -27.1515 -0.691771
    endloop
  endfacet
  facet normal -0.651817 -0.170742 -0.738906
    outer loop
      vertex -26.7367 -27.6819 -0.545539
      vertex -26.8087 -27.587 -0.503954
      vertex -26.5553 -27.4138 -0.76751
    endloop
  endfacet
  facet normal -0.680746 -0.288304 -0.673399
    outer loop
      vertex -26.6546 -27.765 -0.592957
      vertex -26.8836 -27.9382 -0.287306
      vertex -26.7367 -27.6819 -0.545539
    endloop
  endfacet
  facet normal -0.646042 -0.318977 -0.693457
    outer loop
      vertex -26.5637 -27.8351 -0.645397
      vertex -26.7706 -28.0527 -0.352552
      vertex -26.6546 -27.765 -0.592957
    endloop
  endfacet
  facet normal -0.758891 -0.330182 -0.561305
    outer loop
      vertex -26.8836 -27.9382 -0.287306
      vertex -26.9936 -28.1785 0.00276948
      vertex -26.9827 -27.8077 -0.230087
    endloop
  endfacet
  facet normal -0.607481 -0.215876 -0.764438
    outer loop
      vertex -26.5637 -27.8351 -0.645397
      vertex -26.6546 -27.765 -0.592957
      vertex -26.4504 -27.5069 -0.828117
    endloop
  endfacet
  facet normal -0.582176 -0.232741 -0.779039
    outer loop
      vertex -26.4657 -27.8909 -0.701962
      vertex -26.5637 -27.8351 -0.645397
      vertex -26.4504 -27.5069 -0.828117
    endloop
  endfacet
  facet normal -0.695574 0.0833142 -0.713607
    outer loop
      vertex -26.6865 27.1515 -0.691771
      vertex -26.9528 27.2496 -0.420747
      vertex -26.9177 27.369 -0.44102
    endloop
  endfacet
  facet normal -0.70318 0.0505324 -0.709214
    outer loop
      vertex -26.6865 27.1515 -0.691771
      vertex -26.9741 27.1259 -0.408442
      vertex -26.9528 27.2496 -0.420747
    endloop
  endfacet
  facet normal -0.666505 -0.720437 -0.191681
    outer loop
      vertex -26.5543 -29.3301 1.09727
      vertex -26.8077 -29.1346 1.24359
      vertex -26.6392 -29.1602 0.753908
    endloop
  endfacet
  facet normal -0.581523 -0.777097 -0.24073
    outer loop
      vertex -26.5543 -29.3301 1.09727
      vertex -26.6392 -29.1602 0.753908
      vertex -26.3858 -29.3045 0.607591
    endloop
  endfacet
  facet normal -0.758175 -0.636968 0.139436
    outer loop
      vertex -27.04 -28.7912 2.23402
      vertex -27.1597 -28.7294 1.86547
      vertex -26.8202 -29.0806 2.10714
    endloop
  endfacet
  facet normal -0.680899 -0.726238 0.0946312
    outer loop
      vertex -26.8202 -29.0806 2.10714
      vertex -26.9475 -29.0087 1.74297
      vertex -26.7056 -29.2537 1.60328
    endloop
  endfacet
  facet normal -0.693507 -0.588665 -0.415356
    outer loop
      vertex -26.6915 -28.9533 0.424569
      vertex -26.8964 -28.5693 0.222459
      vertex -26.71 -28.713 0.114892
    endloop
  endfacet
  facet normal -0.689426 -0.50711 -0.517235
    outer loop
      vertex -26.71 -28.713 0.114892
      vertex -26.8964 -28.5693 0.222459
      vertex -26.6947 -28.4434 -0.169824
    endloop
  endfacet
  facet normal -0.922603 -0.383251 -0.0438513
    outer loop
      vertex -27.542 -28.0297 1.66752
      vertex -27.5549 -27.9546 1.28257
      vertex -27.4072 -28.3453 1.58969
    endloop
  endfacet
  facet normal -0.908773 -0.408805 0.0837242
    outer loop
      vertex -27.3385 -28.4204 1.96869
      vertex -27.542 -28.0297 1.66752
      vertex -27.4072 -28.3453 1.58969
    endloop
  endfacet
  facet normal -0.758819 0.330229 -0.561376
    outer loop
      vertex -26.9827 27.8077 -0.230087
      vertex -27.1181 28.0146 0.0746436
      vertex -26.9936 28.1785 0.00276948
    endloop
  endfacet
  facet normal -0.79322 0.401943 -0.457431
    outer loop
      vertex -26.9936 28.1785 0.00276948
      vertex -27.1181 28.0146 0.0746436
      vertex -27.0648 28.3987 0.319725
    endloop
  endfacet
  facet normal -0.673614 0.416433 -0.610596
    outer loop
      vertex -26.6456 28.1491 -0.424707
      vertex -26.7706 28.0527 -0.352552
      vertex -26.6947 28.4434 -0.169824
    endloop
  endfacet
  facet normal -0.646152 0.318828 -0.693424
    outer loop
      vertex -26.5637 27.8351 -0.645397
      vertex -26.7706 28.0527 -0.352552
      vertex -26.6456 28.1491 -0.424707
    endloop
  endfacet
  facet normal -0.624711 0.449205 -0.63871
    outer loop
      vertex -26.5108 28.2259 -0.502539
      vertex -26.6456 28.1491 -0.424707
      vertex -26.5253 28.5398 -0.267591
    endloop
  endfacet
  facet normal -0.572299 0.474281 -0.668978
    outer loop
      vertex -26.5108 28.2259 -0.502539
      vertex -26.5253 28.5398 -0.267591
      vertex -26.3685 28.2817 -0.584714
    endloop
  endfacet
  facet normal -0.684369 -0.114594 -0.720075
    outer loop
      vertex -26.6359 -27.2926 -0.721005
      vertex -26.9177 -27.369 -0.44102
      vertex -26.6652 -27.224 -0.704075
    endloop
  endfacet
  facet normal -0.695602 -0.0832603 -0.713586
    outer loop
      vertex -26.6652 -27.224 -0.704075
      vertex -26.9177 -27.369 -0.44102
      vertex -26.6865 -27.1515 -0.691771
    endloop
  endfacet
  facet normal -0.673614 -0.416433 -0.610596
    outer loop
      vertex -26.6947 -28.4434 -0.169824
      vertex -26.7706 -28.0527 -0.352552
      vertex -26.6456 -28.1491 -0.424707
    endloop
  endfacet
  facet normal -0.673669 -0.416419 -0.610545
    outer loop
      vertex -26.6947 -28.4434 -0.169824
      vertex -26.8517 -28.3223 -0.0791874
      vertex -26.7706 -28.0527 -0.352552
    endloop
  endfacet
  facet normal -0.558819 -0.10855 -0.822154
    outer loop
      vertex -26.4504 -27.5069 -0.828117
      vertex -26.5055 -27.4643 -0.79629
      vertex -26.3075 -27.1699 -0.969741
    endloop
  endfacet
  facet normal -0.545512 -0.117422 -0.829837
    outer loop
      vertex -26.3909 -27.5407 -0.862448
      vertex -26.4504 -27.5069 -0.828117
      vertex -26.3075 -27.1699 -0.969741
    endloop
  endfacet
  facet normal -0.686032 -0.660185 -0.305803
    outer loop
      vertex -26.6392 -29.1602 0.753908
      vertex -26.9039 -28.7894 0.547226
      vertex -26.6915 -28.9533 0.424569
    endloop
  endfacet
  facet normal -0.608027 -0.712182 -0.350856
    outer loop
      vertex -26.6392 -29.1602 0.753908
      vertex -26.6915 -28.9533 0.424569
      vertex -26.4623 -29.0838 0.292264
    endloop
  endfacet
  facet normal -0.79257 -0.609548 0.0168435
    outer loop
      vertex -26.9475 -29.0087 1.74297
      vertex -27.1597 -28.7294 1.86547
      vertex -27.0369 -28.9026 1.3759
    endloop
  endfacet
  facet normal -0.718677 -0.694865 -0.0258139
    outer loop
      vertex -26.9475 -29.0087 1.74297
      vertex -27.0369 -28.9026 1.3759
      vertex -26.7056 -29.2537 1.60328
    endloop
  endfacet
  facet normal -0.0566145 0.997861 0.0326863
    outer loop
      vertex -17.2258 29.9936 14.5641
      vertex -25.1623 29.968 1.59917
      vertex -17.5642 29.968 14.7595
    endloop
  endfacet
  facet normal -0.0566166 0.997861 0.0326876
    outer loop
      vertex -25.1623 29.968 1.59917
      vertex -17.2258 29.9936 14.5641
      vertex -24.8239 29.9936 1.4038
    endloop
  endfacet
  facet normal -0.545011 -0.82884 -0.126443
    outer loop
      vertex -26.438 -29.4602 1.44879
      vertex -26.5543 -29.3301 1.09727
      vertex -26.2809 -29.4858 0.939448
    endloop
  endfacet
  facet normal -0.635634 -0.768426 -0.0741009
    outer loop
      vertex -26.438 -29.4602 1.44879
      vertex -26.8077 -29.1346 1.24359
      vertex -26.5543 -29.3301 1.09727
    endloop
  endfacet
  facet normal 0.49893 -0.0654027 0.864171
    outer loop
      vertex 9.32384 0 -34.2506
      vertex 9.27679 -1.43579 -34.3321
      vertex 20.5351 -1.43579 -40.8321
    endloop
  endfacet
  facet normal -0.866002 -5.49517e-06 0.50004
    outer loop
      vertex 9.32384 0 -34.2506
      vertex 9.13643 -2.84701 -34.5752
      vertex 9.27679 -1.43579 -34.3321
    endloop
  endfacet
  facet normal -0.866044 -9.34702e-05 0.499967
    outer loop
      vertex 3.10595 -10.9059 -45.0203
      vertex 0.475652 -8.72689 -49.5761
      vertex 1.71908 -10.1627 -47.4225
    endloop
  endfacet
  facet normal 0.498928 -0.06542 0.864171
    outer loop
      vertex 20.5822 0 -40.7506
      vertex 9.32384 0 -34.2506
      vertex 20.5351 -1.43579 -40.8321
    endloop
  endfacet
  facet normal -0.866016 -0.000183866 0.500017
    outer loop
      vertex 5.24734 -10.6252 -41.3113
      vertex 3.82384 -11 -43.7769
      vertex 4.54173 -10.9059 -42.5335
    endloop
  endfacet
  facet normal 0.490395 -0.195071 0.849388
    outer loop
      vertex 9.27679 -1.43579 -34.3321
      vertex 20.3948 -2.84701 -41.0752
      vertex 20.5351 -1.43579 -40.8321
    endloop
  endfacet
  facet normal 0.490391 -0.195091 0.849386
    outer loop
      vertex 20.3948 -2.84701 -41.0752
      vertex 9.27679 -1.43579 -34.3321
      vertex 9.13643 -2.84701 -34.5752
    endloop
  endfacet
  facet normal -0.0326998 -0.997859 -0.0566378
    outer loop
      vertex 15.0822 -11 -50.2769
      vertex 3.10595 -10.9059 -45.0203
      vertex 14.3643 -10.9059 -51.5203
    endloop
  endfacet
  facet normal 0.866016 0 -0.500016
    outer loop
      vertex 9.76958 2.84701 -59.4786
      vertex 9.62922 -1.43579 -59.7217
      vertex 9.62922 1.43579 -59.7217
    endloop
  endfacet
  facet normal 0.866016 0 -0.500016
    outer loop
      vertex 9.62922 -1.43579 -59.7217
      vertex 9.76958 2.84701 -59.4786
      vertex 9.76958 -2.84701 -59.4786
    endloop
  endfacet
  facet normal 0.865965 -0.000173967 -0.500105
    outer loop
      vertex 18.4304 8.72689 -44.4777
      vertex 17.1869 10.1627 -46.6314
      vertex 17.8322 9.52628 -45.5138
    endloop
  endfacet
  facet normal 0.866107 -0.000101761 -0.499859
    outer loop
      vertex 19.4456 -6.69637 -42.7192
      vertex 18.9713 -7.77817 -43.5408
      vertex 20.1635 -4.20952 -41.4758
    endloop
  endfacet
  facet normal 0.866022 -2.54152e-06 -0.500005
    outer loop
      vertex 11.1931 -7.77817 -57.013
      vertex 9.76958 -2.84701 -59.4786
      vertex 13.6587 -10.6252 -52.7425
    endloop
  endfacet
  facet normal -0.866015 -1.50046e-05 0.500018
    outer loop
      vertex -1.2575 4.20952 -52.578
      vertex -1.62911 1.43579 -53.2217
      vertex 0.475652 8.72689 -49.5761
    endloop
  endfacet
  facet normal 0.49893 0.0654027 0.864171
    outer loop
      vertex 20.5351 1.43579 -40.8321
      vertex 9.27679 1.43579 -34.3321
      vertex 9.32384 0 -34.2506
    endloop
  endfacet
  facet normal 0.866067 5.62012e-05 -0.499928
    outer loop
      vertex 10.319 -5.5 -58.5269
      vertex 10.0008 -4.20952 -59.078
      vertex 10.7187 -6.69637 -57.8346
    endloop
  endfacet
  facet normal -0.866053 -4.22074e-05 0.499952
    outer loop
      vertex 8.58698 5.5 -35.5269
      vertex 7.71293 7.77817 -37.0408
      vertex 8.90518 4.20952 -34.9758
    endloop
  endfacet
  facet normal -0.329669 0.751846 -0.571004
    outer loop
      vertex 11.1931 7.77817 -57.013
      vertex -0.0652466 7.77817 -50.513
      vertex 0.475652 8.72689 -49.5761
    endloop
  endfacet
  facet normal 0.866067 -5.62012e-05 -0.499928
    outer loop
      vertex 19.8453 -5.5 -42.0269
      vertex 19.4456 -6.69637 -42.7192
      vertex 20.1635 -4.20952 -41.4758
    endloop
  endfacet
  facet normal 0.865877 9.19106e-05 -0.500256
    outer loop
      vertex 20.3948 -2.84701 -41.0752
      vertex 20.1635 -4.20952 -41.4758
      vertex 20.5351 -1.43579 -40.8321
    endloop
  endfacet
  facet normal -0.448441 -0.442273 -0.776721
    outer loop
      vertex -0.939299 -5.5 -52.0269
      vertex -1.2575 -4.20952 -52.578
      vertex 10.319 -5.5 -58.5269
    endloop
  endfacet
  facet normal -0.866026 -2.84211e-06 0.5
    outer loop
      vertex 5.24734 -10.6252 -41.3113
      vertex 0.475652 -8.72689 -49.5761
      vertex 3.10595 -10.9059 -45.0203
    endloop
  endfacet
  facet normal 0.0326998 0.997859 0.056638
    outer loop
      vertex 15.8001 10.9059 -49.0335
      vertex 3.82384 11 -43.7769
      vertex 4.54173 10.9059 -42.5335
    endloop
  endfacet
  facet normal -0.866121 4.19578e-05 0.499834
    outer loop
      vertex -1.48875 2.84701 -52.9786
      vertex -1.62911 1.43579 -53.2217
      vertex -1.2575 4.20952 -52.578
    endloop
  endfacet
  facet normal -0.865989 -0.000132257 0.500063
    outer loop
      vertex 7.17203 -8.72689 -37.9777
      vertex 5.24734 -10.6252 -41.3113
      vertex 5.9286 -10.1627 -40.1314
    endloop
  endfacet
  facet normal 0.866019 0 -0.500012
    outer loop
      vertex 15.0822 -11 -50.2769
      vertex 14.3643 -10.9059 -51.5203
      vertex 15.8001 -10.9059 -49.0335
    endloop
  endfacet
  facet normal -0.866022 -4.09797e-06 0.500006
    outer loop
      vertex 5.24734 10.6252 -41.3113
      vertex 3.64763 2.6769 -44.0821
      vertex 3.82384 2.7 -43.7769
    endloop
  endfacet
  facet normal -0.86603 -1.28708e-05 0.499991
    outer loop
      vertex 0.475652 8.72689 -49.5761
      vertex 3.47443 2.608 -44.3821
      vertex 3.64763 2.6769 -44.0821
    endloop
  endfacet
  facet normal -0.866016 1.56325e-05 0.500016
    outer loop
      vertex 0.475652 8.72689 -49.5761
      vertex 3.30722 2.49447 -44.6717
      vertex 3.47443 2.608 -44.3821
    endloop
  endfacet
  facet normal -0.866013 2.09084e-05 0.500021
    outer loop
      vertex 0.475652 8.72689 -49.5761
      vertex 3.14884 2.33827 -44.946
      vertex 3.30722 2.49447 -44.6717
    endloop
  endfacet
  facet normal -0.866071 -7.56917e-05 0.499921
    outer loop
      vertex 0.475652 8.72689 -49.5761
      vertex 3.00201 2.14205 -45.2004
      vertex 3.14884 2.33827 -44.946
    endloop
  endfacet
  facet normal -0.865997 3.70048e-05 0.500049
    outer loop
      vertex 0.475652 8.72689 -49.5761
      vertex 2.86925 1.90919 -45.4303
      vertex 3.00201 2.14205 -45.2004
    endloop
  endfacet
  facet normal -0.866037 -1.81061e-05 0.499981
    outer loop
      vertex 0.475652 8.72689 -49.5761
      vertex 2.75281 1.64366 -45.632
      vertex 2.86925 1.90919 -45.4303
    endloop
  endfacet
  facet normal -0.866015 9.92494e-06 0.500018
    outer loop
      vertex 0.475652 8.72689 -49.5761
      vertex 2.65471 1.35 -45.8019
      vertex 2.75281 1.64366 -45.632
    endloop
  endfacet
  facet normal -0.866031 -9.39058e-06 0.49999
    outer loop
      vertex 0.475652 8.72689 -49.5761
      vertex 2.5766 1.03325 -45.9372
      vertex 2.65471 1.35 -45.8019
    endloop
  endfacet
  facet normal -0.866014 9.11782e-06 0.500019
    outer loop
      vertex 0.475652 8.72689 -49.5761
      vertex 2.51984 0.698811 -46.0355
      vertex 2.5766 1.03325 -45.9372
    endloop
  endfacet
  facet normal -0.866055 -3.26749e-05 0.499948
    outer loop
      vertex 0.475652 8.72689 -49.5761
      vertex 2.48539 0.35242 -46.0952
      vertex 2.51984 0.698811 -46.0355
    endloop
  endfacet
  facet normal -0.866015 5.98471e-06 0.500018
    outer loop
      vertex 0.475652 8.72689 -49.5761
      vertex 2.47384 0 -46.1152
      vertex 2.48539 0.35242 -46.0952
    endloop
  endfacet
  facet normal -0.866021 0 0.500007
    outer loop
      vertex 0.475652 -8.72689 -49.5761
      vertex 2.47384 0 -46.1152
      vertex 0.475652 8.72689 -49.5761
    endloop
  endfacet
  facet normal -0.866015 -5.98471e-06 0.500018
    outer loop
      vertex 2.47384 0 -46.1152
      vertex 0.475652 -8.72689 -49.5761
      vertex 2.48539 -0.35242 -46.0952
    endloop
  endfacet
  facet normal -0.866055 3.26749e-05 0.499948
    outer loop
      vertex 2.48539 -0.35242 -46.0952
      vertex 0.475652 -8.72689 -49.5761
      vertex 2.51984 -0.698811 -46.0355
    endloop
  endfacet
  facet normal -0.866025 1.57498e-06 0.500001
    outer loop
      vertex 5.24734 -10.6252 -41.3113
      vertex 3.64763 -2.6769 -44.0821
      vertex 0.475652 -8.72689 -49.5761
    endloop
  endfacet
  facet normal -0.86603 1.28708e-05 0.499991
    outer loop
      vertex 3.47443 -2.608 -44.3821
      vertex 0.475652 -8.72689 -49.5761
      vertex 3.64763 -2.6769 -44.0821
    endloop
  endfacet
  facet normal -0.866016 -1.56325e-05 0.500016
    outer loop
      vertex 3.30722 -2.49447 -44.6717
      vertex 0.475652 -8.72689 -49.5761
      vertex 3.47443 -2.608 -44.3821
    endloop
  endfacet
  facet normal -0.866013 -2.09084e-05 0.500021
    outer loop
      vertex 3.14884 -2.33827 -44.946
      vertex 0.475652 -8.72689 -49.5761
      vertex 3.30722 -2.49447 -44.6717
    endloop
  endfacet
  facet normal -0.866071 7.56917e-05 0.499921
    outer loop
      vertex 3.00201 -2.14205 -45.2004
      vertex 0.475652 -8.72689 -49.5761
      vertex 3.14884 -2.33827 -44.946
    endloop
  endfacet
  facet normal -0.865997 -3.70048e-05 0.500049
    outer loop
      vertex 2.86925 -1.90919 -45.4303
      vertex 0.475652 -8.72689 -49.5761
      vertex 3.00201 -2.14205 -45.2004
    endloop
  endfacet
  facet normal -0.866037 1.81061e-05 0.499981
    outer loop
      vertex 2.75281 -1.64366 -45.632
      vertex 0.475652 -8.72689 -49.5761
      vertex 2.86925 -1.90919 -45.4303
    endloop
  endfacet
  facet normal -0.866015 -9.92494e-06 0.500018
    outer loop
      vertex 2.65471 -1.35 -45.8019
      vertex 0.475652 -8.72689 -49.5761
      vertex 2.75281 -1.64366 -45.632
    endloop
  endfacet
  facet normal -0.866031 9.39058e-06 0.49999
    outer loop
      vertex 2.5766 -1.03325 -45.9372
      vertex 0.475652 -8.72689 -49.5761
      vertex 2.65471 -1.35 -45.8019
    endloop
  endfacet
  facet normal -0.866014 -9.11782e-06 0.500019
    outer loop
      vertex 2.51984 -0.698811 -46.0355
      vertex 0.475652 -8.72689 -49.5761
      vertex 2.5766 -1.03325 -45.9372
    endloop
  endfacet
  facet normal -0.866025 -1.57498e-06 0.500001
    outer loop
      vertex 3.64763 2.6769 -44.0821
      vertex 5.24734 10.6252 -41.3113
      vertex 0.475652 8.72689 -49.5761
    endloop
  endfacet
  facet normal -0.866022 -3.90942e-06 0.500006
    outer loop
      vertex 4.00005 2.6769 -43.4717
      vertex 5.24734 10.6252 -41.3113
      vertex 3.82384 2.7 -43.7769
    endloop
  endfacet
  facet normal -0.866043 9.34093e-06 0.499969
    outer loop
      vertex 4.17324 2.608 -43.1717
      vertex 5.24734 10.6252 -41.3113
      vertex 4.00005 2.6769 -43.4717
    endloop
  endfacet
  facet normal -0.866002 -1.25569e-05 0.50004
    outer loop
      vertex 4.34046 2.49447 -42.8821
      vertex 5.24734 10.6252 -41.3113
      vertex 4.17324 2.608 -43.1717
    endloop
  endfacet
  facet normal -0.86601 -9.13719e-06 0.500026
    outer loop
      vertex 4.49884 2.33827 -42.6078
      vertex 5.24734 10.6252 -41.3113
      vertex 4.34046 2.49447 -42.8821
    endloop
  endfacet
  facet normal -0.866014 -7.90013e-06 0.500021
    outer loop
      vertex 4.64567 2.14205 -42.3535
      vertex 5.24734 10.6252 -41.3113
      vertex 4.49884 2.33827 -42.6078
    endloop
  endfacet
  facet normal -0.866071 8.53829e-06 0.49992
    outer loop
      vertex 4.77843 1.90919 -42.1235
      vertex 5.24734 10.6252 -41.3113
      vertex 4.64567 2.14205 -42.3535
    endloop
  endfacet
  facet normal -0.866045 2.88684e-06 0.499966
    outer loop
      vertex 4.89487 1.64366 -41.9218
      vertex 5.24734 10.6252 -41.3113
      vertex 4.77843 1.90919 -42.1235
    endloop
  endfacet
  facet normal -0.866009 -2.74087e-06 0.500028
    outer loop
      vertex 4.99297 1.35 -41.7519
      vertex 5.24734 10.6252 -41.3113
      vertex 4.89487 1.64366 -41.9218
    endloop
  endfacet
  facet normal -0.86604 6.17937e-07 0.499975
    outer loop
      vertex 5.07108 1.03325 -41.6166
      vertex 5.24734 10.6252 -41.3113
      vertex 4.99297 1.35 -41.7519
    endloop
  endfacet
  facet normal -0.866004 -2.04693e-06 0.500038
    outer loop
      vertex 5.12784 0.698811 -41.5183
      vertex 5.24734 10.6252 -41.3113
      vertex 5.07108 1.03325 -41.6166
    endloop
  endfacet
  facet normal -0.866127 3.91141e-06 0.499823
    outer loop
      vertex 5.16229 0.35242 -41.4586
      vertex 5.24734 10.6252 -41.3113
      vertex 5.12784 0.698811 -41.5183
    endloop
  endfacet
  facet normal -0.865977 -1.0599e-06 0.500083
    outer loop
      vertex 5.17384 0 -41.4386
      vertex 5.24734 10.6252 -41.3113
      vertex 5.16229 0.35242 -41.4586
    endloop
  endfacet
  facet normal -0.866022 4.09797e-06 0.500006
    outer loop
      vertex 3.64763 -2.6769 -44.0821
      vertex 5.24734 -10.6252 -41.3113
      vertex 3.82384 -2.7 -43.7769
    endloop
  endfacet
  facet normal -0.866022 3.90942e-06 0.500006
    outer loop
      vertex 3.82384 -2.7 -43.7769
      vertex 5.24734 -10.6252 -41.3113
      vertex 4.00005 -2.6769 -43.4717
    endloop
  endfacet
  facet normal -0.866043 -9.34093e-06 0.499969
    outer loop
      vertex 4.00005 -2.6769 -43.4717
      vertex 5.24734 -10.6252 -41.3113
      vertex 4.17324 -2.608 -43.1717
    endloop
  endfacet
  facet normal -0.866002 1.25569e-05 0.50004
    outer loop
      vertex 4.17324 -2.608 -43.1717
      vertex 5.24734 -10.6252 -41.3113
      vertex 4.34046 -2.49447 -42.8821
    endloop
  endfacet
  facet normal -0.86601 9.13719e-06 0.500026
    outer loop
      vertex 4.34046 -2.49447 -42.8821
      vertex 5.24734 -10.6252 -41.3113
      vertex 4.49884 -2.33827 -42.6078
    endloop
  endfacet
  facet normal -0.866016 0 0.500017
    outer loop
      vertex 5.17384 0 -41.4386
      vertex 5.24734 -10.6252 -41.3113
      vertex 5.24734 10.6252 -41.3113
    endloop
  endfacet
  facet normal -0.865977 1.0599e-06 0.500083
    outer loop
      vertex 5.16229 -0.35242 -41.4586
      vertex 5.24734 -10.6252 -41.3113
      vertex 5.17384 0 -41.4386
    endloop
  endfacet
  facet normal -0.866127 -3.91141e-06 0.499823
    outer loop
      vertex 5.12784 -0.698811 -41.5183
      vertex 5.24734 -10.6252 -41.3113
      vertex 5.16229 -0.35242 -41.4586
    endloop
  endfacet
  facet normal -0.866004 2.04693e-06 0.500038
    outer loop
      vertex 5.07108 -1.03325 -41.6166
      vertex 5.24734 -10.6252 -41.3113
      vertex 5.12784 -0.698811 -41.5183
    endloop
  endfacet
  facet normal -0.86604 -6.17937e-07 0.499975
    outer loop
      vertex 4.99297 -1.35 -41.7519
      vertex 5.24734 -10.6252 -41.3113
      vertex 5.07108 -1.03325 -41.6166
    endloop
  endfacet
  facet normal -0.866009 2.74087e-06 0.500028
    outer loop
      vertex 4.89487 -1.64366 -41.9218
      vertex 5.24734 -10.6252 -41.3113
      vertex 4.99297 -1.35 -41.7519
    endloop
  endfacet
  facet normal -0.866045 -2.88684e-06 0.499966
    outer loop
      vertex 4.77843 -1.90919 -42.1235
      vertex 5.24734 -10.6252 -41.3113
      vertex 4.89487 -1.64366 -41.9218
    endloop
  endfacet
  facet normal -0.866071 -8.53829e-06 0.49992
    outer loop
      vertex 4.64567 -2.14205 -42.3535
      vertex 5.24734 -10.6252 -41.3113
      vertex 4.77843 -1.90919 -42.1235
    endloop
  endfacet
  facet normal -0.866014 7.90013e-06 0.500021
    outer loop
      vertex 4.49884 -2.33827 -42.6078
      vertex 5.24734 -10.6252 -41.3113
      vertex 4.64567 -2.14205 -42.3535
    endloop
  endfacet
  facet normal 0.866023 -1.13384e-05 -0.500003
    outer loop
      vertex 20.5351 1.43579 -40.8321
      vertex 15.8001 10.9059 -49.0335
      vertex 18.9713 7.77817 -43.5408
    endloop
  endfacet
  facet normal 0.498928 0.06542 0.864171
    outer loop
      vertex 20.5351 1.43579 -40.8321
      vertex 9.32384 0 -34.2506
      vertex 20.5822 0 -40.7506
    endloop
  endfacet
  facet normal 0.865814 0 -0.500366
    outer loop
      vertex 20.5822 0 -40.7506
      vertex 20.5351 -1.43579 -40.8321
      vertex 20.5351 1.43579 -40.8321
    endloop
  endfacet
  facet normal 0.865973 5.24978e-05 -0.500091
    outer loop
      vertex 11.1931 7.77817 -57.013
      vertex 10.0008 4.20952 -59.078
      vertex 10.7187 6.69637 -57.8346
    endloop
  endfacet
  facet normal -0.866018 -1.54121e-05 0.500013
    outer loop
      vertex 9.13643 -2.84701 -34.5752
      vertex 5.24734 -10.6252 -41.3113
      vertex 7.17203 -8.72689 -37.9777
    endloop
  endfacet
  facet normal 0.866008 5.23275e-05 -0.50003
    outer loop
      vertex 13.6587 10.6252 -52.7425
      vertex 11.1931 7.77817 -57.013
      vertex 12.9774 10.1627 -53.9225
    endloop
  endfacet
  facet normal -0.866033 -8.47353e-06 0.499987
    outer loop
      vertex 0.475652 -8.72689 -49.5761
      vertex -0.939299 -5.5 -52.0269
      vertex -0.539602 -6.69637 -51.3346
    endloop
  endfacet
  facet normal -0.866028 0 0.499995
    outer loop
      vertex -1.62911 -1.43579 -53.2217
      vertex 0.475652 8.72689 -49.5761
      vertex -1.62911 1.43579 -53.2217
    endloop
  endfacet
  facet normal -0.866028 0 0.499995
    outer loop
      vertex 0.475652 8.72689 -49.5761
      vertex -1.62911 -1.43579 -53.2217
      vertex 0.475652 -8.72689 -49.5761
    endloop
  endfacet
  facet normal -0.448441 -0.442273 -0.776721
    outer loop
      vertex 10.319 -5.5 -58.5269
      vertex -1.2575 -4.20952 -52.578
      vertex 10.0008 -4.20952 -59.078
    endloop
  endfacet
  facet normal -0.865989 0.000132257 0.500063
    outer loop
      vertex 5.9286 10.1627 -40.1314
      vertex 5.24734 10.6252 -41.3113
      vertex 7.17203 8.72689 -37.9777
    endloop
  endfacet
  facet normal 0.277782 0.831472 0.481135
    outer loop
      vertex 18.4304 8.72689 -44.4777
      vertex 6.57384 9.52628 -39.0138
      vertex 7.17203 8.72689 -37.9777
    endloop
  endfacet
  facet normal 0.866018 1.64438e-05 -0.500012
    outer loop
      vertex 20.1635 -4.20952 -41.4758
      vertex 18.9713 -7.77817 -43.5408
      vertex 20.5351 -1.43579 -40.8321
    endloop
  endfacet
  facet normal 0.44844 -0.442273 0.776721
    outer loop
      vertex 20.1635 -4.20952 -41.4758
      vertex 8.58698 -5.5 -35.5269
      vertex 19.8453 -5.5 -42.0269
    endloop
  endfacet
  facet normal -0.329669 0.751846 -0.571004
    outer loop
      vertex 11.1931 7.77817 -57.013
      vertex 0.475652 8.72689 -49.5761
      vertex 11.734 8.72689 -56.0761
    endloop
  endfacet
  facet normal -0.490393 0.195091 -0.849385
    outer loop
      vertex 9.62922 1.43579 -59.7217
      vertex -1.48875 2.84701 -52.9786
      vertex 9.76958 2.84701 -59.4786
    endloop
  endfacet
  facet normal -0.490393 0.195091 -0.849385
    outer loop
      vertex -1.48875 2.84701 -52.9786
      vertex 9.62922 1.43579 -59.7217
      vertex -1.62911 1.43579 -53.2217
    endloop
  endfacet
  facet normal 0.375926 0.659331 0.651123
    outer loop
      vertex 18.9713 7.77817 -43.5408
      vertex 8.18728 6.69637 -36.2192
      vertex 19.4456 6.69637 -42.7192
    endloop
  endfacet
  facet normal 0.866024 0 -0.500003
    outer loop
      vertex 13.6587 1.44644 -52.7425
      vertex 9.76958 2.84701 -59.4786
      vertex 13.6587 10.6252 -52.7425
    endloop
  endfacet
  facet normal 0.866016 -8.7827e-05 -0.500017
    outer loop
      vertex 13.604 1.22459 -52.8372
      vertex 9.76958 2.84701 -59.4786
      vertex 13.6587 1.44644 -52.7425
    endloop
  endfacet
  facet normal 0.866029 3.90262e-05 -0.499993
    outer loop
      vertex 13.5367 0.82822 -52.9538
      vertex 9.76958 2.84701 -59.4786
      vertex 13.604 1.22459 -52.8372
    endloop
  endfacet
  facet normal 0.866029 3.79219e-05 -0.499994
    outer loop
      vertex 13.4959 0.417684 -53.0245
      vertex 9.76958 2.84701 -59.4786
      vertex 13.5367 0.82822 -52.9538
    endloop
  endfacet
  facet normal 0.866017 -3.37764e-05 -0.500014
    outer loop
      vertex 13.4822 0 -53.0482
      vertex 9.76958 2.84701 -59.4786
      vertex 13.4959 0.417684 -53.0245
    endloop
  endfacet
  facet normal 0.866017 3.37764e-05 -0.500014
    outer loop
      vertex 9.76958 -2.84701 -59.4786
      vertex 13.4822 0 -53.0482
      vertex 13.4959 -0.417684 -53.0245
    endloop
  endfacet
  facet normal 0.866029 -3.79219e-05 -0.499994
    outer loop
      vertex 9.76958 -2.84701 -59.4786
      vertex 13.4959 -0.417684 -53.0245
      vertex 13.5367 -0.82822 -52.9538
    endloop
  endfacet
  facet normal 0.866029 -3.90262e-05 -0.499993
    outer loop
      vertex 9.76958 -2.84701 -59.4786
      vertex 13.5367 -0.82822 -52.9538
      vertex 13.604 -1.22459 -52.8372
    endloop
  endfacet
  facet normal 0.866016 8.7827e-05 -0.500017
    outer loop
      vertex 9.76958 -2.84701 -59.4786
      vertex 13.604 -1.22459 -52.8372
      vertex 13.6587 -1.44644 -52.7425
    endloop
  endfacet
  facet normal 0.866024 0 -0.500003
    outer loop
      vertex 13.4822 0 -53.0482
      vertex 9.76958 -2.84701 -59.4786
      vertex 9.76958 2.84701 -59.4786
    endloop
  endfacet
  facet normal 0.866024 0 -0.500003
    outer loop
      vertex 9.76958 -2.84701 -59.4786
      vertex 13.6587 -1.44644 -52.7425
      vertex 13.6587 -10.6252 -52.7425
    endloop
  endfacet
  facet normal 0.221146 0.896871 0.383036
    outer loop
      vertex 17.1869 10.1627 -46.6314
      vertex 6.57384 9.52628 -39.0138
      vertex 17.8322 9.52628 -45.5138
    endloop
  endfacet
  facet normal 0.277782 0.831473 0.481133
    outer loop
      vertex 17.8322 9.52628 -45.5138
      vertex 6.57384 9.52628 -39.0138
      vertex 18.4304 8.72689 -44.4777
    endloop
  endfacet
  facet normal -0.866024 -6.16405e-05 0.500003
    outer loop
      vertex 5.24734 -10.6252 -41.3113
      vertex 3.10595 -10.9059 -45.0203
      vertex 3.82384 -11 -43.7769
    endloop
  endfacet
  facet normal 0.0326998 -0.997859 0.056638
    outer loop
      vertex 4.54173 -10.9059 -42.5335
      vertex 3.82384 -11 -43.7769
      vertex 15.8001 -10.9059 -49.0335
    endloop
  endfacet
  facet normal 0.865965 0.000173967 -0.500105
    outer loop
      vertex 17.8322 -9.52628 -45.5138
      vertex 17.1869 -10.1627 -46.6314
      vertex 18.4304 -8.72689 -44.4777
    endloop
  endfacet
  facet normal 0.866019 0.000184458 -0.500012
    outer loop
      vertex 15.8001 10.9059 -49.0335
      vertex 13.6587 10.6252 -52.7425
      vertex 14.3643 10.9059 -51.5203
    endloop
  endfacet
  facet normal -0.375917 -0.659351 -0.651109
    outer loop
      vertex 11.1931 -7.77817 -57.013
      vertex -0.0652466 -7.77817 -50.513
      vertex 10.7187 -6.69637 -57.8346
    endloop
  endfacet
  facet normal 0.866151 0.000448197 -0.499781
    outer loop
      vertex 12.3322 -9.52628 -55.0401
      vertex 11.734 -8.72689 -56.0761
      vertex 12.9774 -10.1627 -53.9225
    endloop
  endfacet
  facet normal -0.866044 0 0.499968
    outer loop
      vertex -1.62911 1.43579 -53.2217
      vertex -1.67616 0 -53.3032
      vertex -1.62911 -1.43579 -53.2217
    endloop
  endfacet
  facet normal -0.498929 -0.0654027 -0.864171
    outer loop
      vertex -1.62911 -1.43579 -53.2217
      vertex -1.67616 0 -53.3032
      vertex 9.58217 0 -59.8032
    endloop
  endfacet
  facet normal -0.866025 0 0.5
    outer loop
      vertex 5.24734 10.6252 -41.3113
      vertex 9.13643 -2.84701 -34.5752
      vertex 9.13643 2.84701 -34.5752
    endloop
  endfacet
  facet normal -0.866025 0 0.5
    outer loop
      vertex 9.13643 -2.84701 -34.5752
      vertex 5.24734 10.6252 -41.3113
      vertex 5.24734 -10.6252 -41.3113
    endloop
  endfacet
  facet normal -0.866031 -1.47297e-05 0.49999
    outer loop
      vertex 6.57384 9.52628 -39.0138
      vertex 5.9286 10.1627 -40.1314
      vertex 7.17203 8.72689 -37.9777
    endloop
  endfacet
  facet normal 0.866022 2.54152e-06 -0.500005
    outer loop
      vertex 13.6587 10.6252 -52.7425
      vertex 9.76958 2.84701 -59.4786
      vertex 11.1931 7.77817 -57.013
    endloop
  endfacet
  facet normal 0.866001 7.34786e-05 -0.500042
    outer loop
      vertex 12.9774 10.1627 -53.9225
      vertex 11.1931 7.77817 -57.013
      vertex 11.734 8.72689 -56.0761
    endloop
  endfacet
  facet normal -0.865982 -5.26229e-05 0.500075
    outer loop
      vertex 9.13643 -2.84701 -34.5752
      vertex 7.71293 -7.77817 -37.0408
      vertex 8.90518 -4.20952 -34.9758
    endloop
  endfacet
  facet normal -0.866053 4.22074e-05 0.499952
    outer loop
      vertex 8.90518 -4.20952 -34.9758
      vertex 7.71293 -7.77817 -37.0408
      vertex 8.58698 -5.5 -35.5269
    endloop
  endfacet
  facet normal 0.375921 -0.659341 0.651116
    outer loop
      vertex 8.18728 -6.69637 -36.2192
      vertex 7.71293 -7.77817 -37.0408
      vertex 18.9713 -7.77817 -43.5408
    endloop
  endfacet
  facet normal -0.866052 4.22368e-05 0.499953
    outer loop
      vertex -0.939299 5.5 -52.0269
      vertex -1.2575 4.20952 -52.578
      vertex 0.475652 8.72689 -49.5761
    endloop
  endfacet
  facet normal -0.415734 0.555575 -0.72007
    outer loop
      vertex 10.319 5.5 -58.5269
      vertex -0.539602 6.69637 -51.3346
      vertex 10.7187 6.69637 -57.8346
    endloop
  endfacet
  facet normal -0.415734 0.555575 -0.720071
    outer loop
      vertex -0.539602 6.69637 -51.3346
      vertex 10.319 5.5 -58.5269
      vertex -0.939299 5.5 -52.0269
    endloop
  endfacet
  facet normal 0.44844 0.442273 0.776721
    outer loop
      vertex 19.8453 5.5 -42.0269
      vertex 8.58698 5.5 -35.5269
      vertex 20.1635 4.20952 -41.4758
    endloop
  endfacet
  facet normal 0.865979 -0.000122593 -0.50008
    outer loop
      vertex 18.9713 7.77817 -43.5408
      vertex 17.1869 10.1627 -46.6314
      vertex 18.4304 8.72689 -44.4777
    endloop
  endfacet
  facet normal 0.866043 6.64271e-05 -0.49997
    outer loop
      vertex 18.9713 7.77817 -43.5408
      vertex 15.8001 10.9059 -49.0335
      vertex 17.1869 10.1627 -46.6314
    endloop
  endfacet
  facet normal 0.0326997 -0.997859 0.0566378
    outer loop
      vertex 15.8001 -10.9059 -49.0335
      vertex 3.82384 -11 -43.7769
      vertex 15.0822 -11 -50.2769
    endloop
  endfacet
  facet normal -0.0326999 -0.997859 -0.056638
    outer loop
      vertex 3.82384 -11 -43.7769
      vertex 3.10595 -10.9059 -45.0203
      vertex 15.0822 -11 -50.2769
    endloop
  endfacet
  facet normal 0.866008 -5.23275e-05 -0.50003
    outer loop
      vertex 12.9774 -10.1627 -53.9225
      vertex 11.1931 -7.77817 -57.013
      vertex 13.6587 -10.6252 -52.7425
    endloop
  endfacet
  facet normal 0.160723 -0.946928 0.27838
    outer loop
      vertex 5.24734 -10.6252 -41.3113
      vertex 17.1869 -10.1627 -46.6314
      vertex 5.9286 -10.1627 -40.1314
    endloop
  endfacet
  facet normal 0.160726 -0.946926 0.278385
    outer loop
      vertex 17.1869 -10.1627 -46.6314
      vertex 5.24734 -10.6252 -41.3113
      vertex 16.5057 -10.6252 -47.8113
    endloop
  endfacet
  facet normal 0.277782 -0.831472 0.481135
    outer loop
      vertex 7.17203 -8.72689 -37.9777
      vertex 6.57384 -9.52628 -39.0138
      vertex 18.4304 -8.72689 -44.4777
    endloop
  endfacet
  facet normal 0.866001 -7.34786e-05 -0.500042
    outer loop
      vertex 11.734 -8.72689 -56.0761
      vertex 11.1931 -7.77817 -57.013
      vertex 12.9774 -10.1627 -53.9225
    endloop
  endfacet
  facet normal -0.221153 -0.896864 -0.383048
    outer loop
      vertex 12.9774 -10.1627 -53.9225
      vertex 1.71908 -10.1627 -47.4225
      vertex 12.3322 -9.52628 -55.0401
    endloop
  endfacet
  facet normal 0.865973 -5.24978e-05 -0.500091
    outer loop
      vertex 10.7187 -6.69637 -57.8346
      vertex 10.0008 -4.20952 -59.078
      vertex 11.1931 -7.77817 -57.013
    endloop
  endfacet
  facet normal 0.866044 0 -0.499968
    outer loop
      vertex 9.62922 -1.43579 -59.7217
      vertex 9.58217 0 -59.8032
      vertex 9.62922 1.43579 -59.7217
    endloop
  endfacet
  facet normal -0.498929 -0.0654027 -0.864171
    outer loop
      vertex 9.62922 -1.43579 -59.7217
      vertex -1.62911 -1.43579 -53.2217
      vertex 9.58217 0 -59.8032
    endloop
  endfacet
  facet normal -0.277796 -0.831455 -0.481157
    outer loop
      vertex 12.3322 -9.52628 -55.0401
      vertex 0.475652 -8.72689 -49.5761
      vertex 11.734 -8.72689 -56.0761
    endloop
  endfacet
  facet normal -0.160713 -0.946934 -0.278364
    outer loop
      vertex 1.71908 -10.1627 -47.4225
      vertex 13.6587 -10.6252 -52.7425
      vertex 2.40034 -10.6252 -46.2425
    endloop
  endfacet
  facet normal -0.160711 -0.946936 -0.27836
    outer loop
      vertex 13.6587 -10.6252 -52.7425
      vertex 1.71908 -10.1627 -47.4225
      vertex 12.9774 -10.1627 -53.9225
    endloop
  endfacet
  facet normal 0.160723 0.946928 0.27838
    outer loop
      vertex 17.1869 10.1627 -46.6314
      vertex 5.24734 10.6252 -41.3113
      vertex 5.9286 10.1627 -40.1314
    endloop
  endfacet
  facet normal 0.160726 0.946926 0.278385
    outer loop
      vertex 5.24734 10.6252 -41.3113
      vertex 17.1869 10.1627 -46.6314
      vertex 16.5057 10.6252 -47.8113
    endloop
  endfacet
  facet normal 0.473456 0.321483 0.820053
    outer loop
      vertex 20.1635 4.20952 -41.4758
      vertex 9.13643 2.84701 -34.5752
      vertex 20.3948 2.84701 -41.0752
    endloop
  endfacet
  facet normal 0.473461 0.321467 0.820057
    outer loop
      vertex 9.13643 2.84701 -34.5752
      vertex 20.1635 4.20952 -41.4758
      vertex 8.90518 4.20952 -34.9758
    endloop
  endfacet
  facet normal -0.866015 1.50046e-05 0.500018
    outer loop
      vertex 0.475652 -8.72689 -49.5761
      vertex -1.62911 -1.43579 -53.2217
      vertex -1.2575 -4.20952 -52.578
    endloop
  endfacet
  facet normal -0.277797 0.831453 -0.481159
    outer loop
      vertex 12.3322 9.52628 -55.0401
      vertex 0.475652 8.72689 -49.5761
      vertex 1.07384 9.52628 -48.5401
    endloop
  endfacet
  facet normal 0.866025 -8.3986e-06 -0.500001
    outer loop
      vertex 20.5351 1.43579 -40.8321
      vertex 13.6587 10.6252 -52.7425
      vertex 15.8001 10.9059 -49.0335
    endloop
  endfacet
  facet normal 0.44844 -0.442273 0.776721
    outer loop
      vertex 8.90518 -4.20952 -34.9758
      vertex 8.58698 -5.5 -35.5269
      vertex 20.1635 -4.20952 -41.4758
    endloop
  endfacet
  facet normal -0.866039 1.29516e-05 0.499977
    outer loop
      vertex 9.13643 -2.84701 -34.5752
      vertex 7.17203 -8.72689 -37.9777
      vertex 7.71293 -7.77817 -37.0408
    endloop
  endfacet
  facet normal 0.329668 -0.751846 0.571004
    outer loop
      vertex 7.17203 -8.72689 -37.9777
      vertex 18.9713 -7.77817 -43.5408
      vertex 7.71293 -7.77817 -37.0408
    endloop
  endfacet
  facet normal 0.329668 -0.751846 0.571004
    outer loop
      vertex 18.9713 -7.77817 -43.5408
      vertex 7.17203 -8.72689 -37.9777
      vertex 18.4304 -8.72689 -44.4777
    endloop
  endfacet
  facet normal 0.865935 0.000103914 -0.500157
    outer loop
      vertex 11.1931 7.77817 -57.013
      vertex 9.76958 2.84701 -59.4786
      vertex 10.0008 4.20952 -59.078
    endloop
  endfacet
  facet normal -0.375922 0.659342 -0.651115
    outer loop
      vertex 10.7187 6.69637 -57.8346
      vertex -0.539602 6.69637 -51.3346
      vertex -0.0652466 7.77817 -50.513
    endloop
  endfacet
  facet normal 0.865877 -9.19106e-05 -0.500256
    outer loop
      vertex 20.5351 1.43579 -40.8321
      vertex 20.1635 4.20952 -41.4758
      vertex 20.3948 2.84701 -41.0752
    endloop
  endfacet
  facet normal 0.866018 -1.64438e-05 -0.500012
    outer loop
      vertex 20.5351 1.43579 -40.8321
      vertex 18.9713 7.77817 -43.5408
      vertex 20.1635 4.20952 -41.4758
    endloop
  endfacet
  facet normal 0.221151 0.896867 0.383043
    outer loop
      vertex 17.1869 10.1627 -46.6314
      vertex 5.9286 10.1627 -40.1314
      vertex 6.57384 9.52628 -39.0138
    endloop
  endfacet
  facet normal 0.0975392 0.980788 0.168943
    outer loop
      vertex 16.5057 10.6252 -47.8113
      vertex 4.54173 10.9059 -42.5335
      vertex 5.24734 10.6252 -41.3113
    endloop
  endfacet
  facet normal 0.0975394 0.980787 0.168944
    outer loop
      vertex 4.54173 10.9059 -42.5335
      vertex 16.5057 10.6252 -47.8113
      vertex 15.8001 10.9059 -49.0335
    endloop
  endfacet
  facet normal 0.866046 -9.32388e-05 -0.499964
    outer loop
      vertex 16.5057 -10.6252 -47.8113
      vertex 15.8001 -10.9059 -49.0335
      vertex 17.1869 -10.1627 -46.6314
    endloop
  endfacet
  facet normal 0.865979 0.000122593 -0.50008
    outer loop
      vertex 18.4304 -8.72689 -44.4777
      vertex 17.1869 -10.1627 -46.6314
      vertex 18.9713 -7.77817 -43.5408
    endloop
  endfacet
  facet normal 0.0975392 -0.980788 0.168943
    outer loop
      vertex 4.54173 -10.9059 -42.5335
      vertex 16.5057 -10.6252 -47.8113
      vertex 5.24734 -10.6252 -41.3113
    endloop
  endfacet
  facet normal 0.0975394 -0.980787 0.168944
    outer loop
      vertex 16.5057 -10.6252 -47.8113
      vertex 4.54173 -10.9059 -42.5335
      vertex 15.8001 -10.9059 -49.0335
    endloop
  endfacet
  facet normal 0.221151 -0.896867 0.383043
    outer loop
      vertex 6.57384 -9.52628 -39.0138
      vertex 5.9286 -10.1627 -40.1314
      vertex 17.1869 -10.1627 -46.6314
    endloop
  endfacet
  facet normal -0.866031 1.47297e-05 0.49999
    outer loop
      vertex 7.17203 -8.72689 -37.9777
      vertex 5.9286 -10.1627 -40.1314
      vertex 6.57384 -9.52628 -39.0138
    endloop
  endfacet
  facet normal -0.0975392 -0.980788 -0.168943
    outer loop
      vertex 2.40034 -10.6252 -46.2425
      vertex 14.3643 -10.9059 -51.5203
      vertex 3.10595 -10.9059 -45.0203
    endloop
  endfacet
  facet normal -0.0975395 -0.980787 -0.168944
    outer loop
      vertex 14.3643 -10.9059 -51.5203
      vertex 2.40034 -10.6252 -46.2425
      vertex 13.6587 -10.6252 -52.7425
    endloop
  endfacet
  facet normal -0.866088 -0.000245206 0.499891
    outer loop
      vertex 1.71908 -10.1627 -47.4225
      vertex 0.475652 -8.72689 -49.5761
      vertex 1.07384 -9.52628 -48.5401
    endloop
  endfacet
  facet normal -0.329669 -0.751846 -0.571004
    outer loop
      vertex 11.734 -8.72689 -56.0761
      vertex 0.475652 -8.72689 -49.5761
      vertex 11.1931 -7.77817 -57.013
    endloop
  endfacet
  facet normal -0.375922 -0.659342 -0.651115
    outer loop
      vertex -0.0652466 -7.77817 -50.513
      vertex -0.539602 -6.69637 -51.3346
      vertex 10.7187 -6.69637 -57.8346
    endloop
  endfacet
  facet normal -0.866121 -4.19578e-05 0.499834
    outer loop
      vertex -1.2575 -4.20952 -52.578
      vertex -1.62911 -1.43579 -53.2217
      vertex -1.48875 -2.84701 -52.9786
    endloop
  endfacet
  facet normal -0.490393 -0.195091 -0.849385
    outer loop
      vertex -1.48875 -2.84701 -52.9786
      vertex 9.62922 -1.43579 -59.7217
      vertex 9.76958 -2.84701 -59.4786
    endloop
  endfacet
  facet normal -0.490393 -0.195091 -0.849385
    outer loop
      vertex 9.62922 -1.43579 -59.7217
      vertex -1.48875 -2.84701 -52.9786
      vertex -1.62911 -1.43579 -53.2217
    endloop
  endfacet
  facet normal -0.473463 -0.321458 -0.82006
    outer loop
      vertex -1.2575 -4.20952 -52.578
      vertex 9.76958 -2.84701 -59.4786
      vertex 10.0008 -4.20952 -59.078
    endloop
  endfacet
  facet normal -0.47346 -0.321467 -0.820057
    outer loop
      vertex 9.76958 -2.84701 -59.4786
      vertex -1.2575 -4.20952 -52.578
      vertex -1.48875 -2.84701 -52.9786
    endloop
  endfacet
  facet normal -0.866052 -4.22368e-05 0.499953
    outer loop
      vertex 0.475652 -8.72689 -49.5761
      vertex -1.2575 -4.20952 -52.578
      vertex -0.939299 -5.5 -52.0269
    endloop
  endfacet
  facet normal -0.498929 0.0654027 -0.864171
    outer loop
      vertex 9.58217 0 -59.8032
      vertex -1.67616 0 -53.3032
      vertex -1.62911 1.43579 -53.2217
    endloop
  endfacet
  facet normal -0.498929 0.0654027 -0.864171
    outer loop
      vertex 9.58217 0 -59.8032
      vertex -1.62911 1.43579 -53.2217
      vertex 9.62922 1.43579 -59.7217
    endloop
  endfacet
  facet normal -0.277797 -0.831453 -0.481159
    outer loop
      vertex 1.07384 -9.52628 -48.5401
      vertex 0.475652 -8.72689 -49.5761
      vertex 12.3322 -9.52628 -55.0401
    endloop
  endfacet
  facet normal -0.22115 -0.896867 -0.383044
    outer loop
      vertex 1.71908 -10.1627 -47.4225
      vertex 1.07384 -9.52628 -48.5401
      vertex 12.3322 -9.52628 -55.0401
    endloop
  endfacet
  facet normal -0.866023 0 0.500004
    outer loop
      vertex 9.13643 2.84701 -34.5752
      vertex 9.13643 -2.84701 -34.5752
      vertex 9.32384 0 -34.2506
    endloop
  endfacet
  facet normal 0.415733 0.555575 0.720071
    outer loop
      vertex 19.4456 6.69637 -42.7192
      vertex 8.58698 5.5 -35.5269
      vertex 19.8453 5.5 -42.0269
    endloop
  endfacet
  facet normal 0.415733 0.555575 0.720071
    outer loop
      vertex 8.58698 5.5 -35.5269
      vertex 19.4456 6.69637 -42.7192
      vertex 8.18728 6.69637 -36.2192
    endloop
  endfacet
  facet normal -0.473463 0.321458 -0.82006
    outer loop
      vertex 9.76958 2.84701 -59.4786
      vertex -1.2575 4.20952 -52.578
      vertex 10.0008 4.20952 -59.078
    endloop
  endfacet
  facet normal -0.47346 0.321467 -0.820057
    outer loop
      vertex -1.2575 4.20952 -52.578
      vertex 9.76958 2.84701 -59.4786
      vertex -1.48875 2.84701 -52.9786
    endloop
  endfacet
  facet normal -0.375917 0.659351 -0.651109
    outer loop
      vertex 10.7187 6.69637 -57.8346
      vertex -0.0652466 7.77817 -50.513
      vertex 11.1931 7.77817 -57.013
    endloop
  endfacet
  facet normal -0.277796 0.831455 -0.481157
    outer loop
      vertex 11.734 8.72689 -56.0761
      vertex 0.475652 8.72689 -49.5761
      vertex 12.3322 9.52628 -55.0401
    endloop
  endfacet
  facet normal 0.866151 -0.000448197 -0.499781
    outer loop
      vertex 12.9774 10.1627 -53.9225
      vertex 11.734 8.72689 -56.0761
      vertex 12.3322 9.52628 -55.0401
    endloop
  endfacet
  facet normal -0.160713 0.946934 -0.278364
    outer loop
      vertex 13.6587 10.6252 -52.7425
      vertex 1.71908 10.1627 -47.4225
      vertex 2.40034 10.6252 -46.2425
    endloop
  endfacet
  facet normal -0.160711 0.946936 -0.27836
    outer loop
      vertex 1.71908 10.1627 -47.4225
      vertex 13.6587 10.6252 -52.7425
      vertex 12.9774 10.1627 -53.9225
    endloop
  endfacet
  facet normal -0.866088 0.000245206 0.499891
    outer loop
      vertex 1.07384 9.52628 -48.5401
      vertex 0.475652 8.72689 -49.5761
      vertex 1.71908 10.1627 -47.4225
    endloop
  endfacet
  facet normal -0.0326999 0.997859 -0.056638
    outer loop
      vertex 15.0822 11 -50.2769
      vertex 3.10595 10.9059 -45.0203
      vertex 3.82384 11 -43.7769
    endloop
  endfacet
  facet normal 0.0326997 0.997859 0.0566378
    outer loop
      vertex 15.0822 11 -50.2769
      vertex 3.82384 11 -43.7769
      vertex 15.8001 10.9059 -49.0335
    endloop
  endfacet
  facet normal 0.866043 -6.64271e-05 -0.49997
    outer loop
      vertex 17.1869 -10.1627 -46.6314
      vertex 15.8001 -10.9059 -49.0335
      vertex 18.9713 -7.77817 -43.5408
    endloop
  endfacet
  facet normal 0.866023 1.13384e-05 -0.500003
    outer loop
      vertex 18.9713 -7.77817 -43.5408
      vertex 15.8001 -10.9059 -49.0335
      vertex 20.5351 -1.43579 -40.8321
    endloop
  endfacet
  facet normal 0.473456 -0.321483 0.820053
    outer loop
      vertex 9.13643 -2.84701 -34.5752
      vertex 20.1635 -4.20952 -41.4758
      vertex 20.3948 -2.84701 -41.0752
    endloop
  endfacet
  facet normal 0.473461 -0.321467 0.820057
    outer loop
      vertex 20.1635 -4.20952 -41.4758
      vertex 9.13643 -2.84701 -34.5752
      vertex 8.90518 -4.20952 -34.9758
    endloop
  endfacet
  facet normal -0.448441 0.442273 -0.776721
    outer loop
      vertex 10.319 5.5 -58.5269
      vertex -1.2575 4.20952 -52.578
      vertex -0.939299 5.5 -52.0269
    endloop
  endfacet
  facet normal -0.866033 8.47353e-06 0.499987
    outer loop
      vertex -0.539602 6.69637 -51.3346
      vertex -0.939299 5.5 -52.0269
      vertex 0.475652 8.72689 -49.5761
    endloop
  endfacet
  facet normal -0.866068 7.87535e-05 0.499926
    outer loop
      vertex -0.0652466 7.77817 -50.513
      vertex -0.539602 6.69637 -51.3346
      vertex 0.475652 8.72689 -49.5761
    endloop
  endfacet
  facet normal 0.866067 5.62012e-05 -0.499928
    outer loop
      vertex 20.1635 4.20952 -41.4758
      vertex 19.4456 6.69637 -42.7192
      vertex 19.8453 5.5 -42.0269
    endloop
  endfacet
  facet normal 0.866107 0.000101761 -0.499859
    outer loop
      vertex 20.1635 4.20952 -41.4758
      vertex 18.9713 7.77817 -43.5408
      vertex 19.4456 6.69637 -42.7192
    endloop
  endfacet
  facet normal -0.866016 0.000183866 0.500017
    outer loop
      vertex 4.54173 10.9059 -42.5335
      vertex 3.82384 11 -43.7769
      vertex 5.24734 10.6252 -41.3113
    endloop
  endfacet
  facet normal -0.865982 5.26229e-05 0.500075
    outer loop
      vertex 8.90518 4.20952 -34.9758
      vertex 7.71293 7.77817 -37.0408
      vertex 9.13643 2.84701 -34.5752
    endloop
  endfacet
  facet normal -0.866018 1.54121e-05 0.500013
    outer loop
      vertex 7.17203 8.72689 -37.9777
      vertex 5.24734 10.6252 -41.3113
      vertex 9.13643 2.84701 -34.5752
    endloop
  endfacet
  facet normal 0.866046 9.32388e-05 -0.499964
    outer loop
      vertex 17.1869 10.1627 -46.6314
      vertex 15.8001 10.9059 -49.0335
      vertex 16.5057 10.6252 -47.8113
    endloop
  endfacet
  facet normal 0.277782 -0.831473 0.481133
    outer loop
      vertex 18.4304 -8.72689 -44.4777
      vertex 6.57384 -9.52628 -39.0138
      vertex 17.8322 -9.52628 -45.5138
    endloop
  endfacet
  facet normal 0.221146 -0.896871 0.383036
    outer loop
      vertex 17.8322 -9.52628 -45.5138
      vertex 6.57384 -9.52628 -39.0138
      vertex 17.1869 -10.1627 -46.6314
    endloop
  endfacet
  facet normal 0.866025 8.3986e-06 -0.500001
    outer loop
      vertex 15.8001 -10.9059 -49.0335
      vertex 13.6587 -10.6252 -52.7425
      vertex 20.5351 -1.43579 -40.8321
    endloop
  endfacet
  facet normal 0.866019 -0.000184458 -0.500012
    outer loop
      vertex 14.3643 -10.9059 -51.5203
      vertex 13.6587 -10.6252 -52.7425
      vertex 15.8001 -10.9059 -49.0335
    endloop
  endfacet
  facet normal -0.415734 -0.555575 -0.72007
    outer loop
      vertex -0.539602 -6.69637 -51.3346
      vertex 10.319 -5.5 -58.5269
      vertex 10.7187 -6.69637 -57.8346
    endloop
  endfacet
  facet normal -0.415734 -0.555575 -0.720071
    outer loop
      vertex 10.319 -5.5 -58.5269
      vertex -0.539602 -6.69637 -51.3346
      vertex -0.939299 -5.5 -52.0269
    endloop
  endfacet
  facet normal 0.865935 -0.000103914 -0.500157
    outer loop
      vertex 10.0008 -4.20952 -59.078
      vertex 9.76958 -2.84701 -59.4786
      vertex 11.1931 -7.77817 -57.013
    endloop
  endfacet
  facet normal -0.329669 -0.751846 -0.571004
    outer loop
      vertex 0.475652 -8.72689 -49.5761
      vertex -0.0652466 -7.77817 -50.513
      vertex 11.1931 -7.77817 -57.013
    endloop
  endfacet
  facet normal -0.866068 -7.87535e-05 0.499926
    outer loop
      vertex 0.475652 -8.72689 -49.5761
      vertex -0.539602 -6.69637 -51.3346
      vertex -0.0652466 -7.77817 -50.513
    endloop
  endfacet
  facet normal 0.490395 0.195071 0.849388
    outer loop
      vertex 20.3948 2.84701 -41.0752
      vertex 9.27679 1.43579 -34.3321
      vertex 20.5351 1.43579 -40.8321
    endloop
  endfacet
  facet normal 0.490391 0.195091 0.849386
    outer loop
      vertex 9.27679 1.43579 -34.3321
      vertex 20.3948 2.84701 -41.0752
      vertex 9.13643 2.84701 -34.5752
    endloop
  endfacet
  facet normal -0.866002 5.49517e-06 0.50004
    outer loop
      vertex 9.27679 1.43579 -34.3321
      vertex 9.13643 2.84701 -34.5752
      vertex 9.32384 0 -34.2506
    endloop
  endfacet
  facet normal 0.44844 0.442273 0.776721
    outer loop
      vertex 20.1635 4.20952 -41.4758
      vertex 8.58698 5.5 -35.5269
      vertex 8.90518 4.20952 -34.9758
    endloop
  endfacet
  facet normal -0.866028 -3.75637e-06 0.499996
    outer loop
      vertex 8.18728 6.69637 -36.2192
      vertex 7.71293 7.77817 -37.0408
      vertex 8.58698 5.5 -35.5269
    endloop
  endfacet
  facet normal 0.375921 0.659341 0.651116
    outer loop
      vertex 18.9713 7.77817 -43.5408
      vertex 7.71293 7.77817 -37.0408
      vertex 8.18728 6.69637 -36.2192
    endloop
  endfacet
  facet normal -0.0975392 0.980788 -0.168943
    outer loop
      vertex 14.3643 10.9059 -51.5203
      vertex 2.40034 10.6252 -46.2425
      vertex 3.10595 10.9059 -45.0203
    endloop
  endfacet
  facet normal -0.0975395 0.980787 -0.168944
    outer loop
      vertex 2.40034 10.6252 -46.2425
      vertex 14.3643 10.9059 -51.5203
      vertex 13.6587 10.6252 -52.7425
    endloop
  endfacet
  facet normal -0.22115 0.896867 -0.383044
    outer loop
      vertex 12.3322 9.52628 -55.0401
      vertex 1.07384 9.52628 -48.5401
      vertex 1.71908 10.1627 -47.4225
    endloop
  endfacet
  facet normal -0.221153 0.896864 -0.383048
    outer loop
      vertex 12.3322 9.52628 -55.0401
      vertex 1.71908 10.1627 -47.4225
      vertex 12.9774 10.1627 -53.9225
    endloop
  endfacet
  facet normal -0.0326998 0.997859 -0.0566378
    outer loop
      vertex 14.3643 10.9059 -51.5203
      vertex 3.10595 10.9059 -45.0203
      vertex 15.0822 11 -50.2769
    endloop
  endfacet
  facet normal 0.866019 0 -0.500012
    outer loop
      vertex 15.8001 10.9059 -49.0335
      vertex 14.3643 10.9059 -51.5203
      vertex 15.0822 11 -50.2769
    endloop
  endfacet
  facet normal 0.415733 -0.555575 0.720071
    outer loop
      vertex 8.58698 -5.5 -35.5269
      vertex 19.4456 -6.69637 -42.7192
      vertex 19.8453 -5.5 -42.0269
    endloop
  endfacet
  facet normal 0.415733 -0.555575 0.720071
    outer loop
      vertex 19.4456 -6.69637 -42.7192
      vertex 8.58698 -5.5 -35.5269
      vertex 8.18728 -6.69637 -36.2192
    endloop
  endfacet
  facet normal 0.375926 -0.659331 0.651123
    outer loop
      vertex 19.4456 -6.69637 -42.7192
      vertex 8.18728 -6.69637 -36.2192
      vertex 18.9713 -7.77817 -43.5408
    endloop
  endfacet
  facet normal -0.448441 0.442273 -0.776721
    outer loop
      vertex 10.0008 4.20952 -59.078
      vertex -1.2575 4.20952 -52.578
      vertex 10.319 5.5 -58.5269
    endloop
  endfacet
  facet normal 0.866067 -5.62012e-05 -0.499928
    outer loop
      vertex 10.7187 6.69637 -57.8346
      vertex 10.0008 4.20952 -59.078
      vertex 10.319 5.5 -58.5269
    endloop
  endfacet
  facet normal -0.86604 -5.98424e-05 0.499975
    outer loop
      vertex 3.10595 -10.9059 -45.0203
      vertex 1.71908 -10.1627 -47.4225
      vertex 2.40034 -10.6252 -46.2425
    endloop
  endfacet
  facet normal 0.866055 2.07302e-05 -0.499949
    outer loop
      vertex 13.6587 10.6252 -52.7425
      vertex 15.291 3.17262 -49.9152
      vertex 15.0822 3.2 -50.2769
    endloop
  endfacet
  facet normal 0.865965 -5.80195e-05 -0.500105
    outer loop
      vertex 13.6587 10.6252 -52.7425
      vertex 15.4963 3.09096 -49.5597
      vertex 15.291 3.17262 -49.9152
    endloop
  endfacet
  facet normal 0.866031 6.86964e-06 -0.49999
    outer loop
      vertex 13.6587 10.6252 -52.7425
      vertex 15.6945 2.95641 -49.2164
      vertex 15.4963 3.09096 -49.5597
    endloop
  endfacet
  facet normal 0.86602 -4.8893e-06 -0.500009
    outer loop
      vertex 13.6587 10.6252 -52.7425
      vertex 15.8822 2.77128 -48.8913
      vertex 15.6945 2.95641 -49.2164
    endloop
  endfacet
  facet normal 0.86603 5.69956e-06 -0.499993
    outer loop
      vertex 20.5351 1.43579 -40.8321
      vertex 15.8822 2.77128 -48.8913
      vertex 13.6587 10.6252 -52.7425
    endloop
  endfacet
  facet normal 0.866026 -4.89962e-05 -0.5
    outer loop
      vertex 15.8822 2.77128 -48.8913
      vertex 20.5351 1.43579 -40.8321
      vertex 16.0562 2.53873 -48.5899
    endloop
  endfacet
  facet normal 0.86601 -0.000304071 -0.500027
    outer loop
      vertex 16.0562 2.53873 -48.5899
      vertex 20.5351 1.43579 -40.8321
      vertex 16.2135 2.26274 -48.3173
    endloop
  endfacet
  facet normal 0.866026 3.82055e-05 -0.499998
    outer loop
      vertex 16.2135 2.26274 -48.3173
      vertex 20.5351 1.43579 -40.8321
      vertex 16.3515 1.94804 -48.0783
    endloop
  endfacet
  facet normal 0.866027 5.58614e-05 -0.499997
    outer loop
      vertex 16.3515 1.94804 -48.0783
      vertex 20.5351 1.43579 -40.8321
      vertex 16.4678 1.6 -47.8769
    endloop
  endfacet
  facet normal 0.866028 0.000119166 -0.499996
    outer loop
      vertex 20.5351 1.43579 -40.8321
      vertex 16.5604 1.22459 -47.7166
      vertex 16.4678 1.6 -47.8769
    endloop
  endfacet
  facet normal 0.866028 8.62752e-05 -0.499996
    outer loop
      vertex 20.5351 1.43579 -40.8321
      vertex 16.6277 0.82822 -47.6001
      vertex 16.5604 1.22459 -47.7166
    endloop
  endfacet
  facet normal 0.866037 -0.000156392 -0.499979
    outer loop
      vertex 20.5351 1.43579 -40.8321
      vertex 16.6685 0.417684 -47.5293
      vertex 16.6277 0.82822 -47.6001
    endloop
  endfacet
  facet normal 0.866025 3.47522e-05 -0.500001
    outer loop
      vertex 20.5351 1.43579 -40.8321
      vertex 16.6822 0 -47.5056
      vertex 16.6685 0.417684 -47.5293
    endloop
  endfacet
  facet normal 0.866028 0 -0.499995
    outer loop
      vertex 20.5351 -1.43579 -40.8321
      vertex 16.6822 0 -47.5056
      vertex 20.5351 1.43579 -40.8321
    endloop
  endfacet
  facet normal 0.866025 -3.47522e-05 -0.500001
    outer loop
      vertex 16.6822 0 -47.5056
      vertex 20.5351 -1.43579 -40.8321
      vertex 16.6685 -0.417684 -47.5293
    endloop
  endfacet
  facet normal 0.866037 0.000156392 -0.499979
    outer loop
      vertex 16.6685 -0.417684 -47.5293
      vertex 20.5351 -1.43579 -40.8321
      vertex 16.6277 -0.82822 -47.6001
    endloop
  endfacet
  facet normal 0.866028 -8.62752e-05 -0.499996
    outer loop
      vertex 16.6277 -0.82822 -47.6001
      vertex 20.5351 -1.43579 -40.8321
      vertex 16.5604 -1.22459 -47.7166
    endloop
  endfacet
  facet normal 0.866028 -0.000119166 -0.499996
    outer loop
      vertex 20.5351 -1.43579 -40.8321
      vertex 16.4678 -1.6 -47.8769
      vertex 16.5604 -1.22459 -47.7166
    endloop
  endfacet
  facet normal 0.866027 -5.58614e-05 -0.499997
    outer loop
      vertex 20.5351 -1.43579 -40.8321
      vertex 16.3515 -1.94804 -48.0783
      vertex 16.4678 -1.6 -47.8769
    endloop
  endfacet
  facet normal 0.866026 -3.82055e-05 -0.499998
    outer loop
      vertex 20.5351 -1.43579 -40.8321
      vertex 16.2135 -2.26274 -48.3173
      vertex 16.3515 -1.94804 -48.0783
    endloop
  endfacet
  facet normal 0.86601 0.000304071 -0.500027
    outer loop
      vertex 20.5351 -1.43579 -40.8321
      vertex 16.0562 -2.53873 -48.5899
      vertex 16.2135 -2.26274 -48.3173
    endloop
  endfacet
  facet normal 0.866026 4.89962e-05 -0.5
    outer loop
      vertex 20.5351 -1.43579 -40.8321
      vertex 15.8822 -2.77128 -48.8913
      vertex 16.0562 -2.53873 -48.5899
    endloop
  endfacet
  facet normal 0.86603 -5.69956e-06 -0.499993
    outer loop
      vertex 13.6587 -10.6252 -52.7425
      vertex 15.8822 -2.77128 -48.8913
      vertex 20.5351 -1.43579 -40.8321
    endloop
  endfacet
  facet normal 0.86602 4.8893e-06 -0.500009
    outer loop
      vertex 15.8822 -2.77128 -48.8913
      vertex 13.6587 -10.6252 -52.7425
      vertex 15.6945 -2.95641 -49.2164
    endloop
  endfacet
  facet normal 0.866031 -6.86964e-06 -0.49999
    outer loop
      vertex 15.6945 -2.95641 -49.2164
      vertex 13.6587 -10.6252 -52.7425
      vertex 15.4963 -3.09096 -49.5597
    endloop
  endfacet
  facet normal 0.866055 -2.07302e-05 -0.499949
    outer loop
      vertex 15.291 -3.17262 -49.9152
      vertex 13.6587 -10.6252 -52.7425
      vertex 15.0822 -3.2 -50.2769
    endloop
  endfacet
  facet normal 0.865965 5.80195e-05 -0.500105
    outer loop
      vertex 15.4963 -3.09096 -49.5597
      vertex 13.6587 -10.6252 -52.7425
      vertex 15.291 -3.17262 -49.9152
    endloop
  endfacet
  facet normal 0.865952 -5.78381e-05 -0.500127
    outer loop
      vertex 14.8733 3.17262 -50.6386
      vertex 13.6587 10.6252 -52.7425
      vertex 15.0822 3.2 -50.2769
    endloop
  endfacet
  facet normal 0.866131 5.87704e-05 -0.499817
    outer loop
      vertex 14.6681 3.09096 -50.9942
      vertex 13.6587 10.6252 -52.7425
      vertex 14.8733 3.17262 -50.6386
    endloop
  endfacet
  facet normal 0.865972 -2.67007e-05 -0.500093
    outer loop
      vertex 14.4699 2.95641 -51.3374
      vertex 13.6587 10.6252 -52.7425
      vertex 14.6681 3.09096 -50.9942
    endloop
  endfacet
  facet normal 0.866083 2.04318e-05 -0.4999
    outer loop
      vertex 14.2822 2.77128 -51.6626
      vertex 13.6587 10.6252 -52.7425
      vertex 14.4699 2.95641 -51.3374
    endloop
  endfacet
  facet normal 0.86604 6.71451e-06 -0.499975
    outer loop
      vertex 14.1082 2.53873 -51.964
      vertex 13.6587 10.6252 -52.7425
      vertex 14.2822 2.77128 -51.6626
    endloop
  endfacet
  facet normal 0.865934 -1.68824e-05 -0.500159
    outer loop
      vertex 13.9508 2.26274 -52.2365
      vertex 13.6587 10.6252 -52.7425
      vertex 14.1082 2.53873 -51.964
    endloop
  endfacet
  facet normal 0.866008 -6.46135e-06 -0.50003
    outer loop
      vertex 13.8128 1.94804 -52.4755
      vertex 13.6587 10.6252 -52.7425
      vertex 13.9508 2.26274 -52.2365
    endloop
  endfacet
  facet normal 0.865991 -7.69767e-06 -0.50006
    outer loop
      vertex 13.6965 1.6 -52.6769
      vertex 13.6587 10.6252 -52.7425
      vertex 13.8128 1.94804 -52.4755
    endloop
  endfacet
  facet normal 0.866449 0 -0.499265
    outer loop
      vertex 13.6587 10.6252 -52.7425
      vertex 13.6965 1.6 -52.6769
      vertex 13.6587 1.44644 -52.7425
    endloop
  endfacet
  facet normal 0.866449 0 -0.499265
    outer loop
      vertex 13.6965 -1.6 -52.6769
      vertex 13.6587 -10.6252 -52.7425
      vertex 13.6587 -1.44644 -52.7425
    endloop
  endfacet
  facet normal 0.865991 7.69767e-06 -0.50006
    outer loop
      vertex 13.8128 -1.94804 -52.4755
      vertex 13.6587 -10.6252 -52.7425
      vertex 13.6965 -1.6 -52.6769
    endloop
  endfacet
  facet normal 0.866008 6.46135e-06 -0.50003
    outer loop
      vertex 13.9508 -2.26274 -52.2365
      vertex 13.6587 -10.6252 -52.7425
      vertex 13.8128 -1.94804 -52.4755
    endloop
  endfacet
  facet normal 0.865934 1.68824e-05 -0.500159
    outer loop
      vertex 14.1082 -2.53873 -51.964
      vertex 13.6587 -10.6252 -52.7425
      vertex 13.9508 -2.26274 -52.2365
    endloop
  endfacet
  facet normal 0.86604 -6.71451e-06 -0.499975
    outer loop
      vertex 14.2822 -2.77128 -51.6626
      vertex 13.6587 -10.6252 -52.7425
      vertex 14.1082 -2.53873 -51.964
    endloop
  endfacet
  facet normal 0.866083 -2.04318e-05 -0.4999
    outer loop
      vertex 14.4699 -2.95641 -51.3374
      vertex 13.6587 -10.6252 -52.7425
      vertex 14.2822 -2.77128 -51.6626
    endloop
  endfacet
  facet normal 0.865972 2.67007e-05 -0.500093
    outer loop
      vertex 14.6681 -3.09096 -50.9942
      vertex 13.6587 -10.6252 -52.7425
      vertex 14.4699 -2.95641 -51.3374
    endloop
  endfacet
  facet normal 0.866131 -5.87704e-05 -0.499817
    outer loop
      vertex 14.8733 -3.17262 -50.6386
      vertex 13.6587 -10.6252 -52.7425
      vertex 14.6681 -3.09096 -50.9942
    endloop
  endfacet
  facet normal 0.865952 5.78381e-05 -0.500127
    outer loop
      vertex 13.6587 -10.6252 -52.7425
      vertex 14.8733 -3.17262 -50.6386
      vertex 15.0822 -3.2 -50.2769
    endloop
  endfacet
  facet normal -0.866039 -1.29516e-05 0.499977
    outer loop
      vertex 7.71293 7.77817 -37.0408
      vertex 7.17203 8.72689 -37.9777
      vertex 9.13643 2.84701 -34.5752
    endloop
  endfacet
  facet normal 0.329668 0.751846 0.571004
    outer loop
      vertex 18.9713 7.77817 -43.5408
      vertex 7.17203 8.72689 -37.9777
      vertex 7.71293 7.77817 -37.0408
    endloop
  endfacet
  facet normal 0.329668 0.751846 0.571004
    outer loop
      vertex 7.17203 8.72689 -37.9777
      vertex 18.9713 7.77817 -43.5408
      vertex 18.4304 8.72689 -44.4777
    endloop
  endfacet
  facet normal -0.866044 9.34702e-05 0.499967
    outer loop
      vertex 1.71908 10.1627 -47.4225
      vertex 0.475652 8.72689 -49.5761
      vertex 3.10595 10.9059 -45.0203
    endloop
  endfacet
  facet normal -0.86604 5.98424e-05 0.499975
    outer loop
      vertex 2.40034 10.6252 -46.2425
      vertex 1.71908 10.1627 -47.4225
      vertex 3.10595 10.9059 -45.0203
    endloop
  endfacet
  facet normal -0.866026 2.84211e-06 0.5
    outer loop
      vertex 3.10595 10.9059 -45.0203
      vertex 0.475652 8.72689 -49.5761
      vertex 5.24734 10.6252 -41.3113
    endloop
  endfacet
  facet normal -0.866024 6.16405e-05 0.500003
    outer loop
      vertex 3.82384 11 -43.7769
      vertex 3.10595 10.9059 -45.0203
      vertex 5.24734 10.6252 -41.3113
    endloop
  endfacet
  facet normal -0.866028 3.75637e-06 0.499996
    outer loop
      vertex 8.58698 -5.5 -35.5269
      vertex 7.71293 -7.77817 -37.0408
      vertex 8.18728 -6.69637 -36.2192
    endloop
  endfacet
  facet normal -0.852647 0 0.522487
    outer loop
      vertex -16.7846 -30 18.9282
      vertex -10 30 30
      vertex -16.7846 30 18.9282
    endloop
  endfacet
  facet normal -0.852647 0 0.522487
    outer loop
      vertex -10 30 30
      vertex -16.7846 -30 18.9282
      vertex -10 -30 30
    endloop
  endfacet
  facet normal 0 1 0
    outer loop
      vertex 22.7846 30 -8.5359
      vertex 60 30 30
      vertex 60 30 21
    endloop
  endfacet
  facet normal 0 1 0
    outer loop
      vertex 60 30 30
      vertex 22.7846 30 -8.5359
      vertex -10 30 30
    endloop
  endfacet
  facet normal 0 1 0
    outer loop
      vertex -10 30 30
      vertex 22.7846 30 -8.5359
      vertex -16.7846 30 18.9282
    endloop
  endfacet
  facet normal 0 1 0
    outer loop
      vertex -16.7846 30 18.9282
      vertex 22.7846 30 -8.5359
      vertex -18.7846 30 15.4641
    endloop
  endfacet
  facet normal 1 -0 0
    outer loop
      vertex 60 -30 30
      vertex 60 30 21
      vertex 60 30 30
    endloop
  endfacet
  facet normal 1 0 0
    outer loop
      vertex 60 30 21
      vertex 60 -30 30
      vertex 60 -30 21
    endloop
  endfacet
  facet normal 0.621656 0 -0.78329
    outer loop
      vertex 60 -30 21
      vertex 24.7143 -27 -7.00441
      vertex 60 30 21
    endloop
  endfacet
  facet normal 0.621664 0.000139939 -0.783284
    outer loop
      vertex 60 -30 21
      vertex 24.7116 -27.0398 -7.00656
      vertex 24.7143 -27 -7.00441
    endloop
  endfacet
  facet normal 0.621655 -3.32087e-05 -0.783291
    outer loop
      vertex 60 -30 21
      vertex 24.6901 -27.3547 -7.02361
      vertex 24.7116 -27.0398 -7.00656
    endloop
  endfacet
  facet normal 0.621654 -5.41402e-05 -0.783292
    outer loop
      vertex 60 -30 21
      vertex 24.6423 -27.5876 -7.06153
      vertex 24.6901 -27.3547 -7.02361
    endloop
  endfacet
  facet normal 0.621667 0.000263502 -0.783282
    outer loop
      vertex 60 -30 21
      vertex 24.6167 -27.7126 -7.08189
      vertex 24.6423 -27.5876 -7.06153
    endloop
  endfacet
  facet normal 0.621649 -0.00019183 -0.783296
    outer loop
      vertex 60 -30 21
      vertex 24.5263 -27.9754 -7.15357
      vertex 24.6167 -27.7126 -7.08189
    endloop
  endfacet
  facet normal 0.621662 0.000168725 -0.783286
    outer loop
      vertex 60 -30 21
      vertex 24.4913 -28.0773 -7.18137
      vertex 24.5263 -27.9754 -7.15357
    endloop
  endfacet
  facet normal 0.621657 1.60483e-05 -0.78329
    outer loop
      vertex 60 -30 21
      vertex 24.439 -28.1851 -7.22288
      vertex 24.4913 -28.0773 -7.18137
    endloop
  endfacet
  facet normal 0.621659 8.7085e-05 -0.783288
    outer loop
      vertex 60 -30 21
      vertex 24.2832 -28.4452 -7.34656
      vertex 24.439 -28.1851 -7.22288
    endloop
  endfacet
  facet normal 0.621656 -7.46736e-06 -0.78329
    outer loop
      vertex 60 -30 21
      vertex 24.1198 -28.6533 -7.47624
      vertex 24.2832 -28.4452 -7.34656
    endloop
  endfacet
  facet normal 0.621655 -4.58972e-05 -0.783291
    outer loop
      vertex 60 -30 21
      vertex 24.0465 -28.7253 -7.53441
      vertex 24.1198 -28.6533 -7.47624
    endloop
  endfacet
  facet normal 0.621661 0.000195753 -0.783287
    outer loop
      vertex 60 -30 21
      vertex 23.9645 -28.806 -7.59951
      vertex 24.0465 -28.7253 -7.53441
    endloop
  endfacet
  facet normal 0.621656 -2.25635e-05 -0.78329
    outer loop
      vertex 22.7846 -30 -8.5359
      vertex 23.9645 -28.806 -7.59951
      vertex 60 -30 21
    endloop
  endfacet
  facet normal 0.62141 0.000373429 -0.783485
    outer loop
      vertex 23.9645 -28.806 -7.59951
      vertex 22.7846 -30 -8.5359
      vertex 23.7921 -28.939 -7.73631
    endloop
  endfacet
  facet normal 0.621752 -0.000155539 -0.783214
    outer loop
      vertex 23.7921 -28.939 -7.73631
      vertex 22.7846 -30 -8.5359
      vertex 23.4598 -29.1168 -8.00007
    endloop
  endfacet
  facet normal 0.621632 -5.71391e-06 -0.78331
    outer loop
      vertex 23.4598 -29.1168 -8.00007
      vertex 22.7846 -30 -8.5359
      vertex 22.8323 -29.375 -8.49805
    endloop
  endfacet
  facet normal 0.621586 0 -0.783346
    outer loop
      vertex 22.8323 -29.375 -8.49805
      vertex 22.7846 -30 -8.5359
      vertex 22.7846 -29.3899 -8.5359
    endloop
  endfacet
  facet normal 0.621656 0 -0.78329
    outer loop
      vertex 24.7143 27 -7.00441
      vertex 60 30 21
      vertex 24.7143 -27 -7.00441
    endloop
  endfacet
  facet normal 0.621664 -0.000139939 -0.783284
    outer loop
      vertex 24.7116 27.0398 -7.00656
      vertex 60 30 21
      vertex 24.7143 27 -7.00441
    endloop
  endfacet
  facet normal 0.621655 3.32087e-05 -0.783291
    outer loop
      vertex 24.6901 27.3547 -7.02361
      vertex 60 30 21
      vertex 24.7116 27.0398 -7.00656
    endloop
  endfacet
  facet normal 0.621654 5.41402e-05 -0.783292
    outer loop
      vertex 24.6423 27.5876 -7.06153
      vertex 60 30 21
      vertex 24.6901 27.3547 -7.02361
    endloop
  endfacet
  facet normal 0.621667 -0.000263502 -0.783282
    outer loop
      vertex 24.6167 27.7126 -7.08189
      vertex 60 30 21
      vertex 24.6423 27.5876 -7.06153
    endloop
  endfacet
  facet normal 0.621649 0.00019183 -0.783296
    outer loop
      vertex 24.5263 27.9754 -7.15357
      vertex 60 30 21
      vertex 24.6167 27.7126 -7.08189
    endloop
  endfacet
  facet normal 0.621662 -0.000168725 -0.783286
    outer loop
      vertex 24.4913 28.0773 -7.18137
      vertex 60 30 21
      vertex 24.5263 27.9754 -7.15357
    endloop
  endfacet
  facet normal 0.621657 -1.60483e-05 -0.78329
    outer loop
      vertex 24.439 28.1851 -7.22288
      vertex 60 30 21
      vertex 24.4913 28.0773 -7.18137
    endloop
  endfacet
  facet normal 0.621659 -8.7085e-05 -0.783288
    outer loop
      vertex 24.2832 28.4452 -7.34656
      vertex 60 30 21
      vertex 24.439 28.1851 -7.22288
    endloop
  endfacet
  facet normal 0.621656 7.46736e-06 -0.78329
    outer loop
      vertex 24.1198 28.6533 -7.47624
      vertex 60 30 21
      vertex 24.2832 28.4452 -7.34656
    endloop
  endfacet
  facet normal 0.621655 4.58972e-05 -0.783291
    outer loop
      vertex 24.0465 28.7253 -7.53441
      vertex 60 30 21
      vertex 24.1198 28.6533 -7.47624
    endloop
  endfacet
  facet normal 0.621661 -0.000195753 -0.783287
    outer loop
      vertex 23.9645 28.806 -7.59951
      vertex 60 30 21
      vertex 24.0465 28.7253 -7.53441
    endloop
  endfacet
  facet normal 0.62141 -0.000373429 -0.783485
    outer loop
      vertex 22.7846 30 -8.5359
      vertex 23.9645 28.806 -7.59951
      vertex 23.7921 28.939 -7.73631
    endloop
  endfacet
  facet normal 0.621752 0.000155539 -0.783214
    outer loop
      vertex 22.7846 30 -8.5359
      vertex 23.7921 28.939 -7.73631
      vertex 23.4598 29.1168 -8.00007
    endloop
  endfacet
  facet normal 0.621632 5.71391e-06 -0.78331
    outer loop
      vertex 22.7846 30 -8.5359
      vertex 23.4598 29.1168 -8.00007
      vertex 22.8323 29.375 -8.49805
    endloop
  endfacet
  facet normal 0.621586 0 -0.783346
    outer loop
      vertex 22.7846 30 -8.5359
      vertex 22.8323 29.375 -8.49805
      vertex 22.7846 29.3899 -8.5359
    endloop
  endfacet
  facet normal 0.621656 2.25635e-05 -0.78329
    outer loop
      vertex 23.9645 28.806 -7.59951
      vertex 22.7846 30 -8.5359
      vertex 60 30 21
    endloop
  endfacet
  facet normal -0.499995 0 -0.866029
    outer loop
      vertex 22.7846 -30 -8.5359
      vertex 22.522 -29.5925 -8.38429
      vertex 22.7846 -29.3899 -8.5359
    endloop
  endfacet
  facet normal -0.500042 -4.0687e-05 -0.866001
    outer loop
      vertex 22.7846 -30 -8.5359
      vertex 22.2179 -29.7657 -8.20869
      vertex 22.522 -29.5925 -8.38429
    endloop
  endfacet
  facet normal -0.500017 3.90997e-05 -0.866015
    outer loop
      vertex 22.7846 -30 -8.5359
      vertex 21.8968 -29.8916 -8.0233
      vertex 22.2179 -29.7657 -8.20869
    endloop
  endfacet
  facet normal -0.500016 5.44044e-05 -0.866016
    outer loop
      vertex 22.7846 -30 -8.5359
      vertex 21.5642 -29.968 -7.83127
      vertex 21.8968 -29.8916 -8.0233
    endloop
  endfacet
  facet normal -0.50001 0.000354963 -0.86602
    outer loop
      vertex 22.7846 -30 -8.5359
      vertex 21.2258 -29.9936 -7.6359
      vertex 21.5642 -29.968 -7.83127
    endloop
  endfacet
  facet normal -0.499996 0.00380856 -0.86602
    outer loop
      vertex 22.7846 -30 -8.5359
      vertex 4.59808 -29.9936 1.9641
      vertex 21.2258 -29.9936 -7.6359
    endloop
  endfacet
  facet normal -0.499992 0 -0.86603
    outer loop
      vertex 2.00556 -27 3.46089
      vertex 1.99444 -27 3.46731
      vertex 2.00556 27 3.46089
    endloop
  endfacet
  facet normal -0.499992 1.02857e-05 -0.86603
    outer loop
      vertex 2.02774 -27.3907 3.44808
      vertex 1.99444 -27 3.46731
      vertex 2.00556 -27 3.46089
    endloop
  endfacet
  facet normal -0.500101 -2.06144e-06 -0.865967
    outer loop
      vertex 2.02774 -27.3907 3.44808
      vertex 1.97226 -27.3907 3.48012
      vertex 1.99444 -27 3.46731
    endloop
  endfacet
  facet normal -0.500101 -4.00355e-05 -0.865967
    outer loop
      vertex 2.0939 -27.7748 3.40989
      vertex 1.97226 -27.3907 3.48012
      vertex 2.02774 -27.3907 3.44808
    endloop
  endfacet
  facet normal -0.499978 1.57671e-05 -0.866038
    outer loop
      vertex 1.9061 -27.7748 3.51831
      vertex 2.0939 -27.7748 3.40989
      vertex 2.20291 -28.1456 3.34695
    endloop
  endfacet
  facet normal -0.499978 1.18283e-05 -0.866038
    outer loop
      vertex 2.0939 -27.7748 3.40989
      vertex 1.9061 -27.7748 3.51831
      vertex 1.97226 -27.3907 3.48012
    endloop
  endfacet
  facet normal -0.5 -2.1887e-06 -0.866026
    outer loop
      vertex 1.79709 -28.1456 3.58125
      vertex 2.20291 -28.1456 3.34695
      vertex 2.35289 -28.4968 3.26036
    endloop
  endfacet
  facet normal -0.499998 5.43278e-06 -0.866027
    outer loop
      vertex 1.64711 -28.4968 3.66784
      vertex 2.35289 -28.4968 3.26036
      vertex 2.5413 -28.8224 3.15158
    endloop
  endfacet
  facet normal -0.5 -7.2964e-06 -0.866026
    outer loop
      vertex 2.20291 -28.1456 3.34695
      vertex 1.79709 -28.1456 3.58125
      vertex 1.9061 -27.7748 3.51831
    endloop
  endfacet
  facet normal -0.5 3.81498e-07 -0.866025
    outer loop
      vertex 1.4587 -28.8224 3.77662
      vertex 2.5413 -28.8224 3.15158
      vertex 2.76489 -29.1168 3.02249
    endloop
  endfacet
  facet normal -0.5 -2.40902e-05 -0.866025
    outer loop
      vertex 1.23511 -29.1168 3.90571
      vertex 2.76489 -29.1168 3.02249
      vertex 3.01986 -29.375 2.87529
    endloop
  endfacet
  facet normal -0.499998 1.25849e-06 -0.866027
    outer loop
      vertex 2.35289 -28.4968 3.26036
      vertex 1.64711 -28.4968 3.66784
      vertex 1.79709 -28.1456 3.58125
    endloop
  endfacet
  facet normal -0.499997 4.62727e-05 -0.866027
    outer loop
      vertex 0.980146 -29.375 4.05291
      vertex 3.01986 -29.375 2.87529
      vertex 3.30182 -29.5925 2.71249
    endloop
  endfacet
  facet normal -0.5 -3.54179e-06 -0.866025
    outer loop
      vertex 2.5413 -28.8224 3.15158
      vertex 1.4587 -28.8224 3.77662
      vertex 1.64711 -28.4968 3.66784
    endloop
  endfacet
  facet normal -0.500002 -6.02846e-05 -0.866024
    outer loop
      vertex 0.698181 -29.5925 4.21571
      vertex 3.30182 -29.5925 2.71249
      vertex 3.60597 -29.7657 2.5369
    endloop
  endfacet
  facet normal -0.5 -2.6998e-07 -0.866025
    outer loop
      vertex 2.76489 -29.1168 3.02249
      vertex 1.23511 -29.1168 3.90571
      vertex 1.4587 -28.8224 3.77662
    endloop
  endfacet
  facet normal -0.499998 1.63524e-05 -0.866027
    outer loop
      vertex 0.394036 -29.7657 4.3913
      vertex 3.60597 -29.7657 2.5369
      vertex 3.92709 -29.8916 2.3515
    endloop
  endfacet
  facet normal -0.499997 7.90112e-06 -0.866027
    outer loop
      vertex 3.01986 -29.375 2.87529
      vertex 0.980146 -29.375 4.05291
      vertex 1.23511 -29.1168 3.90571
    endloop
  endfacet
  facet normal -0.499999 4.54561e-05 -0.866026
    outer loop
      vertex 0.0729163 -29.8916 4.5767
      vertex 3.92709 -29.8916 2.3515
      vertex 4.25969 -29.968 2.15947
    endloop
  endfacet
  facet normal -0.500002 -2.60008e-05 -0.866024
    outer loop
      vertex 3.30182 -29.5925 2.71249
      vertex 0.698181 -29.5925 4.21571
      vertex 0.980146 -29.375 4.05291
    endloop
  endfacet
  facet normal -0.499998 3.58003e-05 -0.866027
    outer loop
      vertex 3.60597 -29.7657 2.5369
      vertex 0.394036 -29.7657 4.3913
      vertex 0.698181 -29.5925 4.21571
    endloop
  endfacet
  facet normal -0.5 2.09766e-05 -0.866026
    outer loop
      vertex -0.259685 -29.968 4.76873
      vertex 4.25969 -29.968 2.15947
      vertex 4.59808 -29.9936 1.9641
    endloop
  endfacet
  facet normal -0.499999 -1.47197e-05 -0.866026
    outer loop
      vertex 3.92709 -29.8916 2.3515
      vertex 0.0729163 -29.8916 4.5767
      vertex 0.394036 -29.7657 4.3913
    endloop
  endfacet
  facet normal -0.5 -3.08838e-05 -0.866026
    outer loop
      vertex 4.25969 -29.968 2.15947
      vertex -0.259685 -29.968 4.76873
      vertex 0.0729163 -29.8916 4.5767
    endloop
  endfacet
  facet normal -0.5 1.48437e-08 -0.866026
    outer loop
      vertex 4.59808 -29.9936 1.9641
      vertex -0.598076 -29.9936 4.9641
      vertex -0.259685 -29.968 4.76873
    endloop
  endfacet
  facet normal -0.499999 0.00203124 -0.866024
    outer loop
      vertex 22.7846 -30 -8.5359
      vertex -0.598076 -29.9936 4.9641
      vertex 4.59808 -29.9936 1.9641
    endloop
  endfacet
  facet normal -0.499994 0.0047558 -0.866016
    outer loop
      vertex 22.7846 -30 -8.5359
      vertex -17.2258 -29.9936 14.5641
      vertex -0.598076 -29.9936 4.9641
    endloop
  endfacet
  facet normal -0.499997 -0.0035156 -0.86602
    outer loop
      vertex -18.7846 -30 15.4641
      vertex -17.2258 -29.9936 14.5641
      vertex 22.7846 -30 -8.5359
    endloop
  endfacet
  facet normal -0.500013 0.000607659 -0.866018
    outer loop
      vertex -18.7846 -30 15.4641
      vertex -17.5642 -29.968 14.7595
      vertex -17.2258 -29.9936 14.5641
    endloop
  endfacet
  facet normal -0.499995 -0.000276444 -0.866028
    outer loop
      vertex -18.7846 -30 15.4641
      vertex -17.8968 -29.8916 14.9515
      vertex -17.5642 -29.968 14.7595
    endloop
  endfacet
  facet normal -0.500022 1.33522e-05 -0.866013
    outer loop
      vertex -18.7846 -30 15.4641
      vertex -18.2179 -29.7657 15.1369
      vertex -17.8968 -29.8916 14.9515
    endloop
  endfacet
  facet normal -0.500035 5.62331e-05 -0.866005
    outer loop
      vertex -18.7846 -30 15.4641
      vertex -18.522 -29.5925 15.3125
      vertex -18.2179 -29.7657 15.1369
    endloop
  endfacet
  facet normal -0.49997 0 -0.866043
    outer loop
      vertex -18.522 -29.5925 15.3125
      vertex -18.7846 -30 15.4641
      vertex -18.7846 -29.3899 15.4641
    endloop
  endfacet
  facet normal -0.499995 0 -0.866029
    outer loop
      vertex 22.522 29.5925 -8.38429
      vertex 22.7846 30 -8.5359
      vertex 22.7846 29.3899 -8.5359
    endloop
  endfacet
  facet normal -0.500042 4.0687e-05 -0.866001
    outer loop
      vertex 22.2179 29.7657 -8.20869
      vertex 22.7846 30 -8.5359
      vertex 22.522 29.5925 -8.38429
    endloop
  endfacet
  facet normal -0.500017 -3.90997e-05 -0.866015
    outer loop
      vertex 21.8968 29.8916 -8.0233
      vertex 22.7846 30 -8.5359
      vertex 22.2179 29.7657 -8.20869
    endloop
  endfacet
  facet normal -0.500016 -5.44044e-05 -0.866016
    outer loop
      vertex 21.5642 29.968 -7.83127
      vertex 22.7846 30 -8.5359
      vertex 21.8968 29.8916 -8.0233
    endloop
  endfacet
  facet normal -0.50001 -0.000354963 -0.86602
    outer loop
      vertex 21.2258 29.9936 -7.6359
      vertex 22.7846 30 -8.5359
      vertex 21.5642 29.968 -7.83127
    endloop
  endfacet
  facet normal -0.499996 -0.00380856 -0.86602
    outer loop
      vertex 4.59808 29.9936 1.9641
      vertex 22.7846 30 -8.5359
      vertex 21.2258 29.9936 -7.6359
    endloop
  endfacet
  facet normal -0.499992 -0 -0.86603
    outer loop
      vertex 1.99444 27 3.46731
      vertex 2.00556 27 3.46089
      vertex 1.99444 -27 3.46731
    endloop
  endfacet
  facet normal -0.499992 -1.02857e-05 -0.86603
    outer loop
      vertex 1.99444 27 3.46731
      vertex 2.02774 27.3907 3.44808
      vertex 2.00556 27 3.46089
    endloop
  endfacet
  facet normal -0.500101 2.06144e-06 -0.865967
    outer loop
      vertex 1.97226 27.3907 3.48012
      vertex 2.02774 27.3907 3.44808
      vertex 1.99444 27 3.46731
    endloop
  endfacet
  facet normal -0.500101 4.00355e-05 -0.865967
    outer loop
      vertex 1.97226 27.3907 3.48012
      vertex 2.0939 27.7748 3.40989
      vertex 2.02774 27.3907 3.44808
    endloop
  endfacet
  facet normal -0.499978 -1.18283e-05 -0.866038
    outer loop
      vertex 1.9061 27.7748 3.51831
      vertex 2.0939 27.7748 3.40989
      vertex 1.97226 27.3907 3.48012
    endloop
  endfacet
  facet normal -0.499978 -1.57671e-05 -0.866038
    outer loop
      vertex 2.0939 27.7748 3.40989
      vertex 1.9061 27.7748 3.51831
      vertex 2.20291 28.1456 3.34695
    endloop
  endfacet
  facet normal -0.5 7.2964e-06 -0.866026
    outer loop
      vertex 1.79709 28.1456 3.58125
      vertex 2.20291 28.1456 3.34695
      vertex 1.9061 27.7748 3.51831
    endloop
  endfacet
  facet normal -0.5 2.1887e-06 -0.866026
    outer loop
      vertex 2.20291 28.1456 3.34695
      vertex 1.79709 28.1456 3.58125
      vertex 2.35289 28.4968 3.26036
    endloop
  endfacet
  facet normal -0.499998 -1.25849e-06 -0.866027
    outer loop
      vertex 1.64711 28.4968 3.66784
      vertex 2.35289 28.4968 3.26036
      vertex 1.79709 28.1456 3.58125
    endloop
  endfacet
  facet normal -0.499998 -5.43278e-06 -0.866027
    outer loop
      vertex 2.35289 28.4968 3.26036
      vertex 1.64711 28.4968 3.66784
      vertex 2.5413 28.8224 3.15158
    endloop
  endfacet
  facet normal -0.5 3.54179e-06 -0.866025
    outer loop
      vertex 1.4587 28.8224 3.77662
      vertex 2.5413 28.8224 3.15158
      vertex 1.64711 28.4968 3.66784
    endloop
  endfacet
  facet normal -0.5 -3.81498e-07 -0.866025
    outer loop
      vertex 2.5413 28.8224 3.15158
      vertex 1.4587 28.8224 3.77662
      vertex 2.76489 29.1168 3.02249
    endloop
  endfacet
  facet normal -0.5 2.6998e-07 -0.866025
    outer loop
      vertex 1.23511 29.1168 3.90571
      vertex 2.76489 29.1168 3.02249
      vertex 1.4587 28.8224 3.77662
    endloop
  endfacet
  facet normal -0.5 2.40902e-05 -0.866025
    outer loop
      vertex 2.76489 29.1168 3.02249
      vertex 1.23511 29.1168 3.90571
      vertex 3.01986 29.375 2.87529
    endloop
  endfacet
  facet normal -0.499997 -7.90112e-06 -0.866027
    outer loop
      vertex 0.980146 29.375 4.05291
      vertex 3.01986 29.375 2.87529
      vertex 1.23511 29.1168 3.90571
    endloop
  endfacet
  facet normal -0.499997 -4.62727e-05 -0.866027
    outer loop
      vertex 3.01986 29.375 2.87529
      vertex 0.980146 29.375 4.05291
      vertex 3.30182 29.5925 2.71249
    endloop
  endfacet
  facet normal -0.500002 2.60008e-05 -0.866024
    outer loop
      vertex 0.698181 29.5925 4.21571
      vertex 3.30182 29.5925 2.71249
      vertex 0.980146 29.375 4.05291
    endloop
  endfacet
  facet normal -0.500002 6.02846e-05 -0.866024
    outer loop
      vertex 3.30182 29.5925 2.71249
      vertex 0.698181 29.5925 4.21571
      vertex 3.60597 29.7657 2.5369
    endloop
  endfacet
  facet normal -0.499998 -3.58003e-05 -0.866027
    outer loop
      vertex 0.394036 29.7657 4.3913
      vertex 3.60597 29.7657 2.5369
      vertex 0.698181 29.5925 4.21571
    endloop
  endfacet
  facet normal -0.499998 -1.63524e-05 -0.866027
    outer loop
      vertex 3.60597 29.7657 2.5369
      vertex 0.394036 29.7657 4.3913
      vertex 3.92709 29.8916 2.3515
    endloop
  endfacet
  facet normal -0.499999 1.47197e-05 -0.866026
    outer loop
      vertex 0.0729163 29.8916 4.5767
      vertex 3.92709 29.8916 2.3515
      vertex 0.394036 29.7657 4.3913
    endloop
  endfacet
  facet normal -0.499999 -4.54561e-05 -0.866026
    outer loop
      vertex 3.92709 29.8916 2.3515
      vertex 0.0729163 29.8916 4.5767
      vertex 4.25969 29.968 2.15947
    endloop
  endfacet
  facet normal -0.5 3.08838e-05 -0.866026
    outer loop
      vertex -0.259685 29.968 4.76873
      vertex 4.25969 29.968 2.15947
      vertex 0.0729163 29.8916 4.5767
    endloop
  endfacet
  facet normal -0.5 -2.09766e-05 -0.866026
    outer loop
      vertex 4.25969 29.968 2.15947
      vertex -0.259685 29.968 4.76873
      vertex 4.59808 29.9936 1.9641
    endloop
  endfacet
  facet normal -0.5 -1.48437e-08 -0.866026
    outer loop
      vertex -0.598076 29.9936 4.9641
      vertex 4.59808 29.9936 1.9641
      vertex -0.259685 29.968 4.76873
    endloop
  endfacet
  facet normal -0.499999 -0.00203124 -0.866024
    outer loop
      vertex -0.598076 29.9936 4.9641
      vertex 22.7846 30 -8.5359
      vertex 4.59808 29.9936 1.9641
    endloop
  endfacet
  facet normal -0.499994 -0.0047558 -0.866016
    outer loop
      vertex -17.2258 29.9936 14.5641
      vertex 22.7846 30 -8.5359
      vertex -0.598076 29.9936 4.9641
    endloop
  endfacet
  facet normal -0.499997 0.0035156 -0.86602
    outer loop
      vertex -17.2258 29.9936 14.5641
      vertex -18.7846 30 15.4641
      vertex 22.7846 30 -8.5359
    endloop
  endfacet
  facet normal -0.500013 -0.000607659 -0.866018
    outer loop
      vertex -17.5642 29.968 14.7595
      vertex -18.7846 30 15.4641
      vertex -17.2258 29.9936 14.5641
    endloop
  endfacet
  facet normal -0.499995 0.000276444 -0.866028
    outer loop
      vertex -17.8968 29.8916 14.9515
      vertex -18.7846 30 15.4641
      vertex -17.5642 29.968 14.7595
    endloop
  endfacet
  facet normal -0.500022 -1.33522e-05 -0.866013
    outer loop
      vertex -18.2179 29.7657 15.1369
      vertex -18.7846 30 15.4641
      vertex -17.8968 29.8916 14.9515
    endloop
  endfacet
  facet normal -0.500035 -5.62331e-05 -0.866005
    outer loop
      vertex -18.522 29.5925 15.3125
      vertex -18.7846 30 15.4641
      vertex -18.2179 29.7657 15.1369
    endloop
  endfacet
  facet normal -0.49997 -0 -0.866043
    outer loop
      vertex -18.7846 30 15.4641
      vertex -18.522 29.5925 15.3125
      vertex -18.7846 29.3899 15.4641
    endloop
  endfacet
  facet normal 0 -1 0
    outer loop
      vertex 22.7846 -30 -8.5359
      vertex 60 -30 30
      vertex -10 -30 30
    endloop
  endfacet
  facet normal 0 -1 0
    outer loop
      vertex 22.7846 -30 -8.5359
      vertex -10 -30 30
      vertex -16.7846 -30 18.9282
    endloop
  endfacet
  facet normal 0 -1 0
    outer loop
      vertex 22.7846 -30 -8.5359
      vertex -16.7846 -30 18.9282
      vertex -18.7846 -30 15.4641
    endloop
  endfacet
  facet normal 0 -1 -0
    outer loop
      vertex 60 -30 30
      vertex 22.7846 -30 -8.5359
      vertex 60 -30 21
    endloop
  endfacet
  facet normal 0 0 1
    outer loop
      vertex 60 30 30
      vertex 47.85 0 30
      vertex 60 -30 30
    endloop
  endfacet
  facet normal 0 0 1
    outer loop
      vertex 60 30 30
      vertex 47.8256 0.371999 30
      vertex 47.85 0 30
    endloop
  endfacet
  facet normal 0 0 1
    outer loop
      vertex 60 30 30
      vertex 47.7529 0.737634 30
      vertex 47.8256 0.371999 30
    endloop
  endfacet
  facet normal 0 0 1
    outer loop
      vertex 60 30 30
      vertex 47.6331 1.09065 30
      vertex 47.7529 0.737634 30
    endloop
  endfacet
  facet normal 0 0 1
    outer loop
      vertex 60 30 30
      vertex 47.4682 1.425 30
      vertex 47.6331 1.09065 30
    endloop
  endfacet
  facet normal 0 0 1
    outer loop
      vertex 60 30 30
      vertex 47.2611 1.73497 30
      vertex 47.4682 1.425 30
    endloop
  endfacet
  facet normal 0 0 1
    outer loop
      vertex 60 30 30
      vertex 47.0153 2.01525 30
      vertex 47.2611 1.73497 30
    endloop
  endfacet
  facet normal 0 0 1
    outer loop
      vertex 60 30 30
      vertex 46.735 2.26106 30
      vertex 47.0153 2.01525 30
    endloop
  endfacet
  facet normal 0 0 1
    outer loop
      vertex 60 30 30
      vertex 46.425 2.46817 30
      vertex 46.735 2.26106 30
    endloop
  endfacet
  facet normal 0 0 1
    outer loop
      vertex 60 30 30
      vertex 46.0906 2.63306 30
      vertex 46.425 2.46817 30
    endloop
  endfacet
  facet normal 0 0 1
    outer loop
      vertex 60 30 30
      vertex 45.7376 2.75289 30
      vertex 46.0906 2.63306 30
    endloop
  endfacet
  facet normal 0 0 1
    outer loop
      vertex 60 30 30
      vertex 45.372 2.82562 30
      vertex 45.7376 2.75289 30
    endloop
  endfacet
  facet normal 0 0 1
    outer loop
      vertex 60 30 30
      vertex 45 2.85 30
      vertex 45.372 2.82562 30
    endloop
  endfacet
  facet normal 0 0 1
    outer loop
      vertex 60 30 30
      vertex 44.628 2.82562 30
      vertex 45 2.85 30
    endloop
  endfacet
  facet normal 0 0 1
    outer loop
      vertex 60 30 30
      vertex 44.2624 2.75289 30
      vertex 44.628 2.82562 30
    endloop
  endfacet
  facet normal 0 0 1
    outer loop
      vertex 60 30 30
      vertex 43.9094 2.63306 30
      vertex 44.2624 2.75289 30
    endloop
  endfacet
  facet normal 0 0 1
    outer loop
      vertex 60 30 30
      vertex 43.575 2.46817 30
      vertex 43.9094 2.63306 30
    endloop
  endfacet
  facet normal 0 0 1
    outer loop
      vertex 6.425 2.46817 30
      vertex 43.575 2.46817 30
      vertex 60 30 30
    endloop
  endfacet
  facet normal 0 0 1
    outer loop
      vertex 43.575 2.46817 30
      vertex 6.425 2.46817 30
      vertex 43.265 2.26106 30
    endloop
  endfacet
  facet normal 0 -0 1
    outer loop
      vertex 6.73497 2.26106 30
      vertex 43.265 2.26106 30
      vertex 6.425 2.46817 30
    endloop
  endfacet
  facet normal 0 0 1
    outer loop
      vertex 43.265 2.26106 30
      vertex 6.73497 2.26106 30
      vertex 42.9847 2.01525 30
    endloop
  endfacet
  facet normal 0 0 1
    outer loop
      vertex 42.1744 0.371999 30
      vertex 7.85 0 30
      vertex 42.15 0 30
    endloop
  endfacet
  facet normal 0 0 1
    outer loop
      vertex 7.82562 0.371999 30
      vertex 42.1744 0.371999 30
      vertex 42.2471 0.737634 30
    endloop
  endfacet
  facet normal 0 0 1
    outer loop
      vertex 7.75289 0.737634 30
      vertex 42.2471 0.737634 30
      vertex 42.3669 1.09065 30
    endloop
  endfacet
  facet normal 0 0 1
    outer loop
      vertex 7.63306 1.09065 30
      vertex 42.3669 1.09065 30
      vertex 42.5318 1.425 30
    endloop
  endfacet
  facet normal 0 -0 1
    outer loop
      vertex 7.01525 2.01525 30
      vertex 42.9847 2.01525 30
      vertex 6.73497 2.26106 30
    endloop
  endfacet
  facet normal 0 0 1
    outer loop
      vertex 42.1744 0.371999 30
      vertex 7.82562 0.371999 30
      vertex 7.85 0 30
    endloop
  endfacet
  facet normal 0 0 1
    outer loop
      vertex 42.2471 0.737634 30
      vertex 7.75289 0.737634 30
      vertex 7.82562 0.371999 30
    endloop
  endfacet
  facet normal 0 0 1
    outer loop
      vertex 42.3669 1.09065 30
      vertex 7.63306 1.09065 30
      vertex 7.75289 0.737634 30
    endloop
  endfacet
  facet normal 0 0 1
    outer loop
      vertex 42.5318 1.425 30
      vertex 7.46817 1.425 30
      vertex 7.63306 1.09065 30
    endloop
  endfacet
  facet normal 0 0 1
    outer loop
      vertex 42.5318 1.425 30
      vertex 7.26106 1.73497 30
      vertex 7.46817 1.425 30
    endloop
  endfacet
  facet normal 0 0 1
    outer loop
      vertex 42.7389 1.73497 30
      vertex 7.26106 1.73497 30
      vertex 42.5318 1.425 30
    endloop
  endfacet
  facet normal 0 -0 1
    outer loop
      vertex 7.26106 1.73497 30
      vertex 42.7389 1.73497 30
      vertex 7.01525 2.01525 30
    endloop
  endfacet
  facet normal 0 0 1
    outer loop
      vertex 42.9847 2.01525 30
      vertex 7.01525 2.01525 30
      vertex 42.7389 1.73497 30
    endloop
  endfacet
  facet normal -0 0 1
    outer loop
      vertex -10 30 30
      vertex 6.425 2.46817 30
      vertex 60 30 30
    endloop
  endfacet
  facet normal 0 0 1
    outer loop
      vertex 6.425 2.46817 30
      vertex -10 30 30
      vertex 6.09065 2.63306 30
    endloop
  endfacet
  facet normal 0 0 1
    outer loop
      vertex 6.09065 2.63306 30
      vertex -10 30 30
      vertex 5.73763 2.75289 30
    endloop
  endfacet
  facet normal 0 0 1
    outer loop
      vertex 5.73763 2.75289 30
      vertex -10 30 30
      vertex 5.372 2.82562 30
    endloop
  endfacet
  facet normal 0 0 1
    outer loop
      vertex 5.372 2.82562 30
      vertex -10 30 30
      vertex 5 2.85 30
    endloop
  endfacet
  facet normal 0 0 1
    outer loop
      vertex 5 2.85 30
      vertex -10 30 30
      vertex 4.628 2.82562 30
    endloop
  endfacet
  facet normal 0 0 1
    outer loop
      vertex 4.628 2.82562 30
      vertex -10 30 30
      vertex 4.26237 2.75289 30
    endloop
  endfacet
  facet normal 0 0 1
    outer loop
      vertex 2.17438 0.371999 30
      vertex -10 30 30
      vertex 2.15 0 30
    endloop
  endfacet
  facet normal 0 0 1
    outer loop
      vertex 2.24711 0.737634 30
      vertex -10 30 30
      vertex 2.17438 0.371999 30
    endloop
  endfacet
  facet normal 0 0 1
    outer loop
      vertex 2.36694 1.09065 30
      vertex -10 30 30
      vertex 2.24711 0.737634 30
    endloop
  endfacet
  facet normal 0 0 1
    outer loop
      vertex 2.53183 1.425 30
      vertex -10 30 30
      vertex 2.36694 1.09065 30
    endloop
  endfacet
  facet normal 0 0 1
    outer loop
      vertex 2.73894 1.73497 30
      vertex -10 30 30
      vertex 2.53183 1.425 30
    endloop
  endfacet
  facet normal 0 0 1
    outer loop
      vertex 2.98475 2.01525 30
      vertex -10 30 30
      vertex 2.73894 1.73497 30
    endloop
  endfacet
  facet normal 0 0 1
    outer loop
      vertex 3.26503 2.26106 30
      vertex -10 30 30
      vertex 2.98475 2.01525 30
    endloop
  endfacet
  facet normal 0 0 1
    outer loop
      vertex 3.575 2.46817 30
      vertex -10 30 30
      vertex 3.26503 2.26106 30
    endloop
  endfacet
  facet normal 0 0 1
    outer loop
      vertex 3.90935 2.63306 30
      vertex -10 30 30
      vertex 3.575 2.46817 30
    endloop
  endfacet
  facet normal 0 0 1
    outer loop
      vertex 4.26237 2.75289 30
      vertex -10 30 30
      vertex 3.90935 2.63306 30
    endloop
  endfacet
  facet normal -0 0 1
    outer loop
      vertex 47.8256 -0.371999 30
      vertex 60 -30 30
      vertex 47.85 0 30
    endloop
  endfacet
  facet normal -0 0 1
    outer loop
      vertex 47.7529 -0.737634 30
      vertex 60 -30 30
      vertex 47.8256 -0.371999 30
    endloop
  endfacet
  facet normal -0 0 1
    outer loop
      vertex 47.6331 -1.09065 30
      vertex 60 -30 30
      vertex 47.7529 -0.737634 30
    endloop
  endfacet
  facet normal -0 0 1
    outer loop
      vertex 47.4682 -1.425 30
      vertex 60 -30 30
      vertex 47.6331 -1.09065 30
    endloop
  endfacet
  facet normal -0 0 1
    outer loop
      vertex 47.2611 -1.73497 30
      vertex 60 -30 30
      vertex 47.4682 -1.425 30
    endloop
  endfacet
  facet normal -0 0 1
    outer loop
      vertex 47.0153 -2.01525 30
      vertex 60 -30 30
      vertex 47.2611 -1.73497 30
    endloop
  endfacet
  facet normal -0 0 1
    outer loop
      vertex 46.735 -2.26106 30
      vertex 60 -30 30
      vertex 47.0153 -2.01525 30
    endloop
  endfacet
  facet normal -0 0 1
    outer loop
      vertex 46.425 -2.46817 30
      vertex 60 -30 30
      vertex 46.735 -2.26106 30
    endloop
  endfacet
  facet normal -0 0 1
    outer loop
      vertex 46.0906 -2.63306 30
      vertex 60 -30 30
      vertex 46.425 -2.46817 30
    endloop
  endfacet
  facet normal -0 0 1
    outer loop
      vertex 45.7376 -2.75289 30
      vertex 60 -30 30
      vertex 46.0906 -2.63306 30
    endloop
  endfacet
  facet normal -0 0 1
    outer loop
      vertex 45.372 -2.82562 30
      vertex 60 -30 30
      vertex 45.7376 -2.75289 30
    endloop
  endfacet
  facet normal -0 0 1
    outer loop
      vertex 45 -2.85 30
      vertex 60 -30 30
      vertex 45.372 -2.82562 30
    endloop
  endfacet
  facet normal 0 0 1
    outer loop
      vertex 44.628 -2.82562 30
      vertex 60 -30 30
      vertex 45 -2.85 30
    endloop
  endfacet
  facet normal 0 0 1
    outer loop
      vertex 44.2624 -2.75289 30
      vertex 60 -30 30
      vertex 44.628 -2.82562 30
    endloop
  endfacet
  facet normal 0 0 1
    outer loop
      vertex 43.9094 -2.63306 30
      vertex 60 -30 30
      vertex 44.2624 -2.75289 30
    endloop
  endfacet
  facet normal 0 0 1
    outer loop
      vertex 43.575 -2.46817 30
      vertex 60 -30 30
      vertex 43.9094 -2.63306 30
    endloop
  endfacet
  facet normal 0 0 1
    outer loop
      vertex 6.425 -2.46817 30
      vertex 43.575 -2.46817 30
      vertex 43.265 -2.26106 30
    endloop
  endfacet
  facet normal 0 0 1
    outer loop
      vertex 6.73497 -2.26106 30
      vertex 43.265 -2.26106 30
      vertex 42.9847 -2.01525 30
    endloop
  endfacet
  facet normal 0 0 1
    outer loop
      vertex 7.01525 -2.01525 30
      vertex 42.9847 -2.01525 30
      vertex 42.7389 -1.73497 30
    endloop
  endfacet
  facet normal 0 0 1
    outer loop
      vertex 7.26106 -1.73497 30
      vertex 42.7389 -1.73497 30
      vertex 42.5318 -1.425 30
    endloop
  endfacet
  facet normal -0 0 1
    outer loop
      vertex 7.85 0 30
      vertex 42.1744 -0.371999 30
      vertex 42.15 0 30
    endloop
  endfacet
  facet normal 0 0 1
    outer loop
      vertex 7.82562 -0.371999 30
      vertex 42.1744 -0.371999 30
      vertex 7.85 0 30
    endloop
  endfacet
  facet normal 0 0 1
    outer loop
      vertex 42.1744 -0.371999 30
      vertex 7.82562 -0.371999 30
      vertex 42.2471 -0.737634 30
    endloop
  endfacet
  facet normal 0 0 1
    outer loop
      vertex 7.75289 -0.737634 30
      vertex 42.2471 -0.737634 30
      vertex 7.82562 -0.371999 30
    endloop
  endfacet
  facet normal 0 0 1
    outer loop
      vertex 42.2471 -0.737634 30
      vertex 7.75289 -0.737634 30
      vertex 42.3669 -1.09065 30
    endloop
  endfacet
  facet normal 0 0 1
    outer loop
      vertex 7.63306 -1.09065 30
      vertex 42.3669 -1.09065 30
      vertex 7.75289 -0.737634 30
    endloop
  endfacet
  facet normal 0 0 1
    outer loop
      vertex 42.3669 -1.09065 30
      vertex 7.63306 -1.09065 30
      vertex 42.5318 -1.425 30
    endloop
  endfacet
  facet normal 0 0 1
    outer loop
      vertex 7.46817 -1.425 30
      vertex 42.5318 -1.425 30
      vertex 7.63306 -1.09065 30
    endloop
  endfacet
  facet normal 0 0 1
    outer loop
      vertex 7.26106 -1.73497 30
      vertex 42.5318 -1.425 30
      vertex 7.46817 -1.425 30
    endloop
  endfacet
  facet normal 0 0 1
    outer loop
      vertex 42.7389 -1.73497 30
      vertex 7.26106 -1.73497 30
      vertex 7.01525 -2.01525 30
    endloop
  endfacet
  facet normal 0 0 1
    outer loop
      vertex 42.9847 -2.01525 30
      vertex 7.01525 -2.01525 30
      vertex 6.73497 -2.26106 30
    endloop
  endfacet
  facet normal 0 0 1
    outer loop
      vertex 43.265 -2.26106 30
      vertex 6.73497 -2.26106 30
      vertex 6.425 -2.46817 30
    endloop
  endfacet
  facet normal 0 0 1
    outer loop
      vertex 43.575 -2.46817 30
      vertex 6.425 -2.46817 30
      vertex 60 -30 30
    endloop
  endfacet
  facet normal 0 0 1
    outer loop
      vertex -10 -30 30
      vertex 6.425 -2.46817 30
      vertex 6.09065 -2.63306 30
    endloop
  endfacet
  facet normal 0 0 1
    outer loop
      vertex -10 -30 30
      vertex 6.09065 -2.63306 30
      vertex 5.73763 -2.75289 30
    endloop
  endfacet
  facet normal 0 0 1
    outer loop
      vertex -10 -30 30
      vertex 5.73763 -2.75289 30
      vertex 5.372 -2.82562 30
    endloop
  endfacet
  facet normal 0 0 1
    outer loop
      vertex -10 -30 30
      vertex 5.372 -2.82562 30
      vertex 5 -2.85 30
    endloop
  endfacet
  facet normal 0 0 1
    outer loop
      vertex -10 -30 30
      vertex 5 -2.85 30
      vertex 4.628 -2.82562 30
    endloop
  endfacet
  facet normal 0 0 1
    outer loop
      vertex -10 -30 30
      vertex 4.628 -2.82562 30
      vertex 4.26237 -2.75289 30
    endloop
  endfacet
  facet normal 0 0 1
    outer loop
      vertex -10 -30 30
      vertex 4.26237 -2.75289 30
      vertex 3.90935 -2.63306 30
    endloop
  endfacet
  facet normal 0 0 1
    outer loop
      vertex -10 -30 30
      vertex 2.15 0 30
      vertex -10 30 30
    endloop
  endfacet
  facet normal 0 0 1
    outer loop
      vertex 2.15 0 30
      vertex -10 -30 30
      vertex 2.17438 -0.371999 30
    endloop
  endfacet
  facet normal 0 0 1
    outer loop
      vertex 2.17438 -0.371999 30
      vertex -10 -30 30
      vertex 2.24711 -0.737634 30
    endloop
  endfacet
  facet normal 0 0 1
    outer loop
      vertex 6.425 -2.46817 30
      vertex -10 -30 30
      vertex 60 -30 30
    endloop
  endfacet
  facet normal 0 0 1
    outer loop
      vertex 3.575 -2.46817 30
      vertex -10 -30 30
      vertex 3.90935 -2.63306 30
    endloop
  endfacet
  facet normal 0 0 1
    outer loop
      vertex 3.26503 -2.26106 30
      vertex -10 -30 30
      vertex 3.575 -2.46817 30
    endloop
  endfacet
  facet normal 0 0 1
    outer loop
      vertex 2.98475 -2.01525 30
      vertex -10 -30 30
      vertex 3.26503 -2.26106 30
    endloop
  endfacet
  facet normal 0 0 1
    outer loop
      vertex 2.73894 -1.73497 30
      vertex -10 -30 30
      vertex 2.98475 -2.01525 30
    endloop
  endfacet
  facet normal 0 0 1
    outer loop
      vertex 2.53183 -1.425 30
      vertex -10 -30 30
      vertex 2.73894 -1.73497 30
    endloop
  endfacet
  facet normal 0 0 1
    outer loop
      vertex 2.36694 -1.09065 30
      vertex -10 -30 30
      vertex 2.53183 -1.425 30
    endloop
  endfacet
  facet normal 0 0 1
    outer loop
      vertex 2.24711 -0.737634 30
      vertex -10 -30 30
      vertex 2.36694 -1.09065 30
    endloop
  endfacet
  facet normal -0.866017 0 0.500014
    outer loop
      vertex -18.7846 -29.3899 15.4641
      vertex -18.7846 -30 15.4641
      vertex -18.1865 -29.3899 16.5
    endloop
  endfacet
  facet normal -0.866017 0 0.500014
    outer loop
      vertex -18.1865 29.3899 16.5
      vertex -18.7846 30 15.4641
      vertex -18.7846 29.3899 15.4641
    endloop
  endfacet
  facet normal -0.866037 -7.60256e-05 0.499981
    outer loop
      vertex -18.0469 29.3458 16.7418
      vertex -18.7846 30 15.4641
      vertex -18.1865 29.3899 16.5
    endloop
  endfacet
  facet normal -0.866025 -2.54395e-05 0.5
    outer loop
      vertex -18.7846 30 15.4641
      vertex -18.0469 29.3458 16.7418
      vertex -16.7846 30 18.9282
    endloop
  endfacet
  facet normal -0.866052 0.000183085 0.499953
    outer loop
      vertex -17.9972 29.3284 16.8279
      vertex -16.7846 30 18.9282
      vertex -18.0469 29.3458 16.7418
    endloop
  endfacet
  facet normal -0.867354 0.00991678 0.497593
    outer loop
      vertex -17.992 29.3266 16.837
      vertex -16.7846 30 18.9282
      vertex -17.9972 29.3284 16.8279
    endloop
  endfacet
  facet normal -0.866009 -5.90577e-05 0.500028
    outer loop
      vertex -17.8406 29.2189 17.0992
      vertex -16.7846 30 18.9282
      vertex -17.992 29.3266 16.837
    endloop
  endfacet
  facet normal -0.866204 0.000998907 0.499689
    outer loop
      vertex -17.8025 29.1918 17.1653
      vertex -16.7846 30 18.9282
      vertex -17.8406 29.2189 17.0992
    endloop
  endfacet
  facet normal -0.865892 -0.000573347 0.50023
    outer loop
      vertex -17.7285 29.1105 17.2933
      vertex -16.7846 30 18.9282
      vertex -17.8025 29.1918 17.1653
    endloop
  endfacet
  facet normal -0.866054 0.000111775 0.49995
    outer loop
      vertex -17.6212 28.9925 17.4792
      vertex -16.7846 30 18.9282
      vertex -17.7285 29.1105 17.2933
    endloop
  endfacet
  facet normal -0.866046 8.65065e-05 0.499964
    outer loop
      vertex -17.4956 28.8 17.6968
      vertex -16.7846 30 18.9282
      vertex -17.6212 28.9925 17.4792
    endloop
  endfacet
  facet normal -0.865683 -0.000774166 0.500592
    outer loop
      vertex -17.4678 28.7515 17.7448
      vertex -16.7846 30 18.9282
      vertex -17.4956 28.8 17.6968
    endloop
  endfacet
  facet normal -0.866498 0.00101136 0.499179
    outer loop
      vertex -17.4513 28.7226 17.7735
      vertex -16.7846 30 18.9282
      vertex -17.4678 28.7515 17.7448
    endloop
  endfacet
  facet normal -0.866015 1.10744e-06 0.500018
    outer loop
      vertex -17.3043 28.3812 18.0281
      vertex -16.7846 30 18.9282
      vertex -17.4513 28.7226 17.7735
    endloop
  endfacet
  facet normal -0.865275 -0.000947523 0.501297
    outer loop
      vertex -17.3 28.3695 18.0355
      vertex -16.7846 30 18.9282
      vertex -17.3043 28.3812 18.0281
    endloop
  endfacet
  facet normal -0.867208 0.00149969 0.497943
    outer loop
      vertex -17.2956 28.3572 18.0432
      vertex -16.7846 30 18.9282
      vertex -17.3 28.3695 18.0355
    endloop
  endfacet
  facet normal -0.865956 -6.2564e-05 0.50012
    outer loop
      vertex -17.2402 28.1583 18.1391
      vertex -16.7846 30 18.9282
      vertex -17.2956 28.3572 18.0432
    endloop
  endfacet
  facet normal -0.866161 0.000139795 0.499766
    outer loop
      vertex -17.2071 28.0392 18.1965
      vertex -16.7846 30 18.9282
      vertex -17.2402 28.1583 18.1391
    endloop
  endfacet
  facet normal -0.865858 -0.000121028 0.50029
    outer loop
      vertex -17.1568 27.8127 18.2835
      vertex -16.7846 30 18.9282
      vertex -17.2071 28.0392 18.1965
    endloop
  endfacet
  facet normal -0.866597 0.000382611 0.499008
    outer loop
      vertex -17.1483 27.7624 18.2983
      vertex -16.7846 30 18.9282
      vertex -17.1568 27.8127 18.2835
    endloop
  endfacet
  facet normal -0.863247 -0.00178607 0.504778
    outer loop
      vertex -17.1454 27.7456 18.3032
      vertex -16.7846 30 18.9282
      vertex -17.1483 27.7624 18.2983
    endloop
  endfacet
  facet normal -0.868471 0.00155632 0.495737
    outer loop
      vertex -17.1418 27.7159 18.3096
      vertex -16.7846 30 18.9282
      vertex -17.1454 27.7456 18.3032
    endloop
  endfacet
  facet normal -0.865901 -5.87063e-05 0.500216
    outer loop
      vertex -17.1129 27.4823 18.3596
      vertex -16.7846 30 18.9282
      vertex -17.1418 27.7159 18.3096
    endloop
  endfacet
  facet normal -0.866412 0.000208299 0.499329
    outer loop
      vertex -17.1021 27.3376 18.3784
      vertex -16.7846 30 18.9282
      vertex -17.1129 27.4823 18.3596
    endloop
  endfacet
  facet normal -0.865588 -0.000184563 0.500756
    outer loop
      vertex -17.0945 27.237 18.3915
      vertex -16.7846 30 18.9282
      vertex -17.1021 27.3376 18.3784
    endloop
  endfacet
  facet normal -0.865261 -0.000330919 0.501321
    outer loop
      vertex -17.0915 27.119 18.3966
      vertex -16.7846 30 18.9282
      vertex -17.0945 27.237 18.3915
    endloop
  endfacet
  facet normal -0.866067 1.19547e-05 0.499928
    outer loop
      vertex -17.0885 27 18.4018
      vertex -16.7846 30 18.9282
      vertex -17.0915 27.119 18.3966
    endloop
  endfacet
  facet normal -0.866038 0 0.499979
    outer loop
      vertex -17.0885 -27 18.4018
      vertex -16.7846 30 18.9282
      vertex -17.0885 27 18.4018
    endloop
  endfacet
  facet normal -0.866412 -0.000208299 0.499329
    outer loop
      vertex -16.7846 -30 18.9282
      vertex -17.1021 -27.3376 18.3784
      vertex -17.1129 -27.4823 18.3596
    endloop
  endfacet
  facet normal -0.866597 -0.000382611 0.499008
    outer loop
      vertex -16.7846 -30 18.9282
      vertex -17.1483 -27.7624 18.2983
      vertex -17.1568 -27.8127 18.2835
    endloop
  endfacet
  facet normal -0.865683 0.000774166 0.500592
    outer loop
      vertex -16.7846 -30 18.9282
      vertex -17.4678 -28.7515 17.7448
      vertex -17.4956 -28.8 17.6968
    endloop
  endfacet
  facet normal -0.865892 0.000573347 0.50023
    outer loop
      vertex -16.7846 -30 18.9282
      vertex -17.7285 -29.1105 17.2933
      vertex -17.8025 -29.1918 17.1653
    endloop
  endfacet
  facet normal -0.866052 -0.000183085 0.499953
    outer loop
      vertex -16.7846 -30 18.9282
      vertex -17.9972 -29.3284 16.8279
      vertex -18.0469 -29.3458 16.7418
    endloop
  endfacet
  facet normal -0.866037 7.60256e-05 0.499981
    outer loop
      vertex -18.7846 -30 15.4641
      vertex -18.0469 -29.3458 16.7418
      vertex -18.1865 -29.3899 16.5
    endloop
  endfacet
  facet normal -0.866025 2.54395e-05 0.5
    outer loop
      vertex -16.7846 -30 18.9282
      vertex -18.0469 -29.3458 16.7418
      vertex -18.7846 -30 15.4641
    endloop
  endfacet
  facet normal -0.867354 -0.00991678 0.497593
    outer loop
      vertex -17.9972 -29.3284 16.8279
      vertex -16.7846 -30 18.9282
      vertex -17.992 -29.3266 16.837
    endloop
  endfacet
  facet normal -0.866009 5.90577e-05 0.500028
    outer loop
      vertex -17.992 -29.3266 16.837
      vertex -16.7846 -30 18.9282
      vertex -17.8406 -29.2189 17.0992
    endloop
  endfacet
  facet normal -0.866038 0 0.499979
    outer loop
      vertex -17.0885 -27 18.4018
      vertex -16.7846 -30 18.9282
      vertex -16.7846 30 18.9282
    endloop
  endfacet
  facet normal -0.866067 -1.19547e-05 0.499928
    outer loop
      vertex -17.0915 -27.119 18.3966
      vertex -16.7846 -30 18.9282
      vertex -17.0885 -27 18.4018
    endloop
  endfacet
  facet normal -0.865261 0.000330919 0.501321
    outer loop
      vertex -17.0945 -27.237 18.3915
      vertex -16.7846 -30 18.9282
      vertex -17.0915 -27.119 18.3966
    endloop
  endfacet
  facet normal -0.865588 0.000184563 0.500756
    outer loop
      vertex -17.1021 -27.3376 18.3784
      vertex -16.7846 -30 18.9282
      vertex -17.0945 -27.237 18.3915
    endloop
  endfacet
  facet normal -0.865901 5.87063e-05 0.500216
    outer loop
      vertex -17.1418 -27.7159 18.3096
      vertex -16.7846 -30 18.9282
      vertex -17.1129 -27.4823 18.3596
    endloop
  endfacet
  facet normal -0.868471 -0.00155632 0.495737
    outer loop
      vertex -17.1454 -27.7456 18.3032
      vertex -16.7846 -30 18.9282
      vertex -17.1418 -27.7159 18.3096
    endloop
  endfacet
  facet normal -0.863247 0.00178607 0.504778
    outer loop
      vertex -17.1483 -27.7624 18.2983
      vertex -16.7846 -30 18.9282
      vertex -17.1454 -27.7456 18.3032
    endloop
  endfacet
  facet normal -0.865858 0.000121028 0.50029
    outer loop
      vertex -17.2071 -28.0392 18.1965
      vertex -16.7846 -30 18.9282
      vertex -17.1568 -27.8127 18.2835
    endloop
  endfacet
  facet normal -0.866161 -0.000139795 0.499766
    outer loop
      vertex -17.2402 -28.1583 18.1391
      vertex -16.7846 -30 18.9282
      vertex -17.2071 -28.0392 18.1965
    endloop
  endfacet
  facet normal -0.865956 6.2564e-05 0.50012
    outer loop
      vertex -17.2956 -28.3572 18.0432
      vertex -16.7846 -30 18.9282
      vertex -17.2402 -28.1583 18.1391
    endloop
  endfacet
  facet normal -0.867208 -0.00149969 0.497943
    outer loop
      vertex -17.3 -28.3695 18.0355
      vertex -16.7846 -30 18.9282
      vertex -17.2956 -28.3572 18.0432
    endloop
  endfacet
  facet normal -0.865275 0.000947523 0.501297
    outer loop
      vertex -17.3043 -28.3812 18.0281
      vertex -16.7846 -30 18.9282
      vertex -17.3 -28.3695 18.0355
    endloop
  endfacet
  facet normal -0.866015 -1.10744e-06 0.500018
    outer loop
      vertex -17.4513 -28.7226 17.7735
      vertex -16.7846 -30 18.9282
      vertex -17.3043 -28.3812 18.0281
    endloop
  endfacet
  facet normal -0.866498 -0.00101136 0.499179
    outer loop
      vertex -17.4678 -28.7515 17.7448
      vertex -16.7846 -30 18.9282
      vertex -17.4513 -28.7226 17.7735
    endloop
  endfacet
  facet normal -0.866046 -8.65065e-05 0.499964
    outer loop
      vertex -17.6212 -28.9925 17.4792
      vertex -16.7846 -30 18.9282
      vertex -17.4956 -28.8 17.6968
    endloop
  endfacet
  facet normal -0.866054 -0.000111775 0.49995
    outer loop
      vertex -17.7285 -29.1105 17.2933
      vertex -16.7846 -30 18.9282
      vertex -17.6212 -28.9925 17.4792
    endloop
  endfacet
  facet normal -0.866204 -0.000998907 0.499689
    outer loop
      vertex -17.8406 -29.2189 17.0992
      vertex -16.7846 -30 18.9282
      vertex -17.8025 -29.1918 17.1653
    endloop
  endfacet
  facet normal -0.490386 0.195159 -0.849373
    outer loop
      vertex 8.15893 -0.698811 -43.2683
      vertex 5.16229 -0.35242 -41.4586
      vertex 8.19338 -0.35242 -43.2086
    endloop
  endfacet
  facet normal -0.490386 0.195159 -0.849373
    outer loop
      vertex 5.16229 -0.35242 -41.4586
      vertex 8.15893 -0.698811 -43.2683
      vertex 5.12784 -0.698811 -41.5183
    endloop
  endfacet
  facet normal -0.490387 0.195159 -0.849372
    outer loop
      vertex 5.12228 -0.698811 -41.5151
      vertex -0.0338648 -0.35242 -38.4586
      vertex 5.15673 -0.35242 -41.4554
    endloop
  endfacet
  facet normal -0.490387 0.19516 -0.849372
    outer loop
      vertex -0.0338648 -0.35242 -38.4586
      vertex 5.12228 -0.698811 -41.5151
      vertex -0.0683158 -0.698811 -38.5183
    endloop
  endfacet
  facet normal -0.49893 0.0653938 -0.864172
    outer loop
      vertex 8.19338 -0.35242 -43.2086
      vertex 5.17384 0 -41.4386
      vertex 8.20493 0 -43.1886
    endloop
  endfacet
  facet normal -0.49893 0.0653938 -0.864172
    outer loop
      vertex 5.17384 0 -41.4386
      vertex 8.19338 -0.35242 -43.2086
      vertex 5.16229 -0.35242 -41.4586
    endloop
  endfacet
  facet normal -0.498931 0.0653938 -0.864171
    outer loop
      vertex 5.15673 -0.35242 -41.4554
      vertex -0.0223153 0 -38.4386
      vertex 5.16828 0 -41.4354
    endloop
  endfacet
  facet normal -0.498931 0.0653931 -0.864171
    outer loop
      vertex -0.0223153 0 -38.4386
      vertex 5.15673 -0.35242 -41.4554
      vertex -0.0338648 -0.35242 -38.4586
    endloop
  endfacet
  facet normal -0.473472 0.321398 -0.820078
    outer loop
      vertex 8.10217 -1.03325 -43.3666
      vertex 5.12784 -0.698811 -41.5183
      vertex 8.15893 -0.698811 -43.2683
    endloop
  endfacet
  facet normal -0.473472 0.321398 -0.820078
    outer loop
      vertex 5.12784 -0.698811 -41.5183
      vertex 8.10217 -1.03325 -43.3666
      vertex 5.07108 -1.03325 -41.6166
    endloop
  endfacet
  facet normal -0.473471 0.32141 -0.820074
    outer loop
      vertex 5.06551 -1.03325 -41.6134
      vertex -0.0683158 -0.698811 -38.5183
      vertex 5.12228 -0.698811 -41.5151
    endloop
  endfacet
  facet normal -0.473473 0.321401 -0.820076
    outer loop
      vertex -0.0683158 -0.698811 -38.5183
      vertex 5.06551 -1.03325 -41.6134
      vertex -0.125078 -1.03325 -38.6166
    endloop
  endfacet
  facet normal -0.221145 -0.896872 -0.383035
    outer loop
      vertex 4.34046 2.49447 -42.8821
      vertex 7.52993 2.33827 -44.3578
      vertex 4.49884 2.33827 -42.6078
    endloop
  endfacet
  facet normal -0.221145 -0.896872 -0.383035
    outer loop
      vertex 7.52993 2.33827 -44.3578
      vertex 4.34046 2.49447 -42.8821
      vertex 7.37155 2.49447 -44.6321
    endloop
  endfacet
  facet normal -0.221146 -0.896871 -0.383036
    outer loop
      vertex -0.855693 2.49447 -39.8821
      vertex 4.49328 2.33827 -42.6046
      vertex -0.697316 2.33827 -39.6078
    endloop
  endfacet
  facet normal -0.221146 -0.896872 -0.383034
    outer loop
      vertex 4.49328 2.33827 -42.6046
      vertex -0.855693 2.49447 -39.8821
      vertex 4.3349 2.49447 -42.8789
    endloop
  endfacet
  facet normal -0.415754 -0.555512 -0.720107
    outer loop
      vertex 4.99297 1.35 -41.7519
      vertex 7.92596 1.64366 -43.6718
      vertex 8.02406 1.35 -43.5019
    endloop
  endfacet
  facet normal -0.415754 -0.555512 -0.720107
    outer loop
      vertex 7.92596 1.64366 -43.6718
      vertex 4.99297 1.35 -41.7519
      vertex 4.89487 1.64366 -41.9218
    endloop
  endfacet
  facet normal -0.415752 -0.555522 -0.720101
    outer loop
      vertex -0.203181 1.35 -38.7519
      vertex 4.8893 1.64366 -41.9186
      vertex 4.98741 1.35 -41.7487
    endloop
  endfacet
  facet normal -0.415753 -0.555519 -0.720103
    outer loop
      vertex 4.8893 1.64366 -41.9186
      vertex -0.203181 1.35 -38.7519
      vertex -0.301288 1.64366 -38.9218
    endloop
  endfacet
  facet normal -0.49893 -0.0653938 -0.864172
    outer loop
      vertex 5.17384 0 -41.4386
      vertex 8.19338 0.35242 -43.2086
      vertex 8.20493 0 -43.1886
    endloop
  endfacet
  facet normal -0.49893 -0.0653938 -0.864172
    outer loop
      vertex 8.19338 0.35242 -43.2086
      vertex 5.17384 0 -41.4386
      vertex 5.16229 0.35242 -41.4586
    endloop
  endfacet
  facet normal -0.498931 -0.0653938 -0.864171
    outer loop
      vertex -0.0223153 0 -38.4386
      vertex 5.15673 0.35242 -41.4554
      vertex 5.16828 0 -41.4354
    endloop
  endfacet
  facet normal -0.498931 -0.0653931 -0.864171
    outer loop
      vertex 5.15673 0.35242 -41.4554
      vertex -0.0223153 0 -38.4386
      vertex -0.0338648 0.35242 -38.4586
    endloop
  endfacet
  facet normal 0.0975387 -0.980788 0.168942
    outer loop
      vertex 3.47443 2.608 -44.3821
      vertex 6.67872 2.6769 -45.8321
      vertex 3.64763 2.6769 -44.0821
    endloop
  endfacet
  facet normal 0.0975387 -0.980788 0.168942
    outer loop
      vertex 6.67872 2.6769 -45.8321
      vertex 3.47443 2.608 -44.3821
      vertex 6.50552 2.608 -46.1321
    endloop
  endfacet
  facet normal 0.0975402 -0.980787 0.168944
    outer loop
      vertex -1.72172 2.608 -41.3821
      vertex 3.64207 2.6769 -44.0789
      vertex -1.54853 2.6769 -41.0821
    endloop
  endfacet
  facet normal 0.097539 -0.980788 0.168942
    outer loop
      vertex 3.64207 2.6769 -44.0789
      vertex -1.72172 2.608 -41.3821
      vertex 3.46887 2.608 -44.3789
    endloop
  endfacet
  facet normal -0.448423 0.442344 -0.776691
    outer loop
      vertex 8.02406 -1.35 -43.5019
      vertex 5.07108 -1.03325 -41.6166
      vertex 8.10217 -1.03325 -43.3666
    endloop
  endfacet
  facet normal -0.448423 0.442344 -0.776691
    outer loop
      vertex 5.07108 -1.03325 -41.6166
      vertex 8.02406 -1.35 -43.5019
      vertex 4.99297 -1.35 -41.7519
    endloop
  endfacet
  facet normal -0.448427 0.442333 -0.776695
    outer loop
      vertex 4.98741 -1.35 -41.7487
      vertex -0.125078 -1.03325 -38.6166
      vertex 5.06551 -1.03325 -41.6134
    endloop
  endfacet
  facet normal -0.448426 0.442336 -0.776694
    outer loop
      vertex -0.125078 -1.03325 -38.6166
      vertex 4.98741 -1.35 -41.7487
      vertex -0.203181 -1.35 -38.7519
    endloop
  endfacet
  facet normal -0.448423 -0.442344 -0.776691
    outer loop
      vertex 5.07108 1.03325 -41.6166
      vertex 8.02406 1.35 -43.5019
      vertex 8.10217 1.03325 -43.3666
    endloop
  endfacet
  facet normal -0.448423 -0.442344 -0.776691
    outer loop
      vertex 8.02406 1.35 -43.5019
      vertex 5.07108 1.03325 -41.6166
      vertex 4.99297 1.35 -41.7519
    endloop
  endfacet
  facet normal -0.448427 -0.442333 -0.776695
    outer loop
      vertex -0.125078 1.03325 -38.6166
      vertex 4.98741 1.35 -41.7487
      vertex 5.06551 1.03325 -41.6134
    endloop
  endfacet
  facet normal -0.448426 -0.442336 -0.776694
    outer loop
      vertex 4.98741 1.35 -41.7487
      vertex -0.125078 1.03325 -38.6166
      vertex -0.203181 1.35 -38.7519
    endloop
  endfacet
  facet normal -0.375896 -0.6594 -0.651071
    outer loop
      vertex 4.77843 1.90919 -42.1235
      vertex 7.92596 1.64366 -43.6718
      vertex 4.89487 1.64366 -41.9218
    endloop
  endfacet
  facet normal -0.375896 -0.6594 -0.651071
    outer loop
      vertex 7.92596 1.64366 -43.6718
      vertex 4.77843 1.90919 -42.1235
      vertex 7.80952 1.90919 -43.8735
    endloop
  endfacet
  facet normal -0.3759 -0.659394 -0.651075
    outer loop
      vertex -0.417721 1.90919 -39.1235
      vertex 4.8893 1.64366 -41.9186
      vertex -0.301288 1.64366 -38.9218
    endloop
  endfacet
  facet normal -0.375901 -0.659392 -0.651077
    outer loop
      vertex 4.8893 1.64366 -41.9186
      vertex -0.417721 1.90919 -39.1235
      vertex 4.77287 1.90919 -42.1203
    endloop
  endfacet
  facet normal 0.221145 0.896872 0.383035
    outer loop
      vertex 6.33831 -2.49447 -46.4217
      vertex 3.14884 -2.33827 -44.946
      vertex 3.30722 -2.49447 -44.6717
    endloop
  endfacet
  facet normal 0.221145 0.896872 0.383035
    outer loop
      vertex 3.14884 -2.33827 -44.946
      vertex 6.33831 -2.49447 -46.4217
      vertex 6.17993 -2.33827 -46.696
    endloop
  endfacet
  facet normal 0.221148 0.896869 0.383039
    outer loop
      vertex 3.30166 -2.49447 -44.6685
      vertex -2.04731 -2.33827 -41.946
      vertex -1.88894 -2.49447 -41.6717
    endloop
  endfacet
  facet normal 0.221146 0.896872 0.383034
    outer loop
      vertex -2.04731 -2.33827 -41.946
      vertex 3.30166 -2.49447 -44.6685
      vertex 3.14328 -2.33827 -44.9428
    endloop
  endfacet
  facet normal -0.473472 -0.321398 -0.820078
    outer loop
      vertex 5.12784 0.698811 -41.5183
      vertex 8.10217 1.03325 -43.3666
      vertex 8.15893 0.698811 -43.2683
    endloop
  endfacet
  facet normal -0.473472 -0.321398 -0.820078
    outer loop
      vertex 8.10217 1.03325 -43.3666
      vertex 5.12784 0.698811 -41.5183
      vertex 5.07108 1.03325 -41.6166
    endloop
  endfacet
  facet normal -0.473471 -0.32141 -0.820074
    outer loop
      vertex -0.0683158 0.698811 -38.5183
      vertex 5.06551 1.03325 -41.6134
      vertex 5.12228 0.698811 -41.5151
    endloop
  endfacet
  facet normal -0.473473 -0.321401 -0.820076
    outer loop
      vertex 5.06551 1.03325 -41.6134
      vertex -0.0683158 0.698811 -38.5183
      vertex -0.125078 1.03325 -38.6166
    endloop
  endfacet
  facet normal -0.415754 0.555512 -0.720107
    outer loop
      vertex 7.92596 -1.64366 -43.6718
      vertex 4.99297 -1.35 -41.7519
      vertex 8.02406 -1.35 -43.5019
    endloop
  endfacet
  facet normal -0.415754 0.555512 -0.720107
    outer loop
      vertex 4.99297 -1.35 -41.7519
      vertex 7.92596 -1.64366 -43.6718
      vertex 4.89487 -1.64366 -41.9218
    endloop
  endfacet
  facet normal -0.415752 0.555522 -0.720101
    outer loop
      vertex 4.8893 -1.64366 -41.9186
      vertex -0.203181 -1.35 -38.7519
      vertex 4.98741 -1.35 -41.7487
    endloop
  endfacet
  facet normal -0.415753 0.555519 -0.720103
    outer loop
      vertex -0.203181 -1.35 -38.7519
      vertex 4.8893 -1.64366 -41.9186
      vertex -0.301288 -1.64366 -38.9218
    endloop
  endfacet
  facet normal 0.160738 -0.946918 0.278407
    outer loop
      vertex 3.30722 2.49447 -44.6717
      vertex 6.50552 2.608 -46.1321
      vertex 3.47443 2.608 -44.3821
    endloop
  endfacet
  facet normal 0.160738 -0.946918 0.278407
    outer loop
      vertex 6.50552 2.608 -46.1321
      vertex 3.30722 2.49447 -44.6717
      vertex 6.33831 2.49447 -46.4217
    endloop
  endfacet
  facet normal 0.160736 -0.946919 0.278403
    outer loop
      vertex -1.88894 2.49447 -41.6717
      vertex 3.46887 2.608 -44.3789
      vertex -1.72172 2.608 -41.3821
    endloop
  endfacet
  facet normal 0.160738 -0.946918 0.278406
    outer loop
      vertex 3.46887 2.608 -44.3789
      vertex -1.88894 2.49447 -41.6717
      vertex 3.30166 2.49447 -44.6685
    endloop
  endfacet
  facet normal 0.49893 -0.0653938 0.864172
    outer loop
      vertex 2.48539 0.35242 -46.0952
      vertex 5.50493 0 -47.8652
      vertex 5.51648 0.35242 -47.8452
    endloop
  endfacet
  facet normal 0.49893 -0.0653938 0.864172
    outer loop
      vertex 5.50493 0 -47.8652
      vertex 2.48539 0.35242 -46.0952
      vertex 2.47384 0 -46.1152
    endloop
  endfacet
  facet normal 0.49893 -0.0653938 0.864171
    outer loop
      vertex -2.71077 0.35242 -43.0952
      vertex 2.46828 0 -46.112
      vertex 2.47983 0.35242 -46.092
    endloop
  endfacet
  facet normal 0.49893 -0.0653938 0.864171
    outer loop
      vertex 2.46828 0 -46.112
      vertex -2.71077 0.35242 -43.0952
      vertex -2.72232 0 -43.1152
    endloop
  endfacet
  facet normal 0.375897 0.6594 0.651071
    outer loop
      vertex 5.90033 -1.90919 -47.1803
      vertex 2.75281 -1.64366 -45.632
      vertex 2.86925 -1.90919 -45.4303
    endloop
  endfacet
  facet normal 0.3759 0.659392 0.651077
    outer loop
      vertex 2.75281 -1.64366 -45.632
      vertex 5.90033 -1.90919 -47.1803
      vertex 5.7839 -1.64366 -47.382
    endloop
  endfacet
  facet normal 0.375901 0.659392 0.651077
    outer loop
      vertex 2.86368 -1.90919 -45.4271
      vertex -2.44334 -1.64366 -42.632
      vertex -2.32691 -1.90919 -42.4303
    endloop
  endfacet
  facet normal 0.375901 0.659392 0.651077
    outer loop
      vertex -2.44334 -1.64366 -42.632
      vertex 2.86368 -1.90919 -45.4271
      vertex 2.74725 -1.64366 -45.6288
    endloop
  endfacet
  facet normal 0.329706 -0.751782 0.571067
    outer loop
      vertex 2.86925 1.90919 -45.4303
      vertex 6.0331 2.14205 -46.9504
      vertex 3.00201 2.14205 -45.2004
    endloop
  endfacet
  facet normal 0.329703 -0.751788 0.57106
    outer loop
      vertex 6.0331 2.14205 -46.9504
      vertex 2.86925 1.90919 -45.4303
      vertex 5.90033 1.90919 -47.1803
    endloop
  endfacet
  facet normal 0.329703 -0.751788 0.57106
    outer loop
      vertex -2.32691 1.90919 -42.4303
      vertex 2.99645 2.14205 -45.1972
      vertex -2.19414 2.14205 -42.2004
    endloop
  endfacet
  facet normal 0.329703 -0.751788 0.57106
    outer loop
      vertex 2.99645 2.14205 -45.1972
      vertex -2.32691 1.90919 -42.4303
      vertex 2.86368 1.90919 -45.4271
    endloop
  endfacet
  facet normal 0.0327036 -0.997859 0.0566443
    outer loop
      vertex 3.64763 2.6769 -44.0821
      vertex 6.85493 2.7 -45.5269
      vertex 3.82384 2.7 -43.7769
    endloop
  endfacet
  facet normal 0.0327036 -0.997859 0.0566443
    outer loop
      vertex 6.85493 2.7 -45.5269
      vertex 3.64763 2.6769 -44.0821
      vertex 6.67872 2.6769 -45.8321
    endloop
  endfacet
  facet normal 0.0327036 -0.997859 0.0566443
    outer loop
      vertex -1.54853 2.6769 -41.0821
      vertex 3.81828 2.7 -43.7737
      vertex -1.37232 2.7 -40.7769
    endloop
  endfacet
  facet normal 0.0327036 -0.997859 0.0566443
    outer loop
      vertex 3.81828 2.7 -43.7737
      vertex -1.54853 2.6769 -41.0821
      vertex 3.64207 2.6769 -44.0789
    endloop
  endfacet
  facet normal 0.160738 0.946918 0.278407
    outer loop
      vertex 6.50552 -2.608 -46.1321
      vertex 3.30722 -2.49447 -44.6717
      vertex 3.47443 -2.608 -44.3821
    endloop
  endfacet
  facet normal 0.160738 0.946918 0.278407
    outer loop
      vertex 3.30722 -2.49447 -44.6717
      vertex 6.50552 -2.608 -46.1321
      vertex 6.33831 -2.49447 -46.4217
    endloop
  endfacet
  facet normal 0.160736 0.946919 0.278403
    outer loop
      vertex 3.46887 -2.608 -44.3789
      vertex -1.88894 -2.49447 -41.6717
      vertex -1.72172 -2.608 -41.3821
    endloop
  endfacet
  facet normal 0.160738 0.946918 0.278406
    outer loop
      vertex -1.88894 -2.49447 -41.6717
      vertex 3.46887 -2.608 -44.3789
      vertex 3.30166 -2.49447 -44.6685
    endloop
  endfacet
  facet normal -0.277797 0.831453 -0.481159
    outer loop
      vertex 7.67676 -2.14205 -44.1035
      vertex 4.49884 -2.33827 -42.6078
      vertex 4.64567 -2.14205 -42.3535
    endloop
  endfacet
  facet normal -0.277797 0.831453 -0.481159
    outer loop
      vertex 4.49884 -2.33827 -42.6078
      vertex 7.67676 -2.14205 -44.1035
      vertex 7.52993 -2.33827 -44.3578
    endloop
  endfacet
  facet normal -0.277798 0.831453 -0.481159
    outer loop
      vertex 4.64011 -2.14205 -42.3503
      vertex -0.697316 -2.33827 -39.6078
      vertex -0.550487 -2.14205 -39.3535
    endloop
  endfacet
  facet normal -0.277798 0.831453 -0.481159
    outer loop
      vertex -0.697316 -2.33827 -39.6078
      vertex 4.64011 -2.14205 -42.3503
      vertex 4.49328 -2.33827 -42.6046
    endloop
  endfacet
  facet normal -0.375896 0.6594 -0.651071
    outer loop
      vertex 7.92596 -1.64366 -43.6718
      vertex 4.77843 -1.90919 -42.1235
      vertex 4.89487 -1.64366 -41.9218
    endloop
  endfacet
  facet normal -0.375896 0.6594 -0.651071
    outer loop
      vertex 4.77843 -1.90919 -42.1235
      vertex 7.92596 -1.64366 -43.6718
      vertex 7.80952 -1.90919 -43.8735
    endloop
  endfacet
  facet normal -0.3759 0.659394 -0.651075
    outer loop
      vertex 4.8893 -1.64366 -41.9186
      vertex -0.417721 -1.90919 -39.1235
      vertex -0.301288 -1.64366 -38.9218
    endloop
  endfacet
  facet normal -0.375901 0.659392 -0.651077
    outer loop
      vertex -0.417721 -1.90919 -39.1235
      vertex 4.8893 -1.64366 -41.9186
      vertex 4.77287 -1.90919 -42.1203
    endloop
  endfacet
  facet normal -0.160736 0.946919 -0.278403
    outer loop
      vertex 7.37155 -2.49447 -44.6321
      vertex 4.17324 -2.608 -43.1717
      vertex 4.34046 -2.49447 -42.8821
    endloop
  endfacet
  facet normal -0.160736 0.946919 -0.278403
    outer loop
      vertex 4.17324 -2.608 -43.1717
      vertex 7.37155 -2.49447 -44.6321
      vertex 7.20433 -2.608 -44.9217
    endloop
  endfacet
  facet normal -0.160737 0.946919 -0.278404
    outer loop
      vertex 4.3349 -2.49447 -42.8789
      vertex -1.02291 -2.608 -40.1717
      vertex -0.855693 -2.49447 -39.8821
    endloop
  endfacet
  facet normal -0.160736 0.946919 -0.278403
    outer loop
      vertex -1.02291 -2.608 -40.1717
      vertex 4.3349 -2.49447 -42.8789
      vertex 4.16768 -2.608 -43.1685
    endloop
  endfacet
  facet normal -0.0327036 -0.997859 -0.0566443
    outer loop
      vertex 3.82384 2.7 -43.7769
      vertex 7.03114 2.6769 -45.2217
      vertex 4.00005 2.6769 -43.4717
    endloop
  endfacet
  facet normal -0.0327036 -0.997859 -0.0566443
    outer loop
      vertex 7.03114 2.6769 -45.2217
      vertex 3.82384 2.7 -43.7769
      vertex 6.85493 2.7 -45.5269
    endloop
  endfacet
  facet normal -0.0327036 -0.997859 -0.0566443
    outer loop
      vertex -1.37232 2.7 -40.7769
      vertex 3.99449 2.6769 -43.4685
      vertex -1.19611 2.6769 -40.4717
    endloop
  endfacet
  facet normal -0.0327036 -0.997859 -0.0566443
    outer loop
      vertex 3.99449 2.6769 -43.4685
      vertex -1.37232 2.7 -40.7769
      vertex 3.81828 2.7 -43.7737
    endloop
  endfacet
  facet normal 0.277741 -0.831529 0.481061
    outer loop
      vertex 3.00201 2.14205 -45.2004
      vertex 6.17993 2.33827 -46.696
      vertex 3.14884 2.33827 -44.946
    endloop
  endfacet
  facet normal 0.277741 -0.831529 0.481061
    outer loop
      vertex 6.17993 2.33827 -46.696
      vertex 3.00201 2.14205 -45.2004
      vertex 6.0331 2.14205 -46.9504
    endloop
  endfacet
  facet normal 0.277742 -0.831529 0.481061
    outer loop
      vertex -2.19414 2.14205 -42.2004
      vertex 3.14328 2.33827 -44.9428
      vertex -2.04731 2.33827 -41.946
    endloop
  endfacet
  facet normal 0.277742 -0.831529 0.481061
    outer loop
      vertex 3.14328 2.33827 -44.9428
      vertex -2.19414 2.14205 -42.2004
      vertex 2.99645 2.14205 -45.1972
    endloop
  endfacet
  facet normal -0.277797 -0.831453 -0.481159
    outer loop
      vertex 4.49884 2.33827 -42.6078
      vertex 7.67676 2.14205 -44.1035
      vertex 4.64567 2.14205 -42.3535
    endloop
  endfacet
  facet normal -0.277797 -0.831453 -0.481159
    outer loop
      vertex 7.67676 2.14205 -44.1035
      vertex 4.49884 2.33827 -42.6078
      vertex 7.52993 2.33827 -44.3578
    endloop
  endfacet
  facet normal -0.277798 -0.831453 -0.481159
    outer loop
      vertex -0.697316 2.33827 -39.6078
      vertex 4.64011 2.14205 -42.3503
      vertex -0.550487 2.14205 -39.3535
    endloop
  endfacet
  facet normal -0.277798 -0.831453 -0.481159
    outer loop
      vertex 4.64011 2.14205 -42.3503
      vertex -0.697316 2.33827 -39.6078
      vertex 4.49328 2.33827 -42.6046
    endloop
  endfacet
  facet normal 0.329706 0.751782 0.571067
    outer loop
      vertex 6.0331 -2.14205 -46.9504
      vertex 2.86925 -1.90919 -45.4303
      vertex 3.00201 -2.14205 -45.2004
    endloop
  endfacet
  facet normal 0.329703 0.751788 0.57106
    outer loop
      vertex 2.86925 -1.90919 -45.4303
      vertex 6.0331 -2.14205 -46.9504
      vertex 5.90033 -1.90919 -47.1803
    endloop
  endfacet
  facet normal 0.329703 0.751788 0.57106
    outer loop
      vertex 2.99645 -2.14205 -45.1972
      vertex -2.32691 -1.90919 -42.4303
      vertex -2.19414 -2.14205 -42.2004
    endloop
  endfacet
  facet normal 0.329703 0.751788 0.57106
    outer loop
      vertex -2.32691 -1.90919 -42.4303
      vertex 2.99645 -2.14205 -45.1972
      vertex 2.86368 -1.90919 -45.4271
    endloop
  endfacet
  facet normal 0.473472 -0.321398 0.820078
    outer loop
      vertex 2.5766 1.03325 -45.9372
      vertex 5.55093 0.698811 -47.7855
      vertex 5.60769 1.03325 -47.6872
    endloop
  endfacet
  facet normal 0.473472 -0.321398 0.820078
    outer loop
      vertex 5.55093 0.698811 -47.7855
      vertex 2.5766 1.03325 -45.9372
      vertex 2.51984 0.698811 -46.0355
    endloop
  endfacet
  facet normal 0.473474 -0.321398 0.820077
    outer loop
      vertex -2.61955 1.03325 -42.9372
      vertex 2.51428 0.698811 -46.0323
      vertex 2.57104 1.03325 -45.934
    endloop
  endfacet
  facet normal 0.473474 -0.321398 0.820077
    outer loop
      vertex 2.51428 0.698811 -46.0323
      vertex -2.61955 1.03325 -42.9372
      vertex -2.67631 0.698811 -43.0355
    endloop
  endfacet
  facet normal -0.329645 0.751889 -0.570962
    outer loop
      vertex 7.80952 -1.90919 -43.8735
      vertex 4.64567 -2.14205 -42.3535
      vertex 4.77843 -1.90919 -42.1235
    endloop
  endfacet
  facet normal -0.329645 0.751889 -0.570962
    outer loop
      vertex 4.64567 -2.14205 -42.3535
      vertex 7.80952 -1.90919 -43.8735
      vertex 7.67676 -2.14205 -44.1035
    endloop
  endfacet
  facet normal -0.329644 0.751893 -0.570958
    outer loop
      vertex 4.77287 -1.90919 -42.1203
      vertex -0.550487 -2.14205 -39.3535
      vertex -0.417721 -1.90919 -39.1235
    endloop
  endfacet
  facet normal -0.329646 0.751889 -0.570961
    outer loop
      vertex -0.550487 -2.14205 -39.3535
      vertex 4.77287 -1.90919 -42.1203
      vertex 4.64011 -2.14205 -42.3503
    endloop
  endfacet
  facet normal 0.448426 -0.442333 0.776695
    outer loop
      vertex 2.65471 1.35 -45.8019
      vertex 5.60769 1.03325 -47.6872
      vertex 5.68579 1.35 -47.5519
    endloop
  endfacet
  facet normal 0.448423 -0.442344 0.776691
    outer loop
      vertex 5.60769 1.03325 -47.6872
      vertex 2.65471 1.35 -45.8019
      vertex 2.5766 1.03325 -45.9372
    endloop
  endfacet
  facet normal 0.448427 -0.442333 0.776695
    outer loop
      vertex -2.54145 1.35 -42.8019
      vertex 2.57104 1.03325 -45.934
      vertex 2.64914 1.35 -45.7987
    endloop
  endfacet
  facet normal 0.448427 -0.442333 0.776695
    outer loop
      vertex 2.57104 1.03325 -45.934
      vertex -2.54145 1.35 -42.8019
      vertex -2.61955 1.03325 -42.9372
    endloop
  endfacet
  facet normal 0.0327036 0.997859 0.0566443
    outer loop
      vertex 6.85493 -2.7 -45.5269
      vertex 3.64763 -2.6769 -44.0821
      vertex 3.82384 -2.7 -43.7769
    endloop
  endfacet
  facet normal 0.0327036 0.997859 0.0566443
    outer loop
      vertex 3.64763 -2.6769 -44.0821
      vertex 6.85493 -2.7 -45.5269
      vertex 6.67872 -2.6769 -45.8321
    endloop
  endfacet
  facet normal 0.0327036 0.997859 0.0566443
    outer loop
      vertex 3.81828 -2.7 -43.7737
      vertex -1.54853 -2.6769 -41.0821
      vertex -1.37232 -2.7 -40.7769
    endloop
  endfacet
  facet normal 0.0327036 0.997859 0.0566443
    outer loop
      vertex -1.54853 -2.6769 -41.0821
      vertex 3.81828 -2.7 -43.7737
      vertex 3.64207 -2.6769 -44.0789
    endloop
  endfacet
  facet normal 0.375897 -0.6594 0.651071
    outer loop
      vertex 2.75281 1.64366 -45.632
      vertex 5.90033 1.90919 -47.1803
      vertex 2.86925 1.90919 -45.4303
    endloop
  endfacet
  facet normal 0.3759 -0.659392 0.651077
    outer loop
      vertex 5.90033 1.90919 -47.1803
      vertex 2.75281 1.64366 -45.632
      vertex 5.7839 1.64366 -47.382
    endloop
  endfacet
  facet normal 0.375901 -0.659392 0.651077
    outer loop
      vertex -2.44334 1.64366 -42.632
      vertex 2.86368 1.90919 -45.4271
      vertex -2.32691 1.90919 -42.4303
    endloop
  endfacet
  facet normal 0.375901 -0.659392 0.651077
    outer loop
      vertex 2.86368 1.90919 -45.4271
      vertex -2.44334 1.64366 -42.632
      vertex 2.74725 1.64366 -45.6288
    endloop
  endfacet
  facet normal -0.0327036 0.997859 -0.0566443
    outer loop
      vertex 7.03114 -2.6769 -45.2217
      vertex 3.82384 -2.7 -43.7769
      vertex 4.00005 -2.6769 -43.4717
    endloop
  endfacet
  facet normal -0.0327036 0.997859 -0.0566443
    outer loop
      vertex 3.82384 -2.7 -43.7769
      vertex 7.03114 -2.6769 -45.2217
      vertex 6.85493 -2.7 -45.5269
    endloop
  endfacet
  facet normal -0.0327036 0.997859 -0.0566443
    outer loop
      vertex 3.99449 -2.6769 -43.4685
      vertex -1.37232 -2.7 -40.7769
      vertex -1.19611 -2.6769 -40.4717
    endloop
  endfacet
  facet normal -0.0327036 0.997859 -0.0566443
    outer loop
      vertex -1.37232 -2.7 -40.7769
      vertex 3.99449 -2.6769 -43.4685
      vertex 3.81828 -2.7 -43.7737
    endloop
  endfacet
  facet normal -0.329645 -0.751889 -0.570962
    outer loop
      vertex 4.64567 2.14205 -42.3535
      vertex 7.80952 1.90919 -43.8735
      vertex 4.77843 1.90919 -42.1235
    endloop
  endfacet
  facet normal -0.329645 -0.751889 -0.570962
    outer loop
      vertex 7.80952 1.90919 -43.8735
      vertex 4.64567 2.14205 -42.3535
      vertex 7.67676 2.14205 -44.1035
    endloop
  endfacet
  facet normal -0.329644 -0.751893 -0.570958
    outer loop
      vertex -0.550487 2.14205 -39.3535
      vertex 4.77287 1.90919 -42.1203
      vertex -0.417721 1.90919 -39.1235
    endloop
  endfacet
  facet normal -0.329646 -0.751889 -0.570961
    outer loop
      vertex 4.77287 1.90919 -42.1203
      vertex -0.550487 2.14205 -39.3535
      vertex 4.64011 2.14205 -42.3503
    endloop
  endfacet
  facet normal -0.221145 0.896872 -0.383035
    outer loop
      vertex 7.52993 -2.33827 -44.3578
      vertex 4.34046 -2.49447 -42.8821
      vertex 4.49884 -2.33827 -42.6078
    endloop
  endfacet
  facet normal -0.221145 0.896872 -0.383035
    outer loop
      vertex 4.34046 -2.49447 -42.8821
      vertex 7.52993 -2.33827 -44.3578
      vertex 7.37155 -2.49447 -44.6321
    endloop
  endfacet
  facet normal -0.221146 0.896871 -0.383036
    outer loop
      vertex 4.49328 -2.33827 -42.6046
      vertex -0.855693 -2.49447 -39.8821
      vertex -0.697316 -2.33827 -39.6078
    endloop
  endfacet
  facet normal -0.221146 0.896872 -0.383034
    outer loop
      vertex -0.855693 -2.49447 -39.8821
      vertex 4.49328 -2.33827 -42.6046
      vertex 4.3349 -2.49447 -42.8789
    endloop
  endfacet
  facet normal 0.49893 0.0653938 0.864172
    outer loop
      vertex 5.50493 0 -47.8652
      vertex 2.48539 -0.35242 -46.0952
      vertex 5.51648 -0.35242 -47.8452
    endloop
  endfacet
  facet normal 0.49893 0.0653938 0.864172
    outer loop
      vertex 2.48539 -0.35242 -46.0952
      vertex 5.50493 0 -47.8652
      vertex 2.47384 0 -46.1152
    endloop
  endfacet
  facet normal 0.49893 0.0653938 0.864171
    outer loop
      vertex 2.46828 0 -46.112
      vertex -2.71077 -0.35242 -43.0952
      vertex 2.47983 -0.35242 -46.092
    endloop
  endfacet
  facet normal 0.49893 0.0653938 0.864171
    outer loop
      vertex -2.71077 -0.35242 -43.0952
      vertex 2.46828 0 -46.112
      vertex -2.72232 0 -43.1152
    endloop
  endfacet
  facet normal 0.0975387 0.980788 0.168942
    outer loop
      vertex 6.67872 -2.6769 -45.8321
      vertex 3.47443 -2.608 -44.3821
      vertex 3.64763 -2.6769 -44.0821
    endloop
  endfacet
  facet normal 0.0975387 0.980788 0.168942
    outer loop
      vertex 3.47443 -2.608 -44.3821
      vertex 6.67872 -2.6769 -45.8321
      vertex 6.50552 -2.608 -46.1321
    endloop
  endfacet
  facet normal 0.0975402 0.980787 0.168944
    outer loop
      vertex 3.64207 -2.6769 -44.0789
      vertex -1.72172 -2.608 -41.3821
      vertex -1.54853 -2.6769 -41.0821
    endloop
  endfacet
  facet normal 0.097539 0.980788 0.168942
    outer loop
      vertex -1.72172 -2.608 -41.3821
      vertex 3.64207 -2.6769 -44.0789
      vertex 3.46887 -2.608 -44.3789
    endloop
  endfacet
  facet normal -0.160736 -0.946919 -0.278403
    outer loop
      vertex 4.17324 2.608 -43.1717
      vertex 7.37155 2.49447 -44.6321
      vertex 4.34046 2.49447 -42.8821
    endloop
  endfacet
  facet normal -0.160736 -0.946919 -0.278403
    outer loop
      vertex 7.37155 2.49447 -44.6321
      vertex 4.17324 2.608 -43.1717
      vertex 7.20433 2.608 -44.9217
    endloop
  endfacet
  facet normal -0.160737 -0.946919 -0.278404
    outer loop
      vertex -1.02291 2.608 -40.1717
      vertex 4.3349 2.49447 -42.8789
      vertex -0.855693 2.49447 -39.8821
    endloop
  endfacet
  facet normal -0.160736 -0.946919 -0.278403
    outer loop
      vertex 4.3349 2.49447 -42.8789
      vertex -1.02291 2.608 -40.1717
      vertex 4.16768 2.608 -43.1685
    endloop
  endfacet
  facet normal 0.490386 0.195159 0.849373
    outer loop
      vertex 5.51648 -0.35242 -47.8452
      vertex 2.51984 -0.698811 -46.0355
      vertex 5.55093 -0.698811 -47.7855
    endloop
  endfacet
  facet normal 0.490386 0.195159 0.849373
    outer loop
      vertex 2.51984 -0.698811 -46.0355
      vertex 5.51648 -0.35242 -47.8452
      vertex 2.48539 -0.35242 -46.0952
    endloop
  endfacet
  facet normal 0.490387 0.195159 0.849372
    outer loop
      vertex 2.47983 -0.35242 -46.092
      vertex -2.67631 -0.698811 -43.0355
      vertex 2.51428 -0.698811 -46.0323
    endloop
  endfacet
  facet normal 0.490385 0.195173 0.84937
    outer loop
      vertex -2.67631 -0.698811 -43.0355
      vertex 2.47983 -0.35242 -46.092
      vertex -2.71077 -0.35242 -43.0952
    endloop
  endfacet
  facet normal -0.490386 -0.195159 -0.849373
    outer loop
      vertex 5.16229 0.35242 -41.4586
      vertex 8.15893 0.698811 -43.2683
      vertex 8.19338 0.35242 -43.2086
    endloop
  endfacet
  facet normal -0.490386 -0.195159 -0.849373
    outer loop
      vertex 8.15893 0.698811 -43.2683
      vertex 5.16229 0.35242 -41.4586
      vertex 5.12784 0.698811 -41.5183
    endloop
  endfacet
  facet normal -0.490387 -0.195159 -0.849372
    outer loop
      vertex -0.0338648 0.35242 -38.4586
      vertex 5.12228 0.698811 -41.5151
      vertex 5.15673 0.35242 -41.4554
    endloop
  endfacet
  facet normal -0.490387 -0.19516 -0.849372
    outer loop
      vertex 5.12228 0.698811 -41.5151
      vertex -0.0338648 0.35242 -38.4586
      vertex -0.0683158 0.698811 -38.5183
    endloop
  endfacet
  facet normal 0.490386 -0.195159 0.849373
    outer loop
      vertex 2.51984 0.698811 -46.0355
      vertex 5.51648 0.35242 -47.8452
      vertex 5.55093 0.698811 -47.7855
    endloop
  endfacet
  facet normal 0.490386 -0.195159 0.849373
    outer loop
      vertex 5.51648 0.35242 -47.8452
      vertex 2.51984 0.698811 -46.0355
      vertex 2.48539 0.35242 -46.0952
    endloop
  endfacet
  facet normal 0.490387 -0.195159 0.849372
    outer loop
      vertex -2.67631 0.698811 -43.0355
      vertex 2.47983 0.35242 -46.092
      vertex 2.51428 0.698811 -46.0323
    endloop
  endfacet
  facet normal 0.490385 -0.195173 0.84937
    outer loop
      vertex 2.47983 0.35242 -46.092
      vertex -2.67631 0.698811 -43.0355
      vertex -2.71077 0.35242 -43.0952
    endloop
  endfacet
  facet normal 0.473472 0.321398 0.820078
    outer loop
      vertex 5.55093 -0.698811 -47.7855
      vertex 2.5766 -1.03325 -45.9372
      vertex 5.60769 -1.03325 -47.6872
    endloop
  endfacet
  facet normal 0.473472 0.321398 0.820078
    outer loop
      vertex 2.5766 -1.03325 -45.9372
      vertex 5.55093 -0.698811 -47.7855
      vertex 2.51984 -0.698811 -46.0355
    endloop
  endfacet
  facet normal 0.473474 0.321398 0.820077
    outer loop
      vertex 2.51428 -0.698811 -46.0323
      vertex -2.61955 -1.03325 -42.9372
      vertex 2.57104 -1.03325 -45.934
    endloop
  endfacet
  facet normal 0.473474 0.321398 0.820077
    outer loop
      vertex -2.61955 -1.03325 -42.9372
      vertex 2.51428 -0.698811 -46.0323
      vertex -2.67631 -0.698811 -43.0355
    endloop
  endfacet
  facet normal -0.09754 -0.980787 -0.168944
    outer loop
      vertex 4.00005 2.6769 -43.4717
      vertex 7.20433 2.608 -44.9217
      vertex 4.17324 2.608 -43.1717
    endloop
  endfacet
  facet normal -0.09754 -0.980787 -0.168944
    outer loop
      vertex 7.20433 2.608 -44.9217
      vertex 4.00005 2.6769 -43.4717
      vertex 7.03114 2.6769 -45.2217
    endloop
  endfacet
  facet normal -0.097539 -0.980788 -0.168942
    outer loop
      vertex -1.19611 2.6769 -40.4717
      vertex 4.16768 2.608 -43.1685
      vertex -1.02291 2.608 -40.1717
    endloop
  endfacet
  facet normal -0.0975402 -0.980787 -0.168944
    outer loop
      vertex 4.16768 2.608 -43.1685
      vertex -1.19611 2.6769 -40.4717
      vertex 3.99449 2.6769 -43.4685
    endloop
  endfacet
  facet normal 0.277741 0.831529 0.481061
    outer loop
      vertex 6.17993 -2.33827 -46.696
      vertex 3.00201 -2.14205 -45.2004
      vertex 3.14884 -2.33827 -44.946
    endloop
  endfacet
  facet normal 0.277741 0.831529 0.481061
    outer loop
      vertex 3.00201 -2.14205 -45.2004
      vertex 6.17993 -2.33827 -46.696
      vertex 6.0331 -2.14205 -46.9504
    endloop
  endfacet
  facet normal 0.277742 0.831529 0.481061
    outer loop
      vertex 3.14328 -2.33827 -44.9428
      vertex -2.19414 -2.14205 -42.2004
      vertex -2.04731 -2.33827 -41.946
    endloop
  endfacet
  facet normal 0.277742 0.831529 0.481061
    outer loop
      vertex -2.19414 -2.14205 -42.2004
      vertex 3.14328 -2.33827 -44.9428
      vertex 2.99645 -2.14205 -45.1972
    endloop
  endfacet
  facet normal -0.09754 0.980787 -0.168944
    outer loop
      vertex 7.20433 -2.608 -44.9217
      vertex 4.00005 -2.6769 -43.4717
      vertex 4.17324 -2.608 -43.1717
    endloop
  endfacet
  facet normal -0.09754 0.980787 -0.168944
    outer loop
      vertex 4.00005 -2.6769 -43.4717
      vertex 7.20433 -2.608 -44.9217
      vertex 7.03114 -2.6769 -45.2217
    endloop
  endfacet
  facet normal -0.097539 0.980788 -0.168942
    outer loop
      vertex 4.16768 -2.608 -43.1685
      vertex -1.19611 -2.6769 -40.4717
      vertex -1.02291 -2.608 -40.1717
    endloop
  endfacet
  facet normal -0.0975402 0.980787 -0.168944
    outer loop
      vertex -1.19611 -2.6769 -40.4717
      vertex 4.16768 -2.608 -43.1685
      vertex 3.99449 -2.6769 -43.4685
    endloop
  endfacet
  facet normal 0.415751 -0.555522 0.720102
    outer loop
      vertex 2.75281 1.64366 -45.632
      vertex 5.68579 1.35 -47.5519
      vertex 5.7839 1.64366 -47.382
    endloop
  endfacet
  facet normal 0.415755 -0.555512 0.720107
    outer loop
      vertex 5.68579 1.35 -47.5519
      vertex 2.75281 1.64366 -45.632
      vertex 2.65471 1.35 -45.8019
    endloop
  endfacet
  facet normal 0.415752 -0.555522 0.720101
    outer loop
      vertex -2.44334 1.64366 -42.632
      vertex 2.64914 1.35 -45.7987
      vertex 2.74725 1.64366 -45.6288
    endloop
  endfacet
  facet normal 0.415752 -0.555522 0.720101
    outer loop
      vertex 2.64914 1.35 -45.7987
      vertex -2.44334 1.64366 -42.632
      vertex -2.54145 1.35 -42.8019
    endloop
  endfacet
  facet normal 0.448426 0.442333 0.776695
    outer loop
      vertex 5.60769 -1.03325 -47.6872
      vertex 2.65471 -1.35 -45.8019
      vertex 5.68579 -1.35 -47.5519
    endloop
  endfacet
  facet normal 0.448423 0.442344 0.776691
    outer loop
      vertex 2.65471 -1.35 -45.8019
      vertex 5.60769 -1.03325 -47.6872
      vertex 2.5766 -1.03325 -45.9372
    endloop
  endfacet
  facet normal 0.448427 0.442333 0.776695
    outer loop
      vertex 2.57104 -1.03325 -45.934
      vertex -2.54145 -1.35 -42.8019
      vertex 2.64914 -1.35 -45.7987
    endloop
  endfacet
  facet normal 0.448427 0.442333 0.776695
    outer loop
      vertex -2.54145 -1.35 -42.8019
      vertex 2.57104 -1.03325 -45.934
      vertex -2.61955 -1.03325 -42.9372
    endloop
  endfacet
  facet normal 0.415751 0.555522 0.720102
    outer loop
      vertex 5.68579 -1.35 -47.5519
      vertex 2.75281 -1.64366 -45.632
      vertex 5.7839 -1.64366 -47.382
    endloop
  endfacet
  facet normal 0.415755 0.555512 0.720107
    outer loop
      vertex 2.75281 -1.64366 -45.632
      vertex 5.68579 -1.35 -47.5519
      vertex 2.65471 -1.35 -45.8019
    endloop
  endfacet
  facet normal 0.415752 0.555522 0.720101
    outer loop
      vertex 2.64914 -1.35 -45.7987
      vertex -2.44334 -1.64366 -42.632
      vertex 2.74725 -1.64366 -45.6288
    endloop
  endfacet
  facet normal 0.415752 0.555522 0.720101
    outer loop
      vertex -2.44334 -1.64366 -42.632
      vertex 2.64914 -1.35 -45.7987
      vertex -2.54145 -1.35 -42.8019
    endloop
  endfacet
  facet normal 0.221145 -0.896872 0.383035
    outer loop
      vertex 3.14884 2.33827 -44.946
      vertex 6.33831 2.49447 -46.4217
      vertex 3.30722 2.49447 -44.6717
    endloop
  endfacet
  facet normal 0.221145 -0.896872 0.383035
    outer loop
      vertex 6.33831 2.49447 -46.4217
      vertex 3.14884 2.33827 -44.946
      vertex 6.17993 2.33827 -46.696
    endloop
  endfacet
  facet normal 0.221148 -0.896869 0.383039
    outer loop
      vertex -2.04731 2.33827 -41.946
      vertex 3.30166 2.49447 -44.6685
      vertex -1.88894 2.49447 -41.6717
    endloop
  endfacet
  facet normal 0.221146 -0.896872 0.383034
    outer loop
      vertex 3.30166 2.49447 -44.6685
      vertex -2.04731 2.33827 -41.946
      vertex 3.14328 2.33827 -44.9428
    endloop
  endfacet
  facet normal -0.490379 0.195214 -0.849364
    outer loop
      vertex 16.6277 -0.82822 -47.6001
      vertex 8.44124 -0.417684 -42.7793
      vertex 16.6685 -0.417684 -47.5293
    endloop
  endfacet
  facet normal -0.490375 0.195249 -0.849359
    outer loop
      vertex 8.44124 -0.417684 -42.7793
      vertex 16.6277 -0.82822 -47.6001
      vertex 8.40041 -0.82822 -42.8501
    endloop
  endfacet
  facet normal -0.498928 0.0653992 -0.864172
    outer loop
      vertex 16.6685 -0.417684 -47.5293
      vertex 8.45493 0 -42.7556
      vertex 16.6822 0 -47.5056
    endloop
  endfacet
  facet normal -0.498929 0.0653873 -0.864173
    outer loop
      vertex 8.45493 0 -42.7556
      vertex 16.6685 -0.417684 -47.5293
      vertex 8.44124 -0.417684 -42.7793
    endloop
  endfacet
  facet normal -0.16071 0.946936 -0.278359
    outer loop
      vertex 15.6945 -2.95641 -49.2164
      vertex 7.26904 -3.09096 -44.8097
      vertex 7.46722 -2.95641 -44.4664
    endloop
  endfacet
  facet normal -0.160707 0.946939 -0.278353
    outer loop
      vertex 7.26904 -3.09096 -44.8097
      vertex 15.6945 -2.95641 -49.2164
      vertex 15.4963 -3.09096 -49.5597
    endloop
  endfacet
  facet normal -0.277788 -0.831465 -0.481143
    outer loop
      vertex 7.65493 2.77128 -44.1413
      vertex 16.0562 2.53873 -48.5899
      vertex 7.82895 2.53873 -43.8399
    endloop
  endfacet
  facet normal -0.277793 -0.831458 -0.481153
    outer loop
      vertex 16.0562 2.53873 -48.5899
      vertex 7.65493 2.77128 -44.1413
      vertex 15.8822 2.77128 -48.8913
    endloop
  endfacet
  facet normal -0.329646 0.751889 -0.570961
    outer loop
      vertex 16.2135 -2.26274 -48.3173
      vertex 7.82895 -2.53873 -43.8399
      vertex 7.9863 -2.26274 -43.5673
    endloop
  endfacet
  facet normal -0.329659 0.751863 -0.570988
    outer loop
      vertex 7.82895 -2.53873 -43.8399
      vertex 16.2135 -2.26274 -48.3173
      vertex 16.0562 -2.53873 -48.5899
    endloop
  endfacet
  facet normal 0.0975315 -0.980791 0.168929
    outer loop
      vertex 6.44082 3.09096 -46.2442
      vertex 14.8733 3.17262 -50.6386
      vertex 6.64609 3.17262 -45.8886
    endloop
  endfacet
  facet normal 0.0975389 -0.980788 0.168943
    outer loop
      vertex 14.8733 3.17262 -50.6386
      vertex 6.44082 3.09096 -46.2442
      vertex 14.6681 3.09096 -50.9942
    endloop
  endfacet
  facet normal -0.375927 -0.659333 -0.651121
    outer loop
      vertex 7.9863 2.26274 -43.5673
      vertex 16.3515 1.94804 -48.0783
      vertex 8.12429 1.94804 -43.3283
    endloop
  endfacet
  facet normal -0.375924 -0.65934 -0.651116
    outer loop
      vertex 16.3515 1.94804 -48.0783
      vertex 7.9863 2.26274 -43.5673
      vertex 16.2135 2.26274 -48.3173
    endloop
  endfacet
  facet normal 0.473435 0.321609 0.820017
    outer loop
      vertex 13.5367 -0.82822 -52.9538
      vertex 5.37672 -1.22459 -48.0872
      vertex 13.604 -1.22459 -52.8372
    endloop
  endfacet
  facet normal 0.473441 0.321577 0.820025
    outer loop
      vertex 5.37672 -1.22459 -48.0872
      vertex 13.5367 -0.82822 -52.9538
      vertex 5.30945 -0.82822 -48.2038
    endloop
  endfacet
  facet normal -0.0327076 0.997858 -0.0566511
    outer loop
      vertex 15.291 -3.17262 -49.9152
      vertex 6.85493 -3.2 -45.5269
      vertex 7.06377 -3.17262 -45.1652
    endloop
  endfacet
  facet normal -0.032709 0.997858 -0.0566539
    outer loop
      vertex 6.85493 -3.2 -45.5269
      vertex 15.291 -3.17262 -49.9152
      vertex 15.0822 -3.2 -50.2769
    endloop
  endfacet
  facet normal 0.160742 0.946915 0.278414
    outer loop
      vertex 14.6681 -3.09096 -50.9942
      vertex 6.24264 -2.95641 -46.5874
      vertex 6.44082 -3.09096 -46.2442
    endloop
  endfacet
  facet normal 0.160738 0.946917 0.278407
    outer loop
      vertex 6.24264 -2.95641 -46.5874
      vertex 14.6681 -3.09096 -50.9942
      vertex 14.4699 -2.95641 -51.3374
    endloop
  endfacet
  facet normal 0.498928 -0.0653992 0.864172
    outer loop
      vertex 5.26862 0.417684 -48.2745
      vertex 13.4822 0 -53.0482
      vertex 13.4959 0.417684 -53.0245
    endloop
  endfacet
  facet normal 0.498929 -0.0653873 0.864173
    outer loop
      vertex 13.4822 0 -53.0482
      vertex 5.26862 0.417684 -48.2745
      vertex 5.25493 0 -48.2982
    endloop
  endfacet
  facet normal 0.0327075 -0.997858 0.0566512
    outer loop
      vertex 6.64609 3.17262 -45.8886
      vertex 15.0822 3.2 -50.2769
      vertex 6.85493 3.2 -45.5269
    endloop
  endfacet
  facet normal 0.0327053 -0.997858 0.056647
    outer loop
      vertex 15.0822 3.2 -50.2769
      vertex 6.64609 3.17262 -45.8886
      vertex 14.8733 3.17262 -50.6386
    endloop
  endfacet
  facet normal -0.498928 -0.0653992 -0.864172
    outer loop
      vertex 8.45493 0 -42.7556
      vertex 16.6685 0.417684 -47.5293
      vertex 16.6822 0 -47.5056
    endloop
  endfacet
  facet normal -0.498929 -0.0653873 -0.864173
    outer loop
      vertex 16.6685 0.417684 -47.5293
      vertex 8.45493 0 -42.7556
      vertex 8.44124 0.417684 -42.7793
    endloop
  endfacet
  facet normal -0.375927 0.659333 -0.651121
    outer loop
      vertex 16.3515 -1.94804 -48.0783
      vertex 7.9863 -2.26274 -43.5673
      vertex 8.12429 -1.94804 -43.3283
    endloop
  endfacet
  facet normal -0.375924 0.65934 -0.651116
    outer loop
      vertex 7.9863 -2.26274 -43.5673
      vertex 16.3515 -1.94804 -48.0783
      vertex 16.2135 -2.26274 -48.3173
    endloop
  endfacet
  facet normal 0.473435 -0.321609 0.820017
    outer loop
      vertex 5.37672 1.22459 -48.0872
      vertex 13.5367 0.82822 -52.9538
      vertex 13.604 1.22459 -52.8372
    endloop
  endfacet
  facet normal 0.473441 -0.321577 0.820025
    outer loop
      vertex 13.5367 0.82822 -52.9538
      vertex 5.37672 1.22459 -48.0872
      vertex 5.30945 0.82822 -48.2038
    endloop
  endfacet
  facet normal 0.4904 -0.195015 0.849398
    outer loop
      vertex 5.30945 0.82822 -48.2038
      vertex 13.4959 0.417684 -53.0245
      vertex 13.5367 0.82822 -52.9538
    endloop
  endfacet
  facet normal 0.490395 -0.19505 0.849393
    outer loop
      vertex 13.4959 0.417684 -53.0245
      vertex 5.30945 0.82822 -48.2038
      vertex 5.26862 0.417684 -48.2745
    endloop
  endfacet
  facet normal -0.0975508 0.980783 -0.168963
    outer loop
      vertex 15.4963 -3.09096 -49.5597
      vertex 7.06377 -3.17262 -45.1652
      vertex 7.26904 -3.09096 -44.8097
    endloop
  endfacet
  facet normal -0.0975477 0.980784 -0.168957
    outer loop
      vertex 7.06377 -3.17262 -45.1652
      vertex 15.4963 -3.09096 -49.5597
      vertex 15.291 -3.17262 -49.9152
    endloop
  endfacet
  facet normal 0.375923 -0.65934 0.651117
    outer loop
      vertex 5.58556 1.94804 -47.7255
      vertex 13.9508 2.26274 -52.2365
      vertex 5.72356 2.26274 -47.4865
    endloop
  endfacet
  facet normal 0.375923 -0.65934 0.651117
    outer loop
      vertex 13.9508 2.26274 -52.2365
      vertex 5.58556 1.94804 -47.7255
      vertex 13.8128 1.94804 -52.4755
    endloop
  endfacet
  facet normal 0.329695 0.751799 0.571051
    outer loop
      vertex 14.1082 -2.53873 -51.964
      vertex 5.72356 -2.26274 -47.4865
      vertex 5.88091 -2.53873 -47.214
    endloop
  endfacet
  facet normal 0.329681 0.751825 0.571025
    outer loop
      vertex 5.72356 -2.26274 -47.4865
      vertex 14.1082 -2.53873 -51.964
      vertex 13.9508 -2.26274 -52.2365
    endloop
  endfacet
  facet normal 0.448472 0.442153 0.776771
    outer loop
      vertex 5.46929 -1.6 -47.9269
      vertex 13.6587 -1.44644 -52.7425
      vertex 13.604 -1.22459 -52.8372
    endloop
  endfacet
  facet normal 0.448456 0.442213 0.776746
    outer loop
      vertex 13.6587 -1.44644 -52.7425
      vertex 5.46929 -1.6 -47.9269
      vertex 13.6965 -1.6 -52.6769
    endloop
  endfacet
  facet normal 0.448446 0.442245 0.776734
    outer loop
      vertex 5.46929 -1.6 -47.9269
      vertex 13.604 -1.22459 -52.8372
      vertex 5.37672 -1.22459 -48.0872
    endloop
  endfacet
  facet normal -0.415727 -0.555594 -0.72006
    outer loop
      vertex 8.24057 1.6 -43.1269
      vertex 16.3515 1.94804 -48.0783
      vertex 16.4678 1.6 -47.8769
    endloop
  endfacet
  facet normal -0.415733 -0.555578 -0.720069
    outer loop
      vertex 16.3515 1.94804 -48.0783
      vertex 8.24057 1.6 -43.1269
      vertex 8.12429 1.94804 -43.3283
    endloop
  endfacet
  facet normal -0.415727 0.555594 -0.72006
    outer loop
      vertex 16.3515 -1.94804 -48.0783
      vertex 8.24057 -1.6 -43.1269
      vertex 16.4678 -1.6 -47.8769
    endloop
  endfacet
  facet normal -0.415733 0.555578 -0.720069
    outer loop
      vertex 8.24057 -1.6 -43.1269
      vertex 16.3515 -1.94804 -48.0783
      vertex 8.12429 -1.94804 -43.3283
    endloop
  endfacet
  facet normal 0.375923 0.65934 0.651117
    outer loop
      vertex 13.9508 -2.26274 -52.2365
      vertex 5.58556 -1.94804 -47.7255
      vertex 5.72356 -2.26274 -47.4865
    endloop
  endfacet
  facet normal 0.375923 0.65934 0.651117
    outer loop
      vertex 5.58556 -1.94804 -47.7255
      vertex 13.9508 -2.26274 -52.2365
      vertex 13.8128 -1.94804 -52.4755
    endloop
  endfacet
  facet normal -0.329646 -0.751889 -0.570961
    outer loop
      vertex 7.82895 2.53873 -43.8399
      vertex 16.2135 2.26274 -48.3173
      vertex 7.9863 2.26274 -43.5673
    endloop
  endfacet
  facet normal -0.329659 -0.751863 -0.570988
    outer loop
      vertex 16.2135 2.26274 -48.3173
      vertex 7.82895 2.53873 -43.8399
      vertex 16.0562 2.53873 -48.5899
    endloop
  endfacet
  facet normal 0.415727 -0.555594 0.72006
    outer loop
      vertex 5.58556 1.94804 -47.7255
      vertex 13.6965 1.6 -52.6769
      vertex 13.8128 1.94804 -52.4755
    endloop
  endfacet
  facet normal 0.415736 -0.55557 0.720073
    outer loop
      vertex 13.6965 1.6 -52.6769
      vertex 5.58556 1.94804 -47.7255
      vertex 5.46929 1.6 -47.9269
    endloop
  endfacet
  facet normal 0.0975315 0.980791 0.168929
    outer loop
      vertex 14.8733 -3.17262 -50.6386
      vertex 6.44082 -3.09096 -46.2442
      vertex 6.64609 -3.17262 -45.8886
    endloop
  endfacet
  facet normal 0.0975389 0.980788 0.168943
    outer loop
      vertex 6.44082 -3.09096 -46.2442
      vertex 14.8733 -3.17262 -50.6386
      vertex 14.6681 -3.09096 -50.9942
    endloop
  endfacet
  facet normal -0.473466 -0.321423 -0.820071
    outer loop
      vertex 8.40041 0.82822 -42.8501
      vertex 16.5604 1.22459 -47.7166
      vertex 16.6277 0.82822 -47.6001
    endloop
  endfacet
  facet normal -0.473472 -0.321391 -0.82008
    outer loop
      vertex 16.5604 1.22459 -47.7166
      vertex 8.40041 0.82822 -42.8501
      vertex 8.33314 1.22459 -42.9666
    endloop
  endfacet
  facet normal -0.221147 0.89687 -0.383039
    outer loop
      vertex 15.8822 -2.77128 -48.8913
      vertex 7.46722 -2.95641 -44.4664
      vertex 7.65493 -2.77128 -44.1413
    endloop
  endfacet
  facet normal -0.221149 0.896867 -0.383043
    outer loop
      vertex 7.46722 -2.95641 -44.4664
      vertex 15.8822 -2.77128 -48.8913
      vertex 15.6945 -2.95641 -49.2164
    endloop
  endfacet
  facet normal 0.0327075 0.997858 0.0566512
    outer loop
      vertex 15.0822 -3.2 -50.2769
      vertex 6.64609 -3.17262 -45.8886
      vertex 6.85493 -3.2 -45.5269
    endloop
  endfacet
  facet normal 0.0327053 0.997858 0.056647
    outer loop
      vertex 6.64609 -3.17262 -45.8886
      vertex 15.0822 -3.2 -50.2769
      vertex 14.8733 -3.17262 -50.6386
    endloop
  endfacet
  facet normal -0.0327076 -0.997858 -0.0566511
    outer loop
      vertex 6.85493 3.2 -45.5269
      vertex 15.291 3.17262 -49.9152
      vertex 7.06377 3.17262 -45.1652
    endloop
  endfacet
  facet normal -0.032709 -0.997858 -0.0566539
    outer loop
      vertex 15.291 3.17262 -49.9152
      vertex 6.85493 3.2 -45.5269
      vertex 15.0822 3.2 -50.2769
    endloop
  endfacet
  facet normal -0.277788 0.831465 -0.481143
    outer loop
      vertex 16.0562 -2.53873 -48.5899
      vertex 7.65493 -2.77128 -44.1413
      vertex 7.82895 -2.53873 -43.8399
    endloop
  endfacet
  facet normal -0.277793 0.831458 -0.481153
    outer loop
      vertex 7.65493 -2.77128 -44.1413
      vertex 16.0562 -2.53873 -48.5899
      vertex 15.8822 -2.77128 -48.8913
    endloop
  endfacet
  facet normal 0.448456 -0.442213 0.776746
    outer loop
      vertex 5.46929 1.6 -47.9269
      vertex 13.6587 1.44644 -52.7425
      vertex 13.6965 1.6 -52.6769
    endloop
  endfacet
  facet normal 0.448472 -0.442153 0.776771
    outer loop
      vertex 13.6587 1.44644 -52.7425
      vertex 5.46929 1.6 -47.9269
      vertex 13.604 1.22459 -52.8372
    endloop
  endfacet
  facet normal 0.448446 -0.442245 0.776734
    outer loop
      vertex 13.604 1.22459 -52.8372
      vertex 5.46929 1.6 -47.9269
      vertex 5.37672 1.22459 -48.0872
    endloop
  endfacet
  facet normal 0.329695 -0.751799 0.571051
    outer loop
      vertex 5.72356 2.26274 -47.4865
      vertex 14.1082 2.53873 -51.964
      vertex 5.88091 2.53873 -47.214
    endloop
  endfacet
  facet normal 0.329681 -0.751825 0.571025
    outer loop
      vertex 14.1082 2.53873 -51.964
      vertex 5.72356 2.26274 -47.4865
      vertex 13.9508 2.26274 -52.2365
    endloop
  endfacet
  facet normal 0.4904 0.195015 0.849398
    outer loop
      vertex 13.4959 -0.417684 -53.0245
      vertex 5.30945 -0.82822 -48.2038
      vertex 13.5367 -0.82822 -52.9538
    endloop
  endfacet
  facet normal 0.490395 0.19505 0.849393
    outer loop
      vertex 5.30945 -0.82822 -48.2038
      vertex 13.4959 -0.417684 -53.0245
      vertex 5.26862 -0.417684 -48.2745
    endloop
  endfacet
  facet normal -0.448439 0.442274 -0.776721
    outer loop
      vertex 16.4678 -1.6 -47.8769
      vertex 8.33314 -1.22459 -42.9666
      vertex 16.5604 -1.22459 -47.7166
    endloop
  endfacet
  facet normal -0.448448 0.442245 -0.776733
    outer loop
      vertex 8.33314 -1.22459 -42.9666
      vertex 16.4678 -1.6 -47.8769
      vertex 8.24057 -1.6 -43.1269
    endloop
  endfacet
  facet normal -0.0975508 -0.980783 -0.168963
    outer loop
      vertex 7.06377 3.17262 -45.1652
      vertex 15.4963 3.09096 -49.5597
      vertex 7.26904 3.09096 -44.8097
    endloop
  endfacet
  facet normal -0.0975477 -0.980784 -0.168957
    outer loop
      vertex 15.4963 3.09096 -49.5597
      vertex 7.06377 3.17262 -45.1652
      vertex 15.291 3.17262 -49.9152
    endloop
  endfacet
  facet normal -0.448439 -0.442274 -0.776721
    outer loop
      vertex 8.33314 1.22459 -42.9666
      vertex 16.4678 1.6 -47.8769
      vertex 16.5604 1.22459 -47.7166
    endloop
  endfacet
  facet normal -0.448448 -0.442245 -0.776733
    outer loop
      vertex 16.4678 1.6 -47.8769
      vertex 8.33314 1.22459 -42.9666
      vertex 8.24057 1.6 -43.1269
    endloop
  endfacet
  facet normal -0.490379 -0.195214 -0.849364
    outer loop
      vertex 8.44124 0.417684 -42.7793
      vertex 16.6277 0.82822 -47.6001
      vertex 16.6685 0.417684 -47.5293
    endloop
  endfacet
  facet normal -0.490375 -0.195249 -0.849359
    outer loop
      vertex 16.6277 0.82822 -47.6001
      vertex 8.44124 0.417684 -42.7793
      vertex 8.40041 0.82822 -42.8501
    endloop
  endfacet
  facet normal 0.277787 0.831465 0.481144
    outer loop
      vertex 14.2822 -2.77128 -51.6626
      vertex 5.88091 -2.53873 -47.214
      vertex 6.05493 -2.77128 -46.9126
    endloop
  endfacet
  facet normal 0.277792 0.831458 0.481154
    outer loop
      vertex 5.88091 -2.53873 -47.214
      vertex 14.2822 -2.77128 -51.6626
      vertex 14.1082 -2.53873 -51.964
    endloop
  endfacet
  facet normal -0.473466 0.321423 -0.820071
    outer loop
      vertex 16.5604 -1.22459 -47.7166
      vertex 8.40041 -0.82822 -42.8501
      vertex 16.6277 -0.82822 -47.6001
    endloop
  endfacet
  facet normal -0.473472 0.321391 -0.82008
    outer loop
      vertex 8.40041 -0.82822 -42.8501
      vertex 16.5604 -1.22459 -47.7166
      vertex 8.33314 -1.22459 -42.9666
    endloop
  endfacet
  facet normal -0.16071 -0.946936 -0.278359
    outer loop
      vertex 7.26904 3.09096 -44.8097
      vertex 15.6945 2.95641 -49.2164
      vertex 7.46722 2.95641 -44.4664
    endloop
  endfacet
  facet normal -0.160707 -0.946939 -0.278353
    outer loop
      vertex 15.6945 2.95641 -49.2164
      vertex 7.26904 3.09096 -44.8097
      vertex 15.4963 3.09096 -49.5597
    endloop
  endfacet
  facet normal -0.221147 -0.89687 -0.383039
    outer loop
      vertex 7.46722 2.95641 -44.4664
      vertex 15.8822 2.77128 -48.8913
      vertex 7.65493 2.77128 -44.1413
    endloop
  endfacet
  facet normal -0.221149 -0.896867 -0.383043
    outer loop
      vertex 15.8822 2.77128 -48.8913
      vertex 7.46722 2.95641 -44.4664
      vertex 15.6945 2.95641 -49.2164
    endloop
  endfacet
  facet normal 0.498928 0.0653992 0.864172
    outer loop
      vertex 13.4822 0 -53.0482
      vertex 5.26862 -0.417684 -48.2745
      vertex 13.4959 -0.417684 -53.0245
    endloop
  endfacet
  facet normal 0.498929 0.0653873 0.864173
    outer loop
      vertex 5.26862 -0.417684 -48.2745
      vertex 13.4822 0 -53.0482
      vertex 5.25493 0 -48.2982
    endloop
  endfacet
  facet normal 0.160742 -0.946915 0.278414
    outer loop
      vertex 6.24264 2.95641 -46.5874
      vertex 14.6681 3.09096 -50.9942
      vertex 6.44082 3.09096 -46.2442
    endloop
  endfacet
  facet normal 0.160738 -0.946917 0.278407
    outer loop
      vertex 14.6681 3.09096 -50.9942
      vertex 6.24264 2.95641 -46.5874
      vertex 14.4699 2.95641 -51.3374
    endloop
  endfacet
  facet normal 0.221106 0.89691 0.382968
    outer loop
      vertex 14.4699 -2.95641 -51.3374
      vertex 6.05493 -2.77128 -46.9126
      vertex 6.24264 -2.95641 -46.5874
    endloop
  endfacet
  facet normal 0.221108 0.896908 0.382972
    outer loop
      vertex 6.05493 -2.77128 -46.9126
      vertex 14.4699 -2.95641 -51.3374
      vertex 14.2822 -2.77128 -51.6626
    endloop
  endfacet
  facet normal 0.415727 0.555594 0.72006
    outer loop
      vertex 13.6965 -1.6 -52.6769
      vertex 5.58556 -1.94804 -47.7255
      vertex 13.8128 -1.94804 -52.4755
    endloop
  endfacet
  facet normal 0.415736 0.55557 0.720073
    outer loop
      vertex 5.58556 -1.94804 -47.7255
      vertex 13.6965 -1.6 -52.6769
      vertex 5.46929 -1.6 -47.9269
    endloop
  endfacet
  facet normal 0.221106 -0.89691 0.382968
    outer loop
      vertex 6.05493 2.77128 -46.9126
      vertex 14.4699 2.95641 -51.3374
      vertex 6.24264 2.95641 -46.5874
    endloop
  endfacet
  facet normal 0.221108 -0.896908 0.382972
    outer loop
      vertex 14.4699 2.95641 -51.3374
      vertex 6.05493 2.77128 -46.9126
      vertex 14.2822 2.77128 -51.6626
    endloop
  endfacet
  facet normal 0.866013 0 -0.500022
    outer loop
      vertex 6.85493 2.7 -45.5269
      vertex 6.85493 3.2 -45.5269
      vertex 7.06377 3.17262 -45.1652
    endloop
  endfacet
  facet normal 0.866001 -1.05831e-05 -0.500042
    outer loop
      vertex 7.03114 2.6769 -45.2217
      vertex 7.06377 3.17262 -45.1652
      vertex 7.26904 3.09096 -44.8097
    endloop
  endfacet
  facet normal 0.866013 0 -0.500022
    outer loop
      vertex 6.85493 3.2 -45.5269
      vertex 6.85493 2.7 -45.5269
      vertex 6.64609 3.17262 -45.8886
    endloop
  endfacet
  facet normal 0.866037 -8.99364e-05 -0.49998
    outer loop
      vertex 7.20433 2.608 -44.9217
      vertex 7.26904 3.09096 -44.8097
      vertex 7.46722 2.95641 -44.4664
    endloop
  endfacet
  facet normal 0.866022 1.59528e-05 -0.500007
    outer loop
      vertex 6.67872 2.6769 -45.8321
      vertex 6.64609 3.17262 -45.8886
      vertex 6.85493 2.7 -45.5269
    endloop
  endfacet
  facet normal 0.866011 5.88984e-06 -0.500024
    outer loop
      vertex 7.37155 2.49447 -44.6321
      vertex 7.46722 2.95641 -44.4664
      vertex 7.65493 2.77128 -44.1413
    endloop
  endfacet
  facet normal 0.866061 2.62032e-05 -0.499939
    outer loop
      vertex 6.64609 3.17262 -45.8886
      vertex 6.67872 2.6769 -45.8321
      vertex 6.44082 3.09096 -46.2442
    endloop
  endfacet
  facet normal 0.866035 -3.24596e-05 -0.499983
    outer loop
      vertex 6.50552 2.608 -46.1321
      vertex 6.44082 3.09096 -46.2442
      vertex 6.67872 2.6769 -45.8321
    endloop
  endfacet
  facet normal 0.866022 -1.59528e-05 -0.500007
    outer loop
      vertex 7.06377 3.17262 -45.1652
      vertex 7.03114 2.6769 -45.2217
      vertex 6.85493 2.7 -45.5269
    endloop
  endfacet
  facet normal 0.866035 -8.92113e-05 -0.499983
    outer loop
      vertex 7.26904 3.09096 -44.8097
      vertex 7.20433 2.608 -44.9217
      vertex 7.03114 2.6769 -45.2217
    endloop
  endfacet
  facet normal 0.866018 1.58018e-06 -0.500013
    outer loop
      vertex 7.52993 2.33827 -44.3578
      vertex 7.65493 2.77128 -44.1413
      vertex 7.82895 2.53873 -43.8399
    endloop
  endfacet
  facet normal 0.866003 1.31782e-05 -0.50004
    outer loop
      vertex 7.46722 2.95641 -44.4664
      vertex 7.37155 2.49447 -44.6321
      vertex 7.20433 2.608 -44.9217
    endloop
  endfacet
  facet normal 0.86601 1.00453e-05 -0.500026
    outer loop
      vertex 7.65493 2.77128 -44.1413
      vertex 7.52993 2.33827 -44.3578
      vertex 7.37155 2.49447 -44.6321
    endloop
  endfacet
  facet normal 0.866054 -4.56473e-05 -0.49995
    outer loop
      vertex 7.67676 2.14205 -44.1035
      vertex 7.82895 2.53873 -43.8399
      vertex 7.9863 2.26274 -43.5673
    endloop
  endfacet
  facet normal 0.866016 1.40232e-05 -0.500017
    outer loop
      vertex 7.82895 2.53873 -43.8399
      vertex 7.67676 2.14205 -44.1035
      vertex 7.52993 2.33827 -44.3578
    endloop
  endfacet
  facet normal 0.866026 1.01418e-05 -0.499999
    outer loop
      vertex 7.80952 1.90919 -43.8735
      vertex 7.9863 2.26274 -43.5673
      vertex 8.12429 1.94804 -43.3283
    endloop
  endfacet
  facet normal 0.866055 -4.70315e-05 -0.499949
    outer loop
      vertex 7.9863 2.26274 -43.5673
      vertex 7.80952 1.90919 -43.8735
      vertex 7.67676 2.14205 -44.1035
    endloop
  endfacet
  facet normal 0.866027 -3.41694e-05 -0.499997
    outer loop
      vertex 8.12429 1.94804 -43.3283
      vertex 7.92596 1.64366 -43.6718
      vertex 7.80952 1.90919 -43.8735
    endloop
  endfacet
  facet normal 0.866017 -7.09654e-06 -0.500015
    outer loop
      vertex 8.24057 1.6 -43.1269
      vertex 7.92596 1.64366 -43.6718
      vertex 8.12429 1.94804 -43.3283
    endloop
  endfacet
  facet normal 0.866018 1.39099e-05 -0.500013
    outer loop
      vertex 8.24057 1.6 -43.1269
      vertex 8.02406 1.35 -43.5019
      vertex 7.92596 1.64366 -43.6718
    endloop
  endfacet
  facet normal 0.866012 3.44626e-05 -0.500024
    outer loop
      vertex 8.33314 1.22459 -42.9666
      vertex 8.02406 1.35 -43.5019
      vertex 8.24057 1.6 -43.1269
    endloop
  endfacet
  facet normal 0.866005 -3.54204e-05 -0.500036
    outer loop
      vertex 8.33314 1.22459 -42.9666
      vertex 8.10217 1.03325 -43.3666
      vertex 8.02406 1.35 -43.5019
    endloop
  endfacet
  facet normal 0.865997 -2.39439e-08 -0.500049
    outer loop
      vertex 8.40041 0.82822 -42.8501
      vertex 8.10217 1.03325 -43.3666
      vertex 8.33314 1.22459 -42.9666
    endloop
  endfacet
  facet normal 0.865997 -2.56536e-06 -0.500049
    outer loop
      vertex 8.40041 0.82822 -42.8501
      vertex 8.15893 0.698811 -43.2683
      vertex 8.10217 1.03325 -43.3666
    endloop
  endfacet
  facet normal 0.866011 -0.000103807 -0.500026
    outer loop
      vertex 8.44124 0.417684 -42.7793
      vertex 8.15893 0.698811 -43.2683
      vertex 8.40041 0.82822 -42.8501
    endloop
  endfacet
  facet normal 0.866025 -4.4589e-05 -0.5
    outer loop
      vertex 8.44124 0.417684 -42.7793
      vertex 8.19338 0.35242 -43.2086
      vertex 8.15893 0.698811 -43.2683
    endloop
  endfacet
  facet normal 0.866021 1.35751e-05 -0.500007
    outer loop
      vertex 8.45493 0 -42.7556
      vertex 8.19338 0.35242 -43.2086
      vertex 8.44124 0.417684 -42.7793
    endloop
  endfacet
  facet normal 0.866019 6.52645e-06 -0.500011
    outer loop
      vertex 8.45493 0 -42.7556
      vertex 8.20493 0 -43.1886
      vertex 8.19338 0.35242 -43.2086
    endloop
  endfacet
  facet normal 0.866019 -6.52645e-06 -0.500011
    outer loop
      vertex 8.45493 0 -42.7556
      vertex 8.19338 -0.35242 -43.2086
      vertex 8.20493 0 -43.1886
    endloop
  endfacet
  facet normal 0.866021 -1.35751e-05 -0.500007
    outer loop
      vertex 8.44124 -0.417684 -42.7793
      vertex 8.19338 -0.35242 -43.2086
      vertex 8.45493 0 -42.7556
    endloop
  endfacet
  facet normal 0.866025 4.4589e-05 -0.5
    outer loop
      vertex 8.44124 -0.417684 -42.7793
      vertex 8.15893 -0.698811 -43.2683
      vertex 8.19338 -0.35242 -43.2086
    endloop
  endfacet
  facet normal 0.866011 0.000103807 -0.500026
    outer loop
      vertex 8.40041 -0.82822 -42.8501
      vertex 8.15893 -0.698811 -43.2683
      vertex 8.44124 -0.417684 -42.7793
    endloop
  endfacet
  facet normal 0.865997 2.56536e-06 -0.500049
    outer loop
      vertex 8.40041 -0.82822 -42.8501
      vertex 8.10217 -1.03325 -43.3666
      vertex 8.15893 -0.698811 -43.2683
    endloop
  endfacet
  facet normal 0.865997 2.39439e-08 -0.500049
    outer loop
      vertex 8.33314 -1.22459 -42.9666
      vertex 8.10217 -1.03325 -43.3666
      vertex 8.40041 -0.82822 -42.8501
    endloop
  endfacet
  facet normal 0.866005 3.54204e-05 -0.500036
    outer loop
      vertex 8.33314 -1.22459 -42.9666
      vertex 8.02406 -1.35 -43.5019
      vertex 8.10217 -1.03325 -43.3666
    endloop
  endfacet
  facet normal 0.866012 -3.44626e-05 -0.500024
    outer loop
      vertex 8.24057 -1.6 -43.1269
      vertex 8.02406 -1.35 -43.5019
      vertex 8.33314 -1.22459 -42.9666
    endloop
  endfacet
  facet normal 0.866018 -1.39099e-05 -0.500013
    outer loop
      vertex 8.24057 -1.6 -43.1269
      vertex 7.92596 -1.64366 -43.6718
      vertex 8.02406 -1.35 -43.5019
    endloop
  endfacet
  facet normal 0.866017 7.09654e-06 -0.500015
    outer loop
      vertex 8.12429 -1.94804 -43.3283
      vertex 7.92596 -1.64366 -43.6718
      vertex 8.24057 -1.6 -43.1269
    endloop
  endfacet
  facet normal 0.866027 3.41694e-05 -0.499997
    outer loop
      vertex 7.92596 -1.64366 -43.6718
      vertex 8.12429 -1.94804 -43.3283
      vertex 7.80952 -1.90919 -43.8735
    endloop
  endfacet
  facet normal 0.866026 -1.01418e-05 -0.499999
    outer loop
      vertex 7.9863 -2.26274 -43.5673
      vertex 7.80952 -1.90919 -43.8735
      vertex 8.12429 -1.94804 -43.3283
    endloop
  endfacet
  facet normal 0.866055 4.70315e-05 -0.499949
    outer loop
      vertex 7.80952 -1.90919 -43.8735
      vertex 7.9863 -2.26274 -43.5673
      vertex 7.67676 -2.14205 -44.1035
    endloop
  endfacet
  facet normal 0.866054 4.56473e-05 -0.49995
    outer loop
      vertex 7.82895 -2.53873 -43.8399
      vertex 7.67676 -2.14205 -44.1035
      vertex 7.9863 -2.26274 -43.5673
    endloop
  endfacet
  facet normal 0.866016 -1.40232e-05 -0.500017
    outer loop
      vertex 7.67676 -2.14205 -44.1035
      vertex 7.82895 -2.53873 -43.8399
      vertex 7.52993 -2.33827 -44.3578
    endloop
  endfacet
  facet normal 0.866018 -1.58018e-06 -0.500013
    outer loop
      vertex 7.65493 -2.77128 -44.1413
      vertex 7.52993 -2.33827 -44.3578
      vertex 7.82895 -2.53873 -43.8399
    endloop
  endfacet
  facet normal 0.86601 -1.00453e-05 -0.500026
    outer loop
      vertex 7.52993 -2.33827 -44.3578
      vertex 7.65493 -2.77128 -44.1413
      vertex 7.37155 -2.49447 -44.6321
    endloop
  endfacet
  facet normal 0.866011 -5.88984e-06 -0.500024
    outer loop
      vertex 7.46722 -2.95641 -44.4664
      vertex 7.37155 -2.49447 -44.6321
      vertex 7.65493 -2.77128 -44.1413
    endloop
  endfacet
  facet normal 0.866037 8.99364e-05 -0.49998
    outer loop
      vertex 7.26904 -3.09096 -44.8097
      vertex 7.20433 -2.608 -44.9217
      vertex 7.46722 -2.95641 -44.4664
    endloop
  endfacet
  facet normal 0.866003 -1.31782e-05 -0.50004
    outer loop
      vertex 7.37155 -2.49447 -44.6321
      vertex 7.46722 -2.95641 -44.4664
      vertex 7.20433 -2.608 -44.9217
    endloop
  endfacet
  facet normal 0.865998 -5.23808e-05 -0.500048
    outer loop
      vertex 6.44082 3.09096 -46.2442
      vertex 6.50552 2.608 -46.1321
      vertex 6.24264 2.95641 -46.5874
    endloop
  endfacet
  facet normal 0.866014 -3.77417e-06 -0.50002
    outer loop
      vertex 6.33831 2.49447 -46.4217
      vertex 6.24264 2.95641 -46.5874
      vertex 6.50552 2.608 -46.1321
    endloop
  endfacet
  facet normal 0.866067 3.9914e-05 -0.499929
    outer loop
      vertex 6.24264 2.95641 -46.5874
      vertex 6.33831 2.49447 -46.4217
      vertex 6.05493 2.77128 -46.9126
    endloop
  endfacet
  facet normal 0.866033 -9.99236e-05 -0.499988
    outer loop
      vertex 6.17993 2.33827 -46.696
      vertex 6.05493 2.77128 -46.9126
      vertex 6.33831 2.49447 -46.4217
    endloop
  endfacet
  facet normal 0.866046 -8.49003e-05 -0.499965
    outer loop
      vertex 6.05493 2.77128 -46.9126
      vertex 6.17993 2.33827 -46.696
      vertex 5.88091 2.53873 -47.214
    endloop
  endfacet
  facet normal 0.866072 7.2332e-05 -0.49992
    outer loop
      vertex 6.0331 2.14205 -46.9504
      vertex 5.88091 2.53873 -47.214
      vertex 6.17993 2.33827 -46.696
    endloop
  endfacet
  facet normal 0.866007 -2.72234e-05 -0.500032
    outer loop
      vertex 5.88091 2.53873 -47.214
      vertex 6.0331 2.14205 -46.9504
      vertex 5.72356 2.26274 -47.4865
    endloop
  endfacet
  facet normal 0.866001 -8.3721e-05 -0.500041
    outer loop
      vertex 5.90033 1.90919 -47.1803
      vertex 5.72356 2.26274 -47.4865
      vertex 6.0331 2.14205 -46.9504
    endloop
  endfacet
  facet normal 0.866025 -3.62481e-05 -0.5
    outer loop
      vertex 5.72356 2.26274 -47.4865
      vertex 5.90033 1.90919 -47.1803
      vertex 5.58556 1.94804 -47.7255
    endloop
  endfacet
  facet normal 0.866028 6.51098e-05 -0.499995
    outer loop
      vertex 5.7839 1.64366 -47.382
      vertex 5.58556 1.94804 -47.7255
      vertex 5.90033 1.90919 -47.1803
    endloop
  endfacet
  facet normal 0.866016 3.3189e-05 -0.500016
    outer loop
      vertex 5.7839 1.64366 -47.382
      vertex 5.46929 1.6 -47.9269
      vertex 5.58556 1.94804 -47.7255
    endloop
  endfacet
  facet normal 0.866019 -4.48339e-05 -0.500011
    outer loop
      vertex 5.68579 1.35 -47.5519
      vertex 5.46929 1.6 -47.9269
      vertex 5.7839 1.64366 -47.382
    endloop
  endfacet
  facet normal 0.86602 -4.21389e-05 -0.50001
    outer loop
      vertex 5.68579 1.35 -47.5519
      vertex 5.37672 1.22459 -48.0872
      vertex 5.46929 1.6 -47.9269
    endloop
  endfacet
  facet normal 0.866009 5.81224e-05 -0.500028
    outer loop
      vertex 5.60769 1.03325 -47.6872
      vertex 5.37672 1.22459 -48.0872
      vertex 5.68579 1.35 -47.5519
    endloop
  endfacet
  facet normal 0.86602 0.000110621 -0.500009
    outer loop
      vertex 5.60769 1.03325 -47.6872
      vertex 5.30945 0.82822 -48.2038
      vertex 5.37672 1.22459 -48.0872
    endloop
  endfacet
  facet normal 0.866044 -2.96443e-05 -0.499967
    outer loop
      vertex 5.55093 0.698811 -47.7855
      vertex 5.30945 0.82822 -48.2038
      vertex 5.60769 1.03325 -47.6872
    endloop
  endfacet
  facet normal 0.866044 -3.1376e-05 -0.499968
    outer loop
      vertex 5.55093 0.698811 -47.7855
      vertex 5.26862 0.417684 -48.2745
      vertex 5.30945 0.82822 -48.2038
    endloop
  endfacet
  facet normal 0.866025 4.4589e-05 -0.5
    outer loop
      vertex 5.51648 0.35242 -47.8452
      vertex 5.26862 0.417684 -48.2745
      vertex 5.55093 0.698811 -47.7855
    endloop
  endfacet
  facet normal 0.866019 -6.52645e-06 -0.500011
    outer loop
      vertex 5.25493 0 -48.2982
      vertex 5.51648 0.35242 -47.8452
      vertex 5.50493 0 -47.8652
    endloop
  endfacet
  facet normal 0.866021 -1.35751e-05 -0.500007
    outer loop
      vertex 5.51648 0.35242 -47.8452
      vertex 5.25493 0 -48.2982
      vertex 5.26862 0.417684 -48.2745
    endloop
  endfacet
  facet normal 0.866019 6.52645e-06 -0.500011
    outer loop
      vertex 5.51648 -0.35242 -47.8452
      vertex 5.25493 0 -48.2982
      vertex 5.50493 0 -47.8652
    endloop
  endfacet
  facet normal 0.866021 1.35751e-05 -0.500007
    outer loop
      vertex 5.51648 -0.35242 -47.8452
      vertex 5.26862 -0.417684 -48.2745
      vertex 5.25493 0 -48.2982
    endloop
  endfacet
  facet normal 0.866025 -4.4589e-05 -0.5
    outer loop
      vertex 5.55093 -0.698811 -47.7855
      vertex 5.26862 -0.417684 -48.2745
      vertex 5.51648 -0.35242 -47.8452
    endloop
  endfacet
  facet normal 0.866044 3.1376e-05 -0.499968
    outer loop
      vertex 5.55093 -0.698811 -47.7855
      vertex 5.30945 -0.82822 -48.2038
      vertex 5.26862 -0.417684 -48.2745
    endloop
  endfacet
  facet normal 0.866044 2.96443e-05 -0.499967
    outer loop
      vertex 5.60769 -1.03325 -47.6872
      vertex 5.30945 -0.82822 -48.2038
      vertex 5.55093 -0.698811 -47.7855
    endloop
  endfacet
  facet normal 0.86602 -0.000110621 -0.500009
    outer loop
      vertex 5.60769 -1.03325 -47.6872
      vertex 5.37672 -1.22459 -48.0872
      vertex 5.30945 -0.82822 -48.2038
    endloop
  endfacet
  facet normal 0.866009 -5.81224e-05 -0.500028
    outer loop
      vertex 5.68579 -1.35 -47.5519
      vertex 5.37672 -1.22459 -48.0872
      vertex 5.60769 -1.03325 -47.6872
    endloop
  endfacet
  facet normal 0.86602 4.21389e-05 -0.50001
    outer loop
      vertex 5.68579 -1.35 -47.5519
      vertex 5.46929 -1.6 -47.9269
      vertex 5.37672 -1.22459 -48.0872
    endloop
  endfacet
  facet normal 0.866019 4.48339e-05 -0.500011
    outer loop
      vertex 5.7839 -1.64366 -47.382
      vertex 5.46929 -1.6 -47.9269
      vertex 5.68579 -1.35 -47.5519
    endloop
  endfacet
  facet normal 0.866028 -6.51098e-05 -0.499995
    outer loop
      vertex 5.58556 -1.94804 -47.7255
      vertex 5.7839 -1.64366 -47.382
      vertex 5.90033 -1.90919 -47.1803
    endloop
  endfacet
  facet normal 0.866016 -3.3189e-05 -0.500016
    outer loop
      vertex 5.7839 -1.64366 -47.382
      vertex 5.58556 -1.94804 -47.7255
      vertex 5.46929 -1.6 -47.9269
    endloop
  endfacet
  facet normal 0.866001 8.3721e-05 -0.500041
    outer loop
      vertex 5.72356 -2.26274 -47.4865
      vertex 5.90033 -1.90919 -47.1803
      vertex 6.0331 -2.14205 -46.9504
    endloop
  endfacet
  facet normal 0.866025 3.62481e-05 -0.5
    outer loop
      vertex 5.90033 -1.90919 -47.1803
      vertex 5.72356 -2.26274 -47.4865
      vertex 5.58556 -1.94804 -47.7255
    endloop
  endfacet
  facet normal 0.866072 -7.2332e-05 -0.49992
    outer loop
      vertex 5.88091 -2.53873 -47.214
      vertex 6.0331 -2.14205 -46.9504
      vertex 6.17993 -2.33827 -46.696
    endloop
  endfacet
  facet normal 0.866033 9.99236e-05 -0.499988
    outer loop
      vertex 6.05493 -2.77128 -46.9126
      vertex 6.17993 -2.33827 -46.696
      vertex 6.33831 -2.49447 -46.4217
    endloop
  endfacet
  facet normal 0.866007 2.72234e-05 -0.500032
    outer loop
      vertex 6.0331 -2.14205 -46.9504
      vertex 5.88091 -2.53873 -47.214
      vertex 5.72356 -2.26274 -47.4865
    endloop
  endfacet
  facet normal 0.866014 3.77417e-06 -0.50002
    outer loop
      vertex 6.24264 -2.95641 -46.5874
      vertex 6.33831 -2.49447 -46.4217
      vertex 6.50552 -2.608 -46.1321
    endloop
  endfacet
  facet normal 0.866035 3.24596e-05 -0.499983
    outer loop
      vertex 6.44082 -3.09096 -46.2442
      vertex 6.50552 -2.608 -46.1321
      vertex 6.67872 -2.6769 -45.8321
    endloop
  endfacet
  facet normal 0.866046 8.49003e-05 -0.499965
    outer loop
      vertex 6.17993 -2.33827 -46.696
      vertex 6.05493 -2.77128 -46.9126
      vertex 5.88091 -2.53873 -47.214
    endloop
  endfacet
  facet normal 0.866022 -1.59528e-05 -0.500007
    outer loop
      vertex 6.64609 -3.17262 -45.8886
      vertex 6.67872 -2.6769 -45.8321
      vertex 6.85493 -2.7 -45.5269
    endloop
  endfacet
  facet normal 0.866035 8.92113e-05 -0.499983
    outer loop
      vertex 7.20433 -2.608 -44.9217
      vertex 7.26904 -3.09096 -44.8097
      vertex 7.03114 -2.6769 -45.2217
    endloop
  endfacet
  facet normal 0.866001 1.05831e-05 -0.500042
    outer loop
      vertex 7.06377 -3.17262 -45.1652
      vertex 7.03114 -2.6769 -45.2217
      vertex 7.26904 -3.09096 -44.8097
    endloop
  endfacet
  facet normal 0.866067 -3.9914e-05 -0.499929
    outer loop
      vertex 6.33831 -2.49447 -46.4217
      vertex 6.24264 -2.95641 -46.5874
      vertex 6.05493 -2.77128 -46.9126
    endloop
  endfacet
  facet normal 0.866022 1.59528e-05 -0.500007
    outer loop
      vertex 7.03114 -2.6769 -45.2217
      vertex 7.06377 -3.17262 -45.1652
      vertex 6.85493 -2.7 -45.5269
    endloop
  endfacet
  facet normal 0.865998 5.23808e-05 -0.500048
    outer loop
      vertex 6.50552 -2.608 -46.1321
      vertex 6.44082 -3.09096 -46.2442
      vertex 6.24264 -2.95641 -46.5874
    endloop
  endfacet
  facet normal 0.866013 0 -0.500022
    outer loop
      vertex 6.85493 -3.2 -45.5269
      vertex 6.85493 -2.7 -45.5269
      vertex 7.06377 -3.17262 -45.1652
    endloop
  endfacet
  facet normal 0.866061 -2.62032e-05 -0.499939
    outer loop
      vertex 6.67872 -2.6769 -45.8321
      vertex 6.64609 -3.17262 -45.8886
      vertex 6.44082 -3.09096 -46.2442
    endloop
  endfacet
  facet normal 0.866013 0 -0.500022
    outer loop
      vertex 6.85493 -2.7 -45.5269
      vertex 6.85493 -3.2 -45.5269
      vertex 6.64609 -3.17262 -45.8886
    endloop
  endfacet
  facet normal 0.277787 -0.831465 0.481144
    outer loop
      vertex 5.88091 2.53873 -47.214
      vertex 14.2822 2.77128 -51.6626
      vertex 6.05493 2.77128 -46.9126
    endloop
  endfacet
  facet normal 0.277792 -0.831458 0.481154
    outer loop
      vertex 14.2822 2.77128 -51.6626
      vertex 5.88091 2.53873 -47.214
      vertex 14.1082 2.53873 -51.964
    endloop
  endfacet
  facet normal -0.442303 0.896865 0
    outer loop
      vertex 6.425 -2.46817 22
      vertex 6.09065 -2.63306 30
      vertex 6.425 -2.46817 30
    endloop
  endfacet
  facet normal -0.442303 0.896865 0
    outer loop
      vertex 6.09065 -2.63306 30
      vertex 6.425 -2.46817 22
      vertex 6.09065 -2.63306 22
    endloop
  endfacet
  facet normal -0.980785 -0.195092 0
    outer loop
      vertex 7.82562 0.371999 22
      vertex 7.75289 0.737634 30
      vertex 7.75289 0.737634 22
    endloop
  endfacet
  facet normal -0.980785 -0.195092 0
    outer loop
      vertex 7.75289 0.737634 30
      vertex 7.82562 0.371999 22
      vertex 7.82562 0.371999 30
    endloop
  endfacet
  facet normal -0.997859 -0.0653975 0
    outer loop
      vertex 7.85 0 22
      vertex 7.82562 0.371999 30
      vertex 7.82562 0.371999 22
    endloop
  endfacet
  facet normal -0.997859 -0.0653975 0
    outer loop
      vertex 7.82562 0.371999 30
      vertex 7.85 0 22
      vertex 7.85 0 30
    endloop
  endfacet
  facet normal -0.946932 -0.321433 0
    outer loop
      vertex 7.75289 0.737634 22
      vertex 7.63306 1.09065 30
      vertex 7.63306 1.09065 22
    endloop
  endfacet
  facet normal -0.946932 -0.321433 0
    outer loop
      vertex 7.63306 1.09065 30
      vertex 7.75289 0.737634 22
      vertex 7.75289 0.737634 30
    endloop
  endfacet
  facet normal -0.751825 0.659363 0
    outer loop
      vertex 7.01525 -2.01525 22
      vertex 7.26106 -1.73497 30
      vertex 7.26106 -1.73497 22
    endloop
  endfacet
  facet normal -0.751825 0.659363 0
    outer loop
      vertex 7.26106 -1.73497 30
      vertex 7.01525 -2.01525 22
      vertex 7.01525 -2.01525 30
    endloop
  endfacet
  facet normal 0.55556 -0.831476 0
    outer loop
      vertex 3.26503 2.26106 22
      vertex 3.575 2.46817 30
      vertex 3.26503 2.26106 30
    endloop
  endfacet
  facet normal 0.55556 -0.831476 0
    outer loop
      vertex 3.575 2.46817 30
      vertex 3.26503 2.26106 22
      vertex 3.575 2.46817 22
    endloop
  endfacet
  facet normal -0.32143 -0.946934 0
    outer loop
      vertex 5.73763 2.75289 22
      vertex 6.09065 2.63306 30
      vertex 5.73763 2.75289 30
    endloop
  endfacet
  facet normal -0.32143 -0.946934 -0
    outer loop
      vertex 6.09065 2.63306 30
      vertex 5.73763 2.75289 22
      vertex 6.09065 2.63306 22
    endloop
  endfacet
  facet normal -0.55556 -0.831476 0
    outer loop
      vertex 6.425 2.46817 22
      vertex 6.73497 2.26106 30
      vertex 6.425 2.46817 30
    endloop
  endfacet
  facet normal -0.55556 -0.831476 -0
    outer loop
      vertex 6.73497 2.26106 30
      vertex 6.425 2.46817 22
      vertex 6.73497 2.26106 22
    endloop
  endfacet
  facet normal -0.32143 0.946934 0
    outer loop
      vertex 6.09065 -2.63306 22
      vertex 5.73763 -2.75289 30
      vertex 6.09065 -2.63306 30
    endloop
  endfacet
  facet normal -0.32143 0.946934 0
    outer loop
      vertex 5.73763 -2.75289 30
      vertex 6.09065 -2.63306 22
      vertex 5.73763 -2.75289 22
    endloop
  endfacet
  facet normal -0.896865 -0.442303 0
    outer loop
      vertex 7.63306 1.09065 22
      vertex 7.46817 1.425 30
      vertex 7.46817 1.425 22
    endloop
  endfacet
  facet normal -0.896865 -0.442303 0
    outer loop
      vertex 7.46817 1.425 30
      vertex 7.63306 1.09065 22
      vertex 7.63306 1.09065 30
    endloop
  endfacet
  facet normal 0.195095 -0.980784 0
    outer loop
      vertex 4.26237 2.75289 22
      vertex 4.628 2.82562 30
      vertex 4.26237 2.75289 30
    endloop
  endfacet
  facet normal 0.195095 -0.980784 0
    outer loop
      vertex 4.628 2.82562 30
      vertex 4.26237 2.75289 22
      vertex 4.628 2.82562 22
    endloop
  endfacet
  facet normal -0.946932 0.321433 0
    outer loop
      vertex 7.63306 -1.09065 22
      vertex 7.75289 -0.737634 30
      vertex 7.75289 -0.737634 22
    endloop
  endfacet
  facet normal -0.946932 0.321433 0
    outer loop
      vertex 7.75289 -0.737634 30
      vertex 7.63306 -1.09065 22
      vertex 7.63306 -1.09065 30
    endloop
  endfacet
  facet normal 0.55556 0.831476 -0
    outer loop
      vertex 3.575 -2.46817 22
      vertex 3.26503 -2.26106 30
      vertex 3.575 -2.46817 30
    endloop
  endfacet
  facet normal 0.55556 0.831476 0
    outer loop
      vertex 3.26503 -2.26106 30
      vertex 3.575 -2.46817 22
      vertex 3.26503 -2.26106 22
    endloop
  endfacet
  facet normal 0.659363 -0.751825 0
    outer loop
      vertex 2.98475 2.01525 22
      vertex 3.26503 2.26106 30
      vertex 2.98475 2.01525 30
    endloop
  endfacet
  facet normal 0.659363 -0.751825 0
    outer loop
      vertex 3.26503 2.26106 30
      vertex 2.98475 2.01525 22
      vertex 3.26503 2.26106 22
    endloop
  endfacet
  facet normal 0.980785 -0.195092 0
    outer loop
      vertex 2.17438 0.371999 30
      vertex 2.24711 0.737634 22
      vertex 2.24711 0.737634 30
    endloop
  endfacet
  facet normal 0.980785 -0.195092 0
    outer loop
      vertex 2.24711 0.737634 22
      vertex 2.17438 0.371999 30
      vertex 2.17438 0.371999 22
    endloop
  endfacet
  facet normal 0.32143 -0.946934 0
    outer loop
      vertex 3.90935 2.63306 22
      vertex 4.26237 2.75289 30
      vertex 3.90935 2.63306 30
    endloop
  endfacet
  facet normal 0.32143 -0.946934 0
    outer loop
      vertex 4.26237 2.75289 30
      vertex 3.90935 2.63306 22
      vertex 4.26237 2.75289 22
    endloop
  endfacet
  facet normal -0.659363 0.751825 0
    outer loop
      vertex 7.01525 -2.01525 22
      vertex 6.73497 -2.26106 30
      vertex 7.01525 -2.01525 30
    endloop
  endfacet
  facet normal -0.659363 0.751825 0
    outer loop
      vertex 6.73497 -2.26106 30
      vertex 7.01525 -2.01525 22
      vertex 6.73497 -2.26106 22
    endloop
  endfacet
  facet normal -0.831476 -0.55556 0
    outer loop
      vertex 7.46817 1.425 22
      vertex 7.26106 1.73497 30
      vertex 7.26106 1.73497 22
    endloop
  endfacet
  facet normal -0.831476 -0.55556 0
    outer loop
      vertex 7.26106 1.73497 30
      vertex 7.46817 1.425 22
      vertex 7.46817 1.425 30
    endloop
  endfacet
  facet normal -0.195095 0.980784 0
    outer loop
      vertex 5.73763 -2.75289 22
      vertex 5.372 -2.82562 30
      vertex 5.73763 -2.75289 30
    endloop
  endfacet
  facet normal -0.195095 0.980784 0
    outer loop
      vertex 5.372 -2.82562 30
      vertex 5.73763 -2.75289 22
      vertex 5.372 -2.82562 22
    endloop
  endfacet
  facet normal 0.980785 0.195092 0
    outer loop
      vertex 2.24711 -0.737634 30
      vertex 2.17438 -0.371999 22
      vertex 2.17438 -0.371999 30
    endloop
  endfacet
  facet normal 0.980785 0.195092 0
    outer loop
      vertex 2.17438 -0.371999 22
      vertex 2.24711 -0.737634 30
      vertex 2.24711 -0.737634 22
    endloop
  endfacet
  facet normal -0.659363 -0.751825 0
    outer loop
      vertex 6.73497 2.26106 22
      vertex 7.01525 2.01525 30
      vertex 6.73497 2.26106 30
    endloop
  endfacet
  facet normal -0.659363 -0.751825 -0
    outer loop
      vertex 7.01525 2.01525 30
      vertex 6.73497 2.26106 22
      vertex 7.01525 2.01525 22
    endloop
  endfacet
  facet normal -0.997859 0.0653975 0
    outer loop
      vertex 7.82562 -0.371999 22
      vertex 7.85 0 30
      vertex 7.85 0 22
    endloop
  endfacet
  facet normal -0.997859 0.0653975 0
    outer loop
      vertex 7.85 0 30
      vertex 7.82562 -0.371999 22
      vertex 7.82562 -0.371999 30
    endloop
  endfacet
  facet normal -0.980785 0.195092 0
    outer loop
      vertex 7.75289 -0.737634 22
      vertex 7.82562 -0.371999 30
      vertex 7.82562 -0.371999 22
    endloop
  endfacet
  facet normal -0.980785 0.195092 0
    outer loop
      vertex 7.82562 -0.371999 30
      vertex 7.75289 -0.737634 22
      vertex 7.75289 -0.737634 30
    endloop
  endfacet
  facet normal -0.55556 0.831476 0
    outer loop
      vertex 6.73497 -2.26106 22
      vertex 6.425 -2.46817 30
      vertex 6.73497 -2.26106 30
    endloop
  endfacet
  facet normal -0.55556 0.831476 0
    outer loop
      vertex 6.425 -2.46817 30
      vertex 6.73497 -2.26106 22
      vertex 6.425 -2.46817 22
    endloop
  endfacet
  facet normal -0.195095 -0.980784 0
    outer loop
      vertex 5.372 2.82562 22
      vertex 5.73763 2.75289 30
      vertex 5.372 2.82562 30
    endloop
  endfacet
  facet normal -0.195095 -0.980784 -0
    outer loop
      vertex 5.73763 2.75289 30
      vertex 5.372 2.82562 22
      vertex 5.73763 2.75289 22
    endloop
  endfacet
  facet normal -0.751825 -0.659363 0
    outer loop
      vertex 7.26106 1.73497 22
      vertex 7.01525 2.01525 30
      vertex 7.01525 2.01525 22
    endloop
  endfacet
  facet normal -0.751825 -0.659363 0
    outer loop
      vertex 7.01525 2.01525 30
      vertex 7.26106 1.73497 22
      vertex 7.26106 1.73497 30
    endloop
  endfacet
  facet normal -0.0653973 -0.997859 0
    outer loop
      vertex 5 2.85 22
      vertex 5.372 2.82562 30
      vertex 5 2.85 30
    endloop
  endfacet
  facet normal -0.0653973 -0.997859 -0
    outer loop
      vertex 5.372 2.82562 30
      vertex 5 2.85 22
      vertex 5.372 2.82562 22
    endloop
  endfacet
  facet normal 0.946932 -0.321433 0
    outer loop
      vertex 2.24711 0.737634 30
      vertex 2.36694 1.09065 22
      vertex 2.36694 1.09065 30
    endloop
  endfacet
  facet normal 0.946932 -0.321433 0
    outer loop
      vertex 2.36694 1.09065 22
      vertex 2.24711 0.737634 30
      vertex 2.24711 0.737634 22
    endloop
  endfacet
  facet normal 0.0653973 0.997859 -0
    outer loop
      vertex 5 -2.85 22
      vertex 4.628 -2.82562 30
      vertex 5 -2.85 30
    endloop
  endfacet
  facet normal 0.0653973 0.997859 0
    outer loop
      vertex 4.628 -2.82562 30
      vertex 5 -2.85 22
      vertex 4.628 -2.82562 22
    endloop
  endfacet
  facet normal -0.442303 -0.896865 0
    outer loop
      vertex 6.09065 2.63306 22
      vertex 6.425 2.46817 30
      vertex 6.09065 2.63306 30
    endloop
  endfacet
  facet normal -0.442303 -0.896865 -0
    outer loop
      vertex 6.425 2.46817 30
      vertex 6.09065 2.63306 22
      vertex 6.425 2.46817 22
    endloop
  endfacet
  facet normal 0.751825 -0.659363 0
    outer loop
      vertex 2.73894 1.73497 30
      vertex 2.98475 2.01525 22
      vertex 2.98475 2.01525 30
    endloop
  endfacet
  facet normal 0.751825 -0.659363 0
    outer loop
      vertex 2.98475 2.01525 22
      vertex 2.73894 1.73497 30
      vertex 2.73894 1.73497 22
    endloop
  endfacet
  facet normal 0.997859 0.0653975 0
    outer loop
      vertex 2.17438 -0.371999 30
      vertex 2.15 0 22
      vertex 2.15 0 30
    endloop
  endfacet
  facet normal 0.997859 0.0653975 0
    outer loop
      vertex 2.15 0 22
      vertex 2.17438 -0.371999 30
      vertex 2.17438 -0.371999 22
    endloop
  endfacet
  facet normal 0.659363 0.751825 -0
    outer loop
      vertex 3.26503 -2.26106 22
      vertex 2.98475 -2.01525 30
      vertex 3.26503 -2.26106 30
    endloop
  endfacet
  facet normal 0.659363 0.751825 0
    outer loop
      vertex 2.98475 -2.01525 30
      vertex 3.26503 -2.26106 22
      vertex 2.98475 -2.01525 22
    endloop
  endfacet
  facet normal -0.831476 0.55556 0
    outer loop
      vertex 7.26106 -1.73497 22
      vertex 7.46817 -1.425 30
      vertex 7.46817 -1.425 22
    endloop
  endfacet
  facet normal -0.831476 0.55556 0
    outer loop
      vertex 7.46817 -1.425 30
      vertex 7.26106 -1.73497 22
      vertex 7.26106 -1.73497 30
    endloop
  endfacet
  facet normal 0.751825 0.659363 0
    outer loop
      vertex 2.98475 -2.01525 30
      vertex 2.73894 -1.73497 22
      vertex 2.73894 -1.73497 30
    endloop
  endfacet
  facet normal 0.751825 0.659363 0
    outer loop
      vertex 2.73894 -1.73497 22
      vertex 2.98475 -2.01525 30
      vertex 2.98475 -2.01525 22
    endloop
  endfacet
  facet normal 0.997859 -0.0653975 0
    outer loop
      vertex 2.15 0 30
      vertex 2.17438 0.371999 22
      vertex 2.17438 0.371999 30
    endloop
  endfacet
  facet normal 0.997859 -0.0653975 0
    outer loop
      vertex 2.17438 0.371999 22
      vertex 2.15 0 30
      vertex 2.15 0 22
    endloop
  endfacet
  facet normal 0.195095 0.980784 -0
    outer loop
      vertex 4.628 -2.82562 22
      vertex 4.26237 -2.75289 30
      vertex 4.628 -2.82562 30
    endloop
  endfacet
  facet normal 0.195095 0.980784 0
    outer loop
      vertex 4.26237 -2.75289 30
      vertex 4.628 -2.82562 22
      vertex 4.26237 -2.75289 22
    endloop
  endfacet
  facet normal -0.0653973 0.997859 0
    outer loop
      vertex 5.372 -2.82562 22
      vertex 5 -2.85 30
      vertex 5.372 -2.82562 30
    endloop
  endfacet
  facet normal -0.0653973 0.997859 0
    outer loop
      vertex 5 -2.85 30
      vertex 5.372 -2.82562 22
      vertex 5 -2.85 22
    endloop
  endfacet
  facet normal 0 0 1
    outer loop
      vertex 7.82562 0.371999 22
      vertex 7.82562 -0.371999 22
      vertex 7.85 0 22
    endloop
  endfacet
  facet normal 0 0 1
    outer loop
      vertex 7.75289 0.737634 22
      vertex 7.82562 -0.371999 22
      vertex 7.82562 0.371999 22
    endloop
  endfacet
  facet normal 0 0 1
    outer loop
      vertex 7.75289 0.737634 22
      vertex 7.75289 -0.737634 22
      vertex 7.82562 -0.371999 22
    endloop
  endfacet
  facet normal 0 0 1
    outer loop
      vertex 7.63306 1.09065 22
      vertex 7.75289 -0.737634 22
      vertex 7.75289 0.737634 22
    endloop
  endfacet
  facet normal 0 0 1
    outer loop
      vertex 7.63306 1.09065 22
      vertex 7.63306 -1.09065 22
      vertex 7.75289 -0.737634 22
    endloop
  endfacet
  facet normal 0 0 1
    outer loop
      vertex 7.46817 1.425 22
      vertex 7.63306 -1.09065 22
      vertex 7.63306 1.09065 22
    endloop
  endfacet
  facet normal 0 0 1
    outer loop
      vertex 7.46817 1.425 22
      vertex 7.46817 -1.425 22
      vertex 7.63306 -1.09065 22
    endloop
  endfacet
  facet normal 0 0 1
    outer loop
      vertex 7.26106 1.73497 22
      vertex 7.46817 -1.425 22
      vertex 7.46817 1.425 22
    endloop
  endfacet
  facet normal 0 0 1
    outer loop
      vertex 7.26106 1.73497 22
      vertex 7.26106 -1.73497 22
      vertex 7.46817 -1.425 22
    endloop
  endfacet
  facet normal 0 0 1
    outer loop
      vertex 7.01525 2.01525 22
      vertex 7.26106 -1.73497 22
      vertex 7.26106 1.73497 22
    endloop
  endfacet
  facet normal 0 0 1
    outer loop
      vertex 7.01525 2.01525 22
      vertex 7.01525 -2.01525 22
      vertex 7.26106 -1.73497 22
    endloop
  endfacet
  facet normal 0 0 1
    outer loop
      vertex 6.73497 2.26106 22
      vertex 7.01525 -2.01525 22
      vertex 7.01525 2.01525 22
    endloop
  endfacet
  facet normal 0 0 1
    outer loop
      vertex 6.73497 2.26106 22
      vertex 6.73497 -2.26106 22
      vertex 7.01525 -2.01525 22
    endloop
  endfacet
  facet normal 0 0 1
    outer loop
      vertex 6.425 2.46817 22
      vertex 6.73497 -2.26106 22
      vertex 6.73497 2.26106 22
    endloop
  endfacet
  facet normal 0 0 1
    outer loop
      vertex 6.425 2.46817 22
      vertex 6.425 -2.46817 22
      vertex 6.73497 -2.26106 22
    endloop
  endfacet
  facet normal 0 0 1
    outer loop
      vertex 6.09065 2.63306 22
      vertex 6.425 -2.46817 22
      vertex 6.425 2.46817 22
    endloop
  endfacet
  facet normal 0 0 1
    outer loop
      vertex 6.09065 2.63306 22
      vertex 6.09065 -2.63306 22
      vertex 6.425 -2.46817 22
    endloop
  endfacet
  facet normal 0 0 1
    outer loop
      vertex 5.73763 2.75289 22
      vertex 6.09065 -2.63306 22
      vertex 6.09065 2.63306 22
    endloop
  endfacet
  facet normal 0 0 1
    outer loop
      vertex 5.73763 2.75289 22
      vertex 5.73763 -2.75289 22
      vertex 6.09065 -2.63306 22
    endloop
  endfacet
  facet normal 0 0 1
    outer loop
      vertex 5.372 2.82562 22
      vertex 5.73763 -2.75289 22
      vertex 5.73763 2.75289 22
    endloop
  endfacet
  facet normal 0 0 1
    outer loop
      vertex 5.372 2.82562 22
      vertex 5.372 -2.82562 22
      vertex 5.73763 -2.75289 22
    endloop
  endfacet
  facet normal 0 0 1
    outer loop
      vertex 5 2.85 22
      vertex 5.372 -2.82562 22
      vertex 5.372 2.82562 22
    endloop
  endfacet
  facet normal 0 0 1
    outer loop
      vertex 5 2.85 22
      vertex 5 -2.85 22
      vertex 5.372 -2.82562 22
    endloop
  endfacet
  facet normal -0 0 1
    outer loop
      vertex 4.628 2.82562 22
      vertex 5 -2.85 22
      vertex 5 2.85 22
    endloop
  endfacet
  facet normal 0 0 1
    outer loop
      vertex 4.628 2.82562 22
      vertex 4.628 -2.82562 22
      vertex 5 -2.85 22
    endloop
  endfacet
  facet normal -0 0 1
    outer loop
      vertex 4.26237 2.75289 22
      vertex 4.628 -2.82562 22
      vertex 4.628 2.82562 22
    endloop
  endfacet
  facet normal 0 0 1
    outer loop
      vertex 4.26237 2.75289 22
      vertex 4.26237 -2.75289 22
      vertex 4.628 -2.82562 22
    endloop
  endfacet
  facet normal -0 0 1
    outer loop
      vertex 3.90935 2.63306 22
      vertex 4.26237 -2.75289 22
      vertex 4.26237 2.75289 22
    endloop
  endfacet
  facet normal 0 0 1
    outer loop
      vertex 3.90935 2.63306 22
      vertex 3.90935 -2.63306 22
      vertex 4.26237 -2.75289 22
    endloop
  endfacet
  facet normal -0 0 1
    outer loop
      vertex 3.575 2.46817 22
      vertex 3.90935 -2.63306 22
      vertex 3.90935 2.63306 22
    endloop
  endfacet
  facet normal 0 0 1
    outer loop
      vertex 3.575 2.46817 22
      vertex 3.575 -2.46817 22
      vertex 3.90935 -2.63306 22
    endloop
  endfacet
  facet normal -0 0 1
    outer loop
      vertex 3.26503 2.26106 22
      vertex 3.575 -2.46817 22
      vertex 3.575 2.46817 22
    endloop
  endfacet
  facet normal 0 0 1
    outer loop
      vertex 3.26503 2.26106 22
      vertex 3.26503 -2.26106 22
      vertex 3.575 -2.46817 22
    endloop
  endfacet
  facet normal -0 0 1
    outer loop
      vertex 2.98475 2.01525 22
      vertex 3.26503 -2.26106 22
      vertex 3.26503 2.26106 22
    endloop
  endfacet
  facet normal 0 0 1
    outer loop
      vertex 2.98475 2.01525 22
      vertex 2.98475 -2.01525 22
      vertex 3.26503 -2.26106 22
    endloop
  endfacet
  facet normal -0 0 1
    outer loop
      vertex 2.73894 1.73497 22
      vertex 2.98475 -2.01525 22
      vertex 2.98475 2.01525 22
    endloop
  endfacet
  facet normal 0 0 1
    outer loop
      vertex 2.73894 1.73497 22
      vertex 2.73894 -1.73497 22
      vertex 2.98475 -2.01525 22
    endloop
  endfacet
  facet normal -0 0 1
    outer loop
      vertex 2.53183 1.425 22
      vertex 2.73894 -1.73497 22
      vertex 2.73894 1.73497 22
    endloop
  endfacet
  facet normal 0 0 1
    outer loop
      vertex 2.53183 1.425 22
      vertex 2.53183 -1.425 22
      vertex 2.73894 -1.73497 22
    endloop
  endfacet
  facet normal -0 0 1
    outer loop
      vertex 2.36694 1.09065 22
      vertex 2.53183 -1.425 22
      vertex 2.53183 1.425 22
    endloop
  endfacet
  facet normal 0 0 1
    outer loop
      vertex 2.36694 1.09065 22
      vertex 2.36694 -1.09065 22
      vertex 2.53183 -1.425 22
    endloop
  endfacet
  facet normal -0 0 1
    outer loop
      vertex 2.24711 0.737634 22
      vertex 2.36694 -1.09065 22
      vertex 2.36694 1.09065 22
    endloop
  endfacet
  facet normal 0 0 1
    outer loop
      vertex 2.24711 0.737634 22
      vertex 2.24711 -0.737634 22
      vertex 2.36694 -1.09065 22
    endloop
  endfacet
  facet normal -0 0 1
    outer loop
      vertex 2.17438 0.371999 22
      vertex 2.24711 -0.737634 22
      vertex 2.24711 0.737634 22
    endloop
  endfacet
  facet normal 0 0 1
    outer loop
      vertex 2.17438 0.371999 22
      vertex 2.17438 -0.371999 22
      vertex 2.24711 -0.737634 22
    endloop
  endfacet
  facet normal 0 -0 1
    outer loop
      vertex 2.17438 -0.371999 22
      vertex 2.17438 0.371999 22
      vertex 2.15 0 22
    endloop
  endfacet
  facet normal 0.946932 0.321433 0
    outer loop
      vertex 2.36694 -1.09065 30
      vertex 2.24711 -0.737634 22
      vertex 2.24711 -0.737634 30
    endloop
  endfacet
  facet normal 0.946932 0.321433 0
    outer loop
      vertex 2.24711 -0.737634 22
      vertex 2.36694 -1.09065 30
      vertex 2.36694 -1.09065 22
    endloop
  endfacet
  facet normal 0.442303 -0.896865 0
    outer loop
      vertex 3.575 2.46817 22
      vertex 3.90935 2.63306 30
      vertex 3.575 2.46817 30
    endloop
  endfacet
  facet normal 0.442303 -0.896865 0
    outer loop
      vertex 3.90935 2.63306 30
      vertex 3.575 2.46817 22
      vertex 3.90935 2.63306 22
    endloop
  endfacet
  facet normal 0.32143 0.946934 -0
    outer loop
      vertex 4.26237 -2.75289 22
      vertex 3.90935 -2.63306 30
      vertex 4.26237 -2.75289 30
    endloop
  endfacet
  facet normal 0.32143 0.946934 0
    outer loop
      vertex 3.90935 -2.63306 30
      vertex 4.26237 -2.75289 22
      vertex 3.90935 -2.63306 22
    endloop
  endfacet
  facet normal 0.831476 0.55556 0
    outer loop
      vertex 2.73894 -1.73497 30
      vertex 2.53183 -1.425 22
      vertex 2.53183 -1.425 30
    endloop
  endfacet
  facet normal 0.831476 0.55556 0
    outer loop
      vertex 2.53183 -1.425 22
      vertex 2.73894 -1.73497 30
      vertex 2.73894 -1.73497 22
    endloop
  endfacet
  facet normal 0.0653973 -0.997859 0
    outer loop
      vertex 4.628 2.82562 22
      vertex 5 2.85 30
      vertex 4.628 2.82562 30
    endloop
  endfacet
  facet normal 0.0653973 -0.997859 0
    outer loop
      vertex 5 2.85 30
      vertex 4.628 2.82562 22
      vertex 5 2.85 22
    endloop
  endfacet
  facet normal 0.442303 0.896865 -0
    outer loop
      vertex 3.90935 -2.63306 22
      vertex 3.575 -2.46817 30
      vertex 3.90935 -2.63306 30
    endloop
  endfacet
  facet normal 0.442303 0.896865 0
    outer loop
      vertex 3.575 -2.46817 30
      vertex 3.90935 -2.63306 22
      vertex 3.575 -2.46817 22
    endloop
  endfacet
  facet normal -0.896865 0.442303 0
    outer loop
      vertex 7.46817 -1.425 22
      vertex 7.63306 -1.09065 30
      vertex 7.63306 -1.09065 22
    endloop
  endfacet
  facet normal -0.896865 0.442303 0
    outer loop
      vertex 7.63306 -1.09065 30
      vertex 7.46817 -1.425 22
      vertex 7.46817 -1.425 30
    endloop
  endfacet
  facet normal 0.896865 0.442303 0
    outer loop
      vertex 2.53183 -1.425 30
      vertex 2.36694 -1.09065 22
      vertex 2.36694 -1.09065 30
    endloop
  endfacet
  facet normal 0.896865 0.442303 0
    outer loop
      vertex 2.36694 -1.09065 22
      vertex 2.53183 -1.425 30
      vertex 2.53183 -1.425 22
    endloop
  endfacet
  facet normal 0.896865 -0.442303 0
    outer loop
      vertex 2.36694 1.09065 30
      vertex 2.53183 1.425 22
      vertex 2.53183 1.425 30
    endloop
  endfacet
  facet normal 0.896865 -0.442303 0
    outer loop
      vertex 2.53183 1.425 22
      vertex 2.36694 1.09065 30
      vertex 2.36694 1.09065 22
    endloop
  endfacet
  facet normal 0.831476 -0.55556 0
    outer loop
      vertex 2.53183 1.425 30
      vertex 2.73894 1.73497 22
      vertex 2.73894 1.73497 30
    endloop
  endfacet
  facet normal 0.831476 -0.55556 0
    outer loop
      vertex 2.73894 1.73497 22
      vertex 2.53183 1.425 30
      vertex 2.53183 1.425 22
    endloop
  endfacet
  facet normal 0.896855 0.442325 0
    outer loop
      vertex 42.5318 -1.425 30
      vertex 42.3669 -1.09065 22
      vertex 42.3669 -1.09065 30
    endloop
  endfacet
  facet normal 0.896855 0.442325 0
    outer loop
      vertex 42.3669 -1.09065 22
      vertex 42.5318 -1.425 30
      vertex 42.5318 -1.425 22
    endloop
  endfacet
  facet normal -0.44225 0.896892 0
    outer loop
      vertex 46.425 -2.46817 22
      vertex 46.0906 -2.63306 30
      vertex 46.425 -2.46817 30
    endloop
  endfacet
  facet normal -0.44225 0.896892 0
    outer loop
      vertex 46.0906 -2.63306 30
      vertex 46.425 -2.46817 22
      vertex 46.0906 -2.63306 22
    endloop
  endfacet
  facet normal -0.9808 -0.195015 0
    outer loop
      vertex 47.8256 0.371999 22
      vertex 47.7529 0.737634 30
      vertex 47.7529 0.737634 22
    endloop
  endfacet
  facet normal -0.9808 -0.195015 0
    outer loop
      vertex 47.7529 0.737634 30
      vertex 47.8256 0.371999 22
      vertex 47.8256 0.371999 30
    endloop
  endfacet
  facet normal -0.997856 -0.0654509 0
    outer loop
      vertex 47.85 0 22
      vertex 47.8256 0.371999 30
      vertex 47.8256 0.371999 22
    endloop
  endfacet
  facet normal -0.997856 -0.0654509 0
    outer loop
      vertex 47.8256 0.371999 30
      vertex 47.85 0 22
      vertex 47.85 0 30
    endloop
  endfacet
  facet normal -0.946957 -0.321361 0
    outer loop
      vertex 47.7529 0.737634 22
      vertex 47.6331 1.09065 30
      vertex 47.6331 1.09065 22
    endloop
  endfacet
  facet normal -0.946957 -0.321361 0
    outer loop
      vertex 47.6331 1.09065 30
      vertex 47.7529 0.737634 22
      vertex 47.7529 0.737634 30
    endloop
  endfacet
  facet normal -0.751838 0.659347 0
    outer loop
      vertex 47.0153 -2.01525 22
      vertex 47.2611 -1.73497 30
      vertex 47.2611 -1.73497 22
    endloop
  endfacet
  facet normal -0.751838 0.659347 0
    outer loop
      vertex 47.2611 -1.73497 30
      vertex 47.0153 -2.01525 22
      vertex 47.0153 -2.01525 30
    endloop
  endfacet
  facet normal 0.555523 -0.831501 0
    outer loop
      vertex 43.265 2.26106 22
      vertex 43.575 2.46817 30
      vertex 43.265 2.26106 30
    endloop
  endfacet
  facet normal 0.555523 -0.831501 0
    outer loop
      vertex 43.575 2.46817 30
      vertex 43.265 2.26106 22
      vertex 43.575 2.46817 22
    endloop
  endfacet
  facet normal -0.321446 -0.946928 0
    outer loop
      vertex 45.7376 2.75289 22
      vertex 46.0906 2.63306 30
      vertex 45.7376 2.75289 30
    endloop
  endfacet
  facet normal -0.321446 -0.946928 -0
    outer loop
      vertex 46.0906 2.63306 30
      vertex 45.7376 2.75289 22
      vertex 46.0906 2.63306 22
    endloop
  endfacet
  facet normal -0.555523 -0.831501 0
    outer loop
      vertex 46.425 2.46817 22
      vertex 46.735 2.26106 30
      vertex 46.425 2.46817 30
    endloop
  endfacet
  facet normal -0.555523 -0.831501 -0
    outer loop
      vertex 46.735 2.26106 30
      vertex 46.425 2.46817 22
      vertex 46.735 2.26106 22
    endloop
  endfacet
  facet normal -0.321446 0.946928 0
    outer loop
      vertex 46.0906 -2.63306 22
      vertex 45.7376 -2.75289 30
      vertex 46.0906 -2.63306 30
    endloop
  endfacet
  facet normal -0.321446 0.946928 0
    outer loop
      vertex 45.7376 -2.75289 30
      vertex 46.0906 -2.63306 22
      vertex 45.7376 -2.75289 22
    endloop
  endfacet
  facet normal -0.896855 -0.442325 0
    outer loop
      vertex 47.6331 1.09065 22
      vertex 47.4682 1.425 30
      vertex 47.4682 1.425 22
    endloop
  endfacet
  facet normal -0.896855 -0.442325 0
    outer loop
      vertex 47.4682 1.425 30
      vertex 47.6331 1.09065 22
      vertex 47.6331 1.09065 30
    endloop
  endfacet
  facet normal 0.19511 -0.980781 0
    outer loop
      vertex 44.2624 2.75289 22
      vertex 44.628 2.82562 30
      vertex 44.2624 2.75289 30
    endloop
  endfacet
  facet normal 0.19511 -0.980781 0
    outer loop
      vertex 44.628 2.82562 30
      vertex 44.2624 2.75289 22
      vertex 44.628 2.82562 22
    endloop
  endfacet
  facet normal -0.946957 0.321361 0
    outer loop
      vertex 47.6331 -1.09065 22
      vertex 47.7529 -0.737634 30
      vertex 47.7529 -0.737634 22
    endloop
  endfacet
  facet normal -0.946957 0.321361 0
    outer loop
      vertex 47.7529 -0.737634 30
      vertex 47.6331 -1.09065 22
      vertex 47.6331 -1.09065 30
    endloop
  endfacet
  facet normal 0.555523 0.831501 -0
    outer loop
      vertex 43.575 -2.46817 22
      vertex 43.265 -2.26106 30
      vertex 43.575 -2.46817 30
    endloop
  endfacet
  facet normal 0.555523 0.831501 0
    outer loop
      vertex 43.265 -2.26106 30
      vertex 43.575 -2.46817 22
      vertex 43.265 -2.26106 22
    endloop
  endfacet
  facet normal 0.659336 -0.751848 0
    outer loop
      vertex 42.9847 2.01525 22
      vertex 43.265 2.26106 30
      vertex 42.9847 2.01525 30
    endloop
  endfacet
  facet normal 0.659336 -0.751848 0
    outer loop
      vertex 43.265 2.26106 30
      vertex 42.9847 2.01525 22
      vertex 43.265 2.26106 22
    endloop
  endfacet
  facet normal 0.9808 -0.195015 0
    outer loop
      vertex 42.1744 0.371999 30
      vertex 42.2471 0.737634 22
      vertex 42.2471 0.737634 30
    endloop
  endfacet
  facet normal 0.9808 -0.195015 0
    outer loop
      vertex 42.2471 0.737634 22
      vertex 42.1744 0.371999 30
      vertex 42.1744 0.371999 22
    endloop
  endfacet
  facet normal 0.321446 -0.946928 0
    outer loop
      vertex 43.9094 2.63306 22
      vertex 44.2624 2.75289 30
      vertex 43.9094 2.63306 30
    endloop
  endfacet
  facet normal 0.321446 -0.946928 0
    outer loop
      vertex 44.2624 2.75289 30
      vertex 43.9094 2.63306 22
      vertex 44.2624 2.75289 22
    endloop
  endfacet
  facet normal -0.659336 0.751848 0
    outer loop
      vertex 47.0153 -2.01525 22
      vertex 46.735 -2.26106 30
      vertex 47.0153 -2.01525 30
    endloop
  endfacet
  facet normal -0.659336 0.751848 0
    outer loop
      vertex 46.735 -2.26106 30
      vertex 47.0153 -2.01525 22
      vertex 46.735 -2.26106 22
    endloop
  endfacet
  facet normal -0.831489 -0.555542 0
    outer loop
      vertex 47.4682 1.425 22
      vertex 47.2611 1.73497 30
      vertex 47.2611 1.73497 22
    endloop
  endfacet
  facet normal -0.831489 -0.555542 0
    outer loop
      vertex 47.2611 1.73497 30
      vertex 47.4682 1.425 22
      vertex 47.4682 1.425 30
    endloop
  endfacet
  facet normal -0.19511 0.980781 0
    outer loop
      vertex 45.7376 -2.75289 22
      vertex 45.372 -2.82562 30
      vertex 45.7376 -2.75289 30
    endloop
  endfacet
  facet normal -0.19511 0.980781 0
    outer loop
      vertex 45.372 -2.82562 30
      vertex 45.7376 -2.75289 22
      vertex 45.372 -2.82562 22
    endloop
  endfacet
  facet normal 0.9808 0.195015 0
    outer loop
      vertex 42.2471 -0.737634 30
      vertex 42.1744 -0.371999 22
      vertex 42.1744 -0.371999 30
    endloop
  endfacet
  facet normal 0.9808 0.195015 0
    outer loop
      vertex 42.1744 -0.371999 22
      vertex 42.2471 -0.737634 30
      vertex 42.2471 -0.737634 22
    endloop
  endfacet
  facet normal -0.659336 -0.751848 0
    outer loop
      vertex 46.735 2.26106 22
      vertex 47.0153 2.01525 30
      vertex 46.735 2.26106 30
    endloop
  endfacet
  facet normal -0.659336 -0.751848 -0
    outer loop
      vertex 47.0153 2.01525 30
      vertex 46.735 2.26106 22
      vertex 47.0153 2.01525 22
    endloop
  endfacet
  facet normal -0.997856 0.0654509 0
    outer loop
      vertex 47.8256 -0.371999 22
      vertex 47.85 0 30
      vertex 47.85 0 22
    endloop
  endfacet
  facet normal -0.997856 0.0654509 0
    outer loop
      vertex 47.85 0 30
      vertex 47.8256 -0.371999 22
      vertex 47.8256 -0.371999 30
    endloop
  endfacet
  facet normal -0.9808 0.195015 0
    outer loop
      vertex 47.7529 -0.737634 22
      vertex 47.8256 -0.371999 30
      vertex 47.8256 -0.371999 22
    endloop
  endfacet
  facet normal -0.9808 0.195015 0
    outer loop
      vertex 47.8256 -0.371999 30
      vertex 47.7529 -0.737634 22
      vertex 47.7529 -0.737634 30
    endloop
  endfacet
  facet normal -0.555523 0.831501 0
    outer loop
      vertex 46.735 -2.26106 22
      vertex 46.425 -2.46817 30
      vertex 46.735 -2.26106 30
    endloop
  endfacet
  facet normal -0.555523 0.831501 0
    outer loop
      vertex 46.425 -2.46817 30
      vertex 46.735 -2.26106 22
      vertex 46.425 -2.46817 22
    endloop
  endfacet
  facet normal -0.19511 -0.980781 0
    outer loop
      vertex 45.372 2.82562 22
      vertex 45.7376 2.75289 30
      vertex 45.372 2.82562 30
    endloop
  endfacet
  facet normal -0.19511 -0.980781 -0
    outer loop
      vertex 45.7376 2.75289 30
      vertex 45.372 2.82562 22
      vertex 45.7376 2.75289 22
    endloop
  endfacet
  facet normal -0.751838 -0.659347 0
    outer loop
      vertex 47.2611 1.73497 22
      vertex 47.0153 2.01525 30
      vertex 47.0153 2.01525 22
    endloop
  endfacet
  facet normal -0.751838 -0.659347 0
    outer loop
      vertex 47.0153 2.01525 30
      vertex 47.2611 1.73497 22
      vertex 47.2611 1.73497 30
    endloop
  endfacet
  facet normal -0.0653973 -0.997859 0
    outer loop
      vertex 45 2.85 22
      vertex 45.372 2.82562 30
      vertex 45 2.85 30
    endloop
  endfacet
  facet normal -0.0653973 -0.997859 -0
    outer loop
      vertex 45.372 2.82562 30
      vertex 45 2.85 22
      vertex 45.372 2.82562 22
    endloop
  endfacet
  facet normal 0.946957 -0.321361 0
    outer loop
      vertex 42.2471 0.737634 30
      vertex 42.3669 1.09065 22
      vertex 42.3669 1.09065 30
    endloop
  endfacet
  facet normal 0.946957 -0.321361 0
    outer loop
      vertex 42.3669 1.09065 22
      vertex 42.2471 0.737634 30
      vertex 42.2471 0.737634 22
    endloop
  endfacet
  facet normal 0.0653973 0.997859 -0
    outer loop
      vertex 45 -2.85 22
      vertex 44.628 -2.82562 30
      vertex 45 -2.85 30
    endloop
  endfacet
  facet normal 0.0653973 0.997859 0
    outer loop
      vertex 44.628 -2.82562 30
      vertex 45 -2.85 22
      vertex 44.628 -2.82562 22
    endloop
  endfacet
  facet normal -0.44225 -0.896892 0
    outer loop
      vertex 46.0906 2.63306 22
      vertex 46.425 2.46817 30
      vertex 46.0906 2.63306 30
    endloop
  endfacet
  facet normal -0.44225 -0.896892 -0
    outer loop
      vertex 46.425 2.46817 30
      vertex 46.0906 2.63306 22
      vertex 46.425 2.46817 22
    endloop
  endfacet
  facet normal 0.751838 -0.659347 0
    outer loop
      vertex 42.7389 1.73497 30
      vertex 42.9847 2.01525 22
      vertex 42.9847 2.01525 30
    endloop
  endfacet
  facet normal 0.751838 -0.659347 0
    outer loop
      vertex 42.9847 2.01525 22
      vertex 42.7389 1.73497 30
      vertex 42.7389 1.73497 22
    endloop
  endfacet
  facet normal 0.997856 0.0654509 0
    outer loop
      vertex 42.1744 -0.371999 30
      vertex 42.15 0 22
      vertex 42.15 0 30
    endloop
  endfacet
  facet normal 0.997856 0.0654509 0
    outer loop
      vertex 42.15 0 22
      vertex 42.1744 -0.371999 30
      vertex 42.1744 -0.371999 22
    endloop
  endfacet
  facet normal 0.659336 0.751848 -0
    outer loop
      vertex 43.265 -2.26106 22
      vertex 42.9847 -2.01525 30
      vertex 43.265 -2.26106 30
    endloop
  endfacet
  facet normal 0.659336 0.751848 0
    outer loop
      vertex 42.9847 -2.01525 30
      vertex 43.265 -2.26106 22
      vertex 42.9847 -2.01525 22
    endloop
  endfacet
  facet normal -0.831489 0.555542 0
    outer loop
      vertex 47.2611 -1.73497 22
      vertex 47.4682 -1.425 30
      vertex 47.4682 -1.425 22
    endloop
  endfacet
  facet normal -0.831489 0.555542 0
    outer loop
      vertex 47.4682 -1.425 30
      vertex 47.2611 -1.73497 22
      vertex 47.2611 -1.73497 30
    endloop
  endfacet
  facet normal 0.751838 0.659347 0
    outer loop
      vertex 42.9847 -2.01525 30
      vertex 42.7389 -1.73497 22
      vertex 42.7389 -1.73497 30
    endloop
  endfacet
  facet normal 0.751838 0.659347 0
    outer loop
      vertex 42.7389 -1.73497 22
      vertex 42.9847 -2.01525 30
      vertex 42.9847 -2.01525 22
    endloop
  endfacet
  facet normal 0.997856 -0.0654509 0
    outer loop
      vertex 42.15 0 30
      vertex 42.1744 0.371999 22
      vertex 42.1744 0.371999 30
    endloop
  endfacet
  facet normal 0.997856 -0.0654509 0
    outer loop
      vertex 42.1744 0.371999 22
      vertex 42.15 0 30
      vertex 42.15 0 22
    endloop
  endfacet
  facet normal 0.19511 0.980781 -0
    outer loop
      vertex 44.628 -2.82562 22
      vertex 44.2624 -2.75289 30
      vertex 44.628 -2.82562 30
    endloop
  endfacet
  facet normal 0.19511 0.980781 0
    outer loop
      vertex 44.2624 -2.75289 30
      vertex 44.628 -2.82562 22
      vertex 44.2624 -2.75289 22
    endloop
  endfacet
  facet normal -0.0653973 0.997859 0
    outer loop
      vertex 45.372 -2.82562 22
      vertex 45 -2.85 30
      vertex 45.372 -2.82562 30
    endloop
  endfacet
  facet normal -0.0653973 0.997859 0
    outer loop
      vertex 45 -2.85 30
      vertex 45.372 -2.82562 22
      vertex 45 -2.85 22
    endloop
  endfacet
  facet normal 0.946957 0.321361 0
    outer loop
      vertex 42.3669 -1.09065 30
      vertex 42.2471 -0.737634 22
      vertex 42.2471 -0.737634 30
    endloop
  endfacet
  facet normal 0.946957 0.321361 0
    outer loop
      vertex 42.2471 -0.737634 22
      vertex 42.3669 -1.09065 30
      vertex 42.3669 -1.09065 22
    endloop
  endfacet
  facet normal 0.44225 -0.896892 0
    outer loop
      vertex 43.575 2.46817 22
      vertex 43.9094 2.63306 30
      vertex 43.575 2.46817 30
    endloop
  endfacet
  facet normal 0.44225 -0.896892 0
    outer loop
      vertex 43.9094 2.63306 30
      vertex 43.575 2.46817 22
      vertex 43.9094 2.63306 22
    endloop
  endfacet
  facet normal 0.321446 0.946928 -0
    outer loop
      vertex 44.2624 -2.75289 22
      vertex 43.9094 -2.63306 30
      vertex 44.2624 -2.75289 30
    endloop
  endfacet
  facet normal 0.321446 0.946928 0
    outer loop
      vertex 43.9094 -2.63306 30
      vertex 44.2624 -2.75289 22
      vertex 43.9094 -2.63306 22
    endloop
  endfacet
  facet normal 0.831489 0.555542 0
    outer loop
      vertex 42.7389 -1.73497 30
      vertex 42.5318 -1.425 22
      vertex 42.5318 -1.425 30
    endloop
  endfacet
  facet normal 0.831489 0.555542 0
    outer loop
      vertex 42.5318 -1.425 22
      vertex 42.7389 -1.73497 30
      vertex 42.7389 -1.73497 22
    endloop
  endfacet
  facet normal 0.0653973 -0.997859 0
    outer loop
      vertex 44.628 2.82562 22
      vertex 45 2.85 30
      vertex 44.628 2.82562 30
    endloop
  endfacet
  facet normal 0.0653973 -0.997859 0
    outer loop
      vertex 45 2.85 30
      vertex 44.628 2.82562 22
      vertex 45 2.85 22
    endloop
  endfacet
  facet normal 0.44225 0.896892 -0
    outer loop
      vertex 43.9094 -2.63306 22
      vertex 43.575 -2.46817 30
      vertex 43.9094 -2.63306 30
    endloop
  endfacet
  facet normal 0.44225 0.896892 0
    outer loop
      vertex 43.575 -2.46817 30
      vertex 43.9094 -2.63306 22
      vertex 43.575 -2.46817 22
    endloop
  endfacet
  facet normal -0.896855 0.442325 0
    outer loop
      vertex 47.4682 -1.425 22
      vertex 47.6331 -1.09065 30
      vertex 47.6331 -1.09065 22
    endloop
  endfacet
  facet normal -0.896855 0.442325 0
    outer loop
      vertex 47.6331 -1.09065 30
      vertex 47.4682 -1.425 22
      vertex 47.4682 -1.425 30
    endloop
  endfacet
  facet normal 0 0 1
    outer loop
      vertex 47.8256 0.371999 22
      vertex 47.8256 -0.371999 22
      vertex 47.85 0 22
    endloop
  endfacet
  facet normal 0 0 1
    outer loop
      vertex 47.7529 0.737634 22
      vertex 47.8256 -0.371999 22
      vertex 47.8256 0.371999 22
    endloop
  endfacet
  facet normal 0 0 1
    outer loop
      vertex 47.7529 0.737634 22
      vertex 47.7529 -0.737634 22
      vertex 47.8256 -0.371999 22
    endloop
  endfacet
  facet normal 0 0 1
    outer loop
      vertex 47.6331 1.09065 22
      vertex 47.7529 -0.737634 22
      vertex 47.7529 0.737634 22
    endloop
  endfacet
  facet normal 0 0 1
    outer loop
      vertex 47.6331 1.09065 22
      vertex 47.6331 -1.09065 22
      vertex 47.7529 -0.737634 22
    endloop
  endfacet
  facet normal 0 0 1
    outer loop
      vertex 47.4682 1.425 22
      vertex 47.6331 -1.09065 22
      vertex 47.6331 1.09065 22
    endloop
  endfacet
  facet normal 0 0 1
    outer loop
      vertex 47.4682 1.425 22
      vertex 47.4682 -1.425 22
      vertex 47.6331 -1.09065 22
    endloop
  endfacet
  facet normal 0 0 1
    outer loop
      vertex 47.2611 1.73497 22
      vertex 47.4682 -1.425 22
      vertex 47.4682 1.425 22
    endloop
  endfacet
  facet normal 0 0 1
    outer loop
      vertex 47.2611 1.73497 22
      vertex 47.2611 -1.73497 22
      vertex 47.4682 -1.425 22
    endloop
  endfacet
  facet normal 0 0 1
    outer loop
      vertex 47.0153 2.01525 22
      vertex 47.2611 -1.73497 22
      vertex 47.2611 1.73497 22
    endloop
  endfacet
  facet normal 0 0 1
    outer loop
      vertex 47.0153 2.01525 22
      vertex 47.0153 -2.01525 22
      vertex 47.2611 -1.73497 22
    endloop
  endfacet
  facet normal 0 0 1
    outer loop
      vertex 46.735 2.26106 22
      vertex 47.0153 -2.01525 22
      vertex 47.0153 2.01525 22
    endloop
  endfacet
  facet normal 0 0 1
    outer loop
      vertex 46.735 2.26106 22
      vertex 46.735 -2.26106 22
      vertex 47.0153 -2.01525 22
    endloop
  endfacet
  facet normal 0 0 1
    outer loop
      vertex 46.425 2.46817 22
      vertex 46.735 -2.26106 22
      vertex 46.735 2.26106 22
    endloop
  endfacet
  facet normal 0 0 1
    outer loop
      vertex 46.425 2.46817 22
      vertex 46.425 -2.46817 22
      vertex 46.735 -2.26106 22
    endloop
  endfacet
  facet normal 0 0 1
    outer loop
      vertex 46.0906 2.63306 22
      vertex 46.425 -2.46817 22
      vertex 46.425 2.46817 22
    endloop
  endfacet
  facet normal 0 0 1
    outer loop
      vertex 46.0906 2.63306 22
      vertex 46.0906 -2.63306 22
      vertex 46.425 -2.46817 22
    endloop
  endfacet
  facet normal 0 0 1
    outer loop
      vertex 45.7376 2.75289 22
      vertex 46.0906 -2.63306 22
      vertex 46.0906 2.63306 22
    endloop
  endfacet
  facet normal 0 0 1
    outer loop
      vertex 45.7376 2.75289 22
      vertex 45.7376 -2.75289 22
      vertex 46.0906 -2.63306 22
    endloop
  endfacet
  facet normal 0 0 1
    outer loop
      vertex 45.372 2.82562 22
      vertex 45.7376 -2.75289 22
      vertex 45.7376 2.75289 22
    endloop
  endfacet
  facet normal 0 0 1
    outer loop
      vertex 45.372 2.82562 22
      vertex 45.372 -2.82562 22
      vertex 45.7376 -2.75289 22
    endloop
  endfacet
  facet normal 0 0 1
    outer loop
      vertex 45 2.85 22
      vertex 45.372 -2.82562 22
      vertex 45.372 2.82562 22
    endloop
  endfacet
  facet normal 0 0 1
    outer loop
      vertex 45 2.85 22
      vertex 45 -2.85 22
      vertex 45.372 -2.82562 22
    endloop
  endfacet
  facet normal -0 0 1
    outer loop
      vertex 44.628 2.82562 22
      vertex 45 -2.85 22
      vertex 45 2.85 22
    endloop
  endfacet
  facet normal 0 0 1
    outer loop
      vertex 44.628 2.82562 22
      vertex 44.628 -2.82562 22
      vertex 45 -2.85 22
    endloop
  endfacet
  facet normal -0 0 1
    outer loop
      vertex 44.2624 2.75289 22
      vertex 44.628 -2.82562 22
      vertex 44.628 2.82562 22
    endloop
  endfacet
  facet normal 0 0 1
    outer loop
      vertex 44.2624 2.75289 22
      vertex 44.2624 -2.75289 22
      vertex 44.628 -2.82562 22
    endloop
  endfacet
  facet normal -0 0 1
    outer loop
      vertex 43.9094 2.63306 22
      vertex 44.2624 -2.75289 22
      vertex 44.2624 2.75289 22
    endloop
  endfacet
  facet normal 0 0 1
    outer loop
      vertex 43.9094 2.63306 22
      vertex 43.9094 -2.63306 22
      vertex 44.2624 -2.75289 22
    endloop
  endfacet
  facet normal -0 0 1
    outer loop
      vertex 43.575 2.46817 22
      vertex 43.9094 -2.63306 22
      vertex 43.9094 2.63306 22
    endloop
  endfacet
  facet normal 0 0 1
    outer loop
      vertex 43.575 2.46817 22
      vertex 43.575 -2.46817 22
      vertex 43.9094 -2.63306 22
    endloop
  endfacet
  facet normal -0 0 1
    outer loop
      vertex 43.265 2.26106 22
      vertex 43.575 -2.46817 22
      vertex 43.575 2.46817 22
    endloop
  endfacet
  facet normal 0 0 1
    outer loop
      vertex 43.265 2.26106 22
      vertex 43.265 -2.26106 22
      vertex 43.575 -2.46817 22
    endloop
  endfacet
  facet normal -0 0 1
    outer loop
      vertex 42.9847 2.01525 22
      vertex 43.265 -2.26106 22
      vertex 43.265 2.26106 22
    endloop
  endfacet
  facet normal 0 0 1
    outer loop
      vertex 42.9847 2.01525 22
      vertex 42.9847 -2.01525 22
      vertex 43.265 -2.26106 22
    endloop
  endfacet
  facet normal -0 0 1
    outer loop
      vertex 42.7389 1.73497 22
      vertex 42.9847 -2.01525 22
      vertex 42.9847 2.01525 22
    endloop
  endfacet
  facet normal 0 0 1
    outer loop
      vertex 42.7389 1.73497 22
      vertex 42.7389 -1.73497 22
      vertex 42.9847 -2.01525 22
    endloop
  endfacet
  facet normal -0 0 1
    outer loop
      vertex 42.5318 1.425 22
      vertex 42.7389 -1.73497 22
      vertex 42.7389 1.73497 22
    endloop
  endfacet
  facet normal 0 0 1
    outer loop
      vertex 42.5318 1.425 22
      vertex 42.5318 -1.425 22
      vertex 42.7389 -1.73497 22
    endloop
  endfacet
  facet normal -0 0 1
    outer loop
      vertex 42.3669 1.09065 22
      vertex 42.5318 -1.425 22
      vertex 42.5318 1.425 22
    endloop
  endfacet
  facet normal 0 0 1
    outer loop
      vertex 42.3669 1.09065 22
      vertex 42.3669 -1.09065 22
      vertex 42.5318 -1.425 22
    endloop
  endfacet
  facet normal -0 0 1
    outer loop
      vertex 42.2471 0.737634 22
      vertex 42.3669 -1.09065 22
      vertex 42.3669 1.09065 22
    endloop
  endfacet
  facet normal 0 0 1
    outer loop
      vertex 42.2471 0.737634 22
      vertex 42.2471 -0.737634 22
      vertex 42.3669 -1.09065 22
    endloop
  endfacet
  facet normal -0 0 1
    outer loop
      vertex 42.1744 0.371999 22
      vertex 42.2471 -0.737634 22
      vertex 42.2471 0.737634 22
    endloop
  endfacet
  facet normal 0 0 1
    outer loop
      vertex 42.1744 0.371999 22
      vertex 42.1744 -0.371999 22
      vertex 42.2471 -0.737634 22
    endloop
  endfacet
  facet normal 0 -0 1
    outer loop
      vertex 42.1744 -0.371999 22
      vertex 42.1744 0.371999 22
      vertex 42.15 0 22
    endloop
  endfacet
  facet normal 0.896855 -0.442325 0
    outer loop
      vertex 42.3669 1.09065 30
      vertex 42.5318 1.425 22
      vertex 42.5318 1.425 30
    endloop
  endfacet
  facet normal 0.896855 -0.442325 0
    outer loop
      vertex 42.5318 1.425 22
      vertex 42.3669 1.09065 30
      vertex 42.3669 1.09065 22
    endloop
  endfacet
  facet normal 0.831489 -0.555542 0
    outer loop
      vertex 42.5318 1.425 30
      vertex 42.7389 1.73497 22
      vertex 42.7389 1.73497 30
    endloop
  endfacet
  facet normal 0.831489 -0.555542 0
    outer loop
      vertex 42.7389 1.73497 22
      vertex 42.5318 1.425 30
      vertex 42.5318 1.425 22
    endloop
  endfacet
  facet normal -0.236805 0 -0.971557
    outer loop
      vertex -10.3581 -29.9936 7.28193
      vertex -10.2056 29.9936 7.24476
      vertex -10.2056 -29.9936 7.24476
    endloop
  endfacet
  facet normal -0.236805 0 -0.971557
    outer loop
      vertex -10.2056 29.9936 7.24476
      vertex -10.3581 -29.9936 7.28193
      vertex -10.3581 29.9936 7.28193
    endloop
  endfacet
  facet normal -0.500001 -2.94341e-07 -0.866025
    outer loop
      vertex 0.605563 -27 1.03602
      vertex 6.83539 -29.9936 -2.56078
      vertex 3.19808 -29.9936 -0.460773
    endloop
  endfacet
  facet normal -0.500001 0 -0.866025
    outer loop
      vertex 6.83539 -29.9936 -2.56078
      vertex 0.605563 -27 1.03602
      vertex 6.83539 29.9936 -2.56078
    endloop
  endfacet
  facet normal -0.500001 -1.07302e-05 -0.866025
    outer loop
      vertex 1.90182 -29.5925 0.287621
      vertex 3.19808 -29.9936 -0.460773
      vertex 2.85969 -29.968 -0.265403
    endloop
  endfacet
  facet normal -0.500001 -0 -0.866025
    outer loop
      vertex 0.605563 27 1.03602
      vertex 6.83539 29.9936 -2.56078
      vertex 0.605563 -27 1.03602
    endloop
  endfacet
  facet normal -0.499979 6.95915e-05 -0.866038
    outer loop
      vertex 2.20596 -29.7657 0.112023
      vertex 2.85969 -29.968 -0.265403
      vertex 2.52708 -29.8916 -0.0733753
    endloop
  endfacet
  facet normal -0.500001 2.94341e-07 -0.866025
    outer loop
      vertex 6.83539 29.9936 -2.56078
      vertex 0.605563 27 1.03602
      vertex 3.19808 29.9936 -0.460773
    endloop
  endfacet
  facet normal -0.499982 5.58986e-05 -0.866036
    outer loop
      vertex 1.90182 -29.5925 0.287621
      vertex 2.85969 -29.968 -0.265403
      vertex 2.20596 -29.7657 0.112023
    endloop
  endfacet
  facet normal -0.499989 -1.30546e-05 -0.866032
    outer loop
      vertex 0.627741 27.3907 1.02321
      vertex 3.19808 29.9936 -0.460773
      vertex 0.605563 27 1.03602
    endloop
  endfacet
  facet normal -0.500002 -1.33465e-05 -0.866024
    outer loop
      vertex 3.19808 -29.9936 -0.460773
      vertex 1.90182 -29.5925 0.287621
      vertex 1.61985 -29.375 0.450414
    endloop
  endfacet
  facet normal -0.500001 2.29809e-06 -0.866025
    outer loop
      vertex 0.6939 27.7748 0.985014
      vertex 3.19808 29.9936 -0.460773
      vertex 0.627741 27.3907 1.02321
    endloop
  endfacet
  facet normal -0.499994 1.37063e-05 -0.866029
    outer loop
      vertex 3.19808 -29.9936 -0.460773
      vertex 1.61985 -29.375 0.450414
      vertex 1.36489 -29.1168 0.597617
    endloop
  endfacet
  facet normal -0.499997 -3.22399e-06 -0.866027
    outer loop
      vertex 0.802905 28.1456 0.922079
      vertex 3.19808 29.9936 -0.460773
      vertex 0.6939 27.7748 0.985014
    endloop
  endfacet
  facet normal -0.499995 1.19538e-05 -0.866028
    outer loop
      vertex 3.19808 -29.9936 -0.460773
      vertex 1.36489 -29.1168 0.597617
      vertex 1.1413 -28.8224 0.726709
    endloop
  endfacet
  facet normal -0.5 1.57641e-06 -0.866025
    outer loop
      vertex 0.952893 28.4968 0.835484
      vertex 3.19808 29.9936 -0.460773
      vertex 0.802905 28.1456 0.922079
    endloop
  endfacet
  facet normal -0.500003 -7.09111e-06 -0.866024
    outer loop
      vertex 3.19808 -29.9936 -0.460773
      vertex 1.1413 -28.8224 0.726709
      vertex 0.952893 -28.4968 0.835484
    endloop
  endfacet
  facet normal -0.499995 -1.19538e-05 -0.866028
    outer loop
      vertex 1.36489 29.1168 0.597617
      vertex 3.19808 29.9936 -0.460773
      vertex 1.1413 28.8224 0.726709
    endloop
  endfacet
  facet normal -0.5 -1.57641e-06 -0.866025
    outer loop
      vertex 3.19808 -29.9936 -0.460773
      vertex 0.952893 -28.4968 0.835484
      vertex 0.802905 -28.1456 0.922079
    endloop
  endfacet
  facet normal -0.499994 -1.37063e-05 -0.866029
    outer loop
      vertex 1.61985 29.375 0.450414
      vertex 3.19808 29.9936 -0.460773
      vertex 1.36489 29.1168 0.597617
    endloop
  endfacet
  facet normal -0.499997 3.22399e-06 -0.866027
    outer loop
      vertex 3.19808 -29.9936 -0.460773
      vertex 0.802905 -28.1456 0.922079
      vertex 0.6939 -27.7748 0.985014
    endloop
  endfacet
  facet normal -0.500002 1.33465e-05 -0.866024
    outer loop
      vertex 1.90182 29.5925 0.287621
      vertex 3.19808 29.9936 -0.460773
      vertex 1.61985 29.375 0.450414
    endloop
  endfacet
  facet normal -0.500001 -2.29809e-06 -0.866025
    outer loop
      vertex 3.19808 -29.9936 -0.460773
      vertex 0.6939 -27.7748 0.985014
      vertex 0.627741 -27.3907 1.02321
    endloop
  endfacet
  facet normal -0.500001 1.07302e-05 -0.866025
    outer loop
      vertex 3.19808 29.9936 -0.460773
      vertex 1.90182 29.5925 0.287621
      vertex 2.85969 29.968 -0.265403
    endloop
  endfacet
  facet normal -0.499989 1.30546e-05 -0.866032
    outer loop
      vertex 3.19808 -29.9936 -0.460773
      vertex 0.627741 -27.3907 1.02321
      vertex 0.605563 -27 1.03602
    endloop
  endfacet
  facet normal -0.499982 -5.58986e-05 -0.866036
    outer loop
      vertex 2.85969 29.968 -0.265403
      vertex 1.90182 29.5925 0.287621
      vertex 2.20596 29.7657 0.112023
    endloop
  endfacet
  facet normal -0.499979 -6.95915e-05 -0.866038
    outer loop
      vertex 2.85969 29.968 -0.265403
      vertex 2.20596 29.7657 0.112023
      vertex 2.52708 29.8916 -0.0733753
    endloop
  endfacet
  facet normal -0.500003 7.09111e-06 -0.866024
    outer loop
      vertex 1.1413 28.8224 0.726709
      vertex 3.19808 29.9936 -0.460773
      vertex 0.952893 28.4968 0.835484
    endloop
  endfacet
  facet normal -0.50001 1.19867e-05 -0.866019
    outer loop
      vertex -1.99808 -29.9936 2.53923
      vertex 0.594436 -27 1.04244
      vertex 0.572257 -27.3907 1.05524
    endloop
  endfacet
  facet normal -0.5 0 -0.866025
    outer loop
      vertex 0.594436 -27 1.04244
      vertex -9.96551 -29.9936 7.13923
      vertex 0.594436 27 1.04244
    endloop
  endfacet
  facet normal -0.499994 -9.62968e-06 -0.866029
    outer loop
      vertex -1.99808 -29.9936 2.53923
      vertex 0.572257 -27.3907 1.05524
      vertex 0.506099 -27.7748 1.09344
    endloop
  endfacet
  facet normal -0.5 -0 -0.866025
    outer loop
      vertex -9.96551 29.9936 7.13923
      vertex 0.594436 27 1.04244
      vertex -9.96551 -29.9936 7.13923
    endloop
  endfacet
  facet normal -0.499989 -1.66999e-05 -0.866032
    outer loop
      vertex -1.99808 -29.9936 2.53923
      vertex 0.506099 -27.7748 1.09344
      vertex 0.397093 -28.1456 1.15638
    endloop
  endfacet
  facet normal -0.5 -1.47064e-07 -0.866025
    outer loop
      vertex -1.99808 29.9936 2.53923
      vertex 0.594436 27 1.04244
      vertex -9.96551 29.9936 7.13923
    endloop
  endfacet
  facet normal -0.50001 1.97704e-05 -0.866019
    outer loop
      vertex -1.99808 -29.9936 2.53923
      vertex 0.397093 -28.1456 1.15638
      vertex 0.247105 -28.4968 1.24297
    endloop
  endfacet
  facet normal -0.50001 -1.19867e-05 -0.866019
    outer loop
      vertex 0.594436 27 1.04244
      vertex -1.99808 29.9936 2.53923
      vertex 0.572257 27.3907 1.05524
    endloop
  endfacet
  facet normal -0.499989 -2.30505e-05 -0.866032
    outer loop
      vertex -1.99808 -29.9936 2.53923
      vertex 0.247105 -28.4968 1.24297
      vertex 0.058702 -28.8224 1.35175
    endloop
  endfacet
  facet normal -0.499994 9.62968e-06 -0.866029
    outer loop
      vertex 0.572257 27.3907 1.05524
      vertex -1.99808 29.9936 2.53923
      vertex 0.506099 27.7748 1.09344
    endloop
  endfacet
  facet normal -0.500004 1.15982e-05 -0.866023
    outer loop
      vertex -1.99808 -29.9936 2.53923
      vertex 0.058702 -28.8224 1.35175
      vertex -0.164893 -29.1168 1.48084
    endloop
  endfacet
  facet normal -0.499989 1.66999e-05 -0.866032
    outer loop
      vertex 0.506099 27.7748 1.09344
      vertex -1.99808 29.9936 2.53923
      vertex 0.397093 28.1456 1.15638
    endloop
  endfacet
  facet normal -0.500005 1.4232e-05 -0.866023
    outer loop
      vertex -1.99808 -29.9936 2.53923
      vertex -0.164893 -29.1168 1.48084
      vertex -0.419855 -29.375 1.62804
    endloop
  endfacet
  facet normal -0.50001 -1.97704e-05 -0.866019
    outer loop
      vertex 0.397093 28.1456 1.15638
      vertex -1.99808 29.9936 2.53923
      vertex 0.247105 28.4968 1.24297
    endloop
  endfacet
  facet normal -0.500007 2.27769e-05 -0.866021
    outer loop
      vertex -1.99808 -29.9936 2.53923
      vertex -0.419855 -29.375 1.62804
      vertex -0.70182 -29.5925 1.79083
    endloop
  endfacet
  facet normal -0.499989 2.30505e-05 -0.866032
    outer loop
      vertex 0.247105 28.4968 1.24297
      vertex -1.99808 29.9936 2.53923
      vertex 0.058702 28.8224 1.35175
    endloop
  endfacet
  facet normal -0.500007 2.19974e-05 -0.866021
    outer loop
      vertex -1.99808 -29.9936 2.53923
      vertex -0.70182 -29.5925 1.79083
      vertex -1.00597 -29.7657 1.96643
    endloop
  endfacet
  facet normal -0.500004 -1.15982e-05 -0.866023
    outer loop
      vertex 0.058702 28.8224 1.35175
      vertex -1.99808 29.9936 2.53923
      vertex -0.164893 29.1168 1.48084
    endloop
  endfacet
  facet normal -0.500004 5.72623e-06 -0.866023
    outer loop
      vertex -1.99808 -29.9936 2.53923
      vertex -1.00597 -29.7657 1.96643
      vertex -1.32709 -29.8916 2.15183
    endloop
  endfacet
  facet normal -0.5 1.47064e-07 -0.866025
    outer loop
      vertex 0.594436 -27 1.04244
      vertex -1.99808 -29.9936 2.53923
      vertex -9.96551 -29.9936 7.13923
    endloop
  endfacet
  facet normal -0.499998 -4.84349e-05 -0.866026
    outer loop
      vertex -1.99808 -29.9936 2.53923
      vertex -1.32709 -29.8916 2.15183
      vertex -1.65969 -29.968 2.34386
    endloop
  endfacet
  facet normal -0.500005 -1.4232e-05 -0.866023
    outer loop
      vertex -0.164893 29.1168 1.48084
      vertex -1.99808 29.9936 2.53923
      vertex -0.419855 29.375 1.62804
    endloop
  endfacet
  facet normal -0.500004 -5.72623e-06 -0.866023
    outer loop
      vertex -1.00597 29.7657 1.96643
      vertex -1.99808 29.9936 2.53923
      vertex -1.32709 29.8916 2.15183
    endloop
  endfacet
  facet normal -0.499998 4.84349e-05 -0.866026
    outer loop
      vertex -1.32709 29.8916 2.15183
      vertex -1.99808 29.9936 2.53923
      vertex -1.65969 29.968 2.34386
    endloop
  endfacet
  facet normal -0.500007 -2.27769e-05 -0.866021
    outer loop
      vertex -0.419855 29.375 1.62804
      vertex -1.99808 29.9936 2.53923
      vertex -0.70182 29.5925 1.79083
    endloop
  endfacet
  facet normal -0.500007 -2.19974e-05 -0.866021
    outer loop
      vertex -0.70182 29.5925 1.79083
      vertex -1.99808 29.9936 2.53923
      vertex -1.00597 29.7657 1.96643
    endloop
  endfacet
  facet normal 0.823876 -0.00486395 -0.566749
    outer loop
      vertex -22.9399 29.5025 -1.36572
      vertex -23.0527 29.3538 -1.52842
      vertex -22.9479 29.4944 -1.37728
    endloop
  endfacet
  facet normal 0.82181 0 -0.569761
    outer loop
      vertex -22.9399 29.5025 -1.36572
      vertex -23.0527 -29.3538 -1.52842
      vertex -23.0527 29.3538 -1.52842
    endloop
  endfacet
  facet normal 0.82181 0 -0.569761
    outer loop
      vertex -22.9399 -29.5025 -1.36572
      vertex -23.0527 -29.3538 -1.52842
      vertex -22.9399 29.5025 -1.36572
    endloop
  endfacet
  facet normal 0.823876 0.00486395 -0.566749
    outer loop
      vertex -23.0527 -29.3538 -1.52842
      vertex -22.9399 -29.5025 -1.36572
      vertex -22.9479 -29.4944 -1.37728
    endloop
  endfacet
  facet normal -0.907852 0 0.419291
    outer loop
      vertex 11.7527 -29.9936 -18.0437
      vertex 11.8441 29.9936 -17.8458
      vertex 11.7527 29.9936 -18.0437
    endloop
  endfacet
  facet normal -0.907852 0 0.419291
    outer loop
      vertex 11.8441 29.9936 -17.8458
      vertex 11.7527 -29.9936 -18.0437
      vertex 11.8441 -29.9936 -17.8458
    endloop
  endfacet
  facet normal -0.95146 0 -0.307771
    outer loop
      vertex 11.8552 -29.9936 -17.0744
      vertex 7.37714 29.9936 -3.23068
      vertex 11.8552 29.9936 -17.0744
    endloop
  endfacet
  facet normal -0.95146 -0 -0.307771
    outer loop
      vertex 7.37714 29.9936 -3.23068
      vertex 11.8552 -29.9936 -17.0744
      vertex 7.37714 -29.9936 -3.23068
    endloop
  endfacet
  facet normal -0.993255 0 -0.115954
    outer loop
      vertex 11.9119 -29.9936 -17.3825
      vertex 11.8937 29.9936 -17.2266
      vertex 11.9119 29.9936 -17.3825
    endloop
  endfacet
  facet normal -0.993255 -0 -0.115954
    outer loop
      vertex 11.8937 29.9936 -17.2266
      vertex 11.9119 -29.9936 -17.3825
      vertex 11.8937 -29.9936 -17.2266
    endloop
  endfacet
  facet normal 0.519547 0 -0.854442
    outer loop
      vertex -11.2546 -29.9936 7.08241
      vertex -11.1205 29.9936 7.16395
      vertex -11.1205 -29.9936 7.16395
    endloop
  endfacet
  facet normal 0.519547 0 -0.854442
    outer loop
      vertex -11.1205 29.9936 7.16395
      vertex -11.2546 -29.9936 7.08241
      vertex -11.2546 29.9936 7.08241
    endloop
  endfacet
  facet normal 0.629729 0 -0.776815
    outer loop
      vertex -22.4458 -29.8581 -0.781709
      vertex -22.3159 29.8999 -0.676405
      vertex -22.3159 -29.8999 -0.676405
    endloop
  endfacet
  facet normal 0.629729 0 -0.776815
    outer loop
      vertex -22.3159 29.8999 -0.676405
      vertex -22.4458 -29.8581 -0.781709
      vertex -22.4458 29.8581 -0.781709
    endloop
  endfacet
  facet normal 0.866129 -7.30507e-05 -0.49982
    outer loop
      vertex -23.0527 29.3538 -1.52842
      vertex -23.2554 28.978 -1.87962
      vertex -23.1167 29.2555 -1.63931
    endloop
  endfacet
  facet normal 0.866524 -0.000928008 -0.499134
    outer loop
      vertex -23.0527 29.3538 -1.52842
      vertex -23.3749 28.6667 -2.0865
      vertex -23.2554 28.978 -1.87962
    endloop
  endfacet
  facet normal 0.866006 4.51323e-05 -0.500033
    outer loop
      vertex -23.0527 29.3538 -1.52842
      vertex -23.473 28.3269 -2.25643
      vertex -23.3749 28.6667 -2.0865
    endloop
  endfacet
  facet normal 0.866089 -8.98839e-05 -0.49989
    outer loop
      vertex -23.0527 29.3538 -1.52842
      vertex -23.5481 27.9643 -2.38648
      vertex -23.473 28.3269 -2.25643
    endloop
  endfacet
  facet normal 0.866068 -6.00065e-05 -0.499926
    outer loop
      vertex -23.0527 29.3538 -1.52842
      vertex -23.5989 27.5853 -2.47444
      vertex -23.5481 27.9643 -2.38648
    endloop
  endfacet
  facet normal 0.866005 1.75136e-05 -0.500035
    outer loop
      vertex -23.0527 29.3538 -1.52842
      vertex -23.6245 27.1962 -2.51879
      vertex -23.5989 27.5853 -2.47444
    endloop
  endfacet
  facet normal 0.866022 0 -0.500006
    outer loop
      vertex -23.0527 29.3538 -1.52842
      vertex -23.6245 -27.1962 -2.51879
      vertex -23.6245 27.1962 -2.51879
    endloop
  endfacet
  facet normal 0.866022 0 -0.500006
    outer loop
      vertex -23.0527 -29.3538 -1.52842
      vertex -23.6245 -27.1962 -2.51879
      vertex -23.0527 29.3538 -1.52842
    endloop
  endfacet
  facet normal 0.866005 -1.75136e-05 -0.500035
    outer loop
      vertex -23.6245 -27.1962 -2.51879
      vertex -23.0527 -29.3538 -1.52842
      vertex -23.5989 -27.5853 -2.47444
    endloop
  endfacet
  facet normal 0.866068 6.00065e-05 -0.499926
    outer loop
      vertex -23.5989 -27.5853 -2.47444
      vertex -23.0527 -29.3538 -1.52842
      vertex -23.5481 -27.9643 -2.38648
    endloop
  endfacet
  facet normal 0.866089 8.98839e-05 -0.49989
    outer loop
      vertex -23.5481 -27.9643 -2.38648
      vertex -23.0527 -29.3538 -1.52842
      vertex -23.473 -28.3269 -2.25643
    endloop
  endfacet
  facet normal 0.866006 -4.51323e-05 -0.500033
    outer loop
      vertex -23.473 -28.3269 -2.25643
      vertex -23.0527 -29.3538 -1.52842
      vertex -23.3749 -28.6667 -2.0865
    endloop
  endfacet
  facet normal 0.866524 0.000928008 -0.499134
    outer loop
      vertex -23.3749 -28.6667 -2.0865
      vertex -23.0527 -29.3538 -1.52842
      vertex -23.2554 -28.978 -1.87962
    endloop
  endfacet
  facet normal 0.866129 7.30507e-05 -0.49982
    outer loop
      vertex -23.2554 -28.978 -1.87962
      vertex -23.0527 -29.3538 -1.52842
      vertex -23.1167 -29.2555 -1.63931
    endloop
  endfacet
  facet normal 0.574252 0 -0.818679
    outer loop
      vertex -21.8215 -29.9936 -0.329603
      vertex -11.2546 29.9936 7.08241
      vertex -11.2546 -29.9936 7.08241
    endloop
  endfacet
  facet normal 0.574252 0 -0.818679
    outer loop
      vertex -21.8215 -29.9936 -0.329603
      vertex -21.8215 29.9936 -0.329603
      vertex -11.2546 29.9936 7.08241
    endloop
  endfacet
  facet normal 0.574251 -0.000107693 -0.818679
    outer loop
      vertex -22.3159 -29.8999 -0.676405
      vertex -21.8215 -29.9936 -0.329603
      vertex -22.1728 -29.9424 -0.576024
    endloop
  endfacet
  facet normal 0.574264 0 -0.81867
    outer loop
      vertex -21.8215 -29.9936 -0.329603
      vertex -22.3159 -29.8999 -0.676405
      vertex -21.8215 29.9936 -0.329603
    endloop
  endfacet
  facet normal 0.574264 0 -0.81867
    outer loop
      vertex -22.3159 29.8999 -0.676405
      vertex -21.8215 29.9936 -0.329603
      vertex -22.3159 -29.8999 -0.676405
    endloop
  endfacet
  facet normal 0.574251 0.000107693 -0.818679
    outer loop
      vertex -21.8215 29.9936 -0.329603
      vertex -22.3159 29.8999 -0.676405
      vertex -22.1728 29.9424 -0.576024
    endloop
  endfacet
  facet normal -0.866022 3.42275e-06 0.500006
    outer loop
      vertex -9.47042 29.9936 -54.8032
      vertex -1.54853 2.6769 -41.0821
      vertex -1.37232 2.7 -40.7769
    endloop
  endfacet
  facet normal -0.866042 -2.4913e-05 0.499972
    outer loop
      vertex -10.8691 27.1962 -57.2258
      vertex -1.72172 2.608 -41.3821
      vertex -1.54853 2.6769 -41.0821
    endloop
  endfacet
  facet normal -0.866005 2.93475e-05 0.500035
    outer loop
      vertex -10.8691 27.1962 -57.2258
      vertex -1.88894 2.49447 -41.6717
      vertex -1.72172 2.608 -41.3821
    endloop
  endfacet
  facet normal -0.866023 4.22689e-06 0.500005
    outer loop
      vertex -10.8691 27.1962 -57.2258
      vertex -2.04731 2.33827 -41.946
      vertex -1.88894 2.49447 -41.6717
    endloop
  endfacet
  facet normal -0.866073 -6.7853e-05 0.499917
    outer loop
      vertex -10.8691 27.1962 -57.2258
      vertex -2.19414 2.14205 -42.2004
      vertex -2.04731 2.33827 -41.946
    endloop
  endfacet
  facet normal -0.865987 5.13539e-05 0.500066
    outer loop
      vertex -10.8691 27.1962 -57.2258
      vertex -2.32691 1.90919 -42.4303
      vertex -2.19414 2.14205 -42.2004
    endloop
  endfacet
  facet normal -0.866048 -3.0661e-05 0.499961
    outer loop
      vertex -10.8691 27.1962 -57.2258
      vertex -2.44334 1.64366 -42.632
      vertex -2.32691 1.90919 -42.4303
    endloop
  endfacet
  facet normal -0.866005 2.62094e-05 0.500036
    outer loop
      vertex -10.8691 27.1962 -57.2258
      vertex -2.54145 1.35 -42.8019
      vertex -2.44334 1.64366 -42.632
    endloop
  endfacet
  facet normal -0.866044 -2.41004e-05 0.499968
    outer loop
      vertex -10.8691 27.1962 -57.2258
      vertex -2.61955 1.03325 -42.9372
      vertex -2.54145 1.35 -42.8019
    endloop
  endfacet
  facet normal -0.866016 1.06237e-05 0.500016
    outer loop
      vertex -10.8691 27.1962 -57.2258
      vertex -2.67631 0.698811 -43.0355
      vertex -2.61955 1.03325 -42.9372
    endloop
  endfacet
  facet normal -0.866037 -1.49054e-05 0.49998
    outer loop
      vertex -10.8691 27.1962 -57.2258
      vertex -2.71077 0.35242 -43.0952
      vertex -2.67631 0.698811 -43.0355
    endloop
  endfacet
  facet normal -0.866019 6.56644e-06 0.50001
    outer loop
      vertex -10.8691 27.1962 -57.2258
      vertex -2.72232 0 -43.1152
      vertex -2.71077 0.35242 -43.0952
    endloop
  endfacet
  facet normal -0.866025 0 0.500001
    outer loop
      vertex -10.8691 -27.1962 -57.2258
      vertex -2.72232 0 -43.1152
      vertex -10.8691 27.1962 -57.2258
    endloop
  endfacet
  facet normal -0.866019 -6.56644e-06 0.50001
    outer loop
      vertex -2.72232 0 -43.1152
      vertex -10.8691 -27.1962 -57.2258
      vertex -2.71077 -0.35242 -43.0952
    endloop
  endfacet
  facet normal -0.866037 1.49054e-05 0.49998
    outer loop
      vertex -2.71077 -0.35242 -43.0952
      vertex -10.8691 -27.1962 -57.2258
      vertex -2.67631 -0.698811 -43.0355
    endloop
  endfacet
  facet normal -0.866016 -1.06237e-05 0.500016
    outer loop
      vertex -2.67631 -0.698811 -43.0355
      vertex -10.8691 -27.1962 -57.2258
      vertex -2.61955 -1.03325 -42.9372
    endloop
  endfacet
  facet normal -0.866026 1.1808e-06 0.499999
    outer loop
      vertex -9.47042 -29.9936 -54.8032
      vertex -1.54853 -2.6769 -41.0821
      vertex -10.8691 -27.1962 -57.2258
    endloop
  endfacet
  facet normal -0.866042 2.4913e-05 0.499972
    outer loop
      vertex -1.72172 -2.608 -41.3821
      vertex -10.8691 -27.1962 -57.2258
      vertex -1.54853 -2.6769 -41.0821
    endloop
  endfacet
  facet normal -0.866005 -2.93475e-05 0.500035
    outer loop
      vertex -1.88894 -2.49447 -41.6717
      vertex -10.8691 -27.1962 -57.2258
      vertex -1.72172 -2.608 -41.3821
    endloop
  endfacet
  facet normal -0.866023 -4.22689e-06 0.500005
    outer loop
      vertex -2.04731 -2.33827 -41.946
      vertex -10.8691 -27.1962 -57.2258
      vertex -1.88894 -2.49447 -41.6717
    endloop
  endfacet
  facet normal -0.866073 6.7853e-05 0.499917
    outer loop
      vertex -2.19414 -2.14205 -42.2004
      vertex -10.8691 -27.1962 -57.2258
      vertex -2.04731 -2.33827 -41.946
    endloop
  endfacet
  facet normal -0.865987 -5.13539e-05 0.500066
    outer loop
      vertex -2.32691 -1.90919 -42.4303
      vertex -10.8691 -27.1962 -57.2258
      vertex -2.19414 -2.14205 -42.2004
    endloop
  endfacet
  facet normal -0.866048 3.0661e-05 0.499961
    outer loop
      vertex -2.44334 -1.64366 -42.632
      vertex -10.8691 -27.1962 -57.2258
      vertex -2.32691 -1.90919 -42.4303
    endloop
  endfacet
  facet normal -0.866005 -2.62094e-05 0.500036
    outer loop
      vertex -2.54145 -1.35 -42.8019
      vertex -10.8691 -27.1962 -57.2258
      vertex -2.44334 -1.64366 -42.632
    endloop
  endfacet
  facet normal -0.866044 2.41004e-05 0.499968
    outer loop
      vertex -2.61955 -1.03325 -42.9372
      vertex -10.8691 -27.1962 -57.2258
      vertex -2.54145 -1.35 -42.8019
    endloop
  endfacet
  facet normal -0.86608 0.000199848 0.499906
    outer loop
      vertex -10.5001 28.978 -56.5867
      vertex -9.47042 29.9936 -54.8032
      vertex -9.66495 29.9424 -55.1402
    endloop
  endfacet
  facet normal -0.865935 -0.000300891 0.500156
    outer loop
      vertex -10.5001 28.978 -56.5867
      vertex -9.66495 29.9424 -55.1402
      vertex -9.85448 29.8408 -55.4684
    endloop
  endfacet
  facet normal -0.866222 0.0005583 0.499659
    outer loop
      vertex -10.5001 28.978 -56.5867
      vertex -9.85448 29.8408 -55.4684
      vertex -10.0357 29.6906 -55.7824
    endloop
  endfacet
  facet normal -0.865636 -0.000968441 0.500673
    outer loop
      vertex -10.5001 28.978 -56.5867
      vertex -10.0357 29.6906 -55.7824
      vertex -10.2057 29.4944 -56.0767
    endloop
  endfacet
  facet normal -0.86701 0.00217224 0.498286
    outer loop
      vertex -10.5001 28.978 -56.5867
      vertex -10.2057 29.4944 -56.0767
      vertex -10.3613 29.2555 -56.3464
    endloop
  endfacet
  facet normal -0.866038 3.02983e-05 0.499978
    outer loop
      vertex -9.47042 29.9936 -54.8032
      vertex -10.5001 28.978 -56.5867
      vertex -10.6195 28.6667 -56.7935
    endloop
  endfacet
  facet normal -0.865976 -0.000182847 0.500085
    outer loop
      vertex -9.47042 29.9936 -54.8032
      vertex -10.6195 28.6667 -56.7935
      vertex -10.7176 28.3269 -56.9635
    endloop
  endfacet
  facet normal -0.866091 0.000160684 0.499886
    outer loop
      vertex -9.47042 29.9936 -54.8032
      vertex -10.7176 28.3269 -56.9635
      vertex -10.7927 27.9643 -57.0935
    endloop
  endfacet
  facet normal -0.866023 -1.6832e-05 0.500004
    outer loop
      vertex -9.47042 29.9936 -54.8032
      vertex -10.7927 27.9643 -57.0935
      vertex -10.8435 27.5853 -57.1815
    endloop
  endfacet
  facet normal -0.866057 6.03345e-05 0.499945
    outer loop
      vertex -9.47042 29.9936 -54.8032
      vertex -10.8435 27.5853 -57.1815
      vertex -10.8691 27.1962 -57.2258
    endloop
  endfacet
  facet normal -0.866026 -1.1808e-06 0.499999
    outer loop
      vertex -1.54853 2.6769 -41.0821
      vertex -9.47042 29.9936 -54.8032
      vertex -10.8691 27.1962 -57.2258
    endloop
  endfacet
  facet normal -0.866022 3.69979e-06 0.500006
    outer loop
      vertex -9.47042 29.9936 -54.8032
      vertex -1.37232 2.7 -40.7769
      vertex -1.19611 2.6769 -40.4717
    endloop
  endfacet
  facet normal -0.866025 -3.05449e-07 0.5
    outer loop
      vertex -9.47042 29.9936 -54.8032
      vertex -1.19611 2.6769 -40.4717
      vertex 11.7527 29.9936 -18.0437
    endloop
  endfacet
  facet normal -0.866031 1.00826e-05 0.499991
    outer loop
      vertex -1.02291 2.608 -40.1717
      vertex 11.7527 29.9936 -18.0437
      vertex -1.19611 2.6769 -40.4717
    endloop
  endfacet
  facet normal -0.866009 -2.99465e-05 0.500028
    outer loop
      vertex -0.855693 2.49447 -39.8821
      vertex 11.7527 29.9936 -18.0437
      vertex -1.02291 2.608 -40.1717
    endloop
  endfacet
  facet normal -0.866016 -1.72408e-05 0.500016
    outer loop
      vertex -0.697316 2.33827 -39.6078
      vertex 11.7527 29.9936 -18.0437
      vertex -0.855693 2.49447 -39.8821
    endloop
  endfacet
  facet normal -0.866017 -1.50822e-05 0.500014
    outer loop
      vertex -0.550487 2.14205 -39.3535
      vertex 11.7527 29.9936 -18.0437
      vertex -0.697316 2.33827 -39.6078
    endloop
  endfacet
  facet normal -0.866048 3.93181e-05 0.49996
    outer loop
      vertex -0.417721 1.90919 -39.1235
      vertex 11.7527 29.9936 -18.0437
      vertex -0.550487 2.14205 -39.3535
    endloop
  endfacet
  facet normal -0.866043 2.99573e-05 0.49997
    outer loop
      vertex -0.301288 1.64366 -38.9218
      vertex 11.7527 29.9936 -18.0437
      vertex -0.417721 1.90919 -39.1235
    endloop
  endfacet
  facet normal -0.866011 -2.49333e-05 0.500026
    outer loop
      vertex -0.203181 1.35 -38.7519
      vertex 11.7527 29.9936 -18.0437
      vertex -0.301288 1.64366 -38.9218
    endloop
  endfacet
  facet normal -0.866038 2.14256e-05 0.499978
    outer loop
      vertex -0.125078 1.03325 -38.6166
      vertex 11.7527 29.9936 -18.0437
      vertex -0.203181 1.35 -38.7519
    endloop
  endfacet
  facet normal -0.866016 -1.58017e-05 0.500017
    outer loop
      vertex -0.0683158 0.698811 -38.5183
      vertex 11.7527 29.9936 -18.0437
      vertex -0.125078 1.03325 -38.6166
    endloop
  endfacet
  facet normal -0.866046 3.37166e-05 0.499964
    outer loop
      vertex -0.0338648 0.35242 -38.4586
      vertex 11.7527 29.9936 -18.0437
      vertex -0.0683158 0.698811 -38.5183
    endloop
  endfacet
  facet normal -0.866022 -5.62616e-06 0.500007
    outer loop
      vertex -0.0223153 0 -38.4386
      vertex 11.7527 29.9936 -18.0437
      vertex -0.0338648 0.35242 -38.4586
    endloop
  endfacet
  facet normal -0.866022 5.62616e-06 0.500007
    outer loop
      vertex 11.7527 -29.9936 -18.0437
      vertex -0.0223153 0 -38.4386
      vertex -0.0338648 -0.35242 -38.4586
    endloop
  endfacet
  facet normal -0.866046 -3.37166e-05 0.499964
    outer loop
      vertex 11.7527 -29.9936 -18.0437
      vertex -0.0338648 -0.35242 -38.4586
      vertex -0.0683158 -0.698811 -38.5183
    endloop
  endfacet
  facet normal -0.866016 1.58017e-05 0.500017
    outer loop
      vertex 11.7527 -29.9936 -18.0437
      vertex -0.0683158 -0.698811 -38.5183
      vertex -0.125078 -1.03325 -38.6166
    endloop
  endfacet
  facet normal -0.866038 -2.14256e-05 0.499978
    outer loop
      vertex 11.7527 -29.9936 -18.0437
      vertex -0.125078 -1.03325 -38.6166
      vertex -0.203181 -1.35 -38.7519
    endloop
  endfacet
  facet normal -0.866011 2.49333e-05 0.500026
    outer loop
      vertex 11.7527 -29.9936 -18.0437
      vertex -0.203181 -1.35 -38.7519
      vertex -0.301288 -1.64366 -38.9218
    endloop
  endfacet
  facet normal -0.866022 -3.42275e-06 0.500006
    outer loop
      vertex -1.54853 -2.6769 -41.0821
      vertex -9.47042 -29.9936 -54.8032
      vertex -1.37232 -2.7 -40.7769
    endloop
  endfacet
  facet normal -0.866022 -3.69979e-06 0.500006
    outer loop
      vertex -1.37232 -2.7 -40.7769
      vertex -9.47042 -29.9936 -54.8032
      vertex -1.19611 -2.6769 -40.4717
    endloop
  endfacet
  facet normal -0.866025 3.05449e-07 0.5
    outer loop
      vertex 11.7527 -29.9936 -18.0437
      vertex -1.19611 -2.6769 -40.4717
      vertex -9.47042 -29.9936 -54.8032
    endloop
  endfacet
  facet normal -0.866031 -1.00826e-05 0.499991
    outer loop
      vertex -1.19611 -2.6769 -40.4717
      vertex 11.7527 -29.9936 -18.0437
      vertex -1.02291 -2.608 -40.1717
    endloop
  endfacet
  facet normal -0.866009 2.99465e-05 0.500028
    outer loop
      vertex -1.02291 -2.608 -40.1717
      vertex 11.7527 -29.9936 -18.0437
      vertex -0.855693 -2.49447 -39.8821
    endloop
  endfacet
  facet normal -0.866016 1.72408e-05 0.500016
    outer loop
      vertex -0.855693 -2.49447 -39.8821
      vertex 11.7527 -29.9936 -18.0437
      vertex -0.697316 -2.33827 -39.6078
    endloop
  endfacet
  facet normal -0.866017 1.50822e-05 0.500014
    outer loop
      vertex -0.697316 -2.33827 -39.6078
      vertex 11.7527 -29.9936 -18.0437
      vertex -0.550487 -2.14205 -39.3535
    endloop
  endfacet
  facet normal -0.866057 -6.03345e-05 0.499945
    outer loop
      vertex -9.47042 -29.9936 -54.8032
      vertex -10.8691 -27.1962 -57.2258
      vertex -10.8435 -27.5853 -57.1815
    endloop
  endfacet
  facet normal -0.866023 1.6832e-05 0.500004
    outer loop
      vertex -9.47042 -29.9936 -54.8032
      vertex -10.8435 -27.5853 -57.1815
      vertex -10.7927 -27.9643 -57.0935
    endloop
  endfacet
  facet normal -0.866091 -0.000160684 0.499886
    outer loop
      vertex -9.47042 -29.9936 -54.8032
      vertex -10.7927 -27.9643 -57.0935
      vertex -10.7176 -28.3269 -56.9635
    endloop
  endfacet
  facet normal -0.865976 0.000182847 0.500085
    outer loop
      vertex -9.47042 -29.9936 -54.8032
      vertex -10.7176 -28.3269 -56.9635
      vertex -10.6195 -28.6667 -56.7935
    endloop
  endfacet
  facet normal -0.866038 -3.02983e-05 0.499978
    outer loop
      vertex -9.47042 -29.9936 -54.8032
      vertex -10.6195 -28.6667 -56.7935
      vertex -10.5001 -28.978 -56.5867
    endloop
  endfacet
  facet normal -0.866048 -3.93181e-05 0.49996
    outer loop
      vertex -0.550487 -2.14205 -39.3535
      vertex 11.7527 -29.9936 -18.0437
      vertex -0.417721 -1.90919 -39.1235
    endloop
  endfacet
  facet normal -0.866131 -0.000406342 0.499818
    outer loop
      vertex -9.47042 -29.9936 -54.8032
      vertex -10.5001 -28.978 -56.5867
      vertex -10.3613 -29.2555 -56.3464
    endloop
  endfacet
  facet normal -0.865889 0.000757713 0.500235
    outer loop
      vertex -9.47042 -29.9936 -54.8032
      vertex -10.3613 -29.2555 -56.3464
      vertex -10.2057 -29.4944 -56.0767
    endloop
  endfacet
  facet normal -0.866164 -0.000859011 0.49976
    outer loop
      vertex -9.47042 -29.9936 -54.8032
      vertex -10.2057 -29.4944 -56.0767
      vertex -10.0357 -29.6906 -55.7824
    endloop
  endfacet
  facet normal -0.865943 0.000788612 0.500142
    outer loop
      vertex -9.47042 -29.9936 -54.8032
      vertex -10.0357 -29.6906 -55.7824
      vertex -9.85448 -29.8408 -55.4684
    endloop
  endfacet
  facet normal -0.866154 -0.00133455 0.499776
    outer loop
      vertex -9.47042 -29.9936 -54.8032
      vertex -9.85448 -29.8408 -55.4684
      vertex -9.66495 -29.9424 -55.1402
    endloop
  endfacet
  facet normal -0.866043 -2.99573e-05 0.49997
    outer loop
      vertex -0.417721 -1.90919 -39.1235
      vertex 11.7527 -29.9936 -18.0437
      vertex -0.301288 -1.64366 -38.9218
    endloop
  endfacet
  facet normal -0.866025 0 0.5
    outer loop
      vertex -0.0223153 0 -38.4386
      vertex 11.7527 -29.9936 -18.0437
      vertex 11.7527 29.9936 -18.0437
    endloop
  endfacet
  facet normal -0.969464 0 -0.245232
    outer loop
      vertex 11.8937 -29.9936 -17.2266
      vertex 11.8552 29.9936 -17.0744
      vertex 11.8937 29.9936 -17.2266
    endloop
  endfacet
  facet normal -0.969464 -0 -0.245232
    outer loop
      vertex 11.8552 29.9936 -17.0744
      vertex 11.8937 -29.9936 -17.2266
      vertex 11.8552 -29.9936 -17.0744
    endloop
  endfacet
  facet normal -0.361813 0 -0.932251
    outer loop
      vertex -10.2056 -29.9936 7.24476
      vertex -10.0593 29.9936 7.18798
      vertex -10.0593 -29.9936 7.18798
    endloop
  endfacet
  facet normal -0.361813 0 -0.932251
    outer loop
      vertex -10.0593 29.9936 7.18798
      vertex -10.2056 -29.9936 7.24476
      vertex -10.2056 29.9936 7.24476
    endloop
  endfacet
  facet normal 0.729582 -0.00351767 -0.683884
    outer loop
      vertex -22.4458 29.8581 -0.781709
      vertex -22.5533 29.8042 -0.896115
      vertex -22.4911 29.8408 -0.829947
    endloop
  endfacet
  facet normal 0.72876 0 -0.684769
    outer loop
      vertex -22.4458 29.8581 -0.781709
      vertex -22.5533 -29.8042 -0.896115
      vertex -22.5533 29.8042 -0.896115
    endloop
  endfacet
  facet normal 0.72876 0 -0.684769
    outer loop
      vertex -22.4458 -29.8581 -0.781709
      vertex -22.5533 -29.8042 -0.896115
      vertex -22.4458 29.8581 -0.781709
    endloop
  endfacet
  facet normal 0.729582 0.00351767 -0.683884
    outer loop
      vertex -22.5533 -29.8042 -0.896115
      vertex -22.4458 -29.8581 -0.781709
      vertex -22.4911 -29.8408 -0.829947
    endloop
  endfacet
  facet normal 0.772599 -0.00178469 -0.634892
    outer loop
      vertex -22.5533 29.8042 -0.896115
      vertex -22.9399 29.5025 -1.36572
      vertex -22.7299 29.6906 -1.1107
    endloop
  endfacet
  facet normal 0.772038 0 -0.635576
    outer loop
      vertex -22.5533 29.8042 -0.896115
      vertex -22.9399 -29.5025 -1.36572
      vertex -22.9399 29.5025 -1.36572
    endloop
  endfacet
  facet normal 0.772038 0 -0.635576
    outer loop
      vertex -22.5533 -29.8042 -0.896115
      vertex -22.9399 -29.5025 -1.36572
      vertex -22.5533 29.8042 -0.896115
    endloop
  endfacet
  facet normal 0.772599 0.00178469 -0.634892
    outer loop
      vertex -22.9399 -29.5025 -1.36572
      vertex -22.5533 -29.8042 -0.896115
      vertex -22.7299 -29.6906 -1.1107
    endloop
  endfacet
  facet normal -0.999893 0 0.0146481
    outer loop
      vertex 11.9096 -29.9936 -17.5395
      vertex 11.9119 29.9936 -17.3825
      vertex 11.9096 29.9936 -17.5395
    endloop
  endfacet
  facet normal -0.999893 0 0.0146481
    outer loop
      vertex 11.9119 29.9936 -17.3825
      vertex 11.9096 -29.9936 -17.5395
      vertex 11.9119 -29.9936 -17.3825
    endloop
  endfacet
  facet normal -0.831442 0 -0.555611
    outer loop
      vertex 7.27463 -29.9936 -3.00001
      vertex 7.18741 29.9936 -2.86949
      vertex 7.27463 29.9936 -3.00001
    endloop
  endfacet
  facet normal -0.831442 -0 -0.555611
    outer loop
      vertex 7.18741 29.9936 -2.86949
      vertex 7.27463 -29.9936 -3.00001
      vertex 7.18741 -29.9936 -2.86949
    endloop
  endfacet
  facet normal -0.555597 0 -0.831452
    outer loop
      vertex 6.83539 -29.9936 -2.56078
      vertex 6.9659 29.9936 -2.64799
      vertex 6.9659 -29.9936 -2.64799
    endloop
  endfacet
  facet normal -0.555597 0 -0.831452
    outer loop
      vertex 6.9659 29.9936 -2.64799
      vertex 6.83539 -29.9936 -2.56078
      vertex 6.83539 29.9936 -2.56078
    endloop
  endfacet
  facet normal 0.280562 0 -0.959836
    outer loop
      vertex -10.9769 -29.9936 7.22729
      vertex -10.8262 29.9936 7.27134
      vertex -10.8262 -29.9936 7.27134
    endloop
  endfacet
  facet normal 0.280562 0 -0.959836
    outer loop
      vertex -10.8262 29.9936 7.27134
      vertex -10.9769 -29.9936 7.22729
      vertex -10.9769 29.9936 7.22729
    endloop
  endfacet
  facet normal -0.659339 0 -0.751846
    outer loop
      vertex 6.9659 -29.9936 -2.64799
      vertex 7.08391 29.9936 -2.75148
      vertex 7.08391 -29.9936 -2.75148
    endloop
  endfacet
  facet normal -0.659339 0 -0.751846
    outer loop
      vertex 7.08391 29.9936 -2.75148
      vertex 6.9659 -29.9936 -2.64799
      vertex 6.9659 29.9936 -2.64799
    endloop
  endfacet
  facet normal -0.108013 0 -0.99415
    outer loop
      vertex -10.5142 -29.9936 7.29889
      vertex -10.3581 29.9936 7.28193
      vertex -10.3581 -29.9936 7.28193
    endloop
  endfacet
  facet normal -0.108013 0 -0.99415
    outer loop
      vertex -10.3581 29.9936 7.28193
      vertex -10.5142 -29.9936 7.29889
      vertex -10.5142 29.9936 7.29889
    endloop
  endfacet
  facet normal -0.751815 0 -0.659375
    outer loop
      vertex 7.18741 -29.9936 -2.86949
      vertex 7.08391 29.9936 -2.75148
      vertex 7.18741 29.9936 -2.86949
    endloop
  endfacet
  facet normal -0.751815 -0 -0.659375
    outer loop
      vertex 7.08391 29.9936 -2.75148
      vertex 7.18741 -29.9936 -2.86949
      vertex 7.08391 -29.9936 -2.75148
    endloop
  endfacet
  facet normal -0.461198 0 -0.887297
    outer loop
      vertex -10.0593 -29.9936 7.18798
      vertex -9.96551 29.9936 7.13923
      vertex -9.96551 -29.9936 7.13923
    endloop
  endfacet
  facet normal -0.461198 0 -0.887297
    outer loop
      vertex -9.96551 29.9936 7.13923
      vertex -10.0593 -29.9936 7.18798
      vertex -10.0593 29.9936 7.18798
    endloop
  endfacet
  facet normal -0.962099 0 0.272701
    outer loop
      vertex 11.8441 -29.9936 -17.8458
      vertex 11.8869 29.9936 -17.6948
      vertex 11.8441 29.9936 -17.8458
    endloop
  endfacet
  facet normal -0.962099 0 0.272701
    outer loop
      vertex 11.8869 29.9936 -17.6948
      vertex 11.8441 -29.9936 -17.8458
      vertex 11.8869 -29.9936 -17.6948
    endloop
  endfacet
  facet normal 0.403571 0 -0.914948
    outer loop
      vertex -11.1205 -29.9936 7.16395
      vertex -10.9769 29.9936 7.22729
      vertex -10.9769 -29.9936 7.22729
    endloop
  endfacet
  facet normal 0.403571 0 -0.914948
    outer loop
      vertex -10.9769 29.9936 7.22729
      vertex -11.1205 -29.9936 7.16395
      vertex -11.1205 29.9936 7.16395
    endloop
  endfacet
  facet normal -0.989486 0 0.144632
    outer loop
      vertex 11.8869 -29.9936 -17.6948
      vertex 11.9096 29.9936 -17.5395
      vertex 11.8869 29.9936 -17.6948
    endloop
  endfacet
  facet normal -0.989486 0 0.144632
    outer loop
      vertex 11.9096 29.9936 -17.5395
      vertex 11.8869 -29.9936 -17.6948
      vertex 11.9096 -29.9936 -17.5395
    endloop
  endfacet
  facet normal 0.152981 0 -0.988229
    outer loop
      vertex -10.8262 -29.9936 7.27134
      vertex -10.6711 29.9936 7.29535
      vertex -10.6711 -29.9936 7.29535
    endloop
  endfacet
  facet normal 0.152981 0 -0.988229
    outer loop
      vertex -10.6711 29.9936 7.29535
      vertex -10.8262 -29.9936 7.27134
      vertex -10.8262 29.9936 7.27134
    endloop
  endfacet
  facet normal 0.0225564 0 -0.999746
    outer loop
      vertex -10.6711 -29.9936 7.29535
      vertex -10.5142 29.9936 7.29889
      vertex -10.5142 -29.9936 7.29889
    endloop
  endfacet
  facet normal 0.0225564 0 -0.999746
    outer loop
      vertex -10.5142 29.9936 7.29889
      vertex -10.6711 -29.9936 7.29535
      vertex -10.6711 29.9936 7.29535
    endloop
  endfacet
  facet normal -0.896873 0 -0.442288
    outer loop
      vertex 7.34405 -29.9936 -3.14078
      vertex 7.27463 29.9936 -3.00001
      vertex 7.34405 29.9936 -3.14078
    endloop
  endfacet
  facet normal -0.896873 -0 -0.442288
    outer loop
      vertex 7.27463 29.9936 -3.00001
      vertex 7.34405 -29.9936 -3.14078
      vertex 7.27463 -29.9936 -3.00001
    endloop
  endfacet
  facet normal -0.938448 0 -0.34542
    outer loop
      vertex 7.37714 -29.9936 -3.23068
      vertex 7.34405 29.9936 -3.14078
      vertex 7.37714 29.9936 -3.23068
    endloop
  endfacet
  facet normal -0.938448 -0 -0.34542
    outer loop
      vertex 7.34405 29.9936 -3.14078
      vertex 7.37714 -29.9936 -3.23068
      vertex 7.34405 -29.9936 -3.14078
    endloop
  endfacet
endsolid OpenSCAD_Model
