solid OpenSCAD_Model
  facet normal 0.946938 0.321416 0
    outer loop
      vertex 16.3097 4.72703 10
      vertex 15.706 6.50562 0
      vertex 15.706 6.50562 10
    endloop
  endfacet
  facet normal 0.946938 0.321416 0
    outer loop
      vertex 15.706 6.50562 0
      vertex 16.3097 4.72703 10
      vertex 16.3097 4.72703 0
    endloop
  endfacet
  facet normal 0.195125 0.980778 -0
    outer loop
      vertex 4.06112 16.4881 0
      vertex 2.21894 16.8546 10
      vertex 4.06112 16.4881 10
    endloop
  endfacet
  facet normal 0.195125 0.980778 0
    outer loop
      vertex 2.21894 16.8546 10
      vertex 4.06112 16.4881 0
      vertex 2.21894 16.8546 0
    endloop
  endfacet
  facet normal 0.896858 0.442318 0
    outer loop
      vertex 15.706 6.50562 10
      vertex 14.7224 8.5 0
      vertex 14.7224 8.5 10
    endloop
  endfacet
  facet normal 0.896858 0.442318 0
    outer loop
      vertex 14.7224 8.5 0
      vertex 15.706 6.50562 10
      vertex 15.706 6.50562 0
    endloop
  endfacet
  facet normal 0.195125 -0.980778 0
    outer loop
      vertex 2.21894 -16.8546 0
      vertex 4.06112 -16.4881 10
      vertex 2.21894 -16.8546 10
    endloop
  endfacet
  facet normal 0.195125 -0.980778 0
    outer loop
      vertex 4.06112 -16.4881 10
      vertex 2.21894 -16.8546 0
      vertex 4.06112 -16.4881 0
    endloop
  endfacet
  facet normal 0.0653866 -0.99786 0
    outer loop
      vertex 0 -17 0
      vertex 2.21894 -16.8546 10
      vertex 0 -17 10
    endloop
  endfacet
  facet normal 0.0653866 -0.99786 0
    outer loop
      vertex 2.21894 -16.8546 10
      vertex 0 -17 0
      vertex 2.21894 -16.8546 0
    endloop
  endfacet
  facet normal 0.896858 -0.442318 0
    outer loop
      vertex 14.7224 -8.5 10
      vertex 15.706 -6.50562 0
      vertex 15.706 -6.50562 10
    endloop
  endfacet
  facet normal 0.896858 -0.442318 0
    outer loop
      vertex 15.706 -6.50562 0
      vertex 14.7224 -8.5 10
      vertex 14.7224 -8.5 0
    endloop
  endfacet
  facet normal -0.195125 -0.980778 0
    outer loop
      vertex -4.06112 -16.4881 0
      vertex -2.21894 -16.8546 10
      vertex -4.06112 -16.4881 10
    endloop
  endfacet
  facet normal -0.195125 -0.980778 -0
    outer loop
      vertex -2.21894 -16.8546 10
      vertex -4.06112 -16.4881 0
      vertex -2.21894 -16.8546 0
    endloop
  endfacet
  facet normal -0.896858 0.442318 0
    outer loop
      vertex -15.706 6.50562 0
      vertex -14.7224 8.5 10
      vertex -14.7224 8.5 0
    endloop
  endfacet
  facet normal -0.896858 0.442318 0
    outer loop
      vertex -14.7224 8.5 10
      vertex -15.706 6.50562 0
      vertex -15.706 6.50562 10
    endloop
  endfacet
  facet normal 0.751857 -0.659326 0
    outer loop
      vertex 12.2486 -11.7611 10
      vertex 13.487 -10.3489 0
      vertex 13.487 -10.3489 10
    endloop
  endfacet
  facet normal 0.751857 -0.659326 0
    outer loop
      vertex 13.487 -10.3489 0
      vertex 12.2486 -11.7611 10
      vertex 12.2486 -11.7611 0
    endloop
  endfacet
  facet normal -0.831469 -0.555572 0
    outer loop
      vertex -13.487 -10.3489 0
      vertex -14.7224 -8.5 10
      vertex -14.7224 -8.5 0
    endloop
  endfacet
  facet normal -0.831469 -0.555572 0
    outer loop
      vertex -14.7224 -8.5 10
      vertex -13.487 -10.3489 0
      vertex -13.487 -10.3489 10
    endloop
  endfacet
  facet normal 0.751857 0.659326 0
    outer loop
      vertex 13.487 10.3489 10
      vertex 12.2486 11.7611 0
      vertex 12.2486 11.7611 10
    endloop
  endfacet
  facet normal 0.751857 0.659326 0
    outer loop
      vertex 12.2486 11.7611 0
      vertex 13.487 10.3489 10
      vertex 13.487 10.3489 0
    endloop
  endfacet
  facet normal -0.946938 -0.321416 0
    outer loop
      vertex -15.706 -6.50562 0
      vertex -16.3097 -4.72703 10
      vertex -16.3097 -4.72703 0
    endloop
  endfacet
  facet normal -0.946938 -0.321416 0
    outer loop
      vertex -16.3097 -4.72703 10
      vertex -15.706 -6.50562 0
      vertex -15.706 -6.50562 10
    endloop
  endfacet
  facet normal 0.946938 -0.321416 0
    outer loop
      vertex 15.706 -6.50562 10
      vertex 16.3097 -4.72703 0
      vertex 16.3097 -4.72703 10
    endloop
  endfacet
  facet normal 0.946938 -0.321416 0
    outer loop
      vertex 16.3097 -4.72703 0
      vertex 15.706 -6.50562 10
      vertex 15.706 -6.50562 0
    endloop
  endfacet
  facet normal -0.195125 0.980778 0
    outer loop
      vertex -2.21894 16.8546 0
      vertex -4.06112 16.4881 10
      vertex -2.21894 16.8546 10
    endloop
  endfacet
  facet normal -0.195125 0.980778 0
    outer loop
      vertex -4.06112 16.4881 10
      vertex -2.21894 16.8546 0
      vertex -4.06112 16.4881 0
    endloop
  endfacet
  facet normal -0.0653866 0.99786 0
    outer loop
      vertex 0 17 0
      vertex -2.21894 16.8546 10
      vertex 0 17 10
    endloop
  endfacet
  facet normal -0.0653866 0.99786 0
    outer loop
      vertex -2.21894 16.8546 10
      vertex 0 17 0
      vertex -2.21894 16.8546 0
    endloop
  endfacet
  facet normal -0.751857 0.659326 0
    outer loop
      vertex -13.487 10.3489 0
      vertex -12.2486 11.7611 10
      vertex -12.2486 11.7611 0
    endloop
  endfacet
  facet normal -0.751857 0.659326 0
    outer loop
      vertex -12.2486 11.7611 10
      vertex -13.487 10.3489 0
      vertex -13.487 10.3489 10
    endloop
  endfacet
  facet normal -0.946938 0.321416 0
    outer loop
      vertex -16.3097 4.72703 0
      vertex -15.706 6.50562 10
      vertex -15.706 6.50562 0
    endloop
  endfacet
  facet normal -0.946938 0.321416 0
    outer loop
      vertex -15.706 6.50562 10
      vertex -16.3097 4.72703 0
      vertex -16.3097 4.72703 10
    endloop
  endfacet
  facet normal 0 0 -1
    outer loop
      vertex 15.706 -6.50562 0
      vertex 15.7574 -4.24264 0
      vertex 16.3097 -4.72703 0
    endloop
  endfacet
  facet normal 0 0 -1
    outer loop
      vertex 15.706 -6.50562 0
      vertex 15.2399 -3.65257 0
      vertex 15.7574 -4.24264 0
    endloop
  endfacet
  facet normal 0 0 -1
    outer loop
      vertex 14.7224 -8.5 0
      vertex 15.2399 -3.65257 0
      vertex 15.706 -6.50562 0
    endloop
  endfacet
  facet normal -0 0 -1
    outer loop
      vertex 15.2399 -3.65257 0
      vertex 14.7224 -8.5 0
      vertex 14.8038 -3 0
    endloop
  endfacet
  facet normal 0 0 -1
    outer loop
      vertex 10 -11.3205 0
      vertex 14.8038 -3 0
      vertex 14.7224 -8.5 0
    endloop
  endfacet
  facet normal -0 0 -1
    outer loop
      vertex 14.8038 -3 0
      vertex 10 -11.3205 0
      vertex 14.4567 -2.2961 0
    endloop
  endfacet
  facet normal 0 0 -1
    outer loop
      vertex 9.21684 -11.3718 0
      vertex 14.4567 -2.2961 0
      vertex 10 -11.3205 0
    endloop
  endfacet
  facet normal 0 0 -1
    outer loop
      vertex 2.33827 -1.35 0
      vertex 14.4567 -2.2961 0
      vertex 9.21684 -11.3718 0
    endloop
  endfacet
  facet normal 0 0 -1
    outer loop
      vertex 10 -11.3205 0
      vertex 14.7224 -8.5 0
      vertex 13.487 -10.3489 0
    endloop
  endfacet
  facet normal 0 0 -1
    outer loop
      vertex 15.7574 4.24264 0
      vertex 15.706 6.50562 0
      vertex 16.3097 4.72703 0
    endloop
  endfacet
  facet normal 0 0 -1
    outer loop
      vertex 15.2399 3.65257 0
      vertex 15.706 6.50562 0
      vertex 15.7574 4.24264 0
    endloop
  endfacet
  facet normal 0 0 -1
    outer loop
      vertex 14.7224 8.5 0
      vertex 15.2399 3.65257 0
      vertex 14.8038 3 0
    endloop
  endfacet
  facet normal 0 0 -1
    outer loop
      vertex 15.2399 3.65257 0
      vertex 14.7224 8.5 0
      vertex 15.706 6.50562 0
    endloop
  endfacet
  facet normal 0 0 -1
    outer loop
      vertex 10 11.3205 0
      vertex 14.8038 3 0
      vertex 14.4567 2.2961 0
    endloop
  endfacet
  facet normal 0 0 -1
    outer loop
      vertex 2.33827 1.35 0
      vertex 14.4567 2.2961 0
      vertex 14.2044 1.55291 0
    endloop
  endfacet
  facet normal 0 0 -1
    outer loop
      vertex 2.608 0.698811 0
      vertex 14.2044 1.55291 0
      vertex 14.0513 0.783156 0
    endloop
  endfacet
  facet normal 0 0 -1
    outer loop
      vertex 14.8038 3 0
      vertex 10 11.3205 0
      vertex 14.7224 8.5 0
    endloop
  endfacet
  facet normal 0 0 -1
    outer loop
      vertex 2.6769 0.35242 0
      vertex 14.0513 0.783156 0
      vertex 14 0 0
    endloop
  endfacet
  facet normal 0 0 -1
    outer loop
      vertex 14.4567 -2.2961 0
      vertex 2.33827 -1.35 0
      vertex 14.2044 -1.55291 0
    endloop
  endfacet
  facet normal 0 0 -1
    outer loop
      vertex 11.5529 -11.525 0
      vertex 13.487 -10.3489 0
      vertex 12.2486 -11.7611 0
    endloop
  endfacet
  facet normal 0 0 -1
    outer loop
      vertex 10.7832 -11.3718 0
      vertex 13.487 -10.3489 0
      vertex 11.5529 -11.525 0
    endloop
  endfacet
  facet normal 0 0 -1
    outer loop
      vertex 2.6769 0.35242 0
      vertex 14 0 0
      vertex 2.7 0 0
    endloop
  endfacet
  facet normal 0 0 -1
    outer loop
      vertex 13.487 10.3489 0
      vertex 11.5529 11.525 0
      vertex 12.2486 11.7611 0
    endloop
  endfacet
  facet normal 0 0 -1
    outer loop
      vertex 10 -11.3205 0
      vertex 13.487 -10.3489 0
      vertex 10.7832 -11.3718 0
    endloop
  endfacet
  facet normal 0 0 -1
    outer loop
      vertex 14.0513 0.783156 0
      vertex 2.6769 0.35242 0
      vertex 2.608 0.698811 0
    endloop
  endfacet
  facet normal 0 -0 -1
    outer loop
      vertex 2.49447 -1.03325 0
      vertex 14.2044 -1.55291 0
      vertex 2.33827 -1.35 0
    endloop
  endfacet
  facet normal 0 0 -1
    outer loop
      vertex 14.2044 1.55291 0
      vertex 2.608 0.698811 0
      vertex 2.49447 1.03325 0
    endloop
  endfacet
  facet normal 0 -0 -1
    outer loop
      vertex 2.608 -0.698811 0
      vertex 14.2044 -1.55291 0
      vertex 2.49447 -1.03325 0
    endloop
  endfacet
  facet normal 0 0 -1
    outer loop
      vertex 13.487 10.3489 0
      vertex 10.7832 11.3718 0
      vertex 11.5529 11.525 0
    endloop
  endfacet
  facet normal 0 0 -1
    outer loop
      vertex 2.33827 -1.35 0
      vertex 9.21684 -11.3718 0
      vertex 8.44709 -11.525 0
    endloop
  endfacet
  facet normal 0 0 -1
    outer loop
      vertex 14.2044 1.55291 0
      vertex 2.49447 1.03325 0
      vertex 2.33827 1.35 0
    endloop
  endfacet
  facet normal 0 0 -1
    outer loop
      vertex 1.90919 -1.90919 0
      vertex 8.44709 -11.525 0
      vertex 7.7039 -11.7772 0
    endloop
  endfacet
  facet normal 0 0 -1
    outer loop
      vertex 14.7224 8.5 0
      vertex 10.7832 11.3718 0
      vertex 13.487 10.3489 0
    endloop
  endfacet
  facet normal 0 0 -1
    outer loop
      vertex 1.64366 -2.14205 0
      vertex 7.7039 -11.7772 0
      vertex 7 -12.1244 0
    endloop
  endfacet
  facet normal 0 -0 -1
    outer loop
      vertex 10.7832 11.3718 0
      vertex 14.7224 8.5 0
      vertex 10 11.3205 0
    endloop
  endfacet
  facet normal 0 0 -1
    outer loop
      vertex 1.03325 -2.49447 0
      vertex 7 -12.1244 0
      vertex 6.34743 -12.5604 0
    endloop
  endfacet
  facet normal 0 0 -1
    outer loop
      vertex 14.4567 2.2961 0
      vertex 9.21684 11.3718 0
      vertex 10 11.3205 0
    endloop
  endfacet
  facet normal 0 0 -1
    outer loop
      vertex 0.698811 -2.608 0
      vertex 6.34743 -12.5604 0
      vertex 5.75736 -13.0779 0
    endloop
  endfacet
  facet normal -0 0 -1
    outer loop
      vertex 14.4567 2.2961 0
      vertex 2.33827 1.35 0
      vertex 9.21684 11.3718 0
    endloop
  endfacet
  facet normal 0 0 -1
    outer loop
      vertex 0.35242 -2.6769 0
      vertex 5.75736 -13.0779 0
      vertex 5.23988 -13.6679 0
    endloop
  endfacet
  facet normal -0 0 -1
    outer loop
      vertex 9.21684 11.3718 0
      vertex 2.33827 1.35 0
      vertex 8.44709 11.525 0
    endloop
  endfacet
  facet normal 0 0 -1
    outer loop
      vertex -5.23988 -13.6679 0
      vertex 5.23988 -13.6679 0
      vertex 4.80385 -14.3205 0
    endloop
  endfacet
  facet normal 0 0 -1
    outer loop
      vertex 2.14205 1.64366 0
      vertex 8.44709 11.525 0
      vertex 2.33827 1.35 0
    endloop
  endfacet
  facet normal 0 0 -1
    outer loop
      vertex 0 -17 0
      vertex 4.80385 -14.3205 0
      vertex 4.45672 -15.0244 0
    endloop
  endfacet
  facet normal 0 0 -1
    outer loop
      vertex 1.90919 1.90919 0
      vertex 8.44709 11.525 0
      vertex 2.14205 1.64366 0
    endloop
  endfacet
  facet normal 0 0 -1
    outer loop
      vertex 2.21894 -16.8546 0
      vertex 4.45672 -15.0244 0
      vertex 4.20444 -15.7676 0
    endloop
  endfacet
  facet normal -0 0 -1
    outer loop
      vertex 8.44709 11.525 0
      vertex 1.90919 1.90919 0
      vertex 7.7039 11.7772 0
    endloop
  endfacet
  facet normal 0 0 -1
    outer loop
      vertex 2.21894 -16.8546 0
      vertex 4.20444 -15.7676 0
      vertex 4.06112 -16.4881 0
    endloop
  endfacet
  facet normal 0 0 -1
    outer loop
      vertex 1.64366 2.14205 0
      vertex 7.7039 11.7772 0
      vertex 1.90919 1.90919 0
    endloop
  endfacet
  facet normal -0 0 -1
    outer loop
      vertex 7.7039 11.7772 0
      vertex 1.64366 2.14205 0
      vertex 7 12.1244 0
    endloop
  endfacet
  facet normal -0 0 -1
    outer loop
      vertex 14 0 0
      vertex 2.6769 -0.35242 0
      vertex 2.7 0 0
    endloop
  endfacet
  facet normal 0 0 -1
    outer loop
      vertex 14.0513 -0.783156 0
      vertex 2.6769 -0.35242 0
      vertex 14 0 0
    endloop
  endfacet
  facet normal 0 -0 -1
    outer loop
      vertex 2.6769 -0.35242 0
      vertex 14.0513 -0.783156 0
      vertex 2.608 -0.698811 0
    endloop
  endfacet
  facet normal 0 0 -1
    outer loop
      vertex 14.2044 -1.55291 0
      vertex 2.608 -0.698811 0
      vertex 14.0513 -0.783156 0
    endloop
  endfacet
  facet normal 0 0 -1
    outer loop
      vertex 4.45672 -15.0244 0
      vertex 2.21894 -16.8546 0
      vertex 0 -17 0
    endloop
  endfacet
  facet normal 0 0 -1
    outer loop
      vertex 8.44709 -11.525 0
      vertex 2.14205 -1.64366 0
      vertex 2.33827 -1.35 0
    endloop
  endfacet
  facet normal 0 0 -1
    outer loop
      vertex 8.44709 -11.525 0
      vertex 1.90919 -1.90919 0
      vertex 2.14205 -1.64366 0
    endloop
  endfacet
  facet normal 0 0 -1
    outer loop
      vertex 7.7039 -11.7772 0
      vertex 1.64366 -2.14205 0
      vertex 1.90919 -1.90919 0
    endloop
  endfacet
  facet normal 0 0 -1
    outer loop
      vertex 7 -12.1244 0
      vertex 1.35 -2.33827 0
      vertex 1.64366 -2.14205 0
    endloop
  endfacet
  facet normal 0 0 -1
    outer loop
      vertex 7 -12.1244 0
      vertex 1.03325 -2.49447 0
      vertex 1.35 -2.33827 0
    endloop
  endfacet
  facet normal 0 0 -1
    outer loop
      vertex 6.34743 -12.5604 0
      vertex 0.698811 -2.608 0
      vertex 1.03325 -2.49447 0
    endloop
  endfacet
  facet normal 0 0 -1
    outer loop
      vertex 5.75736 -13.0779 0
      vertex 0.35242 -2.6769 0
      vertex 0.698811 -2.608 0
    endloop
  endfacet
  facet normal -0 0 -1
    outer loop
      vertex 4.80385 -14.3205 0
      vertex 0 -17 0
      vertex -4.80385 -14.3205 0
    endloop
  endfacet
  facet normal 0 0 -1
    outer loop
      vertex 5.23988 -13.6679 0
      vertex -5.23988 -13.6679 0
      vertex 0 -2.7 0
    endloop
  endfacet
  facet normal 0 0 -1
    outer loop
      vertex 5.23988 -13.6679 0
      vertex 0 -2.7 0
      vertex 0.35242 -2.6769 0
    endloop
  endfacet
  facet normal -0 0 -1
    outer loop
      vertex 0 -2.7 0
      vertex -5.23988 -13.6679 0
      vertex -0.35242 -2.6769 0
    endloop
  endfacet
  facet normal 0 0 -1
    outer loop
      vertex -5.75736 -13.0779 0
      vertex -0.35242 -2.6769 0
      vertex -5.23988 -13.6679 0
    endloop
  endfacet
  facet normal -0 0 -1
    outer loop
      vertex -0.35242 -2.6769 0
      vertex -5.75736 -13.0779 0
      vertex -0.698811 -2.608 0
    endloop
  endfacet
  facet normal 0 0 -1
    outer loop
      vertex -6.34743 -12.5604 0
      vertex -0.698811 -2.608 0
      vertex -5.75736 -13.0779 0
    endloop
  endfacet
  facet normal -0 0 -1
    outer loop
      vertex -0.698811 -2.608 0
      vertex -6.34743 -12.5604 0
      vertex -1.03325 -2.49447 0
    endloop
  endfacet
  facet normal 0 0 -1
    outer loop
      vertex -7 -12.1244 0
      vertex -1.03325 -2.49447 0
      vertex -6.34743 -12.5604 0
    endloop
  endfacet
  facet normal 0 0 -1
    outer loop
      vertex -4.45672 -15.0244 0
      vertex 0 -17 0
      vertex -2.21894 -16.8546 0
    endloop
  endfacet
  facet normal 0 0 -1
    outer loop
      vertex 4.80385 -14.3205 0
      vertex -4.80385 -14.3205 0
      vertex -5.23988 -13.6679 0
    endloop
  endfacet
  facet normal -0 0 -1
    outer loop
      vertex -1.03325 -2.49447 0
      vertex -7 -12.1244 0
      vertex -1.35 -2.33827 0
    endloop
  endfacet
  facet normal -0 0 -1
    outer loop
      vertex -1.35 -2.33827 0
      vertex -7 -12.1244 0
      vertex -1.64366 -2.14205 0
    endloop
  endfacet
  facet normal 0 0 -1
    outer loop
      vertex -7.7039 -11.7772 0
      vertex -1.64366 -2.14205 0
      vertex -7 -12.1244 0
    endloop
  endfacet
  facet normal -0 0 -1
    outer loop
      vertex -1.64366 -2.14205 0
      vertex -7.7039 -11.7772 0
      vertex -1.90919 -1.90919 0
    endloop
  endfacet
  facet normal 0 0 -1
    outer loop
      vertex -4.20444 -15.7676 0
      vertex -2.21894 -16.8546 0
      vertex -4.06112 -16.4881 0
    endloop
  endfacet
  facet normal 0 0 -1
    outer loop
      vertex -2.33827 1.35 0
      vertex -14.4567 2.2961 0
      vertex -9.21684 11.3718 0
    endloop
  endfacet
  facet normal 0 0 -1
    outer loop
      vertex -9.21684 11.3718 0
      vertex -14.4567 2.2961 0
      vertex -10 11.3205 0
    endloop
  endfacet
  facet normal 0 0 -1
    outer loop
      vertex -14.8038 3 0
      vertex -10 11.3205 0
      vertex -14.4567 2.2961 0
    endloop
  endfacet
  facet normal 0 0 -1
    outer loop
      vertex -10 11.3205 0
      vertex -14.7224 8.5 0
      vertex -13.487 10.3489 0
    endloop
  endfacet
  facet normal 0 0 -1
    outer loop
      vertex -10 11.3205 0
      vertex -14.8038 3 0
      vertex -14.7224 8.5 0
    endloop
  endfacet
  facet normal 0 0 -1
    outer loop
      vertex -15.2399 3.65257 0
      vertex -14.7224 8.5 0
      vertex -14.8038 3 0
    endloop
  endfacet
  facet normal 0 0 -1
    outer loop
      vertex -15.2399 3.65257 0
      vertex -15.706 6.50562 0
      vertex -14.7224 8.5 0
    endloop
  endfacet
  facet normal 0 0 -1
    outer loop
      vertex -15.7574 4.24264 0
      vertex -15.706 6.50562 0
      vertex -15.2399 3.65257 0
    endloop
  endfacet
  facet normal 0 0 -1
    outer loop
      vertex -15.706 6.50562 0
      vertex -15.7574 4.24264 0
      vertex -16.3097 4.72703 0
    endloop
  endfacet
  facet normal 0 0 -1
    outer loop
      vertex 1.35 2.33827 0
      vertex 7 12.1244 0
      vertex 1.64366 2.14205 0
    endloop
  endfacet
  facet normal 0 0 -1
    outer loop
      vertex 1.03325 2.49447 0
      vertex 7 12.1244 0
      vertex 1.35 2.33827 0
    endloop
  endfacet
  facet normal -0 0 -1
    outer loop
      vertex 7 12.1244 0
      vertex 1.03325 2.49447 0
      vertex 6.34743 12.5604 0
    endloop
  endfacet
  facet normal 0 0 -1
    outer loop
      vertex 0.698811 2.608 0
      vertex 6.34743 12.5604 0
      vertex 1.03325 2.49447 0
    endloop
  endfacet
  facet normal -0 0 -1
    outer loop
      vertex 6.34743 12.5604 0
      vertex 0.698811 2.608 0
      vertex 5.75736 13.0779 0
    endloop
  endfacet
  facet normal 0 0 -1
    outer loop
      vertex 0.35242 2.6769 0
      vertex 5.75736 13.0779 0
      vertex 0.698811 2.608 0
    endloop
  endfacet
  facet normal -0 0 -1
    outer loop
      vertex 5.75736 13.0779 0
      vertex 0.35242 2.6769 0
      vertex 5.23988 13.6679 0
    endloop
  endfacet
  facet normal 0 0 -1
    outer loop
      vertex 0 2.7 0
      vertex 5.23988 13.6679 0
      vertex 0.35242 2.6769 0
    endloop
  endfacet
  facet normal 0 0 -1
    outer loop
      vertex -5.23988 13.6679 0
      vertex 5.23988 13.6679 0
      vertex 0 2.7 0
    endloop
  endfacet
  facet normal 0 0 -1
    outer loop
      vertex 5.23988 13.6679 0
      vertex -5.23988 13.6679 0
      vertex 4.80385 14.3205 0
    endloop
  endfacet
  facet normal 0 -0 -1
    outer loop
      vertex 0 17 0
      vertex 4.80385 14.3205 0
      vertex -4.80385 14.3205 0
    endloop
  endfacet
  facet normal 0 0 -1
    outer loop
      vertex 4.20444 15.7676 0
      vertex 2.21894 16.8546 0
      vertex 4.06112 16.4881 0
    endloop
  endfacet
  facet normal 0 -0 -1
    outer loop
      vertex -4.80385 14.3205 0
      vertex 4.80385 14.3205 0
      vertex -5.23988 13.6679 0
    endloop
  endfacet
  facet normal 0 0 -1
    outer loop
      vertex 4.80385 14.3205 0
      vertex 0 17 0
      vertex 4.45672 15.0244 0
    endloop
  endfacet
  facet normal 0 0 -1
    outer loop
      vertex -5.23988 13.6679 0
      vertex 0 2.7 0
      vertex -0.35242 2.6769 0
    endloop
  endfacet
  facet normal 0 0 -1
    outer loop
      vertex -5.75736 13.0779 0
      vertex -0.35242 2.6769 0
      vertex -0.698811 2.608 0
    endloop
  endfacet
  facet normal 0 0 -1
    outer loop
      vertex -6.34743 12.5604 0
      vertex -0.698811 2.608 0
      vertex -1.03325 2.49447 0
    endloop
  endfacet
  facet normal 0 0 -1
    outer loop
      vertex -7 12.1244 0
      vertex -1.03325 2.49447 0
      vertex -1.35 2.33827 0
    endloop
  endfacet
  facet normal 0 0 -1
    outer loop
      vertex -7 12.1244 0
      vertex -1.35 2.33827 0
      vertex -1.64366 2.14205 0
    endloop
  endfacet
  facet normal 0 0 -1
    outer loop
      vertex -7.7039 11.7772 0
      vertex -1.64366 2.14205 0
      vertex -1.90919 1.90919 0
    endloop
  endfacet
  facet normal 0 0 -1
    outer loop
      vertex -8.44709 11.525 0
      vertex -1.90919 1.90919 0
      vertex -2.14205 1.64366 0
    endloop
  endfacet
  facet normal 0 0 -1
    outer loop
      vertex 4.45672 15.0244 0
      vertex 2.21894 16.8546 0
      vertex 4.20444 15.7676 0
    endloop
  endfacet
  facet normal 0 0 -1
    outer loop
      vertex -8.44709 11.525 0
      vertex -2.14205 1.64366 0
      vertex -2.33827 1.35 0
    endloop
  endfacet
  facet normal 0 0 -1
    outer loop
      vertex -14.2044 1.55291 0
      vertex -2.608 0.698811 0
      vertex -14.0513 0.783156 0
    endloop
  endfacet
  facet normal 0 0 -1
    outer loop
      vertex -2.6769 0.35242 0
      vertex -14.0513 0.783156 0
      vertex -2.608 0.698811 0
    endloop
  endfacet
  facet normal 0 0 -1
    outer loop
      vertex -14.0513 0.783156 0
      vertex -2.6769 0.35242 0
      vertex -14 0 0
    endloop
  endfacet
  facet normal 0 0 -1
    outer loop
      vertex -14 0 0
      vertex -2.6769 0.35242 0
      vertex -2.7 0 0
    endloop
  endfacet
  facet normal 0 0 -1
    outer loop
      vertex -4.45672 -15.0244 0
      vertex -2.21894 -16.8546 0
      vertex -4.20444 -15.7676 0
    endloop
  endfacet
  facet normal 0 0 -1
    outer loop
      vertex 0 -17 0
      vertex -4.45672 -15.0244 0
      vertex -4.80385 -14.3205 0
    endloop
  endfacet
  facet normal 0 0 -1
    outer loop
      vertex -8.44709 -11.525 0
      vertex -1.90919 -1.90919 0
      vertex -7.7039 -11.7772 0
    endloop
  endfacet
  facet normal 0 0 -1
    outer loop
      vertex -2.21894 16.8546 0
      vertex -4.20444 15.7676 0
      vertex -4.06112 16.4881 0
    endloop
  endfacet
  facet normal -0 0 -1
    outer loop
      vertex -1.90919 -1.90919 0
      vertex -8.44709 -11.525 0
      vertex -2.14205 -1.64366 0
    endloop
  endfacet
  facet normal 0 0 -1
    outer loop
      vertex -2.21894 16.8546 0
      vertex -4.45672 15.0244 0
      vertex -4.20444 15.7676 0
    endloop
  endfacet
  facet normal -0 0 -1
    outer loop
      vertex -2.14205 -1.64366 0
      vertex -8.44709 -11.525 0
      vertex -2.33827 -1.35 0
    endloop
  endfacet
  facet normal 0 0 -1
    outer loop
      vertex 0 17 0
      vertex -4.45672 15.0244 0
      vertex -2.21894 16.8546 0
    endloop
  endfacet
  facet normal -0 -0 -1
    outer loop
      vertex 2.21894 16.8546 0
      vertex 4.45672 15.0244 0
      vertex 0 17 0
    endloop
  endfacet
  facet normal 0 -0 -1
    outer loop
      vertex -4.45672 15.0244 0
      vertex 0 17 0
      vertex -4.80385 14.3205 0
    endloop
  endfacet
  facet normal 0 0 -1
    outer loop
      vertex -9.21684 -11.3718 0
      vertex -2.33827 -1.35 0
      vertex -8.44709 -11.525 0
    endloop
  endfacet
  facet normal 0 0 -1
    outer loop
      vertex -0.35242 2.6769 0
      vertex -5.75736 13.0779 0
      vertex -5.23988 13.6679 0
    endloop
  endfacet
  facet normal 0 0 -1
    outer loop
      vertex -14.4567 -2.2961 0
      vertex -2.33827 -1.35 0
      vertex -9.21684 -11.3718 0
    endloop
  endfacet
  facet normal 0 0 -1
    outer loop
      vertex -0.698811 2.608 0
      vertex -6.34743 12.5604 0
      vertex -5.75736 13.0779 0
    endloop
  endfacet
  facet normal -0 0 -1
    outer loop
      vertex -2.33827 -1.35 0
      vertex -14.4567 -2.2961 0
      vertex -2.49447 -1.03325 0
    endloop
  endfacet
  facet normal 0 0 -1
    outer loop
      vertex -1.03325 2.49447 0
      vertex -7 12.1244 0
      vertex -6.34743 12.5604 0
    endloop
  endfacet
  facet normal 0 -0 -1
    outer loop
      vertex -14.2044 -1.55291 0
      vertex -2.49447 -1.03325 0
      vertex -14.4567 -2.2961 0
    endloop
  endfacet
  facet normal 0 0 -1
    outer loop
      vertex -2.608 0.698811 0
      vertex -14.2044 1.55291 0
      vertex -2.49447 1.03325 0
    endloop
  endfacet
  facet normal -0 0 -1
    outer loop
      vertex -2.49447 -1.03325 0
      vertex -14.2044 -1.55291 0
      vertex -2.608 -0.698811 0
    endloop
  endfacet
  facet normal 0 0 -1
    outer loop
      vertex -1.64366 2.14205 0
      vertex -7.7039 11.7772 0
      vertex -7 12.1244 0
    endloop
  endfacet
  facet normal 0 -0 -1
    outer loop
      vertex -14.0513 -0.783156 0
      vertex -2.608 -0.698811 0
      vertex -14.2044 -1.55291 0
    endloop
  endfacet
  facet normal 0 0 -1
    outer loop
      vertex -1.90919 1.90919 0
      vertex -8.44709 11.525 0
      vertex -7.7039 11.7772 0
    endloop
  endfacet
  facet normal 0 0 -1
    outer loop
      vertex -14.4567 -2.2961 0
      vertex -9.21684 -11.3718 0
      vertex -10 -11.3205 0
    endloop
  endfacet
  facet normal 0 0 -1
    outer loop
      vertex -2.33827 1.35 0
      vertex -9.21684 11.3718 0
      vertex -8.44709 11.525 0
    endloop
  endfacet
  facet normal 0 0 -1
    outer loop
      vertex -14.7224 -8.5 0
      vertex -10 -11.3205 0
      vertex -10.7832 -11.3718 0
    endloop
  endfacet
  facet normal 0 0 -1
    outer loop
      vertex -2.49447 1.03325 0
      vertex -14.2044 1.55291 0
      vertex -2.33827 1.35 0
    endloop
  endfacet
  facet normal 0 0 -1
    outer loop
      vertex -13.487 -10.3489 0
      vertex -10.7832 -11.3718 0
      vertex -11.5529 -11.525 0
    endloop
  endfacet
  facet normal 0 0 -1
    outer loop
      vertex -14.4567 2.2961 0
      vertex -2.33827 1.35 0
      vertex -14.2044 1.55291 0
    endloop
  endfacet
  facet normal 0 0 -1
    outer loop
      vertex -13.487 -10.3489 0
      vertex -11.5529 -11.525 0
      vertex -12.2486 -11.7611 0
    endloop
  endfacet
  facet normal -0 0 -1
    outer loop
      vertex -10 11.3205 0
      vertex -13.487 10.3489 0
      vertex -10.7832 11.3718 0
    endloop
  endfacet
  facet normal 0 0 -1
    outer loop
      vertex -10.7832 -11.3718 0
      vertex -13.487 -10.3489 0
      vertex -14.7224 -8.5 0
    endloop
  endfacet
  facet normal -0 0 -1
    outer loop
      vertex -10.7832 11.3718 0
      vertex -13.487 10.3489 0
      vertex -11.5529 11.525 0
    endloop
  endfacet
  facet normal -0 0 -1
    outer loop
      vertex -11.5529 11.525 0
      vertex -13.487 10.3489 0
      vertex -12.2486 11.7611 0
    endloop
  endfacet
  facet normal 0 0 -1
    outer loop
      vertex -2.6769 -0.35242 0
      vertex -14 0 0
      vertex -2.7 0 0
    endloop
  endfacet
  facet normal 0 -0 -1
    outer loop
      vertex -14 0 0
      vertex -2.6769 -0.35242 0
      vertex -14.0513 -0.783156 0
    endloop
  endfacet
  facet normal -0 0 -1
    outer loop
      vertex -2.608 -0.698811 0
      vertex -14.0513 -0.783156 0
      vertex -2.6769 -0.35242 0
    endloop
  endfacet
  facet normal 0 0 -1
    outer loop
      vertex -10 -11.3205 0
      vertex -14.7224 -8.5 0
      vertex -14.8038 -3 0
    endloop
  endfacet
  facet normal 0 0 -1
    outer loop
      vertex -10 -11.3205 0
      vertex -14.8038 -3 0
      vertex -14.4567 -2.2961 0
    endloop
  endfacet
  facet normal 0 0 -1
    outer loop
      vertex -14.7224 -8.5 0
      vertex -15.2399 -3.65257 0
      vertex -14.8038 -3 0
    endloop
  endfacet
  facet normal 0 0 -1
    outer loop
      vertex -15.706 -6.50562 0
      vertex -15.2399 -3.65257 0
      vertex -14.7224 -8.5 0
    endloop
  endfacet
  facet normal 0 0 -1
    outer loop
      vertex -15.706 -6.50562 0
      vertex -15.7574 -4.24264 0
      vertex -15.2399 -3.65257 0
    endloop
  endfacet
  facet normal 0 -0 -1
    outer loop
      vertex -15.7574 -4.24264 0
      vertex -15.706 -6.50562 0
      vertex -16.3097 -4.72703 0
    endloop
  endfacet
  facet normal 0.0653866 0.99786 -0
    outer loop
      vertex 2.21894 16.8546 0
      vertex 0 17 10
      vertex 2.21894 16.8546 10
    endloop
  endfacet
  facet normal 0.0653866 0.99786 0
    outer loop
      vertex 0 17 10
      vertex 2.21894 16.8546 0
      vertex 0 17 0
    endloop
  endfacet
  facet normal 0.831469 0.555572 0
    outer loop
      vertex 14.7224 8.5 10
      vertex 13.487 10.3489 0
      vertex 13.487 10.3489 10
    endloop
  endfacet
  facet normal 0.831469 0.555572 0
    outer loop
      vertex 13.487 10.3489 0
      vertex 14.7224 8.5 10
      vertex 14.7224 8.5 0
    endloop
  endfacet
  facet normal -0.896858 -0.442318 0
    outer loop
      vertex -14.7224 -8.5 0
      vertex -15.706 -6.50562 10
      vertex -15.706 -6.50562 0
    endloop
  endfacet
  facet normal -0.896858 -0.442318 0
    outer loop
      vertex -15.706 -6.50562 10
      vertex -14.7224 -8.5 0
      vertex -14.7224 -8.5 10
    endloop
  endfacet
  facet normal 0.831469 -0.555572 0
    outer loop
      vertex 13.487 -10.3489 10
      vertex 14.7224 -8.5 0
      vertex 14.7224 -8.5 10
    endloop
  endfacet
  facet normal 0.831469 -0.555572 0
    outer loop
      vertex 14.7224 -8.5 0
      vertex 13.487 -10.3489 10
      vertex 13.487 -10.3489 0
    endloop
  endfacet
  facet normal -0.0653866 -0.99786 0
    outer loop
      vertex -2.21894 -16.8546 0
      vertex 0 -17 10
      vertex -2.21894 -16.8546 10
    endloop
  endfacet
  facet normal -0.0653866 -0.99786 -0
    outer loop
      vertex 0 -17 10
      vertex -2.21894 -16.8546 0
      vertex 0 -17 0
    endloop
  endfacet
  facet normal -0.751857 -0.659326 0
    outer loop
      vertex -12.2486 -11.7611 0
      vertex -13.487 -10.3489 10
      vertex -13.487 -10.3489 0
    endloop
  endfacet
  facet normal -0.751857 -0.659326 0
    outer loop
      vertex -13.487 -10.3489 10
      vertex -12.2486 -11.7611 0
      vertex -12.2486 -11.7611 10
    endloop
  endfacet
  facet normal -0.831469 0.555572 0
    outer loop
      vertex -14.7224 8.5 0
      vertex -13.487 10.3489 10
      vertex -13.487 10.3489 0
    endloop
  endfacet
  facet normal -0.831469 0.555572 0
    outer loop
      vertex -13.487 10.3489 10
      vertex -14.7224 8.5 0
      vertex -14.7224 8.5 10
    endloop
  endfacet
  facet normal -0.149992 -0.754113 0.639388
    outer loop
      vertex -1.89263 -14.3759 13
      vertex -3.75288 -14.0059 13
      vertex -2.21894 -16.8546 10
    endloop
  endfacet
  facet normal 0.247135 -0.7281 0.63937
    outer loop
      vertex 3.75288 -14.0059 13
      vertex 4.45672 -15.0244 11.5681
      vertex 4.67741 -14.5769 11.9924
    endloop
  endfacet
  facet normal 0.247201 -0.728069 0.63938
    outer loop
      vertex 4.45672 -15.0244 11.5681
      vertex 3.75288 -14.0059 13
      vertex 4.21588 -15.7339 10.8533
    endloop
  endfacet
  facet normal 0.150005 -0.754114 0.639382
    outer loop
      vertex 2.21894 -16.8546 10
      vertex 4.21588 -15.7339 10.8533
      vertex 3.75288 -14.0059 13
    endloop
  endfacet
  facet normal 0.15038 -0.754431 0.638921
    outer loop
      vertex 4.21588 -15.7339 10.8533
      vertex 2.21894 -16.8546 10
      vertex 4.20444 -15.7676 10.8162
    endloop
  endfacet
  facet normal 0.150033 -0.754127 0.639361
    outer loop
      vertex 4.20444 -15.7676 10.8162
      vertex 2.21894 -16.8546 10
      vertex 4.06112 -16.4881 10
    endloop
  endfacet
  facet normal 0.754112 -0.150038 0.639377
    outer loop
      vertex 14.0059 -3.75288 13
      vertex 15.2399 -3.65257 11.5681
      vertex 14.9627 -3.23769 11.9924
    endloop
  endfacet
  facet normal 0.754115 -0.150002 0.639382
    outer loop
      vertex 15.2399 -3.65257 11.5681
      vertex 14.0059 -3.75288 13
      vertex 15.7339 -4.21588 10.8533
    endloop
  endfacet
  facet normal 0.728086 -0.247145 0.639382
    outer loop
      vertex 15.706 -6.50562 10
      vertex 15.7339 -4.21588 10.8533
      vertex 14.0059 -3.75288 13
    endloop
  endfacet
  facet normal 0.728036 -0.247163 0.639432
    outer loop
      vertex 15.7339 -4.21588 10.8533
      vertex 15.706 -6.50562 10
      vertex 15.7574 -4.24264 10.8162
    endloop
  endfacet
  facet normal 0.728108 -0.247139 0.63936
    outer loop
      vertex 15.7574 -4.24264 10.8162
      vertex 15.706 -6.50562 10
      vertex 16.3097 -4.72703 10
    endloop
  endfacet
  facet normal -0.728036 -0.247163 0.639432
    outer loop
      vertex -15.706 -6.50562 10
      vertex -15.7339 -4.21588 10.8533
      vertex -15.7574 -4.24264 10.8162
    endloop
  endfacet
  facet normal -0.728108 -0.247139 0.63936
    outer loop
      vertex -15.706 -6.50562 10
      vertex -15.7574 -4.24264 10.8162
      vertex -16.3097 -4.72703 10
    endloop
  endfacet
  facet normal -0.728086 -0.247145 0.639382
    outer loop
      vertex -15.7339 -4.21588 10.8533
      vertex -15.706 -6.50562 10
      vertex -14.0059 -3.75288 13
    endloop
  endfacet
  facet normal 0.754115 0.150002 0.639382
    outer loop
      vertex 14.0059 3.75288 13
      vertex 15.2399 3.65257 11.5681
      vertex 15.7339 4.21588 10.8533
    endloop
  endfacet
  facet normal 0.754112 0.150038 0.639377
    outer loop
      vertex 15.2399 3.65257 11.5681
      vertex 14.0059 3.75288 13
      vertex 14.9627 3.23769 11.9924
    endloop
  endfacet
  facet normal -0.689596 0.340099 0.639367
    outer loop
      vertex -14.7224 8.5 10
      vertex -15.706 6.50562 10
      vertex -12.5574 7.25 13
    endloop
  endfacet
  facet normal -0.0502747 -0.767239 0.639387
    outer loop
      vertex -1.89263 -14.3759 13
      vertex -2.21894 -16.8546 10
      vertex 0 -17 10
    endloop
  endfacet
  facet normal 0.0503086 0.767248 0.639374
    outer loop
      vertex 0 17 10
      vertex 0 14.5 13
      vertex 1.89263 14.3759 13
    endloop
  endfacet
  facet normal -0.578064 -0.506976 0.639388
    outer loop
      vertex -11.5036 -8.82704 13
      vertex -11.518 -11.518 10.8533
      vertex -10.253 -10.253 13
    endloop
  endfacet
  facet normal -0.578027 -0.506992 0.639409
    outer loop
      vertex -11.5036 -8.82704 13
      vertex -11.5529 -11.525 10.8162
      vertex -11.518 -11.518 10.8533
    endloop
  endfacet
  facet normal -0.578033 -0.506989 0.639406
    outer loop
      vertex -11.5529 -11.525 10.8162
      vertex -11.5036 -8.82704 13
      vertex -11.9631 -11.6642 10.335
    endloop
  endfacet
  facet normal -0.728108 0.247139 0.63936
    outer loop
      vertex -15.7574 4.24264 10.8162
      vertex -15.706 6.50562 10
      vertex -16.3097 4.72703 10
    endloop
  endfacet
  facet normal -0.728036 0.247163 0.639432
    outer loop
      vertex -15.7339 4.21588 10.8533
      vertex -15.706 6.50562 10
      vertex -15.7574 4.24264 10.8162
    endloop
  endfacet
  facet normal -0.728086 0.247145 0.639382
    outer loop
      vertex -15.706 6.50562 10
      vertex -15.7339 4.21588 10.8533
      vertex -14.0059 3.75288 13
    endloop
  endfacet
  facet normal 0.578033 0.506989 0.639406
    outer loop
      vertex 11.5529 11.525 10.8162
      vertex 11.5036 8.82704 13
      vertex 11.9631 11.6642 10.335
    endloop
  endfacet
  facet normal 0.578027 0.506992 0.639409
    outer loop
      vertex 11.518 11.518 10.8533
      vertex 11.5036 8.82704 13
      vertex 11.5529 11.525 10.8162
    endloop
  endfacet
  facet normal 0.578064 0.506976 0.639388
    outer loop
      vertex 11.5036 8.82704 13
      vertex 11.518 11.518 10.8533
      vertex 10.253 10.253 13
    endloop
  endfacet
  facet normal 0.7281 -0.247128 0.639374
    outer loop
      vertex 14.0059 -3.75288 13
      vertex 13.3963 -5.54891 13
      vertex 15.706 -6.50562 10
    endloop
  endfacet
  facet normal 0.0502747 -0.767239 0.639387
    outer loop
      vertex 1.89263 -14.3759 13
      vertex 0 -17 10
      vertex 2.21894 -16.8546 10
    endloop
  endfacet
  facet normal -0.247135 0.7281 0.63937
    outer loop
      vertex -3.75288 14.0059 13
      vertex -4.45672 15.0244 11.5681
      vertex -4.67741 14.5769 11.9924
    endloop
  endfacet
  facet normal -0.247201 0.728069 0.63938
    outer loop
      vertex -4.45672 15.0244 11.5681
      vertex -3.75288 14.0059 13
      vertex -4.21588 15.7339 10.8533
    endloop
  endfacet
  facet normal -0.7281 -0.247128 0.639374
    outer loop
      vertex -14.0059 -3.75288 13
      vertex -15.706 -6.50562 10
      vertex -13.3963 -5.54891 13
    endloop
  endfacet
  facet normal 0.689596 0.340099 0.639367
    outer loop
      vertex 14.7224 8.5 10
      vertex 12.5574 7.25 13
      vertex 15.706 6.50562 10
    endloop
  endfacet
  facet normal -0.578064 0.506976 0.639388
    outer loop
      vertex -11.518 11.518 10.8533
      vertex -11.5036 8.82704 13
      vertex -10.253 10.253 13
    endloop
  endfacet
  facet normal -0.578027 0.506992 0.639409
    outer loop
      vertex -11.5529 11.525 10.8162
      vertex -11.5036 8.82704 13
      vertex -11.518 11.518 10.8533
    endloop
  endfacet
  facet normal -0.578033 0.506989 0.639406
    outer loop
      vertex -11.5036 8.82704 13
      vertex -11.5529 11.525 10.8162
      vertex -11.9631 11.6642 10.335
    endloop
  endfacet
  facet normal -0.507025 -0.57809 0.639326
    outer loop
      vertex -10.253 -10.253 13
      vertex -9.21684 -11.3718 12.8101
      vertex -8.90704 -11.4335 13
    endloop
  endfacet
  facet normal -0.506981 -0.57806 0.639388
    outer loop
      vertex -10.253 -10.253 13
      vertex -10 -11.3205 12.2355
      vertex -9.21684 -11.3718 12.8101
    endloop
  endfacet
  facet normal -0.506986 -0.578059 0.639385
    outer loop
      vertex -10.253 -10.253 13
      vertex -10.7832 -11.3718 11.5681
      vertex -10 -11.3205 12.2355
    endloop
  endfacet
  facet normal -0.506969 -0.57807 0.639388
    outer loop
      vertex -10.7832 -11.3718 11.5681
      vertex -10.253 -10.253 13
      vertex -11.518 -11.518 10.8533
    endloop
  endfacet
  facet normal 0.689599 0.340079 0.639374
    outer loop
      vertex 15.706 6.50562 10
      vertex 12.5574 7.25 13
      vertex 13.3963 5.54891 13
    endloop
  endfacet
  facet normal -0.0503086 0.767248 0.639374
    outer loop
      vertex 0 17 10
      vertex -1.89263 14.3759 13
      vertex 0 14.5 13
    endloop
  endfacet
  facet normal -0.689599 0.340079 0.639374
    outer loop
      vertex -12.5574 7.25 13
      vertex -15.706 6.50562 10
      vertex -13.3963 5.54891 13
    endloop
  endfacet
  facet normal 0.247157 -0.728187 0.639263
    outer loop
      vertex 3.75288 -14.0059 13
      vertex 5.23988 -13.6679 12.8101
      vertex 5.44815 -13.4305 13
    endloop
  endfacet
  facet normal 0.24715 -0.728089 0.639377
    outer loop
      vertex 3.75288 -14.0059 13
      vertex 4.80385 -14.3205 12.2355
      vertex 5.23988 -13.6679 12.8101
    endloop
  endfacet
  facet normal 0.24715 -0.728089 0.639377
    outer loop
      vertex 4.80385 -14.3205 12.2355
      vertex 3.75288 -14.0059 13
      vertex 4.67741 -14.5769 11.9924
    endloop
  endfacet
  facet normal 0.0503086 -0.767248 0.639374
    outer loop
      vertex 0 -14.5 13
      vertex 0 -17 10
      vertex 1.89263 -14.3759 13
    endloop
  endfacet
  facet normal 0.506969 -0.57807 0.639388
    outer loop
      vertex 10.253 -10.253 13
      vertex 10.7832 -11.3718 11.5681
      vertex 11.518 -11.518 10.8533
    endloop
  endfacet
  facet normal 0.506986 -0.578059 0.639385
    outer loop
      vertex 10.253 -10.253 13
      vertex 10 -11.3205 12.2355
      vertex 10.7832 -11.3718 11.5681
    endloop
  endfacet
  facet normal 0.506981 -0.57806 0.639388
    outer loop
      vertex 10.253 -10.253 13
      vertex 9.21684 -11.3718 12.8101
      vertex 10 -11.3205 12.2355
    endloop
  endfacet
  facet normal 0.507025 -0.57809 0.639326
    outer loop
      vertex 9.21684 -11.3718 12.8101
      vertex 10.253 -10.253 13
      vertex 8.90704 -11.4335 13
    endloop
  endfacet
  facet normal -0.247157 0.728187 0.639263
    outer loop
      vertex -3.75288 14.0059 13
      vertex -5.23988 13.6679 12.8101
      vertex -5.44815 13.4305 13
    endloop
  endfacet
  facet normal -0.24715 0.728089 0.639377
    outer loop
      vertex -3.75288 14.0059 13
      vertex -4.80385 14.3205 12.2355
      vertex -5.23988 13.6679 12.8101
    endloop
  endfacet
  facet normal -0.24715 0.728089 0.639377
    outer loop
      vertex -4.80385 14.3205 12.2355
      vertex -3.75288 14.0059 13
      vertex -4.67741 14.5769 11.9924
    endloop
  endfacet
  facet normal 0.728108 0.247139 0.63936
    outer loop
      vertex 15.706 6.50562 10
      vertex 15.7574 4.24264 10.8162
      vertex 16.3097 4.72703 10
    endloop
  endfacet
  facet normal 0.728036 0.247163 0.639432
    outer loop
      vertex 15.706 6.50562 10
      vertex 15.7339 4.21588 10.8533
      vertex 15.7574 4.24264 10.8162
    endloop
  endfacet
  facet normal 0.728086 0.247145 0.639382
    outer loop
      vertex 15.7339 4.21588 10.8533
      vertex 15.706 6.50562 10
      vertex 14.0059 3.75288 13
    endloop
  endfacet
  facet normal 0.754091 0.149873 0.639441
    outer loop
      vertex 14.0059 3.75288 13
      vertex 14.8038 3 12.2355
      vertex 14.9627 3.23769 11.9924
    endloop
  endfacet
  facet normal 0.754143 0.150027 0.639344
    outer loop
      vertex 14.0059 3.75288 13
      vertex 14.4567 2.2961 12.8101
      vertex 14.8038 3 12.2355
    endloop
  endfacet
  facet normal 0.754128 0.15002 0.639363
    outer loop
      vertex 14.4567 2.2961 12.8101
      vertex 14.0059 3.75288 13
      vertex 14.3552 1.997 13
    endloop
  endfacet
  facet normal -0.247135 -0.7281 0.63937
    outer loop
      vertex -4.45672 -15.0244 11.5681
      vertex -3.75288 -14.0059 13
      vertex -4.67741 -14.5769 11.9924
    endloop
  endfacet
  facet normal -0.247201 -0.728069 0.63938
    outer loop
      vertex -3.75288 -14.0059 13
      vertex -4.45672 -15.0244 11.5681
      vertex -4.21588 -15.7339 10.8533
    endloop
  endfacet
  facet normal 0.149992 -0.754113 0.639388
    outer loop
      vertex 3.75288 -14.0059 13
      vertex 1.89263 -14.3759 13
      vertex 2.21894 -16.8546 10
    endloop
  endfacet
  facet normal -0.0502747 0.767239 0.639387
    outer loop
      vertex 0 17 10
      vertex -2.21894 16.8546 10
      vertex -1.89263 14.3759 13
    endloop
  endfacet
  facet normal 0.639318 -0.42718 0.639366
    outer loop
      vertex 14.7224 -8.5 10
      vertex 12.5574 -7.25 13
      vertex 13.487 -10.3489 10
    endloop
  endfacet
  facet normal -0.578121 0.506971 0.63934
    outer loop
      vertex -13.487 10.3489 10
      vertex -11.9631 11.6642 10.335
      vertex -12.2486 11.7611 10
    endloop
  endfacet
  facet normal -0.578107 0.506947 0.639373
    outer loop
      vertex -11.9631 11.6642 10.335
      vertex -13.487 10.3489 10
      vertex -11.5036 8.82704 13
    endloop
  endfacet
  facet normal -0.149992 0.754113 0.639388
    outer loop
      vertex -2.21894 16.8546 10
      vertex -3.75288 14.0059 13
      vertex -1.89263 14.3759 13
    endloop
  endfacet
  facet normal -0.754112 -0.150038 0.639377
    outer loop
      vertex -15.2399 -3.65257 11.5681
      vertex -14.0059 -3.75288 13
      vertex -14.9627 -3.23769 11.9924
    endloop
  endfacet
  facet normal -0.754115 -0.150002 0.639382
    outer loop
      vertex -14.0059 -3.75288 13
      vertex -15.2399 -3.65257 11.5681
      vertex -15.7339 -4.21588 10.8533
    endloop
  endfacet
  facet normal -0.639304 0.427191 0.639373
    outer loop
      vertex -11.5036 8.82704 13
      vertex -13.487 10.3489 10
      vertex -12.5574 7.25 13
    endloop
  endfacet
  facet normal -0.639318 -0.42718 0.639366
    outer loop
      vertex -12.5574 -7.25 13
      vertex -14.7224 -8.5 10
      vertex -13.487 -10.3489 10
    endloop
  endfacet
  facet normal 0.689596 -0.340099 0.639367
    outer loop
      vertex 15.706 -6.50562 10
      vertex 12.5574 -7.25 13
      vertex 14.7224 -8.5 10
    endloop
  endfacet
  facet normal 0.578121 0.506971 0.63934
    outer loop
      vertex 11.9631 11.6642 10.335
      vertex 13.487 10.3489 10
      vertex 12.2486 11.7611 10
    endloop
  endfacet
  facet normal 0.578107 0.506947 0.639373
    outer loop
      vertex 13.487 10.3489 10
      vertex 11.9631 11.6642 10.335
      vertex 11.5036 8.82704 13
    endloop
  endfacet
  facet normal 0.639304 0.427191 0.639373
    outer loop
      vertex 13.487 10.3489 10
      vertex 11.5036 8.82704 13
      vertex 12.5574 7.25 13
    endloop
  endfacet
  facet normal 0.0502747 0.767239 0.639387
    outer loop
      vertex 2.21894 16.8546 10
      vertex 0 17 10
      vertex 1.89263 14.3759 13
    endloop
  endfacet
  facet normal 0.506969 0.57807 0.639388
    outer loop
      vertex 10.7832 11.3718 11.5681
      vertex 10.253 10.253 13
      vertex 11.518 11.518 10.8533
    endloop
  endfacet
  facet normal 0.506986 0.578059 0.639385
    outer loop
      vertex 10 11.3205 12.2355
      vertex 10.253 10.253 13
      vertex 10.7832 11.3718 11.5681
    endloop
  endfacet
  facet normal 0.506981 0.57806 0.639388
    outer loop
      vertex 9.21684 11.3718 12.8101
      vertex 10.253 10.253 13
      vertex 10 11.3205 12.2355
    endloop
  endfacet
  facet normal 0.507025 0.57809 0.639326
    outer loop
      vertex 10.253 10.253 13
      vertex 9.21684 11.3718 12.8101
      vertex 8.90704 11.4335 13
    endloop
  endfacet
  facet normal 0.639318 0.42718 0.639366
    outer loop
      vertex 13.487 10.3489 10
      vertex 12.5574 7.25 13
      vertex 14.7224 8.5 10
    endloop
  endfacet
  facet normal 0.689599 -0.340079 0.639374
    outer loop
      vertex 13.3963 -5.54891 13
      vertex 12.5574 -7.25 13
      vertex 15.706 -6.50562 10
    endloop
  endfacet
  facet normal 0.7281 0.247128 0.639374
    outer loop
      vertex 15.706 6.50562 10
      vertex 13.3963 5.54891 13
      vertex 14.0059 3.75288 13
    endloop
  endfacet
  facet normal -0.507025 0.57809 0.639326
    outer loop
      vertex -9.21684 11.3718 12.8101
      vertex -10.253 10.253 13
      vertex -8.90704 11.4335 13
    endloop
  endfacet
  facet normal -0.506981 0.57806 0.639388
    outer loop
      vertex -10 11.3205 12.2355
      vertex -10.253 10.253 13
      vertex -9.21684 11.3718 12.8101
    endloop
  endfacet
  facet normal -0.506986 0.578059 0.639385
    outer loop
      vertex -10.7832 11.3718 11.5681
      vertex -10.253 10.253 13
      vertex -10 11.3205 12.2355
    endloop
  endfacet
  facet normal -0.506969 0.57807 0.639388
    outer loop
      vertex -10.253 10.253 13
      vertex -10.7832 11.3718 11.5681
      vertex -11.518 11.518 10.8533
    endloop
  endfacet
  facet normal -0.639318 0.42718 0.639366
    outer loop
      vertex -13.487 10.3489 10
      vertex -14.7224 8.5 10
      vertex -12.5574 7.25 13
    endloop
  endfacet
  facet normal -0.150005 0.754114 0.639382
    outer loop
      vertex -2.21894 16.8546 10
      vertex -4.21588 15.7339 10.8533
      vertex -3.75288 14.0059 13
    endloop
  endfacet
  facet normal -0.15038 0.754431 0.638921
    outer loop
      vertex -4.21588 15.7339 10.8533
      vertex -2.21894 16.8546 10
      vertex -4.20444 15.7676 10.8162
    endloop
  endfacet
  facet normal -0.150033 0.754127 0.639361
    outer loop
      vertex -4.20444 15.7676 10.8162
      vertex -2.21894 16.8546 10
      vertex -4.06112 16.4881 10
    endloop
  endfacet
  facet normal 0.639304 -0.427191 0.639373
    outer loop
      vertex 12.5574 -7.25 13
      vertex 11.5036 -8.82704 13
      vertex 13.487 -10.3489 10
    endloop
  endfacet
  facet normal 0.578033 -0.506989 0.639406
    outer loop
      vertex 11.5036 -8.82704 13
      vertex 11.5529 -11.525 10.8162
      vertex 11.9631 -11.6642 10.335
    endloop
  endfacet
  facet normal 0.578027 -0.506992 0.639409
    outer loop
      vertex 11.5036 -8.82704 13
      vertex 11.518 -11.518 10.8533
      vertex 11.5529 -11.525 10.8162
    endloop
  endfacet
  facet normal 0.578064 -0.506976 0.639388
    outer loop
      vertex 11.518 -11.518 10.8533
      vertex 11.5036 -8.82704 13
      vertex 10.253 -10.253 13
    endloop
  endfacet
  facet normal -0.578107 -0.506947 0.639373
    outer loop
      vertex -13.487 -10.3489 10
      vertex -11.9631 -11.6642 10.335
      vertex -11.5036 -8.82704 13
    endloop
  endfacet
  facet normal -0.578121 -0.506971 0.63934
    outer loop
      vertex -11.9631 -11.6642 10.335
      vertex -13.487 -10.3489 10
      vertex -12.2486 -11.7611 10
    endloop
  endfacet
  facet normal 0.578121 -0.506971 0.63934
    outer loop
      vertex 13.487 -10.3489 10
      vertex 11.9631 -11.6642 10.335
      vertex 12.2486 -11.7611 10
    endloop
  endfacet
  facet normal 0.578107 -0.506947 0.639373
    outer loop
      vertex 11.9631 -11.6642 10.335
      vertex 13.487 -10.3489 10
      vertex 11.5036 -8.82704 13
    endloop
  endfacet
  facet normal -0.754128 -0.15002 0.639363
    outer loop
      vertex -14.4567 -2.2961 12.8101
      vertex -14.0059 -3.75288 13
      vertex -14.3552 -1.997 13
    endloop
  endfacet
  facet normal -0.754143 -0.150027 0.639344
    outer loop
      vertex -14.8038 -3 12.2355
      vertex -14.0059 -3.75288 13
      vertex -14.4567 -2.2961 12.8101
    endloop
  endfacet
  facet normal -0.754091 -0.149873 0.639441
    outer loop
      vertex -14.0059 -3.75288 13
      vertex -14.8038 -3 12.2355
      vertex -14.9627 -3.23769 11.9924
    endloop
  endfacet
  facet normal -0.0503086 -0.767248 0.639374
    outer loop
      vertex 0 -14.5 13
      vertex -1.89263 -14.3759 13
      vertex 0 -17 10
    endloop
  endfacet
  facet normal -0.15038 -0.754431 0.638921
    outer loop
      vertex -2.21894 -16.8546 10
      vertex -4.21588 -15.7339 10.8533
      vertex -4.20444 -15.7676 10.8162
    endloop
  endfacet
  facet normal -0.150033 -0.754127 0.639361
    outer loop
      vertex -2.21894 -16.8546 10
      vertex -4.20444 -15.7676 10.8162
      vertex -4.06112 -16.4881 10
    endloop
  endfacet
  facet normal -0.150005 -0.754114 0.639382
    outer loop
      vertex -4.21588 -15.7339 10.8533
      vertex -2.21894 -16.8546 10
      vertex -3.75288 -14.0059 13
    endloop
  endfacet
  facet normal -0.247157 -0.728187 0.639263
    outer loop
      vertex -5.23988 -13.6679 12.8101
      vertex -3.75288 -14.0059 13
      vertex -5.44815 -13.4305 13
    endloop
  endfacet
  facet normal -0.24715 -0.728089 0.639377
    outer loop
      vertex -4.80385 -14.3205 12.2355
      vertex -3.75288 -14.0059 13
      vertex -5.23988 -13.6679 12.8101
    endloop
  endfacet
  facet normal -0.24715 -0.728089 0.639377
    outer loop
      vertex -3.75288 -14.0059 13
      vertex -4.80385 -14.3205 12.2355
      vertex -4.67741 -14.5769 11.9924
    endloop
  endfacet
  facet normal 0.247157 0.728187 0.639263
    outer loop
      vertex 5.23988 13.6679 12.8101
      vertex 3.75288 14.0059 13
      vertex 5.44815 13.4305 13
    endloop
  endfacet
  facet normal 0.24715 0.728089 0.639377
    outer loop
      vertex 4.80385 14.3205 12.2355
      vertex 3.75288 14.0059 13
      vertex 5.23988 13.6679 12.8101
    endloop
  endfacet
  facet normal 0.24715 0.728089 0.639377
    outer loop
      vertex 3.75288 14.0059 13
      vertex 4.80385 14.3205 12.2355
      vertex 4.67741 14.5769 11.9924
    endloop
  endfacet
  facet normal -0.754115 0.150002 0.639382
    outer loop
      vertex -15.2399 3.65257 11.5681
      vertex -14.0059 3.75288 13
      vertex -15.7339 4.21588 10.8533
    endloop
  endfacet
  facet normal -0.754112 0.150038 0.639377
    outer loop
      vertex -14.0059 3.75288 13
      vertex -15.2399 3.65257 11.5681
      vertex -14.9627 3.23769 11.9924
    endloop
  endfacet
  facet normal 0.754091 -0.149873 0.639441
    outer loop
      vertex 14.8038 -3 12.2355
      vertex 14.0059 -3.75288 13
      vertex 14.9627 -3.23769 11.9924
    endloop
  endfacet
  facet normal 0.754143 -0.150027 0.639344
    outer loop
      vertex 14.4567 -2.2961 12.8101
      vertex 14.0059 -3.75288 13
      vertex 14.8038 -3 12.2355
    endloop
  endfacet
  facet normal 0.754128 -0.15002 0.639363
    outer loop
      vertex 14.0059 -3.75288 13
      vertex 14.4567 -2.2961 12.8101
      vertex 14.3552 -1.997 13
    endloop
  endfacet
  facet normal -0.754091 0.149873 0.639441
    outer loop
      vertex -14.8038 3 12.2355
      vertex -14.0059 3.75288 13
      vertex -14.9627 3.23769 11.9924
    endloop
  endfacet
  facet normal -0.754143 0.150027 0.639344
    outer loop
      vertex -14.4567 2.2961 12.8101
      vertex -14.0059 3.75288 13
      vertex -14.8038 3 12.2355
    endloop
  endfacet
  facet normal -0.754128 0.15002 0.639363
    outer loop
      vertex -14.0059 3.75288 13
      vertex -14.4567 2.2961 12.8101
      vertex -14.3552 1.997 13
    endloop
  endfacet
  facet normal -0.689599 -0.340079 0.639374
    outer loop
      vertex -13.3963 -5.54891 13
      vertex -15.706 -6.50562 10
      vertex -12.5574 -7.25 13
    endloop
  endfacet
  facet normal -0.689596 -0.340099 0.639367
    outer loop
      vertex -12.5574 -7.25 13
      vertex -15.706 -6.50562 10
      vertex -14.7224 -8.5 10
    endloop
  endfacet
  facet normal -0.7281 0.247128 0.639374
    outer loop
      vertex -13.3963 5.54891 13
      vertex -15.706 6.50562 10
      vertex -14.0059 3.75288 13
    endloop
  endfacet
  facet normal 0.15038 0.754431 0.638921
    outer loop
      vertex 2.21894 16.8546 10
      vertex 4.21588 15.7339 10.8533
      vertex 4.20444 15.7676 10.8162
    endloop
  endfacet
  facet normal 0.150033 0.754127 0.639361
    outer loop
      vertex 2.21894 16.8546 10
      vertex 4.20444 15.7676 10.8162
      vertex 4.06112 16.4881 10
    endloop
  endfacet
  facet normal 0.150005 0.754114 0.639382
    outer loop
      vertex 4.21588 15.7339 10.8533
      vertex 2.21894 16.8546 10
      vertex 3.75288 14.0059 13
    endloop
  endfacet
  facet normal -0.639304 -0.427191 0.639373
    outer loop
      vertex -12.5574 -7.25 13
      vertex -13.487 -10.3489 10
      vertex -11.5036 -8.82704 13
    endloop
  endfacet
  facet normal 0 0 1
    outer loop
      vertex 14.0059 3.75288 13
      vertex 14.2044 1.55291 13
      vertex 14.3552 1.997 13
    endloop
  endfacet
  facet normal 0 0 1
    outer loop
      vertex 4.79201 0 13
      vertex 14.2044 1.55291 13
      vertex 14.0059 3.75288 13
    endloop
  endfacet
  facet normal 0 0 1
    outer loop
      vertex 14.2044 1.55291 13
      vertex 4.79201 0 13
      vertex 14.0513 0.783156 13
    endloop
  endfacet
  facet normal 0 0 1
    outer loop
      vertex 4.79201 0 13
      vertex 14.0059 3.75288 13
      vertex 13.3963 5.54891 13
    endloop
  endfacet
  facet normal 0 0 1
    outer loop
      vertex 14.2044 -1.55291 13
      vertex 14.0059 -3.75288 13
      vertex 14.3552 -1.997 13
    endloop
  endfacet
  facet normal 0 0 1
    outer loop
      vertex 4.79201 0 13
      vertex 14.2044 -1.55291 13
      vertex 14.0513 -0.783156 13
    endloop
  endfacet
  facet normal -0 0 1
    outer loop
      vertex 4.79201 0 13
      vertex 14.0513 -0.783156 13
      vertex 14 0 13
    endloop
  endfacet
  facet normal 0 0 1
    outer loop
      vertex 14.0513 0.783156 13
      vertex 4.79201 0 13
      vertex 14 0 13
    endloop
  endfacet
  facet normal 0 0 1
    outer loop
      vertex 14.2044 -1.55291 13
      vertex 4.79201 0 13
      vertex 14.0059 -3.75288 13
    endloop
  endfacet
  facet normal 0 0 1
    outer loop
      vertex 4.79201 0 13
      vertex 13.3963 5.54891 13
      vertex 12.5574 7.25 13
    endloop
  endfacet
  facet normal 0 0 1
    outer loop
      vertex 14.0059 -3.75288 13
      vertex 4.79201 0 13
      vertex 13.3963 -5.54891 13
    endloop
  endfacet
  facet normal 0 0 1
    outer loop
      vertex 2.396 4.15 13
      vertex 12.5574 7.25 13
      vertex 11.5036 8.82704 13
    endloop
  endfacet
  facet normal 0 0 1
    outer loop
      vertex 13.3963 -5.54891 13
      vertex 4.79201 0 13
      vertex 12.5574 -7.25 13
    endloop
  endfacet
  facet normal 0 0 1
    outer loop
      vertex 2.396 4.15 13
      vertex 11.5036 8.82704 13
      vertex 10.253 10.253 13
    endloop
  endfacet
  facet normal -0 0 1
    outer loop
      vertex 2.396 -4.15 13
      vertex 12.5574 -7.25 13
      vertex 4.79201 0 13
    endloop
  endfacet
  facet normal 0 0 1
    outer loop
      vertex 8.44709 11.525 13
      vertex 10.253 10.253 13
      vertex 8.90704 11.4335 13
    endloop
  endfacet
  facet normal 0 0 1
    outer loop
      vertex 12.5574 -7.25 13
      vertex 2.396 -4.15 13
      vertex 11.5036 -8.82704 13
    endloop
  endfacet
  facet normal 0 0 1
    outer loop
      vertex 10.253 10.253 13
      vertex 8.44709 11.525 13
      vertex 2.396 4.15 13
    endloop
  endfacet
  facet normal 0 0 1
    outer loop
      vertex 11.5036 -8.82704 13
      vertex 2.396 -4.15 13
      vertex 10.253 -10.253 13
    endloop
  endfacet
  facet normal 0 0 1
    outer loop
      vertex 2.396 4.15 13
      vertex 8.44709 11.525 13
      vertex 7.7039 11.7772 13
    endloop
  endfacet
  facet normal 0 -0 1
    outer loop
      vertex 8.44709 -11.525 13
      vertex 10.253 -10.253 13
      vertex 2.396 -4.15 13
    endloop
  endfacet
  facet normal 0 0 1
    outer loop
      vertex 2.396 4.15 13
      vertex 7.7039 11.7772 13
      vertex 7 12.1244 13
    endloop
  endfacet
  facet normal 0 0 1
    outer loop
      vertex 10.253 -10.253 13
      vertex 8.44709 -11.525 13
      vertex 8.90704 -11.4335 13
    endloop
  endfacet
  facet normal 0 0 1
    outer loop
      vertex 2.396 4.15 13
      vertex 7 12.1244 13
      vertex 6.34743 12.5604 13
    endloop
  endfacet
  facet normal 0 0 1
    outer loop
      vertex 8.44709 -11.525 13
      vertex 2.396 -4.15 13
      vertex 7.7039 -11.7772 13
    endloop
  endfacet
  facet normal 0 0 1
    outer loop
      vertex 2.396 4.15 13
      vertex 6.34743 12.5604 13
      vertex 5.75736 13.0779 13
    endloop
  endfacet
  facet normal 0 0 1
    outer loop
      vertex 7.7039 -11.7772 13
      vertex 2.396 -4.15 13
      vertex 7 -12.1244 13
    endloop
  endfacet
  facet normal 0 0 1
    outer loop
      vertex 3.75288 14.0059 13
      vertex 5.75736 13.0779 13
      vertex 5.44815 13.4305 13
    endloop
  endfacet
  facet normal 0 0 1
    outer loop
      vertex 7 -12.1244 13
      vertex 2.396 -4.15 13
      vertex 6.34743 -12.5604 13
    endloop
  endfacet
  facet normal 0 0 1
    outer loop
      vertex 6.34743 -12.5604 13
      vertex 2.396 -4.15 13
      vertex 5.75736 -13.0779 13
    endloop
  endfacet
  facet normal 0 0 1
    outer loop
      vertex 5.75736 13.0779 13
      vertex 3.75288 14.0059 13
      vertex 2.396 4.15 13
    endloop
  endfacet
  facet normal 0 0 1
    outer loop
      vertex 12.5574 7.25 13
      vertex 2.396 4.15 13
      vertex 4.79201 0 13
    endloop
  endfacet
  facet normal 0 0 1
    outer loop
      vertex 1.89263 14.3759 13
      vertex 2.396 4.15 13
      vertex 3.75288 14.0059 13
    endloop
  endfacet
  facet normal 0 0 1
    outer loop
      vertex 0 14.5 13
      vertex 2.396 4.15 13
      vertex 1.89263 14.3759 13
    endloop
  endfacet
  facet normal 0 0 1
    outer loop
      vertex -2.396 4.15 13
      vertex 0 14.5 13
      vertex -1.89263 14.3759 13
    endloop
  endfacet
  facet normal 0 0 1
    outer loop
      vertex 0 14.5 13
      vertex -2.396 4.15 13
      vertex 2.396 4.15 13
    endloop
  endfacet
  facet normal -0 0 1
    outer loop
      vertex -3.75288 14.0059 13
      vertex -2.396 4.15 13
      vertex -1.89263 14.3759 13
    endloop
  endfacet
  facet normal -0 0 1
    outer loop
      vertex -5.75736 13.0779 13
      vertex -2.396 4.15 13
      vertex -3.75288 14.0059 13
    endloop
  endfacet
  facet normal 0 0 1
    outer loop
      vertex -5.75736 13.0779 13
      vertex -3.75288 14.0059 13
      vertex -5.44815 13.4305 13
    endloop
  endfacet
  facet normal 0 0 1
    outer loop
      vertex -4.79201 0 13
      vertex -14.0059 -3.75288 13
      vertex -13.3963 -5.54891 13
    endloop
  endfacet
  facet normal 0 0 1
    outer loop
      vertex -14.2044 -1.55291 13
      vertex -4.79201 0 13
      vertex -14.0513 -0.783156 13
    endloop
  endfacet
  facet normal 0 0 1
    outer loop
      vertex -4.79201 0 13
      vertex -14.2044 -1.55291 13
      vertex -14.0059 -3.75288 13
    endloop
  endfacet
  facet normal 0 0 1
    outer loop
      vertex -14.0059 -3.75288 13
      vertex -14.2044 -1.55291 13
      vertex -14.3552 -1.997 13
    endloop
  endfacet
  facet normal 0 -0 1
    outer loop
      vertex 3.75288 -14.0059 13
      vertex 5.75736 -13.0779 13
      vertex 2.396 -4.15 13
    endloop
  endfacet
  facet normal 0 0 1
    outer loop
      vertex 5.75736 -13.0779 13
      vertex 3.75288 -14.0059 13
      vertex 5.44815 -13.4305 13
    endloop
  endfacet
  facet normal 0 0 1
    outer loop
      vertex 2.396 -4.15 13
      vertex 1.89263 -14.3759 13
      vertex 3.75288 -14.0059 13
    endloop
  endfacet
  facet normal 0 0 1
    outer loop
      vertex 2.396 -4.15 13
      vertex 0 -14.5 13
      vertex 1.89263 -14.3759 13
    endloop
  endfacet
  facet normal -0 0 1
    outer loop
      vertex -2.396 -4.15 13
      vertex 0 -14.5 13
      vertex 2.396 -4.15 13
    endloop
  endfacet
  facet normal 0 0 1
    outer loop
      vertex 0 -14.5 13
      vertex -2.396 -4.15 13
      vertex -1.89263 -14.3759 13
    endloop
  endfacet
  facet normal 0 0 1
    outer loop
      vertex -2.396 -4.15 13
      vertex -3.75288 -14.0059 13
      vertex -1.89263 -14.3759 13
    endloop
  endfacet
  facet normal 0 0 1
    outer loop
      vertex -12.5574 -7.25 13
      vertex -2.396 -4.15 13
      vertex -4.79201 0 13
    endloop
  endfacet
  facet normal 0 -0 1
    outer loop
      vertex -5.75736 -13.0779 13
      vertex -2.396 -4.15 13
      vertex -6.34743 -12.5604 13
    endloop
  endfacet
  facet normal 0 0 1
    outer loop
      vertex -2.396 4.15 13
      vertex -5.75736 13.0779 13
      vertex -6.34743 12.5604 13
    endloop
  endfacet
  facet normal -0 0 1
    outer loop
      vertex -7 12.1244 13
      vertex -2.396 4.15 13
      vertex -6.34743 12.5604 13
    endloop
  endfacet
  facet normal 0 0 1
    outer loop
      vertex -3.75288 -14.0059 13
      vertex -5.75736 -13.0779 13
      vertex -5.44815 -13.4305 13
    endloop
  endfacet
  facet normal -0 0 1
    outer loop
      vertex -7.7039 11.7772 13
      vertex -2.396 4.15 13
      vertex -7 12.1244 13
    endloop
  endfacet
  facet normal 0 0 1
    outer loop
      vertex -2.396 -4.15 13
      vertex -5.75736 -13.0779 13
      vertex -3.75288 -14.0059 13
    endloop
  endfacet
  facet normal -0 0 1
    outer loop
      vertex -8.44709 11.525 13
      vertex -2.396 4.15 13
      vertex -7.7039 11.7772 13
    endloop
  endfacet
  facet normal 0 0 1
    outer loop
      vertex -2.396 -4.15 13
      vertex -7 -12.1244 13
      vertex -6.34743 -12.5604 13
    endloop
  endfacet
  facet normal -0 0 1
    outer loop
      vertex -11.5036 8.82704 13
      vertex -2.396 4.15 13
      vertex -10.253 10.253 13
    endloop
  endfacet
  facet normal 0 0 1
    outer loop
      vertex -14.0513 -0.783156 13
      vertex -4.79201 0 13
      vertex -14 0 13
    endloop
  endfacet
  facet normal 0 0 1
    outer loop
      vertex -2.396 4.15 13
      vertex -8.44709 11.525 13
      vertex -10.253 10.253 13
    endloop
  endfacet
  facet normal 0 0 1
    outer loop
      vertex -2.396 -4.15 13
      vertex -7.7039 -11.7772 13
      vertex -7 -12.1244 13
    endloop
  endfacet
  facet normal 0 0 1
    outer loop
      vertex -10.253 10.253 13
      vertex -8.44709 11.525 13
      vertex -8.90704 11.4335 13
    endloop
  endfacet
  facet normal 0 0 1
    outer loop
      vertex -2.396 -4.15 13
      vertex -12.5574 -7.25 13
      vertex -11.5036 -8.82704 13
    endloop
  endfacet
  facet normal -0 0 1
    outer loop
      vertex -12.5574 7.25 13
      vertex -2.396 4.15 13
      vertex -11.5036 8.82704 13
    endloop
  endfacet
  facet normal 0 -0 1
    outer loop
      vertex -8.44709 -11.525 13
      vertex -2.396 -4.15 13
      vertex -10.253 -10.253 13
    endloop
  endfacet
  facet normal 0 0 1
    outer loop
      vertex -2.396 4.15 13
      vertex -12.5574 7.25 13
      vertex -4.79201 0 13
    endloop
  endfacet
  facet normal 0 0 1
    outer loop
      vertex -8.44709 -11.525 13
      vertex -10.253 -10.253 13
      vertex -8.90704 -11.4335 13
    endloop
  endfacet
  facet normal -0 0 1
    outer loop
      vertex -13.3963 5.54891 13
      vertex -4.79201 0 13
      vertex -12.5574 7.25 13
    endloop
  endfacet
  facet normal 0 0 1
    outer loop
      vertex -2.396 -4.15 13
      vertex -8.44709 -11.525 13
      vertex -7.7039 -11.7772 13
    endloop
  endfacet
  facet normal -0 0 1
    outer loop
      vertex -14.0059 3.75288 13
      vertex -4.79201 0 13
      vertex -13.3963 5.54891 13
    endloop
  endfacet
  facet normal 0 0 1
    outer loop
      vertex -2.396 -4.15 13
      vertex -11.5036 -8.82704 13
      vertex -10.253 -10.253 13
    endloop
  endfacet
  facet normal 0 0 1
    outer loop
      vertex -4.79201 0 13
      vertex -13.3963 -5.54891 13
      vertex -12.5574 -7.25 13
    endloop
  endfacet
  facet normal -0 0 1
    outer loop
      vertex -14.2044 1.55291 13
      vertex -4.79201 0 13
      vertex -14.0059 3.75288 13
    endloop
  endfacet
  facet normal 0 0 1
    outer loop
      vertex -4.79201 0 13
      vertex -14.0513 0.783156 13
      vertex -14 0 13
    endloop
  endfacet
  facet normal 0 0 1
    outer loop
      vertex -4.79201 0 13
      vertex -14.2044 1.55291 13
      vertex -14.0513 0.783156 13
    endloop
  endfacet
  facet normal 0 -0 1
    outer loop
      vertex -14.2044 1.55291 13
      vertex -14.0059 3.75288 13
      vertex -14.3552 1.997 13
    endloop
  endfacet
  facet normal 0.247135 0.7281 0.63937
    outer loop
      vertex 4.45672 15.0244 11.5681
      vertex 3.75288 14.0059 13
      vertex 4.67741 14.5769 11.9924
    endloop
  endfacet
  facet normal 0.247201 0.728069 0.63938
    outer loop
      vertex 3.75288 14.0059 13
      vertex 4.45672 15.0244 11.5681
      vertex 4.21588 15.7339 10.8533
    endloop
  endfacet
  facet normal 0.149992 0.754113 0.639388
    outer loop
      vertex 2.21894 16.8546 10
      vertex 1.89263 14.3759 13
      vertex 3.75288 14.0059 13
    endloop
  endfacet
  facet normal 0.997861 0.0653641 0
    outer loop
      vertex 14.0513 -0.783156 13
      vertex 14 0 0
      vertex 14 0 13
    endloop
  endfacet
  facet normal 0.997861 0.0653641 0
    outer loop
      vertex 14 0 0
      vertex 14.0513 -0.783156 13
      vertex 14.0513 -0.783156 0
    endloop
  endfacet
  facet normal 0.980789 -0.195074 0
    outer loop
      vertex 14.0513 0.783156 13
      vertex 14.2044 1.55291 0
      vertex 14.2044 1.55291 13
    endloop
  endfacet
  facet normal 0.980789 -0.195074 0
    outer loop
      vertex 14.2044 1.55291 0
      vertex 14.0513 0.783156 13
      vertex 14.0513 0.783156 0
    endloop
  endfacet
  facet normal 0.896885 -0.442263 0
    outer loop
      vertex 14.4567 2.2961 0
      vertex 14.8038 3 12.2355
      vertex 14.4567 2.2961 12.8101
    endloop
  endfacet
  facet normal 0.896885 -0.442263 0
    outer loop
      vertex 14.8038 3 12.2355
      vertex 14.4567 2.2961 0
      vertex 14.8038 3 0
    endloop
  endfacet
  facet normal 0.997861 -0.0653641 0
    outer loop
      vertex 14 0 13
      vertex 14.0513 0.783156 0
      vertex 14.0513 0.783156 13
    endloop
  endfacet
  facet normal 0.997861 -0.0653641 0
    outer loop
      vertex 14.0513 0.783156 0
      vertex 14 0 13
      vertex 14 0 0
    endloop
  endfacet
  facet normal 0.659373 0.751816 0
    outer loop
      vertex 15.7574 -4.24264 0
      vertex 16.3097 -4.72703 10
      vertex 16.3097 -4.72703 0
    endloop
  endfacet
  facet normal 0.659373 0.751816 0
    outer loop
      vertex 16.3097 -4.72703 10
      vertex 15.7574 -4.24264 0
      vertex 15.7574 -4.24264 10.8162
    endloop
  endfacet
  facet normal 0.751423 -0.659821 4.42769e-05
    outer loop
      vertex 15.2399 3.65257 0
      vertex 15.7574 4.24264 10.8162
      vertex 15.7339 4.21588 10.8533
    endloop
  endfacet
  facet normal 0.751846 -0.659339 0
    outer loop
      vertex 15.2399 3.65257 0
      vertex 15.7339 4.21588 10.8533
      vertex 15.2399 3.65257 11.5681
    endloop
  endfacet
  facet normal 0.751826 -0.659362 0
    outer loop
      vertex 15.7574 4.24264 10.8162
      vertex 15.2399 3.65257 0
      vertex 15.7574 4.24264 0
    endloop
  endfacet
  facet normal 0.659373 -0.751816 0
    outer loop
      vertex 15.7574 4.24264 0
      vertex 16.3097 4.72703 10
      vertex 15.7574 4.24264 10.8162
    endloop
  endfacet
  facet normal 0.659373 -0.751816 0
    outer loop
      vertex 16.3097 4.72703 10
      vertex 15.7574 4.24264 0
      vertex 16.3097 4.72703 0
    endloop
  endfacet
  facet normal 0.83148 -0.555555 -6.02186e-06
    outer loop
      vertex 14.8038 3 0
      vertex 15.2399 3.65257 11.5681
      vertex 14.9627 3.23769 11.9924
    endloop
  endfacet
  facet normal 0.831339 -0.555765 0
    outer loop
      vertex 14.8038 3 0
      vertex 14.9627 3.23769 11.9924
      vertex 14.8038 3 12.2355
    endloop
  endfacet
  facet normal 0.83143 -0.555629 0
    outer loop
      vertex 15.2399 3.65257 11.5681
      vertex 14.8038 3 0
      vertex 15.2399 3.65257 0
    endloop
  endfacet
  facet normal 0.980789 0.195074 0
    outer loop
      vertex 14.2044 -1.55291 13
      vertex 14.0513 -0.783156 0
      vertex 14.0513 -0.783156 13
    endloop
  endfacet
  facet normal 0.980789 0.195074 0
    outer loop
      vertex 14.0513 -0.783156 0
      vertex 14.2044 -1.55291 13
      vertex 14.2044 -1.55291 0
    endloop
  endfacet
  facet normal 0.946896 0.321538 -0.000327243
    outer loop
      vertex 14.4567 -2.2961 12.8101
      vertex 14.2044 -1.55291 13
      vertex 14.3552 -1.997 13
    endloop
  endfacet
  facet normal 0.946922 0.321463 0
    outer loop
      vertex 14.2044 -1.55291 13
      vertex 14.4567 -2.2961 12.8101
      vertex 14.2044 -1.55291 0
    endloop
  endfacet
  facet normal 0.946922 0.321463 0
    outer loop
      vertex 14.2044 -1.55291 0
      vertex 14.4567 -2.2961 12.8101
      vertex 14.4567 -2.2961 0
    endloop
  endfacet
  facet normal 0.831339 0.555765 0
    outer loop
      vertex 14.9627 -3.23769 11.9924
      vertex 14.8038 -3 0
      vertex 14.8038 -3 12.2355
    endloop
  endfacet
  facet normal 0.83148 0.555555 -6.02186e-06
    outer loop
      vertex 15.2399 -3.65257 11.5681
      vertex 14.8038 -3 0
      vertex 14.9627 -3.23769 11.9924
    endloop
  endfacet
  facet normal 0.83143 0.555629 0
    outer loop
      vertex 14.8038 -3 0
      vertex 15.2399 -3.65257 11.5681
      vertex 15.2399 -3.65257 0
    endloop
  endfacet
  facet normal 0.751846 0.659339 0
    outer loop
      vertex 15.7339 -4.21588 10.8533
      vertex 15.2399 -3.65257 0
      vertex 15.2399 -3.65257 11.5681
    endloop
  endfacet
  facet normal 0.751423 0.659821 4.42769e-05
    outer loop
      vertex 15.7574 -4.24264 10.8162
      vertex 15.2399 -3.65257 0
      vertex 15.7339 -4.21588 10.8533
    endloop
  endfacet
  facet normal 0.751826 0.659362 0
    outer loop
      vertex 15.2399 -3.65257 0
      vertex 15.7574 -4.24264 10.8162
      vertex 15.7574 -4.24264 0
    endloop
  endfacet
  facet normal 0.896885 0.442263 0
    outer loop
      vertex 14.8038 -3 12.2355
      vertex 14.4567 -2.2961 0
      vertex 14.4567 -2.2961 12.8101
    endloop
  endfacet
  facet normal 0.896885 0.442263 0
    outer loop
      vertex 14.4567 -2.2961 0
      vertex 14.8038 -3 12.2355
      vertex 14.8038 -3 0
    endloop
  endfacet
  facet normal 0.946896 -0.321538 -0.000327243
    outer loop
      vertex 14.2044 1.55291 13
      vertex 14.4567 2.2961 12.8101
      vertex 14.3552 1.997 13
    endloop
  endfacet
  facet normal 0.946922 -0.321463 0
    outer loop
      vertex 14.4567 2.2961 12.8101
      vertex 14.2044 1.55291 13
      vertex 14.2044 1.55291 0
    endloop
  endfacet
  facet normal 0.946922 -0.321463 0
    outer loop
      vertex 14.4567 2.2961 12.8101
      vertex 14.2044 1.55291 0
      vertex 14.4567 2.2961 0
    endloop
  endfacet
  facet normal 0.751852 0.659331 -0.000331782
    outer loop
      vertex 5.75736 13.0779 13
      vertex 5.23988 13.6679 12.8101
      vertex 5.44815 13.4305 13
    endloop
  endfacet
  facet normal 0.751799 0.659392 0
    outer loop
      vertex 5.23988 13.6679 12.8101
      vertex 5.75736 13.0779 13
      vertex 5.75736 13.0779 0
    endloop
  endfacet
  facet normal 0.751799 0.659392 0
    outer loop
      vertex 5.23988 13.6679 12.8101
      vertex 5.75736 13.0779 0
      vertex 5.23988 13.6679 0
    endloop
  endfacet
  facet normal -0.196555 0.980493 9.95365e-05
    outer loop
      vertex 10.7832 11.3718 0
      vertex 11.518 11.518 10.8533
      vertex 11.5529 11.525 10.8162
    endloop
  endfacet
  facet normal -0.195209 0.980762 0
    outer loop
      vertex 10.7832 11.3718 0
      vertex 11.5529 11.525 10.8162
      vertex 11.5529 11.525 0
    endloop
  endfacet
  facet normal -0.195141 0.980775 0
    outer loop
      vertex 11.518 11.518 10.8533
      vertex 10.7832 11.3718 0
      vertex 10.7832 11.3718 11.5681
    endloop
  endfacet
  facet normal 0.896867 0.4423 -4.9402e-07
    outer loop
      vertex 4.80385 14.3205 0
      vertex 4.45672 15.0244 11.5681
      vertex 4.67741 14.5769 11.9924
    endloop
  endfacet
  facet normal 0.896876 0.442282 -0
    outer loop
      vertex 4.80385 14.3205 0
      vertex 4.67741 14.5769 11.9924
      vertex 4.80385 14.3205 12.2355
    endloop
  endfacet
  facet normal 0.89687 0.442294 0
    outer loop
      vertex 4.45672 15.0244 11.5681
      vertex 4.80385 14.3205 0
      vertex 4.45672 15.0244 0
    endloop
  endfacet
  facet normal 0.555541 0.831489 -0
    outer loop
      vertex 7 12.1244 0
      vertex 6.34743 12.5604 13
      vertex 7 12.1244 13
    endloop
  endfacet
  facet normal 0.555541 0.831489 0
    outer loop
      vertex 6.34743 12.5604 13
      vertex 7 12.1244 0
      vertex 6.34743 12.5604 0
    endloop
  endfacet
  facet normal 0.0653638 0.997862 0
    outer loop
      vertex 9.21684 11.3718 0
      vertex 10 11.3205 12.2355
      vertex 10 11.3205 0
    endloop
  endfacet
  facet normal 0.0653638 0.997862 0
    outer loop
      vertex 10 11.3205 12.2355
      vertex 9.21684 11.3718 0
      vertex 9.21684 11.3718 12.8101
    endloop
  endfacet
  facet normal 0.980784 0.195095 -0
    outer loop
      vertex 4.20444 15.7676 0
      vertex 4.06112 16.4881 10
      vertex 4.20444 15.7676 10.8162
    endloop
  endfacet
  facet normal 0.980784 0.195095 0
    outer loop
      vertex 4.06112 16.4881 10
      vertex 4.20444 15.7676 0
      vertex 4.06112 16.4881 0
    endloop
  endfacet
  facet normal 0.195111 0.980781 -0.000361738
    outer loop
      vertex 9.21684 11.3718 12.8101
      vertex 8.44709 11.525 13
      vertex 8.90704 11.4335 13
    endloop
  endfacet
  facet normal 0.195197 0.980764 0
    outer loop
      vertex 8.44709 11.525 0
      vertex 9.21684 11.3718 12.8101
      vertex 9.21684 11.3718 0
    endloop
  endfacet
  facet normal 0.195197 0.980764 0
    outer loop
      vertex 9.21684 11.3718 12.8101
      vertex 8.44709 11.525 0
      vertex 8.44709 11.525 13
    endloop
  endfacet
  facet normal 0.659362 0.751826 -0
    outer loop
      vertex 6.34743 12.5604 0
      vertex 5.75736 13.0779 13
      vertex 6.34743 12.5604 13
    endloop
  endfacet
  facet normal 0.659362 0.751826 0
    outer loop
      vertex 5.75736 13.0779 13
      vertex 6.34743 12.5604 0
      vertex 5.75736 13.0779 0
    endloop
  endfacet
  facet normal 0.946927 0.321448 -8.98434e-07
    outer loop
      vertex 4.45672 15.0244 0
      vertex 4.20444 15.7676 10.8162
      vertex 4.21588 15.7339 10.8533
    endloop
  endfacet
  facet normal 0.946931 0.321436 -0
    outer loop
      vertex 4.45672 15.0244 0
      vertex 4.21588 15.7339 10.8533
      vertex 4.45672 15.0244 11.5681
    endloop
  endfacet
  facet normal 0.946931 0.321437 0
    outer loop
      vertex 4.20444 15.7676 10.8162
      vertex 4.45672 15.0244 0
      vertex 4.20444 15.7676 0
    endloop
  endfacet
  facet normal -0.0653605 0.997862 0
    outer loop
      vertex 10 11.3205 0
      vertex 10.7832 11.3718 11.5681
      vertex 10.7832 11.3718 0
    endloop
  endfacet
  facet normal -0.0653605 0.997862 0
    outer loop
      vertex 10.7832 11.3718 11.5681
      vertex 10 11.3205 0
      vertex 10 11.3205 12.2355
    endloop
  endfacet
  facet normal 0.321349 0.946961 -0
    outer loop
      vertex 8.44709 11.525 0
      vertex 7.7039 11.7772 13
      vertex 8.44709 11.525 13
    endloop
  endfacet
  facet normal 0.321349 0.946961 0
    outer loop
      vertex 7.7039 11.7772 13
      vertex 8.44709 11.525 0
      vertex 7.7039 11.7772 0
    endloop
  endfacet
  facet normal 0.442365 0.896835 -0
    outer loop
      vertex 7.7039 11.7772 0
      vertex 7 12.1244 13
      vertex 7.7039 11.7772 13
    endloop
  endfacet
  facet normal 0.442365 0.896835 0
    outer loop
      vertex 7 12.1244 13
      vertex 7.7039 11.7772 0
      vertex 7 12.1244 0
    endloop
  endfacet
  facet normal -0.321395 0.946945 2.07907e-06
    outer loop
      vertex 11.5529 11.525 0
      vertex 11.9631 11.6642 10.335
      vertex 12.2486 11.7611 10
    endloop
  endfacet
  facet normal -0.321368 0.946954 0
    outer loop
      vertex 11.5529 11.525 0
      vertex 12.2486 11.7611 10
      vertex 12.2486 11.7611 0
    endloop
  endfacet
  facet normal -0.321348 0.946961 0
    outer loop
      vertex 11.9631 11.6642 10.335
      vertex 11.5529 11.525 0
      vertex 11.5529 11.525 10.8162
    endloop
  endfacet
  facet normal 0.831483 0.55555 -0
    outer loop
      vertex 5.23988 13.6679 0
      vertex 4.80385 14.3205 12.2355
      vertex 5.23988 13.6679 12.8101
    endloop
  endfacet
  facet normal 0.831483 0.55555 0
    outer loop
      vertex 4.80385 14.3205 12.2355
      vertex 5.23988 13.6679 0
      vertex 4.80385 14.3205 0
    endloop
  endfacet
  facet normal -0.831483 0.55555 0
    outer loop
      vertex -5.23988 13.6679 0
      vertex -4.80385 14.3205 12.2355
      vertex -4.80385 14.3205 0
    endloop
  endfacet
  facet normal -0.831483 0.55555 0
    outer loop
      vertex -4.80385 14.3205 12.2355
      vertex -5.23988 13.6679 0
      vertex -5.23988 13.6679 12.8101
    endloop
  endfacet
  facet normal -0.659362 0.751826 0
    outer loop
      vertex -5.75736 13.0779 0
      vertex -6.34743 12.5604 13
      vertex -5.75736 13.0779 13
    endloop
  endfacet
  facet normal -0.659362 0.751826 0
    outer loop
      vertex -6.34743 12.5604 13
      vertex -5.75736 13.0779 0
      vertex -6.34743 12.5604 0
    endloop
  endfacet
  facet normal 0.321348 0.946961 -0
    outer loop
      vertex -11.5529 11.525 0
      vertex -11.9631 11.6642 10.335
      vertex -11.5529 11.525 10.8162
    endloop
  endfacet
  facet normal 0.321395 0.946945 2.07907e-06
    outer loop
      vertex -11.9631 11.6642 10.335
      vertex -11.5529 11.525 0
      vertex -12.2486 11.7611 10
    endloop
  endfacet
  facet normal 0.321368 0.946954 0
    outer loop
      vertex -12.2486 11.7611 10
      vertex -11.5529 11.525 0
      vertex -12.2486 11.7611 0
    endloop
  endfacet
  facet normal -0.751799 0.659392 0
    outer loop
      vertex -5.75736 13.0779 0
      vertex -5.23988 13.6679 12.8101
      vertex -5.23988 13.6679 0
    endloop
  endfacet
  facet normal -0.751799 0.659392 0
    outer loop
      vertex -5.75736 13.0779 13
      vertex -5.23988 13.6679 12.8101
      vertex -5.75736 13.0779 0
    endloop
  endfacet
  facet normal -0.751852 0.659331 -0.000331782
    outer loop
      vertex -5.23988 13.6679 12.8101
      vertex -5.75736 13.0779 13
      vertex -5.44815 13.4305 13
    endloop
  endfacet
  facet normal -0.980784 0.195095 0
    outer loop
      vertex -4.20444 15.7676 0
      vertex -4.06112 16.4881 10
      vertex -4.06112 16.4881 0
    endloop
  endfacet
  facet normal -0.980784 0.195095 0
    outer loop
      vertex -4.06112 16.4881 10
      vertex -4.20444 15.7676 0
      vertex -4.20444 15.7676 10.8162
    endloop
  endfacet
  facet normal -0.946931 0.321437 0
    outer loop
      vertex -4.45672 15.0244 0
      vertex -4.20444 15.7676 10.8162
      vertex -4.20444 15.7676 0
    endloop
  endfacet
  facet normal -0.946927 0.321448 -8.98434e-07
    outer loop
      vertex -4.20444 15.7676 10.8162
      vertex -4.45672 15.0244 0
      vertex -4.21588 15.7339 10.8533
    endloop
  endfacet
  facet normal -0.946931 0.321436 0
    outer loop
      vertex -4.21588 15.7339 10.8533
      vertex -4.45672 15.0244 0
      vertex -4.45672 15.0244 11.5681
    endloop
  endfacet
  facet normal -0.555541 0.831489 0
    outer loop
      vertex -6.34743 12.5604 0
      vertex -7 12.1244 13
      vertex -6.34743 12.5604 13
    endloop
  endfacet
  facet normal -0.555541 0.831489 0
    outer loop
      vertex -7 12.1244 13
      vertex -6.34743 12.5604 0
      vertex -7 12.1244 0
    endloop
  endfacet
  facet normal 0.195141 0.980775 -0
    outer loop
      vertex -10.7832 11.3718 0
      vertex -11.518 11.518 10.8533
      vertex -10.7832 11.3718 11.5681
    endloop
  endfacet
  facet normal 0.196555 0.980493 9.95365e-05
    outer loop
      vertex -11.518 11.518 10.8533
      vertex -10.7832 11.3718 0
      vertex -11.5529 11.525 10.8162
    endloop
  endfacet
  facet normal 0.195209 0.980762 0
    outer loop
      vertex -11.5529 11.525 10.8162
      vertex -10.7832 11.3718 0
      vertex -11.5529 11.525 0
    endloop
  endfacet
  facet normal -0.89687 0.442294 0
    outer loop
      vertex -4.80385 14.3205 0
      vertex -4.45672 15.0244 11.5681
      vertex -4.45672 15.0244 0
    endloop
  endfacet
  facet normal -0.896867 0.4423 -4.9402e-07
    outer loop
      vertex -4.45672 15.0244 11.5681
      vertex -4.80385 14.3205 0
      vertex -4.67741 14.5769 11.9924
    endloop
  endfacet
  facet normal -0.896876 0.442282 0
    outer loop
      vertex -4.67741 14.5769 11.9924
      vertex -4.80385 14.3205 0
      vertex -4.80385 14.3205 12.2355
    endloop
  endfacet
  facet normal -0.321349 0.946961 0
    outer loop
      vertex -7.7039 11.7772 0
      vertex -8.44709 11.525 13
      vertex -7.7039 11.7772 13
    endloop
  endfacet
  facet normal -0.321349 0.946961 0
    outer loop
      vertex -8.44709 11.525 13
      vertex -7.7039 11.7772 0
      vertex -8.44709 11.525 0
    endloop
  endfacet
  facet normal -0.442365 0.896835 0
    outer loop
      vertex -7 12.1244 0
      vertex -7.7039 11.7772 13
      vertex -7 12.1244 13
    endloop
  endfacet
  facet normal -0.442365 0.896835 0
    outer loop
      vertex -7.7039 11.7772 13
      vertex -7 12.1244 0
      vertex -7.7039 11.7772 0
    endloop
  endfacet
  facet normal -0.0653638 0.997862 0
    outer loop
      vertex -9.21684 11.3718 0
      vertex -10 11.3205 12.2355
      vertex -9.21684 11.3718 12.8101
    endloop
  endfacet
  facet normal -0.0653638 0.997862 0
    outer loop
      vertex -10 11.3205 12.2355
      vertex -9.21684 11.3718 0
      vertex -10 11.3205 0
    endloop
  endfacet
  facet normal -0.195111 0.980781 -0.000361738
    outer loop
      vertex -8.44709 11.525 13
      vertex -9.21684 11.3718 12.8101
      vertex -8.90704 11.4335 13
    endloop
  endfacet
  facet normal -0.195197 0.980764 0
    outer loop
      vertex -8.44709 11.525 0
      vertex -9.21684 11.3718 12.8101
      vertex -8.44709 11.525 13
    endloop
  endfacet
  facet normal -0.195197 0.980764 0
    outer loop
      vertex -9.21684 11.3718 12.8101
      vertex -8.44709 11.525 0
      vertex -9.21684 11.3718 0
    endloop
  endfacet
  facet normal 0.0653605 0.997862 -0
    outer loop
      vertex -10 11.3205 0
      vertex -10.7832 11.3718 11.5681
      vertex -10 11.3205 12.2355
    endloop
  endfacet
  facet normal 0.0653605 0.997862 0
    outer loop
      vertex -10.7832 11.3718 11.5681
      vertex -10 11.3205 0
      vertex -10.7832 11.3718 0
    endloop
  endfacet
  facet normal -0.980789 -0.195074 0
    outer loop
      vertex -14.0513 0.783156 0
      vertex -14.2044 1.55291 13
      vertex -14.2044 1.55291 0
    endloop
  endfacet
  facet normal -0.980789 -0.195074 0
    outer loop
      vertex -14.2044 1.55291 13
      vertex -14.0513 0.783156 0
      vertex -14.0513 0.783156 13
    endloop
  endfacet
  facet normal -0.659373 0.751816 0
    outer loop
      vertex -15.7574 -4.24264 0
      vertex -16.3097 -4.72703 10
      vertex -15.7574 -4.24264 10.8162
    endloop
  endfacet
  facet normal -0.659373 0.751816 0
    outer loop
      vertex -16.3097 -4.72703 10
      vertex -15.7574 -4.24264 0
      vertex -16.3097 -4.72703 0
    endloop
  endfacet
  facet normal -0.659373 -0.751816 0
    outer loop
      vertex -15.7574 4.24264 0
      vertex -16.3097 4.72703 10
      vertex -16.3097 4.72703 0
    endloop
  endfacet
  facet normal -0.659373 -0.751816 0
    outer loop
      vertex -16.3097 4.72703 10
      vertex -15.7574 4.24264 0
      vertex -15.7574 4.24264 10.8162
    endloop
  endfacet
  facet normal -0.980789 0.195074 0
    outer loop
      vertex -14.2044 -1.55291 0
      vertex -14.0513 -0.783156 13
      vertex -14.0513 -0.783156 0
    endloop
  endfacet
  facet normal -0.980789 0.195074 0
    outer loop
      vertex -14.0513 -0.783156 13
      vertex -14.2044 -1.55291 0
      vertex -14.2044 -1.55291 13
    endloop
  endfacet
  facet normal -0.751826 -0.659362 0
    outer loop
      vertex -15.2399 3.65257 0
      vertex -15.7574 4.24264 10.8162
      vertex -15.7574 4.24264 0
    endloop
  endfacet
  facet normal -0.751423 -0.659821 4.42769e-05
    outer loop
      vertex -15.7574 4.24264 10.8162
      vertex -15.2399 3.65257 0
      vertex -15.7339 4.21588 10.8533
    endloop
  endfacet
  facet normal -0.751846 -0.659339 0
    outer loop
      vertex -15.7339 4.21588 10.8533
      vertex -15.2399 3.65257 0
      vertex -15.2399 3.65257 11.5681
    endloop
  endfacet
  facet normal -0.997861 -0.0653641 0
    outer loop
      vertex -14 0 0
      vertex -14.0513 0.783156 13
      vertex -14.0513 0.783156 0
    endloop
  endfacet
  facet normal -0.997861 -0.0653641 0
    outer loop
      vertex -14.0513 0.783156 13
      vertex -14 0 0
      vertex -14 0 13
    endloop
  endfacet
  facet normal -0.751846 0.659339 0
    outer loop
      vertex -15.2399 -3.65257 0
      vertex -15.7339 -4.21588 10.8533
      vertex -15.2399 -3.65257 11.5681
    endloop
  endfacet
  facet normal -0.751826 0.659362 0
    outer loop
      vertex -15.7574 -4.24264 10.8162
      vertex -15.2399 -3.65257 0
      vertex -15.7574 -4.24264 0
    endloop
  endfacet
  facet normal -0.751423 0.659821 4.42769e-05
    outer loop
      vertex -15.2399 -3.65257 0
      vertex -15.7574 -4.24264 10.8162
      vertex -15.7339 -4.21588 10.8533
    endloop
  endfacet
  facet normal -0.83143 -0.555629 0
    outer loop
      vertex -14.8038 3 0
      vertex -15.2399 3.65257 11.5681
      vertex -15.2399 3.65257 0
    endloop
  endfacet
  facet normal -0.83148 -0.555555 -6.02186e-06
    outer loop
      vertex -15.2399 3.65257 11.5681
      vertex -14.8038 3 0
      vertex -14.9627 3.23769 11.9924
    endloop
  endfacet
  facet normal -0.831339 -0.555765 0
    outer loop
      vertex -14.9627 3.23769 11.9924
      vertex -14.8038 3 0
      vertex -14.8038 3 12.2355
    endloop
  endfacet
  facet normal -0.896885 0.442263 0
    outer loop
      vertex -14.8038 -3 12.2355
      vertex -14.4567 -2.2961 0
      vertex -14.8038 -3 0
    endloop
  endfacet
  facet normal -0.896885 0.442263 0
    outer loop
      vertex -14.4567 -2.2961 0
      vertex -14.8038 -3 12.2355
      vertex -14.4567 -2.2961 12.8101
    endloop
  endfacet
  facet normal -0.896885 -0.442263 0
    outer loop
      vertex -14.4567 2.2961 0
      vertex -14.8038 3 12.2355
      vertex -14.8038 3 0
    endloop
  endfacet
  facet normal -0.896885 -0.442263 0
    outer loop
      vertex -14.8038 3 12.2355
      vertex -14.4567 2.2961 0
      vertex -14.4567 2.2961 12.8101
    endloop
  endfacet
  facet normal -0.997861 0.0653641 0
    outer loop
      vertex -14.0513 -0.783156 0
      vertex -14 0 13
      vertex -14 0 0
    endloop
  endfacet
  facet normal -0.997861 0.0653641 0
    outer loop
      vertex -14 0 13
      vertex -14.0513 -0.783156 0
      vertex -14.0513 -0.783156 13
    endloop
  endfacet
  facet normal -0.946922 -0.321463 0
    outer loop
      vertex -14.2044 1.55291 0
      vertex -14.4567 2.2961 12.8101
      vertex -14.4567 2.2961 0
    endloop
  endfacet
  facet normal -0.946922 -0.321463 -0
    outer loop
      vertex -14.2044 1.55291 13
      vertex -14.4567 2.2961 12.8101
      vertex -14.2044 1.55291 0
    endloop
  endfacet
  facet normal -0.946896 -0.321538 -0.000327243
    outer loop
      vertex -14.4567 2.2961 12.8101
      vertex -14.2044 1.55291 13
      vertex -14.3552 1.997 13
    endloop
  endfacet
  facet normal -0.831339 0.555765 0
    outer loop
      vertex -14.8038 -3 0
      vertex -14.9627 -3.23769 11.9924
      vertex -14.8038 -3 12.2355
    endloop
  endfacet
  facet normal -0.83143 0.555629 0
    outer loop
      vertex -15.2399 -3.65257 11.5681
      vertex -14.8038 -3 0
      vertex -15.2399 -3.65257 0
    endloop
  endfacet
  facet normal -0.83148 0.555555 -6.02186e-06
    outer loop
      vertex -14.8038 -3 0
      vertex -15.2399 -3.65257 11.5681
      vertex -14.9627 -3.23769 11.9924
    endloop
  endfacet
  facet normal -0.946922 0.321463 0
    outer loop
      vertex -14.4567 -2.2961 12.8101
      vertex -14.2044 -1.55291 13
      vertex -14.2044 -1.55291 0
    endloop
  endfacet
  facet normal -0.946922 0.321463 0
    outer loop
      vertex -14.4567 -2.2961 12.8101
      vertex -14.2044 -1.55291 0
      vertex -14.4567 -2.2961 0
    endloop
  endfacet
  facet normal -0.946896 0.321538 -0.000327243
    outer loop
      vertex -14.2044 -1.55291 13
      vertex -14.4567 -2.2961 12.8101
      vertex -14.3552 -1.997 13
    endloop
  endfacet
  facet normal 0.196555 -0.980493 9.95365e-05
    outer loop
      vertex -10.7832 -11.3718 0
      vertex -11.518 -11.518 10.8533
      vertex -11.5529 -11.525 10.8162
    endloop
  endfacet
  facet normal 0.195209 -0.980762 0
    outer loop
      vertex -10.7832 -11.3718 0
      vertex -11.5529 -11.525 10.8162
      vertex -11.5529 -11.525 0
    endloop
  endfacet
  facet normal 0.195141 -0.980775 0
    outer loop
      vertex -11.518 -11.518 10.8533
      vertex -10.7832 -11.3718 0
      vertex -10.7832 -11.3718 11.5681
    endloop
  endfacet
  facet normal -0.896876 -0.442282 0
    outer loop
      vertex -4.80385 -14.3205 0
      vertex -4.67741 -14.5769 11.9924
      vertex -4.80385 -14.3205 12.2355
    endloop
  endfacet
  facet normal -0.89687 -0.442294 -0
    outer loop
      vertex -4.45672 -15.0244 11.5681
      vertex -4.80385 -14.3205 0
      vertex -4.45672 -15.0244 0
    endloop
  endfacet
  facet normal -0.896867 -0.4423 -4.9402e-07
    outer loop
      vertex -4.80385 -14.3205 0
      vertex -4.45672 -15.0244 11.5681
      vertex -4.67741 -14.5769 11.9924
    endloop
  endfacet
  facet normal -0.195111 -0.980781 -0.000361738
    outer loop
      vertex -9.21684 -11.3718 12.8101
      vertex -8.44709 -11.525 13
      vertex -8.90704 -11.4335 13
    endloop
  endfacet
  facet normal -0.195197 -0.980764 0
    outer loop
      vertex -8.44709 -11.525 0
      vertex -9.21684 -11.3718 12.8101
      vertex -9.21684 -11.3718 0
    endloop
  endfacet
  facet normal -0.195197 -0.980764 0
    outer loop
      vertex -9.21684 -11.3718 12.8101
      vertex -8.44709 -11.525 0
      vertex -8.44709 -11.525 13
    endloop
  endfacet
  facet normal -0.980784 -0.195095 -0
    outer loop
      vertex -4.06112 -16.4881 10
      vertex -4.20444 -15.7676 0
      vertex -4.06112 -16.4881 0
    endloop
  endfacet
  facet normal -0.980784 -0.195095 0
    outer loop
      vertex -4.20444 -15.7676 0
      vertex -4.06112 -16.4881 10
      vertex -4.20444 -15.7676 10.8162
    endloop
  endfacet
  facet normal -0.659362 -0.751826 0
    outer loop
      vertex -6.34743 -12.5604 0
      vertex -5.75736 -13.0779 13
      vertex -6.34743 -12.5604 13
    endloop
  endfacet
  facet normal -0.659362 -0.751826 -0
    outer loop
      vertex -5.75736 -13.0779 13
      vertex -6.34743 -12.5604 0
      vertex -5.75736 -13.0779 0
    endloop
  endfacet
  facet normal -0.946931 -0.321436 0
    outer loop
      vertex -4.45672 -15.0244 0
      vertex -4.21588 -15.7339 10.8533
      vertex -4.45672 -15.0244 11.5681
    endloop
  endfacet
  facet normal -0.946931 -0.321437 -0
    outer loop
      vertex -4.20444 -15.7676 10.8162
      vertex -4.45672 -15.0244 0
      vertex -4.20444 -15.7676 0
    endloop
  endfacet
  facet normal -0.946927 -0.321448 -8.98434e-07
    outer loop
      vertex -4.45672 -15.0244 0
      vertex -4.20444 -15.7676 10.8162
      vertex -4.21588 -15.7339 10.8533
    endloop
  endfacet
  facet normal 0.0653605 -0.997862 0
    outer loop
      vertex -10 -11.3205 0
      vertex -10.7832 -11.3718 11.5681
      vertex -10.7832 -11.3718 0
    endloop
  endfacet
  facet normal 0.0653605 -0.997862 0
    outer loop
      vertex -10.7832 -11.3718 11.5681
      vertex -10 -11.3205 0
      vertex -10 -11.3205 12.2355
    endloop
  endfacet
  facet normal -0.0653638 -0.997862 0
    outer loop
      vertex -9.21684 -11.3718 0
      vertex -10 -11.3205 12.2355
      vertex -10 -11.3205 0
    endloop
  endfacet
  facet normal -0.0653638 -0.997862 0
    outer loop
      vertex -10 -11.3205 12.2355
      vertex -9.21684 -11.3718 0
      vertex -9.21684 -11.3718 12.8101
    endloop
  endfacet
  facet normal -0.321349 -0.946961 0
    outer loop
      vertex -8.44709 -11.525 0
      vertex -7.7039 -11.7772 13
      vertex -8.44709 -11.525 13
    endloop
  endfacet
  facet normal -0.321349 -0.946961 -0
    outer loop
      vertex -7.7039 -11.7772 13
      vertex -8.44709 -11.525 0
      vertex -7.7039 -11.7772 0
    endloop
  endfacet
  facet normal -0.442365 -0.896835 0
    outer loop
      vertex -7.7039 -11.7772 0
      vertex -7 -12.1244 13
      vertex -7.7039 -11.7772 13
    endloop
  endfacet
  facet normal -0.442365 -0.896835 -0
    outer loop
      vertex -7 -12.1244 13
      vertex -7.7039 -11.7772 0
      vertex -7 -12.1244 0
    endloop
  endfacet
  facet normal -0.555541 -0.831489 0
    outer loop
      vertex -7 -12.1244 0
      vertex -6.34743 -12.5604 13
      vertex -7 -12.1244 13
    endloop
  endfacet
  facet normal -0.555541 -0.831489 -0
    outer loop
      vertex -6.34743 -12.5604 13
      vertex -7 -12.1244 0
      vertex -6.34743 -12.5604 0
    endloop
  endfacet
  facet normal 0.321395 -0.946945 2.07907e-06
    outer loop
      vertex -11.5529 -11.525 0
      vertex -11.9631 -11.6642 10.335
      vertex -12.2486 -11.7611 10
    endloop
  endfacet
  facet normal 0.321368 -0.946954 0
    outer loop
      vertex -11.5529 -11.525 0
      vertex -12.2486 -11.7611 10
      vertex -12.2486 -11.7611 0
    endloop
  endfacet
  facet normal 0.321348 -0.946961 0
    outer loop
      vertex -11.9631 -11.6642 10.335
      vertex -11.5529 -11.525 0
      vertex -11.5529 -11.525 10.8162
    endloop
  endfacet
  facet normal -0.751799 -0.659392 0
    outer loop
      vertex -5.23988 -13.6679 12.8101
      vertex -5.75736 -13.0779 13
      vertex -5.75736 -13.0779 0
    endloop
  endfacet
  facet normal -0.751799 -0.659392 -0
    outer loop
      vertex -5.23988 -13.6679 12.8101
      vertex -5.75736 -13.0779 0
      vertex -5.23988 -13.6679 0
    endloop
  endfacet
  facet normal -0.751852 -0.659331 -0.000331782
    outer loop
      vertex -5.75736 -13.0779 13
      vertex -5.23988 -13.6679 12.8101
      vertex -5.44815 -13.4305 13
    endloop
  endfacet
  facet normal -0.831483 -0.55555 -0
    outer loop
      vertex -4.80385 -14.3205 12.2355
      vertex -5.23988 -13.6679 0
      vertex -4.80385 -14.3205 0
    endloop
  endfacet
  facet normal -0.831483 -0.55555 0
    outer loop
      vertex -5.23988 -13.6679 0
      vertex -4.80385 -14.3205 12.2355
      vertex -5.23988 -13.6679 12.8101
    endloop
  endfacet
  facet normal 0.980784 -0.195095 0
    outer loop
      vertex 4.06112 -16.4881 10
      vertex 4.20444 -15.7676 0
      vertex 4.20444 -15.7676 10.8162
    endloop
  endfacet
  facet normal 0.980784 -0.195095 0
    outer loop
      vertex 4.20444 -15.7676 0
      vertex 4.06112 -16.4881 10
      vertex 4.06112 -16.4881 0
    endloop
  endfacet
  facet normal 0.659362 -0.751826 0
    outer loop
      vertex 5.75736 -13.0779 0
      vertex 6.34743 -12.5604 13
      vertex 5.75736 -13.0779 13
    endloop
  endfacet
  facet normal 0.659362 -0.751826 0
    outer loop
      vertex 6.34743 -12.5604 13
      vertex 5.75736 -13.0779 0
      vertex 6.34743 -12.5604 0
    endloop
  endfacet
  facet normal -0.321348 -0.946961 0
    outer loop
      vertex 11.5529 -11.525 0
      vertex 11.9631 -11.6642 10.335
      vertex 11.5529 -11.525 10.8162
    endloop
  endfacet
  facet normal -0.321395 -0.946945 2.07907e-06
    outer loop
      vertex 11.9631 -11.6642 10.335
      vertex 11.5529 -11.525 0
      vertex 12.2486 -11.7611 10
    endloop
  endfacet
  facet normal -0.321368 -0.946954 -0
    outer loop
      vertex 12.2486 -11.7611 10
      vertex 11.5529 -11.525 0
      vertex 12.2486 -11.7611 0
    endloop
  endfacet
  facet normal 0.751852 -0.659331 -0.000331782
    outer loop
      vertex 5.23988 -13.6679 12.8101
      vertex 5.75736 -13.0779 13
      vertex 5.44815 -13.4305 13
    endloop
  endfacet
  facet normal 0.751799 -0.659392 0
    outer loop
      vertex 5.75736 -13.0779 13
      vertex 5.23988 -13.6679 12.8101
      vertex 5.75736 -13.0779 0
    endloop
  endfacet
  facet normal 0.751799 -0.659392 0
    outer loop
      vertex 5.75736 -13.0779 0
      vertex 5.23988 -13.6679 12.8101
      vertex 5.23988 -13.6679 0
    endloop
  endfacet
  facet normal 0.946931 -0.321436 0
    outer loop
      vertex 4.21588 -15.7339 10.8533
      vertex 4.45672 -15.0244 0
      vertex 4.45672 -15.0244 11.5681
    endloop
  endfacet
  facet normal 0.946927 -0.321448 -8.98434e-07
    outer loop
      vertex 4.20444 -15.7676 10.8162
      vertex 4.45672 -15.0244 0
      vertex 4.21588 -15.7339 10.8533
    endloop
  endfacet
  facet normal 0.946931 -0.321437 0
    outer loop
      vertex 4.45672 -15.0244 0
      vertex 4.20444 -15.7676 10.8162
      vertex 4.20444 -15.7676 0
    endloop
  endfacet
  facet normal 0.321349 -0.946961 0
    outer loop
      vertex 7.7039 -11.7772 0
      vertex 8.44709 -11.525 13
      vertex 7.7039 -11.7772 13
    endloop
  endfacet
  facet normal 0.321349 -0.946961 0
    outer loop
      vertex 8.44709 -11.525 13
      vertex 7.7039 -11.7772 0
      vertex 8.44709 -11.525 0
    endloop
  endfacet
  facet normal 0.896876 -0.442282 0
    outer loop
      vertex 4.67741 -14.5769 11.9924
      vertex 4.80385 -14.3205 0
      vertex 4.80385 -14.3205 12.2355
    endloop
  endfacet
  facet normal 0.896867 -0.4423 -4.9402e-07
    outer loop
      vertex 4.45672 -15.0244 11.5681
      vertex 4.80385 -14.3205 0
      vertex 4.67741 -14.5769 11.9924
    endloop
  endfacet
  facet normal 0.89687 -0.442294 0
    outer loop
      vertex 4.80385 -14.3205 0
      vertex 4.45672 -15.0244 11.5681
      vertex 4.45672 -15.0244 0
    endloop
  endfacet
  facet normal 0.0653638 -0.997862 0
    outer loop
      vertex 9.21684 -11.3718 0
      vertex 10 -11.3205 12.2355
      vertex 9.21684 -11.3718 12.8101
    endloop
  endfacet
  facet normal 0.0653638 -0.997862 0
    outer loop
      vertex 10 -11.3205 12.2355
      vertex 9.21684 -11.3718 0
      vertex 10 -11.3205 0
    endloop
  endfacet
  facet normal 0.442365 -0.896835 0
    outer loop
      vertex 7 -12.1244 0
      vertex 7.7039 -11.7772 13
      vertex 7 -12.1244 13
    endloop
  endfacet
  facet normal 0.442365 -0.896835 0
    outer loop
      vertex 7.7039 -11.7772 13
      vertex 7 -12.1244 0
      vertex 7.7039 -11.7772 0
    endloop
  endfacet
  facet normal -0.195141 -0.980775 0
    outer loop
      vertex 10.7832 -11.3718 0
      vertex 11.518 -11.518 10.8533
      vertex 10.7832 -11.3718 11.5681
    endloop
  endfacet
  facet normal -0.196555 -0.980493 9.95365e-05
    outer loop
      vertex 11.518 -11.518 10.8533
      vertex 10.7832 -11.3718 0
      vertex 11.5529 -11.525 10.8162
    endloop
  endfacet
  facet normal -0.195209 -0.980762 -0
    outer loop
      vertex 11.5529 -11.525 10.8162
      vertex 10.7832 -11.3718 0
      vertex 11.5529 -11.525 0
    endloop
  endfacet
  facet normal 0.831483 -0.55555 0
    outer loop
      vertex 4.80385 -14.3205 12.2355
      vertex 5.23988 -13.6679 0
      vertex 5.23988 -13.6679 12.8101
    endloop
  endfacet
  facet normal 0.831483 -0.55555 0
    outer loop
      vertex 5.23988 -13.6679 0
      vertex 4.80385 -14.3205 12.2355
      vertex 4.80385 -14.3205 0
    endloop
  endfacet
  facet normal 0.555541 -0.831489 0
    outer loop
      vertex 6.34743 -12.5604 0
      vertex 7 -12.1244 13
      vertex 6.34743 -12.5604 13
    endloop
  endfacet
  facet normal 0.555541 -0.831489 0
    outer loop
      vertex 7 -12.1244 13
      vertex 6.34743 -12.5604 0
      vertex 7 -12.1244 0
    endloop
  endfacet
  facet normal 0.195111 -0.980781 -0.000361738
    outer loop
      vertex 8.44709 -11.525 13
      vertex 9.21684 -11.3718 12.8101
      vertex 8.90704 -11.4335 13
    endloop
  endfacet
  facet normal 0.195197 -0.980764 0
    outer loop
      vertex 8.44709 -11.525 0
      vertex 9.21684 -11.3718 12.8101
      vertex 8.44709 -11.525 13
    endloop
  endfacet
  facet normal 0.195197 -0.980764 0
    outer loop
      vertex 9.21684 -11.3718 12.8101
      vertex 8.44709 -11.525 0
      vertex 9.21684 -11.3718 0
    endloop
  endfacet
  facet normal -0.0653605 -0.997862 0
    outer loop
      vertex 10 -11.3205 0
      vertex 10.7832 -11.3718 11.5681
      vertex 10 -11.3205 12.2355
    endloop
  endfacet
  facet normal -0.0653605 -0.997862 -0
    outer loop
      vertex 10.7832 -11.3718 11.5681
      vertex 10 -11.3205 0
      vertex 10.7832 -11.3718 0
    endloop
  endfacet
  facet normal 0 1 -0
    outer loop
      vertex 2.396 -4.15 8.8
      vertex -2.396 -4.15 13
      vertex 2.396 -4.15 13
    endloop
  endfacet
  facet normal 0 1 0
    outer loop
      vertex -2.396 -4.15 13
      vertex 2.396 -4.15 8.8
      vertex -2.396 -4.15 8.8
    endloop
  endfacet
  facet normal -0.866025 0.500001 0
    outer loop
      vertex 2.396 -4.15 8.8
      vertex 4.79201 0 13
      vertex 4.79201 0 8.8
    endloop
  endfacet
  facet normal -0.866025 0.500001 0
    outer loop
      vertex 4.79201 0 13
      vertex 2.396 -4.15 8.8
      vertex 2.396 -4.15 13
    endloop
  endfacet
  facet normal 0 -1 0
    outer loop
      vertex -2.396 4.15 8.8
      vertex 2.396 4.15 13
      vertex -2.396 4.15 13
    endloop
  endfacet
  facet normal 0 -1 -0
    outer loop
      vertex 2.396 4.15 13
      vertex -2.396 4.15 8.8
      vertex 2.396 4.15 8.8
    endloop
  endfacet
  facet normal -0.866025 -0.500001 0
    outer loop
      vertex 4.79201 0 8.8
      vertex 2.396 4.15 13
      vertex 2.396 4.15 8.8
    endloop
  endfacet
  facet normal -0.866025 -0.500001 0
    outer loop
      vertex 2.396 4.15 13
      vertex 4.79201 0 8.8
      vertex 4.79201 0 13
    endloop
  endfacet
  facet normal 0.866025 -0.500001 0
    outer loop
      vertex -4.79201 0 13
      vertex -2.396 4.15 8.8
      vertex -2.396 4.15 13
    endloop
  endfacet
  facet normal 0.866025 -0.500001 0
    outer loop
      vertex -2.396 4.15 8.8
      vertex -4.79201 0 13
      vertex -4.79201 0 8.8
    endloop
  endfacet
  facet normal 0.866025 0.500001 0
    outer loop
      vertex -2.396 -4.15 13
      vertex -4.79201 0 8.8
      vertex -4.79201 0 13
    endloop
  endfacet
  facet normal 0.866025 0.500001 0
    outer loop
      vertex -4.79201 0 8.8
      vertex -2.396 -4.15 13
      vertex -2.396 -4.15 8.8
    endloop
  endfacet
  facet normal 0 0 1
    outer loop
      vertex 4.79201 0 8.8
      vertex 2.6769 0.35242 8.8
      vertex 2.7 0 8.8
    endloop
  endfacet
  facet normal 0 0 1
    outer loop
      vertex 4.79201 0 8.8
      vertex 2.608 0.698811 8.8
      vertex 2.6769 0.35242 8.8
    endloop
  endfacet
  facet normal 0 0 1
    outer loop
      vertex 4.79201 0 8.8
      vertex 2.49447 1.03325 8.8
      vertex 2.608 0.698811 8.8
    endloop
  endfacet
  facet normal -0 0 1
    outer loop
      vertex 2.33827 1.35 8.8
      vertex 4.79201 0 8.8
      vertex 2.396 4.15 8.8
    endloop
  endfacet
  facet normal 0 0 1
    outer loop
      vertex 4.79201 0 8.8
      vertex 2.33827 1.35 8.8
      vertex 2.49447 1.03325 8.8
    endloop
  endfacet
  facet normal 0 0 1
    outer loop
      vertex 2.396 4.15 8.8
      vertex 2.14205 1.64366 8.8
      vertex 2.33827 1.35 8.8
    endloop
  endfacet
  facet normal 0 0 1
    outer loop
      vertex 2.396 4.15 8.8
      vertex 1.90919 1.90919 8.8
      vertex 2.14205 1.64366 8.8
    endloop
  endfacet
  facet normal 0 0 1
    outer loop
      vertex 2.396 4.15 8.8
      vertex 1.64366 2.14205 8.8
      vertex 1.90919 1.90919 8.8
    endloop
  endfacet
  facet normal 0 0 1
    outer loop
      vertex 2.396 4.15 8.8
      vertex 1.35 2.33827 8.8
      vertex 1.64366 2.14205 8.8
    endloop
  endfacet
  facet normal 0 0 1
    outer loop
      vertex 2.396 4.15 8.8
      vertex 1.03325 2.49447 8.8
      vertex 1.35 2.33827 8.8
    endloop
  endfacet
  facet normal 0 0 1
    outer loop
      vertex 2.396 4.15 8.8
      vertex 0.698811 2.608 8.8
      vertex 1.03325 2.49447 8.8
    endloop
  endfacet
  facet normal 0 0 1
    outer loop
      vertex 2.396 4.15 8.8
      vertex 0.35242 2.6769 8.8
      vertex 0.698811 2.608 8.8
    endloop
  endfacet
  facet normal 0 0 1
    outer loop
      vertex 2.396 4.15 8.8
      vertex 0 2.7 8.8
      vertex 0.35242 2.6769 8.8
    endloop
  endfacet
  facet normal -0 0 1
    outer loop
      vertex -2.396 4.15 8.8
      vertex 0 2.7 8.8
      vertex 2.396 4.15 8.8
    endloop
  endfacet
  facet normal 0 0 1
    outer loop
      vertex 0 2.7 8.8
      vertex -2.396 4.15 8.8
      vertex -0.35242 2.6769 8.8
    endloop
  endfacet
  facet normal 0 0 1
    outer loop
      vertex -0.35242 2.6769 8.8
      vertex -2.396 4.15 8.8
      vertex -0.698811 2.608 8.8
    endloop
  endfacet
  facet normal 0 0 1
    outer loop
      vertex -0.698811 2.608 8.8
      vertex -2.396 4.15 8.8
      vertex -1.03325 2.49447 8.8
    endloop
  endfacet
  facet normal 0 0 1
    outer loop
      vertex -2.396 4.15 8.8
      vertex -1.35 2.33827 8.8
      vertex -1.03325 2.49447 8.8
    endloop
  endfacet
  facet normal 0 0 1
    outer loop
      vertex -2.396 4.15 8.8
      vertex -1.64366 2.14205 8.8
      vertex -1.35 2.33827 8.8
    endloop
  endfacet
  facet normal 0 0 1
    outer loop
      vertex -2.396 4.15 8.8
      vertex -1.90919 1.90919 8.8
      vertex -1.64366 2.14205 8.8
    endloop
  endfacet
  facet normal 0 0 1
    outer loop
      vertex -2.396 4.15 8.8
      vertex -2.14205 1.64366 8.8
      vertex -1.90919 1.90919 8.8
    endloop
  endfacet
  facet normal 0 0 1
    outer loop
      vertex -2.396 4.15 8.8
      vertex -2.33827 1.35 8.8
      vertex -2.14205 1.64366 8.8
    endloop
  endfacet
  facet normal 0 0 1
    outer loop
      vertex -4.79201 0 8.8
      vertex -2.33827 1.35 8.8
      vertex -2.396 4.15 8.8
    endloop
  endfacet
  facet normal 0 0 1
    outer loop
      vertex -2.33827 1.35 8.8
      vertex -4.79201 0 8.8
      vertex -2.49447 1.03325 8.8
    endloop
  endfacet
  facet normal 0 0 1
    outer loop
      vertex -2.49447 1.03325 8.8
      vertex -4.79201 0 8.8
      vertex -2.608 0.698811 8.8
    endloop
  endfacet
  facet normal 0 0 1
    outer loop
      vertex -2.6769 0.35242 8.8
      vertex -4.79201 0 8.8
      vertex -2.7 0 8.8
    endloop
  endfacet
  facet normal 0 0 1
    outer loop
      vertex -2.608 0.698811 8.8
      vertex -4.79201 0 8.8
      vertex -2.6769 0.35242 8.8
    endloop
  endfacet
  facet normal 0 0 1
    outer loop
      vertex 2.6769 -0.35242 8.8
      vertex 4.79201 0 8.8
      vertex 2.7 0 8.8
    endloop
  endfacet
  facet normal 0 0 1
    outer loop
      vertex 2.608 -0.698811 8.8
      vertex 4.79201 0 8.8
      vertex 2.6769 -0.35242 8.8
    endloop
  endfacet
  facet normal 0 0 1
    outer loop
      vertex 2.49447 -1.03325 8.8
      vertex 4.79201 0 8.8
      vertex 2.608 -0.698811 8.8
    endloop
  endfacet
  facet normal 0 0 1
    outer loop
      vertex 2.33827 -1.35 8.8
      vertex 4.79201 0 8.8
      vertex 2.49447 -1.03325 8.8
    endloop
  endfacet
  facet normal 0 0 1
    outer loop
      vertex 4.79201 0 8.8
      vertex 2.33827 -1.35 8.8
      vertex 2.396 -4.15 8.8
    endloop
  endfacet
  facet normal -0 0 1
    outer loop
      vertex 2.14205 -1.64366 8.8
      vertex 2.396 -4.15 8.8
      vertex 2.33827 -1.35 8.8
    endloop
  endfacet
  facet normal -0 0 1
    outer loop
      vertex 1.90919 -1.90919 8.8
      vertex 2.396 -4.15 8.8
      vertex 2.14205 -1.64366 8.8
    endloop
  endfacet
  facet normal -0 0 1
    outer loop
      vertex 1.64366 -2.14205 8.8
      vertex 2.396 -4.15 8.8
      vertex 1.90919 -1.90919 8.8
    endloop
  endfacet
  facet normal -0 0 1
    outer loop
      vertex 1.35 -2.33827 8.8
      vertex 2.396 -4.15 8.8
      vertex 1.64366 -2.14205 8.8
    endloop
  endfacet
  facet normal -0 0 1
    outer loop
      vertex 1.03325 -2.49447 8.8
      vertex 2.396 -4.15 8.8
      vertex 1.35 -2.33827 8.8
    endloop
  endfacet
  facet normal -0 0 1
    outer loop
      vertex 0.698811 -2.608 8.8
      vertex 2.396 -4.15 8.8
      vertex 1.03325 -2.49447 8.8
    endloop
  endfacet
  facet normal -0 0 1
    outer loop
      vertex 0.35242 -2.6769 8.8
      vertex 2.396 -4.15 8.8
      vertex 0.698811 -2.608 8.8
    endloop
  endfacet
  facet normal -0 0 1
    outer loop
      vertex 0 -2.7 8.8
      vertex 2.396 -4.15 8.8
      vertex 0.35242 -2.6769 8.8
    endloop
  endfacet
  facet normal 0 0 1
    outer loop
      vertex -2.396 -4.15 8.8
      vertex 0 -2.7 8.8
      vertex -0.35242 -2.6769 8.8
    endloop
  endfacet
  facet normal 0 0 1
    outer loop
      vertex -2.396 -4.15 8.8
      vertex -0.35242 -2.6769 8.8
      vertex -0.698811 -2.608 8.8
    endloop
  endfacet
  facet normal 0 0 1
    outer loop
      vertex -2.396 -4.15 8.8
      vertex -0.698811 -2.608 8.8
      vertex -1.03325 -2.49447 8.8
    endloop
  endfacet
  facet normal 0 0 1
    outer loop
      vertex 0 -2.7 8.8
      vertex -2.396 -4.15 8.8
      vertex 2.396 -4.15 8.8
    endloop
  endfacet
  facet normal 0 0 1
    outer loop
      vertex -1.35 -2.33827 8.8
      vertex -2.396 -4.15 8.8
      vertex -1.03325 -2.49447 8.8
    endloop
  endfacet
  facet normal 0 0 1
    outer loop
      vertex -1.64366 -2.14205 8.8
      vertex -2.396 -4.15 8.8
      vertex -1.35 -2.33827 8.8
    endloop
  endfacet
  facet normal 0 0 1
    outer loop
      vertex -1.90919 -1.90919 8.8
      vertex -2.396 -4.15 8.8
      vertex -1.64366 -2.14205 8.8
    endloop
  endfacet
  facet normal 0 0 1
    outer loop
      vertex -2.14205 -1.64366 8.8
      vertex -2.396 -4.15 8.8
      vertex -1.90919 -1.90919 8.8
    endloop
  endfacet
  facet normal 0 0 1
    outer loop
      vertex -2.33827 -1.35 8.8
      vertex -2.396 -4.15 8.8
      vertex -2.14205 -1.64366 8.8
    endloop
  endfacet
  facet normal 0 0 1
    outer loop
      vertex -4.79201 0 8.8
      vertex -2.33827 -1.35 8.8
      vertex -2.49447 -1.03325 8.8
    endloop
  endfacet
  facet normal 0 0 1
    outer loop
      vertex -4.79201 0 8.8
      vertex -2.49447 -1.03325 8.8
      vertex -2.608 -0.698811 8.8
    endloop
  endfacet
  facet normal 0 0 1
    outer loop
      vertex -4.79201 0 8.8
      vertex -2.608 -0.698811 8.8
      vertex -2.6769 -0.35242 8.8
    endloop
  endfacet
  facet normal 0 0 1
    outer loop
      vertex -2.33827 -1.35 8.8
      vertex -4.79201 0 8.8
      vertex -2.396 -4.15 8.8
    endloop
  endfacet
  facet normal -0 0 1
    outer loop
      vertex -4.79201 0 8.8
      vertex -2.6769 -0.35242 8.8
      vertex -2.7 0 8.8
    endloop
  endfacet
  facet normal -0.980786 -0.195086 0
    outer loop
      vertex 2.6769 0.35242 0
      vertex 2.608 0.698811 8.8
      vertex 2.608 0.698811 0
    endloop
  endfacet
  facet normal -0.980786 -0.195086 0
    outer loop
      vertex 2.608 0.698811 8.8
      vertex 2.6769 0.35242 0
      vertex 2.6769 0.35242 8.8
    endloop
  endfacet
  facet normal -0.997859 -0.0654064 0
    outer loop
      vertex 2.7 0 0
      vertex 2.6769 0.35242 8.8
      vertex 2.6769 0.35242 0
    endloop
  endfacet
  facet normal -0.997859 -0.0654064 0
    outer loop
      vertex 2.6769 0.35242 8.8
      vertex 2.7 0 0
      vertex 2.7 0 8.8
    endloop
  endfacet
  facet normal -0.946927 -0.321448 0
    outer loop
      vertex 2.608 0.698811 0
      vertex 2.49447 1.03325 8.8
      vertex 2.49447 1.03325 0
    endloop
  endfacet
  facet normal -0.946927 -0.321448 0
    outer loop
      vertex 2.49447 1.03325 8.8
      vertex 2.608 0.698811 0
      vertex 2.608 0.698811 8.8
    endloop
  endfacet
  facet normal -0.44228 0.896877 0
    outer loop
      vertex 1.35 -2.33827 0
      vertex 1.03325 -2.49447 8.8
      vertex 1.35 -2.33827 8.8
    endloop
  endfacet
  facet normal -0.44228 0.896877 0
    outer loop
      vertex 1.03325 -2.49447 8.8
      vertex 1.35 -2.33827 0
      vertex 1.03325 -2.49447 0
    endloop
  endfacet
  facet normal -0.831466 0.555575 0
    outer loop
      vertex 2.14205 -1.64366 0
      vertex 2.33827 -1.35 8.8
      vertex 2.33827 -1.35 0
    endloop
  endfacet
  facet normal -0.831466 0.555575 0
    outer loop
      vertex 2.33827 -1.35 8.8
      vertex 2.14205 -1.64366 0
      vertex 2.14205 -1.64366 8.8
    endloop
  endfacet
  facet normal -0.997859 0.0654064 0
    outer loop
      vertex 2.6769 -0.35242 0
      vertex 2.7 0 8.8
      vertex 2.7 0 0
    endloop
  endfacet
  facet normal -0.997859 0.0654064 0
    outer loop
      vertex 2.7 0 8.8
      vertex 2.6769 -0.35242 0
      vertex 2.6769 -0.35242 8.8
    endloop
  endfacet
  facet normal 0.195086 0.980786 -0
    outer loop
      vertex -0.35242 -2.6769 0
      vertex -0.698811 -2.608 8.8
      vertex -0.35242 -2.6769 8.8
    endloop
  endfacet
  facet normal 0.195086 0.980786 0
    outer loop
      vertex -0.698811 -2.608 8.8
      vertex -0.35242 -2.6769 0
      vertex -0.698811 -2.608 0
    endloop
  endfacet
  facet normal -0.896877 -0.44228 0
    outer loop
      vertex 2.49447 1.03325 0
      vertex 2.33827 1.35 8.8
      vertex 2.33827 1.35 0
    endloop
  endfacet
  facet normal -0.896877 -0.44228 0
    outer loop
      vertex 2.33827 1.35 8.8
      vertex 2.49447 1.03325 0
      vertex 2.49447 1.03325 8.8
    endloop
  endfacet
  facet normal -0.896877 0.44228 0
    outer loop
      vertex 2.33827 -1.35 0
      vertex 2.49447 -1.03325 8.8
      vertex 2.49447 -1.03325 0
    endloop
  endfacet
  facet normal -0.896877 0.44228 0
    outer loop
      vertex 2.49447 -1.03325 8.8
      vertex 2.33827 -1.35 0
      vertex 2.33827 -1.35 8.8
    endloop
  endfacet
  facet normal -0.751845 0.65934 0
    outer loop
      vertex 1.90919 -1.90919 0
      vertex 2.14205 -1.64366 8.8
      vertex 2.14205 -1.64366 0
    endloop
  endfacet
  facet normal -0.751845 0.65934 0
    outer loop
      vertex 2.14205 -1.64366 8.8
      vertex 1.90919 -1.90919 0
      vertex 1.90919 -1.90919 8.8
    endloop
  endfacet
  facet normal 0.44228 -0.896877 0
    outer loop
      vertex -1.35 2.33827 0
      vertex -1.03325 2.49447 8.8
      vertex -1.35 2.33827 8.8
    endloop
  endfacet
  facet normal 0.44228 -0.896877 0
    outer loop
      vertex -1.03325 2.49447 8.8
      vertex -1.35 2.33827 0
      vertex -1.03325 2.49447 0
    endloop
  endfacet
  facet normal -0.946927 0.321448 0
    outer loop
      vertex 2.49447 -1.03325 0
      vertex 2.608 -0.698811 8.8
      vertex 2.608 -0.698811 0
    endloop
  endfacet
  facet normal -0.946927 0.321448 0
    outer loop
      vertex 2.608 -0.698811 8.8
      vertex 2.49447 -1.03325 0
      vertex 2.49447 -1.03325 8.8
    endloop
  endfacet
  facet normal -0.831466 -0.555575 0
    outer loop
      vertex 2.33827 1.35 0
      vertex 2.14205 1.64366 8.8
      vertex 2.14205 1.64366 0
    endloop
  endfacet
  facet normal -0.831466 -0.555575 0
    outer loop
      vertex 2.14205 1.64366 8.8
      vertex 2.33827 1.35 0
      vertex 2.33827 1.35 8.8
    endloop
  endfacet
  facet normal 0.321448 0.946927 -0
    outer loop
      vertex -0.698811 -2.608 0
      vertex -1.03325 -2.49447 8.8
      vertex -0.698811 -2.608 8.8
    endloop
  endfacet
  facet normal 0.321448 0.946927 0
    outer loop
      vertex -1.03325 -2.49447 8.8
      vertex -0.698811 -2.608 0
      vertex -1.03325 -2.49447 0
    endloop
  endfacet
  facet normal 0.997859 0.0654064 0
    outer loop
      vertex -2.6769 -0.35242 8.8
      vertex -2.7 0 0
      vertex -2.7 0 8.8
    endloop
  endfacet
  facet normal 0.997859 0.0654064 0
    outer loop
      vertex -2.7 0 0
      vertex -2.6769 -0.35242 8.8
      vertex -2.6769 -0.35242 0
    endloop
  endfacet
  facet normal 0.751845 -0.65934 0
    outer loop
      vertex -2.14205 1.64366 8.8
      vertex -1.90919 1.90919 0
      vertex -1.90919 1.90919 8.8
    endloop
  endfacet
  facet normal 0.751845 -0.65934 0
    outer loop
      vertex -1.90919 1.90919 0
      vertex -2.14205 1.64366 8.8
      vertex -2.14205 1.64366 0
    endloop
  endfacet
  facet normal 0.65934 0.751845 -0
    outer loop
      vertex -1.64366 -2.14205 0
      vertex -1.90919 -1.90919 8.8
      vertex -1.64366 -2.14205 8.8
    endloop
  endfacet
  facet normal 0.65934 0.751845 0
    outer loop
      vertex -1.90919 -1.90919 8.8
      vertex -1.64366 -2.14205 0
      vertex -1.90919 -1.90919 0
    endloop
  endfacet
  facet normal 0.0654064 0.997859 -0
    outer loop
      vertex 0 -2.7 0
      vertex -0.35242 -2.6769 8.8
      vertex 0 -2.7 8.8
    endloop
  endfacet
  facet normal 0.0654064 0.997859 0
    outer loop
      vertex -0.35242 -2.6769 8.8
      vertex 0 -2.7 0
      vertex -0.35242 -2.6769 0
    endloop
  endfacet
  facet normal 0.321448 -0.946927 0
    outer loop
      vertex -1.03325 2.49447 0
      vertex -0.698811 2.608 8.8
      vertex -1.03325 2.49447 8.8
    endloop
  endfacet
  facet normal 0.321448 -0.946927 0
    outer loop
      vertex -0.698811 2.608 8.8
      vertex -1.03325 2.49447 0
      vertex -0.698811 2.608 0
    endloop
  endfacet
  facet normal -0.555575 -0.831466 0
    outer loop
      vertex 1.35 2.33827 0
      vertex 1.64366 2.14205 8.8
      vertex 1.35 2.33827 8.8
    endloop
  endfacet
  facet normal -0.555575 -0.831466 -0
    outer loop
      vertex 1.64366 2.14205 8.8
      vertex 1.35 2.33827 0
      vertex 1.64366 2.14205 0
    endloop
  endfacet
  facet normal -0.751845 -0.65934 0
    outer loop
      vertex 2.14205 1.64366 0
      vertex 1.90919 1.90919 8.8
      vertex 1.90919 1.90919 0
    endloop
  endfacet
  facet normal -0.751845 -0.65934 0
    outer loop
      vertex 1.90919 1.90919 8.8
      vertex 2.14205 1.64366 0
      vertex 2.14205 1.64366 8.8
    endloop
  endfacet
  facet normal -0.321448 -0.946927 0
    outer loop
      vertex 0.698811 2.608 0
      vertex 1.03325 2.49447 8.8
      vertex 0.698811 2.608 8.8
    endloop
  endfacet
  facet normal -0.321448 -0.946927 -0
    outer loop
      vertex 1.03325 2.49447 8.8
      vertex 0.698811 2.608 0
      vertex 1.03325 2.49447 0
    endloop
  endfacet
  facet normal -0.0654064 0.997859 0
    outer loop
      vertex 0.35242 -2.6769 0
      vertex 0 -2.7 8.8
      vertex 0.35242 -2.6769 8.8
    endloop
  endfacet
  facet normal -0.0654064 0.997859 0
    outer loop
      vertex 0 -2.7 8.8
      vertex 0.35242 -2.6769 0
      vertex 0 -2.7 0
    endloop
  endfacet
  facet normal 0.555575 0.831466 -0
    outer loop
      vertex -1.35 -2.33827 0
      vertex -1.64366 -2.14205 8.8
      vertex -1.35 -2.33827 8.8
    endloop
  endfacet
  facet normal 0.555575 0.831466 0
    outer loop
      vertex -1.64366 -2.14205 8.8
      vertex -1.35 -2.33827 0
      vertex -1.64366 -2.14205 0
    endloop
  endfacet
  facet normal -0.555575 0.831466 0
    outer loop
      vertex 1.64366 -2.14205 0
      vertex 1.35 -2.33827 8.8
      vertex 1.64366 -2.14205 8.8
    endloop
  endfacet
  facet normal -0.555575 0.831466 0
    outer loop
      vertex 1.35 -2.33827 8.8
      vertex 1.64366 -2.14205 0
      vertex 1.35 -2.33827 0
    endloop
  endfacet
  facet normal 0.65934 -0.751845 0
    outer loop
      vertex -1.90919 1.90919 0
      vertex -1.64366 2.14205 8.8
      vertex -1.90919 1.90919 8.8
    endloop
  endfacet
  facet normal 0.65934 -0.751845 0
    outer loop
      vertex -1.64366 2.14205 8.8
      vertex -1.90919 1.90919 0
      vertex -1.64366 2.14205 0
    endloop
  endfacet
  facet normal 0.946927 0.321448 0
    outer loop
      vertex -2.49447 -1.03325 8.8
      vertex -2.608 -0.698811 0
      vertex -2.608 -0.698811 8.8
    endloop
  endfacet
  facet normal 0.946927 0.321448 0
    outer loop
      vertex -2.608 -0.698811 0
      vertex -2.49447 -1.03325 8.8
      vertex -2.49447 -1.03325 0
    endloop
  endfacet
  facet normal -0.65934 -0.751845 0
    outer loop
      vertex 1.64366 2.14205 0
      vertex 1.90919 1.90919 8.8
      vertex 1.64366 2.14205 8.8
    endloop
  endfacet
  facet normal -0.65934 -0.751845 -0
    outer loop
      vertex 1.90919 1.90919 8.8
      vertex 1.64366 2.14205 0
      vertex 1.90919 1.90919 0
    endloop
  endfacet
  facet normal 0.896877 0.44228 0
    outer loop
      vertex -2.33827 -1.35 8.8
      vertex -2.49447 -1.03325 0
      vertex -2.49447 -1.03325 8.8
    endloop
  endfacet
  facet normal 0.896877 0.44228 0
    outer loop
      vertex -2.49447 -1.03325 0
      vertex -2.33827 -1.35 8.8
      vertex -2.33827 -1.35 0
    endloop
  endfacet
  facet normal 0.0654064 -0.997859 0
    outer loop
      vertex -0.35242 2.6769 0
      vertex 0 2.7 8.8
      vertex -0.35242 2.6769 8.8
    endloop
  endfacet
  facet normal 0.0654064 -0.997859 0
    outer loop
      vertex 0 2.7 8.8
      vertex -0.35242 2.6769 0
      vertex 0 2.7 0
    endloop
  endfacet
  facet normal 0.751845 0.65934 0
    outer loop
      vertex -1.90919 -1.90919 8.8
      vertex -2.14205 -1.64366 0
      vertex -2.14205 -1.64366 8.8
    endloop
  endfacet
  facet normal 0.751845 0.65934 0
    outer loop
      vertex -2.14205 -1.64366 0
      vertex -1.90919 -1.90919 8.8
      vertex -1.90919 -1.90919 0
    endloop
  endfacet
  facet normal -0.0654064 -0.997859 0
    outer loop
      vertex 0 2.7 0
      vertex 0.35242 2.6769 8.8
      vertex 0 2.7 8.8
    endloop
  endfacet
  facet normal -0.0654064 -0.997859 -0
    outer loop
      vertex 0.35242 2.6769 8.8
      vertex 0 2.7 0
      vertex 0.35242 2.6769 0
    endloop
  endfacet
  facet normal -0.65934 0.751845 0
    outer loop
      vertex 1.90919 -1.90919 0
      vertex 1.64366 -2.14205 8.8
      vertex 1.90919 -1.90919 8.8
    endloop
  endfacet
  facet normal -0.65934 0.751845 0
    outer loop
      vertex 1.64366 -2.14205 8.8
      vertex 1.90919 -1.90919 0
      vertex 1.64366 -2.14205 0
    endloop
  endfacet
  facet normal -0.44228 -0.896877 0
    outer loop
      vertex 1.03325 2.49447 0
      vertex 1.35 2.33827 8.8
      vertex 1.03325 2.49447 8.8
    endloop
  endfacet
  facet normal -0.44228 -0.896877 -0
    outer loop
      vertex 1.35 2.33827 8.8
      vertex 1.03325 2.49447 0
      vertex 1.35 2.33827 0
    endloop
  endfacet
  facet normal 0.555575 -0.831466 0
    outer loop
      vertex -1.64366 2.14205 0
      vertex -1.35 2.33827 8.8
      vertex -1.64366 2.14205 8.8
    endloop
  endfacet
  facet normal 0.555575 -0.831466 0
    outer loop
      vertex -1.35 2.33827 8.8
      vertex -1.64366 2.14205 0
      vertex -1.35 2.33827 0
    endloop
  endfacet
  facet normal 0.997859 -0.0654064 0
    outer loop
      vertex -2.7 0 8.8
      vertex -2.6769 0.35242 0
      vertex -2.6769 0.35242 8.8
    endloop
  endfacet
  facet normal 0.997859 -0.0654064 0
    outer loop
      vertex -2.6769 0.35242 0
      vertex -2.7 0 8.8
      vertex -2.7 0 0
    endloop
  endfacet
  facet normal 0.195086 -0.980786 0
    outer loop
      vertex -0.698811 2.608 0
      vertex -0.35242 2.6769 8.8
      vertex -0.698811 2.608 8.8
    endloop
  endfacet
  facet normal 0.195086 -0.980786 0
    outer loop
      vertex -0.35242 2.6769 8.8
      vertex -0.698811 2.608 0
      vertex -0.35242 2.6769 0
    endloop
  endfacet
  facet normal -0.321448 0.946927 0
    outer loop
      vertex 1.03325 -2.49447 0
      vertex 0.698811 -2.608 8.8
      vertex 1.03325 -2.49447 8.8
    endloop
  endfacet
  facet normal -0.321448 0.946927 0
    outer loop
      vertex 0.698811 -2.608 8.8
      vertex 1.03325 -2.49447 0
      vertex 0.698811 -2.608 0
    endloop
  endfacet
  facet normal 0.980786 -0.195086 0
    outer loop
      vertex -2.6769 0.35242 8.8
      vertex -2.608 0.698811 0
      vertex -2.608 0.698811 8.8
    endloop
  endfacet
  facet normal 0.980786 -0.195086 0
    outer loop
      vertex -2.608 0.698811 0
      vertex -2.6769 0.35242 8.8
      vertex -2.6769 0.35242 0
    endloop
  endfacet
  facet normal -0.980786 0.195086 0
    outer loop
      vertex 2.608 -0.698811 0
      vertex 2.6769 -0.35242 8.8
      vertex 2.6769 -0.35242 0
    endloop
  endfacet
  facet normal -0.980786 0.195086 0
    outer loop
      vertex 2.6769 -0.35242 8.8
      vertex 2.608 -0.698811 0
      vertex 2.608 -0.698811 8.8
    endloop
  endfacet
  facet normal 0.980786 0.195086 0
    outer loop
      vertex -2.608 -0.698811 8.8
      vertex -2.6769 -0.35242 0
      vertex -2.6769 -0.35242 8.8
    endloop
  endfacet
  facet normal 0.980786 0.195086 0
    outer loop
      vertex -2.6769 -0.35242 0
      vertex -2.608 -0.698811 8.8
      vertex -2.608 -0.698811 0
    endloop
  endfacet
  facet normal 0.946927 -0.321448 0
    outer loop
      vertex -2.608 0.698811 8.8
      vertex -2.49447 1.03325 0
      vertex -2.49447 1.03325 8.8
    endloop
  endfacet
  facet normal 0.946927 -0.321448 0
    outer loop
      vertex -2.49447 1.03325 0
      vertex -2.608 0.698811 8.8
      vertex -2.608 0.698811 0
    endloop
  endfacet
  facet normal -0.195086 0.980786 0
    outer loop
      vertex 0.698811 -2.608 0
      vertex 0.35242 -2.6769 8.8
      vertex 0.698811 -2.608 8.8
    endloop
  endfacet
  facet normal -0.195086 0.980786 0
    outer loop
      vertex 0.35242 -2.6769 8.8
      vertex 0.698811 -2.608 0
      vertex 0.35242 -2.6769 0
    endloop
  endfacet
  facet normal -0.195086 -0.980786 0
    outer loop
      vertex 0.35242 2.6769 0
      vertex 0.698811 2.608 8.8
      vertex 0.35242 2.6769 8.8
    endloop
  endfacet
  facet normal -0.195086 -0.980786 -0
    outer loop
      vertex 0.698811 2.608 8.8
      vertex 0.35242 2.6769 0
      vertex 0.698811 2.608 0
    endloop
  endfacet
  facet normal 0.831466 0.555575 0
    outer loop
      vertex -2.14205 -1.64366 8.8
      vertex -2.33827 -1.35 0
      vertex -2.33827 -1.35 8.8
    endloop
  endfacet
  facet normal 0.831466 0.555575 0
    outer loop
      vertex -2.33827 -1.35 0
      vertex -2.14205 -1.64366 8.8
      vertex -2.14205 -1.64366 0
    endloop
  endfacet
  facet normal 0.896877 -0.44228 0
    outer loop
      vertex -2.49447 1.03325 8.8
      vertex -2.33827 1.35 0
      vertex -2.33827 1.35 8.8
    endloop
  endfacet
  facet normal 0.896877 -0.44228 0
    outer loop
      vertex -2.33827 1.35 0
      vertex -2.49447 1.03325 8.8
      vertex -2.49447 1.03325 0
    endloop
  endfacet
  facet normal 0.831466 -0.555575 0
    outer loop
      vertex -2.33827 1.35 8.8
      vertex -2.14205 1.64366 0
      vertex -2.14205 1.64366 8.8
    endloop
  endfacet
  facet normal 0.831466 -0.555575 0
    outer loop
      vertex -2.14205 1.64366 0
      vertex -2.33827 1.35 8.8
      vertex -2.33827 1.35 0
    endloop
  endfacet
  facet normal 0.44228 0.896877 -0
    outer loop
      vertex -1.03325 -2.49447 0
      vertex -1.35 -2.33827 8.8
      vertex -1.03325 -2.49447 8.8
    endloop
  endfacet
  facet normal 0.44228 0.896877 0
    outer loop
      vertex -1.35 -2.33827 8.8
      vertex -1.03325 -2.49447 0
      vertex -1.35 -2.33827 0
    endloop
  endfacet
endsolid OpenSCAD_Model
