solid OpenSCAD_Model
  facet normal 1 -0 0
    outer loop
      vertex 115 -115 14
      vertex 115 115 0
      vertex 115 115 14
    endloop
  endfacet
  facet normal 1 0 0
    outer loop
      vertex 115 115 0
      vertex 115 -115 14
      vertex 115 -115 0
    endloop
  endfacet
  facet normal 0 0 1
    outer loop
      vertex 115 115 14
      vertex 109 109 14
      vertex 115 -115 14
    endloop
  endfacet
  facet normal 0 0 1
    outer loop
      vertex 115 115 14
      vertex -9 109 14
      vertex 109 109 14
    endloop
  endfacet
  facet normal 0 0 1
    outer loop
      vertex -9 109 14
      vertex -15 115 14
      vertex -9 -109 14
    endloop
  endfacet
  facet normal -0 0 1
    outer loop
      vertex -15 115 14
      vertex -9 109 14
      vertex 115 115 14
    endloop
  endfacet
  facet normal -0 0 1
    outer loop
      vertex 109 -109 14
      vertex 115 -115 14
      vertex 109 109 14
    endloop
  endfacet
  facet normal -0 0 1
    outer loop
      vertex -9 -109 14
      vertex 115 -115 14
      vertex 109 -109 14
    endloop
  endfacet
  facet normal 0 0 1
    outer loop
      vertex -9 -109 14
      vertex -15 -115 14
      vertex 115 -115 14
    endloop
  endfacet
  facet normal 0 0 1
    outer loop
      vertex -15 -115 14
      vertex -9 -109 14
      vertex -15 115 14
    endloop
  endfacet
  facet normal 0 0 -1
    outer loop
      vertex 8.41142 -87.0823 0
      vertex 41.5886 -87.0823 0
      vertex 8.72391 -87.55 0
    endloop
  endfacet
  facet normal 0 0 -1
    outer loop
      vertex 48 60 0
      vertex 9.26321 89.1387 0
      vertex 9.3 89.7 0
    endloop
  endfacet
  facet normal 0 0 -1
    outer loop
      vertex 41.5886 -87.0823 0
      vertex 8.41142 -87.0823 0
      vertex 41.9594 -86.6594 0
    endloop
  endfacet
  facet normal 0 0 -1
    outer loop
      vertex 48 60 0
      vertex 9.15348 88.5871 0
      vertex 9.26321 89.1387 0
    endloop
  endfacet
  facet normal 0 0 -1
    outer loop
      vertex 8.04056 -86.6594 0
      vertex 41.9594 -86.6594 0
      vertex 8.41142 -87.0823 0
    endloop
  endfacet
  facet normal 0 0 -1
    outer loop
      vertex 48 60 0
      vertex 8.97268 88.0545 0
      vertex 9.15348 88.5871 0
    endloop
  endfacet
  facet normal 0 0 -1
    outer loop
      vertex 41.9594 -86.6594 0
      vertex 8.04056 -86.6594 0
      vertex 48 -60 0
    endloop
  endfacet
  facet normal 0 0 -1
    outer loop
      vertex 48 60 0
      vertex 8.72391 87.55 0
      vertex 8.97268 88.0545 0
    endloop
  endfacet
  facet normal 0 0 -1
    outer loop
      vertex 7.61767 -86.2886 0
      vertex 48 -60 0
      vertex 8.04056 -86.6594 0
    endloop
  endfacet
  facet normal 0 0 -1
    outer loop
      vertex 48 60 0
      vertex 8.41142 87.0823 0
      vertex 8.72391 87.55 0
    endloop
  endfacet
  facet normal 0 0 -1
    outer loop
      vertex 7.15 -85.9761 0
      vertex 48 -60 0
      vertex 7.61767 -86.2886 0
    endloop
  endfacet
  facet normal 0 0 -1
    outer loop
      vertex 48 60 0
      vertex 8.04056 86.6594 0
      vertex 8.41142 87.0823 0
    endloop
  endfacet
  facet normal 0 0 -1
    outer loop
      vertex 6.64554 -85.7273 0
      vertex 48 -60 0
      vertex 7.15 -85.9761 0
    endloop
  endfacet
  facet normal 0 0 -1
    outer loop
      vertex 48 60 0
      vertex 7.61767 86.2886 0
      vertex 8.04056 86.6594 0
    endloop
  endfacet
  facet normal 0 0 -1
    outer loop
      vertex 6.11292 -85.5465 0
      vertex 48 -60 0
      vertex 6.64554 -85.7273 0
    endloop
  endfacet
  facet normal 0 0 -1
    outer loop
      vertex 48 60 0
      vertex 7.15 85.9761 0
      vertex 7.61767 86.2886 0
    endloop
  endfacet
  facet normal 0 0 -1
    outer loop
      vertex 5.56126 -85.4368 0
      vertex 48 -60 0
      vertex 6.11292 -85.5465 0
    endloop
  endfacet
  facet normal 0 0 -1
    outer loop
      vertex 48 60 0
      vertex 6.64554 85.7273 0
      vertex 7.15 85.9761 0
    endloop
  endfacet
  facet normal 0 0 -1
    outer loop
      vertex 5 -85.4 0
      vertex 48 -60 0
      vertex 5.56126 -85.4368 0
    endloop
  endfacet
  facet normal 0 0 -1
    outer loop
      vertex 48 60 0
      vertex 6.11292 85.5465 0
      vertex 6.64554 85.7273 0
    endloop
  endfacet
  facet normal 0 0 -1
    outer loop
      vertex 4.43874 -85.4368 0
      vertex 48 -60 0
      vertex 5 -85.4 0
    endloop
  endfacet
  facet normal 0 0 -1
    outer loop
      vertex 48 60 0
      vertex 5.56126 85.4368 0
      vertex 6.11292 85.5465 0
    endloop
  endfacet
  facet normal 0 0 -1
    outer loop
      vertex 3.88708 -85.5465 0
      vertex 48 -60 0
      vertex 4.43874 -85.4368 0
    endloop
  endfacet
  facet normal 0 0 -1
    outer loop
      vertex 48 60 0
      vertex 5 85.4 0
      vertex 5.56126 85.4368 0
    endloop
  endfacet
  facet normal -0 0 -1
    outer loop
      vertex 48 -60 0
      vertex 3.88708 -85.5465 0
      vertex 48 60 0
    endloop
  endfacet
  facet normal 0 0 -1
    outer loop
      vertex 48 60 0
      vertex 4.43874 85.4368 0
      vertex 5 85.4 0
    endloop
  endfacet
  facet normal 0 0 -1
    outer loop
      vertex 3.88708 85.5465 0
      vertex 48 60 0
      vertex 3.88708 -85.5465 0
    endloop
  endfacet
  facet normal 0 0 -1
    outer loop
      vertex 48 60 0
      vertex 3.88708 85.5465 0
      vertex 4.43874 85.4368 0
    endloop
  endfacet
  facet normal 0 0 -1
    outer loop
      vertex 3.35446 -85.7273 0
      vertex 3.88708 85.5465 0
      vertex 3.88708 -85.5465 0
    endloop
  endfacet
  facet normal 0 0 -1
    outer loop
      vertex 3.35446 -85.7273 0
      vertex 3.35446 85.7273 0
      vertex 3.88708 85.5465 0
    endloop
  endfacet
  facet normal 0 0 -1
    outer loop
      vertex 2.85 -85.9761 0
      vertex 3.35446 85.7273 0
      vertex 3.35446 -85.7273 0
    endloop
  endfacet
  facet normal 0 0 -1
    outer loop
      vertex 2.85 -85.9761 0
      vertex 2.85 85.9761 0
      vertex 3.35446 85.7273 0
    endloop
  endfacet
  facet normal 0 0 -1
    outer loop
      vertex 2.38233 -86.2886 0
      vertex 2.85 85.9761 0
      vertex 2.85 -85.9761 0
    endloop
  endfacet
  facet normal 0 0 -1
    outer loop
      vertex 2.38233 -86.2886 0
      vertex 2.38233 86.2886 0
      vertex 2.85 85.9761 0
    endloop
  endfacet
  facet normal 0 0 -1
    outer loop
      vertex 1.95944 -86.6594 0
      vertex 2.38233 86.2886 0
      vertex 2.38233 -86.2886 0
    endloop
  endfacet
  facet normal 0 0 -1
    outer loop
      vertex 1.95944 -86.6594 0
      vertex 1.95944 86.6594 0
      vertex 2.38233 86.2886 0
    endloop
  endfacet
  facet normal 0 0 -1
    outer loop
      vertex 1.58858 -87.0823 0
      vertex 1.95944 86.6594 0
      vertex 1.95944 -86.6594 0
    endloop
  endfacet
  facet normal 0 0 -1
    outer loop
      vertex 1.58858 -87.0823 0
      vertex 1.58858 87.0823 0
      vertex 1.95944 86.6594 0
    endloop
  endfacet
  facet normal 0 0 -1
    outer loop
      vertex 1.27609 -87.55 0
      vertex 1.58858 87.0823 0
      vertex 1.58858 -87.0823 0
    endloop
  endfacet
  facet normal 0 0 -1
    outer loop
      vertex 1.27609 -87.55 0
      vertex 1.27609 87.55 0
      vertex 1.58858 87.0823 0
    endloop
  endfacet
  facet normal 0 0 -1
    outer loop
      vertex 1.02732 -88.0545 0
      vertex 1.27609 87.55 0
      vertex 1.27609 -87.55 0
    endloop
  endfacet
  facet normal 0 0 -1
    outer loop
      vertex 1.02732 -88.0545 0
      vertex 1.02732 88.0545 0
      vertex 1.27609 87.55 0
    endloop
  endfacet
  facet normal 0 0 -1
    outer loop
      vertex -15 -115 0
      vertex 1.02732 -88.0545 0
      vertex 0.846519 -88.5871 0
    endloop
  endfacet
  facet normal -0 0 -1
    outer loop
      vertex 1.02732 -88.0545 0
      vertex -15 -115 0
      vertex 1.02732 88.0545 0
    endloop
  endfacet
  facet normal 0 0 -1
    outer loop
      vertex -15 -115 0
      vertex 0.846519 -88.5871 0
      vertex 0.736788 -89.1387 0
    endloop
  endfacet
  facet normal 0 0 -1
    outer loop
      vertex -15 115 0
      vertex 1.02732 88.0545 0
      vertex -15 -115 0
    endloop
  endfacet
  facet normal 0 0 -1
    outer loop
      vertex -15 -115 0
      vertex 0.736788 -89.1387 0
      vertex 0.700001 -89.7 0
    endloop
  endfacet
  facet normal 0 0 -1
    outer loop
      vertex 1.02732 88.0545 0
      vertex -15 115 0
      vertex 0.846519 88.5871 0
    endloop
  endfacet
  facet normal 0 0 -1
    outer loop
      vertex 52 85 0
      vertex 49.2632 89.1387 0
      vertex 49.3 89.7 0
    endloop
  endfacet
  facet normal 0 0 -1
    outer loop
      vertex 52 85 0
      vertex 49.1535 88.5871 0
      vertex 49.2632 89.1387 0
    endloop
  endfacet
  facet normal 0 0 -1
    outer loop
      vertex 52 85 0
      vertex 48.9727 88.0545 0
      vertex 49.1535 88.5871 0
    endloop
  endfacet
  facet normal 0 0 -1
    outer loop
      vertex 52 85 0
      vertex 48.7239 87.55 0
      vertex 48.9727 88.0545 0
    endloop
  endfacet
  facet normal 0 0 -1
    outer loop
      vertex 52 85 0
      vertex 48.4114 87.0823 0
      vertex 48.7239 87.55 0
    endloop
  endfacet
  facet normal 0 0 -1
    outer loop
      vertex 48 85 0
      vertex 48.4114 87.0823 0
      vertex 52 85 0
    endloop
  endfacet
  facet normal 0 0 -1
    outer loop
      vertex 48.4114 87.0823 0
      vertex 48 85 0
      vertex 48.0406 86.6594 0
    endloop
  endfacet
  facet normal 0 0 -1
    outer loop
      vertex 48 85 0
      vertex 47.6177 86.2886 0
      vertex 48.0406 86.6594 0
    endloop
  endfacet
  facet normal 0 0 -1
    outer loop
      vertex 48 60 0
      vertex 47.6177 86.2886 0
      vertex 48 85 0
    endloop
  endfacet
  facet normal 0 0 -1
    outer loop
      vertex 45.5613 -85.4368 0
      vertex 48 -85 0
      vertex 46.1129 -85.5465 0
    endloop
  endfacet
  facet normal 0 0 -1
    outer loop
      vertex 48 60 0
      vertex 47.15 85.9761 0
      vertex 47.6177 86.2886 0
    endloop
  endfacet
  facet normal 0 0 -1
    outer loop
      vertex 45 -85.4 0
      vertex 48 -85 0
      vertex 45.5613 -85.4368 0
    endloop
  endfacet
  facet normal 0 0 -1
    outer loop
      vertex 48 60 0
      vertex 46.6455 85.7273 0
      vertex 47.15 85.9761 0
    endloop
  endfacet
  facet normal -0 0 -1
    outer loop
      vertex 48 -85 0
      vertex 45 -85.4 0
      vertex 48 -60 0
    endloop
  endfacet
  facet normal 0 0 -1
    outer loop
      vertex 48 60 0
      vertex 46.1129 85.5465 0
      vertex 46.6455 85.7273 0
    endloop
  endfacet
  facet normal 0 0 -1
    outer loop
      vertex 44.4387 -85.4368 0
      vertex 48 -60 0
      vertex 45 -85.4 0
    endloop
  endfacet
  facet normal 0 0 -1
    outer loop
      vertex 48 60 0
      vertex 45.5613 85.4368 0
      vertex 46.1129 85.5465 0
    endloop
  endfacet
  facet normal 0 0 -1
    outer loop
      vertex 43.8871 -85.5465 0
      vertex 48 -60 0
      vertex 44.4387 -85.4368 0
    endloop
  endfacet
  facet normal 0 0 -1
    outer loop
      vertex 48 60 0
      vertex 45 85.4 0
      vertex 45.5613 85.4368 0
    endloop
  endfacet
  facet normal 0 0 -1
    outer loop
      vertex 43.3545 -85.7273 0
      vertex 48 -60 0
      vertex 43.8871 -85.5465 0
    endloop
  endfacet
  facet normal 0 0 -1
    outer loop
      vertex 48 60 0
      vertex 44.4387 85.4368 0
      vertex 45 85.4 0
    endloop
  endfacet
  facet normal 0 0 -1
    outer loop
      vertex 42.85 -85.9761 0
      vertex 48 -60 0
      vertex 43.3545 -85.7273 0
    endloop
  endfacet
  facet normal 0 0 -1
    outer loop
      vertex 48 60 0
      vertex 43.8871 85.5465 0
      vertex 44.4387 85.4368 0
    endloop
  endfacet
  facet normal 0 0 -1
    outer loop
      vertex 8.72391 -87.55 0
      vertex 41.2761 -87.55 0
      vertex 8.97268 -88.0545 0
    endloop
  endfacet
  facet normal 0 0 -1
    outer loop
      vertex 41.2761 -87.55 0
      vertex 8.72391 -87.55 0
      vertex 41.5886 -87.0823 0
    endloop
  endfacet
  facet normal 0 0 -1
    outer loop
      vertex 42.3823 -86.2886 0
      vertex 48 -60 0
      vertex 42.85 -85.9761 0
    endloop
  endfacet
  facet normal -0 -0 -1
    outer loop
      vertex 41.9594 86.6594 0
      vertex 48 60 0
      vertex 9.3 89.7 0
    endloop
  endfacet
  facet normal 0 0 -1
    outer loop
      vertex 41.9594 -86.6594 0
      vertex 48 -60 0
      vertex 42.3823 -86.2886 0
    endloop
  endfacet
  facet normal 0 0 -1
    outer loop
      vertex 48 60 0
      vertex 43.3545 85.7273 0
      vertex 43.8871 85.5465 0
    endloop
  endfacet
  facet normal 0 0 -1
    outer loop
      vertex 41.0273 -88.0545 0
      vertex 8.97268 -88.0545 0
      vertex 41.2761 -87.55 0
    endloop
  endfacet
  facet normal 0 0 -1
    outer loop
      vertex 48 60 0
      vertex 42.85 85.9761 0
      vertex 43.3545 85.7273 0
    endloop
  endfacet
  facet normal 0 0 -1
    outer loop
      vertex 8.97268 -88.0545 0
      vertex 41.0273 -88.0545 0
      vertex 9.15348 -88.5871 0
    endloop
  endfacet
  facet normal 0 0 -1
    outer loop
      vertex 48 60 0
      vertex 42.3823 86.2886 0
      vertex 42.85 85.9761 0
    endloop
  endfacet
  facet normal 0 0 -1
    outer loop
      vertex 40.8465 -88.5871 0
      vertex 9.15348 -88.5871 0
      vertex 41.0273 -88.0545 0
    endloop
  endfacet
  facet normal 0 0 -1
    outer loop
      vertex 48 60 0
      vertex 41.9594 86.6594 0
      vertex 42.3823 86.2886 0
    endloop
  endfacet
  facet normal 0 0 -1
    outer loop
      vertex 9.15348 -88.5871 0
      vertex 40.8465 -88.5871 0
      vertex 9.26321 -89.1387 0
    endloop
  endfacet
  facet normal 0 0 -1
    outer loop
      vertex 41.9594 86.6594 0
      vertex 9.3 89.7 0
      vertex 41.5886 87.0823 0
    endloop
  endfacet
  facet normal 0 0 -1
    outer loop
      vertex 40.7368 -89.1387 0
      vertex 9.26321 -89.1387 0
      vertex 40.8465 -88.5871 0
    endloop
  endfacet
  facet normal 0 0 -1
    outer loop
      vertex 41.5886 87.0823 0
      vertex 9.3 89.7 0
      vertex 41.2761 87.55 0
    endloop
  endfacet
  facet normal 0 0 -1
    outer loop
      vertex 9.26321 -89.1387 0
      vertex 40.7368 -89.1387 0
      vertex 9.3 -89.7 0
    endloop
  endfacet
  facet normal 0 0 -1
    outer loop
      vertex 41.2761 87.55 0
      vertex 9.3 89.7 0
      vertex 41.0273 88.0545 0
    endloop
  endfacet
  facet normal 0 0 -1
    outer loop
      vertex 9.3 -89.7 0
      vertex 40.7368 -89.1387 0
      vertex 40.7 -89.7 0
    endloop
  endfacet
  facet normal 0 0 -1
    outer loop
      vertex 41.0273 88.0545 0
      vertex 9.3 89.7 0
      vertex 40.8465 88.5871 0
    endloop
  endfacet
  facet normal 0 0 -1
    outer loop
      vertex 48 -60 0
      vertex 52 60 0
      vertex 52 -60 0
    endloop
  endfacet
  facet normal -0 0 -1
    outer loop
      vertex 52 60 0
      vertex 48 -60 0
      vertex 48 60 0
    endloop
  endfacet
  facet normal 0 0 -1
    outer loop
      vertex 52 -60 0
      vertex 115 -115 0
      vertex 52 -85 0
    endloop
  endfacet
  facet normal 0 0 -1
    outer loop
      vertex 48.9727 -91.3455 0
      vertex 52 -85 0
      vertex 115 -115 0
    endloop
  endfacet
  facet normal 0 0 -1
    outer loop
      vertex 52 -85 0
      vertex 49.2632 -90.2613 0
      vertex 49.3 -89.7 0
    endloop
  endfacet
  facet normal 0 0 -1
    outer loop
      vertex 52 -85 0
      vertex 49.1535 -90.8129 0
      vertex 49.2632 -90.2613 0
    endloop
  endfacet
  facet normal 0 0 -1
    outer loop
      vertex 52 -85 0
      vertex 48.9727 -91.3455 0
      vertex 49.1535 -90.8129 0
    endloop
  endfacet
  facet normal 0 0 -1
    outer loop
      vertex 115 -115 0
      vertex 48.7239 -91.85 0
      vertex 48.9727 -91.3455 0
    endloop
  endfacet
  facet normal 0 0 -1
    outer loop
      vertex 115 -115 0
      vertex 48.4114 -92.3177 0
      vertex 48.7239 -91.85 0
    endloop
  endfacet
  facet normal 0 0 -1
    outer loop
      vertex 115 -115 0
      vertex 48.0406 -92.7406 0
      vertex 48.4114 -92.3177 0
    endloop
  endfacet
  facet normal 0 0 -1
    outer loop
      vertex 115 -115 0
      vertex 47.6177 -93.1114 0
      vertex 48.0406 -92.7406 0
    endloop
  endfacet
  facet normal 0 0 -1
    outer loop
      vertex 115 -115 0
      vertex 47.15 -93.4239 0
      vertex 47.6177 -93.1114 0
    endloop
  endfacet
  facet normal 0 0 -1
    outer loop
      vertex 115 -115 0
      vertex 46.6455 -93.6727 0
      vertex 47.15 -93.4239 0
    endloop
  endfacet
  facet normal 0 0 -1
    outer loop
      vertex 115 -115 0
      vertex 46.1129 -93.8535 0
      vertex 46.6455 -93.6727 0
    endloop
  endfacet
  facet normal 0 0 -1
    outer loop
      vertex 115 -115 0
      vertex 45.5613 -93.9632 0
      vertex 46.1129 -93.8535 0
    endloop
  endfacet
  facet normal 0 0 -1
    outer loop
      vertex 115 -115 0
      vertex 45 -94 0
      vertex 45.5613 -93.9632 0
    endloop
  endfacet
  facet normal 0 0 -1
    outer loop
      vertex -15 -115 0
      vertex 45 -94 0
      vertex 115 -115 0
    endloop
  endfacet
  facet normal -0 0 -1
    outer loop
      vertex 45 -94 0
      vertex -15 -115 0
      vertex 44.4387 -93.9632 0
    endloop
  endfacet
  facet normal 0 0 -1
    outer loop
      vertex 40.8465 88.5871 0
      vertex 9.3 89.7 0
      vertex 40.7368 89.1387 0
    endloop
  endfacet
  facet normal 0 0 -1
    outer loop
      vertex 40.7368 -90.2613 0
      vertex 9.3 -89.7 0
      vertex 40.7 -89.7 0
    endloop
  endfacet
  facet normal 0 0 -1
    outer loop
      vertex 9.26321 -90.2613 0
      vertex 40.7368 -90.2613 0
      vertex 40.8465 -90.8129 0
    endloop
  endfacet
  facet normal 0 0 -1
    outer loop
      vertex 9.15348 -90.8129 0
      vertex 40.8465 -90.8129 0
      vertex 41.0273 -91.3455 0
    endloop
  endfacet
  facet normal 0 0 -1
    outer loop
      vertex 8.97268 -91.3455 0
      vertex 41.0273 -91.3455 0
      vertex 41.2761 -91.85 0
    endloop
  endfacet
  facet normal 0 0 -1
    outer loop
      vertex 8.72391 -91.85 0
      vertex 41.2761 -91.85 0
      vertex 41.5886 -92.3177 0
    endloop
  endfacet
  facet normal 0 0 -1
    outer loop
      vertex 8.41142 -92.3177 0
      vertex 41.5886 -92.3177 0
      vertex 41.9594 -92.7406 0
    endloop
  endfacet
  facet normal 0 0 -1
    outer loop
      vertex 8.04056 -92.7406 0
      vertex 41.9594 -92.7406 0
      vertex 42.3823 -93.1114 0
    endloop
  endfacet
  facet normal 0 0 -1
    outer loop
      vertex 7.61767 -93.1114 0
      vertex 42.3823 -93.1114 0
      vertex 42.85 -93.4239 0
    endloop
  endfacet
  facet normal 0 0 -1
    outer loop
      vertex 7.15 -93.4239 0
      vertex 42.85 -93.4239 0
      vertex 43.3545 -93.6727 0
    endloop
  endfacet
  facet normal 0 0 -1
    outer loop
      vertex -15 -115 0
      vertex 43.3545 -93.6727 0
      vertex 43.8871 -93.8535 0
    endloop
  endfacet
  facet normal -0 0 -1
    outer loop
      vertex 44.4387 -93.9632 0
      vertex -15 -115 0
      vertex 43.8871 -93.8535 0
    endloop
  endfacet
  facet normal 0 0 -1
    outer loop
      vertex 40.7368 -90.2613 0
      vertex 9.26321 -90.2613 0
      vertex 9.3 -89.7 0
    endloop
  endfacet
  facet normal 0 0 -1
    outer loop
      vertex 40.8465 -90.8129 0
      vertex 9.15348 -90.8129 0
      vertex 9.26321 -90.2613 0
    endloop
  endfacet
  facet normal 0 0 -1
    outer loop
      vertex 41.0273 -91.3455 0
      vertex 8.97268 -91.3455 0
      vertex 9.15348 -90.8129 0
    endloop
  endfacet
  facet normal 0 0 -1
    outer loop
      vertex 41.2761 -91.85 0
      vertex 8.72391 -91.85 0
      vertex 8.97268 -91.3455 0
    endloop
  endfacet
  facet normal 0 0 -1
    outer loop
      vertex 41.5886 -92.3177 0
      vertex 8.41142 -92.3177 0
      vertex 8.72391 -91.85 0
    endloop
  endfacet
  facet normal 0 0 -1
    outer loop
      vertex 41.9594 -92.7406 0
      vertex 8.04056 -92.7406 0
      vertex 8.41142 -92.3177 0
    endloop
  endfacet
  facet normal 0 0 -1
    outer loop
      vertex 42.3823 -93.1114 0
      vertex 7.61767 -93.1114 0
      vertex 8.04056 -92.7406 0
    endloop
  endfacet
  facet normal 0 0 -1
    outer loop
      vertex 42.85 -93.4239 0
      vertex 7.15 -93.4239 0
      vertex 7.61767 -93.1114 0
    endloop
  endfacet
  facet normal -0 0 -1
    outer loop
      vertex 43.3545 -93.6727 0
      vertex -15 -115 0
      vertex 6.64554 -93.6727 0
    endloop
  endfacet
  facet normal 0 0 -1
    outer loop
      vertex 43.3545 -93.6727 0
      vertex 6.64554 -93.6727 0
      vertex 7.15 -93.4239 0
    endloop
  endfacet
  facet normal 0 0 -1
    outer loop
      vertex 6.64554 -93.6727 0
      vertex -15 -115 0
      vertex 6.11292 -93.8535 0
    endloop
  endfacet
  facet normal 0 0 -1
    outer loop
      vertex 6.11292 -93.8535 0
      vertex -15 -115 0
      vertex 5.56126 -93.9632 0
    endloop
  endfacet
  facet normal 0 0 -1
    outer loop
      vertex 5.56126 -93.9632 0
      vertex -15 -115 0
      vertex 5 -94 0
    endloop
  endfacet
  facet normal 0 0 -1
    outer loop
      vertex 0.846519 88.5871 0
      vertex -15 115 0
      vertex 0.736788 89.1387 0
    endloop
  endfacet
  facet normal -0 0 -1
    outer loop
      vertex 0.736788 -90.2613 0
      vertex -15 -115 0
      vertex 0.700001 -89.7 0
    endloop
  endfacet
  facet normal -0 0 -1
    outer loop
      vertex 0.846519 -90.8129 0
      vertex -15 -115 0
      vertex 0.736788 -90.2613 0
    endloop
  endfacet
  facet normal -0 0 -1
    outer loop
      vertex 1.02732 -91.3455 0
      vertex -15 -115 0
      vertex 0.846519 -90.8129 0
    endloop
  endfacet
  facet normal -0 0 -1
    outer loop
      vertex 1.27609 -91.85 0
      vertex -15 -115 0
      vertex 1.02732 -91.3455 0
    endloop
  endfacet
  facet normal -0 0 -1
    outer loop
      vertex 1.58858 -92.3177 0
      vertex -15 -115 0
      vertex 1.27609 -91.85 0
    endloop
  endfacet
  facet normal -0 0 -1
    outer loop
      vertex 1.95944 -92.7406 0
      vertex -15 -115 0
      vertex 1.58858 -92.3177 0
    endloop
  endfacet
  facet normal -0 0 -1
    outer loop
      vertex 2.38233 -93.1114 0
      vertex -15 -115 0
      vertex 1.95944 -92.7406 0
    endloop
  endfacet
  facet normal -0 0 -1
    outer loop
      vertex 2.85 -93.4239 0
      vertex -15 -115 0
      vertex 2.38233 -93.1114 0
    endloop
  endfacet
  facet normal -0 0 -1
    outer loop
      vertex 3.35446 -93.6727 0
      vertex -15 -115 0
      vertex 2.85 -93.4239 0
    endloop
  endfacet
  facet normal -0 0 -1
    outer loop
      vertex 3.88708 -93.8535 0
      vertex -15 -115 0
      vertex 3.35446 -93.6727 0
    endloop
  endfacet
  facet normal -0 0 -1
    outer loop
      vertex 4.43874 -93.9632 0
      vertex -15 -115 0
      vertex 3.88708 -93.8535 0
    endloop
  endfacet
  facet normal -0 0 -1
    outer loop
      vertex 5 -94 0
      vertex -15 -115 0
      vertex 4.43874 -93.9632 0
    endloop
  endfacet
  facet normal 0 0 -1
    outer loop
      vertex 115 -115 0
      vertex 52 -60 0
      vertex 115 115 0
    endloop
  endfacet
  facet normal 0 0 -1
    outer loop
      vertex 52 60 0
      vertex 115 115 0
      vertex 52 -60 0
    endloop
  endfacet
  facet normal 0 0 -1
    outer loop
      vertex 52 85 0
      vertex 115 115 0
      vertex 52 60 0
    endloop
  endfacet
  facet normal 0 0 -1
    outer loop
      vertex 49.2632 90.2613 0
      vertex 52 85 0
      vertex 49.3 89.7 0
    endloop
  endfacet
  facet normal 0 0 -1
    outer loop
      vertex 49.1535 90.8129 0
      vertex 52 85 0
      vertex 49.2632 90.2613 0
    endloop
  endfacet
  facet normal 0 0 -1
    outer loop
      vertex 48.9727 91.3455 0
      vertex 52 85 0
      vertex 49.1535 90.8129 0
    endloop
  endfacet
  facet normal 0 0 -1
    outer loop
      vertex 52 85 0
      vertex 48.9727 91.3455 0
      vertex 115 115 0
    endloop
  endfacet
  facet normal 0 0 -1
    outer loop
      vertex 48.7239 91.85 0
      vertex 115 115 0
      vertex 48.9727 91.3455 0
    endloop
  endfacet
  facet normal 0 0 -1
    outer loop
      vertex 48.4114 92.3177 0
      vertex 115 115 0
      vertex 48.7239 91.85 0
    endloop
  endfacet
  facet normal 0 0 -1
    outer loop
      vertex 48.0406 92.7406 0
      vertex 115 115 0
      vertex 48.4114 92.3177 0
    endloop
  endfacet
  facet normal 0 0 -1
    outer loop
      vertex 47.6177 93.1114 0
      vertex 115 115 0
      vertex 48.0406 92.7406 0
    endloop
  endfacet
  facet normal 0 0 -1
    outer loop
      vertex 47.15 93.4239 0
      vertex 115 115 0
      vertex 47.6177 93.1114 0
    endloop
  endfacet
  facet normal 0 0 -1
    outer loop
      vertex 46.6455 93.6727 0
      vertex 115 115 0
      vertex 47.15 93.4239 0
    endloop
  endfacet
  facet normal 0 0 -1
    outer loop
      vertex 46.1129 93.8535 0
      vertex 115 115 0
      vertex 46.6455 93.6727 0
    endloop
  endfacet
  facet normal 0 0 -1
    outer loop
      vertex 45.5613 93.9632 0
      vertex 115 115 0
      vertex 46.1129 93.8535 0
    endloop
  endfacet
  facet normal 0 0 -1
    outer loop
      vertex 45 94 0
      vertex 115 115 0
      vertex 45.5613 93.9632 0
    endloop
  endfacet
  facet normal 0 0 -1
    outer loop
      vertex -15 115 0
      vertex 45 94 0
      vertex 44.4387 93.9632 0
    endloop
  endfacet
  facet normal 0 0 -1
    outer loop
      vertex -15 115 0
      vertex 44.4387 93.9632 0
      vertex 43.8871 93.8535 0
    endloop
  endfacet
  facet normal 0 0 -1
    outer loop
      vertex 40.7368 89.1387 0
      vertex 9.3 89.7 0
      vertex 40.7 89.7 0
    endloop
  endfacet
  facet normal 0 0 -1
    outer loop
      vertex 40.7 89.7 0
      vertex 9.3 89.7 0
      vertex 40.7368 90.2613 0
    endloop
  endfacet
  facet normal 0 0 -1
    outer loop
      vertex 9.26321 90.2613 0
      vertex 40.7368 90.2613 0
      vertex 9.3 89.7 0
    endloop
  endfacet
  facet normal 0 0 -1
    outer loop
      vertex 40.7368 90.2613 0
      vertex 9.26321 90.2613 0
      vertex 40.8465 90.8129 0
    endloop
  endfacet
  facet normal 0 0 -1
    outer loop
      vertex 9.15348 90.8129 0
      vertex 40.8465 90.8129 0
      vertex 9.26321 90.2613 0
    endloop
  endfacet
  facet normal 0 0 -1
    outer loop
      vertex 40.8465 90.8129 0
      vertex 9.15348 90.8129 0
      vertex 41.0273 91.3455 0
    endloop
  endfacet
  facet normal 0 0 -1
    outer loop
      vertex 8.97268 91.3455 0
      vertex 41.0273 91.3455 0
      vertex 9.15348 90.8129 0
    endloop
  endfacet
  facet normal 0 0 -1
    outer loop
      vertex 41.0273 91.3455 0
      vertex 8.97268 91.3455 0
      vertex 41.2761 91.85 0
    endloop
  endfacet
  facet normal 0 0 -1
    outer loop
      vertex 8.72391 91.85 0
      vertex 41.2761 91.85 0
      vertex 8.97268 91.3455 0
    endloop
  endfacet
  facet normal 0 0 -1
    outer loop
      vertex 41.2761 91.85 0
      vertex 8.72391 91.85 0
      vertex 41.5886 92.3177 0
    endloop
  endfacet
  facet normal 0 0 -1
    outer loop
      vertex 8.41142 92.3177 0
      vertex 41.5886 92.3177 0
      vertex 8.72391 91.85 0
    endloop
  endfacet
  facet normal 0 0 -1
    outer loop
      vertex 41.5886 92.3177 0
      vertex 8.41142 92.3177 0
      vertex 41.9594 92.7406 0
    endloop
  endfacet
  facet normal 0 0 -1
    outer loop
      vertex 8.04056 92.7406 0
      vertex 41.9594 92.7406 0
      vertex 8.41142 92.3177 0
    endloop
  endfacet
  facet normal 0 0 -1
    outer loop
      vertex 41.9594 92.7406 0
      vertex 8.04056 92.7406 0
      vertex 42.3823 93.1114 0
    endloop
  endfacet
  facet normal 0 0 -1
    outer loop
      vertex 7.61767 93.1114 0
      vertex 42.3823 93.1114 0
      vertex 8.04056 92.7406 0
    endloop
  endfacet
  facet normal 0 0 -1
    outer loop
      vertex 42.3823 93.1114 0
      vertex 7.61767 93.1114 0
      vertex 42.85 93.4239 0
    endloop
  endfacet
  facet normal 0 0 -1
    outer loop
      vertex 7.15 93.4239 0
      vertex 42.85 93.4239 0
      vertex 7.61767 93.1114 0
    endloop
  endfacet
  facet normal 0 0 -1
    outer loop
      vertex 42.85 93.4239 0
      vertex 7.15 93.4239 0
      vertex 43.3545 93.6727 0
    endloop
  endfacet
  facet normal 0 0 -1
    outer loop
      vertex 6.64554 93.6727 0
      vertex 43.3545 93.6727 0
      vertex 7.15 93.4239 0
    endloop
  endfacet
  facet normal 0 0 -1
    outer loop
      vertex -15 115 0
      vertex 43.3545 93.6727 0
      vertex 6.64554 93.6727 0
    endloop
  endfacet
  facet normal 0 0 -1
    outer loop
      vertex 43.3545 93.6727 0
      vertex -15 115 0
      vertex 43.8871 93.8535 0
    endloop
  endfacet
  facet normal 0 0 -1
    outer loop
      vertex -15 115 0
      vertex 6.64554 93.6727 0
      vertex 6.11292 93.8535 0
    endloop
  endfacet
  facet normal 0 0 -1
    outer loop
      vertex -15 115 0
      vertex 6.11292 93.8535 0
      vertex 5.56126 93.9632 0
    endloop
  endfacet
  facet normal 0 0 -1
    outer loop
      vertex -15 115 0
      vertex 5.56126 93.9632 0
      vertex 5 94 0
    endloop
  endfacet
  facet normal 0 0 -1
    outer loop
      vertex -15 115 0
      vertex 5 94 0
      vertex 4.43874 93.9632 0
    endloop
  endfacet
  facet normal 0 0 -1
    outer loop
      vertex 0.736788 89.1387 0
      vertex -15 115 0
      vertex 0.700001 89.7 0
    endloop
  endfacet
  facet normal 0 0 -1
    outer loop
      vertex 45 94 0
      vertex -15 115 0
      vertex 115 115 0
    endloop
  endfacet
  facet normal 0 0 -1
    outer loop
      vertex 3.88708 93.8535 0
      vertex -15 115 0
      vertex 4.43874 93.9632 0
    endloop
  endfacet
  facet normal 0 0 -1
    outer loop
      vertex 3.35446 93.6727 0
      vertex -15 115 0
      vertex 3.88708 93.8535 0
    endloop
  endfacet
  facet normal 0 0 -1
    outer loop
      vertex 2.85 93.4239 0
      vertex -15 115 0
      vertex 3.35446 93.6727 0
    endloop
  endfacet
  facet normal 0 0 -1
    outer loop
      vertex 2.38233 93.1114 0
      vertex -15 115 0
      vertex 2.85 93.4239 0
    endloop
  endfacet
  facet normal 0 0 -1
    outer loop
      vertex 1.95944 92.7406 0
      vertex -15 115 0
      vertex 2.38233 93.1114 0
    endloop
  endfacet
  facet normal 0 0 -1
    outer loop
      vertex 1.58858 92.3177 0
      vertex -15 115 0
      vertex 1.95944 92.7406 0
    endloop
  endfacet
  facet normal 0 0 -1
    outer loop
      vertex 1.27609 91.85 0
      vertex -15 115 0
      vertex 1.58858 92.3177 0
    endloop
  endfacet
  facet normal 0 0 -1
    outer loop
      vertex 1.02732 91.3455 0
      vertex -15 115 0
      vertex 1.27609 91.85 0
    endloop
  endfacet
  facet normal 0 0 -1
    outer loop
      vertex 0.846519 90.8129 0
      vertex -15 115 0
      vertex 1.02732 91.3455 0
    endloop
  endfacet
  facet normal 0 0 -1
    outer loop
      vertex 0.736788 90.2613 0
      vertex -15 115 0
      vertex 0.846519 90.8129 0
    endloop
  endfacet
  facet normal 0 0 -1
    outer loop
      vertex 0.700001 89.7 0
      vertex -15 115 0
      vertex 0.736788 90.2613 0
    endloop
  endfacet
  facet normal 0 0 -1
    outer loop
      vertex 49.2632 -89.1387 0
      vertex 52 -85 0
      vertex 49.3 -89.7 0
    endloop
  endfacet
  facet normal 0 0 -1
    outer loop
      vertex 49.1535 -88.5871 0
      vertex 52 -85 0
      vertex 49.2632 -89.1387 0
    endloop
  endfacet
  facet normal 0 0 -1
    outer loop
      vertex 48.9727 -88.0545 0
      vertex 52 -85 0
      vertex 49.1535 -88.5871 0
    endloop
  endfacet
  facet normal 0 0 -1
    outer loop
      vertex 48.7239 -87.55 0
      vertex 52 -85 0
      vertex 48.9727 -88.0545 0
    endloop
  endfacet
  facet normal 0 0 -1
    outer loop
      vertex 48.4114 -87.0823 0
      vertex 52 -85 0
      vertex 48.7239 -87.55 0
    endloop
  endfacet
  facet normal 0 0 -1
    outer loop
      vertex 48 -85 0
      vertex 48.4114 -87.0823 0
      vertex 48.0406 -86.6594 0
    endloop
  endfacet
  facet normal 0 0 -1
    outer loop
      vertex 48.4114 -87.0823 0
      vertex 48 -85 0
      vertex 52 -85 0
    endloop
  endfacet
  facet normal 0 0 -1
    outer loop
      vertex 47.15 -85.9761 0
      vertex 48 -85 0
      vertex 47.6177 -86.2886 0
    endloop
  endfacet
  facet normal 0 0 -1
    outer loop
      vertex 46.6455 -85.7273 0
      vertex 48 -85 0
      vertex 47.15 -85.9761 0
    endloop
  endfacet
  facet normal 0 0 -1
    outer loop
      vertex 46.1129 -85.5465 0
      vertex 48 -85 0
      vertex 46.6455 -85.7273 0
    endloop
  endfacet
  facet normal 0 0 -1
    outer loop
      vertex 47.6177 -86.2886 0
      vertex 48 -85 0
      vertex 48.0406 -86.6594 0
    endloop
  endfacet
  facet normal -1 0 0
    outer loop
      vertex -15 -115 0
      vertex -15 115 14
      vertex -15 115 0
    endloop
  endfacet
  facet normal -1 -0 0
    outer loop
      vertex -15 115 14
      vertex -15 -115 0
      vertex -15 -115 14
    endloop
  endfacet
  facet normal 0 1 -0
    outer loop
      vertex 115 115 0
      vertex -15 115 14
      vertex 115 115 14
    endloop
  endfacet
  facet normal 0 1 0
    outer loop
      vertex -15 115 14
      vertex 115 115 0
      vertex -15 115 0
    endloop
  endfacet
  facet normal 0 -1 0
    outer loop
      vertex -15 -115 0
      vertex 115 -115 14
      vertex -15 -115 14
    endloop
  endfacet
  facet normal 0 -1 -0
    outer loop
      vertex 115 -115 14
      vertex -15 -115 0
      vertex 115 -115 0
    endloop
  endfacet
  facet normal -1 0 0
    outer loop
      vertex 109 -109 5
      vertex 109 109 14
      vertex 109 109 5
    endloop
  endfacet
  facet normal -1 -0 0
    outer loop
      vertex 109 109 14
      vertex 109 -109 5
      vertex 109 -109 14
    endloop
  endfacet
  facet normal 0 0 1
    outer loop
      vertex 6.78504 88.3303 5
      vertex 43.215 88.3303 5
      vertex 6.94856 88.575 5
    endloop
  endfacet
  facet normal 0 0 1
    outer loop
      vertex 48 -60 5
      vertex 7.23075 -89.4063 5
      vertex 7.25 -89.7 5
    endloop
  endfacet
  facet normal 0 0 1
    outer loop
      vertex 43.215 88.3303 5
      vertex 6.78504 88.3303 5
      vertex 43.409 88.109 5
    endloop
  endfacet
  facet normal 0 0 1
    outer loop
      vertex 48 -60 5
      vertex 7.17333 -89.1177 5
      vertex 7.23075 -89.4063 5
    endloop
  endfacet
  facet normal 0 0 1
    outer loop
      vertex 6.59099 88.109 5
      vertex 43.409 88.109 5
      vertex 6.78504 88.3303 5
    endloop
  endfacet
  facet normal 0 0 1
    outer loop
      vertex 48 -60 5
      vertex 7.07873 -88.839 5
      vertex 7.17333 -89.1177 5
    endloop
  endfacet
  facet normal 0 0 1
    outer loop
      vertex 43.409 88.109 5
      vertex 6.59099 88.109 5
      vertex 48 60 5
    endloop
  endfacet
  facet normal 0 0 1
    outer loop
      vertex 48 -60 5
      vertex 6.94856 -88.575 5
      vertex 7.07873 -88.839 5
    endloop
  endfacet
  facet normal -0 0 1
    outer loop
      vertex 6.36971 87.915 5
      vertex 48 60 5
      vertex 6.59099 88.109 5
    endloop
  endfacet
  facet normal 0 0 1
    outer loop
      vertex 48 -60 5
      vertex 6.78504 -88.3303 5
      vertex 6.94856 -88.575 5
    endloop
  endfacet
  facet normal -0 0 1
    outer loop
      vertex 6.125 87.7514 5
      vertex 48 60 5
      vertex 6.36971 87.915 5
    endloop
  endfacet
  facet normal 0 0 1
    outer loop
      vertex 48 -60 5
      vertex 6.59099 -88.109 5
      vertex 6.78504 -88.3303 5
    endloop
  endfacet
  facet normal -0 0 1
    outer loop
      vertex 5.86104 87.6213 5
      vertex 48 60 5
      vertex 6.125 87.7514 5
    endloop
  endfacet
  facet normal 0 0 1
    outer loop
      vertex 48 -60 5
      vertex 6.36971 -87.915 5
      vertex 6.59099 -88.109 5
    endloop
  endfacet
  facet normal -0 0 1
    outer loop
      vertex 5.58234 87.5267 5
      vertex 48 60 5
      vertex 5.86104 87.6213 5
    endloop
  endfacet
  facet normal 0 0 1
    outer loop
      vertex 48 -60 5
      vertex 6.125 -87.7514 5
      vertex 6.36971 -87.915 5
    endloop
  endfacet
  facet normal -0 0 1
    outer loop
      vertex 5.29368 87.4693 5
      vertex 48 60 5
      vertex 5.58234 87.5267 5
    endloop
  endfacet
  facet normal 0 0 1
    outer loop
      vertex 48 -60 5
      vertex 5.86104 -87.6213 5
      vertex 6.125 -87.7514 5
    endloop
  endfacet
  facet normal -0 0 1
    outer loop
      vertex 5 87.45 5
      vertex 48 60 5
      vertex 5.29368 87.4693 5
    endloop
  endfacet
  facet normal 0 0 1
    outer loop
      vertex 48 -60 5
      vertex 5.58234 -87.5267 5
      vertex 5.86104 -87.6213 5
    endloop
  endfacet
  facet normal 0 0 1
    outer loop
      vertex 4.70632 87.4693 5
      vertex 48 60 5
      vertex 5 87.45 5
    endloop
  endfacet
  facet normal 0 0 1
    outer loop
      vertex 48 -60 5
      vertex 5.29368 -87.4693 5
      vertex 5.58234 -87.5267 5
    endloop
  endfacet
  facet normal 0 0 1
    outer loop
      vertex 4.41766 87.5267 5
      vertex 48 60 5
      vertex 4.70632 87.4693 5
    endloop
  endfacet
  facet normal 0 0 1
    outer loop
      vertex 48 -60 5
      vertex 5 -87.45 5
      vertex 5.29368 -87.4693 5
    endloop
  endfacet
  facet normal 0 0 1
    outer loop
      vertex 48 60 5
      vertex 4.41766 87.5267 5
      vertex 48 -60 5
    endloop
  endfacet
  facet normal 0 0 1
    outer loop
      vertex 48 -60 5
      vertex 4.70632 -87.4693 5
      vertex 5 -87.45 5
    endloop
  endfacet
  facet normal 0 0 1
    outer loop
      vertex 4.41766 -87.5267 5
      vertex 48 -60 5
      vertex 4.41766 87.5267 5
    endloop
  endfacet
  facet normal 0 0 1
    outer loop
      vertex 48 -60 5
      vertex 4.41766 -87.5267 5
      vertex 4.70632 -87.4693 5
    endloop
  endfacet
  facet normal 0 0 1
    outer loop
      vertex 4.13896 87.6213 5
      vertex 4.41766 -87.5267 5
      vertex 4.41766 87.5267 5
    endloop
  endfacet
  facet normal 0 0 1
    outer loop
      vertex 4.13896 87.6213 5
      vertex 4.13896 -87.6213 5
      vertex 4.41766 -87.5267 5
    endloop
  endfacet
  facet normal 0 0 1
    outer loop
      vertex 3.875 87.7514 5
      vertex 4.13896 -87.6213 5
      vertex 4.13896 87.6213 5
    endloop
  endfacet
  facet normal 0 0 1
    outer loop
      vertex 3.875 87.7514 5
      vertex 3.875 -87.7514 5
      vertex 4.13896 -87.6213 5
    endloop
  endfacet
  facet normal 0 0 1
    outer loop
      vertex 3.63029 87.915 5
      vertex 3.875 -87.7514 5
      vertex 3.875 87.7514 5
    endloop
  endfacet
  facet normal 0 0 1
    outer loop
      vertex 3.63029 87.915 5
      vertex 3.63029 -87.915 5
      vertex 3.875 -87.7514 5
    endloop
  endfacet
  facet normal 0 0 1
    outer loop
      vertex 3.40901 88.109 5
      vertex 3.63029 -87.915 5
      vertex 3.63029 87.915 5
    endloop
  endfacet
  facet normal 0 0 1
    outer loop
      vertex 3.40901 88.109 5
      vertex 3.40901 -88.109 5
      vertex 3.63029 -87.915 5
    endloop
  endfacet
  facet normal 0 0 1
    outer loop
      vertex 3.21496 88.3303 5
      vertex 3.40901 -88.109 5
      vertex 3.40901 88.109 5
    endloop
  endfacet
  facet normal 0 0 1
    outer loop
      vertex 3.21496 88.3303 5
      vertex 3.21496 -88.3303 5
      vertex 3.40901 -88.109 5
    endloop
  endfacet
  facet normal 0 0 1
    outer loop
      vertex 3.05144 88.575 5
      vertex 3.21496 -88.3303 5
      vertex 3.21496 88.3303 5
    endloop
  endfacet
  facet normal 0 0 1
    outer loop
      vertex 3.05144 88.575 5
      vertex 3.05144 -88.575 5
      vertex 3.21496 -88.3303 5
    endloop
  endfacet
  facet normal 0 0 1
    outer loop
      vertex -9 109 5
      vertex 3.05144 88.575 5
      vertex 2.92127 88.839 5
    endloop
  endfacet
  facet normal 0 0 1
    outer loop
      vertex 3.05144 88.575 5
      vertex -9 109 5
      vertex 3.05144 -88.575 5
    endloop
  endfacet
  facet normal 0 0 1
    outer loop
      vertex -9 109 5
      vertex 2.92127 88.839 5
      vertex 2.82667 89.1177 5
    endloop
  endfacet
  facet normal 0 0 1
    outer loop
      vertex -9 -109 5
      vertex 3.05144 -88.575 5
      vertex -9 109 5
    endloop
  endfacet
  facet normal 0 0 1
    outer loop
      vertex -9 109 5
      vertex 2.82667 89.1177 5
      vertex 2.76925 89.4063 5
    endloop
  endfacet
  facet normal 0 0 1
    outer loop
      vertex 3.05144 -88.575 5
      vertex -9 -109 5
      vertex 2.92127 -88.839 5
    endloop
  endfacet
  facet normal 0 0 1
    outer loop
      vertex -9 109 5
      vertex 2.76925 89.4063 5
      vertex 2.75 89.7 5
    endloop
  endfacet
  facet normal 0 0 1
    outer loop
      vertex 2.92127 -88.839 5
      vertex -9 -109 5
      vertex 2.82667 -89.1177 5
    endloop
  endfacet
  facet normal -0 0 1
    outer loop
      vertex 46.9486 88.575 5
      vertex 48 85 5
      vertex 47.0787 88.839 5
    endloop
  endfacet
  facet normal 0 0 1
    outer loop
      vertex 48 -60 5
      vertex 47.2308 -89.4063 5
      vertex 47.25 -89.7 5
    endloop
  endfacet
  facet normal -0 0 1
    outer loop
      vertex 46.785 88.3303 5
      vertex 48 85 5
      vertex 46.9486 88.575 5
    endloop
  endfacet
  facet normal 0 0 1
    outer loop
      vertex 48 -60 5
      vertex 47.1733 -89.1177 5
      vertex 47.2308 -89.4063 5
    endloop
  endfacet
  facet normal -0 0 1
    outer loop
      vertex 46.591 88.109 5
      vertex 48 85 5
      vertex 46.785 88.3303 5
    endloop
  endfacet
  facet normal 0 0 1
    outer loop
      vertex 48 -60 5
      vertex 47.0787 -88.839 5
      vertex 47.1733 -89.1177 5
    endloop
  endfacet
  facet normal -0 0 1
    outer loop
      vertex 46.3697 87.915 5
      vertex 48 85 5
      vertex 46.591 88.109 5
    endloop
  endfacet
  facet normal 0 0 1
    outer loop
      vertex 48 -60 5
      vertex 46.9486 -88.575 5
      vertex 47.0787 -88.839 5
    endloop
  endfacet
  facet normal -0 0 1
    outer loop
      vertex 46.125 87.7514 5
      vertex 48 85 5
      vertex 46.3697 87.915 5
    endloop
  endfacet
  facet normal 0 0 1
    outer loop
      vertex 48 -60 5
      vertex 46.785 -88.3303 5
      vertex 46.9486 -88.575 5
    endloop
  endfacet
  facet normal -0 0 1
    outer loop
      vertex 45.861 87.6213 5
      vertex 48 85 5
      vertex 46.125 87.7514 5
    endloop
  endfacet
  facet normal 0 0 1
    outer loop
      vertex 48 -60 5
      vertex 46.591 -88.109 5
      vertex 46.785 -88.3303 5
    endloop
  endfacet
  facet normal -0 0 1
    outer loop
      vertex 45.5823 87.5267 5
      vertex 48 85 5
      vertex 45.861 87.6213 5
    endloop
  endfacet
  facet normal 0 0 1
    outer loop
      vertex 48 -60 5
      vertex 46.3697 -87.915 5
      vertex 46.591 -88.109 5
    endloop
  endfacet
  facet normal -0 0 1
    outer loop
      vertex 45.2937 87.4693 5
      vertex 48 85 5
      vertex 45.5823 87.5267 5
    endloop
  endfacet
  facet normal 0 0 1
    outer loop
      vertex 48 -60 5
      vertex 46.125 -87.7514 5
      vertex 46.3697 -87.915 5
    endloop
  endfacet
  facet normal -0 0 1
    outer loop
      vertex 45 87.45 5
      vertex 48 85 5
      vertex 45.2937 87.4693 5
    endloop
  endfacet
  facet normal 0 0 1
    outer loop
      vertex 48 -60 5
      vertex 45.861 -87.6213 5
      vertex 46.125 -87.7514 5
    endloop
  endfacet
  facet normal 0 0 1
    outer loop
      vertex 44.7063 87.4693 5
      vertex 48 85 5
      vertex 45 87.45 5
    endloop
  endfacet
  facet normal 0 0 1
    outer loop
      vertex 48 -60 5
      vertex 45.5823 -87.5267 5
      vertex 45.861 -87.6213 5
    endloop
  endfacet
  facet normal 0 0 1
    outer loop
      vertex 44.4177 87.5267 5
      vertex 48 85 5
      vertex 44.7063 87.4693 5
    endloop
  endfacet
  facet normal 0 0 1
    outer loop
      vertex 48 -60 5
      vertex 45.2937 -87.4693 5
      vertex 45.5823 -87.5267 5
    endloop
  endfacet
  facet normal 0 0 1
    outer loop
      vertex 44.139 87.6213 5
      vertex 48 85 5
      vertex 44.4177 87.5267 5
    endloop
  endfacet
  facet normal 0 0 1
    outer loop
      vertex 48 -60 5
      vertex 45 -87.45 5
      vertex 45.2937 -87.4693 5
    endloop
  endfacet
  facet normal 0 0 1
    outer loop
      vertex 48 85 5
      vertex 44.139 87.6213 5
      vertex 48 60 5
    endloop
  endfacet
  facet normal 0 0 1
    outer loop
      vertex 48 -60 5
      vertex 44.7063 -87.4693 5
      vertex 45 -87.45 5
    endloop
  endfacet
  facet normal 0 0 1
    outer loop
      vertex 6.94856 88.575 5
      vertex 43.0514 88.575 5
      vertex 7.07873 88.839 5
    endloop
  endfacet
  facet normal 0 0 1
    outer loop
      vertex 48 -60 5
      vertex 44.4177 -87.5267 5
      vertex 44.7063 -87.4693 5
    endloop
  endfacet
  facet normal 0 0 1
    outer loop
      vertex 43.875 87.7514 5
      vertex 48 60 5
      vertex 44.139 87.6213 5
    endloop
  endfacet
  facet normal 0 0 1
    outer loop
      vertex 43.0514 88.575 5
      vertex 6.94856 88.575 5
      vertex 43.215 88.3303 5
    endloop
  endfacet
  facet normal 0 0 1
    outer loop
      vertex 43.6303 87.915 5
      vertex 48 60 5
      vertex 43.875 87.7514 5
    endloop
  endfacet
  facet normal 0 -0 1
    outer loop
      vertex 43.409 -88.109 5
      vertex 48 -60 5
      vertex 7.25 -89.7 5
    endloop
  endfacet
  facet normal 0 0 1
    outer loop
      vertex 43.409 88.109 5
      vertex 48 60 5
      vertex 43.6303 87.915 5
    endloop
  endfacet
  facet normal 0 0 1
    outer loop
      vertex 48 -60 5
      vertex 44.139 -87.6213 5
      vertex 44.4177 -87.5267 5
    endloop
  endfacet
  facet normal 0 0 1
    outer loop
      vertex 42.9213 88.839 5
      vertex 7.07873 88.839 5
      vertex 43.0514 88.575 5
    endloop
  endfacet
  facet normal 0 0 1
    outer loop
      vertex 48 -60 5
      vertex 43.875 -87.7514 5
      vertex 44.139 -87.6213 5
    endloop
  endfacet
  facet normal 0 0 1
    outer loop
      vertex 7.07873 88.839 5
      vertex 42.9213 88.839 5
      vertex 7.17333 89.1177 5
    endloop
  endfacet
  facet normal 0 0 1
    outer loop
      vertex 48 -60 5
      vertex 43.6303 -87.915 5
      vertex 43.875 -87.7514 5
    endloop
  endfacet
  facet normal 0 0 1
    outer loop
      vertex 42.8267 89.1177 5
      vertex 7.17333 89.1177 5
      vertex 42.9213 88.839 5
    endloop
  endfacet
  facet normal 0 0 1
    outer loop
      vertex 48 -60 5
      vertex 43.409 -88.109 5
      vertex 43.6303 -87.915 5
    endloop
  endfacet
  facet normal 0 0 1
    outer loop
      vertex 7.17333 89.1177 5
      vertex 42.8267 89.1177 5
      vertex 7.23075 89.4063 5
    endloop
  endfacet
  facet normal 0 0 1
    outer loop
      vertex 43.409 -88.109 5
      vertex 7.25 -89.7 5
      vertex 43.215 -88.3303 5
    endloop
  endfacet
  facet normal 0 0 1
    outer loop
      vertex 42.7692 89.4063 5
      vertex 7.23075 89.4063 5
      vertex 42.8267 89.1177 5
    endloop
  endfacet
  facet normal 0 0 1
    outer loop
      vertex 43.215 -88.3303 5
      vertex 7.25 -89.7 5
      vertex 43.0514 -88.575 5
    endloop
  endfacet
  facet normal 0 0 1
    outer loop
      vertex 7.23075 89.4063 5
      vertex 42.7692 89.4063 5
      vertex 7.25 89.7 5
    endloop
  endfacet
  facet normal 0 0 1
    outer loop
      vertex 43.0514 -88.575 5
      vertex 7.25 -89.7 5
      vertex 42.9213 -88.839 5
    endloop
  endfacet
  facet normal -0 0 1
    outer loop
      vertex 7.25 89.7 5
      vertex 42.7692 89.4063 5
      vertex 42.75 89.7 5
    endloop
  endfacet
  facet normal 0 0 1
    outer loop
      vertex 42.9213 -88.839 5
      vertex 7.25 -89.7 5
      vertex 42.8267 -89.1177 5
    endloop
  endfacet
  facet normal -0 0 1
    outer loop
      vertex 48 60 5
      vertex 52 -60 5
      vertex 52 60 5
    endloop
  endfacet
  facet normal 0 0 1
    outer loop
      vertex 52 -60 5
      vertex 48 60 5
      vertex 48 -60 5
    endloop
  endfacet
  facet normal 0 0 1
    outer loop
      vertex 52 60 5
      vertex 109 109 5
      vertex 52 85 5
    endloop
  endfacet
  facet normal -0 0 1
    outer loop
      vertex 46.9486 90.825 5
      vertex 52 85 5
      vertex 109 109 5
    endloop
  endfacet
  facet normal -0 0 1
    outer loop
      vertex 47.1733 89.1177 5
      vertex 52 85 5
      vertex 47.2308 89.4063 5
    endloop
  endfacet
  facet normal -0 0 1
    outer loop
      vertex 47.0787 88.839 5
      vertex 52 85 5
      vertex 47.1733 89.1177 5
    endloop
  endfacet
  facet normal 0 0 1
    outer loop
      vertex 52 85 5
      vertex 47.0787 88.839 5
      vertex 48 85 5
    endloop
  endfacet
  facet normal -0 -0 1
    outer loop
      vertex 47.25 89.7 5
      vertex 52 85 5
      vertex 47.2308 89.9937 5
    endloop
  endfacet
  facet normal -0 0 1
    outer loop
      vertex 47.2308 89.4063 5
      vertex 52 85 5
      vertex 47.25 89.7 5
    endloop
  endfacet
  facet normal 0 0 1
    outer loop
      vertex 52 85 5
      vertex 47.1733 90.2823 5
      vertex 47.2308 89.9937 5
    endloop
  endfacet
  facet normal 0 0 1
    outer loop
      vertex 52 85 5
      vertex 47.0787 90.561 5
      vertex 47.1733 90.2823 5
    endloop
  endfacet
  facet normal 0 0 1
    outer loop
      vertex 52 85 5
      vertex 46.9486 90.825 5
      vertex 47.0787 90.561 5
    endloop
  endfacet
  facet normal 0 0 1
    outer loop
      vertex 109 109 5
      vertex 46.785 91.0697 5
      vertex 46.9486 90.825 5
    endloop
  endfacet
  facet normal 0 0 1
    outer loop
      vertex 109 109 5
      vertex 46.591 91.291 5
      vertex 46.785 91.0697 5
    endloop
  endfacet
  facet normal 0 0 1
    outer loop
      vertex 109 109 5
      vertex 46.3697 91.485 5
      vertex 46.591 91.291 5
    endloop
  endfacet
  facet normal 0 0 1
    outer loop
      vertex 109 109 5
      vertex 46.125 91.6486 5
      vertex 46.3697 91.485 5
    endloop
  endfacet
  facet normal 0 0 1
    outer loop
      vertex 109 109 5
      vertex 45.861 91.7787 5
      vertex 46.125 91.6486 5
    endloop
  endfacet
  facet normal 0 0 1
    outer loop
      vertex 109 109 5
      vertex 45.5823 91.8733 5
      vertex 45.861 91.7787 5
    endloop
  endfacet
  facet normal 0 0 1
    outer loop
      vertex 109 109 5
      vertex 45.2937 91.9307 5
      vertex 45.5823 91.8733 5
    endloop
  endfacet
  facet normal 0 0 1
    outer loop
      vertex 109 109 5
      vertex 45 91.95 5
      vertex 45.2937 91.9307 5
    endloop
  endfacet
  facet normal -0 0 1
    outer loop
      vertex -9 109 5
      vertex 45 91.95 5
      vertex 109 109 5
    endloop
  endfacet
  facet normal 0 0 1
    outer loop
      vertex 45 91.95 5
      vertex -9 109 5
      vertex 44.7063 91.9307 5
    endloop
  endfacet
  facet normal 0 0 1
    outer loop
      vertex 42.8267 -89.1177 5
      vertex 7.25 -89.7 5
      vertex 42.7692 -89.4063 5
    endloop
  endfacet
  facet normal 0 0 1
    outer loop
      vertex 42.7692 89.9937 5
      vertex 7.25 89.7 5
      vertex 42.75 89.7 5
    endloop
  endfacet
  facet normal 0 0 1
    outer loop
      vertex 7.23075 89.9937 5
      vertex 42.7692 89.9937 5
      vertex 42.8267 90.2823 5
    endloop
  endfacet
  facet normal 0 0 1
    outer loop
      vertex 7.17333 90.2823 5
      vertex 42.8267 90.2823 5
      vertex 42.9213 90.561 5
    endloop
  endfacet
  facet normal 0 0 1
    outer loop
      vertex 7.07873 90.561 5
      vertex 42.9213 90.561 5
      vertex 43.0514 90.825 5
    endloop
  endfacet
  facet normal 0 0 1
    outer loop
      vertex 6.94856 90.825 5
      vertex 43.0514 90.825 5
      vertex 43.215 91.0697 5
    endloop
  endfacet
  facet normal 0 0 1
    outer loop
      vertex 6.78504 91.0697 5
      vertex 43.215 91.0697 5
      vertex 43.409 91.291 5
    endloop
  endfacet
  facet normal 0 0 1
    outer loop
      vertex 6.59099 91.291 5
      vertex 43.409 91.291 5
      vertex 43.6303 91.485 5
    endloop
  endfacet
  facet normal 0 0 1
    outer loop
      vertex 6.36971 91.485 5
      vertex 43.6303 91.485 5
      vertex 43.875 91.6486 5
    endloop
  endfacet
  facet normal 0 0 1
    outer loop
      vertex -9 109 5
      vertex 43.875 91.6486 5
      vertex 44.139 91.7787 5
    endloop
  endfacet
  facet normal 0 0 1
    outer loop
      vertex -9 109 5
      vertex 44.139 91.7787 5
      vertex 44.4177 91.8733 5
    endloop
  endfacet
  facet normal 0 0 1
    outer loop
      vertex 44.7063 91.9307 5
      vertex -9 109 5
      vertex 44.4177 91.8733 5
    endloop
  endfacet
  facet normal 0 0 1
    outer loop
      vertex 42.7692 89.9937 5
      vertex 7.23075 89.9937 5
      vertex 7.25 89.7 5
    endloop
  endfacet
  facet normal 0 0 1
    outer loop
      vertex 42.8267 90.2823 5
      vertex 7.17333 90.2823 5
      vertex 7.23075 89.9937 5
    endloop
  endfacet
  facet normal 0 0 1
    outer loop
      vertex 42.9213 90.561 5
      vertex 7.07873 90.561 5
      vertex 7.17333 90.2823 5
    endloop
  endfacet
  facet normal 0 0 1
    outer loop
      vertex 43.0514 90.825 5
      vertex 6.94856 90.825 5
      vertex 7.07873 90.561 5
    endloop
  endfacet
  facet normal 0 0 1
    outer loop
      vertex 43.215 91.0697 5
      vertex 6.78504 91.0697 5
      vertex 6.94856 90.825 5
    endloop
  endfacet
  facet normal 0 0 1
    outer loop
      vertex 43.409 91.291 5
      vertex 6.59099 91.291 5
      vertex 6.78504 91.0697 5
    endloop
  endfacet
  facet normal 0 0 1
    outer loop
      vertex 43.6303 91.485 5
      vertex 6.36971 91.485 5
      vertex 6.59099 91.291 5
    endloop
  endfacet
  facet normal 0 0 1
    outer loop
      vertex 43.875 91.6486 5
      vertex -9 109 5
      vertex 6.125 91.6486 5
    endloop
  endfacet
  facet normal 0 0 1
    outer loop
      vertex 43.875 91.6486 5
      vertex 6.125 91.6486 5
      vertex 6.36971 91.485 5
    endloop
  endfacet
  facet normal 0 0 1
    outer loop
      vertex 6.125 91.6486 5
      vertex -9 109 5
      vertex 5.86104 91.7787 5
    endloop
  endfacet
  facet normal 0 0 1
    outer loop
      vertex 5.86104 91.7787 5
      vertex -9 109 5
      vertex 5.58234 91.8733 5
    endloop
  endfacet
  facet normal 0 0 1
    outer loop
      vertex 5.58234 91.8733 5
      vertex -9 109 5
      vertex 5.29368 91.9307 5
    endloop
  endfacet
  facet normal 0 0 1
    outer loop
      vertex 5.29368 91.9307 5
      vertex -9 109 5
      vertex 5 91.95 5
    endloop
  endfacet
  facet normal 0 0 1
    outer loop
      vertex 2.82667 -89.1177 5
      vertex -9 -109 5
      vertex 2.76925 -89.4063 5
    endloop
  endfacet
  facet normal 0 0 1
    outer loop
      vertex 2.76925 89.9937 5
      vertex -9 109 5
      vertex 2.75 89.7 5
    endloop
  endfacet
  facet normal 0 0 1
    outer loop
      vertex 2.82667 90.2823 5
      vertex -9 109 5
      vertex 2.76925 89.9937 5
    endloop
  endfacet
  facet normal 0 0 1
    outer loop
      vertex 2.92127 90.561 5
      vertex -9 109 5
      vertex 2.82667 90.2823 5
    endloop
  endfacet
  facet normal 0 0 1
    outer loop
      vertex 3.05144 90.825 5
      vertex -9 109 5
      vertex 2.92127 90.561 5
    endloop
  endfacet
  facet normal 0 0 1
    outer loop
      vertex 3.21496 91.0697 5
      vertex -9 109 5
      vertex 3.05144 90.825 5
    endloop
  endfacet
  facet normal 0 0 1
    outer loop
      vertex 3.40901 91.291 5
      vertex -9 109 5
      vertex 3.21496 91.0697 5
    endloop
  endfacet
  facet normal 0 0 1
    outer loop
      vertex 3.63029 91.485 5
      vertex -9 109 5
      vertex 3.40901 91.291 5
    endloop
  endfacet
  facet normal 0 0 1
    outer loop
      vertex 3.875 91.6486 5
      vertex -9 109 5
      vertex 3.63029 91.485 5
    endloop
  endfacet
  facet normal 0 0 1
    outer loop
      vertex 4.13896 91.7787 5
      vertex -9 109 5
      vertex 3.875 91.6486 5
    endloop
  endfacet
  facet normal 0 0 1
    outer loop
      vertex 4.41766 91.8733 5
      vertex -9 109 5
      vertex 4.13896 91.7787 5
    endloop
  endfacet
  facet normal 0 0 1
    outer loop
      vertex 4.70632 91.9307 5
      vertex -9 109 5
      vertex 4.41766 91.8733 5
    endloop
  endfacet
  facet normal 0 0 1
    outer loop
      vertex 5 91.95 5
      vertex -9 109 5
      vertex 4.70632 91.9307 5
    endloop
  endfacet
  facet normal 0 0 1
    outer loop
      vertex 109 109 5
      vertex 52 60 5
      vertex 109 -109 5
    endloop
  endfacet
  facet normal -0 0 1
    outer loop
      vertex 52 -60 5
      vertex 109 -109 5
      vertex 52 60 5
    endloop
  endfacet
  facet normal -0 0 1
    outer loop
      vertex 52 -85 5
      vertex 109 -109 5
      vertex 52 -60 5
    endloop
  endfacet
  facet normal 0 0 1
    outer loop
      vertex 47.25 -89.7 5
      vertex 52 -85 5
      vertex 48 -85 5
    endloop
  endfacet
  facet normal 0 0 1
    outer loop
      vertex 48 -60 5
      vertex 47.25 -89.7 5
      vertex 48 -85 5
    endloop
  endfacet
  facet normal 0 0 1
    outer loop
      vertex 52 -85 5
      vertex 47.25 -89.7 5
      vertex 47.2308 -89.9937 5
    endloop
  endfacet
  facet normal 0 0 1
    outer loop
      vertex 47.1733 -90.2823 5
      vertex 52 -85 5
      vertex 47.2308 -89.9937 5
    endloop
  endfacet
  facet normal 0 0 1
    outer loop
      vertex 47.0787 -90.561 5
      vertex 52 -85 5
      vertex 47.1733 -90.2823 5
    endloop
  endfacet
  facet normal 0 0 1
    outer loop
      vertex 46.9486 -90.825 5
      vertex 52 -85 5
      vertex 47.0787 -90.561 5
    endloop
  endfacet
  facet normal 0 0 1
    outer loop
      vertex 52 -85 5
      vertex 46.9486 -90.825 5
      vertex 109 -109 5
    endloop
  endfacet
  facet normal -0 0 1
    outer loop
      vertex 46.785 -91.0697 5
      vertex 109 -109 5
      vertex 46.9486 -90.825 5
    endloop
  endfacet
  facet normal -0 0 1
    outer loop
      vertex 46.591 -91.291 5
      vertex 109 -109 5
      vertex 46.785 -91.0697 5
    endloop
  endfacet
  facet normal -0 0 1
    outer loop
      vertex 46.3697 -91.485 5
      vertex 109 -109 5
      vertex 46.591 -91.291 5
    endloop
  endfacet
  facet normal -0 0 1
    outer loop
      vertex 46.125 -91.6486 5
      vertex 109 -109 5
      vertex 46.3697 -91.485 5
    endloop
  endfacet
  facet normal -0 0 1
    outer loop
      vertex 45.861 -91.7787 5
      vertex 109 -109 5
      vertex 46.125 -91.6486 5
    endloop
  endfacet
  facet normal -0 0 1
    outer loop
      vertex 45.5823 -91.8733 5
      vertex 109 -109 5
      vertex 45.861 -91.7787 5
    endloop
  endfacet
  facet normal -0 0 1
    outer loop
      vertex 45.2937 -91.9307 5
      vertex 109 -109 5
      vertex 45.5823 -91.8733 5
    endloop
  endfacet
  facet normal -0 0 1
    outer loop
      vertex 45 -91.95 5
      vertex 109 -109 5
      vertex 45.2937 -91.9307 5
    endloop
  endfacet
  facet normal 0 0 1
    outer loop
      vertex -9 -109 5
      vertex 45 -91.95 5
      vertex 44.7063 -91.9307 5
    endloop
  endfacet
  facet normal 0 0 1
    outer loop
      vertex -9 -109 5
      vertex 44.7063 -91.9307 5
      vertex 44.4177 -91.8733 5
    endloop
  endfacet
  facet normal 0 0 1
    outer loop
      vertex 42.7692 -89.4063 5
      vertex 7.25 -89.7 5
      vertex 42.75 -89.7 5
    endloop
  endfacet
  facet normal 0 0 1
    outer loop
      vertex 42.75 -89.7 5
      vertex 7.25 -89.7 5
      vertex 42.7692 -89.9937 5
    endloop
  endfacet
  facet normal 0 0 1
    outer loop
      vertex 7.23075 -89.9937 5
      vertex 42.7692 -89.9937 5
      vertex 7.25 -89.7 5
    endloop
  endfacet
  facet normal 0 0 1
    outer loop
      vertex 42.7692 -89.9937 5
      vertex 7.23075 -89.9937 5
      vertex 42.8267 -90.2823 5
    endloop
  endfacet
  facet normal 0 0 1
    outer loop
      vertex 7.17333 -90.2823 5
      vertex 42.8267 -90.2823 5
      vertex 7.23075 -89.9937 5
    endloop
  endfacet
  facet normal 0 0 1
    outer loop
      vertex 42.8267 -90.2823 5
      vertex 7.17333 -90.2823 5
      vertex 42.9213 -90.561 5
    endloop
  endfacet
  facet normal 0 0 1
    outer loop
      vertex 7.07873 -90.561 5
      vertex 42.9213 -90.561 5
      vertex 7.17333 -90.2823 5
    endloop
  endfacet
  facet normal 0 0 1
    outer loop
      vertex 42.9213 -90.561 5
      vertex 7.07873 -90.561 5
      vertex 43.0514 -90.825 5
    endloop
  endfacet
  facet normal 0 0 1
    outer loop
      vertex 6.94856 -90.825 5
      vertex 43.0514 -90.825 5
      vertex 7.07873 -90.561 5
    endloop
  endfacet
  facet normal 0 0 1
    outer loop
      vertex 43.0514 -90.825 5
      vertex 6.94856 -90.825 5
      vertex 43.215 -91.0697 5
    endloop
  endfacet
  facet normal 0 0 1
    outer loop
      vertex 6.78504 -91.0697 5
      vertex 43.215 -91.0697 5
      vertex 6.94856 -90.825 5
    endloop
  endfacet
  facet normal 0 0 1
    outer loop
      vertex 43.215 -91.0697 5
      vertex 6.78504 -91.0697 5
      vertex 43.409 -91.291 5
    endloop
  endfacet
  facet normal 0 0 1
    outer loop
      vertex 6.59099 -91.291 5
      vertex 43.409 -91.291 5
      vertex 6.78504 -91.0697 5
    endloop
  endfacet
  facet normal 0 0 1
    outer loop
      vertex 43.409 -91.291 5
      vertex 6.59099 -91.291 5
      vertex 43.6303 -91.485 5
    endloop
  endfacet
  facet normal 0 0 1
    outer loop
      vertex 6.36971 -91.485 5
      vertex 43.6303 -91.485 5
      vertex 6.59099 -91.291 5
    endloop
  endfacet
  facet normal 0 0 1
    outer loop
      vertex 43.6303 -91.485 5
      vertex 6.36971 -91.485 5
      vertex 43.875 -91.6486 5
    endloop
  endfacet
  facet normal 0 0 1
    outer loop
      vertex 6.125 -91.6486 5
      vertex 43.875 -91.6486 5
      vertex 6.36971 -91.485 5
    endloop
  endfacet
  facet normal 0 0 1
    outer loop
      vertex -9 -109 5
      vertex 43.875 -91.6486 5
      vertex 6.125 -91.6486 5
    endloop
  endfacet
  facet normal 0 0 1
    outer loop
      vertex 43.875 -91.6486 5
      vertex -9 -109 5
      vertex 44.139 -91.7787 5
    endloop
  endfacet
  facet normal 0 0 1
    outer loop
      vertex 44.139 -91.7787 5
      vertex -9 -109 5
      vertex 44.4177 -91.8733 5
    endloop
  endfacet
  facet normal 0 0 1
    outer loop
      vertex -9 -109 5
      vertex 6.125 -91.6486 5
      vertex 5.86104 -91.7787 5
    endloop
  endfacet
  facet normal 0 0 1
    outer loop
      vertex -9 -109 5
      vertex 5.86104 -91.7787 5
      vertex 5.58234 -91.8733 5
    endloop
  endfacet
  facet normal 0 0 1
    outer loop
      vertex -9 -109 5
      vertex 5.58234 -91.8733 5
      vertex 5.29368 -91.9307 5
    endloop
  endfacet
  facet normal 0 0 1
    outer loop
      vertex -9 -109 5
      vertex 5.29368 -91.9307 5
      vertex 5 -91.95 5
    endloop
  endfacet
  facet normal 0 0 1
    outer loop
      vertex -9 -109 5
      vertex 5 -91.95 5
      vertex 4.70632 -91.9307 5
    endloop
  endfacet
  facet normal 0 0 1
    outer loop
      vertex 45 -91.95 5
      vertex -9 -109 5
      vertex 109 -109 5
    endloop
  endfacet
  facet normal 0 0 1
    outer loop
      vertex 4.41766 -91.8733 5
      vertex -9 -109 5
      vertex 4.70632 -91.9307 5
    endloop
  endfacet
  facet normal 0 0 1
    outer loop
      vertex 4.13896 -91.7787 5
      vertex -9 -109 5
      vertex 4.41766 -91.8733 5
    endloop
  endfacet
  facet normal 0 0 1
    outer loop
      vertex 3.875 -91.6486 5
      vertex -9 -109 5
      vertex 4.13896 -91.7787 5
    endloop
  endfacet
  facet normal 0 0 1
    outer loop
      vertex 3.63029 -91.485 5
      vertex -9 -109 5
      vertex 3.875 -91.6486 5
    endloop
  endfacet
  facet normal 0 0 1
    outer loop
      vertex 3.40901 -91.291 5
      vertex -9 -109 5
      vertex 3.63029 -91.485 5
    endloop
  endfacet
  facet normal 0 0 1
    outer loop
      vertex 3.21496 -91.0697 5
      vertex -9 -109 5
      vertex 3.40901 -91.291 5
    endloop
  endfacet
  facet normal 0 0 1
    outer loop
      vertex 3.05144 -90.825 5
      vertex -9 -109 5
      vertex 3.21496 -91.0697 5
    endloop
  endfacet
  facet normal 0 0 1
    outer loop
      vertex 2.92127 -90.561 5
      vertex -9 -109 5
      vertex 3.05144 -90.825 5
    endloop
  endfacet
  facet normal 0 0 1
    outer loop
      vertex 2.82667 -90.2823 5
      vertex -9 -109 5
      vertex 2.92127 -90.561 5
    endloop
  endfacet
  facet normal 0 0 1
    outer loop
      vertex 2.76925 -89.9937 5
      vertex -9 -109 5
      vertex 2.82667 -90.2823 5
    endloop
  endfacet
  facet normal 0 0 1
    outer loop
      vertex 2.75 -89.7 5
      vertex -9 -109 5
      vertex 2.76925 -89.9937 5
    endloop
  endfacet
  facet normal 0 0 1
    outer loop
      vertex 2.76925 -89.4063 5
      vertex -9 -109 5
      vertex 2.75 -89.7 5
    endloop
  endfacet
  facet normal 1 -0 0
    outer loop
      vertex -9 -109 14
      vertex -9 109 5
      vertex -9 109 14
    endloop
  endfacet
  facet normal 1 0 0
    outer loop
      vertex -9 109 5
      vertex -9 -109 14
      vertex -9 -109 5
    endloop
  endfacet
  facet normal 0 -1 0
    outer loop
      vertex -9 109 5
      vertex 109 109 14
      vertex -9 109 14
    endloop
  endfacet
  facet normal 0 -1 -0
    outer loop
      vertex 109 109 14
      vertex -9 109 5
      vertex 109 109 5
    endloop
  endfacet
  facet normal 0 1 -0
    outer loop
      vertex 109 -109 5
      vertex -9 -109 14
      vertex 109 -109 14
    endloop
  endfacet
  facet normal 0 1 0
    outer loop
      vertex -9 -109 14
      vertex 109 -109 5
      vertex -9 -109 5
    endloop
  endfacet
  facet normal -0.980776 -0.195136 0
    outer loop
      vertex 7.23075 -89.4063 2.05
      vertex 7.17333 -89.1177 5
      vertex 7.17333 -89.1177 2.05
    endloop
  endfacet
  facet normal -0.980776 -0.195136 0
    outer loop
      vertex 7.17333 -89.1177 5
      vertex 7.23075 -89.4063 2.05
      vertex 7.23075 -89.4063 5
    endloop
  endfacet
  facet normal -0.997859 -0.0654027 0
    outer loop
      vertex 7.25 -89.7 2.05
      vertex 7.23075 -89.4063 5
      vertex 7.23075 -89.4063 2.05
    endloop
  endfacet
  facet normal -0.997859 -0.0654027 0
    outer loop
      vertex 7.23075 -89.4063 5
      vertex 7.25 -89.7 2.05
      vertex 7.25 -89.7 5
    endloop
  endfacet
  facet normal -0.946936 -0.321421 0
    outer loop
      vertex 7.17333 -89.1177 2.05
      vertex 7.07873 -88.839 5
      vertex 7.07873 -88.839 2.05
    endloop
  endfacet
  facet normal -0.946936 -0.321421 0
    outer loop
      vertex 7.07873 -88.839 5
      vertex 7.17333 -89.1177 2.05
      vertex 7.17333 -89.1177 5
    endloop
  endfacet
  facet normal -0.831443 -0.555609 0
    outer loop
      vertex 6.94856 -88.575 2.05
      vertex 6.78504 -88.3303 5
      vertex 6.78504 -88.3303 2.05
    endloop
  endfacet
  facet normal -0.831443 -0.555609 0
    outer loop
      vertex 6.78504 -88.3303 5
      vertex 6.94856 -88.575 2.05
      vertex 6.94856 -88.575 5
    endloop
  endfacet
  facet normal 0.659236 0.751936 -0
    outer loop
      vertex 3.63029 -91.485 2.05
      vertex 3.40901 -91.291 5
      vertex 3.63029 -91.485 5
    endloop
  endfacet
  facet normal 0.659236 0.751936 0
    outer loop
      vertex 3.40901 -91.291 5
      vertex 3.63029 -91.485 2.05
      vertex 3.40901 -91.291 2.05
    endloop
  endfacet
  facet normal -0.751882 0.659298 0
    outer loop
      vertex 6.59099 -91.291 2.05
      vertex 6.78504 -91.0697 5
      vertex 6.78504 -91.0697 2.05
    endloop
  endfacet
  facet normal -0.751882 0.659298 0
    outer loop
      vertex 6.78504 -91.0697 5
      vertex 6.59099 -91.291 2.05
      vertex 6.59099 -91.291 5
    endloop
  endfacet
  facet normal -0.659236 -0.751936 0
    outer loop
      vertex 6.36971 -87.915 2.05
      vertex 6.59099 -88.109 5
      vertex 6.36971 -87.915 5
    endloop
  endfacet
  facet normal -0.659236 -0.751936 -0
    outer loop
      vertex 6.59099 -88.109 5
      vertex 6.36971 -87.915 2.05
      vertex 6.59099 -88.109 2.05
    endloop
  endfacet
  facet normal 0.442096 -0.896968 0
    outer loop
      vertex 3.875 -87.7514 2.05
      vertex 4.13896 -87.6213 5
      vertex 3.875 -87.7514 5
    endloop
  endfacet
  facet normal 0.442096 -0.896968 0
    outer loop
      vertex 4.13896 -87.6213 5
      vertex 3.875 -87.7514 2.05
      vertex 4.13896 -87.6213 2.05
    endloop
  endfacet
  facet normal -0.442096 -0.896968 0
    outer loop
      vertex 5.86104 -87.6213 2.05
      vertex 6.125 -87.7514 5
      vertex 5.86104 -87.6213 5
    endloop
  endfacet
  facet normal -0.442096 -0.896968 -0
    outer loop
      vertex 6.125 -87.7514 5
      vertex 5.86104 -87.6213 2.05
      vertex 6.125 -87.7514 2.05
    endloop
  endfacet
  facet normal -0.8969 0.442233 0
    outer loop
      vertex 6.94856 -90.825 2.05
      vertex 7.07873 -90.561 5
      vertex 7.07873 -90.561 2.05
    endloop
  endfacet
  facet normal -0.8969 0.442233 0
    outer loop
      vertex 7.07873 -90.561 5
      vertex 6.94856 -90.825 2.05
      vertex 6.94856 -90.825 5
    endloop
  endfacet
  facet normal -0.321421 0.946936 0
    outer loop
      vertex 5.86104 -91.7787 2.05
      vertex 5.58234 -91.8733 5
      vertex 5.86104 -91.7787 5
    endloop
  endfacet
  facet normal -0.321421 0.946936 0
    outer loop
      vertex 5.58234 -91.8733 5
      vertex 5.86104 -91.7787 2.05
      vertex 5.58234 -91.8733 2.05
    endloop
  endfacet
  facet normal -0.8969 -0.442233 0
    outer loop
      vertex 7.07873 -88.839 2.05
      vertex 6.94856 -88.575 5
      vertex 6.94856 -88.575 2.05
    endloop
  endfacet
  facet normal -0.8969 -0.442233 0
    outer loop
      vertex 6.94856 -88.575 5
      vertex 7.07873 -88.839 2.05
      vertex 7.07873 -88.839 5
    endloop
  endfacet
  facet normal 0.8969 -0.442233 0
    outer loop
      vertex 2.92127 -88.839 5
      vertex 3.05144 -88.575 2.05
      vertex 3.05144 -88.575 5
    endloop
  endfacet
  facet normal 0.8969 -0.442233 0
    outer loop
      vertex 3.05144 -88.575 2.05
      vertex 2.92127 -88.839 5
      vertex 2.92127 -88.839 2.05
    endloop
  endfacet
  facet normal -0.751882 -0.659298 0
    outer loop
      vertex 6.78504 -88.3303 2.05
      vertex 6.59099 -88.109 5
      vertex 6.59099 -88.109 2.05
    endloop
  endfacet
  facet normal -0.751882 -0.659298 0
    outer loop
      vertex 6.59099 -88.109 5
      vertex 6.78504 -88.3303 2.05
      vertex 6.78504 -88.3303 5
    endloop
  endfacet
  facet normal -0.980776 0.195136 0
    outer loop
      vertex 7.17333 -90.2823 2.05
      vertex 7.23075 -89.9937 5
      vertex 7.23075 -89.9937 2.05
    endloop
  endfacet
  facet normal -0.980776 0.195136 0
    outer loop
      vertex 7.23075 -89.9937 5
      vertex 7.17333 -90.2823 2.05
      vertex 7.17333 -90.2823 5
    endloop
  endfacet
  facet normal -0.997859 0.0654027 0
    outer loop
      vertex 7.23075 -89.9937 2.05
      vertex 7.25 -89.7 5
      vertex 7.25 -89.7 2.05
    endloop
  endfacet
  facet normal -0.997859 0.0654027 0
    outer loop
      vertex 7.25 -89.7 5
      vertex 7.23075 -89.9937 2.05
      vertex 7.23075 -89.9937 5
    endloop
  endfacet
  facet normal 0.555782 0.831328 -0
    outer loop
      vertex 3.875 -91.6486 2.05
      vertex 3.63029 -91.485 5
      vertex 3.875 -91.6486 5
    endloop
  endfacet
  facet normal 0.555782 0.831328 0
    outer loop
      vertex 3.63029 -91.485 5
      vertex 3.875 -91.6486 2.05
      vertex 3.63029 -91.485 2.05
    endloop
  endfacet
  facet normal 0.946936 0.321421 0
    outer loop
      vertex 2.92127 -90.561 5
      vertex 2.82667 -90.2823 2.05
      vertex 2.82667 -90.2823 5
    endloop
  endfacet
  facet normal 0.946936 0.321421 0
    outer loop
      vertex 2.82667 -90.2823 2.05
      vertex 2.92127 -90.561 5
      vertex 2.92127 -90.561 2.05
    endloop
  endfacet
  facet normal 0.997859 0.0654027 0
    outer loop
      vertex 2.76925 -89.9937 5
      vertex 2.75 -89.7 2.05
      vertex 2.75 -89.7 5
    endloop
  endfacet
  facet normal 0.997859 0.0654027 0
    outer loop
      vertex 2.75 -89.7 2.05
      vertex 2.76925 -89.9937 5
      vertex 2.76925 -89.9937 2.05
    endloop
  endfacet
  facet normal 0.751882 0.659298 0
    outer loop
      vertex 3.40901 -91.291 5
      vertex 3.21496 -91.0697 2.05
      vertex 3.21496 -91.0697 5
    endloop
  endfacet
  facet normal 0.751882 0.659298 0
    outer loop
      vertex 3.21496 -91.0697 2.05
      vertex 3.40901 -91.291 5
      vertex 3.40901 -91.291 2.05
    endloop
  endfacet
  facet normal 0.321421 -0.946936 0
    outer loop
      vertex 4.13896 -87.6213 2.05
      vertex 4.41766 -87.5267 5
      vertex 4.13896 -87.6213 5
    endloop
  endfacet
  facet normal 0.321421 -0.946936 0
    outer loop
      vertex 4.41766 -87.5267 5
      vertex 4.13896 -87.6213 2.05
      vertex 4.41766 -87.5267 2.05
    endloop
  endfacet
  facet normal -0.659236 0.751936 0
    outer loop
      vertex 6.59099 -91.291 2.05
      vertex 6.36971 -91.485 5
      vertex 6.59099 -91.291 5
    endloop
  endfacet
  facet normal -0.659236 0.751936 0
    outer loop
      vertex 6.36971 -91.485 5
      vertex 6.59099 -91.291 2.05
      vertex 6.36971 -91.485 2.05
    endloop
  endfacet
  facet normal -0.0655763 0.997848 0
    outer loop
      vertex 5.29368 -91.9307 2.05
      vertex 5 -91.95 5
      vertex 5.29368 -91.9307 5
    endloop
  endfacet
  facet normal -0.0655763 0.997848 0
    outer loop
      vertex 5 -91.95 5
      vertex 5.29368 -91.9307 2.05
      vertex 5 -91.95 2.05
    endloop
  endfacet
  facet normal -0.195031 -0.980797 0
    outer loop
      vertex 5.29368 -87.4693 2.05
      vertex 5.58234 -87.5267 5
      vertex 5.29368 -87.4693 5
    endloop
  endfacet
  facet normal -0.195031 -0.980797 -0
    outer loop
      vertex 5.58234 -87.5267 5
      vertex 5.29368 -87.4693 2.05
      vertex 5.58234 -87.5267 2.05
    endloop
  endfacet
  facet normal -0.321421 -0.946936 0
    outer loop
      vertex 5.58234 -87.5267 2.05
      vertex 5.86104 -87.6213 5
      vertex 5.58234 -87.5267 5
    endloop
  endfacet
  facet normal -0.321421 -0.946936 -0
    outer loop
      vertex 5.86104 -87.6213 5
      vertex 5.58234 -87.5267 2.05
      vertex 5.86104 -87.6213 2.05
    endloop
  endfacet
  facet normal -0.946936 0.321421 0
    outer loop
      vertex 7.07873 -90.561 2.05
      vertex 7.17333 -90.2823 5
      vertex 7.17333 -90.2823 2.05
    endloop
  endfacet
  facet normal -0.946936 0.321421 0
    outer loop
      vertex 7.17333 -90.2823 5
      vertex 7.07873 -90.561 2.05
      vertex 7.07873 -90.561 5
    endloop
  endfacet
  facet normal 0.195031 -0.980797 0
    outer loop
      vertex 4.41766 -87.5267 2.05
      vertex 4.70632 -87.4693 5
      vertex 4.41766 -87.5267 5
    endloop
  endfacet
  facet normal 0.195031 -0.980797 0
    outer loop
      vertex 4.70632 -87.4693 5
      vertex 4.41766 -87.5267 2.05
      vertex 4.70632 -87.4693 2.05
    endloop
  endfacet
  facet normal 0.946936 -0.321421 0
    outer loop
      vertex 2.82667 -89.1177 5
      vertex 2.92127 -88.839 2.05
      vertex 2.92127 -88.839 5
    endloop
  endfacet
  facet normal 0.946936 -0.321421 0
    outer loop
      vertex 2.92127 -88.839 2.05
      vertex 2.82667 -89.1177 5
      vertex 2.82667 -89.1177 2.05
    endloop
  endfacet
  facet normal -0.555782 -0.831328 0
    outer loop
      vertex 6.125 -87.7514 2.05
      vertex 6.36971 -87.915 5
      vertex 6.125 -87.7514 5
    endloop
  endfacet
  facet normal -0.555782 -0.831328 -0
    outer loop
      vertex 6.36971 -87.915 5
      vertex 6.125 -87.7514 2.05
      vertex 6.36971 -87.915 2.05
    endloop
  endfacet
  facet normal -0.195031 0.980797 0
    outer loop
      vertex 5.58234 -91.8733 2.05
      vertex 5.29368 -91.9307 5
      vertex 5.58234 -91.8733 5
    endloop
  endfacet
  facet normal -0.195031 0.980797 0
    outer loop
      vertex 5.29368 -91.9307 5
      vertex 5.58234 -91.8733 2.05
      vertex 5.29368 -91.9307 2.05
    endloop
  endfacet
  facet normal -0.442096 0.896968 0
    outer loop
      vertex 6.125 -91.6486 2.05
      vertex 5.86104 -91.7787 5
      vertex 6.125 -91.6486 5
    endloop
  endfacet
  facet normal -0.442096 0.896968 0
    outer loop
      vertex 5.86104 -91.7787 5
      vertex 6.125 -91.6486 2.05
      vertex 5.86104 -91.7787 2.05
    endloop
  endfacet
  facet normal 0.442096 0.896968 -0
    outer loop
      vertex 4.13896 -91.7787 2.05
      vertex 3.875 -91.6486 5
      vertex 4.13896 -91.7787 5
    endloop
  endfacet
  facet normal 0.442096 0.896968 0
    outer loop
      vertex 3.875 -91.6486 5
      vertex 4.13896 -91.7787 2.05
      vertex 3.875 -91.6486 2.05
    endloop
  endfacet
  facet normal 0.751882 -0.659298 0
    outer loop
      vertex 3.21496 -88.3303 5
      vertex 3.40901 -88.109 2.05
      vertex 3.40901 -88.109 5
    endloop
  endfacet
  facet normal 0.751882 -0.659298 0
    outer loop
      vertex 3.40901 -88.109 2.05
      vertex 3.21496 -88.3303 5
      vertex 3.21496 -88.3303 2.05
    endloop
  endfacet
  facet normal 0.8969 0.442233 0
    outer loop
      vertex 3.05144 -90.825 5
      vertex 2.92127 -90.561 2.05
      vertex 2.92127 -90.561 5
    endloop
  endfacet
  facet normal 0.8969 0.442233 0
    outer loop
      vertex 2.92127 -90.561 2.05
      vertex 3.05144 -90.825 5
      vertex 3.05144 -90.825 2.05
    endloop
  endfacet
  facet normal 0.997859 -0.0654027 0
    outer loop
      vertex 2.75 -89.7 5
      vertex 2.76925 -89.4063 2.05
      vertex 2.76925 -89.4063 5
    endloop
  endfacet
  facet normal 0.997859 -0.0654027 0
    outer loop
      vertex 2.76925 -89.4063 2.05
      vertex 2.75 -89.7 5
      vertex 2.75 -89.7 2.05
    endloop
  endfacet
  facet normal 0.831443 0.555609 0
    outer loop
      vertex 3.21496 -91.0697 5
      vertex 3.05144 -90.825 2.05
      vertex 3.05144 -90.825 5
    endloop
  endfacet
  facet normal 0.831443 0.555609 0
    outer loop
      vertex 3.05144 -90.825 2.05
      vertex 3.21496 -91.0697 5
      vertex 3.21496 -91.0697 2.05
    endloop
  endfacet
  facet normal 0.555782 -0.831328 0
    outer loop
      vertex 3.63029 -87.915 2.05
      vertex 3.875 -87.7514 5
      vertex 3.63029 -87.915 5
    endloop
  endfacet
  facet normal 0.555782 -0.831328 0
    outer loop
      vertex 3.875 -87.7514 5
      vertex 3.63029 -87.915 2.05
      vertex 3.875 -87.7514 2.05
    endloop
  endfacet
  facet normal -0.831443 0.555609 0
    outer loop
      vertex 6.78504 -91.0697 2.05
      vertex 6.94856 -90.825 5
      vertex 6.94856 -90.825 2.05
    endloop
  endfacet
  facet normal -0.831443 0.555609 0
    outer loop
      vertex 6.94856 -90.825 5
      vertex 6.78504 -91.0697 2.05
      vertex 6.78504 -91.0697 5
    endloop
  endfacet
  facet normal 0.0655763 0.997848 -0
    outer loop
      vertex 5 -91.95 2.05
      vertex 4.70632 -91.9307 5
      vertex 5 -91.95 5
    endloop
  endfacet
  facet normal 0.0655763 0.997848 0
    outer loop
      vertex 4.70632 -91.9307 5
      vertex 5 -91.95 2.05
      vertex 4.70632 -91.9307 2.05
    endloop
  endfacet
  facet normal 0.659236 -0.751936 0
    outer loop
      vertex 3.40901 -88.109 2.05
      vertex 3.63029 -87.915 5
      vertex 3.40901 -88.109 5
    endloop
  endfacet
  facet normal 0.659236 -0.751936 0
    outer loop
      vertex 3.63029 -87.915 5
      vertex 3.40901 -88.109 2.05
      vertex 3.63029 -87.915 2.05
    endloop
  endfacet
  facet normal -0.555782 0.831328 0
    outer loop
      vertex 6.36971 -91.485 2.05
      vertex 6.125 -91.6486 5
      vertex 6.36971 -91.485 5
    endloop
  endfacet
  facet normal -0.555782 0.831328 0
    outer loop
      vertex 6.125 -91.6486 5
      vertex 6.36971 -91.485 2.05
      vertex 6.125 -91.6486 2.05
    endloop
  endfacet
  facet normal 0.980776 -0.195136 0
    outer loop
      vertex 2.76925 -89.4063 5
      vertex 2.82667 -89.1177 2.05
      vertex 2.82667 -89.1177 5
    endloop
  endfacet
  facet normal 0.980776 -0.195136 0
    outer loop
      vertex 2.82667 -89.1177 2.05
      vertex 2.76925 -89.4063 5
      vertex 2.76925 -89.4063 2.05
    endloop
  endfacet
  facet normal 0.0655763 -0.997848 0
    outer loop
      vertex 4.70632 -87.4693 2.05
      vertex 5 -87.45 5
      vertex 4.70632 -87.4693 5
    endloop
  endfacet
  facet normal 0.0655763 -0.997848 0
    outer loop
      vertex 5 -87.45 5
      vertex 4.70632 -87.4693 2.05
      vertex 5 -87.45 2.05
    endloop
  endfacet
  facet normal 0.321421 0.946936 -0
    outer loop
      vertex 4.41766 -91.8733 2.05
      vertex 4.13896 -91.7787 5
      vertex 4.41766 -91.8733 5
    endloop
  endfacet
  facet normal 0.321421 0.946936 0
    outer loop
      vertex 4.13896 -91.7787 5
      vertex 4.41766 -91.8733 2.05
      vertex 4.13896 -91.7787 2.05
    endloop
  endfacet
  facet normal 0.980776 0.195136 0
    outer loop
      vertex 2.82667 -90.2823 5
      vertex 2.76925 -89.9937 2.05
      vertex 2.76925 -89.9937 5
    endloop
  endfacet
  facet normal 0.980776 0.195136 0
    outer loop
      vertex 2.76925 -89.9937 2.05
      vertex 2.82667 -90.2823 5
      vertex 2.82667 -90.2823 2.05
    endloop
  endfacet
  facet normal -0.0655763 -0.997848 0
    outer loop
      vertex 5 -87.45 2.05
      vertex 5.29368 -87.4693 5
      vertex 5 -87.45 5
    endloop
  endfacet
  facet normal -0.0655763 -0.997848 -0
    outer loop
      vertex 5.29368 -87.4693 5
      vertex 5 -87.45 2.05
      vertex 5.29368 -87.4693 2.05
    endloop
  endfacet
  facet normal 0.195031 0.980797 -0
    outer loop
      vertex 4.70632 -91.9307 2.05
      vertex 4.41766 -91.8733 5
      vertex 4.70632 -91.9307 5
    endloop
  endfacet
  facet normal 0.195031 0.980797 0
    outer loop
      vertex 4.41766 -91.8733 5
      vertex 4.70632 -91.9307 2.05
      vertex 4.41766 -91.8733 2.05
    endloop
  endfacet
  facet normal 0.831443 -0.555609 0
    outer loop
      vertex 3.05144 -88.575 5
      vertex 3.21496 -88.3303 2.05
      vertex 3.21496 -88.3303 5
    endloop
  endfacet
  facet normal 0.831443 -0.555609 0
    outer loop
      vertex 3.21496 -88.3303 2.05
      vertex 3.05144 -88.575 5
      vertex 3.05144 -88.575 2.05
    endloop
  endfacet
  facet normal -0.706349 -0.0462971 -0.706349
    outer loop
      vertex 9.26321 -89.1387 0
      vertex 9.3 -89.7 0
      vertex 7.25 -89.7 2.05
    endloop
  endfacet
  facet normal -0.046313 0.706348 -0.706348
    outer loop
      vertex 5 -91.95 2.05
      vertex 5.56126 -93.9632 0
      vertex 5 -94 0
    endloop
  endfacet
  facet normal -0.532225 -0.466689 -0.706355
    outer loop
      vertex 8.41142 -87.0823 0
      vertex 6.78504 -88.3303 2.05
      vertex 6.59099 -88.109 2.05
    endloop
  endfacet
  facet normal 0.466645 -0.532264 -0.706355
    outer loop
      vertex 3.63029 -87.915 2.05
      vertex 3.40901 -88.109 2.05
      vertex 2.38233 -86.2886 0
    endloop
  endfacet
  facet normal -0.588577 -0.393253 -0.706349
    outer loop
      vertex 8.41142 -87.0823 0
      vertex 8.72391 -87.55 0
      vertex 6.94856 -88.575 2.05
    endloop
  endfacet
  facet normal -0.227533 -0.670291 -0.706356
    outer loop
      vertex 6.11292 -85.5465 0
      vertex 6.64554 -85.7273 0
      vertex 5.86104 -87.6213 2.05
    endloop
  endfacet
  facet normal 0.532206 -0.466716 -0.706352
    outer loop
      vertex 1.95944 -86.6594 0
      vertex 3.40901 -88.109 2.05
      vertex 1.58858 -87.0823 0
    endloop
  endfacet
  facet normal 0.670295 0.227544 -0.706348
    outer loop
      vertex 2.92127 -90.561 2.05
      vertex 1.02732 -91.3455 0
      vertex 0.846519 -90.8129 0
    endloop
  endfacet
  facet normal 0.313112 -0.634856 -0.706342
    outer loop
      vertex 3.35446 -85.7273 0
      vertex 3.875 -87.7514 2.05
      vertex 2.85 -85.9761 0
    endloop
  endfacet
  facet normal 0.46668 0.532239 -0.706351
    outer loop
      vertex 3.40901 -91.291 2.05
      vertex 2.38233 -93.1114 0
      vertex 1.95944 -92.7406 0
    endloop
  endfacet
  facet normal 0.22752 0.670294 -0.706358
    outer loop
      vertex 4.13896 -91.7787 2.05
      vertex 4.41766 -91.8733 2.05
      vertex 3.88708 -93.8535 0
    endloop
  endfacet
  facet normal -0.466645 0.532264 -0.706355
    outer loop
      vertex 6.59099 -91.291 2.05
      vertex 7.61767 -93.1114 0
      vertex 6.36971 -91.485 2.05
    endloop
  endfacet
  facet normal 0.0464184 -0.70633 -0.706359
    outer loop
      vertex 5 -87.45 2.05
      vertex 4.70632 -87.4693 2.05
      vertex 4.43874 -85.4368 0
    endloop
  endfacet
  facet normal 0.670295 -0.227544 -0.706348
    outer loop
      vertex 1.02732 -88.0545 0
      vertex 2.92127 -88.839 2.05
      vertex 0.846519 -88.5871 0
    endloop
  endfacet
  facet normal -0.706349 0.0462971 -0.706349
    outer loop
      vertex 9.3 -89.7 0
      vertex 9.26321 -90.2613 0
      vertex 7.25 -89.7 2.05
    endloop
  endfacet
  facet normal -0.69426 -0.138109 -0.706349
    outer loop
      vertex 9.15348 -88.5871 0
      vertex 9.26321 -89.1387 0
      vertex 7.23075 -89.4063 2.05
    endloop
  endfacet
  facet normal 0.694254 0.138129 -0.706351
    outer loop
      vertex 2.76925 -89.9937 2.05
      vertex 2.82667 -90.2823 2.05
      vertex 0.846519 -90.8129 0
    endloop
  endfacet
  facet normal -0.313112 -0.634856 -0.706342
    outer loop
      vertex 6.64554 -85.7273 0
      vertex 7.15 -85.9761 0
      vertex 6.125 -87.7514 2.05
    endloop
  endfacet
  facet normal -0.634883 -0.31304 -0.706349
    outer loop
      vertex 8.97268 -88.0545 0
      vertex 7.07873 -88.839 2.05
      vertex 6.94856 -88.575 2.05
    endloop
  endfacet
  facet normal -0.138054 0.694264 -0.706356
    outer loop
      vertex 5.58234 -91.8733 2.05
      vertex 6.11292 -93.8535 0
      vertex 5.29368 -91.9307 2.05
    endloop
  endfacet
  facet normal 0.69426 0.138111 -0.706349
    outer loop
      vertex 2.76925 -89.9937 2.05
      vertex 0.846519 -90.8129 0
      vertex 0.736788 -90.2613 0
    endloop
  endfacet
  facet normal -0.046313 -0.706348 -0.706348
    outer loop
      vertex 5 -85.4 0
      vertex 5.56126 -85.4368 0
      vertex 5 -87.45 2.05
    endloop
  endfacet
  facet normal 0.46668 -0.532239 -0.706351
    outer loop
      vertex 2.38233 -86.2886 0
      vertex 3.40901 -88.109 2.05
      vertex 1.95944 -86.6594 0
    endloop
  endfacet
  facet normal -0.22752 -0.670294 -0.706358
    outer loop
      vertex 6.11292 -85.5465 0
      vertex 5.86104 -87.6213 2.05
      vertex 5.58234 -87.5267 2.05
    endloop
  endfacet
  facet normal 0.532206 0.466716 -0.706352
    outer loop
      vertex 3.40901 -91.291 2.05
      vertex 1.95944 -92.7406 0
      vertex 1.58858 -92.3177 0
    endloop
  endfacet
  facet normal 0.634883 -0.31304 -0.706349
    outer loop
      vertex 3.05144 -88.575 2.05
      vertex 2.92127 -88.839 2.05
      vertex 1.02732 -88.0545 0
    endloop
  endfacet
  facet normal -0.6703 0.227522 -0.706351
    outer loop
      vertex 7.17333 -90.2823 2.05
      vertex 9.15348 -90.8129 0
      vertex 7.07873 -90.561 2.05
    endloop
  endfacet
  facet normal 0.466645 0.532264 -0.706355
    outer loop
      vertex 3.40901 -91.291 2.05
      vertex 3.63029 -91.485 2.05
      vertex 2.38233 -93.1114 0
    endloop
  endfacet
  facet normal 0.227533 -0.670291 -0.706356
    outer loop
      vertex 3.88708 -85.5465 0
      vertex 4.13896 -87.6213 2.05
      vertex 3.35446 -85.7273 0
    endloop
  endfacet
  facet normal -0.634876 -0.313059 -0.706347
    outer loop
      vertex 8.72391 -87.55 0
      vertex 8.97268 -88.0545 0
      vertex 6.94856 -88.575 2.05
    endloop
  endfacet
  facet normal -0.22752 0.670294 -0.706358
    outer loop
      vertex 5.86104 -91.7787 2.05
      vertex 6.11292 -93.8535 0
      vertex 5.58234 -91.8733 2.05
    endloop
  endfacet
  facet normal 0.532225 0.466689 -0.706355
    outer loop
      vertex 3.21496 -91.0697 2.05
      vertex 3.40901 -91.291 2.05
      vertex 1.58858 -92.3177 0
    endloop
  endfacet
  facet normal 0.0464184 0.70633 -0.706359
    outer loop
      vertex 4.70632 -91.9307 2.05
      vertex 5 -91.95 2.05
      vertex 4.43874 -93.9632 0
    endloop
  endfacet
  facet normal 0.393284 -0.588567 -0.706341
    outer loop
      vertex 2.85 -85.9761 0
      vertex 3.875 -87.7514 2.05
      vertex 2.38233 -86.2886 0
    endloop
  endfacet
  facet normal 0.634876 -0.313059 -0.706347
    outer loop
      vertex 1.27609 -87.55 0
      vertex 3.05144 -88.575 2.05
      vertex 1.02732 -88.0545 0
    endloop
  endfacet
  facet normal -0.6703 -0.227522 -0.706351
    outer loop
      vertex 9.15348 -88.5871 0
      vertex 7.17333 -89.1177 2.05
      vertex 7.07873 -88.839 2.05
    endloop
  endfacet
  facet normal 0.588577 0.393253 -0.706349
    outer loop
      vertex 3.05144 -90.825 2.05
      vertex 1.58858 -92.3177 0
      vertex 1.27609 -91.85 0
    endloop
  endfacet
  facet normal -0.393284 -0.588567 -0.706341
    outer loop
      vertex 7.15 -85.9761 0
      vertex 7.61767 -86.2886 0
      vertex 6.125 -87.7514 2.05
    endloop
  endfacet
  facet normal 0.706349 -0.0462933 -0.706349
    outer loop
      vertex 0.736788 -89.1387 0
      vertex 2.75 -89.7 2.05
      vertex 0.700001 -89.7 0
    endloop
  endfacet
  facet normal 0.6703 0.227522 -0.706351
    outer loop
      vertex 2.82667 -90.2823 2.05
      vertex 2.92127 -90.561 2.05
      vertex 0.846519 -90.8129 0
    endloop
  endfacet
  facet normal -0.532206 -0.466716 -0.706352
    outer loop
      vertex 8.04056 -86.6594 0
      vertex 8.41142 -87.0823 0
      vertex 6.59099 -88.109 2.05
    endloop
  endfacet
  facet normal 0.046313 0.706348 -0.706348
    outer loop
      vertex 5 -91.95 2.05
      vertex 5 -94 0
      vertex 4.43874 -93.9632 0
    endloop
  endfacet
  facet normal -0.312938 0.634921 -0.706361
    outer loop
      vertex 6.125 -91.6486 2.05
      vertex 6.64554 -93.6727 0
      vertex 5.86104 -91.7787 2.05
    endloop
  endfacet
  facet normal 0.588544 -0.393293 -0.706354
    outer loop
      vertex 3.21496 -88.3303 2.05
      vertex 3.05144 -88.575 2.05
      vertex 1.58858 -87.0823 0
    endloop
  endfacet
  facet normal -0.634883 0.31304 -0.706349
    outer loop
      vertex 7.07873 -90.561 2.05
      vertex 8.97268 -91.3455 0
      vertex 6.94856 -90.825 2.05
    endloop
  endfacet
  facet normal -0.532206 0.466716 -0.706352
    outer loop
      vertex 8.41142 -92.3177 0
      vertex 8.04056 -92.7406 0
      vertex 6.59099 -91.291 2.05
    endloop
  endfacet
  facet normal -0.313112 0.634856 -0.706342
    outer loop
      vertex 7.15 -93.4239 0
      vertex 6.64554 -93.6727 0
      vertex 6.125 -91.6486 2.05
    endloop
  endfacet
  facet normal 0.706348 -0.0462962 -0.706349
    outer loop
      vertex 2.76925 -89.4063 2.05
      vertex 2.75 -89.7 2.05
      vertex 0.736788 -89.1387 0
    endloop
  endfacet
  facet normal -0.466645 -0.532264 -0.706355
    outer loop
      vertex 7.61767 -86.2886 0
      vertex 6.59099 -88.109 2.05
      vertex 6.36971 -87.915 2.05
    endloop
  endfacet
  facet normal 0.312938 0.634921 -0.706361
    outer loop
      vertex 3.875 -91.6486 2.05
      vertex 4.13896 -91.7787 2.05
      vertex 3.35446 -93.6727 0
    endloop
  endfacet
  facet normal -0.46668 0.532239 -0.706351
    outer loop
      vertex 8.04056 -92.7406 0
      vertex 7.61767 -93.1114 0
      vertex 6.59099 -91.291 2.05
    endloop
  endfacet
  facet normal 0.227533 0.670291 -0.706356
    outer loop
      vertex 4.13896 -91.7787 2.05
      vertex 3.88708 -93.8535 0
      vertex 3.35446 -93.6727 0
    endloop
  endfacet
  facet normal 0.634876 0.313059 -0.706347
    outer loop
      vertex 3.05144 -90.825 2.05
      vertex 1.27609 -91.85 0
      vertex 1.02732 -91.3455 0
    endloop
  endfacet
  facet normal 0.588544 0.393293 -0.706354
    outer loop
      vertex 3.05144 -90.825 2.05
      vertex 3.21496 -91.0697 2.05
      vertex 1.58858 -92.3177 0
    endloop
  endfacet
  facet normal -0.670296 0.227543 -0.706348
    outer loop
      vertex 9.15348 -90.8129 0
      vertex 8.97268 -91.3455 0
      vertex 7.07873 -90.561 2.05
    endloop
  endfacet
  facet normal -0.588544 0.393293 -0.706354
    outer loop
      vertex 6.94856 -90.825 2.05
      vertex 8.41142 -92.3177 0
      vertex 6.78504 -91.0697 2.05
    endloop
  endfacet
  facet normal 0.6703 -0.227522 -0.706351
    outer loop
      vertex 2.92127 -88.839 2.05
      vertex 2.82667 -89.1177 2.05
      vertex 0.846519 -88.5871 0
    endloop
  endfacet
  facet normal -0.227533 0.670291 -0.706356
    outer loop
      vertex 6.64554 -93.6727 0
      vertex 6.11292 -93.8535 0
      vertex 5.86104 -91.7787 2.05
    endloop
  endfacet
  facet normal 0.046313 -0.706348 -0.706348
    outer loop
      vertex 5 -85.4 0
      vertex 5 -87.45 2.05
      vertex 4.43874 -85.4368 0
    endloop
  endfacet
  facet normal 0.706349 0.0462933 -0.706349
    outer loop
      vertex 2.75 -89.7 2.05
      vertex 0.736788 -90.2613 0
      vertex 0.700001 -89.7 0
    endloop
  endfacet
  facet normal 0.138057 -0.694263 -0.706356
    outer loop
      vertex 4.43874 -85.4368 0
      vertex 4.70632 -87.4693 2.05
      vertex 3.88708 -85.5465 0
    endloop
  endfacet
  facet normal -0.634876 0.313059 -0.706347
    outer loop
      vertex 8.97268 -91.3455 0
      vertex 8.72391 -91.85 0
      vertex 6.94856 -90.825 2.05
    endloop
  endfacet
  facet normal 0.138054 -0.694264 -0.706356
    outer loop
      vertex 4.70632 -87.4693 2.05
      vertex 4.41766 -87.5267 2.05
      vertex 3.88708 -85.5465 0
    endloop
  endfacet
  facet normal -0.46668 -0.532239 -0.706351
    outer loop
      vertex 7.61767 -86.2886 0
      vertex 8.04056 -86.6594 0
      vertex 6.59099 -88.109 2.05
    endloop
  endfacet
  facet normal 0.532225 -0.466689 -0.706355
    outer loop
      vertex 3.40901 -88.109 2.05
      vertex 3.21496 -88.3303 2.05
      vertex 1.58858 -87.0823 0
    endloop
  endfacet
  facet normal 0.393413 -0.58846 -0.706358
    outer loop
      vertex 3.875 -87.7514 2.05
      vertex 3.63029 -87.915 2.05
      vertex 2.38233 -86.2886 0
    endloop
  endfacet
  facet normal 0.588577 -0.393253 -0.706349
    outer loop
      vertex 1.58858 -87.0823 0
      vertex 3.05144 -88.575 2.05
      vertex 1.27609 -87.55 0
    endloop
  endfacet
  facet normal 0.313112 0.634856 -0.706342
    outer loop
      vertex 3.875 -91.6486 2.05
      vertex 3.35446 -93.6727 0
      vertex 2.85 -93.4239 0
    endloop
  endfacet
  facet normal 0.393413 0.58846 -0.706358
    outer loop
      vertex 3.63029 -91.485 2.05
      vertex 3.875 -91.6486 2.05
      vertex 2.38233 -93.1114 0
    endloop
  endfacet
  facet normal 0.393284 0.588567 -0.706341
    outer loop
      vertex 3.875 -91.6486 2.05
      vertex 2.85 -93.4239 0
      vertex 2.38233 -93.1114 0
    endloop
  endfacet
  facet normal -0.138057 0.694263 -0.706356
    outer loop
      vertex 6.11292 -93.8535 0
      vertex 5.56126 -93.9632 0
      vertex 5.29368 -91.9307 2.05
    endloop
  endfacet
  facet normal -0.588577 0.393253 -0.706349
    outer loop
      vertex 8.72391 -91.85 0
      vertex 8.41142 -92.3177 0
      vertex 6.94856 -90.825 2.05
    endloop
  endfacet
  facet normal -0.0464184 -0.70633 -0.706359
    outer loop
      vertex 5.56126 -85.4368 0
      vertex 5.29368 -87.4693 2.05
      vertex 5 -87.45 2.05
    endloop
  endfacet
  facet normal -0.694254 -0.138129 -0.706351
    outer loop
      vertex 9.15348 -88.5871 0
      vertex 7.23075 -89.4063 2.05
      vertex 7.17333 -89.1177 2.05
    endloop
  endfacet
  facet normal -0.670296 -0.227543 -0.706348
    outer loop
      vertex 8.97268 -88.0545 0
      vertex 9.15348 -88.5871 0
      vertex 7.07873 -88.839 2.05
    endloop
  endfacet
  facet normal -0.532225 0.466689 -0.706355
    outer loop
      vertex 6.78504 -91.0697 2.05
      vertex 8.41142 -92.3177 0
      vertex 6.59099 -91.291 2.05
    endloop
  endfacet
  facet normal -0.69426 0.138109 -0.706349
    outer loop
      vertex 9.26321 -90.2613 0
      vertex 9.15348 -90.8129 0
      vertex 7.23075 -89.9937 2.05
    endloop
  endfacet
  facet normal -0.706349 0.0462963 -0.706348
    outer loop
      vertex 7.25 -89.7 2.05
      vertex 9.26321 -90.2613 0
      vertex 7.23075 -89.9937 2.05
    endloop
  endfacet
  facet normal 0.694254 -0.138129 -0.706351
    outer loop
      vertex 2.82667 -89.1177 2.05
      vertex 2.76925 -89.4063 2.05
      vertex 0.846519 -88.5871 0
    endloop
  endfacet
  facet normal 0.69426 -0.138111 -0.706349
    outer loop
      vertex 0.846519 -88.5871 0
      vertex 2.76925 -89.4063 2.05
      vertex 0.736788 -89.1387 0
    endloop
  endfacet
  facet normal 0.706348 0.0462962 -0.706349
    outer loop
      vertex 2.75 -89.7 2.05
      vertex 2.76925 -89.9937 2.05
      vertex 0.736788 -90.2613 0
    endloop
  endfacet
  facet normal 0.634883 0.31304 -0.706349
    outer loop
      vertex 2.92127 -90.561 2.05
      vertex 3.05144 -90.825 2.05
      vertex 1.02732 -91.3455 0
    endloop
  endfacet
  facet normal -0.393413 -0.58846 -0.706358
    outer loop
      vertex 7.61767 -86.2886 0
      vertex 6.36971 -87.915 2.05
      vertex 6.125 -87.7514 2.05
    endloop
  endfacet
  facet normal 0.312938 -0.634921 -0.706361
    outer loop
      vertex 4.13896 -87.6213 2.05
      vertex 3.875 -87.7514 2.05
      vertex 3.35446 -85.7273 0
    endloop
  endfacet
  facet normal 0.22752 -0.670294 -0.706358
    outer loop
      vertex 4.41766 -87.5267 2.05
      vertex 4.13896 -87.6213 2.05
      vertex 3.88708 -85.5465 0
    endloop
  endfacet
  facet normal -0.393284 0.588567 -0.706341
    outer loop
      vertex 7.61767 -93.1114 0
      vertex 7.15 -93.4239 0
      vertex 6.125 -91.6486 2.05
    endloop
  endfacet
  facet normal -0.0464184 0.70633 -0.706359
    outer loop
      vertex 5.29368 -91.9307 2.05
      vertex 5.56126 -93.9632 0
      vertex 5 -91.95 2.05
    endloop
  endfacet
  facet normal -0.312938 -0.634921 -0.706361
    outer loop
      vertex 6.64554 -85.7273 0
      vertex 6.125 -87.7514 2.05
      vertex 5.86104 -87.6213 2.05
    endloop
  endfacet
  facet normal -0.588544 -0.393293 -0.706354
    outer loop
      vertex 8.41142 -87.0823 0
      vertex 6.94856 -88.575 2.05
      vertex 6.78504 -88.3303 2.05
    endloop
  endfacet
  facet normal -0.138057 -0.694263 -0.706356
    outer loop
      vertex 5.56126 -85.4368 0
      vertex 6.11292 -85.5465 0
      vertex 5.29368 -87.4693 2.05
    endloop
  endfacet
  facet normal -0.706349 -0.0462963 -0.706348
    outer loop
      vertex 9.26321 -89.1387 0
      vertex 7.25 -89.7 2.05
      vertex 7.23075 -89.4063 2.05
    endloop
  endfacet
  facet normal -0.694254 0.138129 -0.706351
    outer loop
      vertex 7.23075 -89.9937 2.05
      vertex 9.15348 -90.8129 0
      vertex 7.17333 -90.2823 2.05
    endloop
  endfacet
  facet normal 0.138057 0.694263 -0.706356
    outer loop
      vertex 4.70632 -91.9307 2.05
      vertex 4.43874 -93.9632 0
      vertex 3.88708 -93.8535 0
    endloop
  endfacet
  facet normal 0.138054 0.694264 -0.706356
    outer loop
      vertex 4.41766 -91.8733 2.05
      vertex 4.70632 -91.9307 2.05
      vertex 3.88708 -93.8535 0
    endloop
  endfacet
  facet normal -0.138054 -0.694264 -0.706356
    outer loop
      vertex 6.11292 -85.5465 0
      vertex 5.58234 -87.5267 2.05
      vertex 5.29368 -87.4693 2.05
    endloop
  endfacet
  facet normal -0.393413 0.58846 -0.706358
    outer loop
      vertex 6.36971 -91.485 2.05
      vertex 7.61767 -93.1114 0
      vertex 6.125 -91.6486 2.05
    endloop
  endfacet
  facet normal -0.980724 -0.195397 0
    outer loop
      vertex 47.2308 -89.4063 2.05
      vertex 47.1733 -89.1177 5
      vertex 47.1733 -89.1177 2.05
    endloop
  endfacet
  facet normal -0.980724 -0.195397 0
    outer loop
      vertex 47.1733 -89.1177 5
      vertex 47.2308 -89.4063 2.05
      vertex 47.2308 -89.4063 5
    endloop
  endfacet
  facet normal -0.99787 -0.0652336 0
    outer loop
      vertex 47.25 -89.7 2.05
      vertex 47.2308 -89.4063 5
      vertex 47.2308 -89.4063 2.05
    endloop
  endfacet
  facet normal -0.99787 -0.0652336 0
    outer loop
      vertex 47.2308 -89.4063 5
      vertex 47.25 -89.7 2.05
      vertex 47.25 -89.7 5
    endloop
  endfacet
  facet normal -0.946936 -0.321421 0
    outer loop
      vertex 47.1733 -89.1177 2.05
      vertex 47.0787 -88.839 5
      vertex 47.0787 -88.839 2.05
    endloop
  endfacet
  facet normal -0.946936 -0.321421 0
    outer loop
      vertex 47.0787 -88.839 5
      vertex 47.1733 -89.1177 2.05
      vertex 47.1733 -89.1177 5
    endloop
  endfacet
  facet normal -0.831318 -0.555797 0
    outer loop
      vertex 46.9486 -88.575 2.05
      vertex 46.785 -88.3303 5
      vertex 46.785 -88.3303 2.05
    endloop
  endfacet
  facet normal -0.831318 -0.555797 0
    outer loop
      vertex 46.785 -88.3303 5
      vertex 46.9486 -88.575 2.05
      vertex 46.9486 -88.575 5
    endloop
  endfacet
  facet normal 0.659202 0.751966 -0
    outer loop
      vertex 43.6303 -91.485 2.05
      vertex 43.409 -91.291 5
      vertex 43.6303 -91.485 5
    endloop
  endfacet
  facet normal 0.659202 0.751966 0
    outer loop
      vertex 43.409 -91.291 5
      vertex 43.6303 -91.485 2.05
      vertex 43.409 -91.291 2.05
    endloop
  endfacet
  facet normal -0.751966 0.659202 0
    outer loop
      vertex 46.591 -91.291 2.05
      vertex 46.785 -91.0697 5
      vertex 46.785 -91.0697 2.05
    endloop
  endfacet
  facet normal -0.751966 0.659202 0
    outer loop
      vertex 46.785 -91.0697 5
      vertex 46.591 -91.291 2.05
      vertex 46.591 -91.291 5
    endloop
  endfacet
  facet normal 0.99787 -0.0652336 0
    outer loop
      vertex 42.75 -89.7 5
      vertex 42.7692 -89.4063 2.05
      vertex 42.7692 -89.4063 5
    endloop
  endfacet
  facet normal 0.99787 -0.0652336 0
    outer loop
      vertex 42.7692 -89.4063 2.05
      vertex 42.75 -89.7 5
      vertex 42.75 -89.7 2.05
    endloop
  endfacet
  facet normal -0.659202 -0.751966 0
    outer loop
      vertex 46.3697 -87.915 2.05
      vertex 46.591 -88.109 5
      vertex 46.3697 -87.915 5
    endloop
  endfacet
  facet normal -0.659202 -0.751966 -0
    outer loop
      vertex 46.591 -88.109 5
      vertex 46.3697 -87.915 2.05
      vertex 46.591 -88.109 2.05
    endloop
  endfacet
  facet normal 0.442042 -0.896995 0
    outer loop
      vertex 43.875 -87.7514 2.05
      vertex 44.139 -87.6213 5
      vertex 43.875 -87.7514 5
    endloop
  endfacet
  facet normal 0.442042 -0.896995 0
    outer loop
      vertex 44.139 -87.6213 5
      vertex 43.875 -87.7514 2.05
      vertex 44.139 -87.6213 2.05
    endloop
  endfacet
  facet normal -0.442042 -0.896995 0
    outer loop
      vertex 45.861 -87.6213 2.05
      vertex 46.125 -87.7514 5
      vertex 45.861 -87.6213 5
    endloop
  endfacet
  facet normal -0.442042 -0.896995 -0
    outer loop
      vertex 46.125 -87.7514 5
      vertex 45.861 -87.6213 2.05
      vertex 46.125 -87.7514 2.05
    endloop
  endfacet
  facet normal -0.896995 0.442042 0
    outer loop
      vertex 46.9486 -90.825 2.05
      vertex 47.0787 -90.561 5
      vertex 47.0787 -90.561 2.05
    endloop
  endfacet
  facet normal -0.896995 0.442042 0
    outer loop
      vertex 47.0787 -90.561 5
      vertex 46.9486 -90.825 2.05
      vertex 46.9486 -90.825 5
    endloop
  endfacet
  facet normal -0.321421 0.946936 0
    outer loop
      vertex 45.861 -91.7787 2.05
      vertex 45.5823 -91.8733 5
      vertex 45.861 -91.7787 5
    endloop
  endfacet
  facet normal -0.321421 0.946936 0
    outer loop
      vertex 45.5823 -91.8733 5
      vertex 45.861 -91.7787 2.05
      vertex 45.5823 -91.8733 2.05
    endloop
  endfacet
  facet normal -0.896995 -0.442042 0
    outer loop
      vertex 47.0787 -88.839 2.05
      vertex 46.9486 -88.575 5
      vertex 46.9486 -88.575 2.05
    endloop
  endfacet
  facet normal -0.896995 -0.442042 0
    outer loop
      vertex 46.9486 -88.575 5
      vertex 47.0787 -88.839 2.05
      vertex 47.0787 -88.839 5
    endloop
  endfacet
  facet normal 0.896995 -0.442042 0
    outer loop
      vertex 42.9213 -88.839 5
      vertex 43.0514 -88.575 2.05
      vertex 43.0514 -88.575 5
    endloop
  endfacet
  facet normal 0.896995 -0.442042 0
    outer loop
      vertex 43.0514 -88.575 2.05
      vertex 42.9213 -88.839 5
      vertex 42.9213 -88.839 2.05
    endloop
  endfacet
  facet normal -0.751966 -0.659202 0
    outer loop
      vertex 46.785 -88.3303 2.05
      vertex 46.591 -88.109 5
      vertex 46.591 -88.109 2.05
    endloop
  endfacet
  facet normal -0.751966 -0.659202 0
    outer loop
      vertex 46.591 -88.109 5
      vertex 46.785 -88.3303 2.05
      vertex 46.785 -88.3303 5
    endloop
  endfacet
  facet normal -0.980724 0.195397 0
    outer loop
      vertex 47.1733 -90.2823 2.05
      vertex 47.2308 -89.9937 5
      vertex 47.2308 -89.9937 2.05
    endloop
  endfacet
  facet normal -0.980724 0.195397 0
    outer loop
      vertex 47.2308 -89.9937 5
      vertex 47.1733 -90.2823 2.05
      vertex 47.1733 -90.2823 5
    endloop
  endfacet
  facet normal -0.99787 0.0652336 0
    outer loop
      vertex 47.2308 -89.9937 2.05
      vertex 47.25 -89.7 5
      vertex 47.25 -89.7 2.05
    endloop
  endfacet
  facet normal -0.99787 0.0652336 0
    outer loop
      vertex 47.25 -89.7 5
      vertex 47.2308 -89.9937 2.05
      vertex 47.2308 -89.9937 5
    endloop
  endfacet
  facet normal 0.555797 0.831318 -0
    outer loop
      vertex 43.875 -91.6486 2.05
      vertex 43.6303 -91.485 5
      vertex 43.875 -91.6486 5
    endloop
  endfacet
  facet normal 0.555797 0.831318 0
    outer loop
      vertex 43.6303 -91.485 5
      vertex 43.875 -91.6486 2.05
      vertex 43.6303 -91.485 2.05
    endloop
  endfacet
  facet normal 0.946936 0.321421 0
    outer loop
      vertex 42.9213 -90.561 5
      vertex 42.8267 -90.2823 2.05
      vertex 42.8267 -90.2823 5
    endloop
  endfacet
  facet normal 0.946936 0.321421 0
    outer loop
      vertex 42.8267 -90.2823 2.05
      vertex 42.9213 -90.561 5
      vertex 42.9213 -90.561 2.05
    endloop
  endfacet
  facet normal 0.99787 0.0652336 0
    outer loop
      vertex 42.7692 -89.9937 5
      vertex 42.75 -89.7 2.05
      vertex 42.75 -89.7 5
    endloop
  endfacet
  facet normal 0.99787 0.0652336 0
    outer loop
      vertex 42.75 -89.7 2.05
      vertex 42.7692 -89.9937 5
      vertex 42.7692 -89.9937 2.05
    endloop
  endfacet
  facet normal 0.321421 -0.946936 0
    outer loop
      vertex 44.139 -87.6213 2.05
      vertex 44.4177 -87.5267 5
      vertex 44.139 -87.6213 5
    endloop
  endfacet
  facet normal 0.321421 -0.946936 0
    outer loop
      vertex 44.4177 -87.5267 5
      vertex 44.139 -87.6213 2.05
      vertex 44.4177 -87.5267 2.05
    endloop
  endfacet
  facet normal -0.659202 0.751966 0
    outer loop
      vertex 46.591 -91.291 2.05
      vertex 46.3697 -91.485 5
      vertex 46.591 -91.291 5
    endloop
  endfacet
  facet normal -0.659202 0.751966 0
    outer loop
      vertex 46.3697 -91.485 5
      vertex 46.591 -91.291 2.05
      vertex 46.3697 -91.485 2.05
    endloop
  endfacet
  facet normal -0.0655719 0.997848 0
    outer loop
      vertex 45.2937 -91.9307 2.05
      vertex 45 -91.95 5
      vertex 45.2937 -91.9307 5
    endloop
  endfacet
  facet normal -0.0655719 0.997848 0
    outer loop
      vertex 45 -91.95 5
      vertex 45.2937 -91.9307 2.05
      vertex 45 -91.95 2.05
    endloop
  endfacet
  facet normal -0.19507 -0.980789 0
    outer loop
      vertex 45.2937 -87.4693 2.05
      vertex 45.5823 -87.5267 5
      vertex 45.2937 -87.4693 5
    endloop
  endfacet
  facet normal -0.19507 -0.980789 -0
    outer loop
      vertex 45.5823 -87.5267 5
      vertex 45.2937 -87.4693 2.05
      vertex 45.5823 -87.5267 2.05
    endloop
  endfacet
  facet normal -0.321421 -0.946936 0
    outer loop
      vertex 45.5823 -87.5267 2.05
      vertex 45.861 -87.6213 5
      vertex 45.5823 -87.5267 5
    endloop
  endfacet
  facet normal -0.321421 -0.946936 -0
    outer loop
      vertex 45.861 -87.6213 5
      vertex 45.5823 -87.5267 2.05
      vertex 45.861 -87.6213 2.05
    endloop
  endfacet
  facet normal -0.946936 0.321421 0
    outer loop
      vertex 47.0787 -90.561 2.05
      vertex 47.1733 -90.2823 5
      vertex 47.1733 -90.2823 2.05
    endloop
  endfacet
  facet normal -0.946936 0.321421 0
    outer loop
      vertex 47.1733 -90.2823 5
      vertex 47.0787 -90.561 2.05
      vertex 47.0787 -90.561 5
    endloop
  endfacet
  facet normal 0.19507 -0.980789 0
    outer loop
      vertex 44.4177 -87.5267 2.05
      vertex 44.7063 -87.4693 5
      vertex 44.4177 -87.5267 5
    endloop
  endfacet
  facet normal 0.19507 -0.980789 0
    outer loop
      vertex 44.7063 -87.4693 5
      vertex 44.4177 -87.5267 2.05
      vertex 44.7063 -87.4693 2.05
    endloop
  endfacet
  facet normal 0.946936 -0.321421 0
    outer loop
      vertex 42.8267 -89.1177 5
      vertex 42.9213 -88.839 2.05
      vertex 42.9213 -88.839 5
    endloop
  endfacet
  facet normal 0.946936 -0.321421 0
    outer loop
      vertex 42.9213 -88.839 2.05
      vertex 42.8267 -89.1177 5
      vertex 42.8267 -89.1177 2.05
    endloop
  endfacet
  facet normal -0.555797 -0.831318 0
    outer loop
      vertex 46.125 -87.7514 2.05
      vertex 46.3697 -87.915 5
      vertex 46.125 -87.7514 5
    endloop
  endfacet
  facet normal -0.555797 -0.831318 -0
    outer loop
      vertex 46.3697 -87.915 5
      vertex 46.125 -87.7514 2.05
      vertex 46.3697 -87.915 2.05
    endloop
  endfacet
  facet normal -0.19507 0.980789 0
    outer loop
      vertex 45.5823 -91.8733 2.05
      vertex 45.2937 -91.9307 5
      vertex 45.5823 -91.8733 5
    endloop
  endfacet
  facet normal -0.19507 0.980789 0
    outer loop
      vertex 45.2937 -91.9307 5
      vertex 45.5823 -91.8733 2.05
      vertex 45.2937 -91.9307 2.05
    endloop
  endfacet
  facet normal -0.442042 0.896995 0
    outer loop
      vertex 46.125 -91.6486 2.05
      vertex 45.861 -91.7787 5
      vertex 46.125 -91.6486 5
    endloop
  endfacet
  facet normal -0.442042 0.896995 0
    outer loop
      vertex 45.861 -91.7787 5
      vertex 46.125 -91.6486 2.05
      vertex 45.861 -91.7787 2.05
    endloop
  endfacet
  facet normal 0.442042 0.896995 -0
    outer loop
      vertex 44.139 -91.7787 2.05
      vertex 43.875 -91.6486 5
      vertex 44.139 -91.7787 5
    endloop
  endfacet
  facet normal 0.442042 0.896995 0
    outer loop
      vertex 43.875 -91.6486 5
      vertex 44.139 -91.7787 2.05
      vertex 43.875 -91.6486 2.05
    endloop
  endfacet
  facet normal 0.751966 -0.659202 0
    outer loop
      vertex 43.215 -88.3303 5
      vertex 43.409 -88.109 2.05
      vertex 43.409 -88.109 5
    endloop
  endfacet
  facet normal 0.751966 -0.659202 0
    outer loop
      vertex 43.409 -88.109 2.05
      vertex 43.215 -88.3303 5
      vertex 43.215 -88.3303 2.05
    endloop
  endfacet
  facet normal 0.896995 0.442042 0
    outer loop
      vertex 43.0514 -90.825 5
      vertex 42.9213 -90.561 2.05
      vertex 42.9213 -90.561 5
    endloop
  endfacet
  facet normal 0.896995 0.442042 0
    outer loop
      vertex 42.9213 -90.561 2.05
      vertex 43.0514 -90.825 5
      vertex 43.0514 -90.825 2.05
    endloop
  endfacet
  facet normal 0.831318 0.555797 0
    outer loop
      vertex 43.215 -91.0697 5
      vertex 43.0514 -90.825 2.05
      vertex 43.0514 -90.825 5
    endloop
  endfacet
  facet normal 0.831318 0.555797 0
    outer loop
      vertex 43.0514 -90.825 2.05
      vertex 43.215 -91.0697 5
      vertex 43.215 -91.0697 2.05
    endloop
  endfacet
  facet normal 0.555797 -0.831318 0
    outer loop
      vertex 43.6303 -87.915 2.05
      vertex 43.875 -87.7514 5
      vertex 43.6303 -87.915 5
    endloop
  endfacet
  facet normal 0.555797 -0.831318 0
    outer loop
      vertex 43.875 -87.7514 5
      vertex 43.6303 -87.915 2.05
      vertex 43.875 -87.7514 2.05
    endloop
  endfacet
  facet normal -0.831318 0.555797 0
    outer loop
      vertex 46.785 -91.0697 2.05
      vertex 46.9486 -90.825 5
      vertex 46.9486 -90.825 2.05
    endloop
  endfacet
  facet normal -0.831318 0.555797 0
    outer loop
      vertex 46.9486 -90.825 5
      vertex 46.785 -91.0697 2.05
      vertex 46.785 -91.0697 5
    endloop
  endfacet
  facet normal 0.0655719 0.997848 -0
    outer loop
      vertex 45 -91.95 2.05
      vertex 44.7063 -91.9307 5
      vertex 45 -91.95 5
    endloop
  endfacet
  facet normal 0.0655719 0.997848 0
    outer loop
      vertex 44.7063 -91.9307 5
      vertex 45 -91.95 2.05
      vertex 44.7063 -91.9307 2.05
    endloop
  endfacet
  facet normal -0.0655719 -0.997848 0
    outer loop
      vertex 45 -87.45 2.05
      vertex 45.2937 -87.4693 5
      vertex 45 -87.45 5
    endloop
  endfacet
  facet normal -0.0655719 -0.997848 -0
    outer loop
      vertex 45.2937 -87.4693 5
      vertex 45 -87.45 2.05
      vertex 45.2937 -87.4693 2.05
    endloop
  endfacet
  facet normal 0.659202 -0.751966 0
    outer loop
      vertex 43.409 -88.109 2.05
      vertex 43.6303 -87.915 5
      vertex 43.409 -88.109 5
    endloop
  endfacet
  facet normal 0.659202 -0.751966 0
    outer loop
      vertex 43.6303 -87.915 5
      vertex 43.409 -88.109 2.05
      vertex 43.6303 -87.915 2.05
    endloop
  endfacet
  facet normal -0.555797 0.831318 0
    outer loop
      vertex 46.3697 -91.485 2.05
      vertex 46.125 -91.6486 5
      vertex 46.3697 -91.485 5
    endloop
  endfacet
  facet normal -0.555797 0.831318 0
    outer loop
      vertex 46.125 -91.6486 5
      vertex 46.3697 -91.485 2.05
      vertex 46.125 -91.6486 2.05
    endloop
  endfacet
  facet normal 0.980724 -0.195397 0
    outer loop
      vertex 42.7692 -89.4063 5
      vertex 42.8267 -89.1177 2.05
      vertex 42.8267 -89.1177 5
    endloop
  endfacet
  facet normal 0.980724 -0.195397 0
    outer loop
      vertex 42.8267 -89.1177 2.05
      vertex 42.7692 -89.4063 5
      vertex 42.7692 -89.4063 2.05
    endloop
  endfacet
  facet normal 0.0655719 -0.997848 0
    outer loop
      vertex 44.7063 -87.4693 2.05
      vertex 45 -87.45 5
      vertex 44.7063 -87.4693 5
    endloop
  endfacet
  facet normal 0.0655719 -0.997848 0
    outer loop
      vertex 45 -87.45 5
      vertex 44.7063 -87.4693 2.05
      vertex 45 -87.45 2.05
    endloop
  endfacet
  facet normal 0.321421 0.946936 -0
    outer loop
      vertex 44.4177 -91.8733 2.05
      vertex 44.139 -91.7787 5
      vertex 44.4177 -91.8733 5
    endloop
  endfacet
  facet normal 0.321421 0.946936 0
    outer loop
      vertex 44.139 -91.7787 5
      vertex 44.4177 -91.8733 2.05
      vertex 44.139 -91.7787 2.05
    endloop
  endfacet
  facet normal 0.980724 0.195397 0
    outer loop
      vertex 42.8267 -90.2823 5
      vertex 42.7692 -89.9937 2.05
      vertex 42.7692 -89.9937 5
    endloop
  endfacet
  facet normal 0.980724 0.195397 0
    outer loop
      vertex 42.7692 -89.9937 2.05
      vertex 42.8267 -90.2823 5
      vertex 42.8267 -90.2823 2.05
    endloop
  endfacet
  facet normal 0.751966 0.659202 0
    outer loop
      vertex 43.409 -91.291 5
      vertex 43.215 -91.0697 2.05
      vertex 43.215 -91.0697 5
    endloop
  endfacet
  facet normal 0.751966 0.659202 0
    outer loop
      vertex 43.215 -91.0697 2.05
      vertex 43.409 -91.291 5
      vertex 43.409 -91.291 2.05
    endloop
  endfacet
  facet normal 0.19507 0.980789 -0
    outer loop
      vertex 44.7063 -91.9307 2.05
      vertex 44.4177 -91.8733 5
      vertex 44.7063 -91.9307 5
    endloop
  endfacet
  facet normal 0.19507 0.980789 0
    outer loop
      vertex 44.4177 -91.8733 5
      vertex 44.7063 -91.9307 2.05
      vertex 44.4177 -91.8733 2.05
    endloop
  endfacet
  facet normal 0.831318 -0.555797 0
    outer loop
      vertex 43.0514 -88.575 5
      vertex 43.215 -88.3303 2.05
      vertex 43.215 -88.3303 5
    endloop
  endfacet
  facet normal 0.831318 -0.555797 0
    outer loop
      vertex 43.215 -88.3303 2.05
      vertex 43.0514 -88.575 5
      vertex 43.0514 -88.575 2.05
    endloop
  endfacet
  facet normal -0.706348 -0.0463097 -0.706348
    outer loop
      vertex 49.2632 -89.1387 0
      vertex 49.3 -89.7 0
      vertex 47.25 -89.7 2.05
    endloop
  endfacet
  facet normal -0.0463097 0.706348 -0.706348
    outer loop
      vertex 45 -91.95 2.05
      vertex 45.5613 -93.9632 0
      vertex 45 -94 0
    endloop
  endfacet
  facet normal -0.532281 -0.466617 -0.706361
    outer loop
      vertex 48.4114 -87.0823 0
      vertex 46.785 -88.3303 2.05
      vertex 46.591 -88.109 2.05
    endloop
  endfacet
  facet normal 0.466617 -0.532281 -0.706361
    outer loop
      vertex 43.6303 -87.915 2.05
      vertex 43.409 -88.109 2.05
      vertex 42.3823 -86.2886 0
    endloop
  endfacet
  facet normal -0.588578 -0.393266 -0.706341
    outer loop
      vertex 48.4114 -87.0823 0
      vertex 48.7239 -87.55 0
      vertex 46.9486 -88.575 2.05
    endloop
  endfacet
  facet normal -0.22754 -0.670288 -0.706356
    outer loop
      vertex 46.1129 -85.5465 0
      vertex 46.6455 -85.7273 0
      vertex 45.861 -87.6213 2.05
    endloop
  endfacet
  facet normal 0.532242 -0.466672 -0.706354
    outer loop
      vertex 41.9594 -86.6594 0
      vertex 43.409 -88.109 2.05
      vertex 41.5886 -87.0823 0
    endloop
  endfacet
  facet normal 0.670288 0.22754 -0.706356
    outer loop
      vertex 42.9213 -90.561 2.05
      vertex 41.0273 -91.3455 0
      vertex 40.8465 -90.8129 0
    endloop
  endfacet
  facet normal 0.313092 -0.634867 -0.706341
    outer loop
      vertex 43.3545 -85.7273 0
      vertex 43.875 -87.7514 2.05
      vertex 42.85 -85.9761 0
    endloop
  endfacet
  facet normal 0.466672 0.532242 -0.706354
    outer loop
      vertex 43.409 -91.291 2.05
      vertex 42.3823 -93.1114 0
      vertex 41.9594 -92.7406 0
    endloop
  endfacet
  facet normal 0.22752 0.670293 -0.706359
    outer loop
      vertex 44.139 -91.7787 2.05
      vertex 44.4177 -91.8733 2.05
      vertex 43.8871 -93.8535 0
    endloop
  endfacet
  facet normal -0.466617 0.532281 -0.706361
    outer loop
      vertex 46.591 -91.291 2.05
      vertex 47.6177 -93.1114 0
      vertex 46.3697 -91.485 2.05
    endloop
  endfacet
  facet normal 0.0464153 -0.70633 -0.706359
    outer loop
      vertex 45 -87.45 2.05
      vertex 44.7063 -87.4693 2.05
      vertex 44.4387 -85.4368 0
    endloop
  endfacet
  facet normal 0.670288 -0.22754 -0.706356
    outer loop
      vertex 41.0273 -88.0545 0
      vertex 42.9213 -88.839 2.05
      vertex 40.8465 -88.5871 0
    endloop
  endfacet
  facet normal -0.706348 0.0463097 -0.706348
    outer loop
      vertex 49.3 -89.7 0
      vertex 49.2632 -90.2613 0
      vertex 47.25 -89.7 2.05
    endloop
  endfacet
  facet normal -0.694276 -0.138075 -0.70634
    outer loop
      vertex 49.1535 -88.5871 0
      vertex 49.2632 -89.1387 0
      vertex 47.2308 -89.4063 2.05
    endloop
  endfacet
  facet normal 0.694203 0.138311 -0.706365
    outer loop
      vertex 42.7692 -89.9937 2.05
      vertex 42.8267 -90.2823 2.05
      vertex 40.8465 -90.8129 0
    endloop
  endfacet
  facet normal -0.313092 -0.634867 -0.706341
    outer loop
      vertex 46.6455 -85.7273 0
      vertex 47.15 -85.9761 0
      vertex 46.125 -87.7514 2.05
    endloop
  endfacet
  facet normal -0.634938 -0.312899 -0.706362
    outer loop
      vertex 48.9727 -88.0545 0
      vertex 47.0787 -88.839 2.05
      vertex 46.9486 -88.575 2.05
    endloop
  endfacet
  facet normal -0.138082 0.694257 -0.706358
    outer loop
      vertex 45.5823 -91.8733 2.05
      vertex 46.1129 -93.8535 0
      vertex 45.2937 -91.9307 2.05
    endloop
  endfacet
  facet normal 0.694276 0.138075 -0.70634
    outer loop
      vertex 42.7692 -89.9937 2.05
      vertex 40.8465 -90.8129 0
      vertex 40.7368 -90.2613 0
    endloop
  endfacet
  facet normal -0.0463097 -0.706348 -0.706348
    outer loop
      vertex 45 -85.4 0
      vertex 45.5613 -85.4368 0
      vertex 45 -87.45 2.05
    endloop
  endfacet
  facet normal 0.466672 -0.532242 -0.706354
    outer loop
      vertex 42.3823 -86.2886 0
      vertex 43.409 -88.109 2.05
      vertex 41.9594 -86.6594 0
    endloop
  endfacet
  facet normal -0.22752 -0.670293 -0.706359
    outer loop
      vertex 46.1129 -85.5465 0
      vertex 45.861 -87.6213 2.05
      vertex 45.5823 -87.5267 2.05
    endloop
  endfacet
  facet normal 0.532242 0.466672 -0.706354
    outer loop
      vertex 43.409 -91.291 2.05
      vertex 41.9594 -92.7406 0
      vertex 41.5886 -92.3177 0
    endloop
  endfacet
  facet normal 0.634938 -0.312899 -0.706362
    outer loop
      vertex 43.0514 -88.575 2.05
      vertex 42.9213 -88.839 2.05
      vertex 41.0273 -88.0545 0
    endloop
  endfacet
  facet normal -0.670293 0.22752 -0.706359
    outer loop
      vertex 47.1733 -90.2823 2.05
      vertex 49.1535 -90.8129 0
      vertex 47.0787 -90.561 2.05
    endloop
  endfacet
  facet normal 0.466617 0.532281 -0.706361
    outer loop
      vertex 43.409 -91.291 2.05
      vertex 43.6303 -91.485 2.05
      vertex 42.3823 -93.1114 0
    endloop
  endfacet
  facet normal 0.22754 -0.670288 -0.706356
    outer loop
      vertex 43.8871 -85.5465 0
      vertex 44.139 -87.6213 2.05
      vertex 43.3545 -85.7273 0
    endloop
  endfacet
  facet normal -0.634867 -0.313092 -0.706341
    outer loop
      vertex 48.7239 -87.55 0
      vertex 48.9727 -88.0545 0
      vertex 46.9486 -88.575 2.05
    endloop
  endfacet
  facet normal -0.22752 0.670293 -0.706359
    outer loop
      vertex 45.861 -91.7787 2.05
      vertex 46.1129 -93.8535 0
      vertex 45.5823 -91.8733 2.05
    endloop
  endfacet
  facet normal 0.532281 0.466617 -0.706361
    outer loop
      vertex 43.215 -91.0697 2.05
      vertex 43.409 -91.291 2.05
      vertex 41.5886 -92.3177 0
    endloop
  endfacet
  facet normal 0.0464153 0.70633 -0.706359
    outer loop
      vertex 44.7063 -91.9307 2.05
      vertex 45 -91.95 2.05
      vertex 44.4387 -93.9632 0
    endloop
  endfacet
  facet normal 0.393266 -0.588578 -0.706341
    outer loop
      vertex 42.85 -85.9761 0
      vertex 43.875 -87.7514 2.05
      vertex 42.3823 -86.2886 0
    endloop
  endfacet
  facet normal 0.634867 -0.313092 -0.706341
    outer loop
      vertex 41.2761 -87.55 0
      vertex 43.0514 -88.575 2.05
      vertex 41.0273 -88.0545 0
    endloop
  endfacet
  facet normal -0.670293 -0.22752 -0.706359
    outer loop
      vertex 49.1535 -88.5871 0
      vertex 47.1733 -89.1177 2.05
      vertex 47.0787 -88.839 2.05
    endloop
  endfacet
  facet normal 0.588578 0.393266 -0.706341
    outer loop
      vertex 43.0514 -90.825 2.05
      vertex 41.5886 -92.3177 0
      vertex 41.2761 -91.85 0
    endloop
  endfacet
  facet normal -0.393266 -0.588578 -0.706341
    outer loop
      vertex 47.15 -85.9761 0
      vertex 47.6177 -86.2886 0
      vertex 46.125 -87.7514 2.05
    endloop
  endfacet
  facet normal 0.706348 -0.0463097 -0.706348
    outer loop
      vertex 40.7368 -89.1387 0
      vertex 42.75 -89.7 2.05
      vertex 40.7 -89.7 0
    endloop
  endfacet
  facet normal 0.670293 0.22752 -0.706359
    outer loop
      vertex 42.8267 -90.2823 2.05
      vertex 42.9213 -90.561 2.05
      vertex 40.8465 -90.8129 0
    endloop
  endfacet
  facet normal -0.532242 -0.466672 -0.706354
    outer loop
      vertex 48.0406 -86.6594 0
      vertex 48.4114 -87.0823 0
      vertex 46.591 -88.109 2.05
    endloop
  endfacet
  facet normal 0.0463097 0.706348 -0.706348
    outer loop
      vertex 45 -91.95 2.05
      vertex 45 -94 0
      vertex 44.4387 -93.9632 0
    endloop
  endfacet
  facet normal -0.312899 0.634938 -0.706362
    outer loop
      vertex 46.125 -91.6486 2.05
      vertex 46.6455 -93.6727 0
      vertex 45.861 -91.7787 2.05
    endloop
  endfacet
  facet normal 0.588449 -0.393421 -0.706362
    outer loop
      vertex 43.215 -88.3303 2.05
      vertex 43.0514 -88.575 2.05
      vertex 41.5886 -87.0823 0
    endloop
  endfacet
  facet normal -0.634938 0.312899 -0.706362
    outer loop
      vertex 47.0787 -90.561 2.05
      vertex 48.9727 -91.3455 0
      vertex 46.9486 -90.825 2.05
    endloop
  endfacet
  facet normal -0.532242 0.466672 -0.706354
    outer loop
      vertex 48.4114 -92.3177 0
      vertex 48.0406 -92.7406 0
      vertex 46.591 -91.291 2.05
    endloop
  endfacet
  facet normal -0.313092 0.634867 -0.706341
    outer loop
      vertex 47.15 -93.4239 0
      vertex 46.6455 -93.6727 0
      vertex 46.125 -91.6486 2.05
    endloop
  endfacet
  facet normal 0.706371 -0.0461775 -0.706334
    outer loop
      vertex 42.7692 -89.4063 2.05
      vertex 42.75 -89.7 2.05
      vertex 40.7368 -89.1387 0
    endloop
  endfacet
  facet normal -0.466617 -0.532281 -0.706361
    outer loop
      vertex 47.6177 -86.2886 0
      vertex 46.591 -88.109 2.05
      vertex 46.3697 -87.915 2.05
    endloop
  endfacet
  facet normal 0.312899 0.634938 -0.706362
    outer loop
      vertex 43.875 -91.6486 2.05
      vertex 44.139 -91.7787 2.05
      vertex 43.3545 -93.6727 0
    endloop
  endfacet
  facet normal -0.466672 0.532242 -0.706354
    outer loop
      vertex 48.0406 -92.7406 0
      vertex 47.6177 -93.1114 0
      vertex 46.591 -91.291 2.05
    endloop
  endfacet
  facet normal 0.22754 0.670288 -0.706356
    outer loop
      vertex 44.139 -91.7787 2.05
      vertex 43.8871 -93.8535 0
      vertex 43.3545 -93.6727 0
    endloop
  endfacet
  facet normal 0.634867 0.313092 -0.706341
    outer loop
      vertex 43.0514 -90.825 2.05
      vertex 41.2761 -91.85 0
      vertex 41.0273 -91.3455 0
    endloop
  endfacet
  facet normal 0.588449 0.393421 -0.706362
    outer loop
      vertex 43.0514 -90.825 2.05
      vertex 43.215 -91.0697 2.05
      vertex 41.5886 -92.3177 0
    endloop
  endfacet
  facet normal -0.670288 0.22754 -0.706356
    outer loop
      vertex 49.1535 -90.8129 0
      vertex 48.9727 -91.3455 0
      vertex 47.0787 -90.561 2.05
    endloop
  endfacet
  facet normal -0.588449 0.393421 -0.706362
    outer loop
      vertex 46.9486 -90.825 2.05
      vertex 48.4114 -92.3177 0
      vertex 46.785 -91.0697 2.05
    endloop
  endfacet
  facet normal 0.670293 -0.22752 -0.706359
    outer loop
      vertex 42.9213 -88.839 2.05
      vertex 42.8267 -89.1177 2.05
      vertex 40.8465 -88.5871 0
    endloop
  endfacet
  facet normal -0.22754 0.670288 -0.706356
    outer loop
      vertex 46.6455 -93.6727 0
      vertex 46.1129 -93.8535 0
      vertex 45.861 -91.7787 2.05
    endloop
  endfacet
  facet normal 0.0463097 -0.706348 -0.706348
    outer loop
      vertex 45 -85.4 0
      vertex 45 -87.45 2.05
      vertex 44.4387 -85.4368 0
    endloop
  endfacet
  facet normal 0.706348 0.0463097 -0.706348
    outer loop
      vertex 42.75 -89.7 2.05
      vertex 40.7368 -90.2613 0
      vertex 40.7 -89.7 0
    endloop
  endfacet
  facet normal 0.138072 -0.69426 -0.706357
    outer loop
      vertex 44.4387 -85.4368 0
      vertex 44.7063 -87.4693 2.05
      vertex 43.8871 -85.5465 0
    endloop
  endfacet
  facet normal -0.634867 0.313092 -0.706341
    outer loop
      vertex 48.9727 -91.3455 0
      vertex 48.7239 -91.85 0
      vertex 46.9486 -90.825 2.05
    endloop
  endfacet
  facet normal 0.138082 -0.694257 -0.706358
    outer loop
      vertex 44.7063 -87.4693 2.05
      vertex 44.4177 -87.5267 2.05
      vertex 43.8871 -85.5465 0
    endloop
  endfacet
  facet normal -0.466672 -0.532242 -0.706354
    outer loop
      vertex 47.6177 -86.2886 0
      vertex 48.0406 -86.6594 0
      vertex 46.591 -88.109 2.05
    endloop
  endfacet
  facet normal 0.532281 -0.466617 -0.706361
    outer loop
      vertex 43.409 -88.109 2.05
      vertex 43.215 -88.3303 2.05
      vertex 41.5886 -87.0823 0
    endloop
  endfacet
  facet normal 0.393421 -0.588449 -0.706362
    outer loop
      vertex 43.875 -87.7514 2.05
      vertex 43.6303 -87.915 2.05
      vertex 42.3823 -86.2886 0
    endloop
  endfacet
  facet normal 0.588578 -0.393266 -0.706341
    outer loop
      vertex 41.5886 -87.0823 0
      vertex 43.0514 -88.575 2.05
      vertex 41.2761 -87.55 0
    endloop
  endfacet
  facet normal 0.313092 0.634867 -0.706341
    outer loop
      vertex 43.875 -91.6486 2.05
      vertex 43.3545 -93.6727 0
      vertex 42.85 -93.4239 0
    endloop
  endfacet
  facet normal 0.393421 0.588449 -0.706362
    outer loop
      vertex 43.6303 -91.485 2.05
      vertex 43.875 -91.6486 2.05
      vertex 42.3823 -93.1114 0
    endloop
  endfacet
  facet normal 0.393266 0.588578 -0.706341
    outer loop
      vertex 43.875 -91.6486 2.05
      vertex 42.85 -93.4239 0
      vertex 42.3823 -93.1114 0
    endloop
  endfacet
  facet normal -0.138072 0.69426 -0.706357
    outer loop
      vertex 46.1129 -93.8535 0
      vertex 45.5613 -93.9632 0
      vertex 45.2937 -91.9307 2.05
    endloop
  endfacet
  facet normal -0.588578 0.393266 -0.706341
    outer loop
      vertex 48.7239 -91.85 0
      vertex 48.4114 -92.3177 0
      vertex 46.9486 -90.825 2.05
    endloop
  endfacet
  facet normal -0.0464153 -0.70633 -0.706359
    outer loop
      vertex 45.5613 -85.4368 0
      vertex 45.2937 -87.4693 2.05
      vertex 45 -87.45 2.05
    endloop
  endfacet
  facet normal -0.694203 -0.138311 -0.706365
    outer loop
      vertex 49.1535 -88.5871 0
      vertex 47.2308 -89.4063 2.05
      vertex 47.1733 -89.1177 2.05
    endloop
  endfacet
  facet normal -0.670288 -0.22754 -0.706356
    outer loop
      vertex 48.9727 -88.0545 0
      vertex 49.1535 -88.5871 0
      vertex 47.0787 -88.839 2.05
    endloop
  endfacet
  facet normal -0.532281 0.466617 -0.706361
    outer loop
      vertex 46.785 -91.0697 2.05
      vertex 48.4114 -92.3177 0
      vertex 46.591 -91.291 2.05
    endloop
  endfacet
  facet normal -0.694276 0.138075 -0.70634
    outer loop
      vertex 49.2632 -90.2613 0
      vertex 49.1535 -90.8129 0
      vertex 47.2308 -89.9937 2.05
    endloop
  endfacet
  facet normal -0.706371 0.0461775 -0.706334
    outer loop
      vertex 47.25 -89.7 2.05
      vertex 49.2632 -90.2613 0
      vertex 47.2308 -89.9937 2.05
    endloop
  endfacet
  facet normal 0.694203 -0.138311 -0.706365
    outer loop
      vertex 42.8267 -89.1177 2.05
      vertex 42.7692 -89.4063 2.05
      vertex 40.8465 -88.5871 0
    endloop
  endfacet
  facet normal 0.694276 -0.138075 -0.70634
    outer loop
      vertex 40.8465 -88.5871 0
      vertex 42.7692 -89.4063 2.05
      vertex 40.7368 -89.1387 0
    endloop
  endfacet
  facet normal 0.706371 0.0461775 -0.706334
    outer loop
      vertex 42.75 -89.7 2.05
      vertex 42.7692 -89.9937 2.05
      vertex 40.7368 -90.2613 0
    endloop
  endfacet
  facet normal 0.634938 0.312899 -0.706362
    outer loop
      vertex 42.9213 -90.561 2.05
      vertex 43.0514 -90.825 2.05
      vertex 41.0273 -91.3455 0
    endloop
  endfacet
  facet normal -0.393421 -0.588449 -0.706362
    outer loop
      vertex 47.6177 -86.2886 0
      vertex 46.3697 -87.915 2.05
      vertex 46.125 -87.7514 2.05
    endloop
  endfacet
  facet normal 0.312899 -0.634938 -0.706362
    outer loop
      vertex 44.139 -87.6213 2.05
      vertex 43.875 -87.7514 2.05
      vertex 43.3545 -85.7273 0
    endloop
  endfacet
  facet normal 0.22752 -0.670293 -0.706359
    outer loop
      vertex 44.4177 -87.5267 2.05
      vertex 44.139 -87.6213 2.05
      vertex 43.8871 -85.5465 0
    endloop
  endfacet
  facet normal -0.393266 0.588578 -0.706341
    outer loop
      vertex 47.6177 -93.1114 0
      vertex 47.15 -93.4239 0
      vertex 46.125 -91.6486 2.05
    endloop
  endfacet
  facet normal -0.0464153 0.70633 -0.706359
    outer loop
      vertex 45.2937 -91.9307 2.05
      vertex 45.5613 -93.9632 0
      vertex 45 -91.95 2.05
    endloop
  endfacet
  facet normal -0.312899 -0.634938 -0.706362
    outer loop
      vertex 46.6455 -85.7273 0
      vertex 46.125 -87.7514 2.05
      vertex 45.861 -87.6213 2.05
    endloop
  endfacet
  facet normal -0.588449 -0.393421 -0.706362
    outer loop
      vertex 48.4114 -87.0823 0
      vertex 46.9486 -88.575 2.05
      vertex 46.785 -88.3303 2.05
    endloop
  endfacet
  facet normal -0.138072 -0.69426 -0.706357
    outer loop
      vertex 45.5613 -85.4368 0
      vertex 46.1129 -85.5465 0
      vertex 45.2937 -87.4693 2.05
    endloop
  endfacet
  facet normal -0.706371 -0.0461775 -0.706334
    outer loop
      vertex 49.2632 -89.1387 0
      vertex 47.25 -89.7 2.05
      vertex 47.2308 -89.4063 2.05
    endloop
  endfacet
  facet normal -0.694203 0.138311 -0.706365
    outer loop
      vertex 47.2308 -89.9937 2.05
      vertex 49.1535 -90.8129 0
      vertex 47.1733 -90.2823 2.05
    endloop
  endfacet
  facet normal 0.138072 0.69426 -0.706357
    outer loop
      vertex 44.7063 -91.9307 2.05
      vertex 44.4387 -93.9632 0
      vertex 43.8871 -93.8535 0
    endloop
  endfacet
  facet normal 0.138082 0.694257 -0.706358
    outer loop
      vertex 44.4177 -91.8733 2.05
      vertex 44.7063 -91.9307 2.05
      vertex 43.8871 -93.8535 0
    endloop
  endfacet
  facet normal -0.138082 -0.694257 -0.706358
    outer loop
      vertex 46.1129 -85.5465 0
      vertex 45.5823 -87.5267 2.05
      vertex 45.2937 -87.4693 2.05
    endloop
  endfacet
  facet normal -0.393421 0.588449 -0.706362
    outer loop
      vertex 46.3697 -91.485 2.05
      vertex 47.6177 -93.1114 0
      vertex 46.125 -91.6486 2.05
    endloop
  endfacet
  facet normal -0.980776 -0.195136 0
    outer loop
      vertex 7.23075 89.9937 2.05
      vertex 7.17333 90.2823 5
      vertex 7.17333 90.2823 2.05
    endloop
  endfacet
  facet normal -0.980776 -0.195136 0
    outer loop
      vertex 7.17333 90.2823 5
      vertex 7.23075 89.9937 2.05
      vertex 7.23075 89.9937 5
    endloop
  endfacet
  facet normal -0.997859 -0.0654027 0
    outer loop
      vertex 7.25 89.7 2.05
      vertex 7.23075 89.9937 5
      vertex 7.23075 89.9937 2.05
    endloop
  endfacet
  facet normal -0.997859 -0.0654027 0
    outer loop
      vertex 7.23075 89.9937 5
      vertex 7.25 89.7 2.05
      vertex 7.25 89.7 5
    endloop
  endfacet
  facet normal -0.946936 -0.321421 0
    outer loop
      vertex 7.17333 90.2823 2.05
      vertex 7.07873 90.561 5
      vertex 7.07873 90.561 2.05
    endloop
  endfacet
  facet normal -0.946936 -0.321421 0
    outer loop
      vertex 7.07873 90.561 5
      vertex 7.17333 90.2823 2.05
      vertex 7.17333 90.2823 5
    endloop
  endfacet
  facet normal -0.831443 -0.555609 0
    outer loop
      vertex 6.94856 90.825 2.05
      vertex 6.78504 91.0697 5
      vertex 6.78504 91.0697 2.05
    endloop
  endfacet
  facet normal -0.831443 -0.555609 0
    outer loop
      vertex 6.78504 91.0697 5
      vertex 6.94856 90.825 2.05
      vertex 6.94856 90.825 5
    endloop
  endfacet
  facet normal 0.659236 0.751936 -0
    outer loop
      vertex 3.63029 87.915 2.05
      vertex 3.40901 88.109 5
      vertex 3.63029 87.915 5
    endloop
  endfacet
  facet normal 0.659236 0.751936 0
    outer loop
      vertex 3.40901 88.109 5
      vertex 3.63029 87.915 2.05
      vertex 3.40901 88.109 2.05
    endloop
  endfacet
  facet normal -0.751882 0.659298 0
    outer loop
      vertex 6.59099 88.109 2.05
      vertex 6.78504 88.3303 5
      vertex 6.78504 88.3303 2.05
    endloop
  endfacet
  facet normal -0.751882 0.659298 0
    outer loop
      vertex 6.78504 88.3303 5
      vertex 6.59099 88.109 2.05
      vertex 6.59099 88.109 5
    endloop
  endfacet
  facet normal -0.659236 -0.751936 0
    outer loop
      vertex 6.36971 91.485 2.05
      vertex 6.59099 91.291 5
      vertex 6.36971 91.485 5
    endloop
  endfacet
  facet normal -0.659236 -0.751936 -0
    outer loop
      vertex 6.59099 91.291 5
      vertex 6.36971 91.485 2.05
      vertex 6.59099 91.291 2.05
    endloop
  endfacet
  facet normal 0.442096 -0.896968 0
    outer loop
      vertex 3.875 91.6486 2.05
      vertex 4.13896 91.7787 5
      vertex 3.875 91.6486 5
    endloop
  endfacet
  facet normal 0.442096 -0.896968 0
    outer loop
      vertex 4.13896 91.7787 5
      vertex 3.875 91.6486 2.05
      vertex 4.13896 91.7787 2.05
    endloop
  endfacet
  facet normal -0.442096 -0.896968 0
    outer loop
      vertex 5.86104 91.7787 2.05
      vertex 6.125 91.6486 5
      vertex 5.86104 91.7787 5
    endloop
  endfacet
  facet normal -0.442096 -0.896968 -0
    outer loop
      vertex 6.125 91.6486 5
      vertex 5.86104 91.7787 2.05
      vertex 6.125 91.6486 2.05
    endloop
  endfacet
  facet normal -0.8969 0.442233 0
    outer loop
      vertex 6.94856 88.575 2.05
      vertex 7.07873 88.839 5
      vertex 7.07873 88.839 2.05
    endloop
  endfacet
  facet normal -0.8969 0.442233 0
    outer loop
      vertex 7.07873 88.839 5
      vertex 6.94856 88.575 2.05
      vertex 6.94856 88.575 5
    endloop
  endfacet
  facet normal -0.321421 0.946936 0
    outer loop
      vertex 5.86104 87.6213 2.05
      vertex 5.58234 87.5267 5
      vertex 5.86104 87.6213 5
    endloop
  endfacet
  facet normal -0.321421 0.946936 0
    outer loop
      vertex 5.58234 87.5267 5
      vertex 5.86104 87.6213 2.05
      vertex 5.58234 87.5267 2.05
    endloop
  endfacet
  facet normal -0.8969 -0.442233 0
    outer loop
      vertex 7.07873 90.561 2.05
      vertex 6.94856 90.825 5
      vertex 6.94856 90.825 2.05
    endloop
  endfacet
  facet normal -0.8969 -0.442233 0
    outer loop
      vertex 6.94856 90.825 5
      vertex 7.07873 90.561 2.05
      vertex 7.07873 90.561 5
    endloop
  endfacet
  facet normal 0.8969 -0.442233 0
    outer loop
      vertex 2.92127 90.561 5
      vertex 3.05144 90.825 2.05
      vertex 3.05144 90.825 5
    endloop
  endfacet
  facet normal 0.8969 -0.442233 0
    outer loop
      vertex 3.05144 90.825 2.05
      vertex 2.92127 90.561 5
      vertex 2.92127 90.561 2.05
    endloop
  endfacet
  facet normal -0.751882 -0.659298 0
    outer loop
      vertex 6.78504 91.0697 2.05
      vertex 6.59099 91.291 5
      vertex 6.59099 91.291 2.05
    endloop
  endfacet
  facet normal -0.751882 -0.659298 0
    outer loop
      vertex 6.59099 91.291 5
      vertex 6.78504 91.0697 2.05
      vertex 6.78504 91.0697 5
    endloop
  endfacet
  facet normal -0.980776 0.195136 0
    outer loop
      vertex 7.17333 89.1177 2.05
      vertex 7.23075 89.4063 5
      vertex 7.23075 89.4063 2.05
    endloop
  endfacet
  facet normal -0.980776 0.195136 0
    outer loop
      vertex 7.23075 89.4063 5
      vertex 7.17333 89.1177 2.05
      vertex 7.17333 89.1177 5
    endloop
  endfacet
  facet normal -0.997859 0.0654027 0
    outer loop
      vertex 7.23075 89.4063 2.05
      vertex 7.25 89.7 5
      vertex 7.25 89.7 2.05
    endloop
  endfacet
  facet normal -0.997859 0.0654027 0
    outer loop
      vertex 7.25 89.7 5
      vertex 7.23075 89.4063 2.05
      vertex 7.23075 89.4063 5
    endloop
  endfacet
  facet normal 0.555782 0.831328 -0
    outer loop
      vertex 3.875 87.7514 2.05
      vertex 3.63029 87.915 5
      vertex 3.875 87.7514 5
    endloop
  endfacet
  facet normal 0.555782 0.831328 0
    outer loop
      vertex 3.63029 87.915 5
      vertex 3.875 87.7514 2.05
      vertex 3.63029 87.915 2.05
    endloop
  endfacet
  facet normal 0.946936 0.321421 0
    outer loop
      vertex 2.92127 88.839 5
      vertex 2.82667 89.1177 2.05
      vertex 2.82667 89.1177 5
    endloop
  endfacet
  facet normal 0.946936 0.321421 0
    outer loop
      vertex 2.82667 89.1177 2.05
      vertex 2.92127 88.839 5
      vertex 2.92127 88.839 2.05
    endloop
  endfacet
  facet normal 0.997859 0.0654027 0
    outer loop
      vertex 2.76925 89.4063 5
      vertex 2.75 89.7 2.05
      vertex 2.75 89.7 5
    endloop
  endfacet
  facet normal 0.997859 0.0654027 0
    outer loop
      vertex 2.75 89.7 2.05
      vertex 2.76925 89.4063 5
      vertex 2.76925 89.4063 2.05
    endloop
  endfacet
  facet normal 0.321421 -0.946936 0
    outer loop
      vertex 4.13896 91.7787 2.05
      vertex 4.41766 91.8733 5
      vertex 4.13896 91.7787 5
    endloop
  endfacet
  facet normal 0.321421 -0.946936 0
    outer loop
      vertex 4.41766 91.8733 5
      vertex 4.13896 91.7787 2.05
      vertex 4.41766 91.8733 2.05
    endloop
  endfacet
  facet normal -0.659236 0.751936 0
    outer loop
      vertex 6.59099 88.109 2.05
      vertex 6.36971 87.915 5
      vertex 6.59099 88.109 5
    endloop
  endfacet
  facet normal -0.659236 0.751936 0
    outer loop
      vertex 6.36971 87.915 5
      vertex 6.59099 88.109 2.05
      vertex 6.36971 87.915 2.05
    endloop
  endfacet
  facet normal -0.0655763 0.997848 0
    outer loop
      vertex 5.29368 87.4693 2.05
      vertex 5 87.45 5
      vertex 5.29368 87.4693 5
    endloop
  endfacet
  facet normal -0.0655763 0.997848 0
    outer loop
      vertex 5 87.45 5
      vertex 5.29368 87.4693 2.05
      vertex 5 87.45 2.05
    endloop
  endfacet
  facet normal -0.195031 -0.980797 0
    outer loop
      vertex 5.29368 91.9307 2.05
      vertex 5.58234 91.8733 5
      vertex 5.29368 91.9307 5
    endloop
  endfacet
  facet normal -0.195031 -0.980797 -0
    outer loop
      vertex 5.58234 91.8733 5
      vertex 5.29368 91.9307 2.05
      vertex 5.58234 91.8733 2.05
    endloop
  endfacet
  facet normal -0.321421 -0.946936 0
    outer loop
      vertex 5.58234 91.8733 2.05
      vertex 5.86104 91.7787 5
      vertex 5.58234 91.8733 5
    endloop
  endfacet
  facet normal -0.321421 -0.946936 -0
    outer loop
      vertex 5.86104 91.7787 5
      vertex 5.58234 91.8733 2.05
      vertex 5.86104 91.7787 2.05
    endloop
  endfacet
  facet normal -0.946936 0.321421 0
    outer loop
      vertex 7.07873 88.839 2.05
      vertex 7.17333 89.1177 5
      vertex 7.17333 89.1177 2.05
    endloop
  endfacet
  facet normal -0.946936 0.321421 0
    outer loop
      vertex 7.17333 89.1177 5
      vertex 7.07873 88.839 2.05
      vertex 7.07873 88.839 5
    endloop
  endfacet
  facet normal 0.195031 -0.980797 0
    outer loop
      vertex 4.41766 91.8733 2.05
      vertex 4.70632 91.9307 5
      vertex 4.41766 91.8733 5
    endloop
  endfacet
  facet normal 0.195031 -0.980797 0
    outer loop
      vertex 4.70632 91.9307 5
      vertex 4.41766 91.8733 2.05
      vertex 4.70632 91.9307 2.05
    endloop
  endfacet
  facet normal 0.946936 -0.321421 0
    outer loop
      vertex 2.82667 90.2823 5
      vertex 2.92127 90.561 2.05
      vertex 2.92127 90.561 5
    endloop
  endfacet
  facet normal 0.946936 -0.321421 0
    outer loop
      vertex 2.92127 90.561 2.05
      vertex 2.82667 90.2823 5
      vertex 2.82667 90.2823 2.05
    endloop
  endfacet
  facet normal -0.555782 -0.831328 0
    outer loop
      vertex 6.125 91.6486 2.05
      vertex 6.36971 91.485 5
      vertex 6.125 91.6486 5
    endloop
  endfacet
  facet normal -0.555782 -0.831328 -0
    outer loop
      vertex 6.36971 91.485 5
      vertex 6.125 91.6486 2.05
      vertex 6.36971 91.485 2.05
    endloop
  endfacet
  facet normal -0.195031 0.980797 0
    outer loop
      vertex 5.58234 87.5267 2.05
      vertex 5.29368 87.4693 5
      vertex 5.58234 87.5267 5
    endloop
  endfacet
  facet normal -0.195031 0.980797 0
    outer loop
      vertex 5.29368 87.4693 5
      vertex 5.58234 87.5267 2.05
      vertex 5.29368 87.4693 2.05
    endloop
  endfacet
  facet normal -0.442096 0.896968 0
    outer loop
      vertex 6.125 87.7514 2.05
      vertex 5.86104 87.6213 5
      vertex 6.125 87.7514 5
    endloop
  endfacet
  facet normal -0.442096 0.896968 0
    outer loop
      vertex 5.86104 87.6213 5
      vertex 6.125 87.7514 2.05
      vertex 5.86104 87.6213 2.05
    endloop
  endfacet
  facet normal 0.442096 0.896968 -0
    outer loop
      vertex 4.13896 87.6213 2.05
      vertex 3.875 87.7514 5
      vertex 4.13896 87.6213 5
    endloop
  endfacet
  facet normal 0.442096 0.896968 0
    outer loop
      vertex 3.875 87.7514 5
      vertex 4.13896 87.6213 2.05
      vertex 3.875 87.7514 2.05
    endloop
  endfacet
  facet normal 0.751882 -0.659298 0
    outer loop
      vertex 3.21496 91.0697 5
      vertex 3.40901 91.291 2.05
      vertex 3.40901 91.291 5
    endloop
  endfacet
  facet normal 0.751882 -0.659298 0
    outer loop
      vertex 3.40901 91.291 2.05
      vertex 3.21496 91.0697 5
      vertex 3.21496 91.0697 2.05
    endloop
  endfacet
  facet normal 0.8969 0.442233 0
    outer loop
      vertex 3.05144 88.575 5
      vertex 2.92127 88.839 2.05
      vertex 2.92127 88.839 5
    endloop
  endfacet
  facet normal 0.8969 0.442233 0
    outer loop
      vertex 2.92127 88.839 2.05
      vertex 3.05144 88.575 5
      vertex 3.05144 88.575 2.05
    endloop
  endfacet
  facet normal 0.997859 -0.0654027 0
    outer loop
      vertex 2.75 89.7 5
      vertex 2.76925 89.9937 2.05
      vertex 2.76925 89.9937 5
    endloop
  endfacet
  facet normal 0.997859 -0.0654027 0
    outer loop
      vertex 2.76925 89.9937 2.05
      vertex 2.75 89.7 5
      vertex 2.75 89.7 2.05
    endloop
  endfacet
  facet normal 0.831443 0.555609 0
    outer loop
      vertex 3.21496 88.3303 5
      vertex 3.05144 88.575 2.05
      vertex 3.05144 88.575 5
    endloop
  endfacet
  facet normal 0.831443 0.555609 0
    outer loop
      vertex 3.05144 88.575 2.05
      vertex 3.21496 88.3303 5
      vertex 3.21496 88.3303 2.05
    endloop
  endfacet
  facet normal 0.555782 -0.831328 0
    outer loop
      vertex 3.63029 91.485 2.05
      vertex 3.875 91.6486 5
      vertex 3.63029 91.485 5
    endloop
  endfacet
  facet normal 0.555782 -0.831328 0
    outer loop
      vertex 3.875 91.6486 5
      vertex 3.63029 91.485 2.05
      vertex 3.875 91.6486 2.05
    endloop
  endfacet
  facet normal -0.831443 0.555609 0
    outer loop
      vertex 6.78504 88.3303 2.05
      vertex 6.94856 88.575 5
      vertex 6.94856 88.575 2.05
    endloop
  endfacet
  facet normal -0.831443 0.555609 0
    outer loop
      vertex 6.94856 88.575 5
      vertex 6.78504 88.3303 2.05
      vertex 6.78504 88.3303 5
    endloop
  endfacet
  facet normal 0.0655763 0.997848 -0
    outer loop
      vertex 5 87.45 2.05
      vertex 4.70632 87.4693 5
      vertex 5 87.45 5
    endloop
  endfacet
  facet normal 0.0655763 0.997848 0
    outer loop
      vertex 4.70632 87.4693 5
      vertex 5 87.45 2.05
      vertex 4.70632 87.4693 2.05
    endloop
  endfacet
  facet normal 0.659236 -0.751936 0
    outer loop
      vertex 3.40901 91.291 2.05
      vertex 3.63029 91.485 5
      vertex 3.40901 91.291 5
    endloop
  endfacet
  facet normal 0.659236 -0.751936 0
    outer loop
      vertex 3.63029 91.485 5
      vertex 3.40901 91.291 2.05
      vertex 3.63029 91.485 2.05
    endloop
  endfacet
  facet normal -0.555782 0.831328 0
    outer loop
      vertex 6.36971 87.915 2.05
      vertex 6.125 87.7514 5
      vertex 6.36971 87.915 5
    endloop
  endfacet
  facet normal -0.555782 0.831328 0
    outer loop
      vertex 6.125 87.7514 5
      vertex 6.36971 87.915 2.05
      vertex 6.125 87.7514 2.05
    endloop
  endfacet
  facet normal 0.980776 -0.195136 0
    outer loop
      vertex 2.76925 89.9937 5
      vertex 2.82667 90.2823 2.05
      vertex 2.82667 90.2823 5
    endloop
  endfacet
  facet normal 0.980776 -0.195136 0
    outer loop
      vertex 2.82667 90.2823 2.05
      vertex 2.76925 89.9937 5
      vertex 2.76925 89.9937 2.05
    endloop
  endfacet
  facet normal 0.0655763 -0.997848 0
    outer loop
      vertex 4.70632 91.9307 2.05
      vertex 5 91.95 5
      vertex 4.70632 91.9307 5
    endloop
  endfacet
  facet normal 0.0655763 -0.997848 0
    outer loop
      vertex 5 91.95 5
      vertex 4.70632 91.9307 2.05
      vertex 5 91.95 2.05
    endloop
  endfacet
  facet normal 0.321421 0.946936 -0
    outer loop
      vertex 4.41766 87.5267 2.05
      vertex 4.13896 87.6213 5
      vertex 4.41766 87.5267 5
    endloop
  endfacet
  facet normal 0.321421 0.946936 0
    outer loop
      vertex 4.13896 87.6213 5
      vertex 4.41766 87.5267 2.05
      vertex 4.13896 87.6213 2.05
    endloop
  endfacet
  facet normal 0.980776 0.195136 0
    outer loop
      vertex 2.82667 89.1177 5
      vertex 2.76925 89.4063 2.05
      vertex 2.76925 89.4063 5
    endloop
  endfacet
  facet normal 0.980776 0.195136 0
    outer loop
      vertex 2.76925 89.4063 2.05
      vertex 2.82667 89.1177 5
      vertex 2.82667 89.1177 2.05
    endloop
  endfacet
  facet normal 0.751882 0.659298 0
    outer loop
      vertex 3.40901 88.109 5
      vertex 3.21496 88.3303 2.05
      vertex 3.21496 88.3303 5
    endloop
  endfacet
  facet normal 0.751882 0.659298 0
    outer loop
      vertex 3.21496 88.3303 2.05
      vertex 3.40901 88.109 5
      vertex 3.40901 88.109 2.05
    endloop
  endfacet
  facet normal -0.0655763 -0.997848 0
    outer loop
      vertex 5 91.95 2.05
      vertex 5.29368 91.9307 5
      vertex 5 91.95 5
    endloop
  endfacet
  facet normal -0.0655763 -0.997848 -0
    outer loop
      vertex 5.29368 91.9307 5
      vertex 5 91.95 2.05
      vertex 5.29368 91.9307 2.05
    endloop
  endfacet
  facet normal 0.195031 0.980797 -0
    outer loop
      vertex 4.70632 87.4693 2.05
      vertex 4.41766 87.5267 5
      vertex 4.70632 87.4693 5
    endloop
  endfacet
  facet normal 0.195031 0.980797 0
    outer loop
      vertex 4.41766 87.5267 5
      vertex 4.70632 87.4693 2.05
      vertex 4.41766 87.5267 2.05
    endloop
  endfacet
  facet normal 0.831443 -0.555609 0
    outer loop
      vertex 3.05144 90.825 5
      vertex 3.21496 91.0697 2.05
      vertex 3.21496 91.0697 5
    endloop
  endfacet
  facet normal 0.831443 -0.555609 0
    outer loop
      vertex 3.21496 91.0697 2.05
      vertex 3.05144 90.825 5
      vertex 3.05144 90.825 2.05
    endloop
  endfacet
  facet normal -0.706349 -0.0462971 -0.706349
    outer loop
      vertex 9.26321 90.2613 0
      vertex 9.3 89.7 0
      vertex 7.25 89.7 2.05
    endloop
  endfacet
  facet normal -0.046313 0.706348 -0.706348
    outer loop
      vertex 5 87.45 2.05
      vertex 5.56126 85.4368 0
      vertex 5 85.4 0
    endloop
  endfacet
  facet normal -0.532225 -0.466689 -0.706355
    outer loop
      vertex 8.41142 92.3177 0
      vertex 6.78504 91.0697 2.05
      vertex 6.59099 91.291 2.05
    endloop
  endfacet
  facet normal 0.466645 -0.532264 -0.706355
    outer loop
      vertex 3.63029 91.485 2.05
      vertex 3.40901 91.291 2.05
      vertex 2.38233 93.1114 0
    endloop
  endfacet
  facet normal -0.588577 -0.393253 -0.706349
    outer loop
      vertex 8.41142 92.3177 0
      vertex 8.72391 91.85 0
      vertex 6.94856 90.825 2.05
    endloop
  endfacet
  facet normal -0.227533 -0.670291 -0.706356
    outer loop
      vertex 6.11292 93.8535 0
      vertex 6.64554 93.6727 0
      vertex 5.86104 91.7787 2.05
    endloop
  endfacet
  facet normal 0.532206 -0.466716 -0.706352
    outer loop
      vertex 1.95944 92.7406 0
      vertex 3.40901 91.291 2.05
      vertex 1.58858 92.3177 0
    endloop
  endfacet
  facet normal 0.670295 0.227544 -0.706348
    outer loop
      vertex 2.92127 88.839 2.05
      vertex 1.02732 88.0545 0
      vertex 0.846519 88.5871 0
    endloop
  endfacet
  facet normal 0.313112 -0.634856 -0.706342
    outer loop
      vertex 3.35446 93.6727 0
      vertex 3.875 91.6486 2.05
      vertex 2.85 93.4239 0
    endloop
  endfacet
  facet normal 0.46668 0.532239 -0.706351
    outer loop
      vertex 3.40901 88.109 2.05
      vertex 2.38233 86.2886 0
      vertex 1.95944 86.6594 0
    endloop
  endfacet
  facet normal 0.22752 0.670294 -0.706358
    outer loop
      vertex 4.13896 87.6213 2.05
      vertex 4.41766 87.5267 2.05
      vertex 3.88708 85.5465 0
    endloop
  endfacet
  facet normal -0.466645 0.532264 -0.706355
    outer loop
      vertex 6.59099 88.109 2.05
      vertex 7.61767 86.2886 0
      vertex 6.36971 87.915 2.05
    endloop
  endfacet
  facet normal 0.0464184 -0.70633 -0.706359
    outer loop
      vertex 5 91.95 2.05
      vertex 4.70632 91.9307 2.05
      vertex 4.43874 93.9632 0
    endloop
  endfacet
  facet normal 0.670295 -0.227544 -0.706348
    outer loop
      vertex 1.02732 91.3455 0
      vertex 2.92127 90.561 2.05
      vertex 0.846519 90.8129 0
    endloop
  endfacet
  facet normal -0.706349 0.0462971 -0.706349
    outer loop
      vertex 9.3 89.7 0
      vertex 9.26321 89.1387 0
      vertex 7.25 89.7 2.05
    endloop
  endfacet
  facet normal -0.69426 -0.138109 -0.706349
    outer loop
      vertex 9.15348 90.8129 0
      vertex 9.26321 90.2613 0
      vertex 7.23075 89.9937 2.05
    endloop
  endfacet
  facet normal 0.694254 0.138129 -0.706351
    outer loop
      vertex 2.76925 89.4063 2.05
      vertex 2.82667 89.1177 2.05
      vertex 0.846519 88.5871 0
    endloop
  endfacet
  facet normal -0.313112 -0.634856 -0.706342
    outer loop
      vertex 6.64554 93.6727 0
      vertex 7.15 93.4239 0
      vertex 6.125 91.6486 2.05
    endloop
  endfacet
  facet normal -0.634883 -0.31304 -0.706349
    outer loop
      vertex 8.97268 91.3455 0
      vertex 7.07873 90.561 2.05
      vertex 6.94856 90.825 2.05
    endloop
  endfacet
  facet normal -0.138054 0.694264 -0.706356
    outer loop
      vertex 5.58234 87.5267 2.05
      vertex 6.11292 85.5465 0
      vertex 5.29368 87.4693 2.05
    endloop
  endfacet
  facet normal 0.69426 0.138111 -0.706349
    outer loop
      vertex 2.76925 89.4063 2.05
      vertex 0.846519 88.5871 0
      vertex 0.736788 89.1387 0
    endloop
  endfacet
  facet normal -0.046313 -0.706348 -0.706348
    outer loop
      vertex 5 94 0
      vertex 5.56126 93.9632 0
      vertex 5 91.95 2.05
    endloop
  endfacet
  facet normal 0.46668 -0.532239 -0.706351
    outer loop
      vertex 2.38233 93.1114 0
      vertex 3.40901 91.291 2.05
      vertex 1.95944 92.7406 0
    endloop
  endfacet
  facet normal -0.22752 -0.670294 -0.706358
    outer loop
      vertex 6.11292 93.8535 0
      vertex 5.86104 91.7787 2.05
      vertex 5.58234 91.8733 2.05
    endloop
  endfacet
  facet normal 0.532206 0.466716 -0.706352
    outer loop
      vertex 3.40901 88.109 2.05
      vertex 1.95944 86.6594 0
      vertex 1.58858 87.0823 0
    endloop
  endfacet
  facet normal 0.634883 -0.31304 -0.706349
    outer loop
      vertex 3.05144 90.825 2.05
      vertex 2.92127 90.561 2.05
      vertex 1.02732 91.3455 0
    endloop
  endfacet
  facet normal -0.6703 0.227522 -0.706351
    outer loop
      vertex 7.17333 89.1177 2.05
      vertex 9.15348 88.5871 0
      vertex 7.07873 88.839 2.05
    endloop
  endfacet
  facet normal 0.466645 0.532264 -0.706355
    outer loop
      vertex 3.40901 88.109 2.05
      vertex 3.63029 87.915 2.05
      vertex 2.38233 86.2886 0
    endloop
  endfacet
  facet normal 0.227533 -0.670291 -0.706356
    outer loop
      vertex 3.88708 93.8535 0
      vertex 4.13896 91.7787 2.05
      vertex 3.35446 93.6727 0
    endloop
  endfacet
  facet normal -0.634876 -0.313059 -0.706347
    outer loop
      vertex 8.72391 91.85 0
      vertex 8.97268 91.3455 0
      vertex 6.94856 90.825 2.05
    endloop
  endfacet
  facet normal -0.22752 0.670294 -0.706358
    outer loop
      vertex 5.86104 87.6213 2.05
      vertex 6.11292 85.5465 0
      vertex 5.58234 87.5267 2.05
    endloop
  endfacet
  facet normal 0.532225 0.466689 -0.706355
    outer loop
      vertex 3.21496 88.3303 2.05
      vertex 3.40901 88.109 2.05
      vertex 1.58858 87.0823 0
    endloop
  endfacet
  facet normal 0.0464184 0.70633 -0.706359
    outer loop
      vertex 4.70632 87.4693 2.05
      vertex 5 87.45 2.05
      vertex 4.43874 85.4368 0
    endloop
  endfacet
  facet normal 0.393284 -0.588567 -0.706341
    outer loop
      vertex 2.85 93.4239 0
      vertex 3.875 91.6486 2.05
      vertex 2.38233 93.1114 0
    endloop
  endfacet
  facet normal 0.634876 -0.313059 -0.706347
    outer loop
      vertex 1.27609 91.85 0
      vertex 3.05144 90.825 2.05
      vertex 1.02732 91.3455 0
    endloop
  endfacet
  facet normal -0.6703 -0.227522 -0.706351
    outer loop
      vertex 9.15348 90.8129 0
      vertex 7.17333 90.2823 2.05
      vertex 7.07873 90.561 2.05
    endloop
  endfacet
  facet normal 0.588577 0.393253 -0.706349
    outer loop
      vertex 3.05144 88.575 2.05
      vertex 1.58858 87.0823 0
      vertex 1.27609 87.55 0
    endloop
  endfacet
  facet normal -0.393284 -0.588567 -0.706341
    outer loop
      vertex 7.15 93.4239 0
      vertex 7.61767 93.1114 0
      vertex 6.125 91.6486 2.05
    endloop
  endfacet
  facet normal 0.706349 -0.0462933 -0.706349
    outer loop
      vertex 0.736788 90.2613 0
      vertex 2.75 89.7 2.05
      vertex 0.700001 89.7 0
    endloop
  endfacet
  facet normal 0.6703 0.227522 -0.706351
    outer loop
      vertex 2.82667 89.1177 2.05
      vertex 2.92127 88.839 2.05
      vertex 0.846519 88.5871 0
    endloop
  endfacet
  facet normal -0.532206 -0.466716 -0.706352
    outer loop
      vertex 8.04056 92.7406 0
      vertex 8.41142 92.3177 0
      vertex 6.59099 91.291 2.05
    endloop
  endfacet
  facet normal 0.046313 0.706348 -0.706348
    outer loop
      vertex 5 87.45 2.05
      vertex 5 85.4 0
      vertex 4.43874 85.4368 0
    endloop
  endfacet
  facet normal -0.312938 0.634921 -0.706361
    outer loop
      vertex 6.125 87.7514 2.05
      vertex 6.64554 85.7273 0
      vertex 5.86104 87.6213 2.05
    endloop
  endfacet
  facet normal 0.588544 -0.393293 -0.706354
    outer loop
      vertex 3.21496 91.0697 2.05
      vertex 3.05144 90.825 2.05
      vertex 1.58858 92.3177 0
    endloop
  endfacet
  facet normal -0.634883 0.31304 -0.706349
    outer loop
      vertex 7.07873 88.839 2.05
      vertex 8.97268 88.0545 0
      vertex 6.94856 88.575 2.05
    endloop
  endfacet
  facet normal -0.532206 0.466716 -0.706352
    outer loop
      vertex 8.41142 87.0823 0
      vertex 8.04056 86.6594 0
      vertex 6.59099 88.109 2.05
    endloop
  endfacet
  facet normal -0.313112 0.634856 -0.706342
    outer loop
      vertex 7.15 85.9761 0
      vertex 6.64554 85.7273 0
      vertex 6.125 87.7514 2.05
    endloop
  endfacet
  facet normal 0.706348 -0.0462962 -0.706349
    outer loop
      vertex 2.76925 89.9937 2.05
      vertex 2.75 89.7 2.05
      vertex 0.736788 90.2613 0
    endloop
  endfacet
  facet normal -0.466645 -0.532264 -0.706355
    outer loop
      vertex 7.61767 93.1114 0
      vertex 6.59099 91.291 2.05
      vertex 6.36971 91.485 2.05
    endloop
  endfacet
  facet normal 0.312938 0.634921 -0.706361
    outer loop
      vertex 3.875 87.7514 2.05
      vertex 4.13896 87.6213 2.05
      vertex 3.35446 85.7273 0
    endloop
  endfacet
  facet normal -0.46668 0.532239 -0.706351
    outer loop
      vertex 8.04056 86.6594 0
      vertex 7.61767 86.2886 0
      vertex 6.59099 88.109 2.05
    endloop
  endfacet
  facet normal 0.227533 0.670291 -0.706356
    outer loop
      vertex 4.13896 87.6213 2.05
      vertex 3.88708 85.5465 0
      vertex 3.35446 85.7273 0
    endloop
  endfacet
  facet normal 0.634876 0.313059 -0.706347
    outer loop
      vertex 3.05144 88.575 2.05
      vertex 1.27609 87.55 0
      vertex 1.02732 88.0545 0
    endloop
  endfacet
  facet normal 0.588544 0.393293 -0.706354
    outer loop
      vertex 3.05144 88.575 2.05
      vertex 3.21496 88.3303 2.05
      vertex 1.58858 87.0823 0
    endloop
  endfacet
  facet normal -0.670296 0.227543 -0.706348
    outer loop
      vertex 9.15348 88.5871 0
      vertex 8.97268 88.0545 0
      vertex 7.07873 88.839 2.05
    endloop
  endfacet
  facet normal -0.588544 0.393293 -0.706354
    outer loop
      vertex 6.94856 88.575 2.05
      vertex 8.41142 87.0823 0
      vertex 6.78504 88.3303 2.05
    endloop
  endfacet
  facet normal 0.6703 -0.227522 -0.706351
    outer loop
      vertex 2.92127 90.561 2.05
      vertex 2.82667 90.2823 2.05
      vertex 0.846519 90.8129 0
    endloop
  endfacet
  facet normal -0.227533 0.670291 -0.706356
    outer loop
      vertex 6.64554 85.7273 0
      vertex 6.11292 85.5465 0
      vertex 5.86104 87.6213 2.05
    endloop
  endfacet
  facet normal 0.046313 -0.706348 -0.706348
    outer loop
      vertex 5 94 0
      vertex 5 91.95 2.05
      vertex 4.43874 93.9632 0
    endloop
  endfacet
  facet normal 0.706349 0.0462933 -0.706349
    outer loop
      vertex 2.75 89.7 2.05
      vertex 0.736788 89.1387 0
      vertex 0.700001 89.7 0
    endloop
  endfacet
  facet normal 0.138057 -0.694263 -0.706356
    outer loop
      vertex 4.43874 93.9632 0
      vertex 4.70632 91.9307 2.05
      vertex 3.88708 93.8535 0
    endloop
  endfacet
  facet normal -0.634876 0.313059 -0.706347
    outer loop
      vertex 8.97268 88.0545 0
      vertex 8.72391 87.55 0
      vertex 6.94856 88.575 2.05
    endloop
  endfacet
  facet normal 0.138054 -0.694264 -0.706356
    outer loop
      vertex 4.70632 91.9307 2.05
      vertex 4.41766 91.8733 2.05
      vertex 3.88708 93.8535 0
    endloop
  endfacet
  facet normal -0.46668 -0.532239 -0.706351
    outer loop
      vertex 7.61767 93.1114 0
      vertex 8.04056 92.7406 0
      vertex 6.59099 91.291 2.05
    endloop
  endfacet
  facet normal 0.532225 -0.466689 -0.706355
    outer loop
      vertex 3.40901 91.291 2.05
      vertex 3.21496 91.0697 2.05
      vertex 1.58858 92.3177 0
    endloop
  endfacet
  facet normal 0.393413 -0.58846 -0.706358
    outer loop
      vertex 3.875 91.6486 2.05
      vertex 3.63029 91.485 2.05
      vertex 2.38233 93.1114 0
    endloop
  endfacet
  facet normal 0.588577 -0.393253 -0.706349
    outer loop
      vertex 1.58858 92.3177 0
      vertex 3.05144 90.825 2.05
      vertex 1.27609 91.85 0
    endloop
  endfacet
  facet normal 0.313112 0.634856 -0.706342
    outer loop
      vertex 3.875 87.7514 2.05
      vertex 3.35446 85.7273 0
      vertex 2.85 85.9761 0
    endloop
  endfacet
  facet normal 0.393413 0.58846 -0.706358
    outer loop
      vertex 3.63029 87.915 2.05
      vertex 3.875 87.7514 2.05
      vertex 2.38233 86.2886 0
    endloop
  endfacet
  facet normal 0.393284 0.588567 -0.706341
    outer loop
      vertex 3.875 87.7514 2.05
      vertex 2.85 85.9761 0
      vertex 2.38233 86.2886 0
    endloop
  endfacet
  facet normal -0.138057 0.694263 -0.706356
    outer loop
      vertex 6.11292 85.5465 0
      vertex 5.56126 85.4368 0
      vertex 5.29368 87.4693 2.05
    endloop
  endfacet
  facet normal -0.588577 0.393253 -0.706349
    outer loop
      vertex 8.72391 87.55 0
      vertex 8.41142 87.0823 0
      vertex 6.94856 88.575 2.05
    endloop
  endfacet
  facet normal -0.0464184 -0.70633 -0.706359
    outer loop
      vertex 5.56126 93.9632 0
      vertex 5.29368 91.9307 2.05
      vertex 5 91.95 2.05
    endloop
  endfacet
  facet normal -0.694254 -0.138129 -0.706351
    outer loop
      vertex 9.15348 90.8129 0
      vertex 7.23075 89.9937 2.05
      vertex 7.17333 90.2823 2.05
    endloop
  endfacet
  facet normal -0.670296 -0.227543 -0.706348
    outer loop
      vertex 8.97268 91.3455 0
      vertex 9.15348 90.8129 0
      vertex 7.07873 90.561 2.05
    endloop
  endfacet
  facet normal -0.532225 0.466689 -0.706355
    outer loop
      vertex 6.78504 88.3303 2.05
      vertex 8.41142 87.0823 0
      vertex 6.59099 88.109 2.05
    endloop
  endfacet
  facet normal -0.69426 0.138109 -0.706349
    outer loop
      vertex 9.26321 89.1387 0
      vertex 9.15348 88.5871 0
      vertex 7.23075 89.4063 2.05
    endloop
  endfacet
  facet normal -0.706349 0.0462963 -0.706348
    outer loop
      vertex 7.25 89.7 2.05
      vertex 9.26321 89.1387 0
      vertex 7.23075 89.4063 2.05
    endloop
  endfacet
  facet normal 0.694254 -0.138129 -0.706351
    outer loop
      vertex 2.82667 90.2823 2.05
      vertex 2.76925 89.9937 2.05
      vertex 0.846519 90.8129 0
    endloop
  endfacet
  facet normal 0.69426 -0.138111 -0.706349
    outer loop
      vertex 0.846519 90.8129 0
      vertex 2.76925 89.9937 2.05
      vertex 0.736788 90.2613 0
    endloop
  endfacet
  facet normal 0.706348 0.0462962 -0.706349
    outer loop
      vertex 2.75 89.7 2.05
      vertex 2.76925 89.4063 2.05
      vertex 0.736788 89.1387 0
    endloop
  endfacet
  facet normal 0.634883 0.31304 -0.706349
    outer loop
      vertex 2.92127 88.839 2.05
      vertex 3.05144 88.575 2.05
      vertex 1.02732 88.0545 0
    endloop
  endfacet
  facet normal -0.393413 -0.58846 -0.706358
    outer loop
      vertex 7.61767 93.1114 0
      vertex 6.36971 91.485 2.05
      vertex 6.125 91.6486 2.05
    endloop
  endfacet
  facet normal 0.312938 -0.634921 -0.706361
    outer loop
      vertex 4.13896 91.7787 2.05
      vertex 3.875 91.6486 2.05
      vertex 3.35446 93.6727 0
    endloop
  endfacet
  facet normal 0.22752 -0.670294 -0.706358
    outer loop
      vertex 4.41766 91.8733 2.05
      vertex 4.13896 91.7787 2.05
      vertex 3.88708 93.8535 0
    endloop
  endfacet
  facet normal -0.393284 0.588567 -0.706341
    outer loop
      vertex 7.61767 86.2886 0
      vertex 7.15 85.9761 0
      vertex 6.125 87.7514 2.05
    endloop
  endfacet
  facet normal -0.0464184 0.70633 -0.706359
    outer loop
      vertex 5.29368 87.4693 2.05
      vertex 5.56126 85.4368 0
      vertex 5 87.45 2.05
    endloop
  endfacet
  facet normal -0.312938 -0.634921 -0.706361
    outer loop
      vertex 6.64554 93.6727 0
      vertex 6.125 91.6486 2.05
      vertex 5.86104 91.7787 2.05
    endloop
  endfacet
  facet normal -0.588544 -0.393293 -0.706354
    outer loop
      vertex 8.41142 92.3177 0
      vertex 6.94856 90.825 2.05
      vertex 6.78504 91.0697 2.05
    endloop
  endfacet
  facet normal -0.138057 -0.694263 -0.706356
    outer loop
      vertex 5.56126 93.9632 0
      vertex 6.11292 93.8535 0
      vertex 5.29368 91.9307 2.05
    endloop
  endfacet
  facet normal -0.706349 -0.0462963 -0.706348
    outer loop
      vertex 9.26321 90.2613 0
      vertex 7.25 89.7 2.05
      vertex 7.23075 89.9937 2.05
    endloop
  endfacet
  facet normal -0.694254 0.138129 -0.706351
    outer loop
      vertex 7.23075 89.4063 2.05
      vertex 9.15348 88.5871 0
      vertex 7.17333 89.1177 2.05
    endloop
  endfacet
  facet normal 0.138057 0.694263 -0.706356
    outer loop
      vertex 4.70632 87.4693 2.05
      vertex 4.43874 85.4368 0
      vertex 3.88708 85.5465 0
    endloop
  endfacet
  facet normal 0.138054 0.694264 -0.706356
    outer loop
      vertex 4.41766 87.5267 2.05
      vertex 4.70632 87.4693 2.05
      vertex 3.88708 85.5465 0
    endloop
  endfacet
  facet normal -0.138054 -0.694264 -0.706356
    outer loop
      vertex 6.11292 93.8535 0
      vertex 5.58234 91.8733 2.05
      vertex 5.29368 91.9307 2.05
    endloop
  endfacet
  facet normal -0.393413 0.58846 -0.706358
    outer loop
      vertex 6.36971 87.915 2.05
      vertex 7.61767 86.2886 0
      vertex 6.125 87.7514 2.05
    endloop
  endfacet
  facet normal -0.980724 -0.195397 0
    outer loop
      vertex 47.2308 89.9937 2.05
      vertex 47.1733 90.2823 5
      vertex 47.1733 90.2823 2.05
    endloop
  endfacet
  facet normal -0.980724 -0.195397 0
    outer loop
      vertex 47.1733 90.2823 5
      vertex 47.2308 89.9937 2.05
      vertex 47.2308 89.9937 5
    endloop
  endfacet
  facet normal -0.99787 -0.0652336 0
    outer loop
      vertex 47.25 89.7 2.05
      vertex 47.2308 89.9937 5
      vertex 47.2308 89.9937 2.05
    endloop
  endfacet
  facet normal -0.99787 -0.0652336 0
    outer loop
      vertex 47.2308 89.9937 5
      vertex 47.25 89.7 2.05
      vertex 47.25 89.7 5
    endloop
  endfacet
  facet normal -0.946936 -0.321421 0
    outer loop
      vertex 47.1733 90.2823 2.05
      vertex 47.0787 90.561 5
      vertex 47.0787 90.561 2.05
    endloop
  endfacet
  facet normal -0.946936 -0.321421 0
    outer loop
      vertex 47.0787 90.561 5
      vertex 47.1733 90.2823 2.05
      vertex 47.1733 90.2823 5
    endloop
  endfacet
  facet normal -0.831318 -0.555797 0
    outer loop
      vertex 46.9486 90.825 2.05
      vertex 46.785 91.0697 5
      vertex 46.785 91.0697 2.05
    endloop
  endfacet
  facet normal -0.831318 -0.555797 0
    outer loop
      vertex 46.785 91.0697 5
      vertex 46.9486 90.825 2.05
      vertex 46.9486 90.825 5
    endloop
  endfacet
  facet normal 0.659202 0.751966 -0
    outer loop
      vertex 43.6303 87.915 2.05
      vertex 43.409 88.109 5
      vertex 43.6303 87.915 5
    endloop
  endfacet
  facet normal 0.659202 0.751966 0
    outer loop
      vertex 43.409 88.109 5
      vertex 43.6303 87.915 2.05
      vertex 43.409 88.109 2.05
    endloop
  endfacet
  facet normal -0.751966 0.659202 0
    outer loop
      vertex 46.591 88.109 2.05
      vertex 46.785 88.3303 5
      vertex 46.785 88.3303 2.05
    endloop
  endfacet
  facet normal -0.751966 0.659202 0
    outer loop
      vertex 46.785 88.3303 5
      vertex 46.591 88.109 2.05
      vertex 46.591 88.109 5
    endloop
  endfacet
  facet normal 0.99787 -0.0652336 0
    outer loop
      vertex 42.75 89.7 5
      vertex 42.7692 89.9937 2.05
      vertex 42.7692 89.9937 5
    endloop
  endfacet
  facet normal 0.99787 -0.0652336 0
    outer loop
      vertex 42.7692 89.9937 2.05
      vertex 42.75 89.7 5
      vertex 42.75 89.7 2.05
    endloop
  endfacet
  facet normal -0.659202 -0.751966 0
    outer loop
      vertex 46.3697 91.485 2.05
      vertex 46.591 91.291 5
      vertex 46.3697 91.485 5
    endloop
  endfacet
  facet normal -0.659202 -0.751966 -0
    outer loop
      vertex 46.591 91.291 5
      vertex 46.3697 91.485 2.05
      vertex 46.591 91.291 2.05
    endloop
  endfacet
  facet normal 0.442042 -0.896995 0
    outer loop
      vertex 43.875 91.6486 2.05
      vertex 44.139 91.7787 5
      vertex 43.875 91.6486 5
    endloop
  endfacet
  facet normal 0.442042 -0.896995 0
    outer loop
      vertex 44.139 91.7787 5
      vertex 43.875 91.6486 2.05
      vertex 44.139 91.7787 2.05
    endloop
  endfacet
  facet normal -0.442042 -0.896995 0
    outer loop
      vertex 45.861 91.7787 2.05
      vertex 46.125 91.6486 5
      vertex 45.861 91.7787 5
    endloop
  endfacet
  facet normal -0.442042 -0.896995 -0
    outer loop
      vertex 46.125 91.6486 5
      vertex 45.861 91.7787 2.05
      vertex 46.125 91.6486 2.05
    endloop
  endfacet
  facet normal -0.896995 0.442042 0
    outer loop
      vertex 46.9486 88.575 2.05
      vertex 47.0787 88.839 5
      vertex 47.0787 88.839 2.05
    endloop
  endfacet
  facet normal -0.896995 0.442042 0
    outer loop
      vertex 47.0787 88.839 5
      vertex 46.9486 88.575 2.05
      vertex 46.9486 88.575 5
    endloop
  endfacet
  facet normal -0.321421 0.946936 0
    outer loop
      vertex 45.861 87.6213 2.05
      vertex 45.5823 87.5267 5
      vertex 45.861 87.6213 5
    endloop
  endfacet
  facet normal -0.321421 0.946936 0
    outer loop
      vertex 45.5823 87.5267 5
      vertex 45.861 87.6213 2.05
      vertex 45.5823 87.5267 2.05
    endloop
  endfacet
  facet normal -0.896995 -0.442042 0
    outer loop
      vertex 47.0787 90.561 2.05
      vertex 46.9486 90.825 5
      vertex 46.9486 90.825 2.05
    endloop
  endfacet
  facet normal -0.896995 -0.442042 0
    outer loop
      vertex 46.9486 90.825 5
      vertex 47.0787 90.561 2.05
      vertex 47.0787 90.561 5
    endloop
  endfacet
  facet normal 0.896995 -0.442042 0
    outer loop
      vertex 42.9213 90.561 5
      vertex 43.0514 90.825 2.05
      vertex 43.0514 90.825 5
    endloop
  endfacet
  facet normal 0.896995 -0.442042 0
    outer loop
      vertex 43.0514 90.825 2.05
      vertex 42.9213 90.561 5
      vertex 42.9213 90.561 2.05
    endloop
  endfacet
  facet normal -0.751966 -0.659202 0
    outer loop
      vertex 46.785 91.0697 2.05
      vertex 46.591 91.291 5
      vertex 46.591 91.291 2.05
    endloop
  endfacet
  facet normal -0.751966 -0.659202 0
    outer loop
      vertex 46.591 91.291 5
      vertex 46.785 91.0697 2.05
      vertex 46.785 91.0697 5
    endloop
  endfacet
  facet normal -0.980724 0.195397 0
    outer loop
      vertex 47.1733 89.1177 2.05
      vertex 47.2308 89.4063 5
      vertex 47.2308 89.4063 2.05
    endloop
  endfacet
  facet normal -0.980724 0.195397 0
    outer loop
      vertex 47.2308 89.4063 5
      vertex 47.1733 89.1177 2.05
      vertex 47.1733 89.1177 5
    endloop
  endfacet
  facet normal -0.99787 0.0652336 0
    outer loop
      vertex 47.2308 89.4063 2.05
      vertex 47.25 89.7 5
      vertex 47.25 89.7 2.05
    endloop
  endfacet
  facet normal -0.99787 0.0652336 0
    outer loop
      vertex 47.25 89.7 5
      vertex 47.2308 89.4063 2.05
      vertex 47.2308 89.4063 5
    endloop
  endfacet
  facet normal 0.555797 0.831318 -0
    outer loop
      vertex 43.875 87.7514 2.05
      vertex 43.6303 87.915 5
      vertex 43.875 87.7514 5
    endloop
  endfacet
  facet normal 0.555797 0.831318 0
    outer loop
      vertex 43.6303 87.915 5
      vertex 43.875 87.7514 2.05
      vertex 43.6303 87.915 2.05
    endloop
  endfacet
  facet normal 0.946936 0.321421 0
    outer loop
      vertex 42.9213 88.839 5
      vertex 42.8267 89.1177 2.05
      vertex 42.8267 89.1177 5
    endloop
  endfacet
  facet normal 0.946936 0.321421 0
    outer loop
      vertex 42.8267 89.1177 2.05
      vertex 42.9213 88.839 5
      vertex 42.9213 88.839 2.05
    endloop
  endfacet
  facet normal 0.99787 0.0652336 0
    outer loop
      vertex 42.7692 89.4063 5
      vertex 42.75 89.7 2.05
      vertex 42.75 89.7 5
    endloop
  endfacet
  facet normal 0.99787 0.0652336 0
    outer loop
      vertex 42.75 89.7 2.05
      vertex 42.7692 89.4063 5
      vertex 42.7692 89.4063 2.05
    endloop
  endfacet
  facet normal 0.751966 0.659202 0
    outer loop
      vertex 43.409 88.109 5
      vertex 43.215 88.3303 2.05
      vertex 43.215 88.3303 5
    endloop
  endfacet
  facet normal 0.751966 0.659202 0
    outer loop
      vertex 43.215 88.3303 2.05
      vertex 43.409 88.109 5
      vertex 43.409 88.109 2.05
    endloop
  endfacet
  facet normal 0.321421 -0.946936 0
    outer loop
      vertex 44.139 91.7787 2.05
      vertex 44.4177 91.8733 5
      vertex 44.139 91.7787 5
    endloop
  endfacet
  facet normal 0.321421 -0.946936 0
    outer loop
      vertex 44.4177 91.8733 5
      vertex 44.139 91.7787 2.05
      vertex 44.4177 91.8733 2.05
    endloop
  endfacet
  facet normal -0.659202 0.751966 0
    outer loop
      vertex 46.591 88.109 2.05
      vertex 46.3697 87.915 5
      vertex 46.591 88.109 5
    endloop
  endfacet
  facet normal -0.659202 0.751966 0
    outer loop
      vertex 46.3697 87.915 5
      vertex 46.591 88.109 2.05
      vertex 46.3697 87.915 2.05
    endloop
  endfacet
  facet normal -0.0655719 0.997848 0
    outer loop
      vertex 45.2937 87.4693 2.05
      vertex 45 87.45 5
      vertex 45.2937 87.4693 5
    endloop
  endfacet
  facet normal -0.0655719 0.997848 0
    outer loop
      vertex 45 87.45 5
      vertex 45.2937 87.4693 2.05
      vertex 45 87.45 2.05
    endloop
  endfacet
  facet normal -0.19507 -0.980789 0
    outer loop
      vertex 45.2937 91.9307 2.05
      vertex 45.5823 91.8733 5
      vertex 45.2937 91.9307 5
    endloop
  endfacet
  facet normal -0.19507 -0.980789 -0
    outer loop
      vertex 45.5823 91.8733 5
      vertex 45.2937 91.9307 2.05
      vertex 45.5823 91.8733 2.05
    endloop
  endfacet
  facet normal -0.321421 -0.946936 0
    outer loop
      vertex 45.5823 91.8733 2.05
      vertex 45.861 91.7787 5
      vertex 45.5823 91.8733 5
    endloop
  endfacet
  facet normal -0.321421 -0.946936 -0
    outer loop
      vertex 45.861 91.7787 5
      vertex 45.5823 91.8733 2.05
      vertex 45.861 91.7787 2.05
    endloop
  endfacet
  facet normal -0.946936 0.321421 0
    outer loop
      vertex 47.0787 88.839 2.05
      vertex 47.1733 89.1177 5
      vertex 47.1733 89.1177 2.05
    endloop
  endfacet
  facet normal -0.946936 0.321421 0
    outer loop
      vertex 47.1733 89.1177 5
      vertex 47.0787 88.839 2.05
      vertex 47.0787 88.839 5
    endloop
  endfacet
  facet normal 0.19507 -0.980789 0
    outer loop
      vertex 44.4177 91.8733 2.05
      vertex 44.7063 91.9307 5
      vertex 44.4177 91.8733 5
    endloop
  endfacet
  facet normal 0.19507 -0.980789 0
    outer loop
      vertex 44.7063 91.9307 5
      vertex 44.4177 91.8733 2.05
      vertex 44.7063 91.9307 2.05
    endloop
  endfacet
  facet normal 0.946936 -0.321421 0
    outer loop
      vertex 42.8267 90.2823 5
      vertex 42.9213 90.561 2.05
      vertex 42.9213 90.561 5
    endloop
  endfacet
  facet normal 0.946936 -0.321421 0
    outer loop
      vertex 42.9213 90.561 2.05
      vertex 42.8267 90.2823 5
      vertex 42.8267 90.2823 2.05
    endloop
  endfacet
  facet normal -0.555797 -0.831318 0
    outer loop
      vertex 46.125 91.6486 2.05
      vertex 46.3697 91.485 5
      vertex 46.125 91.6486 5
    endloop
  endfacet
  facet normal -0.555797 -0.831318 -0
    outer loop
      vertex 46.3697 91.485 5
      vertex 46.125 91.6486 2.05
      vertex 46.3697 91.485 2.05
    endloop
  endfacet
  facet normal -0.19507 0.980789 0
    outer loop
      vertex 45.5823 87.5267 2.05
      vertex 45.2937 87.4693 5
      vertex 45.5823 87.5267 5
    endloop
  endfacet
  facet normal -0.19507 0.980789 0
    outer loop
      vertex 45.2937 87.4693 5
      vertex 45.5823 87.5267 2.05
      vertex 45.2937 87.4693 2.05
    endloop
  endfacet
  facet normal -0.442042 0.896995 0
    outer loop
      vertex 46.125 87.7514 2.05
      vertex 45.861 87.6213 5
      vertex 46.125 87.7514 5
    endloop
  endfacet
  facet normal -0.442042 0.896995 0
    outer loop
      vertex 45.861 87.6213 5
      vertex 46.125 87.7514 2.05
      vertex 45.861 87.6213 2.05
    endloop
  endfacet
  facet normal 0.442042 0.896995 -0
    outer loop
      vertex 44.139 87.6213 2.05
      vertex 43.875 87.7514 5
      vertex 44.139 87.6213 5
    endloop
  endfacet
  facet normal 0.442042 0.896995 0
    outer loop
      vertex 43.875 87.7514 5
      vertex 44.139 87.6213 2.05
      vertex 43.875 87.7514 2.05
    endloop
  endfacet
  facet normal 0.751966 -0.659202 0
    outer loop
      vertex 43.215 91.0697 5
      vertex 43.409 91.291 2.05
      vertex 43.409 91.291 5
    endloop
  endfacet
  facet normal 0.751966 -0.659202 0
    outer loop
      vertex 43.409 91.291 2.05
      vertex 43.215 91.0697 5
      vertex 43.215 91.0697 2.05
    endloop
  endfacet
  facet normal 0.896995 0.442042 0
    outer loop
      vertex 43.0514 88.575 5
      vertex 42.9213 88.839 2.05
      vertex 42.9213 88.839 5
    endloop
  endfacet
  facet normal 0.896995 0.442042 0
    outer loop
      vertex 42.9213 88.839 2.05
      vertex 43.0514 88.575 5
      vertex 43.0514 88.575 2.05
    endloop
  endfacet
  facet normal 0.831318 0.555797 0
    outer loop
      vertex 43.215 88.3303 5
      vertex 43.0514 88.575 2.05
      vertex 43.0514 88.575 5
    endloop
  endfacet
  facet normal 0.831318 0.555797 0
    outer loop
      vertex 43.0514 88.575 2.05
      vertex 43.215 88.3303 5
      vertex 43.215 88.3303 2.05
    endloop
  endfacet
  facet normal 0.555797 -0.831318 0
    outer loop
      vertex 43.6303 91.485 2.05
      vertex 43.875 91.6486 5
      vertex 43.6303 91.485 5
    endloop
  endfacet
  facet normal 0.555797 -0.831318 0
    outer loop
      vertex 43.875 91.6486 5
      vertex 43.6303 91.485 2.05
      vertex 43.875 91.6486 2.05
    endloop
  endfacet
  facet normal -0.831318 0.555797 0
    outer loop
      vertex 46.785 88.3303 2.05
      vertex 46.9486 88.575 5
      vertex 46.9486 88.575 2.05
    endloop
  endfacet
  facet normal -0.831318 0.555797 0
    outer loop
      vertex 46.9486 88.575 5
      vertex 46.785 88.3303 2.05
      vertex 46.785 88.3303 5
    endloop
  endfacet
  facet normal 0.0655719 0.997848 -0
    outer loop
      vertex 45 87.45 2.05
      vertex 44.7063 87.4693 5
      vertex 45 87.45 5
    endloop
  endfacet
  facet normal 0.0655719 0.997848 0
    outer loop
      vertex 44.7063 87.4693 5
      vertex 45 87.45 2.05
      vertex 44.7063 87.4693 2.05
    endloop
  endfacet
  facet normal 0.659202 -0.751966 0
    outer loop
      vertex 43.409 91.291 2.05
      vertex 43.6303 91.485 5
      vertex 43.409 91.291 5
    endloop
  endfacet
  facet normal 0.659202 -0.751966 0
    outer loop
      vertex 43.6303 91.485 5
      vertex 43.409 91.291 2.05
      vertex 43.6303 91.485 2.05
    endloop
  endfacet
  facet normal -0.555797 0.831318 0
    outer loop
      vertex 46.3697 87.915 2.05
      vertex 46.125 87.7514 5
      vertex 46.3697 87.915 5
    endloop
  endfacet
  facet normal -0.555797 0.831318 0
    outer loop
      vertex 46.125 87.7514 5
      vertex 46.3697 87.915 2.05
      vertex 46.125 87.7514 2.05
    endloop
  endfacet
  facet normal 0.980724 -0.195397 0
    outer loop
      vertex 42.7692 89.9937 5
      vertex 42.8267 90.2823 2.05
      vertex 42.8267 90.2823 5
    endloop
  endfacet
  facet normal 0.980724 -0.195397 0
    outer loop
      vertex 42.8267 90.2823 2.05
      vertex 42.7692 89.9937 5
      vertex 42.7692 89.9937 2.05
    endloop
  endfacet
  facet normal 0.0655719 -0.997848 0
    outer loop
      vertex 44.7063 91.9307 2.05
      vertex 45 91.95 5
      vertex 44.7063 91.9307 5
    endloop
  endfacet
  facet normal 0.0655719 -0.997848 0
    outer loop
      vertex 45 91.95 5
      vertex 44.7063 91.9307 2.05
      vertex 45 91.95 2.05
    endloop
  endfacet
  facet normal 0.321421 0.946936 -0
    outer loop
      vertex 44.4177 87.5267 2.05
      vertex 44.139 87.6213 5
      vertex 44.4177 87.5267 5
    endloop
  endfacet
  facet normal 0.321421 0.946936 0
    outer loop
      vertex 44.139 87.6213 5
      vertex 44.4177 87.5267 2.05
      vertex 44.139 87.6213 2.05
    endloop
  endfacet
  facet normal 0.980724 0.195397 0
    outer loop
      vertex 42.8267 89.1177 5
      vertex 42.7692 89.4063 2.05
      vertex 42.7692 89.4063 5
    endloop
  endfacet
  facet normal 0.980724 0.195397 0
    outer loop
      vertex 42.7692 89.4063 2.05
      vertex 42.8267 89.1177 5
      vertex 42.8267 89.1177 2.05
    endloop
  endfacet
  facet normal -0.0655719 -0.997848 0
    outer loop
      vertex 45 91.95 2.05
      vertex 45.2937 91.9307 5
      vertex 45 91.95 5
    endloop
  endfacet
  facet normal -0.0655719 -0.997848 -0
    outer loop
      vertex 45.2937 91.9307 5
      vertex 45 91.95 2.05
      vertex 45.2937 91.9307 2.05
    endloop
  endfacet
  facet normal 0.19507 0.980789 -0
    outer loop
      vertex 44.7063 87.4693 2.05
      vertex 44.4177 87.5267 5
      vertex 44.7063 87.4693 5
    endloop
  endfacet
  facet normal 0.19507 0.980789 0
    outer loop
      vertex 44.4177 87.5267 5
      vertex 44.7063 87.4693 2.05
      vertex 44.4177 87.5267 2.05
    endloop
  endfacet
  facet normal 0.831318 -0.555797 0
    outer loop
      vertex 43.0514 90.825 5
      vertex 43.215 91.0697 2.05
      vertex 43.215 91.0697 5
    endloop
  endfacet
  facet normal 0.831318 -0.555797 0
    outer loop
      vertex 43.215 91.0697 2.05
      vertex 43.0514 90.825 5
      vertex 43.0514 90.825 2.05
    endloop
  endfacet
  facet normal -0.706348 -0.0463097 -0.706348
    outer loop
      vertex 49.2632 90.2613 0
      vertex 49.3 89.7 0
      vertex 47.25 89.7 2.05
    endloop
  endfacet
  facet normal -0.0463097 0.706348 -0.706348
    outer loop
      vertex 45 87.45 2.05
      vertex 45.5613 85.4368 0
      vertex 45 85.4 0
    endloop
  endfacet
  facet normal -0.532281 -0.466617 -0.706361
    outer loop
      vertex 48.4114 92.3177 0
      vertex 46.785 91.0697 2.05
      vertex 46.591 91.291 2.05
    endloop
  endfacet
  facet normal 0.466617 -0.532281 -0.706361
    outer loop
      vertex 43.6303 91.485 2.05
      vertex 43.409 91.291 2.05
      vertex 42.3823 93.1114 0
    endloop
  endfacet
  facet normal -0.588578 -0.393266 -0.706341
    outer loop
      vertex 48.4114 92.3177 0
      vertex 48.7239 91.85 0
      vertex 46.9486 90.825 2.05
    endloop
  endfacet
  facet normal -0.22754 -0.670288 -0.706356
    outer loop
      vertex 46.1129 93.8535 0
      vertex 46.6455 93.6727 0
      vertex 45.861 91.7787 2.05
    endloop
  endfacet
  facet normal 0.532242 -0.466672 -0.706354
    outer loop
      vertex 41.9594 92.7406 0
      vertex 43.409 91.291 2.05
      vertex 41.5886 92.3177 0
    endloop
  endfacet
  facet normal 0.670288 0.22754 -0.706356
    outer loop
      vertex 42.9213 88.839 2.05
      vertex 41.0273 88.0545 0
      vertex 40.8465 88.5871 0
    endloop
  endfacet
  facet normal 0.313092 -0.634867 -0.706341
    outer loop
      vertex 43.3545 93.6727 0
      vertex 43.875 91.6486 2.05
      vertex 42.85 93.4239 0
    endloop
  endfacet
  facet normal 0.466672 0.532242 -0.706354
    outer loop
      vertex 43.409 88.109 2.05
      vertex 42.3823 86.2886 0
      vertex 41.9594 86.6594 0
    endloop
  endfacet
  facet normal 0.22752 0.670293 -0.706359
    outer loop
      vertex 44.139 87.6213 2.05
      vertex 44.4177 87.5267 2.05
      vertex 43.8871 85.5465 0
    endloop
  endfacet
  facet normal -0.466617 0.532281 -0.706361
    outer loop
      vertex 46.591 88.109 2.05
      vertex 47.6177 86.2886 0
      vertex 46.3697 87.915 2.05
    endloop
  endfacet
  facet normal 0.0464153 -0.70633 -0.706359
    outer loop
      vertex 45 91.95 2.05
      vertex 44.7063 91.9307 2.05
      vertex 44.4387 93.9632 0
    endloop
  endfacet
  facet normal 0.670288 -0.22754 -0.706356
    outer loop
      vertex 41.0273 91.3455 0
      vertex 42.9213 90.561 2.05
      vertex 40.8465 90.8129 0
    endloop
  endfacet
  facet normal -0.706348 0.0463097 -0.706348
    outer loop
      vertex 49.3 89.7 0
      vertex 49.2632 89.1387 0
      vertex 47.25 89.7 2.05
    endloop
  endfacet
  facet normal -0.694276 -0.138075 -0.70634
    outer loop
      vertex 49.1535 90.8129 0
      vertex 49.2632 90.2613 0
      vertex 47.2308 89.9937 2.05
    endloop
  endfacet
  facet normal 0.694203 0.138311 -0.706365
    outer loop
      vertex 42.7692 89.4063 2.05
      vertex 42.8267 89.1177 2.05
      vertex 40.8465 88.5871 0
    endloop
  endfacet
  facet normal -0.313092 -0.634867 -0.706341
    outer loop
      vertex 46.6455 93.6727 0
      vertex 47.15 93.4239 0
      vertex 46.125 91.6486 2.05
    endloop
  endfacet
  facet normal -0.634938 -0.312899 -0.706362
    outer loop
      vertex 48.9727 91.3455 0
      vertex 47.0787 90.561 2.05
      vertex 46.9486 90.825 2.05
    endloop
  endfacet
  facet normal -0.138082 0.694257 -0.706358
    outer loop
      vertex 45.5823 87.5267 2.05
      vertex 46.1129 85.5465 0
      vertex 45.2937 87.4693 2.05
    endloop
  endfacet
  facet normal 0.694276 0.138075 -0.70634
    outer loop
      vertex 42.7692 89.4063 2.05
      vertex 40.8465 88.5871 0
      vertex 40.7368 89.1387 0
    endloop
  endfacet
  facet normal -0.0463097 -0.706348 -0.706348
    outer loop
      vertex 45 94 0
      vertex 45.5613 93.9632 0
      vertex 45 91.95 2.05
    endloop
  endfacet
  facet normal 0.466672 -0.532242 -0.706354
    outer loop
      vertex 42.3823 93.1114 0
      vertex 43.409 91.291 2.05
      vertex 41.9594 92.7406 0
    endloop
  endfacet
  facet normal -0.22752 -0.670293 -0.706359
    outer loop
      vertex 46.1129 93.8535 0
      vertex 45.861 91.7787 2.05
      vertex 45.5823 91.8733 2.05
    endloop
  endfacet
  facet normal 0.532242 0.466672 -0.706354
    outer loop
      vertex 43.409 88.109 2.05
      vertex 41.9594 86.6594 0
      vertex 41.5886 87.0823 0
    endloop
  endfacet
  facet normal 0.634938 -0.312899 -0.706362
    outer loop
      vertex 43.0514 90.825 2.05
      vertex 42.9213 90.561 2.05
      vertex 41.0273 91.3455 0
    endloop
  endfacet
  facet normal -0.670293 0.22752 -0.706359
    outer loop
      vertex 47.1733 89.1177 2.05
      vertex 49.1535 88.5871 0
      vertex 47.0787 88.839 2.05
    endloop
  endfacet
  facet normal 0.466617 0.532281 -0.706361
    outer loop
      vertex 43.409 88.109 2.05
      vertex 43.6303 87.915 2.05
      vertex 42.3823 86.2886 0
    endloop
  endfacet
  facet normal 0.22754 -0.670288 -0.706356
    outer loop
      vertex 43.8871 93.8535 0
      vertex 44.139 91.7787 2.05
      vertex 43.3545 93.6727 0
    endloop
  endfacet
  facet normal -0.634867 -0.313092 -0.706341
    outer loop
      vertex 48.7239 91.85 0
      vertex 48.9727 91.3455 0
      vertex 46.9486 90.825 2.05
    endloop
  endfacet
  facet normal -0.22752 0.670293 -0.706359
    outer loop
      vertex 45.861 87.6213 2.05
      vertex 46.1129 85.5465 0
      vertex 45.5823 87.5267 2.05
    endloop
  endfacet
  facet normal 0.532281 0.466617 -0.706361
    outer loop
      vertex 43.215 88.3303 2.05
      vertex 43.409 88.109 2.05
      vertex 41.5886 87.0823 0
    endloop
  endfacet
  facet normal 0.0464153 0.70633 -0.706359
    outer loop
      vertex 44.7063 87.4693 2.05
      vertex 45 87.45 2.05
      vertex 44.4387 85.4368 0
    endloop
  endfacet
  facet normal 0.393266 -0.588578 -0.706341
    outer loop
      vertex 42.85 93.4239 0
      vertex 43.875 91.6486 2.05
      vertex 42.3823 93.1114 0
    endloop
  endfacet
  facet normal 0.634867 -0.313092 -0.706341
    outer loop
      vertex 41.2761 91.85 0
      vertex 43.0514 90.825 2.05
      vertex 41.0273 91.3455 0
    endloop
  endfacet
  facet normal -0.670293 -0.22752 -0.706359
    outer loop
      vertex 49.1535 90.8129 0
      vertex 47.1733 90.2823 2.05
      vertex 47.0787 90.561 2.05
    endloop
  endfacet
  facet normal 0.588578 0.393266 -0.706341
    outer loop
      vertex 43.0514 88.575 2.05
      vertex 41.5886 87.0823 0
      vertex 41.2761 87.55 0
    endloop
  endfacet
  facet normal -0.393266 -0.588578 -0.706341
    outer loop
      vertex 47.15 93.4239 0
      vertex 47.6177 93.1114 0
      vertex 46.125 91.6486 2.05
    endloop
  endfacet
  facet normal 0.706348 -0.0463097 -0.706348
    outer loop
      vertex 40.7368 90.2613 0
      vertex 42.75 89.7 2.05
      vertex 40.7 89.7 0
    endloop
  endfacet
  facet normal 0.670293 0.22752 -0.706359
    outer loop
      vertex 42.8267 89.1177 2.05
      vertex 42.9213 88.839 2.05
      vertex 40.8465 88.5871 0
    endloop
  endfacet
  facet normal -0.532242 -0.466672 -0.706354
    outer loop
      vertex 48.0406 92.7406 0
      vertex 48.4114 92.3177 0
      vertex 46.591 91.291 2.05
    endloop
  endfacet
  facet normal 0.0463097 0.706348 -0.706348
    outer loop
      vertex 45 87.45 2.05
      vertex 45 85.4 0
      vertex 44.4387 85.4368 0
    endloop
  endfacet
  facet normal -0.312899 0.634938 -0.706362
    outer loop
      vertex 46.125 87.7514 2.05
      vertex 46.6455 85.7273 0
      vertex 45.861 87.6213 2.05
    endloop
  endfacet
  facet normal 0.588449 -0.393421 -0.706362
    outer loop
      vertex 43.215 91.0697 2.05
      vertex 43.0514 90.825 2.05
      vertex 41.5886 92.3177 0
    endloop
  endfacet
  facet normal -0.634938 0.312899 -0.706362
    outer loop
      vertex 47.0787 88.839 2.05
      vertex 48.9727 88.0545 0
      vertex 46.9486 88.575 2.05
    endloop
  endfacet
  facet normal -0.532242 0.466672 -0.706354
    outer loop
      vertex 48.4114 87.0823 0
      vertex 48.0406 86.6594 0
      vertex 46.591 88.109 2.05
    endloop
  endfacet
  facet normal -0.313092 0.634867 -0.706341
    outer loop
      vertex 47.15 85.9761 0
      vertex 46.6455 85.7273 0
      vertex 46.125 87.7514 2.05
    endloop
  endfacet
  facet normal 0.706371 -0.0461775 -0.706334
    outer loop
      vertex 42.7692 89.9937 2.05
      vertex 42.75 89.7 2.05
      vertex 40.7368 90.2613 0
    endloop
  endfacet
  facet normal -0.466617 -0.532281 -0.706361
    outer loop
      vertex 47.6177 93.1114 0
      vertex 46.591 91.291 2.05
      vertex 46.3697 91.485 2.05
    endloop
  endfacet
  facet normal 0.312899 0.634938 -0.706362
    outer loop
      vertex 43.875 87.7514 2.05
      vertex 44.139 87.6213 2.05
      vertex 43.3545 85.7273 0
    endloop
  endfacet
  facet normal -0.466672 0.532242 -0.706354
    outer loop
      vertex 48.0406 86.6594 0
      vertex 47.6177 86.2886 0
      vertex 46.591 88.109 2.05
    endloop
  endfacet
  facet normal 0.22754 0.670288 -0.706356
    outer loop
      vertex 44.139 87.6213 2.05
      vertex 43.8871 85.5465 0
      vertex 43.3545 85.7273 0
    endloop
  endfacet
  facet normal 0.634867 0.313092 -0.706341
    outer loop
      vertex 43.0514 88.575 2.05
      vertex 41.2761 87.55 0
      vertex 41.0273 88.0545 0
    endloop
  endfacet
  facet normal 0.588449 0.393421 -0.706362
    outer loop
      vertex 43.0514 88.575 2.05
      vertex 43.215 88.3303 2.05
      vertex 41.5886 87.0823 0
    endloop
  endfacet
  facet normal -0.670288 0.22754 -0.706356
    outer loop
      vertex 49.1535 88.5871 0
      vertex 48.9727 88.0545 0
      vertex 47.0787 88.839 2.05
    endloop
  endfacet
  facet normal -0.588449 0.393421 -0.706362
    outer loop
      vertex 46.9486 88.575 2.05
      vertex 48.4114 87.0823 0
      vertex 46.785 88.3303 2.05
    endloop
  endfacet
  facet normal 0.670293 -0.22752 -0.706359
    outer loop
      vertex 42.9213 90.561 2.05
      vertex 42.8267 90.2823 2.05
      vertex 40.8465 90.8129 0
    endloop
  endfacet
  facet normal -0.22754 0.670288 -0.706356
    outer loop
      vertex 46.6455 85.7273 0
      vertex 46.1129 85.5465 0
      vertex 45.861 87.6213 2.05
    endloop
  endfacet
  facet normal 0.0463097 -0.706348 -0.706348
    outer loop
      vertex 45 94 0
      vertex 45 91.95 2.05
      vertex 44.4387 93.9632 0
    endloop
  endfacet
  facet normal 0.706348 0.0463097 -0.706348
    outer loop
      vertex 42.75 89.7 2.05
      vertex 40.7368 89.1387 0
      vertex 40.7 89.7 0
    endloop
  endfacet
  facet normal 0.138072 -0.69426 -0.706357
    outer loop
      vertex 44.4387 93.9632 0
      vertex 44.7063 91.9307 2.05
      vertex 43.8871 93.8535 0
    endloop
  endfacet
  facet normal -0.634867 0.313092 -0.706341
    outer loop
      vertex 48.9727 88.0545 0
      vertex 48.7239 87.55 0
      vertex 46.9486 88.575 2.05
    endloop
  endfacet
  facet normal 0.138082 -0.694257 -0.706358
    outer loop
      vertex 44.7063 91.9307 2.05
      vertex 44.4177 91.8733 2.05
      vertex 43.8871 93.8535 0
    endloop
  endfacet
  facet normal -0.466672 -0.532242 -0.706354
    outer loop
      vertex 47.6177 93.1114 0
      vertex 48.0406 92.7406 0
      vertex 46.591 91.291 2.05
    endloop
  endfacet
  facet normal 0.532281 -0.466617 -0.706361
    outer loop
      vertex 43.409 91.291 2.05
      vertex 43.215 91.0697 2.05
      vertex 41.5886 92.3177 0
    endloop
  endfacet
  facet normal 0.393421 -0.588449 -0.706362
    outer loop
      vertex 43.875 91.6486 2.05
      vertex 43.6303 91.485 2.05
      vertex 42.3823 93.1114 0
    endloop
  endfacet
  facet normal 0.588578 -0.393266 -0.706341
    outer loop
      vertex 41.5886 92.3177 0
      vertex 43.0514 90.825 2.05
      vertex 41.2761 91.85 0
    endloop
  endfacet
  facet normal 0.313092 0.634867 -0.706341
    outer loop
      vertex 43.875 87.7514 2.05
      vertex 43.3545 85.7273 0
      vertex 42.85 85.9761 0
    endloop
  endfacet
  facet normal 0.393421 0.588449 -0.706362
    outer loop
      vertex 43.6303 87.915 2.05
      vertex 43.875 87.7514 2.05
      vertex 42.3823 86.2886 0
    endloop
  endfacet
  facet normal 0.393266 0.588578 -0.706341
    outer loop
      vertex 43.875 87.7514 2.05
      vertex 42.85 85.9761 0
      vertex 42.3823 86.2886 0
    endloop
  endfacet
  facet normal -0.138072 0.69426 -0.706357
    outer loop
      vertex 46.1129 85.5465 0
      vertex 45.5613 85.4368 0
      vertex 45.2937 87.4693 2.05
    endloop
  endfacet
  facet normal -0.588578 0.393266 -0.706341
    outer loop
      vertex 48.7239 87.55 0
      vertex 48.4114 87.0823 0
      vertex 46.9486 88.575 2.05
    endloop
  endfacet
  facet normal -0.0464153 -0.70633 -0.706359
    outer loop
      vertex 45.5613 93.9632 0
      vertex 45.2937 91.9307 2.05
      vertex 45 91.95 2.05
    endloop
  endfacet
  facet normal -0.694203 -0.138311 -0.706365
    outer loop
      vertex 49.1535 90.8129 0
      vertex 47.2308 89.9937 2.05
      vertex 47.1733 90.2823 2.05
    endloop
  endfacet
  facet normal -0.670288 -0.22754 -0.706356
    outer loop
      vertex 48.9727 91.3455 0
      vertex 49.1535 90.8129 0
      vertex 47.0787 90.561 2.05
    endloop
  endfacet
  facet normal -0.532281 0.466617 -0.706361
    outer loop
      vertex 46.785 88.3303 2.05
      vertex 48.4114 87.0823 0
      vertex 46.591 88.109 2.05
    endloop
  endfacet
  facet normal -0.694276 0.138075 -0.70634
    outer loop
      vertex 49.2632 89.1387 0
      vertex 49.1535 88.5871 0
      vertex 47.2308 89.4063 2.05
    endloop
  endfacet
  facet normal -0.706371 0.0461775 -0.706334
    outer loop
      vertex 47.25 89.7 2.05
      vertex 49.2632 89.1387 0
      vertex 47.2308 89.4063 2.05
    endloop
  endfacet
  facet normal 0.694203 -0.138311 -0.706365
    outer loop
      vertex 42.8267 90.2823 2.05
      vertex 42.7692 89.9937 2.05
      vertex 40.8465 90.8129 0
    endloop
  endfacet
  facet normal 0.694276 -0.138075 -0.70634
    outer loop
      vertex 40.8465 90.8129 0
      vertex 42.7692 89.9937 2.05
      vertex 40.7368 90.2613 0
    endloop
  endfacet
  facet normal 0.706371 0.0461775 -0.706334
    outer loop
      vertex 42.75 89.7 2.05
      vertex 42.7692 89.4063 2.05
      vertex 40.7368 89.1387 0
    endloop
  endfacet
  facet normal 0.634938 0.312899 -0.706362
    outer loop
      vertex 42.9213 88.839 2.05
      vertex 43.0514 88.575 2.05
      vertex 41.0273 88.0545 0
    endloop
  endfacet
  facet normal -0.393421 -0.588449 -0.706362
    outer loop
      vertex 47.6177 93.1114 0
      vertex 46.3697 91.485 2.05
      vertex 46.125 91.6486 2.05
    endloop
  endfacet
  facet normal 0.312899 -0.634938 -0.706362
    outer loop
      vertex 44.139 91.7787 2.05
      vertex 43.875 91.6486 2.05
      vertex 43.3545 93.6727 0
    endloop
  endfacet
  facet normal 0.22752 -0.670293 -0.706359
    outer loop
      vertex 44.4177 91.8733 2.05
      vertex 44.139 91.7787 2.05
      vertex 43.8871 93.8535 0
    endloop
  endfacet
  facet normal -0.393266 0.588578 -0.706341
    outer loop
      vertex 47.6177 86.2886 0
      vertex 47.15 85.9761 0
      vertex 46.125 87.7514 2.05
    endloop
  endfacet
  facet normal -0.0464153 0.70633 -0.706359
    outer loop
      vertex 45.2937 87.4693 2.05
      vertex 45.5613 85.4368 0
      vertex 45 87.45 2.05
    endloop
  endfacet
  facet normal -0.312899 -0.634938 -0.706362
    outer loop
      vertex 46.6455 93.6727 0
      vertex 46.125 91.6486 2.05
      vertex 45.861 91.7787 2.05
    endloop
  endfacet
  facet normal -0.588449 -0.393421 -0.706362
    outer loop
      vertex 48.4114 92.3177 0
      vertex 46.9486 90.825 2.05
      vertex 46.785 91.0697 2.05
    endloop
  endfacet
  facet normal -0.138072 -0.69426 -0.706357
    outer loop
      vertex 45.5613 93.9632 0
      vertex 46.1129 93.8535 0
      vertex 45.2937 91.9307 2.05
    endloop
  endfacet
  facet normal -0.706371 -0.0461775 -0.706334
    outer loop
      vertex 49.2632 90.2613 0
      vertex 47.25 89.7 2.05
      vertex 47.2308 89.9937 2.05
    endloop
  endfacet
  facet normal -0.694203 0.138311 -0.706365
    outer loop
      vertex 47.2308 89.4063 2.05
      vertex 49.1535 88.5871 0
      vertex 47.1733 89.1177 2.05
    endloop
  endfacet
  facet normal 0.138072 0.69426 -0.706357
    outer loop
      vertex 44.7063 87.4693 2.05
      vertex 44.4387 85.4368 0
      vertex 43.8871 85.5465 0
    endloop
  endfacet
  facet normal 0.138082 0.694257 -0.706358
    outer loop
      vertex 44.4177 87.5267 2.05
      vertex 44.7063 87.4693 2.05
      vertex 43.8871 85.5465 0
    endloop
  endfacet
  facet normal -0.138082 -0.694257 -0.706358
    outer loop
      vertex 46.1129 93.8535 0
      vertex 45.5823 91.8733 2.05
      vertex 45.2937 91.9307 2.05
    endloop
  endfacet
  facet normal -0.393421 0.588449 -0.706362
    outer loop
      vertex 46.3697 87.915 2.05
      vertex 47.6177 86.2886 0
      vertex 46.125 87.7514 2.05
    endloop
  endfacet
  facet normal -1 0 0
    outer loop
      vertex 52 -85 0
      vertex 52 -60 5
      vertex 52 -60 0
    endloop
  endfacet
  facet normal -1 -0 0
    outer loop
      vertex 52 -60 5
      vertex 52 -85 0
      vertex 52 -85 5
    endloop
  endfacet
  facet normal 1 -0 0
    outer loop
      vertex 48 -85 5
      vertex 48 -60 0
      vertex 48 -60 5
    endloop
  endfacet
  facet normal 1 0 0
    outer loop
      vertex 48 -60 0
      vertex 48 -85 5
      vertex 48 -85 0
    endloop
  endfacet
  facet normal 0 -1 0
    outer loop
      vertex 48 -60 0
      vertex 52 -60 5
      vertex 48 -60 5
    endloop
  endfacet
  facet normal 0 -1 -0
    outer loop
      vertex 52 -60 5
      vertex 48 -60 0
      vertex 52 -60 0
    endloop
  endfacet
  facet normal 0 1 -0
    outer loop
      vertex 52 -85 0
      vertex 48 -85 5
      vertex 52 -85 5
    endloop
  endfacet
  facet normal 0 1 0
    outer loop
      vertex 48 -85 5
      vertex 52 -85 0
      vertex 48 -85 0
    endloop
  endfacet
  facet normal -1 0 0
    outer loop
      vertex 52 60 0
      vertex 52 85 5
      vertex 52 85 0
    endloop
  endfacet
  facet normal -1 -0 0
    outer loop
      vertex 52 85 5
      vertex 52 60 0
      vertex 52 60 5
    endloop
  endfacet
  facet normal 1 -0 0
    outer loop
      vertex 48 60 5
      vertex 48 85 0
      vertex 48 85 5
    endloop
  endfacet
  facet normal 1 0 0
    outer loop
      vertex 48 85 0
      vertex 48 60 5
      vertex 48 60 0
    endloop
  endfacet
  facet normal 0 -1 0
    outer loop
      vertex 48 85 0
      vertex 52 85 5
      vertex 48 85 5
    endloop
  endfacet
  facet normal 0 -1 -0
    outer loop
      vertex 52 85 5
      vertex 48 85 0
      vertex 52 85 0
    endloop
  endfacet
  facet normal 0 1 -0
    outer loop
      vertex 52 60 0
      vertex 48 60 5
      vertex 52 60 5
    endloop
  endfacet
  facet normal 0 1 0
    outer loop
      vertex 48 60 5
      vertex 52 60 0
      vertex 48 60 0
    endloop
  endfacet
endsolid OpenSCAD_Model
