solid OpenSCAD_Model
  facet normal -0.097648 -0.468229 -0.878195
    outer loop
      vertex -4.46613 0.210061 -23.0738
      vertex -3.95623 0.316787 -23.1874
      vertex -3.95883 0.280193 -23.1676
    endloop
  endfacet
  facet normal -0.0971621 -0.469746 -0.877439
    outer loop
      vertex -4.46613 0.210061 -23.0738
      vertex -3.95199 0.342621 -23.2017
      vertex -3.95623 0.316787 -23.1874
    endloop
  endfacet
  facet normal -0.0976177 -0.468548 -0.878028
    outer loop
      vertex -4.46613 0.210061 -23.0738
      vertex -4.53233 0.437482 -23.1878
      vertex -3.95199 0.342621 -23.2017
    endloop
  endfacet
  facet normal -0.0974135 -0.46851 -0.878071
    outer loop
      vertex -5.10814 0.125207 -22.9573
      vertex -4.53233 0.437482 -23.1878
      vertex -4.46613 0.210061 -23.0738
    endloop
  endfacet
  facet normal -0.0975516 -0.468319 -0.878158
    outer loop
      vertex -5.28486 0.364532 -23.0653
      vertex -4.53233 0.437482 -23.1878
      vertex -5.10814 0.125207 -22.9573
    endloop
  endfacet
  facet normal -0.0972104 -0.4702 -0.87719
    outer loop
      vertex -5.28616 0.0946643 -22.9212
      vertex -5.10814 0.125207 -22.9573
      vertex -5.10074 0.095507 -22.9422
    endloop
  endfacet
  facet normal -0.0977242 -0.468323 -0.878136
    outer loop
      vertex -5.10814 0.125207 -22.9573
      vertex -5.28616 0.0946643 -22.9212
      vertex -5.28721 0.126572 -22.9381
    endloop
  endfacet
  facet normal -0.0977199 -0.468412 -0.878089
    outer loop
      vertex -5.10814 0.125207 -22.9573
      vertex -5.28721 0.126572 -22.9381
      vertex -5.28486 0.364532 -23.0653
    endloop
  endfacet
  facet normal -0.0975136 -0.468529 -0.87805
    outer loop
      vertex -4.53233 0.437482 -23.1878
      vertex -5.28486 0.364532 -23.0653
      vertex -5.25926 0.687164 -23.2403
    endloop
  endfacet
  facet normal -0.10035 -0.476287 -0.873545
    outer loop
      vertex -3.56225 -1.67665 -22.1674
      vertex -3.98803 -1.53302 -22.1968
      vertex -3.56496 -1.67021 -22.1706
    endloop
  endfacet
  facet normal -0.0964632 -0.465988 -0.879517
    outer loop
      vertex -3.55839 -1.68481 -22.1635
      vertex -3.98803 -1.53302 -22.1968
      vertex -3.56225 -1.67665 -22.1674
    endloop
  endfacet
  facet normal -0.0975036 -0.468603 -0.878012
    outer loop
      vertex -4.23335 -1.99705 -21.9219
      vertex -3.98803 -1.53302 -22.1968
      vertex -3.55839 -1.68481 -22.1635
    endloop
  endfacet
  facet normal -0.0975669 -0.468574 -0.87802
    outer loop
      vertex -4.23335 -1.99705 -21.9219
      vertex -4.27296 -1.49599 -22.1849
      vertex -3.98803 -1.53302 -22.1968
    endloop
  endfacet
  facet normal -0.0976002 -0.468575 -0.878016
    outer loop
      vertex -4.51878 -2.08188 -21.8449
      vertex -4.27296 -1.49599 -22.1849
      vertex -4.23335 -1.99705 -21.9219
    endloop
  endfacet
  facet normal -0.0976008 -0.468575 -0.878016
    outer loop
      vertex -4.51878 -2.08188 -21.8449
      vertex -4.6581 -1.46355 -22.1594
      vertex -4.27296 -1.49599 -22.1849
    endloop
  endfacet
  facet normal -0.0978314 -0.468148 -0.878218
    outer loop
      vertex -4.65346 -1.03942 -22.3863
      vertex -5.08778 -1.32272 -22.1869
      vertex -4.71405 -0.965415 -22.419
    endloop
  endfacet
  facet normal -0.0974764 -0.468558 -0.878039
    outer loop
      vertex -4.94163 -1.81233 -21.9418
      vertex -4.6581 -1.46355 -22.1594
      vertex -4.51878 -2.08188 -21.8449
    endloop
  endfacet
  facet normal -0.0973567 -0.468405 -0.878134
    outer loop
      vertex -4.94163 -1.81233 -21.9418
      vertex -4.51878 -2.08188 -21.8449
      vertex -4.85379 -2.05818 -21.8204
    endloop
  endfacet
  facet normal -0.0971899 -0.468313 -0.878201
    outer loop
      vertex -4.4154 -1.26266 -22.2936
      vertex -4.65346 -1.03942 -22.3863
      vertex -4.44388 -1.14461 -22.3534
    endloop
  endfacet
  facet normal -0.0975756 -0.468635 -0.877986
    outer loop
      vertex -4.6581 -1.46355 -22.1594
      vertex -4.65346 -1.03942 -22.3863
      vertex -4.4154 -1.26266 -22.2936
    endloop
  endfacet
  facet normal -0.0974079 -0.468645 -0.878
    outer loop
      vertex -5.08778 -1.32272 -22.1869
      vertex -4.65346 -1.03942 -22.3863
      vertex -4.6581 -1.46355 -22.1594
    endloop
  endfacet
  facet normal -0.0973598 -0.468635 -0.87801
    outer loop
      vertex -5.01962 -1.56718 -22.064
      vertex -4.6581 -1.46355 -22.1594
      vertex -4.94163 -1.81233 -21.9418
    endloop
  endfacet
  facet normal -0.0973836 -0.468578 -0.878038
    outer loop
      vertex -5.08778 -1.32272 -22.1869
      vertex -4.6581 -1.46355 -22.1594
      vertex -5.01962 -1.56718 -22.064
    endloop
  endfacet
  facet normal -0.0973794 -0.468524 -0.878068
    outer loop
      vertex -5.14609 -1.07896 -22.3105
      vertex -4.71405 -0.965415 -22.419
      vertex -5.08778 -1.32272 -22.1869
    endloop
  endfacet
  facet normal -0.0974098 -0.468445 -0.878106
    outer loop
      vertex -4.71405 -0.965415 -22.419
      vertex -5.14609 -1.07896 -22.3105
      vertex -4.83049 -0.811111 -22.4884
    endloop
  endfacet
  facet normal -0.097385 -0.468468 -0.878097
    outer loop
      vertex -5.19457 -0.835894 -22.4348
      vertex -4.83049 -0.811111 -22.4884
      vertex -5.14609 -1.07896 -22.3105
    endloop
  endfacet
  facet normal -0.0973546 -0.468679 -0.877988
    outer loop
      vertex -4.83049 -0.811111 -22.4884
      vertex -5.19457 -0.835894 -22.4348
      vertex -4.81913 -0.743783 -22.5256
    endloop
  endfacet
  facet normal -0.0974462 -0.468428 -0.878112
    outer loop
      vertex -4.81913 -0.743783 -22.5256
      vertex -5.19457 -0.835894 -22.4348
      vertex -5.22289 -0.65754 -22.5268
    endloop
  endfacet
  facet normal -0.0974978 -0.46856 -0.878035
    outer loop
      vertex -5.26129 -0.352537 -22.6853
      vertex -4.48327 -0.325163 -22.7863
      vertex -5.24162 -0.520409 -22.5979
    endloop
  endfacet
  facet normal -0.0974882 -0.468652 -0.877987
    outer loop
      vertex -4.48327 -0.325163 -22.7863
      vertex -5.26129 -0.352537 -22.6853
      vertex -5.26824 -0.26023 -22.7338
    endloop
  endfacet
  facet normal -0.0973841 -0.468482 -0.878089
    outer loop
      vertex 0.988438 -7.86088 -19.3728
      vertex 0.313663 -6.99 -19.7626
      vertex 0.449046 -6.74524 -19.9082
    endloop
  endfacet
  facet normal -0.0975224 -0.468552 -0.878037
    outer loop
      vertex 0.731049 -8.26851 -19.1267
      vertex -1.00114 -6.89699 -19.6662
      vertex 0.313663 -6.99 -19.7626
    endloop
  endfacet
  facet normal -0.0975234 -0.468694 -0.877961
    outer loop
      vertex -5.41492 -8.19772 -18.4818
      vertex 0.731049 -8.26851 -19.1267
      vertex 1.23051 -8.66784 -18.969
    endloop
  endfacet
  facet normal -0.0975577 -0.468541 -0.878039
    outer loop
      vertex -0.920509 -4.32618 -21.047
      vertex -2.37386 -6.79988 -19.5655
      vertex -2.29322 -4.22907 -20.9463
    endloop
  endfacet
  facet normal -0 -0.473174 -0.880969
    outer loop
      vertex -2.29322 -4.22907 -20.9463
      vertex -2.37386 -6.79988 -19.5655
      vertex -2.29323 -4.22907 -20.9463
    endloop
  endfacet
  facet normal -0.0975585 -0.468588 -0.878013
    outer loop
      vertex 0.731049 -8.26851 -19.1267
      vertex -2.37386 -6.79988 -19.5655
      vertex -1.00114 -6.89699 -19.6662
    endloop
  endfacet
  facet normal -0.0975303 -0.468537 -0.878044
    outer loop
      vertex 0.731049 -8.26851 -19.1267
      vertex -5.41492 -8.19772 -18.4818
      vertex -2.37386 -6.79988 -19.5655
    endloop
  endfacet
  facet normal -0.0975058 -0.468577 -0.878025
    outer loop
      vertex -2.37386 -6.79988 -19.5655
      vertex -5.41492 -8.19772 -18.4818
      vertex -5.36445 -6.58831 -19.3463
    endloop
  endfacet
  facet normal -0.0976151 -0.46848 -0.878065
    outer loop
      vertex 0.731049 -8.26851 -19.1267
      vertex 0.988438 -7.86088 -19.3728
      vertex 0.926333 -8.2123 -19.1784
    endloop
  endfacet
  facet normal -0.0974922 -0.468545 -0.878044
    outer loop
      vertex 0.313663 -6.99 -19.7626
      vertex 0.988438 -7.86088 -19.3728
      vertex 0.731049 -8.26851 -19.1267
    endloop
  endfacet
  facet normal -0.0974641 -0.468444 -0.878101
    outer loop
      vertex 0.449046 -6.74524 -19.9082
      vertex 0.313663 -6.99 -19.7626
      vertex 0.331706 -6.41472 -20.0715
    endloop
  endfacet
  facet normal -0.097557 -0.468541 -0.878039
    outer loop
      vertex -2.37386 -6.79988 -19.5655
      vertex -0.920509 -4.32618 -21.047
      vertex -1.00114 -6.89699 -19.6662
    endloop
  endfacet
  facet normal 0.0974889 0.468578 0.878026
    outer loop
      vertex -2.50546 2.92417 -24.0566
      vertex -2.84382 2.96571 -24.0412
      vertex -2.98735 1.41389 -23.1971
    endloop
  endfacet
  facet normal 0.0975923 0.468551 0.87803
    outer loop
      vertex -2.20068 2.84982 -24.0508
      vertex -2.50546 2.92417 -24.0566
      vertex -2.87403 1.38299 -23.1932
    endloop
  endfacet
  facet normal 0.0974949 0.468554 0.878039
    outer loop
      vertex -3.11321 1.43042 -23.192
      vertex -2.84382 2.96571 -24.0412
      vertex -3.28727 2.97253 -23.9956
    endloop
  endfacet
  facet normal 0.0976396 0.468592 0.878003
    outer loop
      vertex -3.38197 1.40452 -23.1483
      vertex -4.03543 2.82904 -23.8359
      vertex -4.34013 2.67874 -23.7218
    endloop
  endfacet
  facet normal 0.0975447 0.4683 0.878168
    outer loop
      vertex -2.3638 0.639142 -22.853
      vertex -0.816568 0.899306 -23.1636
      vertex -2.41926 0.825465 -22.9462
    endloop
  endfacet
  facet normal 0.0975596 0.468486 0.878068
    outer loop
      vertex -0.908538 1.29895 -23.3667
      vertex -1.02168 1.65182 -23.5424
      vertex -2.4787 0.981742 -23.023
    endloop
  endfacet
  facet normal 0.0975519 0.468498 0.878062
    outer loop
      vertex -2.4787 0.981742 -23.023
      vertex -1.02168 1.65182 -23.5424
      vertex -2.54211 1.10796 -23.0833
    endloop
  endfacet
  facet normal 0.0973374 0.468925 0.877858
    outer loop
      vertex -2.54211 1.10796 -23.0833
      vertex -1.02168 1.65182 -23.5424
      vertex -2.60949 1.20413 -23.1272
    endloop
  endfacet
  facet normal 0.0974427 0.468669 0.877983
    outer loop
      vertex -1.02168 1.65182 -23.5424
      vertex -1.15595 1.95793 -23.6909
      vertex -2.60949 1.20413 -23.1272
    endloop
  endfacet
  facet normal 0.097529 0.468584 0.878019
    outer loop
      vertex -2.41926 0.825465 -22.9462
      vertex -0.908538 1.29895 -23.3667
      vertex -2.4787 0.981742 -23.023
    endloop
  endfacet
  facet normal 0.0975054 0.468637 0.877993
    outer loop
      vertex -0.816568 0.899306 -23.1636
      vertex -0.908538 1.29895 -23.3667
      vertex -2.41926 0.825465 -22.9462
    endloop
  endfacet
  facet normal 0.0974321 0.468718 0.877958
    outer loop
      vertex -2.31231 0.422772 -22.7432
      vertex -0.816568 0.899306 -23.1636
      vertex -2.3638 0.639142 -22.853
    endloop
  endfacet
  facet normal 0.0975619 0.468517 0.878051
    outer loop
      vertex -1.69195 2.60267 -23.9754
      vertex -1.92952 2.74266 -24.0237
      vertex -2.77329 1.33774 -23.1803
    endloop
  endfacet
  facet normal 0.0975232 0.468518 0.878055
    outer loop
      vertex -0.682278 0.20267 -22.8068
      vertex -0.816568 0.899306 -23.1636
      vertex -2.31231 0.422772 -22.7432
    endloop
  endfacet
  facet normal 0.0975433 0.468537 0.878042
    outer loop
      vertex -3.49702 1.35651 -23.1099
      vertex -3.38197 1.40452 -23.1483
      vertex -4.34013 2.67874 -23.7218
    endloop
  endfacet
  facet normal 0.0975263 0.468513 0.878057
    outer loop
      vertex -0.640868 0.0158195 -22.7117
      vertex -0.682278 0.20267 -22.8068
      vertex -2.17607 -0.211109 -22.4201
    endloop
  endfacet
  facet normal 0.0975293 0.46853 0.878048
    outer loop
      vertex -2.08569 -0.572686 -22.2372
      vertex -0.595085 -0.147032 -22.6299
      vertex -2.17607 -0.211109 -22.4201
    endloop
  endfacet
  facet normal 0.0976508 0.468277 0.878169
    outer loop
      vertex -0.490492 -0.400785 -22.5061
      vertex -0.54496 -0.285909 -22.5613
      vertex -1.97249 -0.895503 -22.0775
    endloop
  endfacet
  facet normal 0.0974739 0.468627 0.878002
    outer loop
      vertex -1.8365 -1.17953 -21.941
      vertex -0.43165 -0.491677 -22.4641
      vertex -1.97249 -0.895503 -22.0775
    endloop
  endfacet
  facet normal 0.0975717 0.4685 0.878059
    outer loop
      vertex -1.4961 -1.6313 -21.7378
      vertex -0.365409 -0.56347 -22.4332
      vertex -1.67771 -1.4248 -21.8278
    endloop
  endfacet
  facet normal 0.0975259 0.468551 0.878037
    outer loop
      vertex -1.28872 -1.80208 -21.6697
      vertex -0.288667 -0.621084 -22.411
      vertex -1.4961 -1.6313 -21.7378
    endloop
  endfacet
  facet normal 0.0975078 0.468568 0.87803
    outer loop
      vertex -0.201439 -0.664533 -22.3975
      vertex -0.288667 -0.621084 -22.411
      vertex -1.05265 -1.9402 -21.6222
    endloop
  endfacet
  facet normal 0.09768 0.468513 0.87804
    outer loop
      vertex -0.494524 -2.11845 -21.5891
      vertex -0.201439 -0.664533 -22.3975
      vertex -0.787923 -2.04566 -21.5953
    endloop
  endfacet
  facet normal 0.0971197 0.468591 0.878061
    outer loop
      vertex 0.00444221 -0.708927 -22.3966
      vertex -0.103741 -0.693813 -22.3927
      vertex -0.172441 -2.15859 -21.6034
    endloop
  endfacet
  facet normal 0.0979256 0.46857 0.877982
    outer loop
      vertex 0.23036 -2.16295 -21.6458
      vertex 0.148105 -0.708034 -22.4131
      vertex 0.00444221 -0.708927 -22.3966
    endloop
  endfacet
  facet normal 0.0976966 0.468594 0.877995
    outer loop
      vertex 0.595721 -2.11639 -21.7112
      vertex 0.923656 -2.01894 -21.7997
      vertex 0.276581 -0.683939 -22.4402
    endloop
  endfacet
  facet normal 0.0973394 0.468547 0.87806
    outer loop
      vertex 0.595721 -2.11639 -21.7112
      vertex 0.276581 -0.683939 -22.4402
      vertex 0.148105 -0.708034 -22.4131
    endloop
  endfacet
  facet normal 0.0974497 0.468515 0.878065
    outer loop
      vertex 1.21415 -1.87056 -21.9111
      vertex 0.389855 -0.636657 -22.478
      vertex 0.276581 -0.683939 -22.4402
    endloop
  endfacet
  facet normal 0.0975383 0.468531 0.878046
    outer loop
      vertex 1.46723 -1.67128 -22.0456
      vertex 0.487944 -0.566186 -22.5265
      vertex 0.389855 -0.636657 -22.478
    endloop
  endfacet
  facet normal 0.0975168 0.468506 0.878062
    outer loop
      vertex 1.67955 -1.42388 -22.2012
      vertex 1.84786 -1.13112 -22.3761
      vertex 0.487944 -0.566186 -22.5265
    endloop
  endfacet
  facet normal 0.0974983 0.468499 0.878068
    outer loop
      vertex 1.84786 -1.13112 -22.3761
      vertex 1.97211 -0.793005 -22.5703
      vertex 0.570845 -0.472528 -22.5857
    endloop
  endfacet
  facet normal 0.0975155 0.468487 0.878072
    outer loop
      vertex 1.97211 -0.793005 -22.5703
      vertex 2.05233 -0.409546 -22.7838
      vertex 0.694253 -0.211767 -22.7385
    endloop
  endfacet
  facet normal 0.0975276 0.468411 0.878111
    outer loop
      vertex 2.0885 0.0192614 -23.0167
      vertex 2.0915 0.226349 -23.1275
      vertex 0.763209 0.149351 -22.9389
    endloop
  endfacet
  facet normal 0.0975072 0.468486 0.878074
    outer loop
      vertex 2.08756 0.436272 -23.2391
      vertex 2.0767 0.649014 -23.3514
      vertex 0.777474 0.544007 -23.1511
    endloop
  endfacet
  facet normal 0.0975455 0.468545 0.878038
    outer loop
      vertex 0.767209 0.725557 -23.2468
      vertex 2.05892 0.864601 -23.4645
      vertex 0.746469 0.912212 -23.3441
    endloop
  endfacet
  facet normal 0.0975458 0.468516 0.878053
    outer loop
      vertex 2.05892 0.864601 -23.4645
      vertex 2.03421 1.08302 -23.5783
      vertex 0.746469 0.912212 -23.3441
    endloop
  endfacet
  facet normal 0.0975031 0.468706 0.877957
    outer loop
      vertex 0.746469 0.912212 -23.3441
      vertex 2.03421 1.08302 -23.5783
      vertex 0.715255 1.10396 -23.443
    endloop
  endfacet
  facet normal 0.0975028 0.468715 0.877952
    outer loop
      vertex 2.03421 1.08302 -23.5783
      vertex 2.00259 1.30463 -23.6931
      vertex 0.715255 1.10396 -23.443
    endloop
  endfacet
  facet normal 0.097548 0.468537 0.878042
    outer loop
      vertex 0.715255 1.10396 -23.443
      vertex 2.00259 1.30463 -23.6931
      vertex 0.673565 1.30079 -23.5434
    endloop
  endfacet
  facet normal 0.0975556 0.468414 0.878107
    outer loop
      vertex 2.00259 1.30463 -23.6931
      vertex 1.96405 1.52974 -23.8089
      vertex 0.673565 1.30079 -23.5434
    endloop
  endfacet
  facet normal 0.0975681 0.468369 0.878129
    outer loop
      vertex 0.673565 1.30079 -23.5434
      vertex 1.96405 1.52974 -23.8089
      vertex 0.621547 1.50155 -23.6447
    endloop
  endfacet
  facet normal 0.0975644 0.468413 0.878106
    outer loop
      vertex 1.96405 1.52974 -23.8089
      vertex 1.91861 1.75835 -23.9258
      vertex 0.621547 1.50155 -23.6447
    endloop
  endfacet
  facet normal 0.0975048 0.468608 0.878009
    outer loop
      vertex 0.621547 1.50155 -23.6447
      vertex 1.91861 1.75835 -23.9258
      vertex 0.559361 1.70504 -23.7464
    endloop
  endfacet
  facet normal 0.0974965 0.468685 0.877969
    outer loop
      vertex 1.91861 1.75835 -23.9258
      vertex 1.86627 1.99047 -24.0439
      vertex 0.559361 1.70504 -23.7464
    endloop
  endfacet
  facet normal 0.0975438 0.468542 0.87804
    outer loop
      vertex 0.559361 1.70504 -23.7464
      vertex 1.86627 1.99047 -24.0439
      vertex 0.487004 1.91125 -23.8484
    endloop
  endfacet
  facet normal 0.0975642 0.468386 0.878121
    outer loop
      vertex 1.86627 1.99047 -24.0439
      vertex 1.80701 2.2261 -24.163
      vertex 0.487004 1.91125 -23.8484
    endloop
  endfacet
  facet normal 0.097439 0.468738 0.877947
    outer loop
      vertex 0.487004 1.91125 -23.8484
      vertex 1.80701 2.2261 -24.163
      vertex 0.404481 2.1202 -23.9508
    endloop
  endfacet
  facet normal 0.0974979 0.468354 0.878145
    outer loop
      vertex 0.404481 2.1202 -23.9508
      vertex 1.80701 2.2261 -24.163
      vertex 0.311773 2.33187 -24.0534
    endloop
  endfacet
  facet normal 0.0975256 0.468647 0.877986
    outer loop
      vertex 2.0767 0.649014 -23.3514
      vertex 2.05892 0.864601 -23.4645
      vertex 0.767209 0.725557 -23.2468
    endloop
  endfacet
  facet normal 0.0975217 0.468395 0.87812
    outer loop
      vertex 0.777474 0.544007 -23.1511
      vertex 2.0767 0.649014 -23.3514
      vertex 0.767209 0.725557 -23.2468
    endloop
  endfacet
  facet normal 0.0975123 0.468596 0.878014
    outer loop
      vertex 2.08756 0.436272 -23.2391
      vertex 0.777474 0.544007 -23.1511
      vertex 0.777249 0.36755 -23.0569
    endloop
  endfacet
  facet normal 0.0975115 0.468602 0.878011
    outer loop
      vertex 2.0915 0.226349 -23.1275
      vertex 2.08756 0.436272 -23.2391
      vertex 0.777249 0.36755 -23.0569
    endloop
  endfacet
  facet normal 0.0975082 0.468559 0.878035
    outer loop
      vertex 2.0915 0.226349 -23.1275
      vertex 0.777249 0.36755 -23.0569
      vertex 0.763209 0.149351 -22.9389
    endloop
  endfacet
  facet normal 0.0975328 0.468489 0.878069
    outer loop
      vertex 2.0885 0.0192614 -23.0167
      vertex 0.763209 0.149351 -22.9389
      vertex 0.73555 -0.0437498 -22.8328
    endloop
  endfacet
  facet normal 0.0975149 0.468641 0.87799
    outer loop
      vertex 2.05233 -0.409546 -22.7838
      vertex 2.0885 0.0192614 -23.0167
      vertex 0.73555 -0.0437498 -22.8328
    endloop
  endfacet
  facet normal 0.0975502 0.468759 0.877923
    outer loop
      vertex 2.05233 -0.409546 -22.7838
      vertex 0.73555 -0.0437498 -22.8328
      vertex 0.694253 -0.211767 -22.7385
    endloop
  endfacet
  facet normal 0.0974058 0.468281 0.878194
    outer loop
      vertex 1.97211 -0.793005 -22.5703
      vertex 0.694253 -0.211767 -22.7385
      vertex 0.639352 -0.354689 -22.6562
    endloop
  endfacet
  facet normal 0.0975213 0.468597 0.878013
    outer loop
      vertex 1.97211 -0.793005 -22.5703
      vertex 0.639352 -0.354689 -22.6562
      vertex 0.570845 -0.472528 -22.5857
    endloop
  endfacet
  facet normal 0.0975672 0.468611 0.878
    outer loop
      vertex 1.84786 -1.13112 -22.3761
      vertex 0.570845 -0.472528 -22.5857
      vertex 0.487944 -0.566186 -22.5265
    endloop
  endfacet
  facet normal 0.0975387 0.468531 0.878046
    outer loop
      vertex 1.46723 -1.67128 -22.0456
      vertex 1.67955 -1.42388 -22.2012
      vertex 0.487944 -0.566186 -22.5265
    endloop
  endfacet
  facet normal 0.0976273 0.468603 0.877998
    outer loop
      vertex 1.21415 -1.87056 -21.9111
      vertex 1.46723 -1.67128 -22.0456
      vertex 0.389855 -0.636657 -22.478
    endloop
  endfacet
  facet normal 0.0975566 0.468549 0.878035
    outer loop
      vertex 1.83065 -4.07213 -20.8048
      vertex 0.45792 -3.97502 -20.7041
      vertex 0.372176 -6.70887 -19.2357
    endloop
  endfacet
  facet normal 0.0974253 0.4685 0.878075
    outer loop
      vertex 0.923656 -2.01894 -21.7997
      vertex 1.21415 -1.87056 -21.9111
      vertex 0.276581 -0.683939 -22.4402
    endloop
  endfacet
  facet normal 0.0974563 0.468571 0.878034
    outer loop
      vertex 0.23036 -2.16295 -21.6458
      vertex 0.595721 -2.11639 -21.7112
      vertex 0.148105 -0.708034 -22.4131
    endloop
  endfacet
  facet normal 0.0974942 0.468545 0.878043
    outer loop
      vertex -0.942627 -6.61586 -19.1393
      vertex -2.23471 -3.94794 -20.4195
      vertex -2.31534 -6.51875 -19.0387
    endloop
  endfacet
  facet normal 0.0974973 0.468537 0.878047
    outer loop
      vertex 0.23036 -2.16295 -21.6458
      vertex 0.00444221 -0.708927 -22.3966
      vertex -0.172441 -2.15859 -21.6034
    endloop
  endfacet
  facet normal 0.0973798 0.468569 0.878043
    outer loop
      vertex -0.172441 -2.15859 -21.6034
      vertex -0.103741 -0.693813 -22.3927
      vertex -0.494524 -2.11845 -21.5891
    endloop
  endfacet
  facet normal 0.0972972 0.468591 0.878041
    outer loop
      vertex -0.103741 -0.693813 -22.3927
      vertex -0.201439 -0.664533 -22.3975
      vertex -0.494524 -2.11845 -21.5891
    endloop
  endfacet
  facet normal 0.0974567 0.468596 0.87802
    outer loop
      vertex -0.787923 -2.04566 -21.5953
      vertex -0.201439 -0.664533 -22.3975
      vertex -1.05265 -1.9402 -21.6222
    endloop
  endfacet
  facet normal 0.097487 0.468578 0.878027
    outer loop
      vertex -1.05265 -1.9402 -21.6222
      vertex -0.288667 -0.621084 -22.411
      vertex -1.28872 -1.80208 -21.6697
    endloop
  endfacet
  facet normal 0.0975583 0.468567 0.878024
    outer loop
      vertex -0.942627 -6.61586 -19.1393
      vertex -0.861996 -4.04505 -20.5202
      vertex -2.23471 -3.94794 -20.4195
    endloop
  endfacet
  facet normal 0.0976578 0.468428 0.878088
    outer loop
      vertex -0.288667 -0.621084 -22.411
      vertex -0.365409 -0.56347 -22.4332
      vertex -1.4961 -1.6313 -21.7378
    endloop
  endfacet
  facet normal 0.0978118 0.468221 0.878181
    outer loop
      vertex -0.365409 -0.56347 -22.4332
      vertex -0.43165 -0.491677 -22.4641
      vertex -1.67771 -1.4248 -21.8278
    endloop
  endfacet
  facet normal 0.097593 0.468447 0.878085
    outer loop
      vertex -1.67771 -1.4248 -21.8278
      vertex -0.43165 -0.491677 -22.4641
      vertex -1.8365 -1.17953 -21.941
    endloop
  endfacet
  facet normal 0.0976296 0.468666 0.877964
    outer loop
      vertex -3.68845 1.19039 -23
      vertex -3.59918 1.28513 -23.0605
      vertex -4.98141 1.90858 -23.2396
    endloop
  endfacet
  facet normal 0.0974814 0.468766 0.877927
    outer loop
      vertex -5.08757 -0.797832 -21.7836
      vertex -3.82247 -0.465348 -22.1016
      vertex -5.13606 -0.554766 -21.908
    endloop
  endfacet
  facet normal 0.0974246 0.468755 0.877939
    outer loop
      vertex -0.43165 -0.491677 -22.4641
      vertex -0.490492 -0.400785 -22.5061
      vertex -1.97249 -0.895503 -22.0775
    endloop
  endfacet
  facet normal 0.0974867 0.468557 0.878038
    outer loop
      vertex -1.97249 -0.895503 -22.0775
      vertex -0.54496 -0.285909 -22.5613
      vertex -2.08569 -0.572686 -22.2372
    endloop
  endfacet
  facet normal 0.097412 0.468813 0.877909
    outer loop
      vertex -0.54496 -0.285909 -22.5613
      vertex -0.595085 -0.147032 -22.6299
      vertex -2.08569 -0.572686 -22.2372
    endloop
  endfacet
  facet normal 0.097462 0.468702 0.877963
    outer loop
      vertex -5.17451 -0.312559 -22.0329
      vertex -3.89608 -0.0254335 -22.3281
      vertex -5.20278 -0.0714092 -22.1585
    endloop
  endfacet
  facet normal 0.0975352 0.468476 0.878076
    outer loop
      vertex -0.595085 -0.147032 -22.6299
      vertex -0.640868 0.0158195 -22.7117
      vertex -2.17607 -0.211109 -22.4201
    endloop
  endfacet
  facet normal 0.097529 0.468617 0.878001
    outer loop
      vertex -5.22084 0.168681 -22.2846
      vertex -3.91122 0.188216 -22.4405
      vertex -5.22869 0.4077 -22.4113
    endloop
  endfacet
  facet normal 0.0975235 0.46852 0.878054
    outer loop
      vertex -2.17607 -0.211109 -22.4201
      vertex -0.682278 0.20267 -22.8068
      vertex -2.31231 0.422772 -22.7432
    endloop
  endfacet
  facet normal 0.0975709 0.468484 0.878067
    outer loop
      vertex -1.15595 1.95793 -23.6909
      vertex -1.3114 2.21728 -23.812
      vertex -2.60949 1.20413 -23.1272
    endloop
  endfacet
  facet normal 0.0975319 0.468511 0.878057
    outer loop
      vertex -3.86825 0.777314 -22.7596
      vertex -5.1886 1.12152 -22.7966
      vertex -5.22634 0.64566 -22.5385
    endloop
  endfacet
  facet normal 0.0974289 0.468626 0.878008
    outer loop
      vertex -2.60949 1.20413 -23.1272
      vertex -1.3114 2.21728 -23.812
      vertex -2.68511 1.27812 -23.1583
    endloop
  endfacet
  facet normal 0.097495 0.468406 0.878118
    outer loop
      vertex -3.82356 0.935853 -22.8492
      vertex -3.76362 1.07354 -22.9293
      vertex -5.10696 1.54249 -23.0303
    endloop
  endfacet
  facet normal 0.0975432 0.468497 0.878064
    outer loop
      vertex -1.3114 2.21728 -23.812
      vertex -1.488 2.42985 -23.9058
      vertex -2.68511 1.27812 -23.1583
    endloop
  endfacet
  facet normal 0.0975445 0.468539 0.878041
    outer loop
      vertex -3.68845 1.19039 -23
      vertex -4.98141 1.90858 -23.2396
      vertex -5.10696 1.54249 -23.0303
    endloop
  endfacet
  facet normal 0.0976335 0.468423 0.878093
    outer loop
      vertex -2.68511 1.27812 -23.1583
      vertex -1.488 2.42985 -23.9058
      vertex -2.77329 1.33774 -23.1803
    endloop
  endfacet
  facet normal 0.0974417 0.4686 0.87802
    outer loop
      vertex -1.488 2.42985 -23.9058
      vertex -1.69195 2.60267 -23.9754
      vertex -2.77329 1.33774 -23.1803
    endloop
  endfacet
  facet normal 0.0979577 0.468405 0.878067
    outer loop
      vertex -2.77329 1.33774 -23.1803
      vertex -2.20068 2.84982 -24.0508
      vertex -2.87403 1.38299 -23.1932
    endloop
  endfacet
  facet normal 0.097429 0.468584 0.87803
    outer loop
      vertex -1.92952 2.74266 -24.0237
      vertex -2.20068 2.84982 -24.0508
      vertex -2.77329 1.33774 -23.1803
    endloop
  endfacet
  facet normal 0.0975487 0.468561 0.878029
    outer loop
      vertex -2.87403 1.38299 -23.1932
      vertex -2.50546 2.92417 -24.0566
      vertex -2.98735 1.41389 -23.1971
    endloop
  endfacet
  facet normal 0.0971264 0.468621 0.878044
    outer loop
      vertex -2.98735 1.41389 -23.1971
      vertex -2.84382 2.96571 -24.0412
      vertex -3.11321 1.43042 -23.192
    endloop
  endfacet
  facet normal 0.0974351 0.468551 0.878047
    outer loop
      vertex -3.25404 1.42916 -23.1757
      vertex -3.11321 1.43042 -23.192
      vertex -3.28727 2.97253 -23.9956
    endloop
  endfacet
  facet normal 0.0978014 0.468565 0.877999
    outer loop
      vertex -3.38197 1.40452 -23.1483
      vertex -3.25404 1.42916 -23.1757
      vertex -3.68448 2.92698 -23.9271
    endloop
  endfacet
  facet normal 0.0976873 0.468544 0.878023
    outer loop
      vertex -3.25404 1.42916 -23.1757
      vertex -3.28727 2.97253 -23.9956
      vertex -3.68448 2.92698 -23.9271
    endloop
  endfacet
  facet normal 0.0974274 0.468523 0.878063
    outer loop
      vertex -3.38197 1.40452 -23.1483
      vertex -3.68448 2.92698 -23.9271
      vertex -4.03543 2.82904 -23.8359
    endloop
  endfacet
  facet normal 0.097402 0.468471 0.878093
    outer loop
      vertex -3.49702 1.35651 -23.1099
      vertex -4.34013 2.67874 -23.7218
      vertex -4.59858 2.47606 -23.585
    endloop
  endfacet
  facet normal 0.0973827 0.468367 0.878151
    outer loop
      vertex -3.59918 1.28513 -23.0605
      vertex -3.49702 1.35651 -23.1099
      vertex -4.81195 2.21976 -23.4245
    endloop
  endfacet
  facet normal 0.0975691 0.468598 0.878007
    outer loop
      vertex -3.49702 1.35651 -23.1099
      vertex -4.59858 2.47606 -23.585
      vertex -4.81195 2.21976 -23.4245
    endloop
  endfacet
  facet normal 0.0975796 0.468571 0.87802
    outer loop
      vertex -3.59918 1.28513 -23.0605
      vertex -4.81195 2.21976 -23.4245
      vertex -4.98141 1.90858 -23.2396
    endloop
  endfacet
  facet normal 0.0975391 0.468518 0.878053
    outer loop
      vertex -3.76362 1.07354 -22.9293
      vertex -3.68845 1.19039 -23
      vertex -5.10696 1.54249 -23.0303
    endloop
  endfacet
  facet normal 0.0975611 0.468524 0.878047
    outer loop
      vertex -3.82356 0.935853 -22.8492
      vertex -5.10696 1.54249 -23.0303
      vertex -5.1886 1.12152 -22.7966
    endloop
  endfacet
  facet normal 0.0975793 0.468683 0.877961
    outer loop
      vertex -3.86825 0.777314 -22.7596
      vertex -3.82356 0.935853 -22.8492
      vertex -5.1886 1.12152 -22.7966
    endloop
  endfacet
  facet normal 0.0975291 0.468527 0.87805
    outer loop
      vertex -3.89772 0.597916 -22.6606
      vertex -3.86825 0.777314 -22.7596
      vertex -5.22634 0.64566 -22.5385
    endloop
  endfacet
  facet normal 0.0975305 0.468419 0.878107
    outer loop
      vertex -3.91194 0.397668 -22.5522
      vertex -3.89772 0.597916 -22.6606
      vertex -5.22634 0.64566 -22.5385
    endloop
  endfacet
  facet normal 0.097537 0.468529 0.878047
    outer loop
      vertex -3.69131 -0.922074 -21.8724
      vertex -3.76401 -0.691611 -21.9873
      vertex -5.02927 -1.04159 -21.66
    endloop
  endfacet
  facet normal 0.0974533 0.468612 0.878012
    outer loop
      vertex -3.60455 -1.15671 -21.7568
      vertex -3.69131 -0.922074 -21.8724
      vertex -4.96111 -1.28605 -21.5372
    endloop
  endfacet
  facet normal 0.0974454 0.468656 0.87799
    outer loop
      vertex -4.88311 -1.5312 -21.415
      vertex -3.60455 -1.15671 -21.7568
      vertex -4.96111 -1.28605 -21.5372
    endloop
  endfacet
  facet normal 0.0975367 0.46844 0.878095
    outer loop
      vertex -3.50373 -1.39552 -21.6406
      vertex -3.60455 -1.15671 -21.7568
      vertex -4.88311 -1.5312 -21.415
    endloop
  endfacet
  facet normal 0.097536 0.468444 0.878093
    outer loop
      vertex -4.79528 -1.77705 -21.2936
      vertex -3.50373 -1.39552 -21.6406
      vertex -4.88311 -1.5312 -21.415
    endloop
  endfacet
  facet normal 0.0975 0.468529 0.878052
    outer loop
      vertex -3.38887 -1.6385 -21.5237
      vertex -3.50373 -1.39552 -21.6406
      vertex -4.79528 -1.77705 -21.2936
    endloop
  endfacet
  facet normal 0.0974846 0.468613 0.878008
    outer loop
      vertex -3.25994 -1.88566 -21.4061
      vertex -3.38887 -1.6385 -21.5237
      vertex -4.79528 -1.77705 -21.2936
    endloop
  endfacet
  facet normal 0.0975714 0.468328 0.878151
    outer loop
      vertex -4.96111 -1.28605 -21.5372
      vertex -3.69131 -0.922074 -21.8724
      vertex -5.02927 -1.04159 -21.66
    endloop
  endfacet
  facet normal 0.0975303 0.468545 0.878039
    outer loop
      vertex -5.02927 -1.04159 -21.66
      vertex -3.76401 -0.691611 -21.9873
      vertex -5.08757 -0.797832 -21.7836
    endloop
  endfacet
  facet normal 0.0975048 0.468705 0.877957
    outer loop
      vertex -3.76401 -0.691611 -21.9873
      vertex -3.82247 -0.465348 -22.1016
      vertex -5.08757 -0.797832 -21.7836
    endloop
  endfacet
  facet normal 0.0975175 0.468516 0.878057
    outer loop
      vertex -3.82247 -0.465348 -22.1016
      vertex -3.86649 -0.243285 -22.2152
      vertex -5.13606 -0.554766 -21.908
    endloop
  endfacet
  facet normal 0.0975851 0.46833 0.878148
    outer loop
      vertex -5.13606 -0.554766 -21.908
      vertex -3.86649 -0.243285 -22.2152
      vertex -5.17451 -0.312559 -22.0329
    endloop
  endfacet
  facet normal 0.0975833 0.468345 0.878141
    outer loop
      vertex -3.86649 -0.243285 -22.2152
      vertex -3.89608 -0.0254335 -22.3281
      vertex -5.17451 -0.312559 -22.0329
    endloop
  endfacet
  facet normal 0.0974819 0.468509 0.878064
    outer loop
      vertex -5.20278 -0.0714092 -22.1585
      vertex -3.89608 -0.0254335 -22.3281
      vertex -5.22084 0.168681 -22.2846
    endloop
  endfacet
  facet normal 0.0975165 0.468778 0.877917
    outer loop
      vertex -3.89608 -0.0254335 -22.3281
      vertex -3.91122 0.188216 -22.4405
      vertex -5.22084 0.168681 -22.2846
    endloop
  endfacet
  facet normal 0.0975234 0.468581 0.878021
    outer loop
      vertex -3.91122 0.188216 -22.4405
      vertex -3.91194 0.397668 -22.5522
      vertex -5.22869 0.4077 -22.4113
    endloop
  endfacet
  facet normal 0.0975312 0.468422 0.878105
    outer loop
      vertex -3.91194 0.397668 -22.5522
      vertex -5.22634 0.64566 -22.5385
      vertex -5.22869 0.4077 -22.4113
    endloop
  endfacet
  facet normal 0.0975282 0.46854 0.878042
    outer loop
      vertex 1.69443 -8.41539 -18.472
      vertex -2.31534 -6.51875 -19.0387
      vertex -5.35641 -7.91659 -17.955
    endloop
  endfacet
  facet normal 0.097492 0.468475 0.878081
    outer loop
      vertex 1.69443 -8.41539 -18.472
      vertex -0.942627 -6.61586 -19.1393
      vertex -2.31534 -6.51875 -19.0387
    endloop
  endfacet
  facet normal 0.0975211 0.46851 0.878059
    outer loop
      vertex 1.69443 -8.41539 -18.472
      vertex 0.372176 -6.70887 -19.2357
      vertex -0.942627 -6.61586 -19.1393
    endloop
  endfacet
  facet normal 0.0975735 0.468541 0.878037
    outer loop
      vertex 1.69443 -8.41539 -18.472
      vertex 1.83065 -4.07213 -20.8048
      vertex 0.372176 -6.70887 -19.2357
    endloop
  endfacet
  facet normal 0.0975321 0.468534 0.878045
    outer loop
      vertex -2.31534 -6.51875 -19.0387
      vertex -5.30593 -6.30719 -18.8194
      vertex -5.35641 -7.91659 -17.955
    endloop
  endfacet
  facet normal -0.0974711 -0.468537 -0.878051
    outer loop
      vertex -2.90233 2.68458 -24.568
      vertex -2.56397 2.64305 -24.5834
      vertex -3.04586 1.13276 -23.724
    endloop
  endfacet
  facet normal -0.0975957 -0.468504 -0.878054
    outer loop
      vertex -2.56397 2.64305 -24.5834
      vertex -2.25919 2.56869 -24.5776
      vertex -2.93254 1.10186 -23.7201
    endloop
  endfacet
  facet normal -0.0974927 -0.468554 -0.878039
    outer loop
      vertex -2.90233 2.68458 -24.568
      vertex -3.17173 1.14929 -23.7188
      vertex -3.34579 2.6914 -24.5224
    endloop
  endfacet
  facet normal -0.097412 -0.468518 -0.878067
    outer loop
      vertex -4.09394 2.54791 -24.3627
      vertex -3.44049 1.12339 -23.6751
      vertex -4.39864 2.39761 -24.2487
    endloop
  endfacet
  facet normal -0.0975016 -0.468668 -0.877977
    outer loop
      vertex -0.875081 0.618177 -23.6905
      vertex -2.42231 0.358014 -23.3798
      vertex -2.47778 0.544337 -23.4731
    endloop
  endfacet
  facet normal -0.0975086 -0.468474 -0.87808
    outer loop
      vertex -1.08019 1.37069 -24.0692
      vertex -0.967052 1.01782 -23.8935
      vertex -2.53722 0.700613 -23.5499
    endloop
  endfacet
  facet normal -0.0975044 -0.468481 -0.878077
    outer loop
      vertex -1.08019 1.37069 -24.0692
      vertex -2.53722 0.700613 -23.5499
      vertex -2.60062 0.826829 -23.6102
    endloop
  endfacet
  facet normal -0.0975818 -0.468327 -0.87815
    outer loop
      vertex -1.08019 1.37069 -24.0692
      vertex -2.60062 0.826829 -23.6102
      vertex -2.668 0.922997 -23.654
    endloop
  endfacet
  facet normal -0.097441 -0.468671 -0.877982
    outer loop
      vertex -1.21447 1.6768 -24.2177
      vertex -1.08019 1.37069 -24.0692
      vertex -2.668 0.922997 -23.654
    endloop
  endfacet
  facet normal -0.0974777 -0.468573 -0.87803
    outer loop
      vertex -0.967052 1.01782 -23.8935
      vertex -2.47778 0.544337 -23.4731
      vertex -2.53722 0.700613 -23.5499
    endloop
  endfacet
  facet normal -0.097525 -0.468468 -0.878081
    outer loop
      vertex -0.967052 1.01782 -23.8935
      vertex -0.875081 0.618177 -23.6905
      vertex -2.47778 0.544337 -23.4731
    endloop
  endfacet
  facet normal -0.097487 -0.468723 -0.87795
    outer loop
      vertex -0.875081 0.618177 -23.6905
      vertex -2.37083 0.141644 -23.27
      vertex -2.42231 0.358014 -23.3798
    endloop
  endfacet
  facet normal -0.0975622 -0.468517 -0.878051
    outer loop
      vertex -1.98804 2.46153 -24.5505
      vertex -1.75047 2.32154 -24.5022
      vertex -2.8318 1.05661 -23.7071
    endloop
  endfacet
  facet normal -0.097534 -0.468619 -0.878
    outer loop
      vertex -0.875081 0.618177 -23.6905
      vertex -0.74079 -0.0784569 -23.3336
      vertex -2.37083 0.141644 -23.27
    endloop
  endfacet
  facet normal -0.0975257 -0.468582 -0.87802
    outer loop
      vertex -3.44049 1.12339 -23.6751
      vertex -3.55553 1.07538 -23.6367
      vertex -4.39864 2.39761 -24.2487
    endloop
  endfacet
  facet normal -0.097526 -0.468513 -0.878057
    outer loop
      vertex -0.74079 -0.0784569 -23.3336
      vertex -0.699381 -0.265307 -23.2385
      vertex -2.23458 -0.492237 -22.9469
    endloop
  endfacet
  facet normal -0.0975296 -0.46853 -0.878048
    outer loop
      vertex -0.653599 -0.42816 -23.1567
      vertex -2.1442 -0.853814 -22.764
      vertex -2.23458 -0.492237 -22.9469
    endloop
  endfacet
  facet normal -0.0974029 -0.468803 -0.877916
    outer loop
      vertex -0.603474 -0.567038 -23.0882
      vertex -0.549005 -0.681914 -23.0329
      vertex -2.031 -1.17663 -22.6043
    endloop
  endfacet
  facet normal -0.0976086 -0.468423 -0.878096
    outer loop
      vertex -0.490163 -0.772805 -22.991
      vertex -1.89501 -1.46066 -22.4679
      vertex -2.031 -1.17663 -22.6043
    endloop
  endfacet
  facet normal -0.0975839 -0.46849 -0.878063
    outer loop
      vertex -0.423923 -0.844599 -22.96
      vertex -1.55461 -1.91243 -22.2646
      vertex -1.73622 -1.70592 -22.3546
    endloop
  endfacet
  facet normal -0.0975258 -0.468551 -0.878037
    outer loop
      vertex -0.347179 -0.902213 -22.9378
      vertex -1.34723 -2.08321 -22.1965
      vertex -1.55461 -1.91243 -22.2646
    endloop
  endfacet
  facet normal -0.0975041 -0.468569 -0.87803
    outer loop
      vertex -0.347179 -0.902213 -22.9378
      vertex -0.259952 -0.945661 -22.9243
      vertex -1.11117 -2.22133 -22.149
    endloop
  endfacet
  facet normal -0.0976799 -0.468513 -0.87804
    outer loop
      vertex -0.259952 -0.945661 -22.9243
      vertex -0.553037 -2.39958 -22.1159
      vertex -0.846436 -2.32679 -22.1221
    endloop
  endfacet
  facet normal -0.09792 -0.468526 -0.878006
    outer loop
      vertex -0.162254 -0.974941 -22.9195
      vertex -0.0540705 -0.990055 -22.9235
      vertex -0.230955 -2.43971 -22.1302
    endloop
  endfacet
  facet normal -0.0973198 -0.468571 -0.878049
    outer loop
      vertex 0.089591 -0.989161 -22.9399
      vertex 0.171847 -2.44408 -22.1726
      vertex -0.0540705 -0.990055 -22.9235
    endloop
  endfacet
  facet normal -0.0974706 -0.468516 -0.878062
    outer loop
      vertex 0.865142 -2.30007 -22.3265
      vertex 0.537209 -2.39752 -22.2381
      vertex 0.218067 -0.965068 -22.967
    endloop
  endfacet
  facet normal -0.09736 -0.468501 -0.878082
    outer loop
      vertex 0.218067 -0.965068 -22.967
      vertex 0.537209 -2.39752 -22.2381
      vertex 0.089591 -0.989161 -22.9399
    endloop
  endfacet
  facet normal -0.0974464 -0.468512 -0.878066
    outer loop
      vertex 0.331342 -0.917785 -23.0048
      vertex 1.15563 -2.15169 -22.4379
      vertex 0.218067 -0.965068 -22.967
    endloop
  endfacet
  facet normal -0.0975416 -0.468533 -0.878045
    outer loop
      vertex 0.42943 -0.847315 -23.0533
      vertex 1.40872 -1.95241 -22.5724
      vertex 0.331342 -0.917785 -23.0048
    endloop
  endfacet
  facet normal -0.0975109 -0.4685 -0.878066
    outer loop
      vertex 1.78934 -1.41224 -22.9029
      vertex 1.62104 -1.70501 -22.728
      vertex 0.42943 -0.847315 -23.0533
    endloop
  endfacet
  facet normal -0.0974978 -0.468502 -0.878066
    outer loop
      vertex 1.9136 -1.07413 -23.0971
      vertex 1.78934 -1.41224 -22.9029
      vertex 0.512332 -0.753656 -23.1125
    endloop
  endfacet
  facet normal -0.0975385 -0.468664 -0.877975
    outer loop
      vertex 1.99381 -0.690674 -23.3107
      vertex 1.9136 -1.07413 -23.0971
      vertex 0.63574 -0.492895 -23.2654
    endloop
  endfacet
  facet normal -0.0975496 -0.468737 -0.877935
    outer loop
      vertex 2.03299 -0.0547781 -23.6544
      vertex 2.02999 -0.261867 -23.5435
      vertex 0.704697 -0.131776 -23.4657
    endloop
  endfacet
  facet normal -0.0975224 -0.468806 -0.877901
    outer loop
      vertex 2.01819 0.367885 -23.8783
      vertex 2.02904 0.155144 -23.7659
      vertex 0.718961 0.262879 -23.6779
    endloop
  endfacet
  facet normal -0.097479 -0.468543 -0.878046
    outer loop
      vertex 2.00041 0.583472 -23.9913
      vertex 0.708695 0.444429 -23.7737
      vertex 0.687956 0.631083 -23.871
    endloop
  endfacet
  facet normal -0.0974795 -0.46851 -0.878064
    outer loop
      vertex 1.97569 0.801895 -24.1051
      vertex 2.00041 0.583472 -23.9913
      vertex 0.687956 0.631083 -23.871
    endloop
  endfacet
  facet normal -0.0975151 -0.468352 -0.878144
    outer loop
      vertex 1.97569 0.801895 -24.1051
      vertex 0.687956 0.631083 -23.871
      vertex 0.656741 0.822829 -23.9698
    endloop
  endfacet
  facet normal -0.0975008 -0.468723 -0.877948
    outer loop
      vertex 1.94407 1.0235 -24.2199
      vertex 1.97569 0.801895 -24.1051
      vertex 0.656741 0.822829 -23.9698
    endloop
  endfacet
  facet normal -0.0975532 -0.468517 -0.878052
    outer loop
      vertex 1.94407 1.0235 -24.2199
      vertex 0.656741 0.822829 -23.9698
      vertex 0.615052 1.01967 -24.0702
    endloop
  endfacet
  facet normal -0.0975598 -0.468411 -0.878108
    outer loop
      vertex 1.90554 1.24861 -24.3357
      vertex 1.94407 1.0235 -24.2199
      vertex 0.615052 1.01967 -24.0702
    endloop
  endfacet
  facet normal -0.0974738 -0.468717 -0.877954
    outer loop
      vertex 1.90554 1.24861 -24.3357
      vertex 0.615052 1.01967 -24.0702
      vertex 0.563034 1.22042 -24.1716
    endloop
  endfacet
  facet normal -0.0974748 -0.468705 -0.87796
    outer loop
      vertex 1.8601 1.47722 -24.4527
      vertex 1.90554 1.24861 -24.3357
      vertex 0.563034 1.22042 -24.1716
    endloop
  endfacet
  facet normal -0.0976029 -0.468287 -0.878169
    outer loop
      vertex 1.8601 1.47722 -24.4527
      vertex 0.563034 1.22042 -24.1716
      vertex 0.500847 1.42391 -24.2732
    endloop
  endfacet
  facet normal -0.0975907 -0.4684 -0.87811
    outer loop
      vertex 1.80776 1.70934 -24.5707
      vertex 1.8601 1.47722 -24.4527
      vertex 0.500847 1.42391 -24.2732
    endloop
  endfacet
  facet normal -0.0974402 -0.468854 -0.877885
    outer loop
      vertex 1.80776 1.70934 -24.5707
      vertex 0.500847 1.42391 -24.2732
      vertex 0.428492 1.63012 -24.3753
    endloop
  endfacet
  facet normal -0.097465 -0.468664 -0.877983
    outer loop
      vertex 1.7485 1.94497 -24.6899
      vertex 1.80776 1.70934 -24.5707
      vertex 0.428492 1.63012 -24.3753
    endloop
  endfacet
  facet normal -0.0975469 -0.468434 -0.878097
    outer loop
      vertex 1.7485 1.94497 -24.6899
      vertex 0.428492 1.63012 -24.3753
      vertex 0.345967 1.83907 -24.4776
    endloop
  endfacet
  facet normal -0.0975591 -0.468355 -0.878138
    outer loop
      vertex 1.7485 1.94497 -24.6899
      vertex 0.345967 1.83907 -24.4776
      vertex 0.25326 2.05075 -24.5802
    endloop
  endfacet
  facet normal -0.0975207 -0.468329 -0.878156
    outer loop
      vertex 2.00041 0.583472 -23.9913
      vertex 2.01819 0.367885 -23.8783
      vertex 0.708695 0.444429 -23.7737
    endloop
  endfacet
  facet normal -0.0975277 -0.468773 -0.877918
    outer loop
      vertex 2.01819 0.367885 -23.8783
      vertex 0.718961 0.262879 -23.6779
      vertex 0.708695 0.444429 -23.7737
    endloop
  endfacet
  facet normal -0.0975128 -0.468596 -0.878014
    outer loop
      vertex 0.718961 0.262879 -23.6779
      vertex 2.02904 0.155144 -23.7659
      vertex 0.718737 0.086422 -23.5837
    endloop
  endfacet
  facet normal -0.0975523 -0.46828 -0.878179
    outer loop
      vertex 2.02904 0.155144 -23.7659
      vertex 2.03299 -0.0547781 -23.6544
      vertex 0.718737 0.086422 -23.5837
    endloop
  endfacet
  facet normal -0.0975738 -0.468554 -0.87803
    outer loop
      vertex 0.718737 0.086422 -23.5837
      vertex 2.03299 -0.0547781 -23.6544
      vertex 0.704697 -0.131776 -23.4657
    endloop
  endfacet
  facet normal -0.0975329 -0.468485 -0.878071
    outer loop
      vertex 0.704697 -0.131776 -23.4657
      vertex 2.02999 -0.261867 -23.5435
      vertex 0.677036 -0.324878 -23.3596
    endloop
  endfacet
  facet normal -0.0975337 -0.468479 -0.878074
    outer loop
      vertex 2.02999 -0.261867 -23.5435
      vertex 1.99381 -0.690674 -23.3107
      vertex 0.677036 -0.324878 -23.3596
    endloop
  endfacet
  facet normal -0.097501 -0.46837 -0.878136
    outer loop
      vertex 0.677036 -0.324878 -23.3596
      vertex 1.99381 -0.690674 -23.3107
      vertex 0.63574 -0.492895 -23.2654
    endloop
  endfacet
  facet normal -0.0975563 -0.468697 -0.877955
    outer loop
      vertex 0.63574 -0.492895 -23.2654
      vertex 1.9136 -1.07413 -23.0971
      vertex 0.580839 -0.635818 -23.183
    endloop
  endfacet
  facet normal -0.0975208 -0.4686 -0.878011
    outer loop
      vertex 0.580839 -0.635818 -23.183
      vertex 1.9136 -1.07413 -23.0971
      vertex 0.512332 -0.753656 -23.1125
    endloop
  endfacet
  facet normal -0.0975636 -0.468609 -0.878002
    outer loop
      vertex 0.512332 -0.753656 -23.1125
      vertex 1.78934 -1.41224 -22.9029
      vertex 0.42943 -0.847315 -23.0533
    endloop
  endfacet
  facet normal -0.0975388 -0.468531 -0.878046
    outer loop
      vertex 1.62104 -1.70501 -22.728
      vertex 1.40872 -1.95241 -22.5724
      vertex 0.42943 -0.847315 -23.0533
    endloop
  endfacet
  facet normal -0.0976255 -0.468601 -0.877999
    outer loop
      vertex 1.40872 -1.95241 -22.5724
      vertex 1.15563 -2.15169 -22.4379
      vertex 0.331342 -0.917785 -23.0048
    endloop
  endfacet
  facet normal -0.0976544 -0.46849 -0.878055
    outer loop
      vertex 0.331706 -6.41472 -20.0715
      vertex 1.77214 -4.35326 -21.3316
      vertex 0.449046 -6.74524 -19.9082
    endloop
  endfacet
  facet normal -0.0975596 -0.468544 -0.878037
    outer loop
      vertex 1.77214 -4.35326 -21.3316
      vertex 0.331706 -6.41472 -20.0715
      vertex 0.399407 -4.25614 -21.2309
    endloop
  endfacet
  facet normal -0.097427 -0.468501 -0.878075
    outer loop
      vertex 1.15563 -2.15169 -22.4379
      vertex 0.865142 -2.30007 -22.3265
      vertex 0.218067 -0.965068 -22.967
    endloop
  endfacet
  facet normal -0.0976919 -0.46857 -0.878008
    outer loop
      vertex 0.537209 -2.39752 -22.2381
      vertex 0.171847 -2.44408 -22.1726
      vertex 0.089591 -0.989161 -22.9399
    endloop
  endfacet
  facet normal -0.0975065 -0.468585 -0.878021
    outer loop
      vertex -0.0540705 -0.990055 -22.9235
      vertex 0.171847 -2.44408 -22.1726
      vertex -0.230955 -2.43971 -22.1302
    endloop
  endfacet
  facet normal -0.097366 -0.468572 -0.878043
    outer loop
      vertex -0.162254 -0.974941 -22.9195
      vertex -0.230955 -2.43971 -22.1302
      vertex -0.553037 -2.39958 -22.1159
    endloop
  endfacet
  facet normal -0.097297 -0.46859 -0.878041
    outer loop
      vertex -0.259952 -0.945661 -22.9243
      vertex -0.162254 -0.974941 -22.9195
      vertex -0.553037 -2.39958 -22.1159
    endloop
  endfacet
  facet normal -0.0974543 -0.468597 -0.87802
    outer loop
      vertex -0.259952 -0.945661 -22.9243
      vertex -0.846436 -2.32679 -22.1221
      vertex -1.11117 -2.22133 -22.149
    endloop
  endfacet
  facet normal -0.0974898 -0.468576 -0.878027
    outer loop
      vertex -0.347179 -0.902213 -22.9378
      vertex -1.11117 -2.22133 -22.149
      vertex -1.34723 -2.08321 -22.1965
    endloop
  endfacet
  facet normal -0.0976563 -0.468429 -0.878087
    outer loop
      vertex -0.423923 -0.844599 -22.96
      vertex -0.347179 -0.902213 -22.9378
      vertex -1.55461 -1.91243 -22.2646
    endloop
  endfacet
  facet normal -0.0972873 -0.468835 -0.877911
    outer loop
      vertex -0.490163 -0.772805 -22.991
      vertex -0.423923 -0.844599 -22.96
      vertex -1.73622 -1.70592 -22.3546
    endloop
  endfacet
  facet normal -0.0974407 -0.468677 -0.877979
    outer loop
      vertex -0.490163 -0.772805 -22.991
      vertex -1.73622 -1.70592 -22.3546
      vertex -1.89501 -1.46066 -22.4679
    endloop
  endfacet
  facet normal -0.0975841 -0.468701 -0.87795
    outer loop
      vertex -3.6577 1.004 -23.5873
      vertex -3.74696 0.909258 -23.5268
      vertex -5.03992 1.62745 -23.7665
    endloop
  endfacet
  facet normal -0.0975681 -0.468535 -0.878041
    outer loop
      vertex -3.88098 -0.746476 -22.6284
      vertex -4.71405 -0.965415 -22.419
      vertex -4.83049 -0.811111 -22.4884
    endloop
  endfacet
  facet normal -0.0977226 -0.468127 -0.878241
    outer loop
      vertex -0.549005 -0.681914 -23.0329
      vertex -0.490163 -0.772805 -22.991
      vertex -2.031 -1.17663 -22.6043
    endloop
  endfacet
  facet normal -0.0975391 -0.46857 -0.878025
    outer loop
      vertex -0.603474 -0.567038 -23.0882
      vertex -2.031 -1.17663 -22.6043
      vertex -2.1442 -0.853814 -22.764
    endloop
  endfacet
  facet normal -0.0976016 -0.468356 -0.878132
    outer loop
      vertex -0.653599 -0.42816 -23.1567
      vertex -0.603474 -0.567038 -23.0882
      vertex -2.1442 -0.853814 -22.764
    endloop
  endfacet
  facet normal -0.0976538 -0.468135 -0.878245
    outer loop
      vertex -5.23303 -0.593687 -22.5598
      vertex -4.48327 -0.325163 -22.7863
      vertex -3.95459 -0.306562 -22.855
    endloop
  endfacet
  facet normal -0.0976749 -0.468093 -0.878265
    outer loop
      vertex -4.48327 -0.325163 -22.7863
      vertex -5.23303 -0.593687 -22.5598
      vertex -5.24162 -0.520409 -22.5979
    endloop
  endfacet
  facet normal -0.0975359 -0.468472 -0.878078
    outer loop
      vertex -0.699381 -0.265307 -23.2385
      vertex -0.653599 -0.42816 -23.1567
      vertex -2.23458 -0.492237 -22.9469
    endloop
  endfacet
  facet normal -0.0975381 -0.468512 -0.878056
    outer loop
      vertex -5.27935 -0.112446 -22.8114
      vertex -5.10074 0.095507 -22.9422
      vertex -3.96974 -0.0929117 -22.9673
    endloop
  endfacet
  facet normal -0.0973087 -0.468672 -0.877997
    outer loop
      vertex -5.10074 0.095507 -22.9422
      vertex -5.27935 -0.112446 -22.8114
      vertex -5.28616 0.0946643 -22.9212
    endloop
  endfacet
  facet normal -0.0975228 -0.468521 -0.878053
    outer loop
      vertex -0.74079 -0.0784569 -23.3336
      vertex -2.23458 -0.492237 -22.9469
      vertex -2.37083 0.141644 -23.27
    endloop
  endfacet
  facet normal -0.0975723 -0.468482 -0.878069
    outer loop
      vertex -1.36991 1.93615 -24.3388
      vertex -1.21447 1.6768 -24.2177
      vertex -2.668 0.922997 -23.654
    endloop
  endfacet
  facet normal -0.097517 -0.468697 -0.87796
    outer loop
      vertex -4.53233 0.437482 -23.1878
      vertex -5.24711 0.840391 -23.3235
      vertex -3.92677 0.496186 -23.2864
    endloop
  endfacet
  facet normal -0.097659 -0.468906 -0.877832
    outer loop
      vertex -5.24711 0.840391 -23.3235
      vertex -4.53233 0.437482 -23.1878
      vertex -5.25926 0.687164 -23.2403
    endloop
  endfacet
  facet normal -0.0974341 -0.46862 -0.87801
    outer loop
      vertex -1.36991 1.93615 -24.3388
      vertex -2.668 0.922997 -23.654
      vertex -2.74362 0.996989 -23.6851
    endloop
  endfacet
  facet normal -0.0974335 -0.468421 -0.878116
    outer loop
      vertex -3.82213 0.792415 -23.4561
      vertex -3.88207 0.654725 -23.376
      vertex -5.16547 1.26136 -23.5572
    endloop
  endfacet
  facet normal -0.097543 -0.468497 -0.878064
    outer loop
      vertex -1.54651 2.14872 -24.4326
      vertex -1.36991 1.93615 -24.3388
      vertex -2.74362 0.996989 -23.6851
    endloop
  endfacet
  facet normal -0.0974877 -0.468556 -0.878038
    outer loop
      vertex -5.03992 1.62745 -23.7665
      vertex -3.74696 0.909258 -23.5268
      vertex -5.16547 1.26136 -23.5572
    endloop
  endfacet
  facet normal -0.0976366 -0.46842 -0.878094
    outer loop
      vertex -1.54651 2.14872 -24.4326
      vertex -2.74362 0.996989 -23.6851
      vertex -2.8318 1.05661 -23.7071
    endloop
  endfacet
  facet normal -0.0974392 -0.468602 -0.878019
    outer loop
      vertex -1.75047 2.32154 -24.5022
      vertex -1.54651 2.14872 -24.4326
      vertex -2.8318 1.05661 -23.7071
    endloop
  endfacet
  facet normal -0.097207 -0.468659 -0.878015
    outer loop
      vertex -2.25919 2.56869 -24.5776
      vertex -2.8318 1.05661 -23.7071
      vertex -2.93254 1.10186 -23.7201
    endloop
  endfacet
  facet normal -0.0974321 -0.468583 -0.87803
    outer loop
      vertex -2.25919 2.56869 -24.5776
      vertex -1.98804 2.46153 -24.5505
      vertex -2.8318 1.05661 -23.7071
    endloop
  endfacet
  facet normal -0.0975361 -0.468518 -0.878053
    outer loop
      vertex -2.56397 2.64305 -24.5834
      vertex -2.93254 1.10186 -23.7201
      vertex -3.04586 1.13276 -23.724
    endloop
  endfacet
  facet normal -0.0977997 -0.468498 -0.878035
    outer loop
      vertex -2.90233 2.68458 -24.568
      vertex -3.04586 1.13276 -23.724
      vertex -3.17173 1.14929 -23.7188
    endloop
  endfacet
  facet normal -0.0974419 -0.468552 -0.878046
    outer loop
      vertex -3.17173 1.14929 -23.7188
      vertex -3.31255 1.14803 -23.7025
      vertex -3.34579 2.6914 -24.5224
    endloop
  endfacet
  facet normal -0.0977811 -0.468607 -0.877978
    outer loop
      vertex -3.31255 1.14803 -23.7025
      vertex -3.44049 1.12339 -23.6751
      vertex -3.74299 2.64585 -24.454
    endloop
  endfacet
  facet normal -0.0974714 -0.468551 -0.878043
    outer loop
      vertex -3.34579 2.6914 -24.5224
      vertex -3.31255 1.14803 -23.7025
      vertex -3.74299 2.64585 -24.454
    endloop
  endfacet
  facet normal -0.0976426 -0.468592 -0.878002
    outer loop
      vertex -3.74299 2.64585 -24.454
      vertex -3.44049 1.12339 -23.6751
      vertex -4.09394 2.54791 -24.3627
    endloop
  endfacet
  facet normal -0.0975833 -0.468609 -0.877999
    outer loop
      vertex -4.39864 2.39761 -24.2487
      vertex -3.55553 1.07538 -23.6367
      vertex -4.65709 2.19493 -24.1118
    endloop
  endfacet
  facet normal -0.0973785 -0.468362 -0.878154
    outer loop
      vertex -3.55553 1.07538 -23.6367
      vertex -3.6577 1.004 -23.5873
      vertex -4.87046 1.93863 -23.9513
    endloop
  endfacet
  facet normal -0.0975691 -0.468598 -0.878007
    outer loop
      vertex -4.65709 2.19493 -24.1118
      vertex -3.55553 1.07538 -23.6367
      vertex -4.87046 1.93863 -23.9513
    endloop
  endfacet
  facet normal -0.0974375 -0.468423 -0.878115
    outer loop
      vertex -4.87046 1.93863 -23.9513
      vertex -3.6577 1.004 -23.5873
      vertex -5.03992 1.62745 -23.7665
    endloop
  endfacet
  facet normal -0.0974901 -0.468566 -0.878033
    outer loop
      vertex -3.74696 0.909258 -23.5268
      vertex -3.82213 0.792415 -23.4561
      vertex -5.16547 1.26136 -23.5572
    endloop
  endfacet
  facet normal -0.0974982 -0.468538 -0.878047
    outer loop
      vertex -5.16547 1.26136 -23.5572
      vertex -3.88207 0.654725 -23.376
      vertex -5.24711 0.840391 -23.3235
    endloop
  endfacet
  facet normal -0.0975163 -0.468694 -0.877961
    outer loop
      vertex -3.88207 0.654725 -23.376
      vertex -3.92677 0.496186 -23.2864
      vertex -5.24711 0.840391 -23.3235
    endloop
  endfacet
  facet normal -0.0975843 -0.468325 -0.878151
    outer loop
      vertex -3.92677 0.496186 -23.2864
      vertex -3.95199 0.342621 -23.2017
      vertex -4.53233 0.437482 -23.1878
    endloop
  endfacet
  facet normal -0.0975969 -0.468449 -0.878083
    outer loop
      vertex -3.95883 0.280193 -23.1676
      vertex -3.97046 0.11654 -23.079
      vertex -4.46613 0.210061 -23.0738
    endloop
  endfacet
  facet normal -0.0974566 -0.468519 -0.878062
    outer loop
      vertex -4.4154 -1.26266 -22.2936
      vertex -3.82253 -0.972739 -22.5141
      vertex -3.74982 -1.2032 -22.3992
    endloop
  endfacet
  facet normal -0.0975571 -0.468367 -0.878132
    outer loop
      vertex -3.82253 -0.972739 -22.5141
      vertex -4.4154 -1.26266 -22.2936
      vertex -4.44388 -1.14461 -22.3534
    endloop
  endfacet
  facet normal -0.0975992 -0.468346 -0.878138
    outer loop
      vertex -4.27296 -1.49599 -22.1849
      vertex -3.74982 -1.2032 -22.3992
      vertex -3.66306 -1.43784 -22.2837
    endloop
  endfacet
  facet normal -0.0975903 -0.468358 -0.878133
    outer loop
      vertex -3.74982 -1.2032 -22.3992
      vertex -4.27296 -1.49599 -22.1849
      vertex -4.6581 -1.46355 -22.1594
    endloop
  endfacet
  facet normal -0.0975637 -0.468544 -0.878036
    outer loop
      vertex -3.66306 -1.43784 -22.2837
      vertex -3.98803 -1.53302 -22.1968
      vertex -4.27296 -1.49599 -22.1849
    endloop
  endfacet
  facet normal -0.0975621 -0.468548 -0.878034
    outer loop
      vertex -3.66306 -1.43784 -22.2837
      vertex -3.56496 -1.67021 -22.1706
      vertex -3.98803 -1.53302 -22.1968
    endloop
  endfacet
  facet normal -0.0975003 -0.468608 -0.878009
    outer loop
      vertex -3.55839 -1.68481 -22.1635
      vertex -3.44738 -1.91963 -22.0505
      vertex -4.23335 -1.99705 -21.9219
    endloop
  endfacet
  facet normal -0.0975469 -0.468353 -0.87814
    outer loop
      vertex -3.31845 -2.16679 -21.933
      vertex -4.23335 -1.99705 -21.9219
      vertex -3.44738 -1.91963 -22.0505
    endloop
  endfacet
  facet normal -0.0975905 -0.468597 -0.878005
    outer loop
      vertex -4.23335 -1.99705 -21.9219
      vertex -3.31845 -2.16679 -21.933
      vertex -4.51878 -2.08188 -21.8449
    endloop
  endfacet
  facet normal -0.0974099 -0.468792 -0.877921
    outer loop
      vertex -4.4154 -1.26266 -22.2936
      vertex -3.74982 -1.2032 -22.3992
      vertex -4.6581 -1.46355 -22.1594
    endloop
  endfacet
  facet normal -0.0974218 -0.468702 -0.877968
    outer loop
      vertex -3.82253 -0.972739 -22.5141
      vertex -4.44388 -1.14461 -22.3534
      vertex -4.65346 -1.03942 -22.3863
    endloop
  endfacet
  facet normal -0.097424 -0.468689 -0.877975
    outer loop
      vertex -4.65346 -1.03942 -22.3863
      vertex -3.88098 -0.746476 -22.6284
      vertex -3.82253 -0.972739 -22.5141
    endloop
  endfacet
  facet normal -0.0977395 -0.468091 -0.878258
    outer loop
      vertex -3.88098 -0.746476 -22.6284
      vertex -4.65346 -1.03942 -22.3863
      vertex -4.71405 -0.965415 -22.419
    endloop
  endfacet
  facet normal -0.0975593 -0.46852 -0.87805
    outer loop
      vertex -3.88098 -0.746476 -22.6284
      vertex -4.81913 -0.743783 -22.5256
      vertex -3.925 -0.524413 -22.742
    endloop
  endfacet
  facet normal -0.0975525 -0.468643 -0.877985
    outer loop
      vertex -4.81913 -0.743783 -22.5256
      vertex -3.88098 -0.746476 -22.6284
      vertex -4.83049 -0.811111 -22.4884
    endloop
  endfacet
  facet normal -0.0975948 -0.469118 -0.877726
    outer loop
      vertex -5.23303 -0.593687 -22.5598
      vertex -4.81913 -0.743783 -22.5256
      vertex -5.22289 -0.65754 -22.5268
    endloop
  endfacet
  facet normal -0.0974605 -0.468791 -0.877916
    outer loop
      vertex -4.81913 -0.743783 -22.5256
      vertex -5.23303 -0.593687 -22.5598
      vertex -3.925 -0.524413 -22.742
    endloop
  endfacet
  facet normal -0.0974776 -0.468655 -0.877987
    outer loop
      vertex -3.95459 -0.306562 -22.855
      vertex -3.925 -0.524413 -22.742
      vertex -5.23303 -0.593687 -22.5598
    endloop
  endfacet
  facet normal -0.0974772 -0.468417 -0.878114
    outer loop
      vertex -5.27935 -0.112446 -22.8114
      vertex -4.48327 -0.325163 -22.7863
      vertex -5.26824 -0.26023 -22.7338
    endloop
  endfacet
  facet normal -0.0975856 -0.468797 -0.877899
    outer loop
      vertex -4.48327 -0.325163 -22.7863
      vertex -5.27935 -0.112446 -22.8114
      vertex -3.95459 -0.306562 -22.855
    endloop
  endfacet
  facet normal -0.0975422 -0.46846 -0.878084
    outer loop
      vertex -3.96974 -0.0929117 -22.9673
      vertex -3.95459 -0.306562 -22.855
      vertex -5.27935 -0.112446 -22.8114
    endloop
  endfacet
  facet normal -0.0975487 -0.46858 -0.878019
    outer loop
      vertex -5.10074 0.095507 -22.9422
      vertex -3.97046 0.11654 -23.079
      vertex -3.96974 -0.0929117 -22.9673
    endloop
  endfacet
  facet normal -0.097413 -0.47023 -0.877151
    outer loop
      vertex -3.97046 0.11654 -23.079
      vertex -5.10074 0.095507 -22.9422
      vertex -5.10814 0.125207 -22.9573
    endloop
  endfacet
  facet normal -0.0975206 -0.468032 -0.878314
    outer loop
      vertex -4.46613 0.210061 -23.0738
      vertex -3.97046 0.11654 -23.079
      vertex -5.10814 0.125207 -22.9573
    endloop
  endfacet
  facet normal -0.0976962 -0.468866 -0.87785
    outer loop
      vertex 1.63592 -8.69652 -18.9988
      vertex 1.23051 -8.66784 -18.969
      vertex 0.731049 -8.26851 -19.1267
    endloop
  endfacet
  facet normal -0.0975578 -0.468618 -0.877998
    outer loop
      vertex 0.926333 -8.2123 -19.1784
      vertex 1.63592 -8.69652 -18.9988
      vertex 0.731049 -8.26851 -19.1267
    endloop
  endfacet
  facet normal -0.0974654 -0.468508 -0.878067
    outer loop
      vertex 0.988438 -7.86088 -19.3728
      vertex 1.63592 -8.69652 -18.9988
      vertex 0.926333 -8.2123 -19.1784
    endloop
  endfacet
  facet normal -0.0975268 -0.468544 -0.878041
    outer loop
      vertex 0.988438 -7.86088 -19.3728
      vertex 1.77214 -4.35326 -21.3316
      vertex 1.63592 -8.69652 -18.9988
    endloop
  endfacet
  facet normal -0.0975499 -0.468539 -0.878041
    outer loop
      vertex 1.77214 -4.35326 -21.3316
      vertex 0.988438 -7.86088 -19.3728
      vertex 0.449046 -6.74524 -19.9082
    endloop
  endfacet
  facet normal -0.981094 0.193448 0.00573093
    outer loop
      vertex -5.24711 0.840391 -23.3235
      vertex -5.10696 1.54249 -23.0303
      vertex -5.16547 1.26136 -23.5572
    endloop
  endfacet
  facet normal -0.981094 0.193448 0.0057314
    outer loop
      vertex -5.10696 1.54249 -23.0303
      vertex -5.24711 0.840391 -23.3235
      vertex -5.1886 1.12152 -22.7966
    endloop
  endfacet
  facet normal -0.95345 0.296937 -0.0525557
    outer loop
      vertex -5.10696 1.54249 -23.0303
      vertex -4.98141 1.90858 -23.2396
      vertex -5.16547 1.26136 -23.5572
    endloop
  endfacet
  facet normal -0.95345 0.296937 -0.0525557
    outer loop
      vertex -4.98141 1.90858 -23.2396
      vertex -5.03992 1.62745 -23.7665
      vertex -5.16547 1.26136 -23.5572
    endloop
  endfacet
  facet normal -0.900383 0.417422 -0.122757
    outer loop
      vertex -5.03992 1.62745 -23.7665
      vertex -4.81195 2.21976 -23.4245
      vertex -4.87046 1.93863 -23.9513
    endloop
  endfacet
  facet normal -0.900394 0.417408 -0.122725
    outer loop
      vertex -4.81195 2.21976 -23.4245
      vertex -5.03992 1.62745 -23.7665
      vertex -4.98141 1.90858 -23.2396
    endloop
  endfacet
  facet normal -0.811242 0.548487 -0.202601
    outer loop
      vertex -4.81195 2.21976 -23.4245
      vertex -4.59858 2.47606 -23.585
      vertex -4.87046 1.93863 -23.9513
    endloop
  endfacet
  facet normal -0.811242 0.548487 -0.202601
    outer loop
      vertex -4.59858 2.47606 -23.585
      vertex -4.65709 2.19493 -24.1118
      vertex -4.87046 1.93863 -23.9513
    endloop
  endfacet
  facet normal -0.680333 0.675298 -0.284815
    outer loop
      vertex -4.59858 2.47606 -23.585
      vertex -4.34013 2.67874 -23.7218
      vertex -4.65709 2.19493 -24.1118
    endloop
  endfacet
  facet normal -0.680387 0.675275 -0.284742
    outer loop
      vertex -4.34013 2.67874 -23.7218
      vertex -4.39864 2.39761 -24.2487
      vertex -4.65709 2.19493 -24.1118
    endloop
  endfacet
  facet normal -0.517379 0.777545 -0.35741
    outer loop
      vertex -4.34013 2.67874 -23.7218
      vertex -4.03543 2.82904 -23.8359
      vertex -4.39864 2.39761 -24.2487
    endloop
  endfacet
  facet normal -0.517301 0.777559 -0.357494
    outer loop
      vertex -4.03543 2.82904 -23.8359
      vertex -4.09394 2.54791 -24.3627
      vertex -4.39864 2.39761 -24.2487
    endloop
  endfacet
  facet normal -0.342724 0.844084 -0.412385
    outer loop
      vertex -4.03543 2.82904 -23.8359
      vertex -3.68448 2.92698 -23.9271
      vertex -4.09394 2.54791 -24.3627
    endloop
  endfacet
  facet normal -0.34282 0.844088 -0.412298
    outer loop
      vertex -3.68448 2.92698 -23.9271
      vertex -3.74299 2.64585 -24.454
      vertex -4.09394 2.54791 -24.3627
    endloop
  endfacet
  facet normal -0.177715 0.876288 -0.447813
    outer loop
      vertex -3.68448 2.92698 -23.9271
      vertex -3.28727 2.97253 -23.9956
      vertex -3.74299 2.64585 -24.454
    endloop
  endfacet
  facet normal -0.177618 0.876266 -0.447894
    outer loop
      vertex -3.28727 2.97253 -23.9956
      vertex -3.34579 2.6914 -24.5224
      vertex -3.74299 2.64585 -24.454
    endloop
  endfacet
  facet normal -0.0344931 0.883296 -0.467545
    outer loop
      vertex -3.28727 2.97253 -23.9956
      vertex -2.84382 2.96571 -24.0412
      vertex -3.34579 2.6914 -24.5224
    endloop
  endfacet
  facet normal -0.0344924 0.883296 -0.467545
    outer loop
      vertex -2.84382 2.96571 -24.0412
      vertex -2.90233 2.68458 -24.568
      vertex -3.34579 2.6914 -24.5224
    endloop
  endfacet
  facet normal 0.0857366 0.875 -0.476471
    outer loop
      vertex -2.84382 2.96571 -24.0412
      vertex -2.50546 2.92417 -24.0566
      vertex -2.90233 2.68458 -24.568
    endloop
  endfacet
  facet normal 0.0857126 0.87501 -0.476457
    outer loop
      vertex -2.50546 2.92417 -24.0566
      vertex -2.56397 2.64305 -24.5834
      vertex -2.90233 2.68458 -24.568
    endloop
  endfacet
  facet normal 0.216717 0.851073 -0.478234
    outer loop
      vertex -2.50546 2.92417 -24.0566
      vertex -2.20068 2.84982 -24.0508
      vertex -2.56397 2.64305 -24.5834
    endloop
  endfacet
  facet normal 0.216742 0.85106 -0.478246
    outer loop
      vertex -2.20068 2.84982 -24.0508
      vertex -2.25919 2.56869 -24.5776
      vertex -2.56397 2.64305 -24.5834
    endloop
  endfacet
  facet normal 0.364683 0.804047 -0.469589
    outer loop
      vertex -2.20068 2.84982 -24.0508
      vertex -1.92952 2.74266 -24.0237
      vertex -2.25919 2.56869 -24.5776
    endloop
  endfacet
  facet normal 0.364694 0.80404 -0.469593
    outer loop
      vertex -1.92952 2.74266 -24.0237
      vertex -1.98804 2.46153 -24.5505
      vertex -2.25919 2.56869 -24.5776
    endloop
  endfacet
  facet normal 0.519911 0.728292 -0.446412
    outer loop
      vertex -1.92952 2.74266 -24.0237
      vertex -1.69195 2.60267 -23.9754
      vertex -1.98804 2.46153 -24.5505
    endloop
  endfacet
  facet normal 0.519911 0.728292 -0.446412
    outer loop
      vertex -1.69195 2.60267 -23.9754
      vertex -1.75047 2.32154 -24.5022
      vertex -1.98804 2.46153 -24.5505
    endloop
  endfacet
  facet normal 0.667374 0.623688 -0.406971
    outer loop
      vertex -1.69195 2.60267 -23.9754
      vertex -1.488 2.42985 -23.9058
      vertex -1.75047 2.32154 -24.5022
    endloop
  endfacet
  facet normal 0.667357 0.623708 -0.406967
    outer loop
      vertex -1.488 2.42985 -23.9058
      vertex -1.54651 2.14872 -24.4326
      vertex -1.75047 2.32154 -24.5022
    endloop
  endfacet
  facet normal 0.790133 0.499971 -0.35457
    outer loop
      vertex -1.3114 2.21728 -23.812
      vertex -1.54651 2.14872 -24.4326
      vertex -1.488 2.42985 -23.9058
    endloop
  endfacet
  facet normal 0.790133 0.499971 -0.35457
    outer loop
      vertex -1.54651 2.14872 -24.4326
      vertex -1.3114 2.21728 -23.812
      vertex -1.36991 1.93615 -24.3388
    endloop
  endfacet
  facet normal 0.873333 0.382785 -0.301274
    outer loop
      vertex -1.3114 2.21728 -23.812
      vertex -1.15595 1.95793 -23.6909
      vertex -1.36991 1.93615 -24.3388
    endloop
  endfacet
  facet normal 0.873344 0.382757 -0.301277
    outer loop
      vertex -1.15595 1.95793 -23.6909
      vertex -1.21447 1.6768 -24.2177
      vertex -1.36991 1.93615 -24.3388
    endloop
  endfacet
  facet normal 0.925062 0.282719 -0.253636
    outer loop
      vertex -1.15595 1.95793 -23.6909
      vertex -1.02168 1.65182 -23.5424
      vertex -1.21447 1.6768 -24.2177
    endloop
  endfacet
  facet normal 0.925054 0.282747 -0.253633
    outer loop
      vertex -1.02168 1.65182 -23.5424
      vertex -1.08019 1.37069 -24.0692
      vertex -1.21447 1.6768 -24.2177
    endloop
  endfacet
  facet normal 0.956229 0.200454 -0.213179
    outer loop
      vertex -1.02168 1.65182 -23.5424
      vertex -0.908538 1.29895 -23.3667
      vertex -1.08019 1.37069 -24.0692
    endloop
  endfacet
  facet normal 0.956231 0.200443 -0.21318
    outer loop
      vertex -0.908538 1.29895 -23.3667
      vertex -0.967052 1.01782 -23.8935
      vertex -1.08019 1.37069 -24.0692
    endloop
  endfacet
  facet normal 0.974732 0.133175 -0.179338
    outer loop
      vertex -0.908538 1.29895 -23.3667
      vertex -0.816568 0.899306 -23.1636
      vertex -0.967052 1.01782 -23.8935
    endloop
  endfacet
  facet normal 0.974727 0.133226 -0.179328
    outer loop
      vertex -0.816568 0.899306 -23.1636
      vertex -0.875081 0.618177 -23.6905
      vertex -0.967052 1.01782 -23.8935
    endloop
  endfacet
  facet normal 0.980763 0.104673 -0.164764
    outer loop
      vertex -0.816568 0.899306 -23.1636
      vertex -0.682278 0.20267 -22.8068
      vertex -0.875081 0.618177 -23.6905
    endloop
  endfacet
  facet normal 0.980764 0.104644 -0.164777
    outer loop
      vertex -0.682278 0.20267 -22.8068
      vertex -0.74079 -0.0784569 -23.3336
      vertex -0.875081 0.618177 -23.6905
    endloop
  endfacet
  facet normal 0.976187 0.126736 -0.176059
    outer loop
      vertex -0.640868 0.0158195 -22.7117
      vertex -0.74079 -0.0784569 -23.3336
      vertex -0.682278 0.20267 -22.8068
    endloop
  endfacet
  facet normal 0.976188 0.126732 -0.176058
    outer loop
      vertex -0.74079 -0.0784569 -23.3336
      vertex -0.640868 0.0158195 -22.7117
      vertex -0.699381 -0.265307 -23.2385
    endloop
  endfacet
  facet normal 0.964945 0.171478 -0.198688
    outer loop
      vertex -0.640868 0.0158195 -22.7117
      vertex -0.595085 -0.147032 -22.6299
      vertex -0.699381 -0.265307 -23.2385
    endloop
  endfacet
  facet normal 0.964946 0.171471 -0.198687
    outer loop
      vertex -0.595085 -0.147032 -22.6299
      vertex -0.653599 -0.42816 -23.1567
      vertex -0.699381 -0.265307 -23.2385
    endloop
  endfacet
  facet normal 0.946421 0.229238 -0.227456
    outer loop
      vertex -0.595085 -0.147032 -22.6299
      vertex -0.54496 -0.285909 -22.5613
      vertex -0.653599 -0.42816 -23.1567
    endloop
  endfacet
  facet normal 0.946383 0.229373 -0.227482
    outer loop
      vertex -0.54496 -0.285909 -22.5613
      vertex -0.603474 -0.567038 -23.0882
      vertex -0.653599 -0.42816 -23.1567
    endloop
  endfacet
  facet normal 0.914349 0.30623 -0.264932
    outer loop
      vertex -0.54496 -0.285909 -22.5613
      vertex -0.490492 -0.400785 -22.5061
      vertex -0.603474 -0.567038 -23.0882
    endloop
  endfacet
  facet normal 0.914417 0.306058 -0.264896
    outer loop
      vertex -0.490492 -0.400785 -22.5061
      vertex -0.549005 -0.681914 -23.0329
      vertex -0.603474 -0.567038 -23.0882
    endloop
  endfacet
  facet normal 0.856625 0.409595 -0.313729
    outer loop
      vertex -0.490492 -0.400785 -22.5061
      vertex -0.43165 -0.491677 -22.4641
      vertex -0.549005 -0.681914 -23.0329
    endloop
  endfacet
  facet normal 0.856491 0.409834 -0.313782
    outer loop
      vertex -0.43165 -0.491677 -22.4641
      vertex -0.490163 -0.772805 -22.991
      vertex -0.549005 -0.681914 -23.0329
    endloop
  endfacet
  facet normal 0.756587 0.538298 -0.37123
    outer loop
      vertex -0.43165 -0.491677 -22.4641
      vertex -0.365409 -0.56347 -22.4332
      vertex -0.490163 -0.772805 -22.991
    endloop
  endfacet
  facet normal 0.756823 0.538006 -0.371173
    outer loop
      vertex -0.365409 -0.56347 -22.4332
      vertex -0.423923 -0.844599 -22.96
      vertex -0.490163 -0.772805 -22.991
    endloop
  endfacet
  facet normal 0.619199 0.662122 -0.422121
    outer loop
      vertex -0.365409 -0.56347 -22.4332
      vertex -0.288667 -0.621084 -22.411
      vertex -0.423923 -0.844599 -22.96
    endloop
  endfacet
  facet normal 0.61919 0.66213 -0.422122
    outer loop
      vertex -0.288667 -0.621084 -22.411
      vertex -0.347179 -0.902213 -22.9378
      vertex -0.423923 -0.844599 -22.96
    endloop
  endfacet
  facet normal 0.452071 0.765111 -0.458516
    outer loop
      vertex -0.288667 -0.621084 -22.411
      vertex -0.201439 -0.664533 -22.3975
      vertex -0.347179 -0.902213 -22.9378
    endloop
  endfacet
  facet normal 0.452068 0.765112 -0.458516
    outer loop
      vertex -0.201439 -0.664533 -22.3975
      vertex -0.259952 -0.945661 -22.9243
      vertex -0.347179 -0.902213 -22.9378
    endloop
  endfacet
  facet normal 0.273817 0.835556 -0.47631
    outer loop
      vertex -0.201439 -0.664533 -22.3975
      vertex -0.103741 -0.693813 -22.3927
      vertex -0.259952 -0.945661 -22.9243
    endloop
  endfacet
  facet normal 0.273817 0.835556 -0.47631
    outer loop
      vertex -0.103741 -0.693813 -22.3927
      vertex -0.162254 -0.974941 -22.9195
      vertex -0.259952 -0.945661 -22.9243
    endloop
  endfacet
  facet normal 0.104692 0.872511 -0.477246
    outer loop
      vertex -0.103741 -0.693813 -22.3927
      vertex 0.00444221 -0.708927 -22.3966
      vertex -0.162254 -0.974941 -22.9195
    endloop
  endfacet
  facet normal 0.104267 0.872609 -0.47716
    outer loop
      vertex 0.00444221 -0.708927 -22.3966
      vertex -0.0540705 -0.990055 -22.9235
      vertex -0.162254 -0.974941 -22.9195
    endloop
  endfacet
  facet normal -0.0588775 0.883443 -0.464824
    outer loop
      vertex 0.00444221 -0.708927 -22.3966
      vertex 0.148105 -0.708034 -22.4131
      vertex -0.0540705 -0.990055 -22.9235
    endloop
  endfacet
  facet normal -0.0585721 0.88341 -0.464926
    outer loop
      vertex 0.148105 -0.708034 -22.4131
      vertex 0.089591 -0.989161 -22.9399
      vertex -0.0540705 -0.990055 -22.9235
    endloop
  endfacet
  facet normal -0.253598 0.864815 -0.43334
    outer loop
      vertex 0.148105 -0.708034 -22.4131
      vertex 0.276581 -0.683939 -22.4402
      vertex 0.089591 -0.989161 -22.9399
    endloop
  endfacet
  facet normal -0.253586 0.864816 -0.433346
    outer loop
      vertex 0.276581 -0.683939 -22.4402
      vertex 0.218067 -0.965068 -22.967
      vertex 0.089591 -0.989161 -22.9399
    endloop
  endfacet
  facet normal -0.461143 0.80309 -0.377351
    outer loop
      vertex 0.276581 -0.683939 -22.4402
      vertex 0.389855 -0.636657 -22.478
      vertex 0.218067 -0.965068 -22.967
    endloop
  endfacet
  facet normal -0.461146 0.803089 -0.37735
    outer loop
      vertex 0.389855 -0.636657 -22.478
      vertex 0.331342 -0.917785 -23.0048
      vertex 0.218067 -0.965068 -22.967
    endloop
  endfacet
  facet normal -0.650011 0.698063 -0.300324
    outer loop
      vertex 0.389855 -0.636657 -22.478
      vertex 0.487944 -0.566186 -22.5265
      vertex 0.331342 -0.917785 -23.0048
    endloop
  endfacet
  facet normal -0.65001 0.698063 -0.300325
    outer loop
      vertex 0.487944 -0.566186 -22.5265
      vertex 0.42943 -0.847315 -23.0533
      vertex 0.331342 -0.917785 -23.0048
    endloop
  endfacet
  facet normal -0.794721 0.567734 -0.214701
    outer loop
      vertex 0.487944 -0.566186 -22.5265
      vertex 0.570845 -0.472528 -22.5857
      vertex 0.42943 -0.847315 -23.0533
    endloop
  endfacet
  facet normal -0.79472 0.567735 -0.214702
    outer loop
      vertex 0.570845 -0.472528 -22.5857
      vertex 0.512332 -0.753656 -23.1125
      vertex 0.42943 -0.847315 -23.0533
    endloop
  endfacet
  facet normal -0.889491 0.436775 -0.134288
    outer loop
      vertex 0.570845 -0.472528 -22.5857
      vertex 0.639352 -0.354689 -22.6562
      vertex 0.512332 -0.753656 -23.1125
    endloop
  endfacet
  facet normal -0.88949 0.436777 -0.13429
    outer loop
      vertex 0.639352 -0.354689 -22.6562
      vertex 0.580839 -0.635818 -23.183
      vertex 0.512332 -0.753656 -23.1125
    endloop
  endfacet
  facet normal -0.943796 0.323498 -0.067806
    outer loop
      vertex 0.639352 -0.354689 -22.6562
      vertex 0.694253 -0.211767 -22.7385
      vertex 0.580839 -0.635818 -23.183
    endloop
  endfacet
  facet normal -0.943808 0.32347 -0.0677763
    outer loop
      vertex 0.694253 -0.211767 -22.7385
      vertex 0.63574 -0.492895 -23.2654
      vertex 0.580839 -0.635818 -23.183
    endloop
  endfacet
  facet normal -0.972911 0.23069 -0.0150417
    outer loop
      vertex 0.694253 -0.211767 -22.7385
      vertex 0.73555 -0.0437498 -22.8328
      vertex 0.63574 -0.492895 -23.2654
    endloop
  endfacet
  facet normal -0.972911 0.230692 -0.0150439
    outer loop
      vertex 0.73555 -0.0437498 -22.8328
      vertex 0.677036 -0.324878 -23.3596
      vertex 0.63574 -0.492895 -23.2654
    endloop
  endfacet
  facet normal -0.987409 0.155963 0.0264457
    outer loop
      vertex 0.73555 -0.0437498 -22.8328
      vertex 0.763209 0.149351 -22.9389
      vertex 0.677036 -0.324878 -23.3596
    endloop
  endfacet
  facet normal -0.987408 0.155969 0.0264392
    outer loop
      vertex 0.763209 0.149351 -22.9389
      vertex 0.704697 -0.131776 -23.4657
      vertex 0.677036 -0.324878 -23.3596
    endloop
  endfacet
  facet normal -0.993628 0.0959326 0.0591684
    outer loop
      vertex 0.763209 0.149351 -22.9389
      vertex 0.777249 0.36755 -23.0569
      vertex 0.704697 -0.131776 -23.4657
    endloop
  endfacet
  facet normal -0.993628 0.0959329 0.059168
    outer loop
      vertex 0.777249 0.36755 -23.0569
      vertex 0.718737 0.086422 -23.5837
      vertex 0.704697 -0.131776 -23.4657
    endloop
  endfacet
  facet normal -0.995233 0.046915 0.0855048
    outer loop
      vertex 0.777249 0.36755 -23.0569
      vertex 0.777474 0.544007 -23.1511
      vertex 0.718737 0.086422 -23.5837
    endloop
  endfacet
  facet normal -0.995232 0.0469114 0.0855086
    outer loop
      vertex 0.777474 0.544007 -23.1511
      vertex 0.718961 0.262879 -23.6779
      vertex 0.718737 0.086422 -23.5837
    endloop
  endfacet
  facet normal -0.993979 0.00155031 0.109558
    outer loop
      vertex 0.708695 0.444429 -23.7737
      vertex 0.777474 0.544007 -23.1511
      vertex 0.767209 0.725557 -23.2468
    endloop
  endfacet
  facet normal -0.99398 0.00160091 0.10955
    outer loop
      vertex 0.777474 0.544007 -23.1511
      vertex 0.708695 0.444429 -23.7737
      vertex 0.718961 0.262879 -23.6779
    endloop
  endfacet
  facet normal -0.990393 -0.0412419 0.131991
    outer loop
      vertex 0.767209 0.725557 -23.2468
      vertex 0.746469 0.912212 -23.3441
      vertex 0.708695 0.444429 -23.7737
    endloop
  endfacet
  facet normal -0.990393 -0.0412387 0.131988
    outer loop
      vertex 0.708695 0.444429 -23.7737
      vertex 0.746469 0.912212 -23.3441
      vertex 0.687956 0.631083 -23.871
    endloop
  endfacet
  facet normal -0.984884 -0.0814882 0.152851
    outer loop
      vertex 0.746469 0.912212 -23.3441
      vertex 0.715255 1.10396 -23.443
      vertex 0.687956 0.631083 -23.871
    endloop
  endfacet
  facet normal -0.98487 -0.0815417 0.152909
    outer loop
      vertex 0.687956 0.631083 -23.871
      vertex 0.715255 1.10396 -23.443
      vertex 0.656741 0.822829 -23.9698
    endloop
  endfacet
  facet normal -0.977809 -0.119247 0.172247
    outer loop
      vertex 0.715255 1.10396 -23.443
      vertex 0.673565 1.30079 -23.5434
      vertex 0.656741 0.822829 -23.9698
    endloop
  endfacet
  facet normal -0.977812 -0.11924 0.172239
    outer loop
      vertex 0.656741 0.822829 -23.9698
      vertex 0.673565 1.30079 -23.5434
      vertex 0.615052 1.01967 -24.0702
    endloop
  endfacet
  facet normal -0.969374 -0.155083 0.190429
    outer loop
      vertex 0.673565 1.30079 -23.5434
      vertex 0.621547 1.50155 -23.6447
      vertex 0.615052 1.01967 -24.0702
    endloop
  endfacet
  facet normal -0.969394 -0.155031 0.19037
    outer loop
      vertex 0.615052 1.01967 -24.0702
      vertex 0.621547 1.50155 -23.6447
      vertex 0.563034 1.22042 -24.1716
    endloop
  endfacet
  facet normal -0.959671 -0.189483 0.207672
    outer loop
      vertex 0.563034 1.22042 -24.1716
      vertex 0.621547 1.50155 -23.6447
      vertex 0.559361 1.70504 -23.7464
    endloop
  endfacet
  facet normal -0.959643 -0.189545 0.207744
    outer loop
      vertex 0.563034 1.22042 -24.1716
      vertex 0.559361 1.70504 -23.7464
      vertex 0.500847 1.42391 -24.2732
    endloop
  endfacet
  facet normal -0.948931 -0.222185 0.223972
    outer loop
      vertex 0.500847 1.42391 -24.2732
      vertex 0.559361 1.70504 -23.7464
      vertex 0.487004 1.91125 -23.8484
    endloop
  endfacet
  facet normal -0.948965 -0.222117 0.223894
    outer loop
      vertex 0.500847 1.42391 -24.2732
      vertex 0.487004 1.91125 -23.8484
      vertex 0.428492 1.63012 -24.3753
    endloop
  endfacet
  facet normal -0.937438 -0.253049 0.239117
    outer loop
      vertex 0.428492 1.63012 -24.3753
      vertex 0.487004 1.91125 -23.8484
      vertex 0.404481 2.1202 -23.9508
    endloop
  endfacet
  facet normal -0.937398 -0.253117 0.239198
    outer loop
      vertex 0.428492 1.63012 -24.3753
      vertex 0.404481 2.1202 -23.9508
      vertex 0.345967 1.83907 -24.4776
    endloop
  endfacet
  facet normal -0.925216 -0.282377 0.253453
    outer loop
      vertex 0.25326 2.05075 -24.5802
      vertex 0.404481 2.1202 -23.9508
      vertex 0.311773 2.33187 -24.0534
    endloop
  endfacet
  facet normal -0.925221 -0.282361 0.253452
    outer loop
      vertex 0.404481 2.1202 -23.9508
      vertex 0.25326 2.05075 -24.5802
      vertex 0.345967 1.83907 -24.4776
    endloop
  endfacet
  facet normal 0.0276229 0.880627 -0.473004
    outer loop
      vertex 0.311773 2.33187 -24.0534
      vertex 1.80701 2.2261 -24.163
      vertex 0.25326 2.05075 -24.5802
    endloop
  endfacet
  facet normal 0.0276036 0.880659 -0.472945
    outer loop
      vertex 1.80701 2.2261 -24.163
      vertex 1.7485 1.94497 -24.6899
      vertex 0.25326 2.05075 -24.5802
    endloop
  endfacet
  facet normal 0.970837 0.149383 -0.187511
    outer loop
      vertex 1.80701 2.2261 -24.163
      vertex 1.86627 1.99047 -24.0439
      vertex 1.7485 1.94497 -24.6899
    endloop
  endfacet
  facet normal 0.970849 0.149308 -0.187508
    outer loop
      vertex 1.86627 1.99047 -24.0439
      vertex 1.80776 1.70934 -24.5707
      vertex 1.7485 1.94497 -24.6899
    endloop
  endfacet
  facet normal 0.975538 0.129643 -0.177535
    outer loop
      vertex 1.86627 1.99047 -24.0439
      vertex 1.91861 1.75835 -23.9258
      vertex 1.80776 1.70934 -24.5707
    endloop
  endfacet
  facet normal 0.975528 0.129716 -0.177539
    outer loop
      vertex 1.91861 1.75835 -23.9258
      vertex 1.8601 1.47722 -24.4527
      vertex 1.80776 1.70934 -24.5707
    endloop
  endfacet
  facet normal 0.979858 0.109302 -0.167128
    outer loop
      vertex 1.91861 1.75835 -23.9258
      vertex 1.96405 1.52974 -23.8089
      vertex 1.8601 1.47722 -24.4527
    endloop
  endfacet
  facet normal 0.979866 0.109233 -0.167123
    outer loop
      vertex 1.96405 1.52974 -23.8089
      vertex 1.90554 1.24861 -24.3357
      vertex 1.8601 1.47722 -24.4527
    endloop
  endfacet
  facet normal 0.983785 0.0880496 -0.156254
    outer loop
      vertex 1.96405 1.52974 -23.8089
      vertex 2.00259 1.30463 -23.6931
      vertex 1.90554 1.24861 -24.3357
    endloop
  endfacet
  facet normal 0.983789 0.0880081 -0.156251
    outer loop
      vertex 2.00259 1.30463 -23.6931
      vertex 1.94407 1.0235 -24.2199
      vertex 1.90554 1.24861 -24.3357
    endloop
  endfacet
  facet normal 0.987266 0.0658495 -0.144812
    outer loop
      vertex 2.03421 1.08302 -23.5783
      vertex 1.94407 1.0235 -24.2199
      vertex 2.00259 1.30463 -23.6931
    endloop
  endfacet
  facet normal 0.987265 0.0658509 -0.144812
    outer loop
      vertex 1.94407 1.0235 -24.2199
      vertex 2.03421 1.08302 -23.5783
      vertex 1.97569 0.801895 -24.1051
    endloop
  endfacet
  facet normal 0.990212 0.0428099 -0.132844
    outer loop
      vertex 2.03421 1.08302 -23.5783
      vertex 2.05892 0.864601 -23.4645
      vertex 1.97569 0.801895 -24.1051
    endloop
  endfacet
  facet normal 0.99021 0.0428522 -0.132848
    outer loop
      vertex 2.05892 0.864601 -23.4645
      vertex 2.00041 0.583472 -23.9913
      vertex 1.97569 0.801895 -24.1051
    endloop
  endfacet
  facet normal 0.992565 0.0187703 -0.120258
    outer loop
      vertex 2.0767 0.649014 -23.3514
      vertex 2.00041 0.583472 -23.9913
      vertex 2.05892 0.864601 -23.4645
    endloop
  endfacet
  facet normal 0.992564 0.0188232 -0.120263
    outer loop
      vertex 2.00041 0.583472 -23.9913
      vertex 2.0767 0.649014 -23.3514
      vertex 2.01819 0.367885 -23.8783
    endloop
  endfacet
  facet normal 0.994213 -0.00587221 -0.10727
    outer loop
      vertex 2.0767 0.649014 -23.3514
      vertex 2.08756 0.436272 -23.2391
      vertex 2.01819 0.367885 -23.8783
    endloop
  endfacet
  facet normal 0.994213 -0.0059642 -0.10726
    outer loop
      vertex 2.08756 0.436272 -23.2391
      vertex 2.02904 0.155144 -23.7659
      vertex 2.01819 0.367885 -23.8783
    endloop
  endfacet
  facet normal 0.995094 -0.0312295 -0.0938751
    outer loop
      vertex 2.08756 0.436272 -23.2391
      vertex 2.0915 0.226349 -23.1275
      vertex 2.02904 0.155144 -23.7659
    endloop
  endfacet
  facet normal 0.995096 -0.0311427 -0.093885
    outer loop
      vertex 2.0915 0.226349 -23.1275
      vertex 2.03299 -0.0547781 -23.6544
      vertex 2.02904 0.155144 -23.7659
    endloop
  endfacet
  facet normal 0.995153 -0.0572104 -0.0799829
    outer loop
      vertex 2.0915 0.226349 -23.1275
      vertex 2.0885 0.0192614 -23.0167
      vertex 2.03299 -0.0547781 -23.6544
    endloop
  endfacet
  facet normal 0.995151 -0.0572463 -0.0799786
    outer loop
      vertex 2.03299 -0.0547781 -23.6544
      vertex 2.0885 0.0192614 -23.0167
      vertex 2.02999 -0.261867 -23.5435
    endloop
  endfacet
  facet normal 0.992483 -0.111325 -0.0508323
    outer loop
      vertex 1.99381 -0.690674 -23.3107
      vertex 2.0885 0.0192614 -23.0167
      vertex 2.05233 -0.409546 -22.7838
    endloop
  endfacet
  facet normal 0.992483 -0.11133 -0.0508204
    outer loop
      vertex 2.0885 0.0192614 -23.0167
      vertex 1.99381 -0.690674 -23.3107
      vertex 2.02999 -0.261867 -23.5435
    endloop
  endfacet
  facet normal 0.978859 -0.204538 0.000432079
    outer loop
      vertex 1.9136 -1.07413 -23.0971
      vertex 2.05233 -0.409546 -22.7838
      vertex 1.97211 -0.793005 -22.5703
    endloop
  endfacet
  facet normal 0.978861 -0.204527 0.000408706
    outer loop
      vertex 2.05233 -0.409546 -22.7838
      vertex 1.9136 -1.07413 -23.0971
      vertex 1.99381 -0.690674 -23.3107
    endloop
  endfacet
  facet normal 0.947793 -0.312862 0.0616892
    outer loop
      vertex 1.9136 -1.07413 -23.0971
      vertex 1.97211 -0.793005 -22.5703
      vertex 1.84786 -1.13112 -22.3761
    endloop
  endfacet
  facet normal 0.947783 -0.312893 0.0616859
    outer loop
      vertex 1.9136 -1.07413 -23.0971
      vertex 1.84786 -1.13112 -22.3761
      vertex 1.78934 -1.41224 -22.9029
    endloop
  endfacet
  facet normal 0.891414 -0.433453 0.132283
    outer loop
      vertex 1.78934 -1.41224 -22.9029
      vertex 1.84786 -1.13112 -22.3761
      vertex 1.67955 -1.42388 -22.2012
    endloop
  endfacet
  facet normal 0.891432 -0.433416 0.132286
    outer loop
      vertex 1.78934 -1.41224 -22.9029
      vertex 1.67955 -1.42388 -22.2012
      vertex 1.62104 -1.70501 -22.728
    endloop
  endfacet
  facet normal 0.803149 -0.558063 0.20861
    outer loop
      vertex 1.40872 -1.95241 -22.5724
      vertex 1.67955 -1.42388 -22.2012
      vertex 1.46723 -1.67128 -22.0456
    endloop
  endfacet
  facet normal 0.803149 -0.558063 0.20861
    outer loop
      vertex 1.67955 -1.42388 -22.2012
      vertex 1.40872 -1.95241 -22.5724
      vertex 1.62104 -1.70501 -22.728
    endloop
  endfacet
  facet normal 0.681793 -0.674151 0.28404
    outer loop
      vertex 1.40872 -1.95241 -22.5724
      vertex 1.46723 -1.67128 -22.0456
      vertex 1.21415 -1.87056 -21.9111
    endloop
  endfacet
  facet normal 0.681778 -0.674167 0.284038
    outer loop
      vertex 1.40872 -1.95241 -22.5724
      vertex 1.21415 -1.87056 -21.9111
      vertex 1.15563 -2.15169 -22.4379
    endloop
  endfacet
  facet normal 0.529398 -0.771491 0.352902
    outer loop
      vertex 1.15563 -2.15169 -22.4379
      vertex 1.21415 -1.87056 -21.9111
      vertex 0.923656 -2.01894 -21.7997
    endloop
  endfacet
  facet normal 0.529407 -0.771484 0.352904
    outer loop
      vertex 1.15563 -2.15169 -22.4379
      vertex 0.923656 -2.01894 -21.7997
      vertex 0.865142 -2.30007 -22.3265
    endloop
  endfacet
  facet normal 0.359487 -0.839256 0.407944
    outer loop
      vertex 0.865142 -2.30007 -22.3265
      vertex 0.923656 -2.01894 -21.7997
      vertex 0.595721 -2.11639 -21.7112
    endloop
  endfacet
  facet normal 0.359376 -0.839318 0.407914
    outer loop
      vertex 0.865142 -2.30007 -22.3265
      vertex 0.595721 -2.11639 -21.7112
      vertex 0.537209 -2.39752 -22.2381
    endloop
  endfacet
  facet normal 0.191205 -0.874621 0.445509
    outer loop
      vertex 0.171847 -2.44408 -22.1726
      vertex 0.595721 -2.11639 -21.7112
      vertex 0.23036 -2.16295 -21.6458
    endloop
  endfacet
  facet normal 0.191313 -0.874641 0.445424
    outer loop
      vertex 0.595721 -2.11639 -21.7112
      vertex 0.171847 -2.44408 -22.1726
      vertex 0.537209 -2.39752 -22.2381
    endloop
  endfacet
  facet normal 0.0395975 -0.883363 0.467014
    outer loop
      vertex 0.171847 -2.44408 -22.1726
      vertex 0.23036 -2.16295 -21.6458
      vertex -0.172441 -2.15859 -21.6034
    endloop
  endfacet
  facet normal 0.0395743 -0.88337 0.467003
    outer loop
      vertex 0.171847 -2.44408 -22.1726
      vertex -0.172441 -2.15859 -21.6034
      vertex -0.230955 -2.43971 -22.1302
    endloop
  endfacet
  facet normal -0.0878578 -0.874744 0.476554
    outer loop
      vertex -0.230955 -2.43971 -22.1302
      vertex -0.172441 -2.15859 -21.6034
      vertex -0.494524 -2.11845 -21.5891
    endloop
  endfacet
  facet normal -0.0878299 -0.87474 0.476566
    outer loop
      vertex -0.230955 -2.43971 -22.1302
      vertex -0.494524 -2.11845 -21.5891
      vertex -0.553037 -2.39958 -22.1159
    endloop
  endfacet
  facet normal -0.220987 -0.850016 0.478161
    outer loop
      vertex -0.553037 -2.39958 -22.1159
      vertex -0.494524 -2.11845 -21.5891
      vertex -0.787923 -2.04566 -21.5953
    endloop
  endfacet
  facet normal -0.220987 -0.850016 0.478161
    outer loop
      vertex -0.553037 -2.39958 -22.1159
      vertex -0.787923 -2.04566 -21.5953
      vertex -0.846436 -2.32679 -22.1221
    endloop
  endfacet
  facet normal -0.367545 -0.802911 0.469302
    outer loop
      vertex -0.846436 -2.32679 -22.1221
      vertex -0.787923 -2.04566 -21.5953
      vertex -1.05265 -1.9402 -21.6222
    endloop
  endfacet
  facet normal -0.367537 -0.802912 0.469307
    outer loop
      vertex -0.846436 -2.32679 -22.1221
      vertex -1.05265 -1.9402 -21.6222
      vertex -1.11117 -2.22133 -22.149
    endloop
  endfacet
  facet normal -0.517037 -0.729979 0.446993
    outer loop
      vertex -1.11117 -2.22133 -22.149
      vertex -1.05265 -1.9402 -21.6222
      vertex -1.28872 -1.80208 -21.6697
    endloop
  endfacet
  facet normal -0.517054 -0.729974 0.446983
    outer loop
      vertex -1.11117 -2.22133 -22.149
      vertex -1.28872 -1.80208 -21.6697
      vertex -1.34723 -2.08321 -22.1965
    endloop
  endfacet
  facet normal -0.656186 -0.633041 0.410706
    outer loop
      vertex -1.55461 -1.91243 -22.2646
      vertex -1.28872 -1.80208 -21.6697
      vertex -1.4961 -1.6313 -21.7378
    endloop
  endfacet
  facet normal -0.656186 -0.633041 0.410706
    outer loop
      vertex -1.28872 -1.80208 -21.6697
      vertex -1.55461 -1.91243 -22.2646
      vertex -1.34723 -2.08321 -22.1965
    endloop
  endfacet
  facet normal -0.772361 -0.520758 0.363689
    outer loop
      vertex -1.55461 -1.91243 -22.2646
      vertex -1.4961 -1.6313 -21.7378
      vertex -1.67771 -1.4248 -21.8278
    endloop
  endfacet
  facet normal -0.772373 -0.520749 0.363676
    outer loop
      vertex -1.55461 -1.91243 -22.2646
      vertex -1.67771 -1.4248 -21.8278
      vertex -1.73622 -1.70592 -22.3546
    endloop
  endfacet
  facet normal -0.856548 -0.409719 0.313776
    outer loop
      vertex -1.73622 -1.70592 -22.3546
      vertex -1.67771 -1.4248 -21.8278
      vertex -1.8365 -1.17953 -21.941
    endloop
  endfacet
  facet normal -0.856597 -0.409673 0.313704
    outer loop
      vertex -1.73622 -1.70592 -22.3546
      vertex -1.8365 -1.17953 -21.941
      vertex -1.89501 -1.46066 -22.4679
    endloop
  endfacet
  facet normal -0.912968 -0.309132 0.26632
    outer loop
      vertex -1.89501 -1.46066 -22.4679
      vertex -1.8365 -1.17953 -21.941
      vertex -1.97249 -0.895503 -22.0775
    endloop
  endfacet
  facet normal -0.912934 -0.309174 0.266388
    outer loop
      vertex -1.89501 -1.46066 -22.4679
      vertex -1.97249 -0.895503 -22.0775
      vertex -2.031 -1.17663 -22.6043
    endloop
  endfacet
  facet normal -0.948991 -0.22202 0.223883
    outer loop
      vertex -2.1442 -0.853814 -22.764
      vertex -1.97249 -0.895503 -22.0775
      vertex -2.08569 -0.572686 -22.2372
    endloop
  endfacet
  facet normal -0.948991 -0.22202 0.223883
    outer loop
      vertex -1.97249 -0.895503 -22.0775
      vertex -2.1442 -0.853814 -22.764
      vertex -2.031 -1.17663 -22.6043
    endloop
  endfacet
  facet normal -0.971131 -0.148183 0.186939
    outer loop
      vertex -2.23458 -0.492237 -22.9469
      vertex -2.08569 -0.572686 -22.2372
      vertex -2.17607 -0.211109 -22.4201
    endloop
  endfacet
  facet normal -0.971131 -0.148183 0.186939
    outer loop
      vertex -2.08569 -0.572686 -22.2372
      vertex -2.23458 -0.492237 -22.9469
      vertex -2.1442 -0.853814 -22.764
    endloop
  endfacet
  facet normal -0.977299 -0.121629 0.173472
    outer loop
      vertex -2.37083 0.141644 -23.27
      vertex -2.17607 -0.211109 -22.4201
      vertex -2.31231 0.422772 -22.7432
    endloop
  endfacet
  facet normal -0.977298 -0.121649 0.173464
    outer loop
      vertex -2.17607 -0.211109 -22.4201
      vertex -2.37083 0.141644 -23.27
      vertex -2.23458 -0.492237 -22.9469
    endloop
  endfacet
  facet normal -0.973347 -0.1391 0.182337
    outer loop
      vertex -2.42231 0.358014 -23.3798
      vertex -2.31231 0.422772 -22.7432
      vertex -2.3638 0.639142 -22.853
    endloop
  endfacet
  facet normal -0.973354 -0.139058 0.182334
    outer loop
      vertex -2.31231 0.422772 -22.7432
      vertex -2.42231 0.358014 -23.3798
      vertex -2.37083 0.141644 -23.27
    endloop
  endfacet
  facet normal -0.961404 -0.183715 0.20482
    outer loop
      vertex -2.3638 0.639142 -22.853
      vertex -2.41926 0.825465 -22.9462
      vertex -2.42231 0.358014 -23.3798
    endloop
  endfacet
  facet normal -0.961419 -0.18368 0.204782
    outer loop
      vertex -2.42231 0.358014 -23.3798
      vertex -2.41926 0.825465 -22.9462
      vertex -2.47778 0.544337 -23.4731
    endloop
  endfacet
  facet normal -0.941346 -0.242957 0.23418
    outer loop
      vertex -2.47778 0.544337 -23.4731
      vertex -2.41926 0.825465 -22.9462
      vertex -2.4787 0.981742 -23.023
    endloop
  endfacet
  facet normal -0.941345 -0.242958 0.234181
    outer loop
      vertex -2.47778 0.544337 -23.4731
      vertex -2.4787 0.981742 -23.023
      vertex -2.53722 0.700613 -23.5499
    endloop
  endfacet
  facet normal -0.905554 -0.324238 0.273573
    outer loop
      vertex -2.53722 0.700613 -23.5499
      vertex -2.4787 0.981742 -23.023
      vertex -2.54211 1.10796 -23.0833
    endloop
  endfacet
  facet normal -0.905578 -0.3242 0.273539
    outer loop
      vertex -2.53722 0.700613 -23.5499
      vertex -2.54211 1.10796 -23.0833
      vertex -2.60062 0.826829 -23.6102
    endloop
  endfacet
  facet normal -0.837652 -0.437797 0.326607
    outer loop
      vertex -2.60062 0.826829 -23.6102
      vertex -2.54211 1.10796 -23.0833
      vertex -2.60949 1.20413 -23.1272
    endloop
  endfacet
  facet normal -0.837503 -0.437976 0.32675
    outer loop
      vertex -2.60062 0.826829 -23.6102
      vertex -2.60949 1.20413 -23.1272
      vertex -2.668 0.922997 -23.654
    endloop
  endfacet
  facet normal -0.721281 -0.574608 0.386754
    outer loop
      vertex -2.74362 0.996989 -23.6851
      vertex -2.60949 1.20413 -23.1272
      vertex -2.68511 1.27812 -23.1583
    endloop
  endfacet
  facet normal -0.721288 -0.5746 0.386753
    outer loop
      vertex -2.60949 1.20413 -23.1272
      vertex -2.74362 0.996989 -23.6851
      vertex -2.668 0.922997 -23.654
    endloop
  endfacet
  facet normal -0.576452 -0.692583 0.433627
    outer loop
      vertex -2.74362 0.996989 -23.6851
      vertex -2.68511 1.27812 -23.1583
      vertex -2.77329 1.33774 -23.1803
    endloop
  endfacet
  facet normal -0.576458 -0.69258 0.433625
    outer loop
      vertex -2.74362 0.996989 -23.6851
      vertex -2.77329 1.33774 -23.1803
      vertex -2.8318 1.05661 -23.7071
    endloop
  endfacet
  facet normal -0.411697 -0.784218 0.464228
    outer loop
      vertex -2.87403 1.38299 -23.1932
      vertex -2.8318 1.05661 -23.7071
      vertex -2.77329 1.33774 -23.1803
    endloop
  endfacet
  facet normal -0.412083 -0.784084 0.464112
    outer loop
      vertex -2.8318 1.05661 -23.7071
      vertex -2.87403 1.38299 -23.1932
      vertex -2.93254 1.10186 -23.7201
    endloop
  endfacet
  facet normal -0.246417 -0.843436 0.477383
    outer loop
      vertex -2.98735 1.41389 -23.1971
      vertex -2.93254 1.10186 -23.7201
      vertex -2.87403 1.38299 -23.1932
    endloop
  endfacet
  facet normal -0.246417 -0.843436 0.477383
    outer loop
      vertex -2.93254 1.10186 -23.7201
      vertex -2.98735 1.41389 -23.1971
      vertex -3.04586 1.13276 -23.724
    endloop
  endfacet
  facet normal -0.0954409 -0.873804 0.476821
    outer loop
      vertex -3.04586 1.13276 -23.724
      vertex -2.98735 1.41389 -23.1971
      vertex -3.11321 1.43042 -23.192
    endloop
  endfacet
  facet normal -0.0950538 -0.873816 0.476876
    outer loop
      vertex -3.04586 1.13276 -23.724
      vertex -3.11321 1.43042 -23.192
      vertex -3.17173 1.14929 -23.7188
    endloop
  endfacet
  facet normal 0.0616743 -0.883385 0.464572
    outer loop
      vertex -3.17173 1.14929 -23.7188
      vertex -3.11321 1.43042 -23.192
      vertex -3.25404 1.42916 -23.1757
    endloop
  endfacet
  facet normal 0.0616788 -0.883384 0.464573
    outer loop
      vertex -3.17173 1.14929 -23.7188
      vertex -3.25404 1.42916 -23.1757
      vertex -3.31255 1.14803 -23.7025
    endloop
  endfacet
  facet normal 0.258942 -0.863796 0.43221
    outer loop
      vertex -3.31255 1.14803 -23.7025
      vertex -3.25404 1.42916 -23.1757
      vertex -3.38197 1.40452 -23.1483
    endloop
  endfacet
  facet normal 0.258923 -0.863802 0.43221
    outer loop
      vertex -3.31255 1.14803 -23.7025
      vertex -3.38197 1.40452 -23.1483
      vertex -3.44049 1.12339 -23.6751
    endloop
  endfacet
  facet normal 0.461089 -0.803114 0.377366
    outer loop
      vertex -3.44049 1.12339 -23.6751
      vertex -3.38197 1.40452 -23.1483
      vertex -3.49702 1.35651 -23.1099
    endloop
  endfacet
  facet normal 0.461121 -0.803097 0.377362
    outer loop
      vertex -3.44049 1.12339 -23.6751
      vertex -3.49702 1.35651 -23.1099
      vertex -3.55553 1.07538 -23.6367
    endloop
  endfacet
  facet normal 0.640166 -0.705039 0.305135
    outer loop
      vertex -3.6577 1.004 -23.5873
      vertex -3.49702 1.35651 -23.1099
      vertex -3.59918 1.28513 -23.0605
    endloop
  endfacet
  facet normal 0.640131 -0.70506 0.305162
    outer loop
      vertex -3.49702 1.35651 -23.1099
      vertex -3.6577 1.004 -23.5873
      vertex -3.55553 1.07538 -23.6367
    endloop
  endfacet
  facet normal 0.77699 -0.587145 0.227038
    outer loop
      vertex -3.74696 0.909258 -23.5268
      vertex -3.59918 1.28513 -23.0605
      vertex -3.68845 1.19039 -23
    endloop
  endfacet
  facet normal 0.777028 -0.587111 0.226999
    outer loop
      vertex -3.59918 1.28513 -23.0605
      vertex -3.74696 0.909258 -23.5268
      vertex -3.6577 1.004 -23.5873
    endloop
  endfacet
  facet normal 0.870626 -0.4676 0.152842
    outer loop
      vertex -3.74696 0.909258 -23.5268
      vertex -3.68845 1.19039 -23
      vertex -3.76362 1.07354 -22.9293
    endloop
  endfacet
  facet normal 0.870615 -0.467618 0.152846
    outer loop
      vertex -3.74696 0.909258 -23.5268
      vertex -3.76362 1.07354 -22.9293
      vertex -3.82213 0.792415 -23.4561
    endloop
  endfacet
  facet normal 0.930843 -0.355124 0.086127
    outer loop
      vertex -3.88207 0.654725 -23.376
      vertex -3.76362 1.07354 -22.9293
      vertex -3.82356 0.935853 -22.8492
    endloop
  endfacet
  facet normal 0.930845 -0.35512 0.0861225
    outer loop
      vertex -3.76362 1.07354 -22.9293
      vertex -3.88207 0.654725 -23.376
      vertex -3.82213 0.792415 -23.4561
    endloop
  endfacet
  facet normal 0.96627 -0.255871 0.0292075
    outer loop
      vertex -3.92677 0.496186 -23.2864
      vertex -3.82356 0.935853 -22.8492
      vertex -3.86825 0.777314 -22.7596
    endloop
  endfacet
  facet normal 0.966259 -0.255907 0.0292463
    outer loop
      vertex -3.82356 0.935853 -22.8492
      vertex -3.92677 0.496186 -23.2864
      vertex -3.88207 0.654725 -23.376
    endloop
  endfacet
  facet normal 0.984998 -0.171642 -0.017822
    outer loop
      vertex -3.86825 0.777314 -22.7596
      vertex -3.89772 0.597916 -22.6606
      vertex -3.92677 0.496186 -23.2864
    endloop
  endfacet
  facet normal 0.985005 -0.171601 -0.017829
    outer loop
      vertex -3.89772 0.597916 -22.6606
      vertex -3.95199 0.342621 -23.2017
      vertex -3.92677 0.496186 -23.2864
    endloop
  endfacet
  facet normal 0.985014 -0.171548 -0.0178548
    outer loop
      vertex -3.95199 0.342621 -23.2017
      vertex -3.89772 0.597916 -22.6606
      vertex -3.95623 0.316787 -23.1874
    endloop
  endfacet
  facet normal 0.993281 -0.10106 -0.0563894
    outer loop
      vertex -3.91194 0.397668 -22.5522
      vertex -3.95623 0.316787 -23.1874
      vertex -3.89772 0.597916 -22.6606
    endloop
  endfacet
  facet normal 0.993279 -0.101082 -0.0563866
    outer loop
      vertex -3.91194 0.397668 -22.5522
      vertex -3.95883 0.280193 -23.1676
      vertex -3.95623 0.316787 -23.1874
    endloop
  endfacet
  facet normal 0.993276 -0.101111 -0.0563807
    outer loop
      vertex -3.95883 0.280193 -23.1676
      vertex -3.91194 0.397668 -22.5522
      vertex -3.97046 0.11654 -23.079
    endloop
  endfacet
  facet normal 0.995227 -0.0432337 -0.0874839
    outer loop
      vertex -3.91122 0.188216 -22.4405
      vertex -3.97046 0.11654 -23.079
      vertex -3.91194 0.397668 -22.5522
    endloop
  endfacet
  facet normal 0.995227 -0.0432338 -0.0874839
    outer loop
      vertex -3.97046 0.11654 -23.079
      vertex -3.91122 0.188216 -22.4405
      vertex -3.96974 -0.0929117 -22.9673
    endloop
  endfacet
  facet normal 0.993263 0.00963366 -0.115478
    outer loop
      vertex -3.91122 0.188216 -22.4405
      vertex -3.89608 -0.0254335 -22.3281
      vertex -3.96974 -0.0929117 -22.9673
    endloop
  endfacet
  facet normal 0.993261 0.00972886 -0.115488
    outer loop
      vertex -3.89608 -0.0254335 -22.3281
      vertex -3.95459 -0.306562 -22.855
      vertex -3.96974 -0.0929117 -22.9673
    endloop
  endfacet
  facet normal 0.988005 0.0605862 -0.14204
    outer loop
      vertex -3.89608 -0.0254335 -22.3281
      vertex -3.86649 -0.243285 -22.2152
      vertex -3.95459 -0.306562 -22.855
    endloop
  endfacet
  facet normal 0.98801 0.0605246 -0.142034
    outer loop
      vertex -3.86649 -0.243285 -22.2152
      vertex -3.925 -0.524413 -22.742
      vertex -3.95459 -0.306562 -22.855
    endloop
  endfacet
  facet normal 0.979941 0.108859 -0.166932
    outer loop
      vertex -3.86649 -0.243285 -22.2152
      vertex -3.82247 -0.465348 -22.1016
      vertex -3.925 -0.524413 -22.742
    endloop
  endfacet
  facet normal 0.979941 0.108859 -0.166932
    outer loop
      vertex -3.82247 -0.465348 -22.1016
      vertex -3.88098 -0.746476 -22.6284
      vertex -3.925 -0.524413 -22.742
    endloop
  endfacet
  facet normal 0.969535 0.154463 -0.190113
    outer loop
      vertex -3.82247 -0.465348 -22.1016
      vertex -3.76401 -0.691611 -21.9873
      vertex -3.88098 -0.746476 -22.6284
    endloop
  endfacet
  facet normal 0.969542 0.154423 -0.19011
    outer loop
      vertex -3.76401 -0.691611 -21.9873
      vertex -3.82253 -0.972739 -22.5141
      vertex -3.88098 -0.746476 -22.6284
    endloop
  endfacet
  facet normal 0.957428 0.196671 -0.211311
    outer loop
      vertex -3.76401 -0.691611 -21.9873
      vertex -3.69131 -0.922074 -21.8724
      vertex -3.82253 -0.972739 -22.5141
    endloop
  endfacet
  facet normal 0.957419 0.196711 -0.211312
    outer loop
      vertex -3.69131 -0.922074 -21.8724
      vertex -3.74982 -1.2032 -22.3992
      vertex -3.82253 -0.972739 -22.5141
    endloop
  endfacet
  facet normal 0.944129 0.23552 -0.230546
    outer loop
      vertex -3.69131 -0.922074 -21.8724
      vertex -3.60455 -1.15671 -21.7568
      vertex -3.74982 -1.2032 -22.3992
    endloop
  endfacet
  facet normal 0.944107 0.235606 -0.230547
    outer loop
      vertex -3.60455 -1.15671 -21.7568
      vertex -3.66306 -1.43784 -22.2837
      vertex -3.74982 -1.2032 -22.3992
    endloop
  endfacet
  facet normal 0.9298 0.27175 -0.248244
    outer loop
      vertex -3.60455 -1.15671 -21.7568
      vertex -3.50373 -1.39552 -21.6406
      vertex -3.66306 -1.43784 -22.2837
    endloop
  endfacet
  facet normal 0.92981 0.271713 -0.248244
    outer loop
      vertex -3.50373 -1.39552 -21.6406
      vertex -3.56496 -1.67021 -22.1706
      vertex -3.66306 -1.43784 -22.2837
    endloop
  endfacet
  facet normal 0.93093 0.26902 -0.246977
    outer loop
      vertex -3.56496 -1.67021 -22.1706
      vertex -3.50373 -1.39552 -21.6406
      vertex -3.56225 -1.67665 -22.1674
    endloop
  endfacet
  facet normal 0.914821 0.305198 -0.264494
    outer loop
      vertex -3.50373 -1.39552 -21.6406
      vertex -3.38887 -1.6385 -21.5237
      vertex -3.56225 -1.67665 -22.1674
    endloop
  endfacet
  facet normal 0.914496 0.306193 -0.264466
    outer loop
      vertex -3.38887 -1.6385 -21.5237
      vertex -3.55839 -1.68481 -22.1635
      vertex -3.56225 -1.67665 -22.1674
    endloop
  endfacet
  facet normal 0.914822 0.305205 -0.264481
    outer loop
      vertex -3.55839 -1.68481 -22.1635
      vertex -3.38887 -1.6385 -21.5237
      vertex -3.44738 -1.91963 -22.0505
    endloop
  endfacet
  facet normal 0.899391 0.336254 -0.279336
    outer loop
      vertex -3.38887 -1.6385 -21.5237
      vertex -3.25994 -1.88566 -21.4061
      vertex -3.44738 -1.91963 -22.0505
    endloop
  endfacet
  facet normal 0.899356 0.336351 -0.279331
    outer loop
      vertex -3.25994 -1.88566 -21.4061
      vertex -3.31845 -2.16679 -21.933
      vertex -3.44738 -1.91963 -22.0505
    endloop
  endfacet
  facet normal -0.0277052 -0.880615 0.473022
    outer loop
      vertex -4.51878 -2.08188 -21.8449
      vertex -4.79528 -1.77705 -21.2936
      vertex -4.85379 -2.05818 -21.8204
    endloop
  endfacet
  facet normal -0.0276315 -0.880601 0.473052
    outer loop
      vertex -4.79528 -1.77705 -21.2936
      vertex -4.51878 -2.08188 -21.8449
      vertex -3.25994 -1.88566 -21.4061
    endloop
  endfacet
  facet normal -0.0275845 -0.880661 0.472944
    outer loop
      vertex -3.25994 -1.88566 -21.4061
      vertex -4.51878 -2.08188 -21.8449
      vertex -3.31845 -2.16679 -21.933
    endloop
  endfacet
  facet normal -0.947322 -0.226722 0.226225
    outer loop
      vertex -4.94163 -1.81233 -21.9418
      vertex -4.79528 -1.77705 -21.2936
      vertex -4.88311 -1.5312 -21.415
    endloop
  endfacet
  facet normal -0.947314 -0.226757 0.226225
    outer loop
      vertex -4.79528 -1.77705 -21.2936
      vertex -4.94163 -1.81233 -21.9418
      vertex -4.85379 -2.05818 -21.8204
    endloop
  endfacet
  facet normal -0.956812 -0.198616 0.212281
    outer loop
      vertex -4.94163 -1.81233 -21.9418
      vertex -4.88311 -1.5312 -21.415
      vertex -4.96111 -1.28605 -21.5372
    endloop
  endfacet
  facet normal -0.956823 -0.198594 0.212252
    outer loop
      vertex -4.94163 -1.81233 -21.9418
      vertex -4.96111 -1.28605 -21.5372
      vertex -5.01962 -1.56718 -22.064
    endloop
  endfacet
  facet normal -0.965417 -0.169796 0.197838
    outer loop
      vertex -5.01962 -1.56718 -22.064
      vertex -4.96111 -1.28605 -21.5372
      vertex -5.02927 -1.04159 -21.66
    endloop
  endfacet
  facet normal -0.965437 -0.16975 0.197779
    outer loop
      vertex -5.01962 -1.56718 -22.064
      vertex -5.02927 -1.04159 -21.66
      vertex -5.08778 -1.32272 -22.1869
    endloop
  endfacet
  facet normal -0.973125 -0.140058 0.18279
    outer loop
      vertex -5.08778 -1.32272 -22.1869
      vertex -5.02927 -1.04159 -21.66
      vertex -5.08757 -0.797832 -21.7836
    endloop
  endfacet
  facet normal -0.973116 -0.14008 0.182819
    outer loop
      vertex -5.08778 -1.32272 -22.1869
      vertex -5.08757 -0.797832 -21.7836
      vertex -5.14609 -1.07896 -22.3105
    endloop
  endfacet
  facet normal -0.979759 -0.109785 0.167392
    outer loop
      vertex -5.14609 -1.07896 -22.3105
      vertex -5.08757 -0.797832 -21.7836
      vertex -5.13606 -0.554766 -21.908
    endloop
  endfacet
  facet normal -0.979753 -0.109801 0.167414
    outer loop
      vertex -5.14609 -1.07896 -22.3105
      vertex -5.13606 -0.554766 -21.908
      vertex -5.19457 -0.835894 -22.4348
    endloop
  endfacet
  facet normal -0.985375 -0.0784119 0.151287
    outer loop
      vertex -5.19457 -0.835894 -22.4348
      vertex -5.13606 -0.554766 -21.908
      vertex -5.17451 -0.312559 -22.0329
    endloop
  endfacet
  facet normal -0.98539 -0.0783238 0.151232
    outer loop
      vertex -5.22289 -0.65754 -22.5268
      vertex -5.17451 -0.312559 -22.0329
      vertex -5.23303 -0.593687 -22.5598
    endloop
  endfacet
  facet normal -0.985373 -0.0784195 0.151297
    outer loop
      vertex -5.17451 -0.312559 -22.0329
      vertex -5.22289 -0.65754 -22.5268
      vertex -5.19457 -0.835894 -22.4348
    endloop
  endfacet
  facet normal -0.98985 -0.0459722 0.134473
    outer loop
      vertex -5.24162 -0.520409 -22.5979
      vertex -5.20278 -0.0714092 -22.1585
      vertex -5.26129 -0.352537 -22.6853
    endloop
  endfacet
  facet normal -0.989847 -0.0459913 0.134492
    outer loop
      vertex -5.20278 -0.0714092 -22.1585
      vertex -5.24162 -0.520409 -22.5979
      vertex -5.17451 -0.312559 -22.0329
    endloop
  endfacet
  facet normal -0.989838 -0.0460882 0.134526
    outer loop
      vertex -5.17451 -0.312559 -22.0329
      vertex -5.24162 -0.520409 -22.5979
      vertex -5.23303 -0.593687 -22.5598
    endloop
  endfacet
  facet normal -0.993012 -0.0130981 0.117281
    outer loop
      vertex -5.26129 -0.352537 -22.6853
      vertex -5.20278 -0.0714092 -22.1585
      vertex -5.22084 0.168681 -22.2846
    endloop
  endfacet
  facet normal -0.993014 -0.0130754 0.117269
    outer loop
      vertex -5.26824 -0.26023 -22.7338
      vertex -5.22084 0.168681 -22.2846
      vertex -5.27935 -0.112446 -22.8114
    endloop
  endfacet
  facet normal -0.993008 -0.0131256 0.117316
    outer loop
      vertex -5.22084 0.168681 -22.2846
      vertex -5.26824 -0.26023 -22.7338
      vertex -5.26129 -0.352537 -22.6853
    endloop
  endfacet
  facet normal -0.994811 0.0201866 0.0997179
    outer loop
      vertex -5.22084 0.168681 -22.2846
      vertex -5.22869 0.4077 -22.4113
      vertex -5.27935 -0.112446 -22.8114
    endloop
  endfacet
  facet normal -0.994807 0.0201106 0.0997768
    outer loop
      vertex -5.28616 0.0946643 -22.9212
      vertex -5.22869 0.4077 -22.4113
      vertex -5.28721 0.126572 -22.9381
    endloop
  endfacet
  facet normal -0.994809 0.020168 0.0997418
    outer loop
      vertex -5.22869 0.4077 -22.4113
      vertex -5.28616 0.0946643 -22.9212
      vertex -5.27935 -0.112446 -22.8114
    endloop
  endfacet
  facet normal -0.995194 0.0536257 0.0819345
    outer loop
      vertex -5.28721 0.126572 -22.9381
      vertex -5.22869 0.4077 -22.4113
      vertex -5.22634 0.64566 -22.5385
    endloop
  endfacet
  facet normal -0.995194 0.0536257 0.0819345
    outer loop
      vertex -5.22634 0.64566 -22.5385
      vertex -5.28486 0.364532 -23.0653
      vertex -5.28721 0.126572 -22.9381
    endloop
  endfacet
  facet normal -0.992799 0.107454 0.0529431
    outer loop
      vertex -5.28486 0.364532 -23.0653
      vertex -5.22634 0.64566 -22.5385
      vertex -5.1886 1.12152 -22.7966
    endloop
  endfacet
  facet normal -0.992801 0.107455 0.0529136
    outer loop
      vertex -5.25926 0.687164 -23.2403
      vertex -5.1886 1.12152 -22.7966
      vertex -5.24711 0.840391 -23.3235
    endloop
  endfacet
  facet normal -0.9928 0.107469 0.0528991
    outer loop
      vertex -5.1886 1.12152 -22.7966
      vertex -5.25926 0.687164 -23.2403
      vertex -5.28486 0.364532 -23.0653
    endloop
  endfacet
  facet normal -0.994849 0.0703852 0.0729521
    outer loop
      vertex -2.29323 -4.22907 -20.9463
      vertex -2.31534 -6.51875 -19.0387
      vertex -2.23471 -3.94794 -20.4195
    endloop
  endfacet
  facet normal -0.994849 0.0703852 0.0729521
    outer loop
      vertex -2.31534 -6.51875 -19.0387
      vertex -2.29323 -4.22907 -20.9463
      vertex -2.37386 -6.79988 -19.5655
    endloop
  endfacet
  facet normal 0.0275984 0.880622 -0.473015
    outer loop
      vertex -2.29322 -4.22907 -20.9463
      vertex -2.23471 -3.94794 -20.4195
      vertex -0.861996 -4.04505 -20.5202
    endloop
  endfacet
  facet normal 0 0.882235 -0.47081
    outer loop
      vertex -2.23471 -3.94794 -20.4195
      vertex -2.29322 -4.22907 -20.9463
      vertex -2.29323 -4.22907 -20.9463
    endloop
  endfacet
  facet normal 0.0275984 0.880622 -0.473015
    outer loop
      vertex -0.861996 -4.04505 -20.5202
      vertex -0.920509 -4.32618 -21.047
      vertex -2.29322 -4.22907 -20.9463
    endloop
  endfacet
  facet normal 0.99485 -0.0703822 -0.0729406
    outer loop
      vertex -0.920509 -4.32618 -21.047
      vertex -0.861996 -4.04505 -20.5202
      vertex -0.942627 -6.61586 -19.1393
    endloop
  endfacet
  facet normal 0.994851 -0.0703743 -0.0729311
    outer loop
      vertex -0.920509 -4.32618 -21.047
      vertex -0.942627 -6.61586 -19.1393
      vertex -1.00114 -6.89699 -19.6662
    endloop
  endfacet
  facet normal 0.0276223 0.880658 -0.472947
    outer loop
      vertex -1.00114 -6.89699 -19.6662
      vertex -0.942627 -6.61586 -19.1393
      vertex 0.372176 -6.70887 -19.2357
    endloop
  endfacet
  facet normal 0.0276223 0.880658 -0.472947
    outer loop
      vertex 0.372176 -6.70887 -19.2357
      vertex 0.313663 -6.99 -19.7626
      vertex -1.00114 -6.89699 -19.6662
    endloop
  endfacet
  facet normal -0.994851 0.0703748 0.0729308
    outer loop
      vertex 0.313663 -6.99 -19.7626
      vertex 0.372176 -6.70887 -19.2357
      vertex 0.45792 -3.97502 -20.7041
    endloop
  endfacet
  facet normal -0.99485 0.0703806 0.0729428
    outer loop
      vertex 0.331706 -6.41472 -20.0715
      vertex 0.45792 -3.97502 -20.7041
      vertex 0.399407 -4.25614 -21.2309
    endloop
  endfacet
  facet normal -0.994846 0.0703908 0.0729829
    outer loop
      vertex 0.45792 -3.97502 -20.7041
      vertex 0.331706 -6.41472 -20.0715
      vertex 0.313663 -6.99 -19.7626
    endloop
  endfacet
  facet normal 0.0275995 0.880629 -0.473002
    outer loop
      vertex 0.45792 -3.97502 -20.7041
      vertex 1.83065 -4.07213 -20.8048
      vertex 0.399407 -4.25614 -21.2309
    endloop
  endfacet
  facet normal 0.0276043 0.880622 -0.473015
    outer loop
      vertex 1.83065 -4.07213 -20.8048
      vertex 1.77214 -4.35326 -21.3316
      vertex 0.399407 -4.25614 -21.2309
    endloop
  endfacet
  facet normal 0.99485 -0.0703774 -0.0729375
    outer loop
      vertex 1.69443 -8.41539 -18.472
      vertex 1.77214 -4.35326 -21.3316
      vertex 1.83065 -4.07213 -20.8048
    endloop
  endfacet
  facet normal 0.99485 -0.0703774 -0.0729375
    outer loop
      vertex 1.77214 -4.35326 -21.3316
      vertex 1.69443 -8.41539 -18.472
      vertex 1.63592 -8.69652 -18.9988
    endloop
  endfacet
  facet normal -0.0276196 -0.880621 0.473016
    outer loop
      vertex 1.23051 -8.66784 -18.969
      vertex -5.35641 -7.91659 -17.955
      vertex -5.41492 -8.19772 -18.4818
    endloop
  endfacet
  facet normal -0.0276087 -0.880594 0.473067
    outer loop
      vertex -5.35641 -7.91659 -17.955
      vertex 1.23051 -8.66784 -18.969
      vertex 1.69443 -8.41539 -18.472
    endloop
  endfacet
  facet normal -0.0275294 -0.880627 0.47301
    outer loop
      vertex 1.69443 -8.41539 -18.472
      vertex 1.23051 -8.66784 -18.969
      vertex 1.63592 -8.69652 -18.9988
    endloop
  endfacet
  facet normal -0.99485 0.0703809 0.072942
    outer loop
      vertex -5.36445 -6.58831 -19.3463
      vertex -5.35641 -7.91659 -17.955
      vertex -5.30593 -6.30719 -18.8194
    endloop
  endfacet
  facet normal -0.99485 0.0703767 0.0729379
    outer loop
      vertex -5.35641 -7.91659 -17.955
      vertex -5.36445 -6.58831 -19.3463
      vertex -5.41492 -8.19772 -18.4818
    endloop
  endfacet
  facet normal 0.0276105 0.880621 -0.473016
    outer loop
      vertex -2.37386 -6.79988 -19.5655
      vertex -5.30593 -6.30719 -18.8194
      vertex -2.31534 -6.51875 -19.0387
    endloop
  endfacet
  facet normal 0.0276382 0.880664 -0.472935
    outer loop
      vertex -5.30593 -6.30719 -18.8194
      vertex -2.37386 -6.79988 -19.5655
      vertex -5.36445 -6.58831 -19.3463
    endloop
  endfacet
endsolid OpenSCAD_Model
