solid OpenSCAD_Model
  facet normal 0.0926177 0.470611 0.877466
    outer loop
      vertex 1.70041 -7.89244 -19.2072
      vertex 1.68611 -7.912 -19.1952
      vertex 1.69107 -7.90962 -19.197
    endloop
  endfacet
  facet normal 0.107722 0.466404 0.877988
    outer loop
      vertex 1.68543 -7.86684 -19.2192
      vertex 1.67433 -7.91755 -19.1909
      vertex 1.68052 -7.91465 -19.1932
    endloop
  endfacet
  facet normal 0.093634 0.469476 0.877967
    outer loop
      vertex 1.66757 -7.92069 -19.1885
      vertex 1.67433 -7.91755 -19.1909
      vertex 1.68543 -7.86684 -19.2192
    endloop
  endfacet
  facet normal 0.0966665 0.469048 0.877867
    outer loop
      vertex 1.66178 -7.82678 -19.238
      vertex 1.65251 -7.92762 -19.1831
      vertex 1.68543 -7.86684 -19.2192
    endloop
  endfacet
  facet normal 0.0983719 0.468222 0.878118
    outer loop
      vertex 1.66178 -7.82678 -19.238
      vertex 1.62657 -7.93941 -19.174
      vertex 1.63562 -7.93531 -19.1772
    endloop
  endfacet
  facet normal 0.106783 0.465213 0.878734
    outer loop
      vertex 1.66178 -7.82678 -19.238
      vertex 1.60744 -7.94804 -19.1672
      vertex 1.61716 -7.94366 -19.1707
    endloop
  endfacet
  facet normal 0.0976121 0.468456 0.878078
    outer loop
      vertex 1.59743 -7.95254 -19.1637
      vertex 1.63054 -7.77406 -19.2626
      vertex 1.58717 -7.95715 -19.1601
    endloop
  endfacet
  facet normal 0.0965194 0.468792 0.878019
    outer loop
      vertex 1.63054 -7.77406 -19.2626
      vertex 1.59277 -7.71047 -19.2924
      vertex 1.54003 -7.97793 -19.1438
    endloop
  endfacet
  facet normal 0.0967653 0.468646 0.87807
    outer loop
      vertex 1.43237 -8.02509 -19.1067
      vertex 1.47482 -8.0065 -19.1213
      vertex 1.54957 -7.63784 -19.3263
    endloop
  endfacet
  facet normal 0.0975882 0.468593 0.878008
    outer loop
      vertex -2.11475 -7.14651 -19.1815
      vertex -0.950501 -7.43132 -19.1589
      vertex -2.11128 -7.03481 -19.2415
    endloop
  endfacet
  facet normal 0.096909 0.468774 0.877986
    outer loop
      vertex 1.38383 -8.04634 -19.0899
      vertex 1.54957 -7.63784 -19.3263
      vertex 1.50201 -7.55796 -19.3637
    endloop
  endfacet
  facet normal 0.0976157 0.469006 0.877784
    outer loop
      vertex -2.11128 -7.03481 -19.2415
      vertex -0.868708 -7.30335 -19.2362
      vertex -0.830983 -7.23821 -19.2752
    endloop
  endfacet
  facet normal 0.0972766 0.468612 0.878032
    outer loop
      vertex 1.45117 -7.47265 -19.4036
      vertex 1.20507 -8.12457 -19.0284
      vertex 1.26983 -8.09623 -19.0507
    endloop
  endfacet
  facet normal 0.0975496 0.468525 0.878048
    outer loop
      vertex -0.762011 -7.10584 -19.3535
      vertex -2.11128 -7.03481 -19.2415
      vertex -0.795408 -7.17235 -19.3143
    endloop
  endfacet
  facet normal 0.0980657 0.469929 0.87724
    outer loop
      vertex 0.523453 -6.85625 -19.6295
      vertex 0.479552 -6.87733 -19.6133
      vertex 1.23662 -7.11316 -19.5716
    endloop
  endfacet
  facet normal 0.0974852 0.469021 0.87779
    outer loop
      vertex -0.701863 -6.97104 -19.4321
      vertex -0.675168 -6.90285 -19.4715
      vertex -2.11128 -7.03481 -19.2415
    endloop
  endfacet
  facet normal 0.0976435 0.468767 0.877908
    outer loop
      vertex 0.436095 -6.89903 -19.5969
      vertex 0.3931 -6.92135 -19.5802
      vertex 1.23662 -7.11316 -19.5716
    endloop
  endfacet
  facet normal 0.0974593 0.468323 0.878166
    outer loop
      vertex 0.350588 -6.94427 -19.5633
      vertex 0.308579 -6.96778 -19.5461
      vertex 1.28978 -7.20216 -19.53
    endloop
  endfacet
  facet normal 0.0975094 0.468364 0.878138
    outer loop
      vertex 1.28978 -7.20216 -19.53
      vertex 0.267092 -6.99187 -19.5286
      vertex 1.34398 -7.29294 -19.4876
    endloop
  endfacet
  facet normal 0.0976989 0.469289 0.877623
    outer loop
      vertex 1.28978 -7.20216 -19.53
      vertex 0.308579 -6.96778 -19.5461
      vertex 0.267092 -6.99187 -19.5286
    endloop
  endfacet
  facet normal 0.0972225 0.46752 0.87862
    outer loop
      vertex 0.3931 -6.92135 -19.5802
      vertex 0.350588 -6.94427 -19.5633
      vertex 1.28978 -7.20216 -19.53
    endloop
  endfacet
  facet normal 0.0975443 0.46848 0.878073
    outer loop
      vertex 0.267092 -6.99187 -19.5286
      vertex 0.226148 -7.01652 -19.5109
      vertex 1.34398 -7.29294 -19.4876
    endloop
  endfacet
  facet normal 0.0976235 0.468681 0.877956
    outer loop
      vertex 1.23662 -7.11316 -19.5716
      vertex 0.3931 -6.92135 -19.5802
      vertex 1.28978 -7.20216 -19.53
    endloop
  endfacet
  facet normal 0.0975261 0.468356 0.878141
    outer loop
      vertex 1.23662 -7.11316 -19.5716
      vertex 0.479552 -6.87733 -19.6133
      vertex 0.436095 -6.89903 -19.5969
    endloop
  endfacet
  facet normal 0.0967222 0.468793 0.877996
    outer loop
      vertex 1.39813 -7.38371 -19.4451
      vertex 1.34398 -7.29294 -19.4876
      vertex 1.06175 -8.18726 -18.979
    endloop
  endfacet
  facet normal 0.0974865 0.468507 0.878065
    outer loop
      vertex 1.23662 -7.11316 -19.5716
      vertex 1.18558 -7.02776 -19.6115
      vertex 0.523453 -6.85625 -19.6295
    endloop
  endfacet
  facet normal 0.0975146 0.468886 0.877859
    outer loop
      vertex -1.62489 -1.91444 -22.0279
      vertex -2.67889 -1.79896 -21.9725
      vertex -2.68169 -1.90472 -21.9157
    endloop
  endfacet
  facet normal 0.0985377 0.468215 0.878103
    outer loop
      vertex 1.20507 -8.12457 -19.0284
      vertex 1.39813 -7.38371 -19.4451
      vertex 1.1356 -8.15496 -19.0044
    endloop
  endfacet
  facet normal 0.0975602 0.468291 0.878172
    outer loop
      vertex -2.68472 -2.01698 -21.8555
      vertex -1.62996 -2.07526 -21.9416
      vertex -2.68169 -1.90472 -21.9157
    endloop
  endfacet
  facet normal 0.0972979 0.46782 0.878452
    outer loop
      vertex 0.567777 -6.8358 -19.6453
      vertex 0.523453 -6.85625 -19.6295
      vertex 1.18558 -7.02776 -19.6115
    endloop
  endfacet
  facet normal 0.0972541 0.468618 0.878031
    outer loop
      vertex 1.50201 -7.55796 -19.3637
      vertex 1.45117 -7.47265 -19.4036
      vertex 1.26983 -8.09623 -19.0507
    endloop
  endfacet
  facet normal 0.0973083 0.46785 0.878435
    outer loop
      vertex 1.18558 -7.02776 -19.6115
      vertex 0.612504 -6.816 -19.6608
      vertex 0.567777 -6.8358 -19.6453
    endloop
  endfacet
  facet normal 0.0962791 0.468987 0.877942
    outer loop
      vertex 1.32953 -8.07011 -19.0712
      vertex 1.50201 -7.55796 -19.3637
      vertex 1.26983 -8.09623 -19.0507
    endloop
  endfacet
  facet normal 0.0972716 0.467762 0.878485
    outer loop
      vertex 0.612504 -6.816 -19.6608
      vertex 1.18558 -7.02776 -19.6115
      vertex 1.13774 -6.94776 -19.6488
    endloop
  endfacet
  facet normal 0.0971859 0.468709 0.87799
    outer loop
      vertex 1.32953 -8.07011 -19.0712
      vertex 1.38383 -8.04634 -19.0899
      vertex 1.50201 -7.55796 -19.3637
    endloop
  endfacet
  facet normal 0.0990515 0.468004 0.878158
    outer loop
      vertex 1.38383 -8.04634 -19.0899
      vertex 1.43237 -8.02509 -19.1067
      vertex 1.54957 -7.63784 -19.3263
    endloop
  endfacet
  facet normal 0.0979042 0.470161 0.877134
    outer loop
      vertex 0.612504 -6.816 -19.6608
      vertex 1.13774 -6.94776 -19.6488
      vertex 0.657615 -6.79685 -19.6761
    endloop
  endfacet
  facet normal 0.0973256 0.468493 0.87809
    outer loop
      vertex 0.657615 -6.79685 -19.6761
      vertex 1.13774 -6.94776 -19.6488
      vertex 0.703089 -6.77837 -19.691
    endloop
  endfacet
  facet normal 0.0978463 0.46966 0.877409
    outer loop
      vertex 0.703089 -6.77837 -19.691
      vertex 1.13774 -6.94776 -19.6488
      vertex 1.09418 -6.87498 -19.6829
    endloop
  endfacet
  facet normal 0.0976216 0.468791 0.877898
    outer loop
      vertex 0.748907 -6.76057 -19.7056
      vertex 0.703089 -6.77837 -19.691
      vertex 1.09418 -6.87498 -19.6829
    endloop
  endfacet
  facet normal 0.0970639 0.46728 0.878765
    outer loop
      vertex 0.795048 -6.74345 -19.7198
      vertex 0.748907 -6.76057 -19.7056
      vertex 1.09418 -6.87498 -19.6829
    endloop
  endfacet
  facet normal 0.0971055 0.467361 0.878717
    outer loop
      vertex 1.05597 -6.8112 -19.7126
      vertex 0.795048 -6.74345 -19.7198
      vertex 1.09418 -6.87498 -19.6829
    endloop
  endfacet
  facet normal 0.0969928 0.466952 0.878947
    outer loop
      vertex 1.05597 -6.8112 -19.7126
      vertex 0.809742 -6.73822 -19.7242
      vertex 0.795048 -6.74345 -19.7198
    endloop
  endfacet
  facet normal 0.0971513 0.46835 0.878186
    outer loop
      vertex 0.838195 -6.72815 -19.7328
      vertex 0.824141 -6.73311 -19.7286
      vertex 1.05597 -6.8112 -19.7126
    endloop
  endfacet
  facet normal 0.0975442 0.468551 0.878035
    outer loop
      vertex -2.68472 -2.01698 -21.8555
      vertex -2.71416 -3.09436 -21.2773
      vertex -1.66425 -3.16864 -21.3543
    endloop
  endfacet
  facet normal 0.0979799 0.470253 0.877076
    outer loop
      vertex 0.851859 -6.72335 -19.7369
      vertex 0.838195 -6.72815 -19.7328
      vertex 1.05597 -6.8112 -19.7126
    endloop
  endfacet
  facet normal 0.0992208 0.473842 0.875002
    outer loop
      vertex 1.05597 -6.8112 -19.7126
      vertex 0.824141 -6.73311 -19.7286
      vertex 0.809742 -6.73822 -19.7242
    endloop
  endfacet
  facet normal 0.0975634 0.468564 0.878026
    outer loop
      vertex -2.68472 -2.01698 -21.8555
      vertex -1.66425 -3.16864 -21.3543
      vertex -1.62996 -2.07526 -21.9416
    endloop
  endfacet
  facet normal 0.096214 0.466725 0.879154
    outer loop
      vertex 1.05597 -6.8112 -19.7126
      vertex 0.865084 -6.71873 -19.7408
      vertex 0.851859 -6.72335 -19.7369
    endloop
  endfacet
  facet normal 0.0979085 0.469684 0.877388
    outer loop
      vertex 1.05597 -6.8112 -19.7126
      vertex 1.0242 -6.75825 -19.7374
      vertex 0.865084 -6.71873 -19.7408
    endloop
  endfacet
  facet normal 0.0974275 0.468448 0.878103
    outer loop
      vertex 1.0242 -6.75825 -19.7374
      vertex 0.890026 -6.7101 -19.7482
      vertex 0.877822 -6.71431 -19.7446
    endloop
  endfacet
  facet normal 0.0974975 0.468564 0.878033
    outer loop
      vertex 0.651146 -4.4763 -20.9136
      vertex 0.706285 -2.71827 -21.8579
      vertex -0.362969 -3.2607 -21.4497
    endloop
  endfacet
  facet normal 0.096897 0.467185 0.878834
    outer loop
      vertex 0.912639 -6.70238 -19.7548
      vertex 0.901648 -6.70612 -19.7516
      vertex 1.0242 -6.75825 -19.7374
    endloop
  endfacet
  facet normal 0.0985326 0.472553 0.875777
    outer loop
      vertex 0.922953 -6.69891 -19.7578
      vertex 0.99995 -6.71793 -19.7562
      vertex 0.932541 -6.69572 -19.7606
    endloop
  endfacet
  facet normal 0.0963542 0.466619 0.879195
    outer loop
      vertex 0.932541 -6.69572 -19.7606
      vertex 0.99995 -6.71793 -19.7562
      vertex 0.941357 -6.69283 -19.7631
    endloop
  endfacet
  facet normal 0.0938221 0.461521 0.882154
    outer loop
      vertex 0.941357 -6.69283 -19.7631
      vertex 0.99995 -6.71793 -19.7562
      vertex 0.949351 -6.69025 -19.7653
    endloop
  endfacet
  facet normal 0.0991652 0.463691 0.88043
    outer loop
      vertex 0.984292 -6.69205 -19.7683
      vertex 0.962685 -6.6861 -19.769
      vertex 0.956476 -6.688 -19.7673
    endloop
  endfacet
  facet normal 0.100517 0.466582 0.878748
    outer loop
      vertex 0.972162 -6.68341 -19.7715
      vertex 0.96793 -6.68457 -19.7704
      vertex 0.984292 -6.69205 -19.7683
    endloop
  endfacet
  facet normal 0.0577893 0.584314 0.809467
    outer loop
      vertex 0.975335 -6.68266 -19.7723
      vertex 0.978309 -6.6824 -19.7727
      vertex 0.977399 -6.68231 -19.7727
    endloop
  endfacet
  facet normal 0.079665 0.45402 0.887423
    outer loop
      vertex 0.975335 -6.68266 -19.7723
      vertex 0.984292 -6.69205 -19.7683
      vertex 0.978309 -6.6824 -19.7727
    endloop
  endfacet
  facet normal 0.0975098 0.468546 0.878041
    outer loop
      vertex 0.706285 -2.71827 -21.8579
      vertex -0.331717 -2.12577 -22.0588
      vertex -0.362969 -3.2607 -21.4497
    endloop
  endfacet
  facet normal 0.107925 0.474983 0.873352
    outer loop
      vertex 0.975335 -6.68266 -19.7723
      vertex 0.972162 -6.68341 -19.7715
      vertex 0.984292 -6.69205 -19.7683
    endloop
  endfacet
  facet normal 0.0993962 0.464478 0.879989
    outer loop
      vertex 0.984292 -6.69205 -19.7683
      vertex 0.96793 -6.68457 -19.7704
      vertex 0.962685 -6.6861 -19.769
    endloop
  endfacet
  facet normal 0.100014 0.470429 0.876752
    outer loop
      vertex 0.99995 -6.71793 -19.7562
      vertex 0.984292 -6.69205 -19.7683
      vertex 0.956476 -6.688 -19.7673
    endloop
  endfacet
  facet normal 0.0984541 0.468593 0.877911
    outer loop
      vertex 0.949351 -6.69025 -19.7653
      vertex 0.99995 -6.71793 -19.7562
      vertex 0.956476 -6.688 -19.7673
    endloop
  endfacet
  facet normal 0.0975851 0.468891 0.877849
    outer loop
      vertex 0.922953 -6.69891 -19.7578
      vertex 0.912639 -6.70238 -19.7548
      vertex 0.99995 -6.71793 -19.7562
    endloop
  endfacet
  facet normal 0.0974554 0.468125 0.878272
    outer loop
      vertex 0.99995 -6.71793 -19.7562
      vertex 0.912639 -6.70238 -19.7548
      vertex 1.0242 -6.75825 -19.7374
    endloop
  endfacet
  facet normal 0.0975821 0.468651 0.877977
    outer loop
      vertex 0.714151 -2.46681 -21.993
      vertex -0.331717 -2.12577 -22.0588
      vertex 0.706285 -2.71827 -21.8579
    endloop
  endfacet
  facet normal 0.0970024 0.467399 0.878709
    outer loop
      vertex 1.0242 -6.75825 -19.7374
      vertex 0.901648 -6.70612 -19.7516
      vertex 0.890026 -6.7101 -19.7482
    endloop
  endfacet
  facet normal 0.098196 0.470788 0.876764
    outer loop
      vertex 0.865084 -6.71873 -19.7408
      vertex 1.0242 -6.75825 -19.7374
      vertex 0.877822 -6.71431 -19.7446
    endloop
  endfacet
  facet normal 0.0974982 0.468626 0.878
    outer loop
      vertex 0.721237 -2.23842 -22.1156
      vertex 0.72756 -2.03177 -22.2266
      vertex -0.331717 -2.12577 -22.0588
    endloop
  endfacet
  facet normal 0.0967954 0.468685 0.878046
    outer loop
      vertex 1.5621 -7.96825 -19.1514
      vertex 1.63054 -7.77406 -19.2626
      vertex 1.54003 -7.97793 -19.1438
    endloop
  endfacet
  facet normal 0.0975213 0.468543 0.878042
    outer loop
      vertex -1.61179 -1.51707 -22.2414
      vertex -2.67183 -1.51944 -22.1224
      vertex -1.61585 -1.63616 -22.1774
    endloop
  endfacet
  facet normal 0.102132 0.46652 0.878595
    outer loop
      vertex 1.68543 -7.86684 -19.2192
      vertex 1.65251 -7.92762 -19.1831
      vertex 1.66029 -7.92405 -19.1859
    endloop
  endfacet
  facet normal 0.0991332 0.469944 0.877112
    outer loop
      vertex -2.33077 0.626647 -23.3055
      vertex -2.40807 0.697266 -23.3346
      vertex -2.43708 0.717757 -23.3423
    endloop
  endfacet
  facet normal 0.096588 0.468228 0.878313
    outer loop
      vertex 1.68543 -7.86684 -19.2192
      vertex 1.68611 -7.912 -19.1952
      vertex 1.70041 -7.89244 -19.2072
    endloop
  endfacet
  facet normal 0.0977813 0.468505 0.878033
    outer loop
      vertex -3.07681 -0.28473 -22.7363
      vertex -2.7815 0.848574 -23.3739
      vertex -2.80982 0.853735 -23.3735
    endloop
  endfacet
  facet normal 0.0950496 0.466699 0.879294
    outer loop
      vertex 1.70182 -7.90422 -19.2011
      vertex 1.70041 -7.89244 -19.2072
      vertex 1.69896 -7.90571 -19.2
    endloop
  endfacet
  facet normal 0.0961311 0.468938 0.877984
    outer loop
      vertex -2.75522 0.843112 -23.3739
      vertex -3.07681 -0.28473 -22.7363
      vertex -2.73039 0.837273 -23.3735
    endloop
  endfacet
  facet normal 0.115589 0.467626 0.876336
    outer loop
      vertex 1.70182 -7.90422 -19.2011
      vertex 1.70391 -7.90305 -19.202
      vertex 1.70041 -7.89244 -19.2072
    endloop
  endfacet
  facet normal 0.0974934 0.46855 0.878041
    outer loop
      vertex -3.07681 -0.28473 -22.7363
      vertex -2.70646 0.830982 -23.3728
      vertex -2.73039 0.837273 -23.3735
    endloop
  endfacet
  facet normal -0.0486015 0.569331 0.82067
    outer loop
      vertex 1.70391 -7.90305 -19.202
      vertex 1.70519 -7.90222 -19.2025
      vertex 1.70563 -7.90175 -19.2028
    endloop
  endfacet
  facet normal 0.0979483 0.468414 0.878063
    outer loop
      vertex -2.68285 0.824163 -23.3718
      vertex -3.07681 -0.28473 -22.7363
      vertex -2.65901 0.816741 -23.3705
    endloop
  endfacet
  facet normal 0.0672261 0.456889 0.88698
    outer loop
      vertex 1.70041 -7.89244 -19.2072
      vertex 1.70391 -7.90305 -19.202
      vertex 1.70563 -7.90175 -19.2028
    endloop
  endfacet
  facet normal 0.097015 0.468731 0.877998
    outer loop
      vertex -3.07681 -0.28473 -22.7363
      vertex -2.63435 0.80864 -23.3689
      vertex -2.65901 0.816741 -23.3705
    endloop
  endfacet
  facet normal 0.109621 0.464747 0.878631
    outer loop
      vertex 1.69896 -7.90571 -19.2
      vertex 1.70041 -7.89244 -19.2072
      vertex 1.69537 -7.90751 -19.1986
    endloop
  endfacet
  facet normal 0.0973023 0.468403 0.878141
    outer loop
      vertex -2.23163 0.475201 -23.2357
      vertex -2.2487 0.509118 -23.2519
      vertex -2.57042 0.785922 -23.3639
    endloop
  endfacet
  facet normal 0.0967082 0.468725 0.878034
    outer loop
      vertex 1.69537 -7.90751 -19.1986
      vertex 1.70041 -7.89244 -19.2072
      vertex 1.69107 -7.90962 -19.197
    endloop
  endfacet
  facet normal 0.102216 0.472669 0.875292
    outer loop
      vertex -2.28688 0.571402 -23.2809
      vertex -2.30809 0.599877 -23.2938
      vertex -2.46777 0.736813 -23.3491
    endloop
  endfacet
  facet normal 0.0923463 0.468367 0.878695
    outer loop
      vertex 1.68543 -7.86684 -19.2192
      vertex 1.68052 -7.91465 -19.1932
      vertex 1.68611 -7.912 -19.1952
    endloop
  endfacet
  facet normal 0.0971012 0.46843 0.878149
    outer loop
      vertex -2.40807 0.697266 -23.3346
      vertex -2.35497 0.651765 -23.3162
      vertex -2.38072 0.675287 -23.3259
    endloop
  endfacet
  facet normal 0.0974871 0.468313 0.878168
    outer loop
      vertex 1.66757 -7.92069 -19.1885
      vertex 1.68543 -7.86684 -19.2192
      vertex 1.66029 -7.92405 -19.1859
    endloop
  endfacet
  facet normal 0.0934286 0.465033 0.880349
    outer loop
      vertex -2.33077 0.626647 -23.3055
      vertex -2.35497 0.651765 -23.3162
      vertex -2.40807 0.697266 -23.3346
    endloop
  endfacet
  facet normal 0.094979 0.469246 0.877945
    outer loop
      vertex 1.66178 -7.82678 -19.238
      vertex 1.64428 -7.93138 -19.1802
      vertex 1.65251 -7.92762 -19.1831
    endloop
  endfacet
  facet normal 0.0914477 0.462835 0.881715
    outer loop
      vertex -2.33077 0.626647 -23.3055
      vertex -2.43708 0.717757 -23.3423
      vertex -2.30809 0.599877 -23.2938
    endloop
  endfacet
  facet normal 0.0908834 0.469959 0.877997
    outer loop
      vertex 1.66178 -7.82678 -19.238
      vertex 1.63562 -7.93531 -19.1772
      vertex 1.64428 -7.93138 -19.1802
    endloop
  endfacet
  facet normal 0.0996238 0.47045 0.876785
    outer loop
      vertex -2.5002 0.75449 -23.3549
      vertex -2.28688 0.571402 -23.2809
      vertex -2.46777 0.736813 -23.3491
    endloop
  endfacet
  facet normal 0.0961545 0.468861 0.878022
    outer loop
      vertex 1.61716 -7.94366 -19.1707
      vertex 1.62657 -7.93941 -19.174
      vertex 1.66178 -7.82678 -19.238
    endloop
  endfacet
  facet normal 0.095602 0.466745 0.87921
    outer loop
      vertex -2.2671 0.541167 -23.267
      vertex -2.28688 0.571402 -23.2809
      vertex -2.5002 0.75449 -23.3549
    endloop
  endfacet
  facet normal 0.0958129 0.469528 0.877704
    outer loop
      vertex 1.60744 -7.94804 -19.1672
      vertex 1.66178 -7.82678 -19.238
      vertex 1.59743 -7.95254 -19.1637
    endloop
  endfacet
  facet normal 0.093644 0.46506 0.880313
    outer loop
      vertex -2.2671 0.541167 -23.267
      vertex -2.5002 0.75449 -23.3549
      vertex -2.5344 0.770841 -23.3599
    endloop
  endfacet
  facet normal 0.0987533 0.468238 0.878067
    outer loop
      vertex 1.59743 -7.95254 -19.1637
      vertex 1.66178 -7.82678 -19.238
      vertex 1.63054 -7.77406 -19.2626
    endloop
  endfacet
  facet normal 0.0996603 0.470568 0.876718
    outer loop
      vertex -2.5344 0.770841 -23.3599
      vertex -2.57042 0.785922 -23.3639
      vertex -2.2487 0.509118 -23.2519
    endloop
  endfacet
  facet normal 0.0913104 0.469897 0.877986
    outer loop
      vertex 1.58717 -7.95715 -19.1601
      vertex 1.63054 -7.77406 -19.2626
      vertex 1.57669 -7.96184 -19.1565
    endloop
  endfacet
  facet normal 0.0971233 0.46825 0.878242
    outer loop
      vertex -2.60832 0.799785 -23.3671
      vertex -2.23163 0.475201 -23.2357
      vertex -2.57042 0.785922 -23.3639
    endloop
  endfacet
  facet normal 0.101817 0.46708 0.878333
    outer loop
      vertex 1.57669 -7.96184 -19.1565
      vertex 1.63054 -7.77406 -19.2626
      vertex 1.5621 -7.96825 -19.1514
    endloop
  endfacet
  facet normal 0.0982115 0.469248 0.877588
    outer loop
      vertex -2.21587 0.439361 -23.2183
      vertex -2.23163 0.475201 -23.2357
      vertex -2.60832 0.799785 -23.3671
    endloop
  endfacet
  facet normal 0.0983217 0.468433 0.878011
    outer loop
      vertex 1.59277 -7.71047 -19.2924
      vertex 1.51082 -7.99073 -19.1337
      vertex 1.54003 -7.97793 -19.1438
    endloop
  endfacet
  facet normal 0.0975988 0.46853 0.87804
    outer loop
      vertex -2.20135 0.401544 -23.1998
      vertex -2.63435 0.80864 -23.3689
      vertex -3.02927 -0.300978 -22.7329
    endloop
  endfacet
  facet normal 0.0970609 0.468777 0.877968
    outer loop
      vertex 1.59277 -7.71047 -19.2924
      vertex 1.47482 -8.0065 -19.1213
      vertex 1.51082 -7.99073 -19.1337
    endloop
  endfacet
  facet normal 0.0973521 0.468758 0.877945
    outer loop
      vertex -2.20135 0.401544 -23.1998
      vertex -3.02927 -0.300978 -22.7329
      vertex -2.18804 0.361696 -23.18
    endloop
  endfacet
  facet normal 0.0983349 0.468326 0.878067
    outer loop
      vertex 1.59277 -7.71047 -19.2924
      vertex 1.54957 -7.63784 -19.3263
      vertex 1.47482 -8.0065 -19.1213
    endloop
  endfacet
  facet normal 0.100915 0.464541 0.879783
    outer loop
      vertex -2.15184 0.212808 -23.1046
      vertex -2.15339 0.221099 -23.1088
      vertex -2.98537 -0.319164 -22.7281
    endloop
  endfacet
  facet normal 0.0982133 0.468296 0.878096
    outer loop
      vertex 1.39813 -7.38371 -19.4451
      vertex 1.20507 -8.12457 -19.0284
      vertex 1.45117 -7.47265 -19.4036
    endloop
  endfacet
  facet normal 0.0969926 0.468694 0.87802
    outer loop
      vertex 1.06175 -8.18726 -18.979
      vertex 1.1356 -8.15496 -19.0044
      vertex 1.39813 -7.38371 -19.4451
    endloop
  endfacet
  facet normal 0.0975622 0.468549 0.878034
    outer loop
      vertex 0.226148 -7.01652 -19.5109
      vertex 1.06175 -8.18726 -18.979
      vertex 1.34398 -7.29294 -19.4876
    endloop
  endfacet
  facet normal 0.0969096 0.468201 0.878292
    outer loop
      vertex 0.226148 -7.01652 -19.5109
      vertex 0.185766 -7.04174 -19.493
      vertex 1.06175 -8.18726 -18.979
    endloop
  endfacet
  facet normal 0.0974155 0.468493 0.87808
    outer loop
      vertex 1.06175 -8.18726 -18.979
      vertex 0.185766 -7.04174 -19.493
      vertex 0.983887 -8.2213 -18.9522
    endloop
  endfacet
  facet normal 0.0980115 0.468792 0.877854
    outer loop
      vertex 0.983887 -8.2213 -18.9522
      vertex 0.185766 -7.04174 -19.493
      vertex 0.145966 -7.0675 -19.4748
    endloop
  endfacet
  facet normal 0.0977081 0.468627 0.877976
    outer loop
      vertex 0.106769 -7.0938 -19.4564
      vertex 0.983887 -8.2213 -18.9522
      vertex 0.145966 -7.0675 -19.4748
    endloop
  endfacet
  facet normal 0.0976841 0.468613 0.877986
    outer loop
      vertex 0.106769 -7.0938 -19.4564
      vertex 0.902345 -8.25695 -18.9241
      vertex 0.983887 -8.2213 -18.9522
    endloop
  endfacet
  facet normal 0.0975061 0.468522 0.878054
    outer loop
      vertex 0.106769 -7.0938 -19.4564
      vertex 0.0681934 -7.12063 -19.4378
      vertex 0.902345 -8.25695 -18.9241
    endloop
  endfacet
  facet normal 0.0974936 0.468515 0.878059
    outer loop
      vertex 0.902345 -8.25695 -18.9241
      vertex 0.0681934 -7.12063 -19.4378
      vertex 0.0302596 -7.14797 -19.419
    endloop
  endfacet
  facet normal 0.0975887 0.468572 0.878019
    outer loop
      vertex -0.00701222 -7.17581 -19.4
      vertex 0.902345 -8.25695 -18.9241
      vertex 0.0302596 -7.14797 -19.419
    endloop
  endfacet
  facet normal 0.0973563 0.468423 0.878124
    outer loop
      vertex -0.00701222 -7.17581 -19.4
      vertex 0.817474 -8.29405 -18.8949
      vertex 0.902345 -8.25695 -18.9241
    endloop
  endfacet
  facet normal 0.0977329 0.468631 0.877971
    outer loop
      vertex -0.00701222 -7.17581 -19.4
      vertex -0.043602 -7.20415 -19.3808
      vertex 0.817474 -8.29405 -18.8949
    endloop
  endfacet
  facet normal 0.0970907 0.468247 0.878247
    outer loop
      vertex 0.817474 -8.29405 -18.8949
      vertex -0.043602 -7.20415 -19.3808
      vertex -0.125359 -7.2716 -19.3358
    endloop
  endfacet
  facet normal 0.0978982 0.468821 0.877851
    outer loop
      vertex 0.729619 -8.33244 -18.8646
      vertex 0.817474 -8.29405 -18.8949
      vertex -0.125359 -7.2716 -19.3358
    endloop
  endfacet
  facet normal 0.0976998 0.4687 0.877938
    outer loop
      vertex -0.203886 -7.34177 -19.2896
      vertex 0.729619 -8.33244 -18.8646
      vertex -0.125359 -7.2716 -19.3358
    endloop
  endfacet
  facet normal 0.097217 0.468348 0.878179
    outer loop
      vertex -0.203886 -7.34177 -19.2896
      vertex 0.639125 -8.37197 -18.8335
      vertex 0.729619 -8.33244 -18.8646
    endloop
  endfacet
  facet normal 0.0976004 0.468587 0.878009
    outer loop
      vertex -0.203886 -7.34177 -19.2896
      vertex -0.279121 -7.41454 -19.2424
      vertex 0.639125 -8.37197 -18.8335
    endloop
  endfacet
  facet normal 0.0979499 0.468846 0.877832
    outer loop
      vertex 0.639125 -8.37197 -18.8335
      vertex -0.279121 -7.41454 -19.2424
      vertex 0.54634 -8.4125 -18.8015
    endloop
  endfacet
  facet normal 0.0971885 0.468367 0.878172
    outer loop
      vertex 0.54634 -8.4125 -18.8015
      vertex -0.279121 -7.41454 -19.2424
      vertex -0.351003 -7.48981 -19.1943
    endloop
  endfacet
  facet normal 0.0975061 0.468607 0.878009
    outer loop
      vertex 0.451609 -8.45387 -18.7689
      vertex 0.54634 -8.4125 -18.8015
      vertex -0.351003 -7.48981 -19.1943
    endloop
  endfacet
  facet normal 0.0979095 0.468862 0.877828
    outer loop
      vertex -0.41947 -7.56744 -19.1452
      vertex 0.451609 -8.45387 -18.7689
      vertex -0.351003 -7.48981 -19.1943
    endloop
  endfacet
  facet normal 0.0972824 0.468384 0.878153
    outer loop
      vertex -0.41947 -7.56744 -19.1452
      vertex 0.355278 -8.49592 -18.7358
      vertex 0.451609 -8.45387 -18.7689
    endloop
  endfacet
  facet normal 0.0971786 0.468318 0.8782
    outer loop
      vertex -0.41947 -7.56744 -19.1452
      vertex -0.484461 -7.64734 -19.0954
      vertex 0.355278 -8.49592 -18.7358
    endloop
  endfacet
  facet normal 0.0974397 0.468519 0.878064
    outer loop
      vertex 0.355278 -8.49592 -18.7358
      vertex -0.484461 -7.64734 -19.0954
      vertex -0.545915 -7.72939 -19.0448
    endloop
  endfacet
  facet normal 0.0974408 0.46852 0.878063
    outer loop
      vertex 0.160418 -8.58096 -18.6688
      vertex 0.355278 -8.49592 -18.7358
      vertex -0.545915 -7.72939 -19.0448
    endloop
  endfacet
  facet normal 0.097545 0.468586 0.878016
    outer loop
      vertex -0.603771 -7.81347 -18.9935
      vertex 0.160418 -8.58096 -18.6688
      vertex -0.545915 -7.72939 -19.0448
    endloop
  endfacet
  facet normal 0.0971176 0.468604 0.878054
    outer loop
      vertex -0.994975 -8.93916 -18.3493
      vertex -1.00629 -9.09215 -18.2664
      vertex -0.968819 -9.07462 -18.2799
    endloop
  endfacet
  facet normal 0.0974701 0.468528 0.878056
    outer loop
      vertex -0.603771 -7.81347 -18.9935
      vertex -0.657966 -7.89946 -18.9416
      vertex 0.160418 -8.58096 -18.6688
    endloop
  endfacet
  facet normal 0.0973771 0.468439 0.878113
    outer loop
      vertex 0.160418 -8.58096 -18.6688
      vertex -0.657966 -7.89946 -18.9416
      vertex 0.0649989 -8.62261 -18.636
    endloop
  endfacet
  facet normal 0.0977665 0.468742 0.877908
    outer loop
      vertex 0.0649989 -8.62261 -18.636
      vertex -0.657966 -7.89946 -18.9416
      vertex -0.70844 -7.98726 -18.8891
    endloop
  endfacet
  facet normal 0.0976217 0.468602 0.877999
    outer loop
      vertex -0.0282418 -8.66333 -18.6039
      vertex 0.0649989 -8.62261 -18.636
      vertex -0.70844 -7.98726 -18.8891
    endloop
  endfacet
  facet normal 0.0972973 0.468348 0.878171
    outer loop
      vertex -0.75513 -8.07675 -18.8362
      vertex -0.0282418 -8.66333 -18.6039
      vertex -0.70844 -7.98726 -18.8891
    endloop
  endfacet
  facet normal 0.0979152 0.468957 0.877777
    outer loop
      vertex -0.75513 -8.07675 -18.8362
      vertex -0.118983 -8.70297 -18.5726
      vertex -0.0282418 -8.66333 -18.6039
    endloop
  endfacet
  facet normal 0.0977718 0.468844 0.877853
    outer loop
      vertex -0.75513 -8.07675 -18.8362
      vertex -0.797976 -8.1678 -18.7828
      vertex -0.118983 -8.70297 -18.5726
    endloop
  endfacet
  facet normal 0.0971348 0.468199 0.878268
    outer loop
      vertex -0.118983 -8.70297 -18.5726
      vertex -0.797976 -8.1678 -18.7828
      vertex -0.206904 -8.74138 -18.5424
    endloop
  endfacet
  facet normal 0.0975763 0.468554 0.87803
    outer loop
      vertex -0.206904 -8.74138 -18.5424
      vertex -0.797976 -8.1678 -18.7828
      vertex -0.836916 -8.26032 -18.7291
    endloop
  endfacet
  facet normal 0.0976185 0.468598 0.878002
    outer loop
      vertex -0.291684 -8.77843 -18.5132
      vertex -0.206904 -8.74138 -18.5424
      vertex -0.836916 -8.26032 -18.7291
    endloop
  endfacet
  facet normal 0.0977268 0.468687 0.877942
    outer loop
      vertex -0.87189 -8.35418 -18.6751
      vertex -0.291684 -8.77843 -18.5132
      vertex -0.836916 -8.26032 -18.7291
    endloop
  endfacet
  facet normal 0.0975397 0.468481 0.878073
    outer loop
      vertex -0.87189 -8.35418 -18.6751
      vertex -0.373 -8.81398 -18.4852
      vertex -0.291684 -8.77843 -18.5132
    endloop
  endfacet
  facet normal 0.0971018 0.468108 0.87832
    outer loop
      vertex -0.87189 -8.35418 -18.6751
      vertex -0.902834 -8.44927 -18.621
      vertex -0.373 -8.81398 -18.4852
    endloop
  endfacet
  facet normal 0.0975273 0.468609 0.878006
    outer loop
      vertex -0.373 -8.81398 -18.4852
      vertex -0.902834 -8.44927 -18.621
      vertex -0.450533 -8.84787 -18.4585
    endloop
  endfacet
  facet normal 0.0979386 0.468977 0.877763
    outer loop
      vertex -0.450533 -8.84787 -18.4585
      vertex -0.902834 -8.44927 -18.621
      vertex -0.929688 -8.54548 -18.5666
    endloop
  endfacet
  facet normal 0.0976227 0.468567 0.878017
    outer loop
      vertex -0.52396 -8.87998 -18.4332
      vertex -0.450533 -8.84787 -18.4585
      vertex -0.929688 -8.54548 -18.5666
    endloop
  endfacet
  facet normal 0.0976431 0.468587 0.878005
    outer loop
      vertex -0.952391 -8.64268 -18.5122
      vertex -0.52396 -8.87998 -18.4332
      vertex -0.929688 -8.54548 -18.5666
    endloop
  endfacet
  facet normal 0.0977694 0.468777 0.877889
    outer loop
      vertex -0.952391 -8.64268 -18.5122
      vertex -0.59296 -8.91016 -18.4094
      vertex -0.52396 -8.87998 -18.4332
    endloop
  endfacet
  facet normal 0.0975668 0.468558 0.878029
    outer loop
      vertex -0.952391 -8.64268 -18.5122
      vertex -0.97088 -8.74077 -18.4578
      vertex -0.59296 -8.91016 -18.4094
    endloop
  endfacet
  facet normal 0.0973176 0.468082 0.87831
    outer loop
      vertex -0.59296 -8.91016 -18.4094
      vertex -0.97088 -8.74077 -18.4578
      vertex -0.657212 -8.93827 -18.3873
    endloop
  endfacet
  facet normal 0.0976774 0.46855 0.87802
    outer loop
      vertex -0.657212 -8.93827 -18.3873
      vertex -0.97088 -8.74077 -18.4578
      vertex -0.716395 -8.96416 -18.3669
    endloop
  endfacet
  facet normal 0.0973988 0.4683 0.878185
    outer loop
      vertex -0.716395 -8.96416 -18.3669
      vertex -0.97088 -8.74077 -18.4578
      vertex -0.985096 -8.83964 -18.4035
    endloop
  endfacet
  facet normal 0.097256 0.468038 0.87834
    outer loop
      vertex -0.770188 -8.9877 -18.3484
      vertex -0.716395 -8.96416 -18.3669
      vertex -0.985096 -8.83964 -18.4035
    endloop
  endfacet
  facet normal 0.0979232 0.468823 0.877848
    outer loop
      vertex -0.818269 -9.00874 -18.3318
      vertex -0.770188 -8.9877 -18.3484
      vertex -0.985096 -8.83964 -18.4035
    endloop
  endfacet
  facet normal 0.0979255 0.46873 0.877897
    outer loop
      vertex 1.41746 -10.5423 -17.7618
      vertex 1.36092 -10.5082 -17.7737
      vertex 1.47926 -10.859 -17.5996
    endloop
  endfacet
  facet normal 0.0975271 0.468519 0.878054
    outer loop
      vertex -0.994975 -8.93916 -18.3493
      vertex -0.818269 -9.00874 -18.3318
      vertex -0.985096 -8.83964 -18.4035
    endloop
  endfacet
  facet normal 0.0975704 0.468615 0.877998
    outer loop
      vertex -0.994975 -8.93916 -18.3493
      vertex -0.925029 -9.05546 -18.295
      vertex -0.818269 -9.00874 -18.3318
    endloop
  endfacet
  facet normal 0.0966608 0.468478 0.878171
    outer loop
      vertex 1.36092 -10.5082 -17.7737
      vertex 1.43097 -10.9268 -17.5581
      vertex 1.45582 -10.892 -17.5794
    endloop
  endfacet
  facet normal 0.0978001 0.468716 0.877918
    outer loop
      vertex -0.994975 -8.93916 -18.3493
      vertex -0.947051 -9.0651 -18.2874
      vertex -0.925029 -9.05546 -18.295
    endloop
  endfacet
  facet normal 0.0942665 0.467801 0.878792
    outer loop
      vertex -0.994975 -8.93916 -18.3493
      vertex -0.961754 -9.07153 -18.2824
      vertex -0.947051 -9.0651 -18.2874
    endloop
  endfacet
  facet normal 0.0965992 0.468434 0.878202
    outer loop
      vertex 1.29832 -10.4705 -17.7869
      vertex 1.40481 -10.9634 -17.5357
      vertex 1.43097 -10.9268 -17.5581
    endloop
  endfacet
  facet normal 0.104921 0.469426 0.876716
    outer loop
      vertex -0.994975 -8.93916 -18.3493
      vertex -0.968819 -9.07462 -18.2799
      vertex -0.961754 -9.07153 -18.2824
    endloop
  endfacet
  facet normal 0.0984723 0.470307 0.876992
    outer loop
      vertex -1.00583 -9.24245 -18.1863
      vertex -1.00562 -9.26226 -18.1757
      vertex 0.307978 -9.87817 -17.9929
    endloop
  endfacet
  facet normal 0.0992339 0.46886 0.87768
    outer loop
      vertex 1.23 -10.4294 -17.8012
      vertex 1.37745 -11.0016 -17.5122
      vertex 1.40481 -10.9634 -17.5357
    endloop
  endfacet
  facet normal 0.0975199 0.468533 0.878047
    outer loop
      vertex 1.1563 -10.3852 -17.8166
      vertex 1.34898 -11.0413 -17.4879
      vertex 1.23 -10.4294 -17.8012
    endloop
  endfacet
  facet normal 0.0974847 0.468512 0.878062
    outer loop
      vertex -1.00343 -9.17406 -18.223
      vertex 0.307978 -9.87817 -17.9929
      vertex -0.997862 -9.10044 -18.2629
    endloop
  endfacet
  facet normal 0.0975426 0.468602 0.878008
    outer loop
      vertex -1.00529 -9.2059 -18.2058
      vertex 0.307978 -9.87817 -17.9929
      vertex -1.00343 -9.17406 -18.223
    endloop
  endfacet
  facet normal 0.191436 0.457815 0.868192
    outer loop
      vertex -1.00529 -9.2059 -18.2058
      vertex -1.00343 -9.17406 -18.223
      vertex -1.00453 -9.18934 -18.2147
    endloop
  endfacet
  facet normal 0.0982365 0.468763 0.877844
    outer loop
      vertex 1.50118 -10.8282 -17.6185
      vertex 1.41746 -10.5423 -17.7618
      vertex 1.47926 -10.859 -17.5996
    endloop
  endfacet
  facet normal 0.0986127 0.468579 0.8779
    outer loop
      vertex 1.52149 -10.7995 -17.6361
      vertex 1.46759 -10.5727 -17.7511
      vertex 1.50118 -10.8282 -17.6185
    endloop
  endfacet
  facet normal 0.0977196 0.468452 0.878068
    outer loop
      vertex 1.52149 -10.7995 -17.6361
      vertex 1.54008 -10.7732 -17.6522
      vertex 1.46759 -10.5727 -17.7511
    endloop
  endfacet
  facet normal 0.0977773 0.468466 0.878054
    outer loop
      vertex 1.46759 -10.5727 -17.7511
      vertex 1.54008 -10.7732 -17.6522
      vertex 1.51098 -10.599 -17.7419
    endloop
  endfacet
  facet normal 0.0963637 0.468274 0.878313
    outer loop
      vertex 1.51098 -10.599 -17.7419
      vertex 1.55685 -10.7493 -17.6668
      vertex 1.54728 -10.6211 -17.7341
    endloop
  endfacet
  facet normal 0.100007 0.468319 0.877882
    outer loop
      vertex 1.54728 -10.6211 -17.7341
      vertex 1.55685 -10.7493 -17.6668
      vertex 1.57169 -10.7281 -17.6798
    endloop
  endfacet
  facet normal 0.0966662 0.468527 0.878145
    outer loop
      vertex 1.57614 -10.6389 -17.7279
      vertex 1.58451 -10.7096 -17.6911
      vertex 1.5952 -10.694 -17.7006
    endloop
  endfacet
  facet normal 0.0938077 0.467469 0.879018
    outer loop
      vertex 1.59722 -10.652 -17.7232
      vertex 1.60367 -10.6815 -17.7082
      vertex 1.6098 -10.6722 -17.7138
    endloop
  endfacet
  facet normal 0.0863339 0.47289 0.876882
    outer loop
      vertex 1.61017 -10.6604 -17.7202
      vertex 1.6098 -10.6722 -17.7138
      vertex 1.6135 -10.6662 -17.7174
    endloop
  endfacet
  facet normal 0.0985727 0.477962 0.872832
    outer loop
      vertex 1.61466 -10.6637 -17.7189
      vertex 1.61017 -10.6604 -17.7202
      vertex 1.6135 -10.6662 -17.7174
    endloop
  endfacet
  facet normal 0.103117 0.471721 0.875697
    outer loop
      vertex 1.61017 -10.6604 -17.7202
      vertex 1.59722 -10.652 -17.7232
      vertex 1.6098 -10.6722 -17.7138
    endloop
  endfacet
  facet normal 0.0975391 0.467948 0.878357
    outer loop
      vertex 1.59722 -10.652 -17.7232
      vertex 1.5952 -10.694 -17.7006
      vertex 1.60367 -10.6815 -17.7082
    endloop
  endfacet
  facet normal 0.0950566 0.468155 0.878519
    outer loop
      vertex 1.59722 -10.652 -17.7232
      vertex 1.57614 -10.6389 -17.7279
      vertex 1.5952 -10.694 -17.7006
    endloop
  endfacet
  facet normal 0.100548 0.468709 0.877612
    outer loop
      vertex 1.57614 -10.6389 -17.7279
      vertex 1.54728 -10.6211 -17.7341
      vertex 1.58451 -10.7096 -17.6911
    endloop
  endfacet
  facet normal 0.0985162 0.468119 0.878157
    outer loop
      vertex 1.58451 -10.7096 -17.6911
      vertex 1.54728 -10.6211 -17.7341
      vertex 1.57169 -10.7281 -17.6798
    endloop
  endfacet
  facet normal 0.0969975 0.468399 0.878177
    outer loop
      vertex 1.51098 -10.599 -17.7419
      vertex 1.54008 -10.7732 -17.6522
      vertex 1.55685 -10.7493 -17.6668
    endloop
  endfacet
  facet normal 0.0966453 0.468466 0.87818
    outer loop
      vertex 1.50118 -10.8282 -17.6185
      vertex 1.46759 -10.5727 -17.7511
      vertex 1.41746 -10.5423 -17.7618
    endloop
  endfacet
  facet normal 0.0970812 0.468541 0.878091
    outer loop
      vertex 1.47926 -10.859 -17.5996
      vertex 1.36092 -10.5082 -17.7737
      vertex 1.45582 -10.892 -17.5794
    endloop
  endfacet
  facet normal 0.0969889 0.468506 0.87812
    outer loop
      vertex 1.36092 -10.5082 -17.7737
      vertex 1.29832 -10.4705 -17.7869
      vertex 1.43097 -10.9268 -17.5581
    endloop
  endfacet
  facet normal 0.0981613 0.46863 0.877924
    outer loop
      vertex 1.29832 -10.4705 -17.7869
      vertex 1.23 -10.4294 -17.8012
      vertex 1.40481 -10.9634 -17.5357
    endloop
  endfacet
  facet normal 0.0964187 0.468413 0.878233
    outer loop
      vertex 1.23 -10.4294 -17.8012
      vertex 1.34898 -11.0413 -17.4879
      vertex 1.37745 -11.0016 -17.5122
    endloop
  endfacet
  facet normal 0.0985095 0.468718 0.877838
    outer loop
      vertex 1.1563 -10.3852 -17.8166
      vertex 1.3195 -11.0823 -17.4627
      vertex 1.34898 -11.0413 -17.4879
    endloop
  endfacet
  facet normal 0.0968371 0.468485 0.878149
    outer loop
      vertex 1.1563 -10.3852 -17.8166
      vertex 1.07758 -10.338 -17.8331
      vertex 1.3195 -11.0823 -17.4627
    endloop
  endfacet
  facet normal 0.0975687 0.468641 0.877984
    outer loop
      vertex 1.3195 -11.0823 -17.4627
      vertex 1.07758 -10.338 -17.8331
      vertex 1.28913 -11.1245 -17.4368
    endloop
  endfacet
  facet normal 0.0960207 0.46838 0.878294
    outer loop
      vertex 1.28913 -11.1245 -17.4368
      vertex 1.07758 -10.338 -17.8331
      vertex 1.25795 -11.1678 -17.4103
    endloop
  endfacet
  facet normal 0.097747 0.468599 0.877987
    outer loop
      vertex 1.25795 -11.1678 -17.4103
      vertex 1.07758 -10.338 -17.8331
      vertex 0.994171 -10.288 -17.8505
    endloop
  endfacet
  facet normal 0.0970145 0.468458 0.878143
    outer loop
      vertex 1.22608 -11.212 -17.3832
      vertex 1.25795 -11.1678 -17.4103
      vertex 0.994171 -10.288 -17.8505
    endloop
  endfacet
  facet normal 0.0976727 0.467806 0.878418
    outer loop
      vertex 1.19402 -11.256 -17.3561
      vertex 0.14959 -11.3825 -17.1726
      vertex 1.1626 -11.2992 -17.3296
    endloop
  endfacet
  facet normal 0.0974884 0.46868 0.877972
    outer loop
      vertex 1.19402 -11.256 -17.3561
      vertex 0.0513262 -11.3053 -17.2029
      vertex 0.14959 -11.3825 -17.1726
    endloop
  endfacet
  facet normal 0.098163 0.466082 0.879279
    outer loop
      vertex 1.04533 -11.4605 -17.2305
      vertex 0.400426 -11.5537 -17.1091
      vertex 0.413222 -11.5613 -17.1065
    endloop
  endfacet
  facet normal 0.0955547 0.475093 0.874732
    outer loop
      vertex 1.01865 -11.4972 -17.2079
      vertex 0.47016 -11.5942 -17.0953
      vertex 0.485456 -11.6028 -17.0923
    endloop
  endfacet
  facet normal 0.097579 0.468508 0.878054
    outer loop
      vertex 0.993231 -11.5322 -17.1864
      vertex 1.01865 -11.4972 -17.2079
      vertex 0.485456 -11.6028 -17.0923
    endloop
  endfacet
  facet normal 0.0970583 0.470245 0.877183
    outer loop
      vertex 0.969189 -11.5653 -17.1661
      vertex 0.532689 -11.6291 -17.0836
      vertex 0.548631 -11.6378 -17.0807
    endloop
  endfacet
  facet normal 0.0975424 0.46849 0.878067
    outer loop
      vertex 0.946624 -11.5964 -17.147
      vertex 0.969189 -11.5653 -17.1661
      vertex 0.580359 -11.6549 -17.0751
    endloop
  endfacet
  facet normal 0.0982778 0.465644 0.879498
    outer loop
      vertex 0.595996 -11.6633 -17.0724
      vertex 0.946624 -11.5964 -17.147
      vertex 0.580359 -11.6549 -17.0751
    endloop
  endfacet
  facet normal 0.0973449 0.469226 0.877696
    outer loop
      vertex 0.626438 -11.6792 -17.0672
      vertex 0.925641 -11.6253 -17.1292
      vertex 0.611381 -11.6714 -17.0697
    endloop
  endfacet
  facet normal 0.098345 0.465854 0.879379
    outer loop
      vertex 0.661323 -11.6972 -17.0615
      vertex 0.906347 -11.6519 -17.1129
      vertex 0.641093 -11.6867 -17.0648
    endloop
  endfacet
  facet normal 0.0980189 0.467317 0.878639
    outer loop
      vertex 0.641093 -11.6867 -17.0648
      vertex 0.906347 -11.6519 -17.1129
      vertex 0.925641 -11.6253 -17.1292
    endloop
  endfacet
  facet normal 0.0969447 0.469697 0.877489
    outer loop
      vertex 0.680057 -11.7068 -17.0585
      vertex 0.697349 -11.7156 -17.0557
      vertex 0.888847 -11.6761 -17.098
    endloop
  endfacet
  facet normal 0.0972965 0.468504 0.878087
    outer loop
      vertex 0.888847 -11.6761 -17.098
      vertex 0.713256 -11.7236 -17.0532
      vertex 0.873246 -11.6976 -17.0848
    endloop
  endfacet
  facet normal 0.0969099 0.469977 0.877342
    outer loop
      vertex 0.873246 -11.6976 -17.0848
      vertex 0.713256 -11.7236 -17.0532
      vertex 0.727836 -11.7309 -17.0509
    endloop
  endfacet
  facet normal 0.0978351 0.46687 0.878897
    outer loop
      vertex 0.85965 -11.7164 -17.0733
      vertex 0.873246 -11.6976 -17.0848
      vertex 0.741143 -11.7375 -17.0489
    endloop
  endfacet
  facet normal 0.0980628 0.467661 0.878451
    outer loop
      vertex 0.848165 -11.7324 -17.0635
      vertex 0.85965 -11.7164 -17.0733
      vertex 0.753235 -11.7433 -17.0471
    endloop
  endfacet
  facet normal 0.0980441 0.467909 0.878321
    outer loop
      vertex 0.773998 -11.7529 -17.0443
      vertex 0.848165 -11.7324 -17.0635
      vertex 0.764168 -11.7484 -17.0456
    endloop
  endfacet
  facet normal 0.096774 0.471058 0.876778
    outer loop
      vertex 0.773998 -11.7529 -17.0443
      vertex 0.838896 -11.7452 -17.0556
      vertex 0.848165 -11.7324 -17.0635
    endloop
  endfacet
  facet normal 0.0997228 0.463034 0.880713
    outer loop
      vertex 0.782781 -11.7567 -17.0432
      vertex 0.790574 -11.7599 -17.0424
      vertex 0.838896 -11.7452 -17.0556
    endloop
  endfacet
  facet normal 0.0977162 0.461287 0.881853
    outer loop
      vertex 0.790574 -11.7599 -17.0424
      vertex 0.797433 -11.7625 -17.0418
      vertex 0.831948 -11.7549 -17.0496
    endloop
  endfacet
  facet normal 0.0992419 0.459102 0.882823
    outer loop
      vertex 0.831948 -11.7549 -17.0496
      vertex 0.803414 -11.7645 -17.0414
      vertex 0.808574 -11.766 -17.0412
    endloop
  endfacet
  facet normal 0.0924577 0.469712 0.877965
    outer loop
      vertex 0.827428 -11.7613 -17.0457
      vertex 0.831948 -11.7549 -17.0496
      vertex 0.808574 -11.766 -17.0412
    endloop
  endfacet
  facet normal 0.0772582 0.495667 0.865069
    outer loop
      vertex 0.816655 -11.7673 -17.0413
      vertex 0.827428 -11.7613 -17.0457
      vertex 0.812969 -11.7669 -17.0412
    endloop
  endfacet
  facet normal 0.0948501 0.463185 0.881172
    outer loop
      vertex 0.812969 -11.7669 -17.0412
      vertex 0.827428 -11.7613 -17.0457
      vertex 0.808574 -11.766 -17.0412
    endloop
  endfacet
  facet normal 0.0992431 0.478597 0.872408
    outer loop
      vertex 0.816655 -11.7673 -17.0413
      vertex 0.819689 -11.7672 -17.0417
      vertex 0.82544 -11.7642 -17.044
    endloop
  endfacet
  facet normal 0.0944977 0.485268 0.869244
    outer loop
      vertex 0.82544 -11.7642 -17.044
      vertex 0.819689 -11.7672 -17.0417
      vertex 0.822127 -11.7666 -17.0423
    endloop
  endfacet
  facet normal 0.158628 0.415462 0.895672
    outer loop
      vertex 0.824025 -11.7656 -17.0431
      vertex 0.82544 -11.7642 -17.044
      vertex 0.822127 -11.7666 -17.0423
    endloop
  endfacet
  facet normal 0.117946 0.440774 0.889836
    outer loop
      vertex 0.827428 -11.7613 -17.0457
      vertex 0.816655 -11.7673 -17.0413
      vertex 0.82544 -11.7642 -17.044
    endloop
  endfacet
  facet normal 0.0965587 0.464787 0.880142
    outer loop
      vertex 0.831948 -11.7549 -17.0496
      vertex 0.797433 -11.7625 -17.0418
      vertex 0.803414 -11.7645 -17.0414
    endloop
  endfacet
  facet normal 0.095164 0.473475 0.875651
    outer loop
      vertex 0.838896 -11.7452 -17.0556
      vertex 0.790574 -11.7599 -17.0424
      vertex 0.831948 -11.7549 -17.0496
    endloop
  endfacet
  facet normal 0.0959529 0.474993 0.874743
    outer loop
      vertex 0.773998 -11.7529 -17.0443
      vertex 0.782781 -11.7567 -17.0432
      vertex 0.838896 -11.7452 -17.0556
    endloop
  endfacet
  facet normal 0.0979441 0.468246 0.878153
    outer loop
      vertex 0.764168 -11.7484 -17.0456
      vertex 0.848165 -11.7324 -17.0635
      vertex 0.753235 -11.7433 -17.0471
    endloop
  endfacet
  facet normal 0.0962416 0.472524 0.876047
    outer loop
      vertex 0.753235 -11.7433 -17.0471
      vertex 0.85965 -11.7164 -17.0733
      vertex 0.741143 -11.7375 -17.0489
    endloop
  endfacet
  facet normal 0.0985387 0.465245 0.87968
    outer loop
      vertex 0.741143 -11.7375 -17.0489
      vertex 0.873246 -11.6976 -17.0848
      vertex 0.727836 -11.7309 -17.0509
    endloop
  endfacet
  facet normal 0.0974269 0.468174 0.878249
    outer loop
      vertex 0.888847 -11.6761 -17.098
      vertex 0.697349 -11.7156 -17.0557
      vertex 0.713256 -11.7236 -17.0532
    endloop
  endfacet
  facet normal 0.0974711 0.468205 0.878227
    outer loop
      vertex -0.808688 -11.3448 -17.0863
      vertex -2.23522 -10.9863 -17.1191
      vertex -0.789123 -11.4179 -17.0495
    endloop
  endfacet
  facet normal 0.0968442 0.47011 0.877278
    outer loop
      vertex 0.906347 -11.6519 -17.1129
      vertex 0.680057 -11.7068 -17.0585
      vertex 0.888847 -11.6761 -17.098
    endloop
  endfacet
  facet normal 0.0981991 0.466359 0.879128
    outer loop
      vertex 0.906347 -11.6519 -17.1129
      vertex 0.661323 -11.6972 -17.0615
      vertex 0.680057 -11.7068 -17.0585
    endloop
  endfacet
  facet normal 0.0970386 0.470303 0.877154
    outer loop
      vertex 0.626438 -11.6792 -17.0672
      vertex 0.641093 -11.6867 -17.0648
      vertex 0.925641 -11.6253 -17.1292
    endloop
  endfacet
  facet normal 0.0975916 0.468661 0.877971
    outer loop
      vertex -0.830284 -11.2723 -17.1226
      vertex -2.23522 -10.9863 -17.1191
      vertex -0.808688 -11.3448 -17.0863
    endloop
  endfacet
  facet normal 0.0971987 0.469828 0.87739
    outer loop
      vertex 0.611381 -11.6714 -17.0697
      vertex 0.925641 -11.6253 -17.1292
      vertex 0.946624 -11.5964 -17.147
    endloop
  endfacet
  facet normal 0.0958403 0.473832 0.875384
    outer loop
      vertex 0.595996 -11.6633 -17.0724
      vertex 0.611381 -11.6714 -17.0697
      vertex 0.946624 -11.5964 -17.147
    endloop
  endfacet
  facet normal 0.0991003 0.463981 0.880284
    outer loop
      vertex 0.580359 -11.6549 -17.0751
      vertex 0.969189 -11.5653 -17.1661
      vertex 0.564546 -11.6464 -17.0778
    endloop
  endfacet
  facet normal 0.0975891 0.468648 0.877978
    outer loop
      vertex -0.853905 -11.2005 -17.1583
      vertex -2.23522 -10.9863 -17.1191
      vertex -0.830284 -11.2723 -17.1226
    endloop
  endfacet
  facet normal 0.096212 0.473316 0.875623
    outer loop
      vertex 0.564546 -11.6464 -17.0778
      vertex 0.969189 -11.5653 -17.1661
      vertex 0.548631 -11.6378 -17.0807
    endloop
  endfacet
  facet normal 0.0976494 0.467803 0.878422
    outer loop
      vertex 0.969189 -11.5653 -17.1661
      vertex 0.993231 -11.5322 -17.1864
      vertex 0.532689 -11.6291 -17.0836
    endloop
  endfacet
  facet normal 0.0980095 0.466682 0.878978
    outer loop
      vertex 0.532689 -11.6291 -17.0836
      vertex 0.993231 -11.5322 -17.1864
      vertex 0.516795 -11.6203 -17.0865
    endloop
  endfacet
  facet normal 0.0982489 0.465854 0.87939
    outer loop
      vertex 0.516795 -11.6203 -17.0865
      vertex 0.993231 -11.5322 -17.1864
      vertex 0.501026 -11.6115 -17.0894
    endloop
  endfacet
  facet normal 0.097754 0.467757 0.878435
    outer loop
      vertex 0.501026 -11.6115 -17.0894
      vertex 0.993231 -11.5322 -17.1864
      vertex 0.485456 -11.6028 -17.0923
    endloop
  endfacet
  facet normal 0.0996628 0.46041 0.882094
    outer loop
      vertex 1.01865 -11.4972 -17.2079
      vertex 0.455213 -11.5856 -17.0981
      vertex 0.47016 -11.5942 -17.0953
    endloop
  endfacet
  facet normal 0.0961801 0.474068 0.875219
    outer loop
      vertex 1.01865 -11.4972 -17.2079
      vertex 0.440692 -11.5773 -17.101
      vertex 0.455213 -11.5856 -17.0981
    endloop
  endfacet
  facet normal 0.0972037 0.469683 0.877467
    outer loop
      vertex 1.01865 -11.4972 -17.2079
      vertex 1.04533 -11.4605 -17.2305
      vertex 0.440692 -11.5773 -17.101
    endloop
  endfacet
  facet normal 0.0978865 0.467409 0.878605
    outer loop
      vertex 0.440692 -11.5773 -17.101
      vertex 1.04533 -11.4605 -17.2305
      vertex 0.426669 -11.5691 -17.1038
    endloop
  endfacet
  facet normal 0.0969642 0.470719 0.876939
    outer loop
      vertex 0.426669 -11.5691 -17.1038
      vertex 1.04533 -11.4605 -17.2305
      vertex 0.413222 -11.5613 -17.1065
    endloop
  endfacet
  facet normal 0.0975841 0.468498 0.878059
    outer loop
      vertex 1.04533 -11.4605 -17.2305
      vertex 0.388354 -11.5465 -17.1116
      vertex 0.400426 -11.5537 -17.1091
    endloop
  endfacet
  facet normal 0.0975106 0.468086 0.878286
    outer loop
      vertex -0.879542 -11.1293 -17.1934
      vertex -2.23522 -10.9863 -17.1191
      vertex -0.853905 -11.2005 -17.1583
    endloop
  endfacet
  facet normal 0.0977148 0.467911 0.878357
    outer loop
      vertex 1.04533 -11.4605 -17.2305
      vertex 1.07317 -11.4222 -17.254
      vertex 0.388354 -11.5465 -17.1116
    endloop
  endfacet
  facet normal 0.0981987 0.466216 0.879204
    outer loop
      vertex 0.388354 -11.5465 -17.1116
      vertex 1.07317 -11.4222 -17.254
      vertex 0.377083 -11.5396 -17.114
    endloop
  endfacet
  facet normal 0.0966574 0.471922 0.876326
    outer loop
      vertex 0.377083 -11.5396 -17.114
      vertex 1.07317 -11.4222 -17.254
      vertex 0.366688 -11.5332 -17.1163
    endloop
  endfacet
  facet normal 0.0975094 0.468595 0.878015
    outer loop
      vertex 0.366688 -11.5332 -17.1163
      vertex 1.07317 -11.4222 -17.254
      vertex 0.357244 -11.5273 -17.1184
    endloop
  endfacet
  facet normal 0.0977436 0.46763 0.878503
    outer loop
      vertex 0.357244 -11.5273 -17.1184
      vertex 1.07317 -11.4222 -17.254
      vertex 1.10206 -11.3824 -17.2784
    endloop
  endfacet
  facet normal 0.0974648 0.468554 0.878042
    outer loop
      vertex 0.251589 -11.4566 -17.1444
      vertex 0.357244 -11.5273 -17.1184
      vertex 1.10206 -11.3824 -17.2784
    endloop
  endfacet
  facet normal 0.0974419 0.468689 0.877972
    outer loop
      vertex 1.13191 -11.3414 -17.3036
      vertex 0.251589 -11.4566 -17.1444
      vertex 1.10206 -11.3824 -17.2784
    endloop
  endfacet
  facet normal 0.0971753 0.469884 0.877363
    outer loop
      vertex 1.13191 -11.3414 -17.3036
      vertex 1.1626 -11.2992 -17.3296
      vertex 0.251589 -11.4566 -17.1444
    endloop
  endfacet
  facet normal 0.0975656 0.468467 0.878077
    outer loop
      vertex 0.251589 -11.4566 -17.1444
      vertex 1.1626 -11.2992 -17.3296
      vertex 0.14959 -11.3825 -17.1726
    endloop
  endfacet
  facet normal 0.0973937 0.469517 0.877535
    outer loop
      vertex 1.19402 -11.256 -17.3561
      vertex 1.22608 -11.212 -17.3832
      vertex 0.0513262 -11.3053 -17.2029
    endloop
  endfacet
  facet normal 0.0975489 0.46854 0.87804
    outer loop
      vertex 0.0513262 -11.3053 -17.2029
      vertex 1.22608 -11.212 -17.3832
      vertex 0.994171 -10.288 -17.8505
    endloop
  endfacet
  facet normal 0.097988 0.468213 0.878166
    outer loop
      vertex 0.90642 -10.2355 -17.8687
      vertex 0.0513262 -11.3053 -17.2029
      vertex 0.994171 -10.288 -17.8505
    endloop
  endfacet
  facet normal 0.0975483 0.468584 0.878017
    outer loop
      vertex -0.907187 -11.0589 -17.2279
      vertex -2.23522 -10.9863 -17.1191
      vertex -0.879542 -11.1293 -17.1934
    endloop
  endfacet
  facet normal 0.0978454 0.468306 0.878132
    outer loop
      vertex 0.90642 -10.2355 -17.8687
      vertex -0.0431216 -11.225 -17.2352
      vertex 0.0513262 -11.3053 -17.2029
    endloop
  endfacet
  facet normal 0.0975621 0.468523 0.878048
    outer loop
      vertex 0.90642 -10.2355 -17.8687
      vertex 0.814671 -10.1806 -17.8878
      vertex -0.0431216 -11.225 -17.2352
    endloop
  endfacet
  facet normal 0.0971851 0.468775 0.877955
    outer loop
      vertex -0.0431216 -11.225 -17.2352
      vertex 0.814671 -10.1806 -17.8878
      vertex -0.133675 -11.1418 -17.2696
    endloop
  endfacet
  facet normal 0.0970276 0.468899 0.877906
    outer loop
      vertex -0.133675 -11.1418 -17.2696
      vertex 0.814671 -10.1806 -17.8878
      vertex 0.719266 -10.1236 -17.9077
    endloop
  endfacet
  facet normal 0.0980032 0.468236 0.878152
    outer loop
      vertex -0.220254 -11.0556 -17.3059
      vertex -0.133675 -11.1418 -17.2696
      vertex 0.719266 -10.1236 -17.9077
    endloop
  endfacet
  facet normal 0.0976717 0.468502 0.878047
    outer loop
      vertex 0.620551 -10.0646 -17.9282
      vertex -0.220254 -11.0556 -17.3059
      vertex 0.719266 -10.1236 -17.9077
    endloop
  endfacet
  facet normal 0.0975421 0.46801 0.878324
    outer loop
      vertex -0.936835 -10.9891 -17.2618
      vertex -2.23522 -10.9863 -17.1191
      vertex -0.907187 -11.0589 -17.2279
    endloop
  endfacet
  facet normal 0.0971068 0.468891 0.877902
    outer loop
      vertex 0.620551 -10.0646 -17.9282
      vertex -0.30278 -10.9668 -17.3442
      vertex -0.220254 -11.0556 -17.3059
    endloop
  endfacet
  facet normal 0.0976333 0.468462 0.878072
    outer loop
      vertex 0.620551 -10.0646 -17.9282
      vertex -0.381171 -10.8753 -17.3843
      vertex -0.30278 -10.9668 -17.3442
    endloop
  endfacet
  facet normal 0.0974603 0.469476 0.87755
    outer loop
      vertex -0.968475 -10.9201 -17.2952
      vertex -2.23522 -10.9863 -17.1191
      vertex -0.936835 -10.9891 -17.2618
    endloop
  endfacet
  facet normal 0.0975193 0.468572 0.878026
    outer loop
      vertex 0.620551 -10.0646 -17.9282
      vertex 0.518869 -10.0039 -17.9493
      vertex -0.381171 -10.8753 -17.3843
    endloop
  endfacet
  facet normal 0.0975886 0.468446 0.878086
    outer loop
      vertex -1.0021 -10.8518 -17.3279
      vertex -2.23522 -10.9863 -17.1191
      vertex -0.968475 -10.9201 -17.2952
    endloop
  endfacet
  facet normal 0.0976555 0.46846 0.878071
    outer loop
      vertex -0.381171 -10.8753 -17.3843
      vertex 0.518869 -10.0039 -17.9493
      vertex -0.455351 -10.7813 -17.4262
    endloop
  endfacet
  facet normal 0.0975998 0.468388 0.878115
    outer loop
      vertex -1.03771 -10.7842 -17.36
      vertex -2.23522 -10.9863 -17.1191
      vertex -1.0021 -10.8518 -17.3279
    endloop
  endfacet
  facet normal 0.0975202 0.468592 0.878015
    outer loop
      vertex -0.455351 -10.7813 -17.4262
      vertex 0.518869 -10.0039 -17.9493
      vertex 0.414563 -9.94172 -17.9709
    endloop
  endfacet
  facet normal 0.0974859 0.46881 0.877903
    outer loop
      vertex -1.07528 -10.7174 -17.3915
      vertex -2.23522 -10.9863 -17.1191
      vertex -1.03771 -10.7842 -17.36
    endloop
  endfacet
  facet normal 0.0974446 0.468655 0.877991
    outer loop
      vertex -0.525238 -10.6849 -17.4699
      vertex -0.455351 -10.7813 -17.4262
      vertex 0.414563 -9.94172 -17.9709
    endloop
  endfacet
  facet normal 0.0976328 0.468299 0.87816
    outer loop
      vertex -2.2317 -10.8746 -17.1791
      vertex -1.07528 -10.7174 -17.3915
      vertex -1.11482 -10.6514 -17.4223
    endloop
  endfacet
  facet normal 0.0978993 0.468207 0.878179
    outer loop
      vertex 0.307978 -9.87817 -17.9929
      vertex -0.525238 -10.6849 -17.4699
      vertex 0.414563 -9.94172 -17.9709
    endloop
  endfacet
  facet normal 0.0975809 0.468467 0.878075
    outer loop
      vertex -2.2317 -10.8746 -17.1791
      vertex -1.11482 -10.6514 -17.4223
      vertex -2.22822 -10.7653 -17.2378
    endloop
  endfacet
  facet normal 0.097167 0.468808 0.87794
    outer loop
      vertex 0.307978 -9.87817 -17.9929
      vertex -0.590754 -10.5863 -17.5153
      vertex -0.525238 -10.6849 -17.4699
    endloop
  endfacet
  facet normal 0.0975333 0.468721 0.877945
    outer loop
      vertex -1.11482 -10.6514 -17.4223
      vertex -1.15631 -10.5862 -17.4525
      vertex -2.22822 -10.7653 -17.2378
    endloop
  endfacet
  facet normal 0.0974957 0.468483 0.878077
    outer loop
      vertex 0.307978 -9.87817 -17.9929
      vertex -0.651818 -10.4855 -17.5623
      vertex -0.590754 -10.5863 -17.5153
    endloop
  endfacet
  facet normal 0.0973821 0.469125 0.877746
    outer loop
      vertex -1.19975 -10.5217 -17.4821
      vertex -2.2248 -10.6588 -17.2951
      vertex -2.22822 -10.7653 -17.2378
    endloop
  endfacet
  facet normal 0.0975954 0.468363 0.878129
    outer loop
      vertex 0.307978 -9.87817 -17.9929
      vertex -0.708352 -10.3826 -17.6109
      vertex -0.651818 -10.4855 -17.5623
    endloop
  endfacet
  facet normal 0.0971223 0.469667 0.877485
    outer loop
      vertex -2.22145 -10.5554 -17.3506
      vertex -1.34167 -10.3334 -17.5668
      vertex -1.35846 -10.3133 -17.5757
    endloop
  endfacet
  facet normal 0.0973271 0.468764 0.877945
    outer loop
      vertex 0.307978 -9.87817 -17.9929
      vertex -0.760276 -10.2778 -17.6611
      vertex -0.708352 -10.3826 -17.6109
    endloop
  endfacet
  facet normal 0.0968251 0.467189 0.87884
    outer loop
      vertex -2.1369 -7.92323 -18.7646
      vertex -1.67186 -8.14414 -18.6984
      vertex -1.6441 -8.12431 -18.712
    endloop
  endfacet
  facet normal 0.0975653 0.468307 0.878162
    outer loop
      vertex 0.307978 -9.87817 -17.9929
      vertex -0.80751 -10.1712 -17.7127
      vertex -0.760276 -10.2778 -17.6611
    endloop
  endfacet
  facet normal 0.0978905 0.467445 0.878586
    outer loop
      vertex -1.42047 -10.2443 -17.6056
      vertex -1.44435 -10.219 -17.6164
      vertex -2.21818 -10.4556 -17.4043
    endloop
  endfacet
  facet normal 0.0975423 0.468367 0.878133
    outer loop
      vertex 0.307978 -9.87817 -17.9929
      vertex -0.849975 -10.0628 -17.7658
      vertex -0.80751 -10.1712 -17.7127
    endloop
  endfacet
  facet normal 0.0975359 0.468533 0.878045
    outer loop
      vertex -2.71416 -3.09436 -21.2773
      vertex -4.27549 -2.98391 -21.1628
      vertex -4.31128 -4.12524 -20.5498
    endloop
  endfacet
  facet normal 0.0974559 0.468701 0.877964
    outer loop
      vertex 0.307978 -9.87817 -17.9929
      vertex -0.887591 -9.95289 -17.8203
      vertex -0.849975 -10.0628 -17.7658
    endloop
  endfacet
  facet normal 0.0979461 0.467517 0.878541
    outer loop
      vertex -1.52284 -10.1392 -17.6503
      vertex -2.215 -10.3595 -17.4559
      vertex -1.49574 -10.1663 -17.6389
    endloop
  endfacet
  facet normal 0.0974912 0.468445 0.878097
    outer loop
      vertex 0.307978 -9.87817 -17.9929
      vertex -0.92028 -9.84149 -17.8761
      vertex -0.887591 -9.95289 -17.8203
    endloop
  endfacet
  facet normal 0.0978047 0.467829 0.878391
    outer loop
      vertex -1.55062 -10.1118 -17.6618
      vertex -2.215 -10.3595 -17.4559
      vertex -1.52284 -10.1392 -17.6503
    endloop
  endfacet
  facet normal 0.0974895 0.468525 0.878055
    outer loop
      vertex 0.307978 -9.87817 -17.9929
      vertex -0.947961 -9.72872 -17.9332
      vertex -0.92028 -9.84149 -17.8761
    endloop
  endfacet
  facet normal 0.0969765 0.469934 0.877358
    outer loop
      vertex -2.21193 -10.2677 -17.5052
      vertex -1.55062 -10.1118 -17.6618
      vertex -1.57887 -10.0845 -17.6733
    endloop
  endfacet
  facet normal 0.0974745 0.468363 0.878143
    outer loop
      vertex 0.307978 -9.87817 -17.9929
      vertex -0.970555 -9.61471 -17.9915
      vertex -0.947961 -9.72872 -17.9332
    endloop
  endfacet
  facet normal 0.0976357 0.469148 0.877706
    outer loop
      vertex 0.307978 -9.87817 -17.9929
      vertex -0.97446 -9.59126 -18.0036
      vertex -0.970555 -9.61471 -17.9915
    endloop
  endfacet
  facet normal 0.0972617 0.469082 0.877782
    outer loop
      vertex -1.636 -10.0304 -17.6958
      vertex -1.66447 -10.0041 -17.7067
      vertex -2.20897 -10.1805 -17.5521
    endloop
  endfacet
  facet normal 0.0973677 0.467974 0.878362
    outer loop
      vertex 0.307978 -9.87817 -17.9929
      vertex -0.978178 -9.5674 -18.0159
      vertex -0.97446 -9.59126 -18.0036
    endloop
  endfacet
  facet normal 0.0974255 0.468933 0.877844
    outer loop
      vertex -1.74713 -9.93026 -17.7369
      vertex -2.20614 -10.0981 -17.5963
      vertex -1.72023 -9.95382 -17.7273
    endloop
  endfacet
  facet normal 0.0974244 0.4682 0.878235
    outer loop
      vertex 0.307978 -9.87817 -17.9929
      vertex -0.9817 -9.54322 -18.0284
      vertex -0.978178 -9.5674 -18.0159
    endloop
  endfacet
  facet normal 0.0975369 0.468715 0.877948
    outer loop
      vertex -1.77309 -9.908 -17.7459
      vertex -2.20614 -10.0981 -17.5963
      vertex -1.74713 -9.93026 -17.7369
    endloop
  endfacet
  facet normal 0.0978982 0.469921 0.877263
    outer loop
      vertex 0.307978 -9.87817 -17.9929
      vertex -0.985018 -9.51882 -18.0411
      vertex -0.9817 -9.54322 -18.0284
    endloop
  endfacet
  facet normal 0.0972596 0.469209 0.877715
    outer loop
      vertex -2.20345 -10.0211 -17.6377
      vertex -1.79793 -9.88723 -17.7542
      vertex -1.82144 -9.86814 -17.7618
    endloop
  endfacet
  facet normal 0.0971026 0.46726 0.878771
    outer loop
      vertex 0.307978 -9.87817 -17.9929
      vertex -0.988123 -9.49429 -18.0538
      vertex -0.985018 -9.51882 -18.0411
    endloop
  endfacet
  facet normal 0.0975521 0.468653 0.87798
    outer loop
      vertex 0.307978 -9.87817 -17.9929
      vertex -0.991007 -9.46971 -18.0666
      vertex -0.988123 -9.49429 -18.0538
    endloop
  endfacet
  facet normal 0.096842 0.470174 0.877245
    outer loop
      vertex -1.86029 -9.8381 -17.7735
      vertex -1.8786 -9.82444 -17.7788
      vertex -2.20091 -9.94967 -17.6761
    endloop
  endfacet
  facet normal 0.0976169 0.468839 0.877873
    outer loop
      vertex 0.307978 -9.87817 -17.9929
      vertex -0.993662 -9.44519 -18.0794
      vertex -0.991007 -9.46971 -18.0666
    endloop
  endfacet
  facet normal 0.0962009 0.471108 0.876814
    outer loop
      vertex -1.93984 -9.7802 -17.7956
      vertex -2.19854 -9.88427 -17.7113
      vertex -1.91861 -9.79533 -17.7898
    endloop
  endfacet
  facet normal 0.0981832 0.470366 0.876993
    outer loop
      vertex 0.307978 -9.87817 -17.9929
      vertex -0.996079 -9.42082 -18.0922
      vertex -0.993662 -9.44519 -18.0794
    endloop
  endfacet
  facet normal 0.0978213 0.467536 0.878545
    outer loop
      vertex -2.19854 -9.88427 -17.7113
      vertex -1.89812 -9.81014 -17.7842
      vertex -1.91861 -9.79533 -17.7898
    endloop
  endfacet
  facet normal 0.0971228 0.46768 0.878546
    outer loop
      vertex 0.307978 -9.87817 -17.9929
      vertex -0.998249 -9.3967 -18.1048
      vertex -0.996079 -9.42082 -18.0922
    endloop
  endfacet
  facet normal 0.0966804 0.470061 0.877323
    outer loop
      vertex -2.19634 -9.82522 -17.7431
      vertex -1.96158 -9.76488 -17.8013
      vertex -1.98358 -9.74953 -17.8071
    endloop
  endfacet
  facet normal 0.0976296 0.468891 0.877844
    outer loop
      vertex 0.307978 -9.87817 -17.9929
      vertex -1.00016 -9.3729 -18.1173
      vertex -0.998249 -9.3967 -18.1048
    endloop
  endfacet
  facet normal 0.0975865 0.46786 0.878398
    outer loop
      vertex -2.19634 -9.82522 -17.7431
      vertex -2.00561 -9.73433 -17.8127
      vertex -2.19434 -9.77288 -17.7712
    endloop
  endfacet
  facet normal 0.0977221 0.469101 0.877721
    outer loop
      vertex 0.307978 -9.87817 -17.9929
      vertex -1.00182 -9.34954 -18.1296
      vertex -1.00016 -9.3729 -18.1173
    endloop
  endfacet
  facet normal 0.0969632 0.467467 0.878676
    outer loop
      vertex 0.307978 -9.87817 -17.9929
      vertex -1.00319 -9.3267 -18.1416
      vertex -1.00182 -9.34954 -18.1296
    endloop
  endfacet
  facet normal 0.097307 0.468846 0.877904
    outer loop
      vertex -2.04884 -9.70496 -17.8236
      vertex -2.06956 -9.69111 -17.8287
      vertex -2.19434 -9.77288 -17.7712
    endloop
  endfacet
  facet normal 0.096964 0.467469 0.878675
    outer loop
      vertex 0.307978 -9.87817 -17.9929
      vertex -1.00429 -9.30448 -18.1533
      vertex -1.00319 -9.3267 -18.1416
    endloop
  endfacet
  facet normal 0.0977615 0.467922 0.878346
    outer loop
      vertex -2.10804 -9.66587 -17.8379
      vertex -2.19253 -9.72762 -17.7956
      vertex -2.08937 -9.67803 -17.8335
    endloop
  endfacet
  facet normal 0.0977175 0.468949 0.877803
    outer loop
      vertex 0.307978 -9.87817 -17.9929
      vertex -1.00511 -9.28297 -18.1647
      vertex -1.00429 -9.30448 -18.1533
    endloop
  endfacet
  facet normal 0.0975943 0.468717 0.877941
    outer loop
      vertex 0.307978 -9.87817 -17.9929
      vertex -1.00562 -9.26226 -18.1757
      vertex -1.00511 -9.28297 -18.1647
    endloop
  endfacet
  facet normal 0.0974372 0.469309 0.877642
    outer loop
      vertex -2.19094 -9.6898 -17.8159
      vertex -2.10804 -9.66587 -17.8379
      vertex -2.12533 -9.6548 -17.8419
    endloop
  endfacet
  facet normal 0.0963534 0.466601 0.879204
    outer loop
      vertex -1.00572 -9.22363 -18.1963
      vertex -1.00583 -9.24245 -18.1863
      vertex 0.307978 -9.87817 -17.9929
    endloop
  endfacet
  facet normal 0.0977643 0.468562 0.878005
    outer loop
      vertex -2.12533 -9.6548 -17.8419
      vertex -2.14101 -9.64497 -17.8454
      vertex -2.18957 -9.65976 -17.8321
    endloop
  endfacet
  facet normal 0.0996524 0.466357 0.878965
    outer loop
      vertex -2.18755 -9.62449 -17.8511
      vertex -2.18844 -9.63787 -17.8439
      vertex -2.17599 -9.62451 -17.8524
    endloop
  endfacet
  facet normal 0.0961842 0.470746 0.87701
    outer loop
      vertex -2.15483 -9.63654 -17.8483
      vertex -2.16657 -9.62967 -17.8507
      vertex -2.18844 -9.63787 -17.8439
    endloop
  endfacet
  facet normal 0.101528 0.470797 0.87638
    outer loop
      vertex -2.18693 -9.61997 -17.8536
      vertex -2.18755 -9.62449 -17.8511
      vertex -2.18286 -9.62122 -17.8534
    endloop
  endfacet
  facet normal 0.0973062 0.468215 0.878241
    outer loop
      vertex -1.00529 -9.2059 -18.2058
      vertex -1.00572 -9.22363 -18.1963
      vertex 0.307978 -9.87817 -17.9929
    endloop
  endfacet
  facet normal 0.0977241 0.467803 0.878413
    outer loop
      vertex -2.17599 -9.62451 -17.8524
      vertex -2.18844 -9.63787 -17.8439
      vertex -2.16657 -9.62967 -17.8507
    endloop
  endfacet
  facet normal 0.0964341 0.468434 0.87822
    outer loop
      vertex -2.15483 -9.63654 -17.8483
      vertex -2.18844 -9.63787 -17.8439
      vertex -2.18957 -9.65976 -17.8321
    endloop
  endfacet
  facet normal 0.0975563 0.468192 0.878225
    outer loop
      vertex 0.748305 -1.27879 -22.6307
      vertex -0.310215 -1.2912 -22.5065
      vertex 0.745549 -1.39639 -22.5677
    endloop
  endfacet
  facet normal 0.0972617 0.46963 0.87749
    outer loop
      vertex -0.350473 -0.753881 -22.7888
      vertex 0.73852 -0.612447 -22.9852
      vertex 0.73442 -0.574789 -23.0049
    endloop
  endfacet
  facet normal 0.0953481 0.468958 0.878059
    outer loop
      vertex -0.69562 -0.433251 -22.9215
      vertex -0.493198 0.699189 -23.5483
      vertex -0.712317 -0.42892 -22.922
    endloop
  endfacet
  facet normal 0.0995164 0.469884 0.877101
    outer loop
      vertex -1.50088 -0.615355 -22.7349
      vertex -1.48814 -0.592667 -22.7485
      vertex -2.11822 0.086767 -23.041
    endloop
  endfacet
  facet normal 0.0983108 0.467902 0.878296
    outer loop
      vertex -2.74658 -0.552768 -22.63
      vertex -2.12065 0.0866406 -23.0407
      vertex -2.76696 -0.513572 -22.6486
    endloop
  endfacet
  facet normal 0.0856602 0.48048 0.872813
    outer loop
      vertex -2.12477 0.0892859 -23.0417
      vertex -2.81505 -0.444513 -22.6801
      vertex -2.12283 0.0874868 -23.0409
    endloop
  endfacet
  facet normal 0.107799 0.456134 0.883358
    outer loop
      vertex -2.87397 -0.386877 -22.7044
      vertex -2.12477 0.0892859 -23.0417
      vertex -2.1265 0.0920187 -23.0429
    endloop
  endfacet
  facet normal 0.0945898 0.47229 0.876353
    outer loop
      vertex -2.90788 -0.36196 -22.7139
      vertex -2.1265 0.0920187 -23.0429
      vertex -2.12803 0.0956651 -23.0447
    endloop
  endfacet
  facet normal 0.102412 0.461742 0.881083
    outer loop
      vertex -2.94496 -0.33944 -22.7218
      vertex -2.12938 0.100206 -23.047
      vertex -2.13057 0.105622 -23.0497
    endloop
  endfacet
  facet normal 0.10468 0.458751 0.882377
    outer loop
      vertex -2.13167 0.110675 -23.0523
      vertex -2.94496 -0.33944 -22.7218
      vertex -2.13106 0.107843 -23.0509
    endloop
  endfacet
  facet normal 0.0880456 0.481134 0.872214
    outer loop
      vertex -2.1324 0.114087 -23.054
      vertex -2.13322 0.118044 -23.0561
      vertex -2.94496 -0.33944 -22.7218
    endloop
  endfacet
  facet normal 0.0908902 0.477182 0.874092
    outer loop
      vertex -2.94496 -0.33944 -22.7218
      vertex -2.13415 0.122516 -23.0583
      vertex -2.13516 0.127471 -23.0609
    endloop
  endfacet
  facet normal 0.0954225 0.471176 0.876862
    outer loop
      vertex -2.13744 0.138697 -23.0666
      vertex -2.94496 -0.33944 -22.7218
      vertex -2.13626 0.132875 -23.0636
    endloop
  endfacet
  facet normal 0.101909 0.462983 0.880489
    outer loop
      vertex -2.13869 0.144905 -23.0698
      vertex -2.13999 0.151467 -23.0731
      vertex -2.94496 -0.33944 -22.7218
    endloop
  endfacet
  facet normal 0.102585 0.462329 0.880754
    outer loop
      vertex -2.94496 -0.33944 -22.7218
      vertex -2.14136 0.158349 -23.0767
      vertex -2.14277 0.16552 -23.0803
    endloop
  endfacet
  facet normal 0.0976418 0.468355 0.878129
    outer loop
      vertex -2.98537 -0.319164 -22.7281
      vertex -2.14277 0.16552 -23.0803
      vertex -2.14422 0.172947 -23.0841
    endloop
  endfacet
  facet normal 0.098651 0.467176 0.878644
    outer loop
      vertex -2.14722 0.188444 -23.0921
      vertex -2.98537 -0.319164 -22.7281
      vertex -2.1457 0.1806 -23.0881
    endloop
  endfacet
  facet normal 0.0976316 0.468453 0.878078
    outer loop
      vertex -2.14722 0.188444 -23.0921
      vertex -2.14875 0.196448 -23.0962
      vertex -2.98537 -0.319164 -22.7281
    endloop
  endfacet
  facet normal 0.0923177 0.474797 0.87524
    outer loop
      vertex -2.98537 -0.319164 -22.7281
      vertex -2.15029 0.20458 -23.1003
      vertex -2.15184 0.212808 -23.1046
    endloop
  endfacet
  facet normal 0.09563 0.470762 0.877062
    outer loop
      vertex -2.15492 0.229421 -23.1131
      vertex -2.98537 -0.319164 -22.7281
      vertex -2.15339 0.221099 -23.1088
    endloop
  endfacet
  facet normal 0.097501 0.468645 0.877989
    outer loop
      vertex -2.1759 0.319762 -23.159
      vertex -3.02927 -0.300978 -22.7329
      vertex -2.16487 0.275689 -23.1367
    endloop
  endfacet
  facet normal 0.0954872 0.46677 0.879209
    outer loop
      vertex -2.21587 0.439361 -23.2183
      vertex -2.63435 0.80864 -23.3689
      vertex -2.20135 0.401544 -23.1998
    endloop
  endfacet
  facet normal 0.099148 0.47013 0.877011
    outer loop
      vertex -2.5344 0.770841 -23.3599
      vertex -2.2487 0.509118 -23.2519
      vertex -2.2671 0.541167 -23.267
    endloop
  endfacet
  facet normal 0.0931364 0.464294 0.88077
    outer loop
      vertex -2.46777 0.736813 -23.3491
      vertex -2.30809 0.599877 -23.2938
      vertex -2.43708 0.717757 -23.3423
    endloop
  endfacet
  facet normal 0.0973627 0.468606 0.878026
    outer loop
      vertex -2.63435 0.80864 -23.3689
      vertex -3.07681 -0.28473 -22.7363
      vertex -3.02927 -0.300978 -22.7329
    endloop
  endfacet
  facet normal 0.0980834 0.468371 0.878071
    outer loop
      vertex -2.68285 0.824163 -23.3718
      vertex -2.70646 0.830982 -23.3728
      vertex -3.07681 -0.28473 -22.7363
    endloop
  endfacet
  facet normal 0.0973934 0.468601 0.878025
    outer loop
      vertex -3.07681 -0.28473 -22.7363
      vertex -2.75522 0.843112 -23.3739
      vertex -2.7815 0.848574 -23.3739
    endloop
  endfacet
  facet normal 0.0967282 0.468728 0.878031
    outer loop
      vertex -2.87481 0.863455 -23.3715
      vertex -3.07681 -0.28473 -22.7363
      vertex -2.84073 0.85867 -23.3727
    endloop
  endfacet
  facet normal 0.0977962 0.468532 0.878017
    outer loop
      vertex -2.87481 0.863455 -23.3715
      vertex -3.12814 -0.270268 -22.7383
      vertex -3.07681 -0.28473 -22.7363
    endloop
  endfacet
  facet normal 0.0975339 0.468561 0.878031
    outer loop
      vertex -2.84073 0.85867 -23.3727
      vertex -3.07681 -0.28473 -22.7363
      vertex -2.80982 0.853735 -23.3735
    endloop
  endfacet
  facet normal 0.097841 0.468522 0.878017
    outer loop
      vertex -3.12814 -0.270268 -22.7383
      vertex -2.87481 0.863455 -23.3715
      vertex -2.91262 0.868165 -23.3698
    endloop
  endfacet
  facet normal 0.0982769 0.468438 0.878014
    outer loop
      vertex -2.95473 0.872876 -23.3676
      vertex -3.12814 -0.270268 -22.7383
      vertex -2.91262 0.868165 -23.3698
    endloop
  endfacet
  facet normal 0.0963574 0.468753 0.878058
    outer loop
      vertex -2.95473 0.872876 -23.3676
      vertex -3.00171 0.877663 -23.365
      vertex -3.12814 -0.270268 -22.7383
    endloop
  endfacet
  facet normal 0.0977522 0.468506 0.878036
    outer loop
      vertex -3.00171 0.877663 -23.365
      vertex -3.05412 0.882601 -23.3618
      vertex -3.18342 -0.257436 -22.7391
    endloop
  endfacet
  facet normal 0.0984128 0.468416 0.87801
    outer loop
      vertex -3.18342 -0.257436 -22.7391
      vertex -3.05412 0.882601 -23.3618
      vertex -3.24281 -0.246083 -22.7385
    endloop
  endfacet
  facet normal 0.0985306 0.468395 0.878008
    outer loop
      vertex -3.24281 -0.246083 -22.7385
      vertex -3.05412 0.882601 -23.3618
      vertex -3.11254 0.887767 -23.358
    endloop
  endfacet
  facet normal 0.0975228 0.468533 0.878047
    outer loop
      vertex -3.17753 0.893236 -23.3537
      vertex -3.24281 -0.246083 -22.7385
      vertex -3.11254 0.887767 -23.358
    endloop
  endfacet
  facet normal 0.097265 0.468556 0.878063
    outer loop
      vertex -3.17753 0.893236 -23.3537
      vertex -3.30646 -0.236056 -22.7368
      vertex -3.24281 -0.246083 -22.7385
    endloop
  endfacet
  facet normal 0.0964322 0.468669 0.878095
    outer loop
      vertex -3.17753 0.893236 -23.3537
      vertex -3.24965 0.899082 -23.3489
      vertex -3.30646 -0.236056 -22.7368
    endloop
  endfacet
  facet normal 0.0961623 0.468691 0.878112
    outer loop
      vertex -3.30646 -0.236056 -22.7368
      vertex -3.24965 0.899082 -23.3489
      vertex -3.31879 -0.234463 -22.7363
    endloop
  endfacet
  facet normal 0.0985933 0.468463 0.877964
    outer loop
      vertex -3.31879 -0.234463 -22.7363
      vertex -3.24965 0.899082 -23.3489
      vertex -3.33331 -0.232719 -22.7356
    endloop
  endfacet
  facet normal 0.0955815 0.468776 0.878131
    outer loop
      vertex -3.33331 -0.232719 -22.7356
      vertex -3.24965 0.899082 -23.3489
      vertex -3.34989 -0.230837 -22.7348
    endloop
  endfacet
  facet normal 0.098551 0.468433 0.877985
    outer loop
      vertex -3.34989 -0.230837 -22.7348
      vertex -3.24965 0.899082 -23.3489
      vertex -3.32949 0.905383 -23.3433
    endloop
  endfacet
  facet normal 0.0983329 0.468447 0.878002
    outer loop
      vertex -3.36838 -0.22883 -22.7338
      vertex -3.34989 -0.230837 -22.7348
      vertex -3.32949 0.905383 -23.3433
    endloop
  endfacet
  facet normal 0.0966144 0.468572 0.878126
    outer loop
      vertex -3.38865 -0.226712 -22.7327
      vertex -3.36838 -0.22883 -22.7338
      vertex -3.32949 0.905383 -23.3433
    endloop
  endfacet
  facet normal 0.0994345 0.468326 0.877943
    outer loop
      vertex -3.41057 -0.224495 -22.7314
      vertex -3.38865 -0.226712 -22.7327
      vertex -3.32949 0.905383 -23.3433
    endloop
  endfacet
  facet normal 0.0985267 0.468419 0.877995
    outer loop
      vertex -3.43399 -0.222193 -22.73
      vertex -3.41057 -0.224495 -22.7314
      vertex -3.32949 0.905383 -23.3433
    endloop
  endfacet
  facet normal 0.0971079 0.468588 0.878063
    outer loop
      vertex -3.4176 0.912212 -23.3372
      vertex -3.43399 -0.222193 -22.73
      vertex -3.32949 0.905383 -23.3433
    endloop
  endfacet
  facet normal 0.0979168 0.468541 0.877998
    outer loop
      vertex -3.4176 0.912212 -23.3372
      vertex -3.4588 -0.219819 -22.7285
      vertex -3.43399 -0.222193 -22.73
    endloop
  endfacet
  facet normal 0.0977094 0.468557 0.878013
    outer loop
      vertex -3.4176 0.912212 -23.3372
      vertex -3.48484 -0.217387 -22.7269
      vertex -3.4588 -0.219819 -22.7285
    endloop
  endfacet
  facet normal 0.0945634 0.468847 0.878203
    outer loop
      vertex -3.4176 0.912212 -23.3372
      vertex -3.51199 -0.214908 -22.7253
      vertex -3.48484 -0.217387 -22.7269
    endloop
  endfacet
  facet normal 0.0975215 0.468519 0.878055
    outer loop
      vertex -3.4176 0.912212 -23.3372
      vertex -3.51454 0.919646 -23.3304
      vertex -3.51199 -0.214908 -22.7253
    endloop
  endfacet
  facet normal 0.0980719 0.468494 0.878006
    outer loop
      vertex -3.51199 -0.214908 -22.7253
      vertex -3.51454 0.919646 -23.3304
      vertex -3.5401 -0.212397 -22.7235
    endloop
  endfacet
  facet normal 0.0985613 0.468463 0.877968
    outer loop
      vertex -3.5401 -0.212397 -22.7235
      vertex -3.51454 0.919646 -23.3304
      vertex -3.56905 -0.209867 -22.7216
    endloop
  endfacet
  facet normal 0.0964022 0.468644 0.878111
    outer loop
      vertex -3.56905 -0.209867 -22.7216
      vertex -3.51454 0.919646 -23.3304
      vertex -3.59869 -0.20733 -22.7197
    endloop
  endfacet
  facet normal 0.0973541 0.468545 0.878059
    outer loop
      vertex -3.59869 -0.20733 -22.7197
      vertex -3.51454 0.919646 -23.3304
      vertex -3.6289 -0.204801 -22.7177
    endloop
  endfacet
  facet normal 0.0985638 0.468392 0.878006
    outer loop
      vertex -3.6289 -0.204801 -22.7177
      vertex -3.51454 0.919646 -23.3304
      vertex -3.65953 -0.202292 -22.7156
    endloop
  endfacet
  facet normal 0.0971442 0.468601 0.878052
    outer loop
      vertex -3.65953 -0.202292 -22.7156
      vertex -3.51454 0.919646 -23.3304
      vertex -3.69045 -0.199817 -22.7135
    endloop
  endfacet
  facet normal 0.0987371 0.468332 0.878018
    outer loop
      vertex -3.69045 -0.199817 -22.7135
      vertex -3.51454 0.919646 -23.3304
      vertex -3.72153 -0.197389 -22.7113
    endloop
  endfacet
  facet normal 0.0978305 0.468505 0.878027
    outer loop
      vertex -3.72153 -0.197389 -22.7113
      vertex -3.51454 0.919646 -23.3304
      vertex -3.75262 -0.19502 -22.7091
    endloop
  endfacet
  facet normal 0.0970706 0.468667 0.878026
    outer loop
      vertex -3.75262 -0.19502 -22.7091
      vertex -3.51454 0.919646 -23.3304
      vertex -3.7836 -0.192725 -22.7069
    endloop
  endfacet
  facet normal 0.0966027 0.468776 0.878019
    outer loop
      vertex -3.7836 -0.192725 -22.7069
      vertex -3.51454 0.919646 -23.3304
      vertex -3.81432 -0.190515 -22.7047
    endloop
  endfacet
  facet normal 0.0974542 0.468558 0.878041
    outer loop
      vertex -3.81432 -0.190515 -22.7047
      vertex -3.51454 0.919646 -23.3304
      vertex -4.15152 0.968553 -23.2858
    endloop
  endfacet
  facet normal 0.0974566 0.468559 0.87804
    outer loop
      vertex -4.18705 -0.164148 -22.6774
      vertex -3.81432 -0.190515 -22.7047
      vertex -4.15152 0.968553 -23.2858
    endloop
  endfacet
  facet normal 0.0961108 0.468786 0.878068
    outer loop
      vertex -3.12814 -0.270268 -22.7383
      vertex -3.00171 0.877663 -23.365
      vertex -3.18342 -0.257436 -22.7391
    endloop
  endfacet
  facet normal 0.0993056 0.470182 0.876965
    outer loop
      vertex -2.63435 0.80864 -23.3689
      vertex -2.21587 0.439361 -23.2183
      vertex -2.60832 0.799785 -23.3671
    endloop
  endfacet
  facet normal 0.0979649 0.468152 0.878201
    outer loop
      vertex -2.18804 0.361696 -23.18
      vertex -3.02927 -0.300978 -22.7329
      vertex -2.1759 0.319762 -23.159
    endloop
  endfacet
  facet normal 0.0976054 0.468552 0.878027
    outer loop
      vertex -3.08426 -7.86998 -18.6878
      vertex -3.27588 -7.75773 -18.7264
      vertex -3.43314 -8.68479 -18.2142
    endloop
  endfacet
  facet normal 0.0979198 0.468164 0.878199
    outer loop
      vertex -3.02927 -0.300978 -22.7329
      vertex -2.98537 -0.319164 -22.7281
      vertex -2.16487 0.275689 -23.1367
    endloop
  endfacet
  facet normal 0.0973661 0.468754 0.877946
    outer loop
      vertex -2.16487 0.275689 -23.1367
      vertex -2.98537 -0.319164 -22.7281
      vertex -2.15492 0.229421 -23.1131
    endloop
  endfacet
  facet normal 0.101902 0.463174 0.88039
    outer loop
      vertex -2.15029 0.20458 -23.1003
      vertex -2.98537 -0.319164 -22.7281
      vertex -2.14875 0.196448 -23.0962
    endloop
  endfacet
  facet normal 0.0923206 0.475201 0.87502
    outer loop
      vertex -2.14422 0.172947 -23.0841
      vertex -2.1457 0.1806 -23.0881
      vertex -2.98537 -0.319164 -22.7281
    endloop
  endfacet
  facet normal 0.0971765 0.468668 0.878013
    outer loop
      vertex -2.90063 -7.97763 -18.6508
      vertex -3.07136 -8.65975 -18.2678
      vertex -3.01861 -8.65289 -18.2773
    endloop
  endfacet
  facet normal 0.0979026 0.468013 0.878282
    outer loop
      vertex -2.14277 0.16552 -23.0803
      vertex -2.98537 -0.319164 -22.7281
      vertex -2.94496 -0.33944 -22.7218
    endloop
  endfacet
  facet normal 0.0915803 0.475822 0.874761
    outer loop
      vertex -2.14136 0.158349 -23.0767
      vertex -2.94496 -0.33944 -22.7218
      vertex -2.13999 0.151467 -23.0731
    endloop
  endfacet
  facet normal 0.0954063 0.471197 0.876853
    outer loop
      vertex -2.94496 -0.33944 -22.7218
      vertex -2.13744 0.138697 -23.0666
      vertex -2.13869 0.144905 -23.0698
    endloop
  endfacet
  facet normal 0.0990768 0.468735 0.877765
    outer loop
      vertex -3.58933 -9.1416 -17.9531
      vertex -3.34461 -10.1008 -17.4685
      vertex -3.54907 -9.14599 -17.9553
    endloop
  endfacet
  facet normal 0.103058 0.461277 0.881251
    outer loop
      vertex -2.13516 0.127471 -23.0609
      vertex -2.13626 0.132875 -23.0636
      vertex -2.94496 -0.33944 -22.7218
    endloop
  endfacet
  facet normal 0.0973847 0.46863 0.87801
    outer loop
      vertex -2.90063 -7.97763 -18.6508
      vertex -3.01861 -8.65289 -18.2773
      vertex -2.96631 -8.64521 -18.2872
    endloop
  endfacet
  facet normal 0.106396 0.456647 0.883263
    outer loop
      vertex -2.13415 0.122516 -23.0583
      vertex -2.94496 -0.33944 -22.7218
      vertex -2.13322 0.118044 -23.0561
    endloop
  endfacet
  facet normal 0.102934 0.461141 0.881336
    outer loop
      vertex -2.94496 -0.33944 -22.7218
      vertex -2.13167 0.110675 -23.0523
      vertex -2.1324 0.114087 -23.054
    endloop
  endfacet
  facet normal 0.0832536 0.487856 0.868945
    outer loop
      vertex -2.13057 0.105622 -23.0497
      vertex -2.13106 0.107843 -23.0509
      vertex -2.94496 -0.33944 -22.7218
    endloop
  endfacet
  facet normal 0.097513 0.46857 0.878028
    outer loop
      vertex -2.12938 0.100206 -23.047
      vertex -2.94496 -0.33944 -22.7218
      vertex -2.90788 -0.36196 -22.7139
    endloop
  endfacet
  facet normal 0.0969855 0.468553 0.878096
    outer loop
      vertex -1.14276 0.728094 -23.4916
      vertex -1.04015 -0.39528 -22.9035
      vertex -1.1042 0.730045 -23.4969
    endloop
  endfacet
  facet normal 0.0984847 0.468543 0.877934
    outer loop
      vertex -1.06432 0.731406 -23.5021
      vertex -1.1042 0.730045 -23.4969
      vertex -1.01419 -0.395889 -22.9061
    endloop
  endfacet
  facet normal 0.0960544 0.46873 0.878104
    outer loop
      vertex -0.715609 0.722055 -23.5358
      vertex -0.760709 0.725115 -23.5325
      vertex -0.824168 -0.410255 -22.9195
    endloop
  endfacet
  facet normal 0.0970223 0.468643 0.878043
    outer loop
      vertex -0.760709 0.725115 -23.5325
      vertex -0.850443 -0.407251 -22.9182
      vertex -0.824168 -0.410255 -22.9195
    endloop
  endfacet
  facet normal 0.0962863 0.468438 0.878234
    outer loop
      vertex -3.23868 -10.0556 -17.5043
      vertex -3.40303 -9.16484 -17.9614
      vertex -3.43661 -9.16 -17.9603
    endloop
  endfacet
  facet normal 0.0960147 0.468669 0.87814
    outer loop
      vertex -0.805671 0.727651 -23.5288
      vertex -0.877429 -0.404533 -22.9167
      vertex -0.850443 -0.407251 -22.9182
    endloop
  endfacet
  facet normal 0.0976624 0.468512 0.878042
    outer loop
      vertex -0.850348 0.729655 -23.5249
      vertex -0.877429 -0.404533 -22.9167
      vertex -0.805671 0.727651 -23.5288
    endloop
  endfacet
  facet normal 0.0983844 0.468276 0.878088
    outer loop
      vertex -2.91437 -8.63667 -18.2975
      vertex -2.86272 -8.62727 -18.3083
      vertex -2.72886 -8.07841 -18.616
    endloop
  endfacet
  facet normal 0.0987637 0.46844 0.877958
    outer loop
      vertex -0.904875 -0.40212 -22.9149
      vertex -0.877429 -0.404533 -22.9167
      vertex -0.850348 0.729655 -23.5249
    endloop
  endfacet
  facet normal 0.0957457 0.468659 0.878175
    outer loop
      vertex -0.932527 -0.400031 -22.913
      vertex -0.904875 -0.40212 -22.9149
      vertex -0.894595 0.731119 -23.5208
    endloop
  endfacet
  facet normal 0.0996056 0.468528 0.877816
    outer loop
      vertex -0.981202 0.732392 -23.5119
      vertex -0.960133 -0.398284 -22.9108
      vertex -0.932527 -0.400031 -22.913
    endloop
  endfacet
  facet normal 0.0978838 0.468583 0.87798
    outer loop
      vertex -1.02327 0.732186 -23.5071
      vertex -0.960133 -0.398284 -22.9108
      vertex -0.981202 0.732392 -23.5119
    endloop
  endfacet
  facet normal 0.0964438 0.468565 0.878149
    outer loop
      vertex -1.01419 -0.395889 -22.9061
      vertex -0.98744 -0.396897 -22.9085
      vertex -1.06432 0.731406 -23.5021
    endloop
  endfacet
  facet normal 0.0976253 0.468518 0.878044
    outer loop
      vertex -0.670519 0.71848 -23.5389
      vertex -0.798858 -0.413527 -22.9206
      vertex -0.774765 -0.417048 -22.9214
    endloop
  endfacet
  facet normal 0.0972831 0.468558 0.87806
    outer loop
      vertex -0.625586 0.714398 -23.5417
      vertex -0.670519 0.71848 -23.5389
      vertex -0.774765 -0.417048 -22.9214
    endloop
  endfacet
  facet normal 0.0972614 0.468624 0.878027
    outer loop
      vertex -0.580956 0.709816 -23.5443
      vertex -0.752142 -0.4208 -22.9219
      vertex -0.731242 -0.424763 -22.9221
    endloop
  endfacet
  facet normal 0.0968509 0.468526 0.878125
    outer loop
      vertex -1.08862 -0.395329 -22.8981
      vertex -1.27704 0.715118 -23.4698
      vertex -1.11064 -0.396025 -22.8953
    endloop
  endfacet
  facet normal 0.0968264 0.468384 0.878203
    outer loop
      vertex -1.13085 -0.397193 -22.8925
      vertex -1.39317 0.695014 -23.4461
      vertex -1.44775 0.68211 -23.4332
    endloop
  endfacet
  facet normal 0.0985953 0.468257 0.878074
    outer loop
      vertex -0.661445 -0.443936 -22.9196
      vertex -0.298461 0.665886 -23.5522
      vertex -0.332993 0.673157 -23.5522
    endloop
  endfacet
  facet normal 0.0972738 0.468609 0.878034
    outer loop
      vertex -0.62925 -0.455494 -22.9171
      vertex -0.22966 0.649298 -23.551
      vertex -0.263994 0.657924 -23.5518
    endloop
  endfacet
  facet normal 0.0953214 0.469273 0.877893
    outer loop
      vertex -0.62925 -0.455494 -22.9171
      vertex -0.598971 -0.468005 -22.9137
      vertex -0.195528 0.640031 -23.5498
    endloop
  endfacet
  facet normal 0.094744 0.472092 0.876443
    outer loop
      vertex -2.12803 0.0956651 -23.0447
      vertex -2.12938 0.100206 -23.047
      vertex -2.90788 -0.36196 -22.7139
    endloop
  endfacet
  facet normal 0.0978655 0.468042 0.878271
    outer loop
      vertex -2.1265 0.0920187 -23.0429
      vertex -2.90788 -0.36196 -22.7139
      vertex -2.87397 -0.386877 -22.7044
    endloop
  endfacet
  facet normal 0.0965839 0.469663 0.877547
    outer loop
      vertex -2.12477 0.0892859 -23.0417
      vertex -2.87397 -0.386877 -22.7044
      vertex -2.84308 -0.414343 -22.6931
    endloop
  endfacet
  facet normal 0.0973916 0.468777 0.877931
    outer loop
      vertex -2.81505 -0.444513 -22.6801
      vertex -2.12477 0.0892859 -23.0417
      vertex -2.84308 -0.414343 -22.6931
    endloop
  endfacet
  facet normal 0.0976884 0.468411 0.878094
    outer loop
      vertex -2.78973 -0.477538 -22.6653
      vertex -2.12283 0.0874868 -23.0409
      vertex -2.81505 -0.444513 -22.6801
    endloop
  endfacet
  facet normal 0.0975313 0.468556 0.878034
    outer loop
      vertex -2.78973 -0.477538 -22.6653
      vertex -2.76696 -0.513572 -22.6486
      vertex -2.12283 0.0874868 -23.0409
    endloop
  endfacet
  facet normal 0.100317 0.466188 0.87898
    outer loop
      vertex -2.12283 0.0874868 -23.0409
      vertex -2.76696 -0.513572 -22.6486
      vertex -2.12065 0.0866406 -23.0407
    endloop
  endfacet
  facet normal 0.0970444 0.468892 0.877908
    outer loop
      vertex -2.12065 0.0866406 -23.0407
      vertex -2.74658 -0.552768 -22.63
      vertex -2.72844 -0.595279 -22.6093
    endloop
  endfacet
  facet normal 0.0972096 0.468331 0.878189
    outer loop
      vertex -2.11822 0.086767 -23.041
      vertex -1.51279 -0.63951 -22.7207
      vertex -1.50088 -0.615355 -22.7349
    endloop
  endfacet
  facet normal 0.095954 0.467101 0.878982
    outer loop
      vertex -1.42794 -0.515793 -22.7962
      vertex -1.41033 -0.49984 -22.8066
      vertex -2.11254 0.0900169 -23.0434
    endloop
  endfacet
  facet normal 0.098888 0.469912 0.877157
    outer loop
      vertex -1.41033 -0.49984 -22.8066
      vertex -1.39161 -0.485113 -22.8166
      vertex -2.10924 0.0931793 -23.0455
    endloop
  endfacet
  facet normal 0.0964652 0.467563 0.87868
    outer loop
      vertex -2.09733 0.109051 -23.0553
      vertex -1.37172 -0.471571 -22.826
      vertex -2.09262 0.116536 -23.0598
    endloop
  endfacet
  facet normal 0.0975069 0.468493 0.87807
    outer loop
      vertex -2.0553 0.185847 -23.1009
      vertex -1.30458 -0.437648 -22.8516
      vertex -2.02962 0.234293 -23.1296
    endloop
  endfacet
  facet normal 0.0975074 0.468598 0.878014
    outer loop
      vertex -1.80839 0.50564 -23.299
      vertex -1.19577 -0.406544 -22.8802
      vertex -1.77015 0.535157 -23.319
    endloop
  endfacet
  facet normal 0.0992902 0.470073 0.877025
    outer loop
      vertex -1.44447 -0.533011 -22.7851
      vertex -1.42794 -0.515793 -22.7962
      vertex -2.11254 0.0900169 -23.0434
    endloop
  endfacet
  facet normal 0.102327 0.472617 0.875307
    outer loop
      vertex -2.11553 0.0878862 -23.0419
      vertex -1.44447 -0.533011 -22.7851
      vertex -2.11254 0.0900169 -23.0434
    endloop
  endfacet
  facet normal 0.0973292 0.468389 0.878145
    outer loop
      vertex -2.11553 0.0878862 -23.0419
      vertex -1.45998 -0.551536 -22.7735
      vertex -1.44447 -0.533011 -22.7851
    endloop
  endfacet
  facet normal 0.097069 0.468181 0.878285
    outer loop
      vertex -2.11553 0.0878862 -23.0419
      vertex -1.47452 -0.571408 -22.7613
      vertex -1.45998 -0.551536 -22.7735
    endloop
  endfacet
  facet normal 0.0984086 0.46919 0.877597
    outer loop
      vertex -2.11553 0.0878862 -23.0419
      vertex -2.11822 0.086767 -23.041
      vertex -1.47452 -0.571408 -22.7613
    endloop
  endfacet
  facet normal 0.0965623 0.468258 0.8783
    outer loop
      vertex -1.6881 0.587617 -23.3561
      vertex -1.19577 -0.406544 -22.8802
      vertex -1.64417 0.610632 -23.3732
    endloop
  endfacet
  facet normal 0.097498 0.468987 0.877807
    outer loop
      vertex 0.748305 -1.27879 -22.6307
      vertex -0.309063 -1.22855 -22.5401
      vertex -0.310215 -1.2912 -22.5065
    endloop
  endfacet
  facet normal 0.09781 0.468431 0.878069
    outer loop
      vertex -0.128149 0.619675 -23.5464
      vertex -0.598971 -0.468005 -22.9137
      vertex -0.0950407 0.608638 -23.5442
    endloop
  endfacet
  facet normal 0.0975595 0.467598 0.878541
    outer loop
      vertex -0.311724 -0.930247 -22.699
      vertex -0.310373 -0.946499 -22.6905
      vertex 0.752863 -0.934041 -22.8152
    endloop
  endfacet
  facet normal 0.0974281 0.468797 0.877916
    outer loop
      vertex 0.703099 -0.367152 -23.1122
      vertex -0.402084 -0.636728 -22.8456
      vertex -0.387431 -0.663182 -22.8331
    endloop
  endfacet
  facet normal 0.0979405 0.467765 0.87841
    outer loop
      vertex -0.435273 -0.589005 -22.8673
      vertex 0.674024 -0.239688 -23.177
      vertex 0.657021 -0.179228 -23.2073
    endloop
  endfacet
  facet normal 0.0971069 0.468772 0.877966
    outer loop
      vertex -0.543905 -0.496206 -22.9048
      vertex 0.119415 0.517662 -23.5195
      vertex 0.0911173 0.531952 -23.524
    endloop
  endfacet
  facet normal 0.0980092 0.468389 0.87807
    outer loop
      vertex -0.298461 0.665886 -23.5522
      vertex -0.62925 -0.455494 -22.9171
      vertex -0.263994 0.657924 -23.5518
    endloop
  endfacet
  facet normal 0.0976825 0.468557 0.878016
    outer loop
      vertex -0.69562 -0.433251 -22.9215
      vertex -0.661445 -0.443936 -22.9196
      vertex -0.408421 0.686666 -23.5511
    endloop
  endfacet
  facet normal 0.0946579 0.468204 0.878536
    outer loop
      vertex -1.13085 -0.397193 -22.8925
      vertex -1.11064 -0.396025 -22.8953
      vertex -1.33629 0.706005 -23.4583
    endloop
  endfacet
  facet normal 0.0983169 0.468632 0.877906
    outer loop
      vertex -1.33629 0.706005 -23.4583
      vertex -1.11064 -0.396025 -22.8953
      vertex -1.27704 0.715118 -23.4698
    endloop
  endfacet
  facet normal 0.0960262 0.468825 0.878056
    outer loop
      vertex -0.536778 0.704744 -23.5465
      vertex -0.712317 -0.42892 -22.922
      vertex -0.493198 0.699189 -23.5483
    endloop
  endfacet
  facet normal 0.0982592 0.468452 0.878008
    outer loop
      vertex -0.731242 -0.424763 -22.9221
      vertex -0.712317 -0.42892 -22.922
      vertex -0.536778 0.704744 -23.5465
    endloop
  endfacet
  facet normal 0.0968864 0.468495 0.878137
    outer loop
      vertex -1.21536 0.72239 -23.4805
      vertex -1.06504 -0.395087 -22.9009
      vertex -1.17986 0.725545 -23.4861
    endloop
  endfacet
  facet normal 0.0979702 0.468533 0.877997
    outer loop
      vertex -1.17986 0.725545 -23.4861
      vertex -1.06504 -0.395087 -22.9009
      vertex -1.14276 0.728094 -23.4916
    endloop
  endfacet
  facet normal 0.0959374 0.468574 0.8782
    outer loop
      vertex -0.932527 -0.400031 -22.913
      vertex -0.938261 0.732034 -23.5164
      vertex -0.981202 0.732392 -23.5119
    endloop
  endfacet
  facet normal 0.102124 0.469374 0.877074
    outer loop
      vertex -1.13085 -0.397193 -22.8925
      vertex -1.44775 0.68211 -23.4332
      vertex -1.14899 -0.398852 -22.8895
    endloop
  endfacet
  facet normal 0.0969126 0.468473 0.878146
    outer loop
      vertex -1.50008 0.667255 -23.4195
      vertex -1.14899 -0.398852 -22.8895
      vertex -1.44775 0.68211 -23.4332
    endloop
  endfacet
  facet normal 0.0975201 0.469216 0.877682
    outer loop
      vertex -0.308411 -0.988315 -22.6684
      vertex -0.307817 -1.015 -22.6542
      vertex 0.751843 -1.08391 -22.7351
    endloop
  endfacet
  facet normal 0.0974694 0.468313 0.87817
    outer loop
      vertex 0.751843 -1.08391 -22.7351
      vertex 0.75266 -1.00401 -22.7778
      vertex -0.308411 -0.988315 -22.6684
    endloop
  endfacet
  facet normal 0.0976094 0.46667 0.879029
    outer loop
      vertex -0.313311 -0.916353 -22.7062
      vertex -0.311724 -0.930247 -22.699
      vertex 0.752863 -0.934041 -22.8152
    endloop
  endfacet
  facet normal 0.0972561 0.471203 0.876647
    outer loop
      vertex 0.75247 -0.872705 -22.8479
      vertex -0.315124 -0.904258 -22.7125
      vertex -0.313311 -0.916353 -22.7062
    endloop
  endfacet
  facet normal 0.0975695 0.467941 0.878357
    outer loop
      vertex -0.322661 -0.863268 -22.7335
      vertex -0.315124 -0.904258 -22.7125
      vertex 0.75247 -0.872705 -22.8479
    endloop
  endfacet
  facet normal 0.0979209 0.467984 0.878295
    outer loop
      vertex -0.453938 -0.567577 -22.8767
      vertex 0.618073 -0.0648261 -23.2641
      vertex 0.596124 -0.0108746 -23.2904
    endloop
  endfacet
  facet normal 0.0975094 0.468405 0.878116
    outer loop
      vertex -0.322661 -0.863268 -22.7335
      vertex 0.74996 -0.770673 -22.902
      vertex -0.331022 -0.824596 -22.7532
    endloop
  endfacet
  facet normal 0.0973419 0.469902 0.877335
    outer loop
      vertex -0.340272 -0.78816 -22.7716
      vertex 0.747878 -0.727354 -22.9249
      vertex 0.745266 -0.687418 -22.946
    endloop
  endfacet
  facet normal 0.098336 0.466885 0.878834
    outer loop
      vertex -0.41801 -0.612029 -22.857
      vertex 0.674024 -0.239688 -23.177
      vertex -0.435273 -0.589005 -22.8673
    endloop
  endfacet
  facet normal 0.0974965 0.468571 0.878029
    outer loop
      vertex 0.73852 -0.612447 -22.9852
      vertex -0.350473 -0.753881 -22.7888
      vertex 0.742141 -0.649553 -22.9658
    endloop
  endfacet
  facet normal 0.0970583 0.46867 0.878025
    outer loop
      vertex -2.90063 -7.97763 -18.6508
      vertex -2.96631 -8.64521 -18.2872
      vertex -2.91437 -8.63667 -18.2975
    endloop
  endfacet
  facet normal 0.0976412 0.468273 0.878172
    outer loop
      vertex 0.725616 -0.503378 -23.042
      vertex -0.36169 -0.721679 -22.8047
      vertex 0.73442 -0.574789 -23.0049
    endloop
  endfacet
  facet normal 0.0970905 0.468668 0.878022
    outer loop
      vertex -2.90063 -7.97763 -18.6508
      vertex -2.91437 -8.63667 -18.2975
      vertex -2.72886 -8.07841 -18.616
    endloop
  endfacet
  facet normal 0.0975678 0.468468 0.878076
    outer loop
      vertex -0.387431 -0.663182 -22.8331
      vertex -0.373988 -0.691473 -22.8195
      vertex 0.715176 -0.434167 -23.0778
    endloop
  endfacet
  facet normal 0.0977748 0.467842 0.878387
    outer loop
      vertex -0.402084 -0.636728 -22.8456
      vertex 0.703099 -0.367152 -23.1122
      vertex 0.689383 -0.302327 -23.1452
    endloop
  endfacet
  facet normal 0.0966972 0.469541 0.877599
    outer loop
      vertex -0.47407 -0.547662 -22.8851
      vertex 0.547262 0.0905572 -23.3391
      vertex -0.495732 -0.529183 -22.8926
    endloop
  endfacet
  facet normal 0.0973775 0.46875 0.877947
    outer loop
      vertex 0.596124 -0.0108746 -23.2904
      vertex -0.47407 -0.547662 -22.8851
      vertex -0.453938 -0.567577 -22.8767
    endloop
  endfacet
  facet normal 0.0981295 0.468371 0.878066
    outer loop
      vertex -2.72886 -8.07841 -18.616
      vertex -2.81127 -8.617 -18.3195
      vertex -2.75994 -8.60582 -18.3312
    endloop
  endfacet
  facet normal 0.0970219 0.469491 0.87759
    outer loop
      vertex -0.453938 -0.567577 -22.8767
      vertex -0.435273 -0.589005 -22.8673
      vertex 0.638371 -0.120942 -23.2364
    endloop
  endfacet
  facet normal 0.097139 0.469371 0.877641
    outer loop
      vertex 0.689383 -0.302327 -23.1452
      vertex 0.674024 -0.239688 -23.177
      vertex -0.41801 -0.612029 -22.857
    endloop
  endfacet
  facet normal 0.09795 0.468602 0.877962
    outer loop
      vertex -3.13588 -10.0117 -17.5392
      vertex -3.34376 -9.1746 -17.9628
      vertex -3.23868 -10.0556 -17.5043
    endloop
  endfacet
  facet normal 0.0976049 0.468352 0.878134
    outer loop
      vertex 0.703099 -0.367152 -23.1122
      vertex -0.387431 -0.663182 -22.8331
      vertex 0.715176 -0.434167 -23.0778
    endloop
  endfacet
  facet normal 0.0974485 0.468806 0.877909
    outer loop
      vertex 0.715176 -0.434167 -23.0778
      vertex -0.373988 -0.691473 -22.8195
      vertex 0.725616 -0.503378 -23.042
    endloop
  endfacet
  facet normal 0.097244 0.469555 0.877532
    outer loop
      vertex 0.725616 -0.503378 -23.042
      vertex -0.373988 -0.691473 -22.8195
      vertex -0.36169 -0.721679 -22.8047
    endloop
  endfacet
  facet normal 0.0977532 0.467779 0.878423
    outer loop
      vertex 0.73442 -0.574789 -23.0049
      vertex -0.36169 -0.721679 -22.8047
      vertex -0.350473 -0.753881 -22.7888
    endloop
  endfacet
  facet normal 0.0978977 0.468476 0.878035
    outer loop
      vertex -2.72886 -8.07841 -18.616
      vertex -2.70864 -8.59374 -18.3433
      vertex -2.57285 -8.17005 -18.5845
    endloop
  endfacet
  facet normal 0.0973592 0.469339 0.877634
    outer loop
      vertex -0.350473 -0.753881 -22.7888
      vertex -0.340272 -0.78816 -22.7716
      vertex 0.742141 -0.649553 -22.9658
    endloop
  endfacet
  facet normal 0.0975913 0.46826 0.878185
    outer loop
      vertex -0.402084 -0.636728 -22.8456
      vertex 0.689383 -0.302327 -23.1452
      vertex -0.41801 -0.612029 -22.857
    endloop
  endfacet
  facet normal 0.0977658 0.467486 0.878578
    outer loop
      vertex 0.742141 -0.649553 -22.9658
      vertex -0.340272 -0.78816 -22.7716
      vertex 0.745266 -0.687418 -22.946
    endloop
  endfacet
  facet normal 0.0975553 0.46825 0.878194
    outer loop
      vertex 0.747878 -0.727354 -22.9249
      vertex -0.340272 -0.78816 -22.7716
      vertex -0.331022 -0.824596 -22.7532
    endloop
  endfacet
  facet normal 0.09731 0.468605 0.878032
    outer loop
      vertex -3.34482 -8.68209 -18.2255
      vertex -3.28855 -8.67916 -18.2333
      vertex -3.08426 -7.86998 -18.6878
    endloop
  endfacet
  facet normal 0.0974633 0.468784 0.877919
    outer loop
      vertex 0.74996 -0.770673 -22.902
      vertex 0.747878 -0.727354 -22.9249
      vertex -0.331022 -0.824596 -22.7532
    endloop
  endfacet
  facet normal 0.0971473 0.469281 0.877689
    outer loop
      vertex 0.638371 -0.120942 -23.2364
      vertex -0.435273 -0.589005 -22.8673
      vertex 0.657021 -0.179228 -23.2073
    endloop
  endfacet
  facet normal 0.0976062 0.467826 0.878414
    outer loop
      vertex -0.322661 -0.863268 -22.7335
      vertex 0.751497 -0.818686 -22.8766
      vertex 0.74996 -0.770673 -22.902
    endloop
  endfacet
  facet normal 0.0992515 0.473298 0.875293
    outer loop
      vertex -2.18286 -9.62122 -17.8534
      vertex -2.18755 -9.62449 -17.8511
      vertex -2.17599 -9.62451 -17.8524
    endloop
  endfacet
  facet normal 0.0974931 0.468656 0.877984
    outer loop
      vertex -0.453938 -0.567577 -22.8767
      vertex 0.638371 -0.120942 -23.2364
      vertex 0.618073 -0.0648261 -23.2641
    endloop
  endfacet
  facet normal 0.0962908 0.468786 0.878047
    outer loop
      vertex -3.43314 -8.68479 -18.2142
      vertex -3.27588 -7.75773 -18.7264
      vertex -3.46722 -8.68472 -18.2105
    endloop
  endfacet
  facet normal 0.0975517 0.468318 0.878158
    outer loop
      vertex 0.751497 -0.818686 -22.8766
      vertex -0.322661 -0.863268 -22.7335
      vertex 0.75247 -0.872705 -22.8479
    endloop
  endfacet
  facet normal 0.0976409 0.46836 0.878126
    outer loop
      vertex 0.596124 -0.0108746 -23.2904
      vertex 0.572521 0.0409184 -23.3154
      vertex -0.47407 -0.547662 -22.8851
    endloop
  endfacet
  facet normal 0.0985445 0.468321 0.878046
    outer loop
      vertex -3.46722 -8.68472 -18.2105
      vertex -3.27588 -7.75773 -18.7264
      vertex -3.50393 -8.68412 -18.2067
    endloop
  endfacet
  facet normal 0.0976469 0.468478 0.878062
    outer loop
      vertex -0.518989 -0.512057 -22.8991
      vertex 0.323902 0.378162 -23.4678
      vertex 0.285315 0.410758 -23.4809
    endloop
  endfacet
  facet normal 0.0977592 0.468476 0.878051
    outer loop
      vertex -3.27588 -7.75773 -18.7264
      vertex -3.58381 -8.6814 -18.1993
      vertex -3.54291 -8.683 -18.203
    endloop
  endfacet
  facet normal 0.0975338 0.468691 0.877961
    outer loop
      vertex 0.75247 -0.872705 -22.8479
      vertex -0.313311 -0.916353 -22.7062
      vertex 0.752863 -0.934041 -22.8152
    endloop
  endfacet
  facet normal 0.0983521 0.467994 0.878242
    outer loop
      vertex 0.22227 0.457108 -23.4986
      vertex -0.543905 -0.496206 -22.9048
      vertex 0.245053 0.441248 -23.4927
    endloop
  endfacet
  facet normal 0.0970057 0.468709 0.87801
    outer loop
      vertex -3.27588 -7.75773 -18.7264
      vertex -3.67001 -8.67685 -18.1922
      vertex -3.6263 -8.67934 -18.1957
    endloop
  endfacet
  facet normal 0.0970326 0.468815 0.877951
    outer loop
      vertex -0.543905 -0.496206 -22.9048
      vertex 0.173047 0.488014 -23.5096
      vertex 0.146748 0.503008 -23.5147
    endloop
  endfacet
  facet normal 0.0974905 0.471891 0.87625
    outer loop
      vertex -0.309266 -0.965668 -22.6803
      vertex 0.75266 -1.00401 -22.7778
      vertex -0.310373 -0.946499 -22.6905
    endloop
  endfacet
  facet normal 0.0974246 0.468552 0.878048
    outer loop
      vertex -3.27588 -7.75773 -18.7264
      vertex -3.7146 -8.67395 -18.1888
      vertex -3.67001 -8.67685 -18.1922
    endloop
  endfacet
  facet normal 0.0974058 0.468566 0.878042
    outer loop
      vertex -3.47159 -7.64316 -18.7658
      vertex -3.80504 -8.66707 -18.1824
      vertex -3.75973 -8.67068 -18.1855
    endloop
  endfacet
  facet normal 0.097285 0.468635 0.878019
    outer loop
      vertex -0.030331 0.584968 -23.5388
      vertex -0.0624115 0.597061 -23.5417
      vertex -0.570544 -0.481548 -22.9097
    endloop
  endfacet
  facet normal 0.0987779 0.468038 0.878171
    outer loop
      vertex -0.0624115 0.597061 -23.5417
      vertex -0.0950407 0.608638 -23.5442
      vertex -0.598971 -0.468005 -22.9137
    endloop
  endfacet
  facet normal 0.0975261 0.468522 0.878052
    outer loop
      vertex -3.89482 -8.6589 -18.1768
      vertex -3.85019 -8.66313 -18.1795
      vertex -3.47159 -7.64316 -18.7658
    endloop
  endfacet
  facet normal 0.0975492 0.467889 0.878387
    outer loop
      vertex -0.307492 -1.04628 -22.6375
      vertex -0.307446 -1.08271 -22.6181
      vertex 0.751843 -1.08391 -22.7351
    endloop
  endfacet
  facet normal 0.096723 0.468844 0.877969
    outer loop
      vertex -0.598971 -0.468005 -22.9137
      vertex -0.128149 0.619675 -23.5464
      vertex -0.161668 0.630148 -23.5483
    endloop
  endfacet
  facet normal 0.0975793 0.468498 0.878059
    outer loop
      vertex -3.85972 -7.41616 -18.8438
      vertex -4.3015 -8.59298 -18.1668
      vertex -3.6675 -7.52854 -18.8052
    endloop
  endfacet
  facet normal 0.0981932 0.468751 0.877856
    outer loop
      vertex -1.55022 0.650416 -23.4049
      vertex -1.14899 -0.398852 -22.8895
      vertex -1.50008 0.667255 -23.4195
    endloop
  endfacet
  facet normal 0.0974093 0.468964 0.877829
    outer loop
      vertex -2.22145 -10.5554 -17.3506
      vertex -1.35846 -10.3133 -17.5757
      vertex -1.37732 -10.2916 -17.5852
    endloop
  endfacet
  facet normal 0.0975142 0.468502 0.878064
    outer loop
      vertex -0.307446 -1.08271 -22.6181
      vertex 0.750398 -1.17507 -22.6863
      vertex 0.751843 -1.08391 -22.7351
    endloop
  endfacet
  facet normal 0.0975007 0.468503 0.878065
    outer loop
      vertex -0.307687 -1.12486 -22.5956
      vertex -0.308223 -1.17329 -22.5697
      vertex 0.750398 -1.17507 -22.6863
    endloop
  endfacet
  facet normal 0.0974909 0.468678 0.877973
    outer loop
      vertex 0.750398 -1.17507 -22.6863
      vertex -0.308223 -1.17329 -22.5697
      vertex 0.748305 -1.27879 -22.6307
    endloop
  endfacet
  facet normal 0.0967696 0.468381 0.878211
    outer loop
      vertex -1.55022 0.650416 -23.4049
      vertex -1.16481 -0.401021 -22.8866
      vertex -1.14899 -0.398852 -22.8895
    endloop
  endfacet
  facet normal 0.0975153 0.468594 0.878015
    outer loop
      vertex 0.837649 1.47014 -24.1075
      vertex 0.873446 2.61147 -24.7206
      vertex -1.02268 2.74561 -24.5816
    endloop
  endfacet
  facet normal 0.0974976 0.468776 0.87792
    outer loop
      vertex -0.309063 -1.22855 -22.5401
      vertex 0.748305 -1.27879 -22.6307
      vertex -0.308223 -1.17329 -22.5697
    endloop
  endfacet
  facet normal 0.0975397 0.468843 0.877879
    outer loop
      vertex -0.311689 -1.36181 -22.4687
      vertex 0.742113 -1.52918 -22.4964
      vertex 0.745549 -1.39639 -22.5677
    endloop
  endfacet
  facet normal 0.0974713 0.468369 0.87814
    outer loop
      vertex -0.311689 -1.36181 -22.4687
      vertex -0.313492 -1.44093 -22.4263
      vertex 0.742113 -1.52918 -22.4964
    endloop
  endfacet
  facet normal 0.0974785 0.468519 0.878059
    outer loop
      vertex 0.742113 -1.52918 -22.4964
      vertex -0.313492 -1.44093 -22.4263
      vertex -0.315634 -1.52913 -22.379
    endloop
  endfacet
  facet normal 0.098034 0.468714 0.877893
    outer loop
      vertex -1.64417 0.610632 -23.3732
      vertex -1.16481 -0.401021 -22.8866
      vertex -1.59823 0.631553 -23.3895
    endloop
  endfacet
  facet normal 0.0974818 0.468463 0.878089
    outer loop
      vertex -0.315634 -1.52913 -22.379
      vertex 0.737981 -1.67846 -22.4163
      vertex 0.742113 -1.52918 -22.4964
    endloop
  endfacet
  facet normal 0.0975127 0.468716 0.87795
    outer loop
      vertex -0.315634 -1.52913 -22.379
      vertex -0.318122 -1.62695 -22.3265
      vertex 0.737981 -1.67846 -22.4163
    endloop
  endfacet
  facet normal 0.0974971 0.468534 0.878049
    outer loop
      vertex -1.02268 2.74561 -24.5816
      vertex -0.926419 5.81474 -26.23
      vertex -2.10347 4.36292 -25.3246
    endloop
  endfacet
  facet normal 0.0978803 0.468663 0.877938
    outer loop
      vertex -1.64417 0.610632 -23.3732
      vertex -1.19577 -0.406544 -22.8802
      vertex -1.16481 -0.401021 -22.8866
    endloop
  endfacet
  facet normal 0.0851174 0.4606 0.883517
    outer loop
      vertex -2.12065 0.0866406 -23.0407
      vertex -1.51279 -0.63951 -22.7207
      vertex -2.11822 0.086767 -23.041
    endloop
  endfacet
  facet normal 0.097513 0.46881 0.8779
    outer loop
      vertex -0.318122 -1.62695 -22.3265
      vertex -0.320966 -1.73497 -22.2685
      vertex 0.737981 -1.67846 -22.4163
    endloop
  endfacet
  facet normal 0.0975057 0.468528 0.878051
    outer loop
      vertex -0.926419 5.81474 -26.23
      vertex -2.05326 5.89445 -26.1474
      vertex -2.10347 4.36292 -25.3246
    endloop
  endfacet
  facet normal 0.0975339 0.468541 0.878042
    outer loop
      vertex -2.12065 0.0866406 -23.0407
      vertex -2.72844 -0.595279 -22.6093
      vertex -1.52393 -0.665176 -22.7058
    endloop
  endfacet
  facet normal 0.0975422 0.469087 0.877749
    outer loop
      vertex -1.52393 -0.665176 -22.7058
      vertex -2.72844 -0.595279 -22.6093
      vertex -1.53433 -0.692391 -22.6901
    endloop
  endfacet
  facet normal 0.0975476 0.468536 0.878042
    outer loop
      vertex -0.320966 -1.73497 -22.2685
      vertex 0.733135 -1.84555 -22.3266
      vertex 0.737981 -1.67846 -22.4163
    endloop
  endfacet
  facet normal 0.0974811 0.467727 0.878481
    outer loop
      vertex -1.53433 -0.692391 -22.6901
      vertex -2.72844 -0.595279 -22.6093
      vertex -2.71239 -0.641259 -22.5866
    endloop
  endfacet
  facet normal 0.0975163 0.468566 0.87803
    outer loop
      vertex -2.69826 -0.690859 -22.5617
      vertex -1.54405 -0.721196 -22.6737
      vertex -2.71239 -0.641259 -22.5866
    endloop
  endfacet
  facet normal 0.0975331 0.468343 0.878147
    outer loop
      vertex -0.324174 -1.85374 -22.2048
      vertex 0.733135 -1.84555 -22.3266
      vertex -0.320966 -1.73497 -22.2685
    endloop
  endfacet
  facet normal 0.0975214 0.468314 0.878164
    outer loop
      vertex -1.56179 -0.786116 -22.637
      vertex -2.68591 -0.744234 -22.5345
      vertex -1.56678 -0.809829 -22.6238
    endloop
  endfacet
  facet normal 0.0975723 0.467712 0.878479
    outer loop
      vertex -2.66589 -0.862916 -22.4734
      vertex -2.66479 -0.873288 -22.468
      vertex -1.57968 -0.898687 -22.575
    endloop
  endfacet
  facet normal 0.097517 0.468578 0.878023
    outer loop
      vertex 0.72756 -2.03177 -22.2266
      vertex 0.733135 -1.84555 -22.3266
      vertex -0.324174 -1.85374 -22.2048
    endloop
  endfacet
  facet normal 0.0974949 0.468231 0.878211
    outer loop
      vertex -1.58708 -0.980913 -22.5303
      vertex -2.66276 -0.93024 -22.4379
      vertex -1.59057 -1.03139 -22.503
    endloop
  endfacet
  facet normal 0.0975574 0.468325 0.878154
    outer loop
      vertex -2.66363 -1.11888 -22.3371
      vertex -1.59738 -1.15517 -22.4362
      vertex -2.66303 -1.07119 -22.3626
    endloop
  endfacet
  facet normal 0.0975022 0.468485 0.878075
    outer loop
      vertex 0.72756 -2.03177 -22.2266
      vertex -0.324174 -1.85374 -22.2048
      vertex -0.327755 -1.98382 -22.135
    endloop
  endfacet
  facet normal 0.0976151 0.469407 0.87757
    outer loop
      vertex -1.60432 -1.31487 -22.3502
      vertex -2.66445 -1.17181 -22.3088
      vertex -2.66549 -1.23011 -22.2775
    endloop
  endfacet
  facet normal 0.0975204 0.469016 0.877789
    outer loop
      vertex -1.60797 -1.41025 -22.2989
      vertex -2.66822 -1.36329 -22.2062
      vertex -1.61179 -1.51707 -22.2414
    endloop
  endfacet
  facet normal 0.0975021 0.468603 0.878012
    outer loop
      vertex 0.72756 -2.03177 -22.2266
      vertex -0.327755 -1.98382 -22.135
      vertex -0.331717 -2.12577 -22.0588
    endloop
  endfacet
  facet normal 0.0975221 0.468848 0.877879
    outer loop
      vertex -2.67632 -1.69958 -22.0258
      vertex -1.6202 -1.76834 -22.1064
      vertex -2.67396 -1.60645 -22.0758
    endloop
  endfacet
  facet normal 0.0975434 0.468524 0.878049
    outer loop
      vertex -2.71416 -3.09436 -21.2773
      vertex -4.31128 -4.12524 -20.5498
      vertex -1.66425 -3.16864 -21.3543
    endloop
  endfacet
  facet normal 0.0975175 0.468575 0.878025
    outer loop
      vertex -1.66425 -3.16864 -21.3543
      vertex -4.31128 -4.12524 -20.5498
      vertex 0.651146 -4.4763 -20.9136
    endloop
  endfacet
  facet normal 0.0975198 0.468579 0.878023
    outer loop
      vertex 0.651146 -4.4763 -20.9136
      vertex -0.362969 -3.2607 -21.4497
      vertex -1.66425 -3.16864 -21.3543
    endloop
  endfacet
  facet normal 0.0974778 0.468363 0.878142
    outer loop
      vertex 0.721237 -2.23842 -22.1156
      vertex -0.331717 -2.12577 -22.0588
      vertex 0.714151 -2.46681 -21.993
    endloop
  endfacet
  facet normal 0.0974748 0.470203 0.877159
    outer loop
      vertex -2.69826 -0.690859 -22.5617
      vertex -1.55048 -0.742622 -22.6615
      vertex -1.54405 -0.721196 -22.6737
    endloop
  endfacet
  facet normal 0.0975405 0.468571 0.878024
    outer loop
      vertex -1.16481 -0.401021 -22.8866
      vertex -1.55022 0.650416 -23.4049
      vertex -1.59823 0.631553 -23.3895
    endloop
  endfacet
  facet normal 0.0975519 0.468127 0.87826
    outer loop
      vertex -0.311689 -1.36181 -22.4687
      vertex 0.745549 -1.39639 -22.5677
      vertex -0.310215 -1.2912 -22.5065
    endloop
  endfacet
  facet normal 0.0975003 0.468237 0.878207
    outer loop
      vertex -0.307446 -1.08271 -22.6181
      vertex -0.307687 -1.12486 -22.5956
      vertex 0.750398 -1.17507 -22.6863
    endloop
  endfacet
  facet normal 0.0975272 0.469512 0.877523
    outer loop
      vertex -0.307492 -1.04628 -22.6375
      vertex 0.751843 -1.08391 -22.7351
      vertex -0.307817 -1.015 -22.6542
    endloop
  endfacet
  facet normal 0.0975682 0.465815 0.879487
    outer loop
      vertex -0.309266 -0.965668 -22.6803
      vertex -0.308411 -0.988315 -22.6684
      vertex 0.75266 -1.00401 -22.7778
    endloop
  endfacet
  facet normal 0.0974611 0.46894 0.877836
    outer loop
      vertex 0.752863 -0.934041 -22.8152
      vertex -0.310373 -0.946499 -22.6905
      vertex 0.75266 -1.00401 -22.7778
    endloop
  endfacet
  facet normal 0.0973257 0.468705 0.877977
    outer loop
      vertex -0.543905 -0.496206 -22.9048
      vertex -0.518989 -0.512057 -22.8991
      vertex 0.285315 0.410758 -23.4809
    endloop
  endfacet
  facet normal 0.0973665 0.468727 0.877961
    outer loop
      vertex 0.572521 0.0409184 -23.3154
      vertex 0.547262 0.0905572 -23.3391
      vertex -0.47407 -0.547662 -22.8851
    endloop
  endfacet
  facet normal 0.0970764 0.469059 0.877816
    outer loop
      vertex 0.547262 0.0905572 -23.3391
      vertex 0.520346 0.138048 -23.3615
      vertex -0.495732 -0.529183 -22.8926
    endloop
  endfacet
  facet normal 0.0977511 0.468273 0.87816
    outer loop
      vertex -0.495732 -0.529183 -22.8926
      vertex 0.520346 0.138048 -23.3615
      vertex 0.491769 0.183395 -23.3825
    endloop
  endfacet
  facet normal 0.0974935 0.468549 0.878042
    outer loop
      vertex 0.46153 0.226604 -23.4022
      vertex -0.495732 -0.529183 -22.8926
      vertex 0.491769 0.183395 -23.3825
    endloop
  endfacet
  facet normal 0.098653 0.467404 0.878522
    outer loop
      vertex 0.46153 0.226604 -23.4022
      vertex -0.518989 -0.512057 -22.8991
      vertex -0.495732 -0.529183 -22.8926
    endloop
  endfacet
  facet normal 0.0981728 0.467969 0.878275
    outer loop
      vertex -0.518989 -0.512057 -22.8991
      vertex 0.429625 0.26768 -23.4206
      vertex 0.396054 0.306628 -23.4376
    endloop
  endfacet
  facet normal 0.0972762 0.468822 0.87792
    outer loop
      vertex 0.46153 0.226604 -23.4022
      vertex 0.429625 0.26768 -23.4206
      vertex -0.518989 -0.512057 -22.8991
    endloop
  endfacet
  facet normal 0.0967698 0.469205 0.877771
    outer loop
      vertex 0.360814 0.343454 -23.4534
      vertex -0.518989 -0.512057 -22.8991
      vertex 0.396054 0.306628 -23.4376
    endloop
  endfacet
  facet normal 0.0978174 0.468349 0.878112
    outer loop
      vertex 0.360814 0.343454 -23.4534
      vertex 0.323902 0.378162 -23.4678
      vertex -0.518989 -0.512057 -22.8991
    endloop
  endfacet
  facet normal 0.0975097 0.468569 0.878029
    outer loop
      vertex 0.245053 0.441248 -23.4927
      vertex -0.543905 -0.496206 -22.9048
      vertex 0.285315 0.410758 -23.4809
    endloop
  endfacet
  facet normal 0.0964107 0.469265 0.877778
    outer loop
      vertex 0.22227 0.457108 -23.4986
      vertex 0.198245 0.472706 -23.5043
      vertex -0.543905 -0.496206 -22.9048
    endloop
  endfacet
  facet normal 0.0992429 0.467488 0.878411
    outer loop
      vertex -0.543905 -0.496206 -22.9048
      vertex 0.198245 0.472706 -23.5043
      vertex 0.173047 0.488014 -23.5096
    endloop
  endfacet
  facet normal 0.0971323 0.468758 0.87797
    outer loop
      vertex 0.119415 0.517662 -23.5195
      vertex -0.543905 -0.496206 -22.9048
      vertex 0.146748 0.503008 -23.5147
    endloop
  endfacet
  facet normal 0.0965997 0.469025 0.877886
    outer loop
      vertex -0.543905 -0.496206 -22.9048
      vertex 0.0619244 0.545853 -23.5282
      vertex -0.570544 -0.481548 -22.9097
    endloop
  endfacet
  facet normal 0.096948 0.468854 0.877939
    outer loop
      vertex 0.0911173 0.531952 -23.524
      vertex 0.0619244 0.545853 -23.5282
      vertex -0.543905 -0.496206 -22.9048
    endloop
  endfacet
  facet normal 0.0962058 0.469152 0.877862
    outer loop
      vertex -0.570544 -0.481548 -22.9097
      vertex 0.0319059 0.559339 -23.532
      vertex 0.00113103 0.572386 -23.5356
    endloop
  endfacet
  facet normal 0.0989799 0.467795 0.878277
    outer loop
      vertex 0.0619244 0.545853 -23.5282
      vertex 0.0319059 0.559339 -23.532
      vertex -0.570544 -0.481548 -22.9097
    endloop
  endfacet
  facet normal 0.0979796 0.468333 0.878103
    outer loop
      vertex -0.030331 0.584968 -23.5388
      vertex -0.570544 -0.481548 -22.9097
      vertex 0.00113103 0.572386 -23.5356
    endloop
  endfacet
  facet normal 0.0992952 0.467813 0.878232
    outer loop
      vertex -0.0624115 0.597061 -23.5417
      vertex -0.598971 -0.468005 -22.9137
      vertex -0.570544 -0.481548 -22.9097
    endloop
  endfacet
  facet normal 0.0978329 0.468452 0.878056
    outer loop
      vertex -0.195528 0.640031 -23.5498
      vertex -0.598971 -0.468005 -22.9137
      vertex -0.161668 0.630148 -23.5483
    endloop
  endfacet
  facet normal 0.096436 0.468882 0.877981
    outer loop
      vertex -0.22966 0.649298 -23.551
      vertex -0.62925 -0.455494 -22.9171
      vertex -0.195528 0.640031 -23.5498
    endloop
  endfacet
  facet normal 0.0997871 0.467899 0.878131
    outer loop
      vertex -0.298461 0.665886 -23.5522
      vertex -0.661445 -0.443936 -22.9196
      vertex -0.62925 -0.455494 -22.9171
    endloop
  endfacet
  facet normal 0.0968547 0.468739 0.878011
    outer loop
      vertex -0.661445 -0.443936 -22.9196
      vertex -0.367519 0.679713 -23.5519
      vertex -0.408421 0.686666 -23.5511
    endloop
  endfacet
  facet normal 0.0966459 0.468791 0.878006
    outer loop
      vertex -0.332993 0.673157 -23.5522
      vertex -0.367519 0.679713 -23.5519
      vertex -0.661445 -0.443936 -22.9196
    endloop
  endfacet
  facet normal 0.0987035 0.468336 0.87802
    outer loop
      vertex -0.69562 -0.433251 -22.9215
      vertex -0.450363 0.693161 -23.5499
      vertex -0.493198 0.699189 -23.5483
    endloop
  endfacet
  facet normal 0.0976801 0.468557 0.878016
    outer loop
      vertex -0.408421 0.686666 -23.5511
      vertex -0.450363 0.693161 -23.5499
      vertex -0.69562 -0.433251 -22.9215
    endloop
  endfacet
  facet normal 0.0975216 0.468585 0.878019
    outer loop
      vertex -0.580956 0.709816 -23.5443
      vertex -0.731242 -0.424763 -22.9221
      vertex -0.536778 0.704744 -23.5465
    endloop
  endfacet
  facet normal 0.0971203 0.468582 0.878065
    outer loop
      vertex -0.625586 0.714398 -23.5417
      vertex -0.774765 -0.417048 -22.9214
      vertex -0.752142 -0.4208 -22.9219
    endloop
  endfacet
  facet normal 0.099227 0.468301 0.87798
    outer loop
      vertex -0.625586 0.714398 -23.5417
      vertex -0.752142 -0.4208 -22.9219
      vertex -0.580956 0.709816 -23.5443
    endloop
  endfacet
  facet normal 0.0987124 0.468408 0.87798
    outer loop
      vertex -0.824168 -0.410255 -22.9195
      vertex -0.798858 -0.413527 -22.9206
      vertex -0.715609 0.722055 -23.5358
    endloop
  endfacet
  facet normal 0.097515 0.468532 0.878048
    outer loop
      vertex -0.798858 -0.413527 -22.9206
      vertex -0.670519 0.71848 -23.5389
      vertex -0.715609 0.722055 -23.5358
    endloop
  endfacet
  facet normal 0.0986713 0.468465 0.877955
    outer loop
      vertex -0.760709 0.725115 -23.5325
      vertex -0.805671 0.727651 -23.5288
      vertex -0.850443 -0.407251 -22.9182
    endloop
  endfacet
  facet normal 0.0968692 0.468599 0.878084
    outer loop
      vertex -0.894595 0.731119 -23.5208
      vertex -0.904875 -0.40212 -22.9149
      vertex -0.850348 0.729655 -23.5249
    endloop
  endfacet
  facet normal 0.0982875 0.468475 0.877992
    outer loop
      vertex -0.894595 0.731119 -23.5208
      vertex -0.938261 0.732034 -23.5164
      vertex -0.932527 -0.400031 -22.913
    endloop
  endfacet
  facet normal 0.0980351 0.468578 0.877966
    outer loop
      vertex -1.06432 0.731406 -23.5021
      vertex -0.98744 -0.396897 -22.9085
      vertex -1.02327 0.732186 -23.5071
    endloop
  endfacet
  facet normal 0.0977519 0.468584 0.877994
    outer loop
      vertex -0.98744 -0.396897 -22.9085
      vertex -0.960133 -0.398284 -22.9108
      vertex -1.02327 0.732186 -23.5071
    endloop
  endfacet
  facet normal 0.0989153 0.46855 0.877882
    outer loop
      vertex -1.01419 -0.395889 -22.9061
      vertex -1.1042 0.730045 -23.4969
      vertex -1.04015 -0.39528 -22.9035
    endloop
  endfacet
  facet normal 0.0953792 0.46851 0.878295
    outer loop
      vertex -1.06504 -0.395087 -22.9009
      vertex -1.04015 -0.39528 -22.9035
      vertex -1.14276 0.728094 -23.4916
    endloop
  endfacet
  facet normal 0.0970861 0.468546 0.878088
    outer loop
      vertex -1.08862 -0.395329 -22.8981
      vertex -1.21536 0.72239 -23.4805
      vertex -1.27704 0.715118 -23.4698
    endloop
  endfacet
  facet normal 0.0994212 0.468647 0.877773
    outer loop
      vertex -1.06504 -0.395087 -22.9009
      vertex -1.21536 0.72239 -23.4805
      vertex -1.08862 -0.395329 -22.8981
    endloop
  endfacet
  facet normal 0.0977904 0.468524 0.878022
    outer loop
      vertex -1.33629 0.706005 -23.4583
      vertex -1.39317 0.695014 -23.4461
      vertex -1.13085 -0.397193 -22.8925
    endloop
  endfacet
  facet normal 0.0977935 0.468691 0.877932
    outer loop
      vertex -1.19577 -0.406544 -22.8802
      vertex -1.6881 0.587617 -23.3561
      vertex -1.73007 0.56247 -23.338
    endloop
  endfacet
  facet normal 0.0970893 0.468411 0.87816
    outer loop
      vertex -1.77015 0.535157 -23.319
      vertex -1.19577 -0.406544 -22.8802
      vertex -1.73007 0.56247 -23.338
    endloop
  endfacet
  facet normal 0.0956735 0.467682 0.878703
    outer loop
      vertex -1.22518 -0.412928 -22.8736
      vertex -1.19577 -0.406544 -22.8802
      vertex -1.80839 0.50564 -23.299
    endloop
  endfacet
  facet normal 0.0975969 0.468583 0.878012
    outer loop
      vertex -1.84485 0.473885 -23.278
      vertex -1.22518 -0.412928 -22.8736
      vertex -1.80839 0.50564 -23.299
    endloop
  endfacet
  facet normal 0.0972355 0.468395 0.878152
    outer loop
      vertex -1.84485 0.473885 -23.278
      vertex -1.8796 0.439853 -23.256
      vertex -1.22518 -0.412928 -22.8736
    endloop
  endfacet
  facet normal 0.0978334 0.468741 0.877901
    outer loop
      vertex -1.22518 -0.412928 -22.8736
      vertex -1.8796 0.439853 -23.256
      vertex -1.25309 -0.420213 -22.8666
    endloop
  endfacet
  facet normal 0.0979343 0.468796 0.87786
    outer loop
      vertex -1.25309 -0.420213 -22.8666
      vertex -1.8796 0.439853 -23.256
      vertex -1.91269 0.403509 -23.2329
    endloop
  endfacet
  facet normal 0.0982863 0.46901 0.877707
    outer loop
      vertex -1.94417 0.364818 -23.2087
      vertex -1.25309 -0.420213 -22.8666
      vertex -1.91269 0.403509 -23.2329
    endloop
  endfacet
  facet normal 0.096985 0.468132 0.87832
    outer loop
      vertex -1.94417 0.364818 -23.2087
      vertex -1.97412 0.323742 -23.1835
      vertex -1.25309 -0.420213 -22.8666
    endloop
  endfacet
  facet normal 0.096865 0.468041 0.878382
    outer loop
      vertex -1.25309 -0.420213 -22.8666
      vertex -1.97412 0.323742 -23.1835
      vertex -1.27954 -0.428439 -22.8593
    endloop
  endfacet
  facet normal 0.0978888 0.46877 0.877879
    outer loop
      vertex -1.27954 -0.428439 -22.8593
      vertex -1.97412 0.323742 -23.1835
      vertex -2.00258 0.280245 -23.1571
    endloop
  endfacet
  facet normal 0.0976594 0.468588 0.878002
    outer loop
      vertex -1.30458 -0.437648 -22.8516
      vertex -1.27954 -0.428439 -22.8593
      vertex -2.00258 0.280245 -23.1571
    endloop
  endfacet
  facet normal 0.0972874 0.468307 0.878193
    outer loop
      vertex -2.02962 0.234293 -23.1296
      vertex -1.30458 -0.437648 -22.8516
      vertex -2.00258 0.280245 -23.1571
    endloop
  endfacet
  facet normal 0.0977731 0.468748 0.877904
    outer loop
      vertex -2.0553 0.185847 -23.1009
      vertex -1.32826 -0.447879 -22.8435
      vertex -1.30458 -0.437648 -22.8516
    endloop
  endfacet
  facet normal 0.0979422 0.468901 0.877804
    outer loop
      vertex -2.0553 0.185847 -23.1009
      vertex -2.06269 0.171291 -23.0923
      vertex -1.32826 -0.447879 -22.8435
    endloop
  endfacet
  facet normal 0.0983463 0.46928 0.877556
    outer loop
      vertex -1.32826 -0.447879 -22.8435
      vertex -2.06269 0.171291 -23.0923
      vertex -2.06959 0.157964 -23.0844
    endloop
  endfacet
  facet normal 0.0973168 0.468279 0.878205
    outer loop
      vertex -1.35062 -0.459173 -22.835
      vertex -1.32826 -0.447879 -22.8435
      vertex -2.06959 0.157964 -23.0844
    endloop
  endfacet
  facet normal 0.0943406 0.465532 0.879988
    outer loop
      vertex -2.07601 0.145844 -23.0773
      vertex -1.35062 -0.459173 -22.835
      vertex -2.06959 0.157964 -23.0844
    endloop
  endfacet
  facet normal 0.0976528 0.468687 0.87795
    outer loop
      vertex -2.07601 0.145844 -23.0773
      vertex -2.08198 0.134912 -23.0708
      vertex -1.35062 -0.459173 -22.835
    endloop
  endfacet
  facet normal 0.101055 0.472014 0.87578
    outer loop
      vertex -1.35062 -0.459173 -22.835
      vertex -2.08198 0.134912 -23.0708
      vertex -2.08751 0.125149 -23.0649
    endloop
  endfacet
  facet normal 0.098461 0.469409 0.877474
    outer loop
      vertex -1.37172 -0.471571 -22.826
      vertex -1.35062 -0.459173 -22.835
      vertex -2.08751 0.125149 -23.0649
    endloop
  endfacet
  facet normal 0.098658 0.469747 0.877271
    outer loop
      vertex -2.09733 0.109051 -23.0553
      vertex -2.10166 0.102677 -23.0514
      vertex -1.37172 -0.471571 -22.826
    endloop
  endfacet
  facet normal 0.0941449 0.465297 0.880134
    outer loop
      vertex -1.37172 -0.471571 -22.826
      vertex -2.08751 0.125149 -23.0649
      vertex -2.09262 0.116536 -23.0598
    endloop
  endfacet
  facet normal 0.096715 0.467775 0.87854
    outer loop
      vertex -1.37172 -0.471571 -22.826
      vertex -2.10166 0.102677 -23.0514
      vertex -1.39161 -0.485113 -22.8166
    endloop
  endfacet
  facet normal 0.0928241 0.46391 0.881006
    outer loop
      vertex -2.10924 0.0931793 -23.0455
      vertex -1.39161 -0.485113 -22.8166
      vertex -2.10562 0.0973926 -23.0481
    endloop
  endfacet
  facet normal 0.100709 0.471602 0.876042
    outer loop
      vertex -1.39161 -0.485113 -22.8166
      vertex -2.10166 0.102677 -23.0514
      vertex -2.10562 0.0973926 -23.0481
    endloop
  endfacet
  facet normal 0.102823 0.473572 0.874733
    outer loop
      vertex -2.11254 0.0900169 -23.0434
      vertex -1.41033 -0.49984 -22.8066
      vertex -2.10924 0.0931793 -23.0455
    endloop
  endfacet
  facet normal 0.0961637 0.467487 0.878754
    outer loop
      vertex -1.48814 -0.592667 -22.7485
      vertex -1.47452 -0.571408 -22.7613
      vertex -2.11822 0.086767 -23.041
    endloop
  endfacet
  facet normal 0.0966471 0.468007 0.878424
    outer loop
      vertex -2.12065 0.0866406 -23.0407
      vertex -1.52393 -0.665176 -22.7058
      vertex -1.51279 -0.63951 -22.7207
    endloop
  endfacet
  facet normal 0.0974823 0.467372 0.87867
    outer loop
      vertex -1.54405 -0.721196 -22.6737
      vertex -1.53433 -0.692391 -22.6901
      vertex -2.71239 -0.641259 -22.5866
    endloop
  endfacet
  facet normal 0.0974792 0.466761 0.878995
    outer loop
      vertex -2.69826 -0.690859 -22.5617
      vertex -1.55638 -0.763988 -22.6495
      vertex -1.55048 -0.742622 -22.6615
    endloop
  endfacet
  facet normal 0.0975464 0.469704 0.877418
    outer loop
      vertex -2.69826 -0.690859 -22.5617
      vertex -2.68591 -0.744234 -22.5345
      vertex -1.55638 -0.763988 -22.6495
    endloop
  endfacet
  facet normal 0.0974869 0.471327 0.876554
    outer loop
      vertex -1.55638 -0.763988 -22.6495
      vertex -2.68591 -0.744234 -22.5345
      vertex -1.56179 -0.786116 -22.637
    endloop
  endfacet
  facet normal 0.0975088 0.467527 0.878584
    outer loop
      vertex -2.68591 -0.744234 -22.5345
      vertex -2.67517 -0.801535 -22.5052
      vertex -1.56678 -0.809829 -22.6238
    endloop
  endfacet
  facet normal 0.0975209 0.467279 0.878715
    outer loop
      vertex -1.56678 -0.809829 -22.6238
      vertex -2.67517 -0.801535 -22.5052
      vertex -1.57139 -0.835946 -22.6094
    endloop
  endfacet
  facet normal 0.0975128 0.467707 0.878488
    outer loop
      vertex -1.57139 -0.835946 -22.6094
      vertex -2.67517 -0.801535 -22.5052
      vertex -1.57568 -0.865292 -22.5933
    endloop
  endfacet
  facet normal 0.0975384 0.4694 0.877582
    outer loop
      vertex -1.57568 -0.865292 -22.5933
      vertex -2.67517 -0.801535 -22.5052
      vertex -2.66589 -0.862916 -22.4734
    endloop
  endfacet
  facet normal 0.0975463 0.46926 0.877656
    outer loop
      vertex -1.57968 -0.898687 -22.575
      vertex -1.57568 -0.865292 -22.5933
      vertex -2.66589 -0.862916 -22.4734
    endloop
  endfacet
  facet normal 0.0975177 0.469599 0.877478
    outer loop
      vertex -1.58347 -0.936953 -22.5541
      vertex -1.57968 -0.898687 -22.575
      vertex -2.66479 -0.873288 -22.468
    endloop
  endfacet
  facet normal 0.0975091 0.469067 0.877763
    outer loop
      vertex -2.6639 -0.887882 -22.4603
      vertex -1.58347 -0.936953 -22.5541
      vertex -2.66479 -0.873288 -22.468
    endloop
  endfacet
  facet normal 0.0975104 0.46763 0.87853
    outer loop
      vertex -2.6639 -0.887882 -22.4603
      vertex -1.58708 -0.980913 -22.5303
      vertex -1.58347 -0.936953 -22.5541
    endloop
  endfacet
  facet normal 0.0974951 0.467333 0.878689
    outer loop
      vertex -2.6639 -0.887882 -22.4603
      vertex -2.66323 -0.906824 -22.4503
      vertex -1.58708 -0.980913 -22.5303
    endloop
  endfacet
  facet normal 0.0974937 0.467283 0.878716
    outer loop
      vertex -1.58708 -0.980913 -22.5303
      vertex -2.66323 -0.906824 -22.4503
      vertex -2.66276 -0.93024 -22.4379
    endloop
  endfacet
  facet normal 0.0976287 0.470408 0.877032
    outer loop
      vertex -1.59057 -1.03139 -22.503
      vertex -2.66276 -0.93024 -22.4379
      vertex -2.66251 -0.958258 -22.4229
    endloop
  endfacet
  facet normal 0.0975358 0.4671 0.878808
    outer loop
      vertex -2.66246 -0.991005 -22.4055
      vertex -1.59057 -1.03139 -22.503
      vertex -2.66251 -0.958258 -22.4229
    endloop
  endfacet
  facet normal 0.0975113 0.469385 0.877593
    outer loop
      vertex -2.66246 -0.991005 -22.4055
      vertex -1.59399 -1.0892 -22.4717
      vertex -1.59057 -1.03139 -22.503
    endloop
  endfacet
  facet normal 0.0974762 0.468784 0.877918
    outer loop
      vertex -2.66246 -0.991005 -22.4055
      vertex -2.66264 -1.02861 -22.3854
      vertex -1.59399 -1.0892 -22.4717
    endloop
  endfacet
  facet normal 0.0974619 0.467725 0.878484
    outer loop
      vertex -1.59399 -1.0892 -22.4717
      vertex -2.66264 -1.02861 -22.3854
      vertex -1.59738 -1.15517 -22.4362
    endloop
  endfacet
  facet normal 0.0975897 0.469101 0.877736
    outer loop
      vertex -1.59738 -1.15517 -22.4362
      vertex -2.66264 -1.02861 -22.3854
      vertex -2.66303 -1.07119 -22.3626
    endloop
  endfacet
  facet normal 0.0975507 0.468759 0.877923
    outer loop
      vertex -1.60081 -1.23012 -22.3958
      vertex -1.59738 -1.15517 -22.4362
      vertex -2.66363 -1.11888 -22.3371
    endloop
  endfacet
  facet normal 0.0975002 0.468083 0.878289
    outer loop
      vertex -2.66445 -1.17181 -22.3088
      vertex -1.60081 -1.23012 -22.3958
      vertex -2.66363 -1.11888 -22.3371
    endloop
  endfacet
  facet normal 0.097504 0.468429 0.878105
    outer loop
      vertex -2.66445 -1.17181 -22.3088
      vertex -1.60432 -1.31487 -22.3502
      vertex -1.60081 -1.23012 -22.3958
    endloop
  endfacet
  facet normal 0.0975437 0.467744 0.878465
    outer loop
      vertex -2.66549 -1.23011 -22.2775
      vertex -2.66675 -1.29389 -22.2434
      vertex -1.60432 -1.31487 -22.3502
    endloop
  endfacet
  facet normal 0.0975175 0.468527 0.878051
    outer loop
      vertex -1.60432 -1.31487 -22.3502
      vertex -2.66675 -1.29389 -22.2434
      vertex -1.60797 -1.41025 -22.2989
    endloop
  endfacet
  facet normal 0.0975215 0.468576 0.878024
    outer loop
      vertex -1.60797 -1.41025 -22.2989
      vertex -2.66675 -1.29389 -22.2434
      vertex -2.66822 -1.36329 -22.2062
    endloop
  endfacet
  facet normal 0.0974789 0.46869 0.877968
    outer loop
      vertex -1.61179 -1.51707 -22.2414
      vertex -2.66822 -1.36329 -22.2062
      vertex -2.66991 -1.43843 -22.1659
    endloop
  endfacet
  facet normal 0.0974912 0.469033 0.877783
    outer loop
      vertex -2.67183 -1.51944 -22.1224
      vertex -1.61179 -1.51707 -22.2414
      vertex -2.66991 -1.43843 -22.1659
    endloop
  endfacet
  facet normal 0.0974783 0.468019 0.878326
    outer loop
      vertex -2.67396 -1.60645 -22.0758
      vertex -1.61585 -1.63616 -22.1774
      vertex -2.67183 -1.51944 -22.1224
    endloop
  endfacet
  facet normal 0.0974683 0.468457 0.878093
    outer loop
      vertex -2.67396 -1.60645 -22.0758
      vertex -1.6202 -1.76834 -22.1064
      vertex -1.61585 -1.63616 -22.1774
    endloop
  endfacet
  facet normal 0.0975119 0.468428 0.878104
    outer loop
      vertex -2.67632 -1.69958 -22.0258
      vertex -2.67889 -1.79896 -21.9725
      vertex -1.6202 -1.76834 -22.1064
    endloop
  endfacet
  facet normal 0.0974933 0.468624 0.878002
    outer loop
      vertex -1.6202 -1.76834 -22.1064
      vertex -2.67889 -1.79896 -21.9725
      vertex -1.62489 -1.91444 -22.0279
    endloop
  endfacet
  facet normal 0.0975467 0.4682 0.878222
    outer loop
      vertex -1.62489 -1.91444 -22.0279
      vertex -2.68169 -1.90472 -21.9157
      vertex -1.62996 -2.07526 -21.9416
    endloop
  endfacet
  facet normal 0.0975258 0.468563 0.87803
    outer loop
      vertex -3.99272 6.03166 -26.0052
      vertex -2.05326 5.89445 -26.1474
      vertex -3.95663 7.18258 -26.6234
    endloop
  endfacet
  facet normal 0.0975167 0.468552 0.878037
    outer loop
      vertex -3.95663 7.18258 -26.6234
      vertex -2.05326 5.89445 -26.1474
      vertex 1.0058 6.83152 -26.9872
    endloop
  endfacet
  facet normal 0.0975071 0.468574 0.878027
    outer loop
      vertex -2.05326 5.89445 -26.1474
      vertex -0.926419 5.81474 -26.23
      vertex 1.0058 6.83152 -26.9872
    endloop
  endfacet
  facet normal 0.0975144 0.468564 0.878031
    outer loop
      vertex -0.926419 5.81474 -26.23
      vertex 0.969706 5.6806 -26.369
      vertex 1.0058 6.83152 -26.9872
    endloop
  endfacet
  facet normal 0.0975679 0.468569 0.878023
    outer loop
      vertex -2.15479 2.8305 -24.5011
      vertex -1.02268 2.74561 -24.5816
      vertex -2.10347 4.36292 -25.3246
    endloop
  endfacet
  facet normal 0.0975493 0.468532 0.878045
    outer loop
      vertex -4.12478 1.8212 -23.7437
      vertex -3.12136 2.896 -24.4287
      vertex -4.08898 2.96253 -24.3567
    endloop
  endfacet
  facet normal 0.0975713 0.46866 0.877974
    outer loop
      vertex -1.02268 2.74561 -24.5816
      vertex -2.15479 2.8305 -24.5011
      vertex 0.837649 1.47014 -24.1075
    endloop
  endfacet
  facet normal 0.0975169 0.468558 0.878034
    outer loop
      vertex -2.15479 2.8305 -24.5011
      vertex -4.12478 1.8212 -23.7437
      vertex 0.837649 1.47014 -24.1075
    endloop
  endfacet
  facet normal 0.0975202 0.468553 0.878036
    outer loop
      vertex -3.12136 2.896 -24.4287
      vertex -4.12478 1.8212 -23.7437
      vertex -2.15479 2.8305 -24.5011
    endloop
  endfacet
  facet normal 0.0951411 0.468749 0.878193
    outer loop
      vertex -2.22464 -9.596 -17.8622
      vertex -2.22633 -9.61664 -17.851
      vertex -2.2171 -9.60109 -17.8603
    endloop
  endfacet
  facet normal 0.0992138 0.465242 0.879606
    outer loop
      vertex -2.14101 -9.64497 -17.8454
      vertex -2.15483 -9.63654 -17.8483
      vertex -2.18957 -9.65976 -17.8321
    endloop
  endfacet
  facet normal 0.0977065 0.468932 0.877813
    outer loop
      vertex -2.12533 -9.6548 -17.8419
      vertex -2.18957 -9.65976 -17.8321
      vertex -2.19094 -9.6898 -17.8159
    endloop
  endfacet
  facet normal 0.0982196 0.467437 0.878553
    outer loop
      vertex -2.10804 -9.66587 -17.8379
      vertex -2.19094 -9.6898 -17.8159
      vertex -2.19253 -9.72762 -17.7956
    endloop
  endfacet
  facet normal 0.0970161 0.469068 0.877817
    outer loop
      vertex -2.19253 -9.72762 -17.7956
      vertex -2.06956 -9.69111 -17.8287
      vertex -2.08937 -9.67803 -17.8335
    endloop
  endfacet
  facet normal 0.0969165 0.469301 0.877704
    outer loop
      vertex -2.19253 -9.72762 -17.7956
      vertex -2.19434 -9.77288 -17.7712
      vertex -2.06956 -9.69111 -17.8287
    endloop
  endfacet
  facet normal 0.0982269 0.467393 0.878576
    outer loop
      vertex -2.19434 -9.77288 -17.7712
      vertex -2.02744 -9.71942 -17.8183
      vertex -2.04884 -9.70496 -17.8236
    endloop
  endfacet
  facet normal 0.096646 0.470854 0.876901
    outer loop
      vertex -2.00561 -9.73433 -17.8127
      vertex -2.02744 -9.71942 -17.8183
      vertex -2.19434 -9.77288 -17.7712
    endloop
  endfacet
  facet normal 0.0984455 0.466527 0.879011
    outer loop
      vertex -1.98358 -9.74953 -17.8071
      vertex -2.00561 -9.73433 -17.8127
      vertex -2.19634 -9.82522 -17.7431
    endloop
  endfacet
  facet normal 0.0970446 0.469101 0.877796
    outer loop
      vertex -1.96158 -9.76488 -17.8013
      vertex -2.19634 -9.82522 -17.7431
      vertex -2.19854 -9.88427 -17.7113
    endloop
  endfacet
  facet normal 0.0985683 0.466852 0.878825
    outer loop
      vertex -1.93984 -9.7802 -17.7956
      vertex -1.96158 -9.76488 -17.8013
      vertex -2.19854 -9.88427 -17.7113
    endloop
  endfacet
  facet normal 0.0973019 0.468954 0.877847
    outer loop
      vertex -2.19854 -9.88427 -17.7113
      vertex -2.20091 -9.94967 -17.6761
      vertex -1.89812 -9.81014 -17.7842
    endloop
  endfacet
  facet normal 0.098733 0.466668 0.878904
    outer loop
      vertex -1.89812 -9.81014 -17.7842
      vertex -2.20091 -9.94967 -17.6761
      vertex -1.8786 -9.82444 -17.7788
    endloop
  endfacet
  facet normal 0.0972059 0.469393 0.877623
    outer loop
      vertex -1.84343 -9.85094 -17.7685
      vertex -1.86029 -9.8381 -17.7735
      vertex -2.20091 -9.94967 -17.6761
    endloop
  endfacet
  facet normal 0.0975442 0.468553 0.878034
    outer loop
      vertex -2.20345 -10.0211 -17.6377
      vertex -1.84343 -9.85094 -17.7685
      vertex -2.20091 -9.94967 -17.6761
    endloop
  endfacet
  facet normal 0.098127 0.467643 0.878454
    outer loop
      vertex -2.20345 -10.0211 -17.6377
      vertex -1.82144 -9.86814 -17.7618
      vertex -1.84343 -9.85094 -17.7685
    endloop
  endfacet
  facet normal 0.0978325 0.467987 0.878304
    outer loop
      vertex -1.77309 -9.908 -17.7459
      vertex -1.79793 -9.88723 -17.7542
      vertex -2.20345 -10.0211 -17.6377
    endloop
  endfacet
  facet normal 0.0975772 0.468648 0.87798
    outer loop
      vertex -2.20614 -10.0981 -17.5963
      vertex -1.77309 -9.908 -17.7459
      vertex -2.20345 -10.0211 -17.6377
    endloop
  endfacet
  facet normal 0.0975923 0.468543 0.878034
    outer loop
      vertex -2.20614 -10.0981 -17.5963
      vertex -1.69261 -9.9785 -17.7172
      vertex -1.72023 -9.95382 -17.7273
    endloop
  endfacet
  facet normal 0.097846 0.467816 0.878393
    outer loop
      vertex -2.20614 -10.0981 -17.5963
      vertex -2.20897 -10.1805 -17.5521
      vertex -1.69261 -9.9785 -17.7172
    endloop
  endfacet
  facet normal 0.0978411 0.467825 0.878389
    outer loop
      vertex -1.69261 -9.9785 -17.7172
      vertex -2.20897 -10.1805 -17.5521
      vertex -1.66447 -10.0041 -17.7067
    endloop
  endfacet
  facet normal 0.0973103 0.468956 0.877844
    outer loop
      vertex -1.6074 -10.0573 -17.6846
      vertex -1.636 -10.0304 -17.6958
      vertex -2.20897 -10.1805 -17.5521
    endloop
  endfacet
  facet normal 0.0973394 0.468864 0.87789
    outer loop
      vertex -2.21193 -10.2677 -17.5052
      vertex -1.6074 -10.0573 -17.6846
      vertex -2.20897 -10.1805 -17.5521
    endloop
  endfacet
  facet normal 0.0979268 0.467665 0.878464
    outer loop
      vertex -2.21193 -10.2677 -17.5052
      vertex -1.57887 -10.0845 -17.6733
      vertex -1.6074 -10.0573 -17.6846
    endloop
  endfacet
  facet normal 0.0975405 0.468337 0.878149
    outer loop
      vertex -2.215 -10.3595 -17.4559
      vertex -1.55062 -10.1118 -17.6618
      vertex -2.21193 -10.2677 -17.5052
    endloop
  endfacet
  facet normal 0.097384 0.468947 0.877841
    outer loop
      vertex -2.215 -10.3595 -17.4559
      vertex -1.46951 -10.1929 -17.6276
      vertex -1.49574 -10.1663 -17.6389
    endloop
  endfacet
  facet normal 0.0976048 0.468293 0.878166
    outer loop
      vertex -2.215 -10.3595 -17.4559
      vertex -2.21818 -10.4556 -17.4043
      vertex -1.46951 -10.1929 -17.6276
    endloop
  endfacet
  facet normal 0.0968313 0.469859 0.877415
    outer loop
      vertex -1.46951 -10.1929 -17.6276
      vertex -2.21818 -10.4556 -17.4043
      vertex -1.44435 -10.219 -17.6164
    endloop
  endfacet
  facet normal 0.0976978 0.467941 0.878343
    outer loop
      vertex -1.42047 -10.2443 -17.6056
      vertex -2.21818 -10.4556 -17.4043
      vertex -1.39806 -10.2685 -17.5952
    endloop
  endfacet
  facet normal 0.0976954 0.467948 0.87834
    outer loop
      vertex -1.39806 -10.2685 -17.5952
      vertex -2.21818 -10.4556 -17.4043
      vertex -1.37732 -10.2916 -17.5852
    endloop
  endfacet
  facet normal 0.0973434 0.469111 0.877758
    outer loop
      vertex -1.37732 -10.2916 -17.5852
      vertex -2.21818 -10.4556 -17.4043
      vertex -2.22145 -10.5554 -17.3506
    endloop
  endfacet
  facet normal 0.0974105 0.468895 0.877866
    outer loop
      vertex -2.22145 -10.5554 -17.3506
      vertex -1.29244 -10.3953 -17.5392
      vertex -1.34167 -10.3334 -17.5668
    endloop
  endfacet
  facet normal 0.0975969 0.468216 0.878207
    outer loop
      vertex -2.22145 -10.5554 -17.3506
      vertex -2.2248 -10.6588 -17.2951
      vertex -1.29244 -10.3953 -17.5392
    endloop
  endfacet
  facet normal 0.0976876 0.467995 0.878315
    outer loop
      vertex -1.29244 -10.3953 -17.5392
      vertex -2.2248 -10.6588 -17.2951
      vertex -1.24513 -10.4581 -17.511
    endloop
  endfacet
  facet normal 0.0975107 0.468557 0.878035
    outer loop
      vertex -1.24513 -10.4581 -17.511
      vertex -2.2248 -10.6588 -17.2951
      vertex -1.19975 -10.5217 -17.4821
    endloop
  endfacet
  facet normal 0.0975583 0.468628 0.877992
    outer loop
      vertex -1.15631 -10.5862 -17.4525
      vertex -1.19975 -10.5217 -17.4821
      vertex -2.22822 -10.7653 -17.2378
    endloop
  endfacet
  facet normal 0.0975729 0.46856 0.878027
    outer loop
      vertex -2.2317 -10.8746 -17.1791
      vertex -2.23522 -10.9863 -17.1191
      vertex -1.07528 -10.7174 -17.3915
    endloop
  endfacet
  facet normal 0.0979633 0.469715 0.877366
    outer loop
      vertex -0.789123 -11.4179 -17.0495
      vertex -2.23522 -10.9863 -17.1191
      vertex -0.771598 -11.4916 -17.012
    endloop
  endfacet
  facet normal 0.0971977 0.467739 0.878506
    outer loop
      vertex -0.771598 -11.4916 -17.012
      vertex -2.23522 -10.9863 -17.1191
      vertex -0.75612 -11.566 -16.9741
    endloop
  endfacet
  facet normal 0.0974267 0.468249 0.878209
    outer loop
      vertex -0.75612 -11.566 -16.9741
      vertex -2.23522 -10.9863 -17.1191
      vertex -0.742698 -11.641 -16.9356
    endloop
  endfacet
  facet normal 0.0971356 0.469182 0.877743
    outer loop
      vertex -0.742698 -11.641 -16.9356
      vertex -2.27808 -12.353 -16.3851
      vertex -0.731338 -11.7165 -16.8965
    endloop
  endfacet
  facet normal 0.19661 0.468253 0.861443
    outer loop
      vertex -0.731338 -11.7165 -16.8965
      vertex -0.727942 -11.7538 -16.877
      vertex -0.72956 -11.7327 -16.8881
    endloop
  endfacet
  facet normal 0.0977755 0.468054 0.878274
    outer loop
      vertex -0.731338 -11.7165 -16.8965
      vertex -2.27808 -12.353 -16.3851
      vertex -0.727942 -11.7538 -16.877
    endloop
  endfacet
  facet normal 0.0973996 0.468754 0.877943
    outer loop
      vertex -0.727942 -11.7538 -16.877
      vertex -2.27808 -12.353 -16.3851
      vertex -0.726485 -11.7792 -16.8636
    endloop
  endfacet
  facet normal 0.0979739 0.467642 0.878472
    outer loop
      vertex -0.726485 -11.7792 -16.8636
      vertex -2.27808 -12.353 -16.3851
      vertex -0.725192 -11.8084 -16.8482
    endloop
  endfacet
  facet normal 0.0970805 0.469452 0.877605
    outer loop
      vertex -0.725192 -11.8084 -16.8482
      vertex -2.27808 -12.353 -16.3851
      vertex -0.724066 -11.8406 -16.8311
    endloop
  endfacet
  facet normal 0.0976651 0.468203 0.878207
    outer loop
      vertex -0.724066 -11.8406 -16.8311
      vertex -2.27808 -12.353 -16.3851
      vertex -0.723109 -11.8755 -16.8126
    endloop
  endfacet
  facet normal 0.0974886 0.468604 0.878013
    outer loop
      vertex -0.723109 -11.8755 -16.8126
      vertex -2.27808 -12.353 -16.3851
      vertex -0.722324 -11.9122 -16.7931
    endloop
  endfacet
  facet normal 0.0976379 0.468241 0.87819
    outer loop
      vertex -0.722324 -11.9122 -16.7931
      vertex -2.27808 -12.353 -16.3851
      vertex -0.721714 -11.9504 -16.7728
    endloop
  endfacet
  facet normal 0.0975897 0.468368 0.878128
    outer loop
      vertex -0.721714 -11.9504 -16.7728
      vertex -2.27808 -12.353 -16.3851
      vertex -0.721281 -11.9893 -16.7521
    endloop
  endfacet
  facet normal 0.0974237 0.468842 0.877893
    outer loop
      vertex -0.721281 -11.9893 -16.7521
      vertex -2.27808 -12.353 -16.3851
      vertex -0.721028 -12.0283 -16.7313
    endloop
  endfacet
  facet normal 0.0971955 0.469556 0.877537
    outer loop
      vertex -0.721028 -12.0283 -16.7313
      vertex -2.27808 -12.353 -16.3851
      vertex -0.720958 -12.067 -16.7106
    endloop
  endfacet
  facet normal 0.0976484 0.467986 0.878324
    outer loop
      vertex -0.720958 -12.067 -16.7106
      vertex -2.27808 -12.353 -16.3851
      vertex -0.721073 -12.1047 -16.6905
    endloop
  endfacet
  facet normal 0.0974916 0.468593 0.878018
    outer loop
      vertex -0.721073 -12.1047 -16.6905
      vertex -2.27808 -12.353 -16.3851
      vertex -0.721376 -12.1408 -16.6712
    endloop
  endfacet
  facet normal 0.0977119 0.467633 0.878505
    outer loop
      vertex -0.721376 -12.1408 -16.6712
      vertex -2.27808 -12.353 -16.3851
      vertex -0.721869 -12.1747 -16.6531
    endloop
  endfacet
  facet normal 0.0974016 0.469166 0.877722
    outer loop
      vertex -0.721869 -12.1747 -16.6531
      vertex -2.27808 -12.353 -16.3851
      vertex -0.722556 -12.2058 -16.6364
    endloop
  endfacet
  facet normal -0.37764 0.492385 0.784184
    outer loop
      vertex -0.725802 -12.2767 -16.5982
      vertex -0.730331 -12.3047 -16.5828
      vertex -0.729824 -12.3024 -16.584
    endloop
  endfacet
  facet normal 0.0402767 0.475626 0.878725
    outer loop
      vertex -0.727288 -12.2908 -16.5905
      vertex -0.725802 -12.2767 -16.5982
      vertex -0.729373 -12.3006 -16.5851
    endloop
  endfacet
  facet normal -0.525672 0.493606 0.692836
    outer loop
      vertex -0.728981 -12.2992 -16.5858
      vertex -0.727288 -12.2908 -16.5905
      vertex -0.729373 -12.3006 -16.5851
    endloop
  endfacet
  facet normal 0.493163 0.360318 0.791809
    outer loop
      vertex -0.729373 -12.3006 -16.5851
      vertex -0.725802 -12.2767 -16.5982
      vertex -0.729824 -12.3024 -16.584
    endloop
  endfacet
  facet normal 0.10272 0.466562 0.878504
    outer loop
      vertex -0.725802 -12.2767 -16.5982
      vertex -0.724519 -12.2574 -16.6086
      vertex -0.730331 -12.3047 -16.5828
    endloop
  endfacet
  facet normal 0.107303 0.465894 0.87831
    outer loop
      vertex -0.730331 -12.3047 -16.5828
      vertex -0.724519 -12.2574 -16.6086
      vertex -0.730886 -12.3074 -16.5813
    endloop
  endfacet
  facet normal 0.244569 0.440492 0.863801
    outer loop
      vertex -0.730886 -12.3074 -16.5813
      vertex -0.724519 -12.2574 -16.6086
      vertex -0.731487 -12.3104 -16.5796
    endloop
  endfacet
  facet normal 0.0526336 0.474012 0.878944
    outer loop
      vertex -0.731487 -12.3104 -16.5796
      vertex -0.724519 -12.2574 -16.6086
      vertex -0.723438 -12.2336 -16.6215
    endloop
  endfacet
  facet normal -0.0304831 0.48117 0.876097
    outer loop
      vertex -0.732127 -12.3139 -16.5777
      vertex -0.731487 -12.3104 -16.5796
      vertex -0.723438 -12.2336 -16.6215
    endloop
  endfacet
  facet normal 0.255321 0.441543 0.860146
    outer loop
      vertex -0.732803 -12.3176 -16.5756
      vertex -0.732127 -12.3139 -16.5777
      vertex -0.723438 -12.2336 -16.6215
    endloop
  endfacet
  facet normal 0.0974849 0.468835 0.877889
    outer loop
      vertex -2.27808 -12.353 -16.3851
      vertex -0.732803 -12.3176 -16.5756
      vertex -0.723438 -12.2336 -16.6215
    endloop
  endfacet
  facet normal 0.0970141 0.474184 0.875064
    outer loop
      vertex -2.27808 -12.353 -16.3851
      vertex -0.733509 -12.3217 -16.5733
      vertex -0.732803 -12.3176 -16.5756
    endloop
  endfacet
  facet normal 0.0978744 0.463972 0.880426
    outer loop
      vertex -2.27808 -12.353 -16.3851
      vertex -0.73424 -12.3261 -16.5709
      vertex -0.733509 -12.3217 -16.5733
    endloop
  endfacet
  facet normal 0.0967618 0.477713 0.873171
    outer loop
      vertex -2.27808 -12.353 -16.3851
      vertex -0.734992 -12.3307 -16.5683
      vertex -0.73424 -12.3261 -16.5709
    endloop
  endfacet
  facet normal 0.0976564 0.467731 0.87846
    outer loop
      vertex -0.722556 -12.2058 -16.6364
      vertex -2.27808 -12.353 -16.3851
      vertex -0.723438 -12.2336 -16.6215
    endloop
  endfacet
  facet normal 0.0974719 0.46856 0.878038
    outer loop
      vertex -0.734992 -12.3307 -16.5683
      vertex -2.27808 -12.353 -16.3851
      vertex -0.735759 -12.3356 -16.5656
    endloop
  endfacet
  facet normal 0.0980612 0.460387 0.882286
    outer loop
      vertex -0.735759 -12.3356 -16.5656
      vertex -2.27808 -12.353 -16.3851
      vertex -0.736538 -12.3408 -16.5628
    endloop
  endfacet
  facet normal 0.097644 0.466549 0.879089
    outer loop
      vertex -0.736538 -12.3408 -16.5628
      vertex -2.27808 -12.353 -16.3851
      vertex -0.737323 -12.3461 -16.5599
    endloop
  endfacet
  facet normal 0.0972619 0.472485 0.875956
    outer loop
      vertex -0.737323 -12.3461 -16.5599
      vertex -2.27808 -12.353 -16.3851
      vertex -0.738109 -12.3515 -16.5569
    endloop
  endfacet
  facet normal 0.0977038 0.465095 0.879853
    outer loop
      vertex -0.738109 -12.3515 -16.5569
      vertex -2.27808 -12.353 -16.3851
      vertex -0.738892 -12.3572 -16.5538
    endloop
  endfacet
  facet normal 0.0970334 0.477174 0.873436
    outer loop
      vertex -0.738892 -12.3572 -16.5538
      vertex -2.27808 -12.353 -16.3851
      vertex -0.739666 -12.3629 -16.5506
    endloop
  endfacet
  facet normal 0.0976654 0.464721 0.880055
    outer loop
      vertex -0.739666 -12.3629 -16.5506
      vertex -2.27808 -12.353 -16.3851
      vertex -0.740427 -12.3688 -16.5474
    endloop
  endfacet
  facet normal 0.0976549 0.464954 0.879933
    outer loop
      vertex -0.740427 -12.3688 -16.5474
      vertex -2.27808 -12.353 -16.3851
      vertex -0.74117 -12.3747 -16.5442
    endloop
  endfacet
  facet normal 0.0974255 0.470612 0.876945
    outer loop
      vertex -0.74117 -12.3747 -16.5442
      vertex -2.27808 -12.353 -16.3851
      vertex -0.741891 -12.3807 -16.5409
    endloop
  endfacet
  facet normal 0.0974123 0.470978 0.87675
    outer loop
      vertex -0.741891 -12.3807 -16.5409
      vertex -2.27808 -12.353 -16.3851
      vertex -0.742583 -12.3867 -16.5376
    endloop
  endfacet
  facet normal 0.0975018 0.468078 0.878292
    outer loop
      vertex -0.742583 -12.3867 -16.5376
      vertex -2.27808 -12.353 -16.3851
      vertex -0.752514 -12.461 -16.4969
    endloop
  endfacet
  facet normal 0.0975595 0.468509 0.878055
    outer loop
      vertex -0.742698 -11.641 -16.9356
      vertex -2.23522 -10.9863 -17.1191
      vertex -2.27808 -12.353 -16.3851
    endloop
  endfacet
  facet normal 0.30713 0.457631 0.834413
    outer loop
      vertex -0.536788 -5.82733 -20.0608
      vertex -0.53761 -5.81675 -20.0663
      vertex -0.536115 -5.84328 -20.0523
    endloop
  endfacet
  facet normal 0.089211 0.468775 0.878801
    outer loop
      vertex -0.536115 -5.84328 -20.0523
      vertex -0.53761 -5.81675 -20.0663
      vertex -0.542848 -5.77601 -20.0875
    endloop
  endfacet
  facet normal 0.0957838 0.469006 0.877986
    outer loop
      vertex -0.535587 -5.86398 -20.0413
      vertex -0.536115 -5.84328 -20.0523
      vertex -0.542848 -5.77601 -20.0875
    endloop
  endfacet
  facet normal 0.0975674 0.46904 0.877771
    outer loop
      vertex -2.06842 -5.66808 -19.9756
      vertex -0.535587 -5.86398 -20.0413
      vertex -0.542848 -5.77601 -20.0875
    endloop
  endfacet
  facet normal 0.0974506 0.467922 0.878381
    outer loop
      vertex -2.06842 -5.66808 -19.9756
      vertex -0.535198 -5.88884 -20.0281
      vertex -0.535587 -5.86398 -20.0413
    endloop
  endfacet
  facet normal 0.0974326 0.467778 0.878459
    outer loop
      vertex -2.06842 -5.66808 -19.9756
      vertex -0.534943 -5.91725 -20.013
      vertex -0.535198 -5.88884 -20.0281
    endloop
  endfacet
  facet normal 0.0974461 0.467869 0.878409
    outer loop
      vertex -2.06842 -5.66808 -19.9756
      vertex -0.534817 -5.94863 -19.9963
      vertex -0.534943 -5.91725 -20.013
    endloop
  endfacet
  facet normal 0.0975677 0.468561 0.878027
    outer loop
      vertex -2.06842 -5.66808 -19.9756
      vertex -0.534816 -5.98236 -19.9783
      vertex -0.534817 -5.94863 -19.9963
    endloop
  endfacet
  facet normal 0.0977727 0.469567 0.877467
    outer loop
      vertex -2.06842 -5.66808 -19.9756
      vertex -0.534935 -6.01784 -19.9593
      vertex -0.534816 -5.98236 -19.9783
    endloop
  endfacet
  facet normal 0.0976056 0.468853 0.877867
    outer loop
      vertex -2.06842 -5.66808 -19.9756
      vertex -0.535168 -6.05449 -19.9397
      vertex -0.534935 -6.01784 -19.9593
    endloop
  endfacet
  facet normal 0.0975774 0.468747 0.877927
    outer loop
      vertex -2.06842 -5.66808 -19.9756
      vertex -0.53551 -6.09169 -19.9198
      vertex -0.535168 -6.05449 -19.9397
    endloop
  endfacet
  facet normal 0.0970919 0.467111 0.878852
    outer loop
      vertex -2.06842 -5.66808 -19.9756
      vertex -0.535957 -6.12885 -19.9
      vertex -0.53551 -6.09169 -19.9198
    endloop
  endfacet
  facet normal 0.0979042 0.469582 0.877444
    outer loop
      vertex -2.06842 -5.66808 -19.9756
      vertex -0.536503 -6.16536 -19.8804
      vertex -0.535957 -6.12885 -19.9
    endloop
  endfacet
  facet normal 0.097583 0.468691 0.877956
    outer loop
      vertex -2.06842 -5.66808 -19.9756
      vertex -0.537145 -6.20063 -19.8615
      vertex -0.536503 -6.16536 -19.8804
    endloop
  endfacet
  facet normal 0.0973687 0.468142 0.878272
    outer loop
      vertex -2.06842 -5.66808 -19.9756
      vertex -0.537875 -6.23406 -19.8436
      vertex -0.537145 -6.20063 -19.8615
    endloop
  endfacet
  facet normal 0.0973361 0.468065 0.878317
    outer loop
      vertex -2.06842 -5.66808 -19.9756
      vertex -0.538691 -6.26504 -19.827
      vertex -0.537875 -6.23406 -19.8436
    endloop
  endfacet
  facet normal 0.0974556 0.468332 0.878161
    outer loop
      vertex -2.06842 -5.66808 -19.9756
      vertex -0.539586 -6.29298 -19.812
      vertex -0.538691 -6.26504 -19.827
    endloop
  endfacet
  facet normal 0.0978773 0.469226 0.877637
    outer loop
      vertex -2.06842 -5.66808 -19.9756
      vertex -0.540555 -6.31728 -19.7989
      vertex -0.539586 -6.29298 -19.812
    endloop
  endfacet
  facet normal -0.072105 0.481795 0.873312
    outer loop
      vertex -0.542698 -6.35253 -19.7798
      vertex -0.541594 -6.33732 -19.7881
      vertex -0.544321 -6.36528 -19.7729
    endloop
  endfacet
  facet normal -0.196814 0.485901 0.851566
    outer loop
      vertex -0.543862 -6.36229 -19.7745
      vertex -0.542698 -6.35253 -19.7798
      vertex -0.544321 -6.36528 -19.7729
    endloop
  endfacet
  facet normal 0.345418 0.421994 0.838217
    outer loop
      vertex -0.544321 -6.36528 -19.7729
      vertex -0.541594 -6.33732 -19.7881
      vertex -0.544874 -6.3688 -19.7709
    endloop
  endfacet
  facet normal -0.00759608 0.480073 0.877196
    outer loop
      vertex -0.544874 -6.3688 -19.7709
      vertex -0.541594 -6.33732 -19.7881
      vertex -0.545514 -6.37283 -19.7687
    endloop
  endfacet
  facet normal 0.161085 0.459425 0.873487
    outer loop
      vertex -0.545514 -6.37283 -19.7687
      vertex -0.541594 -6.33732 -19.7881
      vertex -0.546236 -6.37733 -19.7662
    endloop
  endfacet
  facet normal 0.115342 0.466607 0.876912
    outer loop
      vertex -0.546236 -6.37733 -19.7662
      vertex -0.541594 -6.33732 -19.7881
      vertex -0.540555 -6.31728 -19.7989
    endloop
  endfacet
  facet normal 0.0409169 0.474848 0.879116
    outer loop
      vertex -0.547033 -6.38226 -19.7635
      vertex -0.546236 -6.37733 -19.7662
      vertex -0.540555 -6.31728 -19.7989
    endloop
  endfacet
  facet normal 0.234395 0.446947 0.863306
    outer loop
      vertex -0.5479 -6.3876 -19.7605
      vertex -0.547033 -6.38226 -19.7635
      vertex -0.540555 -6.31728 -19.7989
    endloop
  endfacet
  facet normal -0.0472837 0.482536 0.874599
    outer loop
      vertex -0.548831 -6.39331 -19.7574
      vertex -0.5479 -6.3876 -19.7605
      vertex -0.540555 -6.31728 -19.7989
    endloop
  endfacet
  facet normal 0.0975784 0.46862 0.877994
    outer loop
      vertex -2.06842 -5.66808 -19.9756
      vertex -0.548831 -6.39331 -19.7574
      vertex -0.540555 -6.31728 -19.7989
    endloop
  endfacet
  facet normal 0.095639 0.465172 0.880039
    outer loop
      vertex -2.06842 -5.66808 -19.9756
      vertex -0.549819 -6.39935 -19.7541
      vertex -0.548831 -6.39331 -19.7574
    endloop
  endfacet
  facet normal 0.0976183 0.468656 0.877971
    outer loop
      vertex -2.06842 -5.66808 -19.9756
      vertex -0.55086 -6.40569 -19.7506
      vertex -0.549819 -6.39935 -19.7541
    endloop
  endfacet
  facet normal 0.0994343 0.471813 0.876074
    outer loop
      vertex -2.06842 -5.66808 -19.9756
      vertex -0.553072 -6.41915 -19.7431
      vertex -0.55086 -6.40569 -19.7506
    endloop
  endfacet
  facet normal 0.0970327 0.467728 0.87853
    outer loop
      vertex -2.06842 -5.66808 -19.9756
      vertex -0.557857 -6.44821 -19.7271
      vertex -0.553072 -6.41915 -19.7431
    endloop
  endfacet
  facet normal 0.0969761 0.467636 0.878585
    outer loop
      vertex -2.06842 -5.66808 -19.9756
      vertex -0.560335 -6.46329 -19.7188
      vertex -0.557857 -6.44821 -19.7271
    endloop
  endfacet
  facet normal 0.0992517 0.471246 0.8764
    outer loop
      vertex -2.06842 -5.66808 -19.9756
      vertex -0.561574 -6.47084 -19.7146
      vertex -0.560335 -6.46329 -19.7188
    endloop
  endfacet
  facet normal 0.0949471 0.46449 0.880474
    outer loop
      vertex -2.06842 -5.66808 -19.9756
      vertex -0.562806 -6.47836 -19.7105
      vertex -0.561574 -6.47084 -19.7146
    endloop
  endfacet
  facet normal 0.101952 0.475346 0.873872
    outer loop
      vertex -2.06842 -5.66808 -19.9756
      vertex -0.564024 -6.48582 -19.7063
      vertex -0.562806 -6.47836 -19.7105
    endloop
  endfacet
  facet normal 0.0972346 0.468125 0.878296
    outer loop
      vertex -2.06842 -5.66808 -19.9756
      vertex -0.576573 -6.55601 -19.6675
      vertex -0.564024 -6.48582 -19.7063
    endloop
  endfacet
  facet normal 0.0974648 0.468444 0.878101
    outer loop
      vertex -2.06842 -5.66808 -19.9756
      vertex -0.591548 -6.626 -19.6285
      vertex -0.576573 -6.55601 -19.6675
    endloop
  endfacet
  facet normal 0.0972795 0.469239 0.877696
    outer loop
      vertex -2.11128 -7.03481 -19.2415
      vertex -0.608924 -6.69572 -19.5893
      vertex -0.591548 -6.626 -19.6285
    endloop
  endfacet
  facet normal 0.0975567 0.468478 0.878072
    outer loop
      vertex -0.650761 -6.8342 -19.5108
      vertex -0.62867 -6.76514 -19.5501
      vertex -2.11128 -7.03481 -19.2415
    endloop
  endfacet
  facet normal 0.0975513 0.46872 0.877944
    outer loop
      vertex -0.73082 -7.03872 -19.3928
      vertex -2.11128 -7.03481 -19.2415
      vertex -0.762011 -7.10584 -19.3535
    endloop
  endfacet
  facet normal 0.0976059 0.468639 0.877981
    outer loop
      vertex -0.950501 -7.43132 -19.1589
      vertex -0.908557 -7.36774 -19.1975
      vertex -2.11128 -7.03481 -19.2415
    endloop
  endfacet
  facet normal 0.0975471 0.468553 0.878034
    outer loop
      vertex -0.994512 -7.49404 -19.1205
      vertex -2.11475 -7.14651 -19.1815
      vertex -1.04056 -7.55585 -19.0824
    endloop
  endfacet
  facet normal 0.0974502 0.468481 0.878082
    outer loop
      vertex -2.11809 -7.2558 -19.1229
      vertex -1.08863 -7.6167 -19.0446
      vertex -1.04056 -7.55585 -19.0824
    endloop
  endfacet
  facet normal 0.0974701 0.468546 0.878045
    outer loop
      vertex -2.12127 -7.36233 -19.0657
      vertex -1.13868 -7.67655 -19.0071
      vertex -2.11809 -7.2558 -19.1229
    endloop
  endfacet
  facet normal 0.0973475 0.4682 0.878244
    outer loop
      vertex -2.12127 -7.36233 -19.0657
      vertex -1.19068 -7.73533 -18.97
      vertex -1.13868 -7.67655 -19.0071
    endloop
  endfacet
  facet normal 0.097664 0.468773 0.877903
    outer loop
      vertex -2.12431 -7.46572 -19.0101
      vertex -1.24462 -7.79301 -18.9332
      vertex -1.19068 -7.73533 -18.97
    endloop
  endfacet
  facet normal 0.0975037 0.468329 0.878158
    outer loop
      vertex -1.28127 -7.82912 -18.9099
      vertex -1.26174 -7.81031 -18.9221
      vertex -2.12431 -7.46572 -19.0101
    endloop
  endfacet
  facet normal 0.0979948 0.469309 0.87758
    outer loop
      vertex -1.30298 -7.84927 -18.8967
      vertex -1.28127 -7.82912 -18.9099
      vertex -2.12431 -7.46572 -19.0101
    endloop
  endfacet
  facet normal 0.0977099 0.468988 0.877783
    outer loop
      vertex -1.32661 -7.87055 -18.8827
      vertex -1.30298 -7.84927 -18.8967
      vertex -2.12718 -7.56563 -18.9565
    endloop
  endfacet
  facet normal 0.0972164 0.46799 0.87837
    outer loop
      vertex -1.35193 -7.89278 -18.868
      vertex -2.12718 -7.56563 -18.9565
      vertex -1.37869 -7.91575 -18.8528
    endloop
  endfacet
  facet normal 0.0969147 0.467441 0.878696
    outer loop
      vertex -1.37869 -7.91575 -18.8528
      vertex -2.12718 -7.56563 -18.9565
      vertex -1.40664 -7.93928 -18.8372
    endloop
  endfacet
  facet normal 0.097945 0.469247 0.877619
    outer loop
      vertex -1.40664 -7.93928 -18.8372
      vertex -2.12989 -7.6617 -18.9049
      vertex -1.43555 -7.96317 -18.8212
    endloop
  endfacet
  facet normal 0.0973041 0.467978 0.878367
    outer loop
      vertex -1.43555 -7.96317 -18.8212
      vertex -2.12989 -7.6617 -18.9049
      vertex -1.46517 -7.98723 -18.8051
    endloop
  endfacet
  facet normal 0.0976334 0.468547 0.878027
    outer loop
      vertex -1.46517 -7.98723 -18.8051
      vertex -2.12989 -7.6617 -18.9049
      vertex -2.13241 -7.75356 -18.8556
    endloop
  endfacet
  facet normal 0.0978777 0.469167 0.877669
    outer loop
      vertex -1.49525 -8.01126 -18.7889
      vertex -1.46517 -7.98723 -18.8051
      vertex -2.13241 -7.75356 -18.8556
    endloop
  endfacet
  facet normal 0.0977717 0.468939 0.877802
    outer loop
      vertex -1.52555 -8.03508 -18.7728
      vertex -1.49525 -8.01126 -18.7889
      vertex -2.13241 -7.75356 -18.8556
    endloop
  endfacet
  facet normal 0.0969969 0.467517 0.878646
    outer loop
      vertex -1.55584 -8.05849 -18.757
      vertex -1.52555 -8.03508 -18.7728
      vertex -2.13241 -7.75356 -18.8556
    endloop
  endfacet
  facet normal 0.0975594 0.468512 0.878054
    outer loop
      vertex -1.58585 -8.08129 -18.7415
      vertex -1.55584 -8.05849 -18.757
      vertex -2.13476 -7.84086 -18.8088
    endloop
  endfacet
  facet normal 0.0983735 0.470107 0.87711
    outer loop
      vertex -1.61535 -8.10329 -18.7264
      vertex -1.58585 -8.08129 -18.7415
      vertex -2.13476 -7.84086 -18.8088
    endloop
  endfacet
  facet normal 0.0973566 0.468414 0.878129
    outer loop
      vertex -1.6441 -8.12431 -18.712
      vertex -1.61535 -8.10329 -18.7264
      vertex -2.13476 -7.84086 -18.8088
    endloop
  endfacet
  facet normal 0.0976828 0.468722 0.877928
    outer loop
      vertex -1.67186 -8.14414 -18.6984
      vertex -2.1369 -7.92323 -18.7646
      vertex -1.69837 -8.16259 -18.6856
    endloop
  endfacet
  facet normal 0.0977925 0.468889 0.877827
    outer loop
      vertex -1.69837 -8.16259 -18.6856
      vertex -2.1369 -7.92323 -18.7646
      vertex -2.13885 -8.00033 -18.7232
    endloop
  endfacet
  facet normal 0.0981917 0.469646 0.877377
    outer loop
      vertex -1.72339 -8.17948 -18.6738
      vertex -2.13885 -8.00033 -18.7232
      vertex -1.74668 -8.1946 -18.6631
    endloop
  endfacet
  facet normal 0.097692 0.468796 0.877888
    outer loop
      vertex -1.74668 -8.1946 -18.6631
      vertex -2.13885 -8.00033 -18.7232
      vertex -1.768 -8.20776 -18.6537
    endloop
  endfacet
  facet normal 0.0972051 0.468072 0.878328
    outer loop
      vertex -1.768 -8.20776 -18.6537
      vertex -2.13885 -8.00033 -18.7232
      vertex -1.78546 -8.21802 -18.6463
    endloop
  endfacet
  facet normal 0.0965558 0.4666 0.879182
    outer loop
      vertex -1.78546 -8.21802 -18.6463
      vertex -2.14059 -8.0718 -18.6849
      vertex -1.80476 -8.2291 -18.6383
    endloop
  endfacet
  facet normal 0.0976225 0.468537 0.878033
    outer loop
      vertex -1.80476 -8.2291 -18.6383
      vertex -2.14059 -8.0718 -18.6849
      vertex -1.82562 -8.24087 -18.6297
    endloop
  endfacet
  facet normal 0.0976849 0.468535 0.878028
    outer loop
      vertex -2.14059 -8.0718 -18.6849
      vertex -2.14211 -8.13726 -18.6498
      vertex -1.84777 -8.25316 -18.6207
    endloop
  endfacet
  facet normal 0.0984156 0.470153 0.877081
    outer loop
      vertex -1.84777 -8.25316 -18.6207
      vertex -2.14211 -8.13726 -18.6498
      vertex -1.87092 -8.26585 -18.6113
    endloop
  endfacet
  facet normal 0.0969164 0.46747 0.87868
    outer loop
      vertex -1.87092 -8.26585 -18.6113
      vertex -2.14211 -8.13726 -18.6498
      vertex -1.89478 -8.27876 -18.6018
    endloop
  endfacet
  facet normal 0.0985861 0.469887 0.877204
    outer loop
      vertex -1.89478 -8.27876 -18.6018
      vertex -2.14211 -8.13726 -18.6498
      vertex -1.91908 -8.29177 -18.5921
    endloop
  endfacet
  facet normal 0.0972533 0.467963 0.878381
    outer loop
      vertex -1.82562 -8.24087 -18.6297
      vertex -2.14059 -8.0718 -18.6849
      vertex -1.84777 -8.25316 -18.6207
    endloop
  endfacet
  facet normal 0.0975237 0.468646 0.877986
    outer loop
      vertex -2.1434 -8.19638 -18.6181
      vertex -1.91908 -8.29177 -18.5921
      vertex -2.14211 -8.13726 -18.6498
    endloop
  endfacet
  facet normal 0.0970656 0.467718 0.878532
    outer loop
      vertex -2.1434 -8.19638 -18.6181
      vertex -1.94352 -8.30473 -18.5825
      vertex -1.91908 -8.29177 -18.5921
    endloop
  endfacet
  facet normal 0.09759 0.468525 0.878044
    outer loop
      vertex -2.1434 -8.19638 -18.6181
      vertex -1.96783 -8.31747 -18.573
      vertex -1.94352 -8.30473 -18.5825
    endloop
  endfacet
  facet normal 0.0980265 0.469263 0.877601
    outer loop
      vertex -2.14446 -8.24878 -18.59
      vertex -1.99173 -8.32987 -18.5637
      vertex -1.96783 -8.31747 -18.573
    endloop
  endfacet
  facet normal 0.0970977 0.4678 0.878485
    outer loop
      vertex -2.14446 -8.24878 -18.59
      vertex -2.01492 -8.34177 -18.5548
      vertex -1.99173 -8.32987 -18.5637
    endloop
  endfacet
  facet normal 0.0967257 0.467381 0.878748
    outer loop
      vertex -2.14446 -8.24878 -18.59
      vertex -2.14528 -8.29411 -18.5658
      vertex -2.01492 -8.34177 -18.5548
    endloop
  endfacet
  facet normal 0.0977393 0.469827 0.877331
    outer loop
      vertex -2.01492 -8.34177 -18.5548
      vertex -2.14528 -8.29411 -18.5658
      vertex -2.03714 -8.35302 -18.5463
    endloop
  endfacet
  facet normal 0.097065 0.468793 0.877959
    outer loop
      vertex -2.14528 -8.29411 -18.5658
      vertex -2.14585 -8.33201 -18.5455
      vertex -2.05808 -8.36348 -18.5384
    endloop
  endfacet
  facet normal 0.096601 0.467648 0.87862
    outer loop
      vertex -2.05808 -8.36348 -18.5384
      vertex -2.14585 -8.33201 -18.5455
      vertex -2.07748 -8.373 -18.5312
    endloop
  endfacet
  facet normal 0.096367 0.468564 0.878158
    outer loop
      vertex -2.14585 -8.33201 -18.5455
      vertex -2.14616 -8.36212 -18.5294
      vertex -2.09505 -8.38144 -18.5247
    endloop
  endfacet
  facet normal 0.0993979 0.470815 0.876615
    outer loop
      vertex -2.14616 -8.36212 -18.5294
      vertex -2.14621 -8.38408 -18.5176
      vertex -2.1105 -8.38864 -18.5192
    endloop
  endfacet
  facet normal 0.0962354 0.464903 0.880116
    outer loop
      vertex -2.14621 -8.38408 -18.5176
      vertex -2.13392 -8.39874 -18.5112
      vertex -2.12355 -8.39445 -18.5146
    endloop
  endfacet
  facet normal 0.100773 0.468971 0.877446
    outer loop
      vertex -2.14548 -8.40214 -18.5081
      vertex -2.14132 -8.40135 -18.509
      vertex -2.14599 -8.39754 -18.5105
    endloop
  endfacet
  facet normal 0.0973028 0.465581 0.87964
    outer loop
      vertex -2.14599 -8.39754 -18.5105
      vertex -2.14132 -8.40135 -18.509
      vertex -2.13392 -8.39874 -18.5112
    endloop
  endfacet
  facet normal 0.0973033 0.465589 0.879636
    outer loop
      vertex -2.14621 -8.38408 -18.5176
      vertex -2.14599 -8.39754 -18.5105
      vertex -2.13392 -8.39874 -18.5112
    endloop
  endfacet
  facet normal 0.0993963 0.470799 0.876623
    outer loop
      vertex -2.1105 -8.38864 -18.5192
      vertex -2.14621 -8.38408 -18.5176
      vertex -2.12355 -8.39445 -18.5146
    endloop
  endfacet
  facet normal 0.0955407 0.466648 0.879268
    outer loop
      vertex -2.09505 -8.38144 -18.5247
      vertex -2.14616 -8.36212 -18.5294
      vertex -2.1105 -8.38864 -18.5192
    endloop
  endfacet
  facet normal 0.0985289 0.470295 0.876992
    outer loop
      vertex -2.07748 -8.373 -18.5312
      vertex -2.14585 -8.33201 -18.5455
      vertex -2.09505 -8.38144 -18.5247
    endloop
  endfacet
  facet normal 0.0978148 0.468688 0.877932
    outer loop
      vertex -5.16052 -8.26756 -18.245
      vertex -5.3716 -7.66624 -18.5425
      vertex -5.20597 -8.24234 -18.2534
    endloop
  endfacet
  facet normal 0.0970585 0.468786 0.877963
    outer loop
      vertex -2.03714 -8.35302 -18.5463
      vertex -2.14528 -8.29411 -18.5658
      vertex -2.05808 -8.36348 -18.5384
    endloop
  endfacet
  facet normal 0.0977238 0.468489 0.878048
    outer loop
      vertex -3.08426 -7.86998 -18.6878
      vertex -3.17855 -8.67103 -18.2499
      vertex -2.90063 -7.97763 -18.6508
    endloop
  endfacet
  facet normal 0.0978166 0.468791 0.877876
    outer loop
      vertex -2.1434 -8.19638 -18.6181
      vertex -2.14446 -8.24878 -18.59
      vertex -1.96783 -8.31747 -18.573
    endloop
  endfacet
  facet normal 0.0972656 0.468616 0.878031
    outer loop
      vertex -3.28855 -8.67916 -18.2333
      vertex -3.23316 -8.67548 -18.2414
      vertex -3.08426 -7.86998 -18.6878
    endloop
  endfacet
  facet normal 0.0973426 0.468256 0.878215
    outer loop
      vertex -1.78546 -8.21802 -18.6463
      vertex -2.13885 -8.00033 -18.7232
      vertex -2.14059 -8.0718 -18.6849
    endloop
  endfacet
  facet normal 0.0971657 0.468648 0.878025
    outer loop
      vertex -3.34482 -8.68209 -18.2255
      vertex -3.08426 -7.86998 -18.6878
      vertex -3.40203 -8.68428 -18.218
    endloop
  endfacet
  facet normal 0.0976954 0.468657 0.877962
    outer loop
      vertex -1.72339 -8.17948 -18.6738
      vertex -1.69837 -8.16259 -18.6856
      vertex -2.13885 -8.00033 -18.7232
    endloop
  endfacet
  facet normal 0.0996013 0.4678 0.878204
    outer loop
      vertex -3.08426 -7.86998 -18.6878
      vertex -3.43314 -8.68479 -18.2142
      vertex -3.40203 -8.68428 -18.218
    endloop
  endfacet
  facet normal 0.0974934 0.46861 0.878009
    outer loop
      vertex -1.6441 -8.12431 -18.712
      vertex -2.13476 -7.84086 -18.8088
      vertex -2.1369 -7.92323 -18.7646
    endloop
  endfacet
  facet normal 0.0968099 0.468732 0.878019
    outer loop
      vertex -3.27588 -7.75773 -18.7264
      vertex -3.54291 -8.683 -18.203
      vertex -3.50393 -8.68412 -18.2067
    endloop
  endfacet
  facet normal 0.0974207 0.468188 0.878242
    outer loop
      vertex -1.55584 -8.05849 -18.757
      vertex -2.13241 -7.75356 -18.8556
      vertex -2.13476 -7.84086 -18.8088
    endloop
  endfacet
  facet normal 0.0972889 0.468601 0.878036
    outer loop
      vertex -3.85019 -8.66313 -18.1795
      vertex -3.80504 -8.66707 -18.1824
      vertex -3.47159 -7.64316 -18.7658
    endloop
  endfacet
  facet normal 0.0977356 0.468769 0.877897
    outer loop
      vertex -2.12718 -7.56563 -18.9565
      vertex -2.12989 -7.6617 -18.9049
      vertex -1.40664 -7.93928 -18.8372
    endloop
  endfacet
  facet normal 0.0971545 0.468638 0.878031
    outer loop
      vertex -4.02215 -8.64474 -18.1702
      vertex -3.98115 -8.64968 -18.1721
      vertex -3.6675 -7.52854 -18.8052
    endloop
  endfacet
  facet normal 0.0977492 0.469079 0.87773
    outer loop
      vertex -1.32661 -7.87055 -18.8827
      vertex -2.12718 -7.56563 -18.9565
      vertex -1.35193 -7.89278 -18.868
    endloop
  endfacet
  facet normal 0.0981257 0.468263 0.878124
    outer loop
      vertex -4.4634 -8.55022 -18.1716
      vertex -4.40986 -8.56519 -18.1696
      vertex -3.85972 -7.41616 -18.8438
    endloop
  endfacet
  facet normal 0.0974527 0.468322 0.878167
    outer loop
      vertex -1.30298 -7.84927 -18.8967
      vertex -2.12431 -7.46572 -19.0101
      vertex -2.12718 -7.56563 -18.9565
    endloop
  endfacet
  facet normal 0.0971582 0.467577 0.878597
    outer loop
      vertex -1.26174 -7.81031 -18.9221
      vertex -1.24462 -7.79301 -18.9332
      vertex -2.12431 -7.46572 -19.0101
    endloop
  endfacet
  facet normal 0.0975024 0.468697 0.877962
    outer loop
      vertex -5.13962 -7.34002 -18.7423
      vertex -5.19887 -7.42304 -18.6914
      vertex -4.21756 -7.20721 -18.9156
    endloop
  endfacet
  facet normal 0.0977746 0.469126 0.877702
    outer loop
      vertex -2.12431 -7.46572 -19.0101
      vertex -1.19068 -7.73533 -18.97
      vertex -2.12127 -7.36233 -19.0657
    endloop
  endfacet
  facet normal 0.0974973 0.468601 0.878013
    outer loop
      vertex -1.13868 -7.67655 -19.0071
      vertex -1.08863 -7.6167 -19.0446
      vertex -2.11809 -7.2558 -19.1229
    endloop
  endfacet
  facet normal 0.09756 0.468456 0.878084
    outer loop
      vertex -5.13962 -7.34002 -18.7423
      vertex -4.21756 -7.20721 -18.9156
      vertex -5.08149 -7.25878 -18.7921
    endloop
  endfacet
  facet normal 0.0973036 0.467992 0.878359
    outer loop
      vertex -2.11809 -7.2558 -19.1229
      vertex -1.04056 -7.55585 -19.0824
      vertex -2.11475 -7.14651 -19.1815
    endloop
  endfacet
  facet normal 0.0976695 0.468911 0.877829
    outer loop
      vertex -2.11475 -7.14651 -19.1815
      vertex -0.994512 -7.49404 -19.1205
      vertex -0.950501 -7.43132 -19.1589
    endloop
  endfacet
  facet normal 0.0975266 0.468706 0.877954
    outer loop
      vertex -4.21756 -7.20721 -18.9156
      vertex -4.37538 -7.11518 -18.9472
      vertex -5.08149 -7.25878 -18.7921
    endloop
  endfacet
  facet normal 0.0973413 0.46775 0.878484
    outer loop
      vertex -2.11128 -7.03481 -19.2415
      vertex -0.908557 -7.36774 -19.1975
      vertex -0.868708 -7.30335 -19.2362
    endloop
  endfacet
  facet normal 0.0975532 0.468573 0.878022
    outer loop
      vertex -0.795408 -7.17235 -19.3143
      vertex -2.11128 -7.03481 -19.2415
      vertex -0.830983 -7.23821 -19.2752
    endloop
  endfacet
  facet normal 0.0973323 0.469327 0.877644
    outer loop
      vertex -4.37538 -7.11518 -18.9472
      vertex -5.02567 -7.18097 -18.8399
      vertex -5.08149 -7.25878 -18.7921
    endloop
  endfacet
  facet normal 0.0975795 0.468207 0.878215
    outer loop
      vertex -0.73082 -7.03872 -19.3928
      vertex -0.701863 -6.97104 -19.4321
      vertex -2.11128 -7.03481 -19.2415
    endloop
  endfacet
  facet normal 0.097651 0.46807 0.878279
    outer loop
      vertex -2.11128 -7.03481 -19.2415
      vertex -0.675168 -6.90285 -19.4715
      vertex -0.650761 -6.8342 -19.5108
    endloop
  endfacet
  facet normal 0.0976517 0.468146 0.878239
    outer loop
      vertex -0.608924 -6.69572 -19.5893
      vertex -2.11128 -7.03481 -19.2415
      vertex -0.62867 -6.76514 -19.5501
    endloop
  endfacet
  facet normal 0.0975681 0.468058 0.878295
    outer loop
      vertex -4.51397 -7.0345 -18.9748
      vertex -5.02567 -7.18097 -18.8399
      vertex -4.37538 -7.11518 -18.9472
    endloop
  endfacet
  facet normal 0.0975504 0.468552 0.878034
    outer loop
      vertex -0.591548 -6.626 -19.6285
      vertex -2.06842 -5.66808 -19.9756
      vertex -2.11128 -7.03481 -19.2415
    endloop
  endfacet
  facet normal 0.0996979 0.466455 0.878909
    outer loop
      vertex -5.58857 -7.97795 -18.352
      vertex -5.59435 -7.98802 -18.346
      vertex -5.59239 -7.9907 -18.3448
    endloop
  endfacet
  facet normal 0.097468 0.468298 0.878178
    outer loop
      vertex -4.97332 -7.10823 -18.8845
      vertex -4.51397 -7.0345 -18.9748
      vertex -4.92562 -7.04221 -18.925
    endloop
  endfacet
  facet normal 0.097429 0.468772 0.877929
    outer loop
      vertex -4.51397 -7.0345 -18.9748
      vertex -4.62942 -6.96743 -18.9978
      vertex -4.92562 -7.04221 -18.925
    endloop
  endfacet
  facet normal 0.0975255 0.468784 0.877913
    outer loop
      vertex -4.62942 -6.96743 -18.9978
      vertex -4.71785 -6.91626 -19.0153
      vertex -4.88375 -6.98456 -18.9604
    endloop
  endfacet
  facet normal 0.0975884 0.468345 0.87814
    outer loop
      vertex -4.92562 -7.04221 -18.925
      vertex -4.62942 -6.96743 -18.9978
      vertex -4.88375 -6.98456 -18.9604
    endloop
  endfacet
  facet normal 0.0975439 0.468751 0.877928
    outer loop
      vertex -4.84888 -6.93694 -18.9897
      vertex -4.88375 -6.98456 -18.9604
      vertex -4.71785 -6.91626 -19.0153
    endloop
  endfacet
  facet normal 0.0973153 0.469642 0.877477
    outer loop
      vertex -4.8222 -6.90099 -19.0119
      vertex -4.84888 -6.93694 -18.9897
      vertex -4.71785 -6.91626 -19.0153
    endloop
  endfacet
  facet normal 0.0970015 0.467199 0.878815
    outer loop
      vertex -4.71785 -6.91626 -19.0153
      vertex -4.77537 -6.88325 -19.0265
      vertex -4.8222 -6.90099 -19.0119
    endloop
  endfacet
  facet normal 0.0953426 0.466519 0.879357
    outer loop
      vertex -4.77537 -6.88325 -19.0265
      vertex -4.79809 -6.87069 -19.0307
      vertex -4.80488 -6.87835 -19.0259
    endloop
  endfacet
  facet normal 0.0958007 0.469478 0.877732
    outer loop
      vertex -4.8222 -6.90099 -19.0119
      vertex -4.77537 -6.88325 -19.0265
      vertex -4.80488 -6.87835 -19.0259
    endloop
  endfacet
  facet normal 0.0974669 0.468302 0.878176
    outer loop
      vertex -4.97332 -7.10823 -18.8845
      vertex -5.02567 -7.18097 -18.8399
      vertex -4.51397 -7.0345 -18.9748
    endloop
  endfacet
  facet normal 0.0979304 0.468398 0.878073
    outer loop
      vertex -4.62137 -8.50102 -18.1803
      vertex -4.56917 -8.51812 -18.177
      vertex -4.04437 -7.30829 -18.8809
    endloop
  endfacet
  facet normal 0.097505 0.468518 0.878057
    outer loop
      vertex -3.47159 -7.64316 -18.7658
      vertex -3.7146 -8.67395 -18.1888
      vertex -3.27588 -7.75773 -18.7264
    endloop
  endfacet
  facet normal 0.097814 0.468457 0.878055
    outer loop
      vertex -3.12465 -8.66579 -18.2587
      vertex -2.90063 -7.97763 -18.6508
      vertex -3.17855 -8.67103 -18.2499
    endloop
  endfacet
  facet normal 0.0968016 0.468758 0.878006
    outer loop
      vertex -3.12465 -8.66579 -18.2587
      vertex -3.07136 -8.65975 -18.2678
      vertex -2.90063 -7.97763 -18.6508
    endloop
  endfacet
  facet normal 0.0984959 0.468382 0.878019
    outer loop
      vertex -3.17855 -8.67103 -18.2499
      vertex -3.08426 -7.86998 -18.6878
      vertex -3.23316 -8.67548 -18.2414
    endloop
  endfacet
  facet normal 0.0976378 0.468452 0.878077
    outer loop
      vertex -2.72886 -8.07841 -18.616
      vertex -2.86272 -8.62727 -18.3083
      vertex -2.81127 -8.617 -18.3195
    endloop
  endfacet
  facet normal 0.0966477 0.468844 0.877978
    outer loop
      vertex -2.57285 -8.17005 -18.5845
      vertex -2.70864 -8.59374 -18.3433
      vertex -2.65729 -8.58073 -18.3559
    endloop
  endfacet
  facet normal 0.0981597 0.468532 0.877976
    outer loop
      vertex -2.60581 -8.56678 -18.3691
      vertex -2.57285 -8.17005 -18.5845
      vertex -2.65729 -8.58073 -18.3559
    endloop
  endfacet
  facet normal 0.0972809 0.468605 0.878035
    outer loop
      vertex -2.55411 -8.55187 -18.3828
      vertex -2.43649 -8.25026 -18.5568
      vertex -2.57285 -8.17005 -18.5845
    endloop
  endfacet
  facet normal 0.0974496 0.468463 0.878092
    outer loop
      vertex -2.44972 -8.51911 -18.4119
      vertex -2.39686 -8.50124 -18.4273
      vertex -2.43649 -8.25026 -18.5568
    endloop
  endfacet
  facet normal 0.0995131 0.468693 0.877738
    outer loop
      vertex -2.31472 -8.47185 -18.4521
      vertex -2.30086 -8.46674 -18.4564
      vertex -2.32367 -8.31676 -18.5339
    endloop
  endfacet
  facet normal 0.100194 0.467915 0.878076
    outer loop
      vertex -2.26189 -8.45212 -18.4685
      vertex -2.24993 -8.44755 -18.4723
      vertex -2.23827 -8.36729 -18.5164
    endloop
  endfacet
  facet normal 0.0976734 0.46832 0.878143
    outer loop
      vertex -2.23827 -8.36729 -18.5164
      vertex -2.20846 -8.43126 -18.4856
      vertex -2.18419 -8.39957 -18.5052
    endloop
  endfacet
  facet normal 0.103413 0.470516 0.876311
    outer loop
      vertex -2.18419 -8.39957 -18.5052
      vertex -2.18537 -8.42166 -18.4932
      vertex -2.17945 -8.41905 -18.4953
    endloop
  endfacet
  facet normal 0.0943602 0.4664 0.879527
    outer loop
      vertex -2.16531 -8.41131 -18.501
      vertex -2.18419 -8.39957 -18.5052
      vertex -2.16769 -8.41328 -18.4997
    endloop
  endfacet
  facet normal 0.0378485 0.518133 0.854462
    outer loop
      vertex -2.16592 -8.41209 -18.5005
      vertex -2.16531 -8.41131 -18.501
      vertex -2.16769 -8.41328 -18.4997
    endloop
  endfacet
  facet normal 0.105321 0.476837 0.872659
    outer loop
      vertex -2.16769 -8.41328 -18.4997
      vertex -2.18419 -8.39957 -18.5052
      vertex -2.17057 -8.41484 -18.4985
    endloop
  endfacet
  facet normal 0.0863031 0.463842 0.881704
    outer loop
      vertex -2.17057 -8.41484 -18.4985
      vertex -2.18419 -8.39957 -18.5052
      vertex -2.1745 -8.41677 -18.4971
    endloop
  endfacet
  facet normal 0.102114 0.470329 0.876564
    outer loop
      vertex -2.1745 -8.41677 -18.4971
      vertex -2.18419 -8.39957 -18.5052
      vertex -2.17945 -8.41905 -18.4953
    endloop
  endfacet
  facet normal 0.0943462 0.471321 0.876901
    outer loop
      vertex -2.18419 -8.39957 -18.5052
      vertex -2.19221 -8.42457 -18.4909
      vertex -2.18537 -8.42166 -18.4932
    endloop
  endfacet
  facet normal 0.0871081 0.473424 0.876517
    outer loop
      vertex -2.18419 -8.39957 -18.5052
      vertex -2.19992 -8.42778 -18.4884
      vertex -2.19221 -8.42457 -18.4909
    endloop
  endfacet
  facet normal 0.096786 0.468877 0.877945
    outer loop
      vertex -2.18419 -8.39957 -18.5052
      vertex -2.20846 -8.43126 -18.4856
      vertex -2.19992 -8.42778 -18.4884
    endloop
  endfacet
  facet normal 0.103045 0.470076 0.87659
    outer loop
      vertex -2.23827 -8.36729 -18.5164
      vertex -2.21777 -8.435 -18.4825
      vertex -2.20846 -8.43126 -18.4856
    endloop
  endfacet
  facet normal 0.0946457 0.468444 0.878409
    outer loop
      vertex -2.23827 -8.36729 -18.5164
      vertex -2.22782 -8.43897 -18.4793
      vertex -2.21777 -8.435 -18.4825
    endloop
  endfacet
  facet normal 0.0953631 0.468494 0.878305
    outer loop
      vertex -2.23827 -8.36729 -18.5164
      vertex -2.23855 -8.44316 -18.4759
      vertex -2.22782 -8.43897 -18.4793
    endloop
  endfacet
  facet normal 0.0971049 0.46841 0.878159
    outer loop
      vertex -2.23827 -8.36729 -18.5164
      vertex -2.24993 -8.44755 -18.4723
      vertex -2.23855 -8.44316 -18.4759
    endloop
  endfacet
  facet normal 0.0964147 0.468907 0.877969
    outer loop
      vertex -2.2744 -8.45685 -18.4646
      vertex -2.26189 -8.45212 -18.4685
      vertex -2.23827 -8.36729 -18.5164
    endloop
  endfacet
  facet normal 0.0973267 0.468582 0.878042
    outer loop
      vertex -2.32367 -8.31676 -18.5339
      vertex -2.2744 -8.45685 -18.4646
      vertex -2.23827 -8.36729 -18.5164
    endloop
  endfacet
  facet normal 0.100505 0.469326 0.877287
    outer loop
      vertex -2.32367 -8.31676 -18.5339
      vertex -2.2874 -8.46173 -18.4605
      vertex -2.2744 -8.45685 -18.4646
    endloop
  endfacet
  facet normal 0.0933619 0.468233 0.878659
    outer loop
      vertex -2.32367 -8.31676 -18.5339
      vertex -2.30086 -8.46674 -18.4564
      vertex -2.2874 -8.46173 -18.4605
    endloop
  endfacet
  facet normal 0.0999265 0.468692 0.877691
    outer loop
      vertex -2.32893 -8.47706 -18.4477
      vertex -2.31472 -8.47185 -18.4521
      vertex -2.32367 -8.31676 -18.5339
    endloop
  endfacet
  facet normal 0.0954494 0.469015 0.878017
    outer loop
      vertex -2.34346 -8.48234 -18.4433
      vertex -2.32893 -8.47706 -18.4477
      vertex -2.32367 -8.31676 -18.5339
    endloop
  endfacet
  facet normal 0.0971421 0.468779 0.877957
    outer loop
      vertex -2.39686 -8.50124 -18.4273
      vertex -2.34346 -8.48234 -18.4433
      vertex -2.32367 -8.31676 -18.5339
    endloop
  endfacet
  facet normal 0.0979322 0.468501 0.878018
    outer loop
      vertex -2.43649 -8.25026 -18.5568
      vertex -2.39686 -8.50124 -18.4273
      vertex -2.32367 -8.31676 -18.5339
    endloop
  endfacet
  facet normal 0.0972259 0.468482 0.878107
    outer loop
      vertex -2.5021 -8.53598 -18.3971
      vertex -2.44972 -8.51911 -18.4119
      vertex -2.43649 -8.25026 -18.5568
    endloop
  endfacet
  facet normal 0.0983856 0.468221 0.878117
    outer loop
      vertex -2.55411 -8.55187 -18.3828
      vertex -2.5021 -8.53598 -18.3971
      vertex -2.43649 -8.25026 -18.5568
    endloop
  endfacet
  facet normal 0.0971437 0.468558 0.878075
    outer loop
      vertex -3.07366 -9.23903 -17.9584
      vertex -3.1144 -9.22796 -17.9598
      vertex -3.03659 -9.96914 -17.5729
    endloop
  endfacet
  facet normal 0.0975214 0.468603 0.878009
    outer loop
      vertex -2.60581 -8.56678 -18.3691
      vertex -2.55411 -8.55187 -18.3828
      vertex -2.57285 -8.17005 -18.5845
    endloop
  endfacet
  facet normal 0.0968069 0.468493 0.878148
    outer loop
      vertex -2.72886 -8.07841 -18.616
      vertex -2.75994 -8.60582 -18.3312
      vertex -2.70864 -8.59374 -18.3433
    endloop
  endfacet
  facet normal 0.0961707 0.468496 0.878216
    outer loop
      vertex -3.23704 -9.19744 -17.9625
      vertex -3.13588 -10.0117 -17.5392
      vertex -3.19613 -9.20715 -17.9618
    endloop
  endfacet
  facet normal 0.0968821 0.468474 0.878149
    outer loop
      vertex -3.50997 -9.15054 -17.9572
      vertex -3.34461 -10.1008 -17.4685
      vertex -3.23868 -10.0556 -17.5043
    endloop
  endfacet
  facet normal 0.0975502 0.468524 0.878049
    outer loop
      vertex -3.67198 -9.13343 -17.9483
      vertex -3.45334 -10.1471 -17.4317
      vertex -3.63041 -9.1374 -17.9508
    endloop
  endfacet
  facet normal 0.0976697 0.468569 0.878011
    outer loop
      vertex -3.75523 -9.12628 -17.9429
      vertex -3.79622 -9.12317 -17.94
      vertex -3.45334 -10.1471 -17.4317
    endloop
  endfacet
  facet normal 0.0974122 0.468487 0.878083
    outer loop
      vertex -3.87526 -9.11804 -17.9339
      vertex -3.91263 -9.11608 -17.9308
      vertex -3.5645 -10.1944 -17.3941
    endloop
  endfacet
  facet normal 0.0971434 0.468424 0.878147
    outer loop
      vertex -4.03987 -9.11305 -17.9183
      vertex -4.10387 -9.1144 -17.9105
      vertex -3.67556 -10.2418 -17.3565
    endloop
  endfacet
  facet normal 0.0972433 0.468457 0.878118
    outer loop
      vertex -4.16745 -9.11686 -17.9021
      vertex -4.23062 -9.12043 -17.8932
      vertex -3.78429 -10.2881 -17.3197
    endloop
  endfacet
  facet normal 0.098109 0.468748 0.877867
    outer loop
      vertex -4.1887 -10.4593 -17.1834
      vertex -4.78208 -9.20263 -17.7881
      vertex -4.84159 -9.21733 -17.7736
    endloop
  endfacet
  facet normal 0.0971231 0.468664 0.878021
    outer loop
      vertex -4.86007 -10.738 -16.9601
      vertex -4.8218 -10.7227 -16.9725
      vertex -4.97536 -10.6935 -16.9711
    endloop
  endfacet
  facet normal 0.0985456 0.466895 0.878805
    outer loop
      vertex -5.62595 -9.56448 -17.5013
      vertex -5.61475 -9.52807 -17.5219
      vertex -5.62918 -9.55514 -17.5059
    endloop
  endfacet
  facet normal 0.097113 0.468673 0.878018
    outer loop
      vertex -3.27588 -7.75773 -18.7264
      vertex -3.6263 -8.67934 -18.1957
      vertex -3.58381 -8.6814 -18.1993
    endloop
  endfacet
  facet normal 0.0946555 0.469269 0.877967
    outer loop
      vertex -5.48951 -9.81473 -17.3829
      vertex -5.36122 -9.40094 -17.6179
      vertex -5.383 -9.41114 -17.6101
    endloop
  endfacet
  facet normal 0.097715 0.468486 0.87805
    outer loop
      vertex -5.47169 -9.45388 -17.5774
      vertex -5.5405 -9.72591 -17.4246
      vertex -5.44969 -9.4431 -17.5856
    endloop
  endfacet
  facet normal 0.0981428 0.468372 0.878064
    outer loop
      vertex -3.47159 -7.64316 -18.7658
      vertex -3.75973 -8.67068 -18.1855
      vertex -3.7146 -8.67395 -18.1888
    endloop
  endfacet
  facet normal 0.0979346 0.468347 0.8781
    outer loop
      vertex -5.61382 -9.59147 -17.4882
      vertex -5.60449 -9.60992 -17.4794
      vertex -5.57101 -9.50424 -17.5395
    endloop
  endfacet
  facet normal 0.0945975 0.469379 0.877915
    outer loop
      vertex -5.51417 -9.47503 -17.5614
      vertex -5.53424 -9.4852 -17.5538
      vertex -5.57826 -9.65869 -17.4563
    endloop
  endfacet
  facet normal 0.0981914 0.468278 0.878108
    outer loop
      vertex -3.93859 -8.65441 -18.1743
      vertex -3.89482 -8.6589 -18.1768
      vertex -3.47159 -7.64316 -18.7658
    endloop
  endfacet
  facet normal 0.0975403 0.468539 0.878042
    outer loop
      vertex -3.6675 -7.52854 -18.8052
      vertex -3.93859 -8.65441 -18.1743
      vertex -3.47159 -7.64316 -18.7658
    endloop
  endfacet
  facet normal 0.0974616 0.468558 0.87804
    outer loop
      vertex -3.6675 -7.52854 -18.8052
      vertex -3.98115 -8.64968 -18.1721
      vertex -3.93859 -8.65441 -18.1743
    endloop
  endfacet
  facet normal 0.0973152 0.468591 0.878039
    outer loop
      vertex -4.06124 -8.63962 -18.1686
      vertex -4.02215 -8.64474 -18.1702
      vertex -3.6675 -7.52854 -18.8052
    endloop
  endfacet
  facet normal 0.0981089 0.468337 0.878086
    outer loop
      vertex -4.09808 -8.63434 -18.1673
      vertex -4.06124 -8.63962 -18.1686
      vertex -3.6675 -7.52854 -18.8052
    endloop
  endfacet
  facet normal 0.0970275 0.468712 0.878006
    outer loop
      vertex -4.13231 -8.62894 -18.1664
      vertex -4.09808 -8.63434 -18.1673
      vertex -3.6675 -7.52854 -18.8052
    endloop
  endfacet
  facet normal 0.0966245 0.468862 0.877971
    outer loop
      vertex -4.16359 -8.62343 -18.1659
      vertex -4.13231 -8.62894 -18.1664
      vertex -3.6675 -7.52854 -18.8052
    endloop
  endfacet
  facet normal 0.0993963 0.467766 0.878245
    outer loop
      vertex -4.19157 -8.61786 -18.1657
      vertex -4.16359 -8.62343 -18.1659
      vertex -3.6675 -7.52854 -18.8052
    endloop
  endfacet
  facet normal 0.0977319 0.46846 0.878063
    outer loop
      vertex -4.24673 -8.60579 -18.166
      vertex -4.19157 -8.61786 -18.1657
      vertex -3.6675 -7.52854 -18.8052
    endloop
  endfacet
  facet normal 0.0968388 0.468869 0.877943
    outer loop
      vertex -4.3015 -8.59298 -18.1668
      vertex -4.24673 -8.60579 -18.166
      vertex -3.6675 -7.52854 -18.8052
    endloop
  endfacet
  facet normal 0.0975418 0.468559 0.878031
    outer loop
      vertex -4.1887 -10.4593 -17.1834
      vertex -4.72224 -9.18904 -17.802
      vertex -4.78208 -9.20263 -17.7881
    endloop
  endfacet
  facet normal 0.0971062 0.467364 0.878716
    outer loop
      vertex -5.18151 -10.3431 -17.1352
      vertex -4.4499 -10.569 -17.0959
      vertex -5.20835 -10.2971 -17.1567
    endloop
  endfacet
  facet normal 0.097219 0.468619 0.878035
    outer loop
      vertex -3.85972 -7.41616 -18.8438
      vertex -4.35588 -8.57945 -18.168
      vertex -4.3015 -8.59298 -18.1668
    endloop
  endfacet
  facet normal 0.0974412 0.468438 0.878107
    outer loop
      vertex -4.28038 -10.4979 -17.1526
      vertex -5.2642 -10.2014 -17.2016
      vertex -4.36757 -10.5345 -17.1234
    endloop
  endfacet
  facet normal 0.0977196 0.468431 0.878079
    outer loop
      vertex -3.85972 -7.41616 -18.8438
      vertex -4.40986 -8.56519 -18.1696
      vertex -4.35588 -8.57945 -18.168
    endloop
  endfacet
  facet normal 0.0981704 0.469821 0.877286
    outer loop
      vertex -5.06187 -10.5471 -17.0396
      vertex -5.04153 -10.5816 -17.0234
      vertex -4.72349 -10.6826 -17.0049
    endloop
  endfacet
  facet normal 0.0971237 0.468718 0.877992
    outer loop
      vertex -4.51652 -8.53453 -18.1741
      vertex -4.4634 -8.55022 -18.1716
      vertex -3.85972 -7.41616 -18.8438
    endloop
  endfacet
  facet normal 0.119846 0.453197 0.883317
    outer loop
      vertex -5.62816 -9.53638 -17.516
      vertex -5.63104 -9.54283 -17.5123
      vertex -5.62548 -9.53436 -17.5174
    endloop
  endfacet
  facet normal 0.0976452 0.46846 0.878072
    outer loop
      vertex -4.56917 -8.51812 -18.177
      vertex -4.51652 -8.53453 -18.1741
      vertex -3.85972 -7.41616 -18.8438
    endloop
  endfacet
  facet normal 0.0968654 0.466642 0.879126
    outer loop
      vertex -5.06187 -10.5471 -17.0396
      vertex -4.66418 -10.6581 -17.0245
      vertex -5.08353 -10.5102 -17.0568
    endloop
  endfacet
  facet normal 0.0973486 0.468619 0.87802
    outer loop
      vertex -4.04437 -7.30829 -18.8809
      vertex -4.56917 -8.51812 -18.177
      vertex -3.85972 -7.41616 -18.8438
    endloop
  endfacet
  facet normal 0.0971591 0.467473 0.878652
    outer loop
      vertex -5.1555 -10.3875 -17.1143
      vertex -5.13044 -10.4303 -17.0943
      vertex -4.52702 -10.6012 -17.0701
    endloop
  endfacet
  facet normal 0.0969487 0.468808 0.877963
    outer loop
      vertex -4.67308 -8.48321 -18.1841
      vertex -4.62137 -8.50102 -18.1803
      vertex -4.04437 -7.30829 -18.8809
    endloop
  endfacet
  facet normal 0.0981061 0.470309 0.877032
    outer loop
      vertex -5.18151 -10.3431 -17.1352
      vertex -5.1555 -10.3875 -17.1143
      vertex -4.4499 -10.569 -17.0959
    endloop
  endfacet
  facet normal 0.0973714 0.468615 0.87802
    outer loop
      vertex -4.72429 -8.4647 -18.1883
      vertex -4.67308 -8.48321 -18.1841
      vertex -4.04437 -7.30829 -18.8809
    endloop
  endfacet
  facet normal 0.0695248 0.472844 0.878399
    outer loop
      vertex -5.63008 -9.53907 -17.5144
      vertex -5.63104 -9.54283 -17.5123
      vertex -5.62816 -9.53638 -17.516
    endloop
  endfacet
  facet normal 0.0977131 0.468446 0.878072
    outer loop
      vertex -4.775 -8.4455 -18.1929
      vertex -4.72429 -8.4647 -18.1883
      vertex -4.04437 -7.30829 -18.8809
    endloop
  endfacet
  facet normal 0.0976508 0.46897 0.877799
    outer loop
      vertex -4.36757 -10.5345 -17.1234
      vertex -5.23595 -10.2498 -17.1789
      vertex -5.20835 -10.2971 -17.1567
    endloop
  endfacet
  facet normal 0.0980226 0.46828 0.878126
    outer loop
      vertex -4.82518 -8.42562 -18.1979
      vertex -4.775 -8.4455 -18.1929
      vertex -4.04437 -7.30829 -18.8809
    endloop
  endfacet
  facet normal 0.0975455 0.468556 0.878032
    outer loop
      vertex -4.21756 -7.20721 -18.9156
      vertex -4.82518 -8.42562 -18.1979
      vertex -4.04437 -7.30829 -18.8809
    endloop
  endfacet
  facet normal 0.0975502 0.468554 0.878033
    outer loop
      vertex -4.21756 -7.20721 -18.9156
      vertex -5.19887 -7.42304 -18.6914
      vertex -4.82518 -8.42562 -18.1979
    endloop
  endfacet
  facet normal 0.0967749 0.468358 0.878223
    outer loop
      vertex -4.82518 -8.42562 -18.1979
      vertex -5.19887 -7.42304 -18.6914
      vertex -4.87482 -8.40505 -18.2034
    endloop
  endfacet
  facet normal 0.0972709 0.468466 0.87811
    outer loop
      vertex -4.87482 -8.40505 -18.2034
      vertex -5.19887 -7.42304 -18.6914
      vertex -4.9239 -8.3838 -18.2093
    endloop
  endfacet
  facet normal 0.0971425 0.468443 0.878137
    outer loop
      vertex -4.9239 -8.3838 -18.2093
      vertex -5.19887 -7.42304 -18.6914
      vertex -5.25807 -7.50618 -18.6405
    endloop
  endfacet
  facet normal 0.0976911 0.468585 0.878001
    outer loop
      vertex -4.97242 -8.36188 -18.2156
      vertex -4.9239 -8.3838 -18.2093
      vertex -5.25807 -7.50618 -18.6405
    endloop
  endfacet
  facet normal 0.0981833 0.468693 0.877888
    outer loop
      vertex -5.02035 -8.33929 -18.2223
      vertex -4.97242 -8.36188 -18.2156
      vertex -5.25807 -7.50618 -18.6405
    endloop
  endfacet
  facet normal 0.0975576 0.46858 0.878018
    outer loop
      vertex -5.31604 -7.5878 -18.5905
      vertex -5.02035 -8.33929 -18.2223
      vertex -5.25807 -7.50618 -18.6405
    endloop
  endfacet
  facet normal 0.0963953 0.468267 0.878313
    outer loop
      vertex -5.31604 -7.5878 -18.5905
      vertex -5.06769 -8.31604 -18.2295
      vertex -5.02035 -8.33929 -18.2223
    endloop
  endfacet
  facet normal 0.0990317 0.468863 0.877702
    outer loop
      vertex -5.31604 -7.5878 -18.5905
      vertex -5.11442 -8.29213 -18.237
      vertex -5.06769 -8.31604 -18.2295
    endloop
  endfacet
  facet normal 0.0973552 0.468559 0.878052
    outer loop
      vertex -5.31604 -7.5878 -18.5905
      vertex -5.16052 -8.26756 -18.245
      vertex -5.11442 -8.29213 -18.237
    endloop
  endfacet
  facet normal 0.0971375 0.468529 0.878091
    outer loop
      vertex -5.31604 -7.5878 -18.5905
      vertex -5.3716 -7.66624 -18.5425
      vertex -5.16052 -8.26756 -18.245
    endloop
  endfacet
  facet normal 0.0972612 0.468587 0.878047
    outer loop
      vertex -5.3716 -7.66624 -18.5425
      vertex -5.22425 -8.2318 -18.257
      vertex -5.20597 -8.24234 -18.2534
    endloop
  endfacet
  facet normal 0.0963563 0.468441 0.878225
    outer loop
      vertex -5.3716 -7.66624 -18.5425
      vertex -5.2446 -8.21974 -18.2612
      vertex -5.22425 -8.2318 -18.257
    endloop
  endfacet
  facet normal 0.09642 0.468449 0.878213
    outer loop
      vertex -5.3716 -7.66624 -18.5425
      vertex -5.2667 -8.20638 -18.2659
      vertex -5.2446 -8.21974 -18.2612
    endloop
  endfacet
  facet normal 0.0979539 0.468615 0.877955
    outer loop
      vertex -5.3716 -7.66624 -18.5425
      vertex -5.42358 -7.73987 -18.4974
      vertex -5.2667 -8.20638 -18.2659
    endloop
  endfacet
  facet normal 0.0971379 0.468434 0.878142
    outer loop
      vertex -5.2667 -8.20638 -18.2659
      vertex -5.42358 -7.73987 -18.4974
      vertex -5.29023 -8.19194 -18.271
    endloop
  endfacet
  facet normal 0.0991738 0.468818 0.87771
    outer loop
      vertex -5.29023 -8.19194 -18.271
      vertex -5.42358 -7.73987 -18.4974
      vertex -5.31486 -8.17662 -18.2764
    endloop
  endfacet
  facet normal 0.0975324 0.468569 0.878026
    outer loop
      vertex -5.31486 -8.17662 -18.2764
      vertex -5.42358 -7.73987 -18.4974
      vertex -5.34027 -8.16065 -18.2821
    endloop
  endfacet
  facet normal 0.0969961 0.46851 0.878118
    outer loop
      vertex -5.34027 -8.16065 -18.2821
      vertex -5.42358 -7.73987 -18.4974
      vertex -5.36612 -8.14424 -18.288
    endloop
  endfacet
  facet normal 0.0978639 0.468567 0.877991
    outer loop
      vertex -5.36612 -8.14424 -18.288
      vertex -5.42358 -7.73987 -18.4974
      vertex -5.4708 -7.80702 -18.4563
    endloop
  endfacet
  facet normal 0.0974966 0.468493 0.878071
    outer loop
      vertex -5.39209 -8.12759 -18.294
      vertex -5.36612 -8.14424 -18.288
      vertex -5.4708 -7.80702 -18.4563
    endloop
  endfacet
  facet normal 0.0984215 0.468631 0.877894
    outer loop
      vertex -5.41785 -8.11094 -18.3
      vertex -5.39209 -8.12759 -18.294
      vertex -5.4708 -7.80702 -18.4563
    endloop
  endfacet
  facet normal 0.0976632 0.468561 0.878016
    outer loop
      vertex -5.51209 -7.86606 -18.4202
      vertex -5.41785 -8.11094 -18.3
      vertex -5.4708 -7.80702 -18.4563
    endloop
  endfacet
  facet normal 0.096603 0.468284 0.878281
    outer loop
      vertex -5.51209 -7.86606 -18.4202
      vertex -5.44309 -8.09448 -18.306
      vertex -5.41785 -8.11094 -18.3
    endloop
  endfacet
  facet normal 0.0953613 0.468041 0.878546
    outer loop
      vertex -5.51209 -7.86606 -18.4202
      vertex -5.46746 -8.07844 -18.3119
      vertex -5.44309 -8.09448 -18.306
    endloop
  endfacet
  facet normal 0.0993531 0.468523 0.877847
    outer loop
      vertex -5.51209 -7.86606 -18.4202
      vertex -5.49065 -8.06303 -18.3175
      vertex -5.46746 -8.07844 -18.3119
    endloop
  endfacet
  facet normal 0.0958886 0.468385 0.878306
    outer loop
      vertex -5.51209 -7.86606 -18.4202
      vertex -5.54626 -7.91532 -18.3902
      vertex -5.49065 -8.06303 -18.3175
    endloop
  endfacet
  facet normal 0.0963301 0.468498 0.878197
    outer loop
      vertex -5.49065 -8.06303 -18.3175
      vertex -5.54626 -7.91532 -18.3902
      vertex -5.51233 -8.04845 -18.3229
    endloop
  endfacet
  facet normal 0.0979558 0.468753 0.877881
    outer loop
      vertex -5.51233 -8.04845 -18.3229
      vertex -5.54626 -7.91532 -18.3902
      vertex -5.53217 -8.03494 -18.3279
    endloop
  endfacet
  facet normal 0.0979782 0.468754 0.877878
    outer loop
      vertex -5.53217 -8.03494 -18.3279
      vertex -5.54626 -7.91532 -18.3902
      vertex -5.57215 -7.95317 -18.3671
    endloop
  endfacet
  facet normal 0.0956361 0.46794 0.87857
    outer loop
      vertex -5.54985 -8.02269 -18.3325
      vertex -5.53217 -8.03494 -18.3279
      vertex -5.57215 -7.95317 -18.3671
    endloop
  endfacet
  facet normal 0.101287 0.469123 0.877305
    outer loop
      vertex -5.56504 -8.01193 -18.3365
      vertex -5.54985 -8.02269 -18.3325
      vertex -5.57215 -7.95317 -18.3671
    endloop
  endfacet
  facet normal 0.0948867 0.468809 0.878188
    outer loop
      vertex -5.57741 -8.00287 -18.34
      vertex -5.56504 -8.01193 -18.3365
      vertex -5.57215 -7.95317 -18.3671
    endloop
  endfacet
  facet normal 0.101055 0.468012 0.877925
    outer loop
      vertex -5.58857 -7.97795 -18.352
      vertex -5.57741 -8.00287 -18.34
      vertex -5.57215 -7.95317 -18.3671
    endloop
  endfacet
  facet normal 0.0940145 0.465801 0.879881
    outer loop
      vertex -5.58857 -7.97795 -18.352
      vertex -5.58663 -7.99572 -18.3428
      vertex -5.57741 -8.00287 -18.34
    endloop
  endfacet
  facet normal 0.101014 0.466086 0.878954
    outer loop
      vertex -5.58857 -7.97795 -18.352
      vertex -5.59239 -7.9907 -18.3448
      vertex -5.58663 -7.99572 -18.3428
    endloop
  endfacet
  facet normal 0.0971585 0.468856 0.877915
    outer loop
      vertex -4.98943 -10.6698 -16.9822
      vertex -4.97536 -10.6935 -16.9711
      vertex -4.8218 -10.7227 -16.9725
    endloop
  endfacet
  facet normal 0.0973896 0.468282 0.878196
    outer loop
      vertex -4.28038 -10.4979 -17.1526
      vertex -5.29301 -10.1519 -17.2248
      vertex -5.2642 -10.2014 -17.2016
    endloop
  endfacet
  facet normal 0.0976773 0.468585 0.878002
    outer loop
      vertex -4.28038 -10.4979 -17.1526
      vertex -4.1887 -10.4593 -17.1834
      vertex -4.84159 -9.21733 -17.7736
    endloop
  endfacet
  facet normal 0.0975186 0.468553 0.878037
    outer loop
      vertex -4.1887 -10.4593 -17.1834
      vertex -4.09289 -10.4189 -17.2156
      vertex -4.72224 -9.18904 -17.802
    endloop
  endfacet
  facet normal 0.0970158 0.468369 0.878191
    outer loop
      vertex -4.72224 -9.18904 -17.802
      vertex -4.09289 -10.4189 -17.2156
      vertex -4.66205 -9.17657 -17.8153
    endloop
  endfacet
  facet normal 0.0977209 0.468596 0.877991
    outer loop
      vertex -4.66205 -9.17657 -17.8153
      vertex -4.09289 -10.4189 -17.2156
      vertex -4.60152 -9.16521 -17.8281
    endloop
  endfacet
  facet normal 0.0971803 0.468445 0.878132
    outer loop
      vertex -4.09289 -10.4189 -17.2156
      vertex -4.54064 -9.15497 -17.8403
      vertex -4.60152 -9.16521 -17.8281
    endloop
  endfacet
  facet normal 0.0973392 0.468482 0.878094
    outer loop
      vertex -4.09289 -10.4189 -17.2156
      vertex -3.99331 -10.3768 -17.2491
      vertex -4.54064 -9.15497 -17.8403
    endloop
  endfacet
  facet normal 0.0977807 0.468621 0.877971
    outer loop
      vertex -4.54064 -9.15497 -17.8403
      vertex -3.99331 -10.3768 -17.2491
      vertex -4.47939 -9.14583 -17.852
    endloop
  endfacet
  facet normal 0.0978363 0.468609 0.877971
    outer loop
      vertex -3.99331 -10.3768 -17.2491
      vertex -3.89033 -10.3331 -17.2839
      vertex -4.41777 -9.13781 -17.8631
    endloop
  endfacet
  facet normal 0.0979443 0.468642 0.877942
    outer loop
      vertex -4.41777 -9.13781 -17.8631
      vertex -3.89033 -10.3331 -17.2839
      vertex -4.35577 -9.13091 -17.8737
    endloop
  endfacet
  facet normal 0.0972145 0.46845 0.878125
    outer loop
      vertex -4.35577 -9.13091 -17.8737
      vertex -3.89033 -10.3331 -17.2839
      vertex -4.29339 -9.12511 -17.8837
    endloop
  endfacet
  facet normal 0.0979374 0.468609 0.87796
    outer loop
      vertex -4.23062 -9.12043 -17.8932
      vertex -4.29339 -9.12511 -17.8837
      vertex -3.89033 -10.3331 -17.2839
    endloop
  endfacet
  facet normal 0.0975937 0.468548 0.878031
    outer loop
      vertex -3.78429 -10.2881 -17.3197
      vertex -4.23062 -9.12043 -17.8932
      vertex -3.89033 -10.3331 -17.2839
    endloop
  endfacet
  facet normal 0.0978654 0.468591 0.877978
    outer loop
      vertex -4.10387 -9.1144 -17.9105
      vertex -4.16745 -9.11686 -17.9021
      vertex -3.78429 -10.2881 -17.3197
    endloop
  endfacet
  facet normal 0.0976471 0.468554 0.878022
    outer loop
      vertex -3.67556 -10.2418 -17.3565
      vertex -4.10387 -9.1144 -17.9105
      vertex -3.78429 -10.2881 -17.3197
    endloop
  endfacet
  facet normal 0.0974449 0.468488 0.87808
    outer loop
      vertex -4.01208 -9.11302 -17.9214
      vertex -4.03987 -9.11305 -17.9183
      vertex -3.67556 -10.2418 -17.3565
    endloop
  endfacet
  facet normal 0.0994238 0.468865 0.877656
    outer loop
      vertex -3.98138 -9.11354 -17.9246
      vertex -4.01208 -9.11302 -17.9214
      vertex -3.67556 -10.2418 -17.3565
    endloop
  endfacet
  facet normal 0.0963634 0.468347 0.878274
    outer loop
      vertex -3.94812 -9.11457 -17.9277
      vertex -3.98138 -9.11354 -17.9246
      vertex -3.67556 -10.2418 -17.3565
    endloop
  endfacet
  facet normal 0.09664 0.468388 0.878222
    outer loop
      vertex -3.91263 -9.11608 -17.9308
      vertex -3.94812 -9.11457 -17.9277
      vertex -3.67556 -10.2418 -17.3565
    endloop
  endfacet
  facet normal 0.0973429 0.468473 0.878099
    outer loop
      vertex -3.5645 -10.1944 -17.3941
      vertex -3.91263 -9.11608 -17.9308
      vertex -3.67556 -10.2418 -17.3565
    endloop
  endfacet
  facet normal 0.0984874 0.468685 0.877858
    outer loop
      vertex -3.83635 -9.12041 -17.937
      vertex -3.87526 -9.11804 -17.9339
      vertex -3.5645 -10.1944 -17.3941
    endloop
  endfacet
  facet normal 0.0976154 0.468557 0.878024
    outer loop
      vertex -3.45334 -10.1471 -17.4317
      vertex -3.79622 -9.12317 -17.94
      vertex -3.5645 -10.1944 -17.3941
    endloop
  endfacet
  facet normal 0.0964964 0.468392 0.878236
    outer loop
      vertex -3.67198 -9.13343 -17.9483
      vertex -3.7137 -9.12971 -17.9457
      vertex -3.45334 -10.1471 -17.4317
    endloop
  endfacet
  facet normal 0.0978964 0.468612 0.877963
    outer loop
      vertex -3.45334 -10.1471 -17.4317
      vertex -3.7137 -9.12971 -17.9457
      vertex -3.75523 -9.12628 -17.9429
    endloop
  endfacet
  facet normal 0.0976588 0.468534 0.878031
    outer loop
      vertex -3.63041 -9.1374 -17.9508
      vertex -3.45334 -10.1471 -17.4317
      vertex -3.34461 -10.1008 -17.4685
    endloop
  endfacet
  facet normal 0.0970576 0.468419 0.878159
    outer loop
      vertex -3.58933 -9.1416 -17.9531
      vertex -3.63041 -9.1374 -17.9508
      vertex -3.34461 -10.1008 -17.4685
    endloop
  endfacet
  facet normal 0.0971886 0.468502 0.8781
    outer loop
      vertex -3.50997 -9.15054 -17.9572
      vertex -3.54907 -9.14599 -17.9553
      vertex -3.34461 -10.1008 -17.4685
    endloop
  endfacet
  facet normal 0.09803 0.468695 0.877904
    outer loop
      vertex -3.47237 -9.15522 -17.9589
      vertex -3.50997 -9.15054 -17.9572
      vertex -3.23868 -10.0556 -17.5043
    endloop
  endfacet
  facet normal 0.0990771 0.468717 0.877775
    outer loop
      vertex -3.23868 -10.0556 -17.5043
      vertex -3.37197 -9.16972 -17.9623
      vertex -3.40303 -9.16484 -17.9614
    endloop
  endfacet
  facet normal 0.096616 0.468538 0.878145
    outer loop
      vertex -3.23868 -10.0556 -17.5043
      vertex -3.34376 -9.1746 -17.9628
      vertex -3.37197 -9.16972 -17.9623
    endloop
  endfacet
  facet normal 0.0976588 0.468558 0.878018
    outer loop
      vertex -3.13588 -10.0117 -17.5392
      vertex -3.31874 -9.17944 -17.963
      vertex -3.34376 -9.1746 -17.9628
    endloop
  endfacet
  facet normal 0.0984233 0.468656 0.877881
    outer loop
      vertex -3.13588 -10.0117 -17.5392
      vertex -3.27792 -9.1882 -17.9629
      vertex -3.31874 -9.17944 -17.963
    endloop
  endfacet
  facet normal 0.0972102 0.46851 0.878094
    outer loop
      vertex -3.19613 -9.20715 -17.9618
      vertex -3.13588 -10.0117 -17.5392
      vertex -3.03659 -9.96914 -17.5729
    endloop
  endfacet
  facet normal 0.097317 0.468522 0.878075
    outer loop
      vertex -3.15524 -9.21733 -17.9609
      vertex -3.19613 -9.20715 -17.9618
      vertex -3.03659 -9.96914 -17.5729
    endloop
  endfacet
  facet normal 0.0983233 0.468602 0.877921
    outer loop
      vertex -3.1144 -9.22796 -17.9598
      vertex -3.15524 -9.21733 -17.9609
      vertex -3.03659 -9.96914 -17.5729
    endloop
  endfacet
  facet normal 0.0979974 0.468553 0.877983
    outer loop
      vertex -3.07366 -9.23903 -17.9584
      vertex -3.03659 -9.96914 -17.5729
      vertex -2.94116 -9.9282 -17.6054
    endloop
  endfacet
  facet normal 0.0980724 0.468561 0.877971
    outer loop
      vertex -3.03304 -9.25053 -17.9568
      vertex -3.07366 -9.23903 -17.9584
      vertex -2.94116 -9.9282 -17.6054
    endloop
  endfacet
  facet normal 0.0973149 0.468556 0.878058
    outer loop
      vertex -3.27792 -9.1882 -17.9629
      vertex -3.13588 -10.0117 -17.5392
      vertex -3.23704 -9.19744 -17.9625
    endloop
  endfacet
  facet normal 0.0968068 0.468484 0.878152
    outer loop
      vertex -2.94116 -9.9282 -17.6054
      vertex -2.99259 -9.26245 -17.9549
      vertex -3.03304 -9.25053 -17.9568
    endloop
  endfacet
  facet normal 0.0975885 0.468495 0.87806
    outer loop
      vertex -2.94116 -9.9282 -17.6054
      vertex -2.95234 -9.27477 -17.9528
      vertex -2.99259 -9.26245 -17.9549
    endloop
  endfacet
  facet normal 0.0970802 0.468512 0.878107
    outer loop
      vertex -2.94116 -9.9282 -17.6054
      vertex -2.84994 -9.889 -17.6364
      vertex -2.95234 -9.27477 -17.9528
    endloop
  endfacet
  facet normal 0.098549 0.468638 0.877876
    outer loop
      vertex -2.95234 -9.27477 -17.9528
      vertex -2.84994 -9.889 -17.6364
      vertex -2.91234 -9.28749 -17.9505
    endloop
  endfacet
  facet normal 0.098142 0.468574 0.877956
    outer loop
      vertex -2.87262 -9.3006 -17.9479
      vertex -2.84994 -9.889 -17.6364
      vertex -2.76328 -9.85169 -17.666
    endloop
  endfacet
  facet normal 0.0977846 0.468535 0.878017
    outer loop
      vertex -2.83322 -9.31407 -17.9451
      vertex -2.87262 -9.3006 -17.9479
      vertex -2.76328 -9.85169 -17.666
    endloop
  endfacet
  facet normal 0.0963088 0.468451 0.878225
    outer loop
      vertex -2.79417 -9.32791 -17.942
      vertex -2.83322 -9.31407 -17.9451
      vertex -2.76328 -9.85169 -17.666
    endloop
  endfacet
  facet normal 0.0993033 0.468451 0.877891
    outer loop
      vertex -2.75552 -9.3421 -17.9388
      vertex -2.79417 -9.32791 -17.942
      vertex -2.76328 -9.85169 -17.666
    endloop
  endfacet
  facet normal 0.0975431 0.468554 0.878033
    outer loop
      vertex -2.76328 -9.85169 -17.666
      vertex -2.68156 -9.81642 -17.6939
      vertex -2.75552 -9.3421 -17.9388
    endloop
  endfacet
  facet normal 0.0952005 0.468372 0.878388
    outer loop
      vertex -2.75552 -9.3421 -17.9388
      vertex -2.68156 -9.81642 -17.6939
      vertex -2.7173 -9.35662 -17.9352
    endloop
  endfacet
  facet normal 0.0971993 0.468477 0.878113
    outer loop
      vertex -2.68156 -9.81642 -17.6939
      vertex -2.60511 -9.78336 -17.72
      vertex -2.67955 -9.37148 -17.9315
    endloop
  endfacet
  facet normal 0.098333 0.468421 0.878016
    outer loop
      vertex -2.7173 -9.35662 -17.9352
      vertex -2.68156 -9.81642 -17.6939
      vertex -2.67955 -9.37148 -17.9315
    endloop
  endfacet
  facet normal 0.0988436 0.468636 0.877844
    outer loop
      vertex -2.64231 -9.38664 -17.9276
      vertex -2.67955 -9.37148 -17.9315
      vertex -2.60511 -9.78336 -17.72
    endloop
  endfacet
  facet normal 0.0971645 0.46859 0.878056
    outer loop
      vertex -2.60561 -9.40212 -17.9234
      vertex -2.64231 -9.38664 -17.9276
      vertex -2.60511 -9.78336 -17.72
    endloop
  endfacet
  facet normal 0.0975191 0.468574 0.878025
    outer loop
      vertex -2.5695 -9.41788 -17.919
      vertex -2.60561 -9.40212 -17.9234
      vertex -2.60511 -9.78336 -17.72
    endloop
  endfacet
  facet normal 0.0967605 0.468667 0.87806
    outer loop
      vertex -2.60511 -9.78336 -17.72
      vertex -2.5343 -9.75264 -17.7442
      vertex -2.5695 -9.41788 -17.919
    endloop
  endfacet
  facet normal 0.100919 0.468377 0.877746
    outer loop
      vertex -2.5343 -9.75264 -17.7442
      vertex -2.51491 -9.44292 -17.9117
      vertex -2.53402 -9.43393 -17.9143
    endloop
  endfacet
  facet normal 0.0981461 0.468644 0.877918
    outer loop
      vertex -2.5343 -9.75264 -17.7442
      vertex -2.46948 -9.72444 -17.7665
      vertex -2.51491 -9.44292 -17.9117
    endloop
  endfacet
  facet normal 0.0967308 0.468528 0.878137
    outer loop
      vertex -2.49498 -9.45247 -17.9088
      vertex -2.51491 -9.44292 -17.9117
      vertex -2.46948 -9.72444 -17.7665
    endloop
  endfacet
  facet normal 0.0955765 0.468495 0.878281
    outer loop
      vertex -2.4744 -9.46248 -17.9057
      vertex -2.49498 -9.45247 -17.9088
      vertex -2.46948 -9.72444 -17.7665
    endloop
  endfacet
  facet normal 0.0978181 0.468426 0.878071
    outer loop
      vertex -2.45337 -9.47287 -17.9025
      vertex -2.4744 -9.46248 -17.9057
      vertex -2.46948 -9.72444 -17.7665
    endloop
  endfacet
  facet normal 0.0979486 0.468413 0.878063
    outer loop
      vertex -2.46948 -9.72444 -17.7665
      vertex -2.43207 -9.48351 -17.8992
      vertex -2.45337 -9.47287 -17.9025
    endloop
  endfacet
  facet normal 0.0975277 0.468533 0.878046
    outer loop
      vertex -2.41101 -9.69891 -17.7866
      vertex -2.4107 -9.49433 -17.8958
      vertex -2.43207 -9.48351 -17.8992
    endloop
  endfacet
  facet normal 0.0993355 0.468446 0.87789
    outer loop
      vertex -2.41101 -9.69891 -17.7866
      vertex -2.38944 -9.50521 -17.8924
      vertex -2.4107 -9.49433 -17.8958
    endloop
  endfacet
  facet normal 0.0978905 0.46864 0.877949
    outer loop
      vertex -2.38944 -9.50521 -17.8924
      vertex -2.41101 -9.69891 -17.7866
      vertex -2.35924 -9.67619 -17.8045
    endloop
  endfacet
  facet normal 0.0960749 0.468469 0.878241
    outer loop
      vertex -2.35924 -9.67619 -17.8045
      vertex -2.36848 -9.51607 -17.8889
      vertex -2.38944 -9.50521 -17.8924
    endloop
  endfacet
  facet normal 0.0995232 0.468466 0.877858
    outer loop
      vertex -2.35924 -9.67619 -17.8045
      vertex -2.34801 -9.52679 -17.8855
      vertex -2.36848 -9.51607 -17.8889
    endloop
  endfacet
  facet normal 0.0974332 0.468704 0.877965
    outer loop
      vertex -2.31453 -9.65645 -17.82
      vertex -2.32822 -9.53728 -17.8821
      vertex -2.35924 -9.67619 -17.8045
    endloop
  endfacet
  facet normal 0.097588 0.46867 0.877966
    outer loop
      vertex -2.35924 -9.67619 -17.8045
      vertex -2.32822 -9.53728 -17.8821
      vertex -2.34801 -9.52679 -17.8855
    endloop
  endfacet
  facet normal 0.0940011 0.468548 0.878423
    outer loop
      vertex -2.32822 -9.53728 -17.8821
      vertex -2.31453 -9.65645 -17.82
      vertex -2.3093 -9.54745 -17.8787
    endloop
  endfacet
  facet normal 0.0980016 0.468216 0.878162
    outer loop
      vertex -2.3093 -9.54745 -17.8787
      vertex -2.31453 -9.65645 -17.82
      vertex -2.29144 -9.55719 -17.8755
    endloop
  endfacet
  facet normal 0.0975391 0.468321 0.878158
    outer loop
      vertex -2.29144 -9.55719 -17.8755
      vertex -2.31453 -9.65645 -17.82
      vertex -2.27724 -9.63984 -17.833
    endloop
  endfacet
  facet normal 0.0956306 0.468149 0.87846
    outer loop
      vertex -2.27483 -9.5664 -17.8724
      vertex -2.29144 -9.55719 -17.8755
      vertex -2.27724 -9.63984 -17.833
    endloop
  endfacet
  facet normal 0.098428 0.467694 0.878393
    outer loop
      vertex -2.25965 -9.57499 -17.8695
      vertex -2.27724 -9.63984 -17.833
      vertex -2.24772 -9.62652 -17.8434
    endloop
  endfacet
  facet normal 0.103312 0.468361 0.877476
    outer loop
      vertex -2.24772 -9.62652 -17.8434
      vertex -2.2461 -9.58285 -17.8669
      vertex -2.25965 -9.57499 -17.8695
    endloop
  endfacet
  facet normal 0.0943515 0.469041 0.878122
    outer loop
      vertex -2.24772 -9.62652 -17.8434
      vertex -2.23437 -9.58989 -17.8644
      vertex -2.2461 -9.58285 -17.8669
    endloop
  endfacet
  facet normal 0.0957542 0.468682 0.878162
    outer loop
      vertex -2.23437 -9.58989 -17.8644
      vertex -2.22633 -9.61664 -17.851
      vertex -2.22464 -9.596 -17.8622
    endloop
  endfacet
  facet normal 0.0941507 0.471051 0.877067
    outer loop
      vertex -2.21342 -9.61035 -17.8558
      vertex -2.20936 -9.60781 -17.8576
      vertex -2.21194 -9.60506 -17.8588
    endloop
  endfacet
  facet normal 0.0994257 0.466604 0.87886
    outer loop
      vertex -2.22633 -9.61664 -17.851
      vertex -2.21342 -9.61035 -17.8558
      vertex -2.2171 -9.60109 -17.8603
    endloop
  endfacet
  facet normal 0.105135 0.46815 0.877372
    outer loop
      vertex -2.21342 -9.61035 -17.8558
      vertex -2.21194 -9.60506 -17.8588
      vertex -2.2171 -9.60109 -17.8603
    endloop
  endfacet
  facet normal 0.0955646 0.468645 0.878202
    outer loop
      vertex -2.24772 -9.62652 -17.8434
      vertex -2.22633 -9.61664 -17.851
      vertex -2.23437 -9.58989 -17.8644
    endloop
  endfacet
  facet normal 0.0970546 0.468047 0.878358
    outer loop
      vertex -2.25965 -9.57499 -17.8695
      vertex -2.27483 -9.5664 -17.8724
      vertex -2.27724 -9.63984 -17.833
    endloop
  endfacet
  facet normal 0.0972794 0.468525 0.878078
    outer loop
      vertex -2.43207 -9.48351 -17.8992
      vertex -2.46948 -9.72444 -17.7665
      vertex -2.41101 -9.69891 -17.7866
    endloop
  endfacet
  facet normal 0.0956562 0.468625 0.878203
    outer loop
      vertex -2.5695 -9.41788 -17.919
      vertex -2.5343 -9.75264 -17.7442
      vertex -2.53402 -9.43393 -17.9143
    endloop
  endfacet
  facet normal 0.097187 0.468589 0.878054
    outer loop
      vertex -2.91234 -9.28749 -17.9505
      vertex -2.84994 -9.889 -17.6364
      vertex -2.87262 -9.3006 -17.9479
    endloop
  endfacet
  facet normal 0.0970057 0.468531 0.878105
    outer loop
      vertex -3.23868 -10.0556 -17.5043
      vertex -3.43661 -9.16 -17.9603
      vertex -3.47237 -9.15522 -17.9589
    endloop
  endfacet
  facet normal 0.097863 0.468588 0.877979
    outer loop
      vertex -3.5645 -10.1944 -17.3941
      vertex -3.79622 -9.12317 -17.94
      vertex -3.83635 -9.12041 -17.937
    endloop
  endfacet
  facet normal 0.0972087 0.468466 0.878117
    outer loop
      vertex -3.99331 -10.3768 -17.2491
      vertex -4.41777 -9.13781 -17.8631
      vertex -4.47939 -9.14583 -17.852
    endloop
  endfacet
  facet normal 0.0973645 0.468293 0.878193
    outer loop
      vertex -4.59856 -10.6309 -17.0463
      vertex -5.13044 -10.4303 -17.0943
      vertex -5.10642 -10.4713 -17.0751
    endloop
  endfacet
  facet normal 0.0975221 0.468659 0.877979
    outer loop
      vertex -4.59856 -10.6309 -17.0463
      vertex -4.52702 -10.6012 -17.0701
      vertex -5.13044 -10.4303 -17.0943
    endloop
  endfacet
  facet normal 0.098059 0.470295 0.877044
    outer loop
      vertex -5.08353 -10.5102 -17.0568
      vertex -4.59856 -10.6309 -17.0463
      vertex -5.10642 -10.4713 -17.0751
    endloop
  endfacet
  facet normal 0.0971641 0.467635 0.878565
    outer loop
      vertex -4.72349 -10.6826 -17.0049
      vertex -4.66418 -10.6581 -17.0245
      vertex -5.06187 -10.5471 -17.0396
    endloop
  endfacet
  facet normal 0.0975652 0.468404 0.878111
    outer loop
      vertex -4.66418 -10.6581 -17.0245
      vertex -4.59856 -10.6309 -17.0463
      vertex -5.08353 -10.5102 -17.0568
    endloop
  endfacet
  facet normal 0.0977751 0.469092 0.87772
    outer loop
      vertex -5.1555 -10.3875 -17.1143
      vertex -4.52702 -10.6012 -17.0701
      vertex -4.4499 -10.569 -17.0959
    endloop
  endfacet
  facet normal 0.0975051 0.467925 0.878373
    outer loop
      vertex -4.72349 -10.6826 -17.0049
      vertex -5.04153 -10.5816 -17.0234
      vertex -5.02261 -10.6137 -17.0084
    endloop
  endfacet
  facet normal 0.0973282 0.467912 0.8784
    outer loop
      vertex -4.36757 -10.5345 -17.1234
      vertex -5.20835 -10.2971 -17.1567
      vertex -4.4499 -10.569 -17.0959
    endloop
  endfacet
  facet normal 0.0975546 0.468707 0.877951
    outer loop
      vertex -5.2642 -10.2014 -17.2016
      vertex -5.23595 -10.2498 -17.1789
      vertex -4.36757 -10.5345 -17.1234
    endloop
  endfacet
  facet normal 0.0979855 0.469953 0.877236
    outer loop
      vertex -4.72349 -10.6826 -17.0049
      vertex -5.02261 -10.6137 -17.0084
      vertex -4.77615 -10.7041 -16.9875
    endloop
  endfacet
  facet normal 0.0978919 0.469728 0.877367
    outer loop
      vertex -4.77615 -10.7041 -16.9875
      vertex -5.02261 -10.6137 -17.0084
      vertex -5.00522 -10.6431 -16.9946
    endloop
  endfacet
  facet normal 0.0974833 0.468526 0.878055
    outer loop
      vertex -5.29301 -10.1519 -17.2248
      vertex -4.28038 -10.4979 -17.1526
      vertex -4.84159 -9.21733 -17.7736
    endloop
  endfacet
  facet normal 0.0975716 0.468599 0.878006
    outer loop
      vertex -5.00522 -10.6431 -16.9946
      vertex -4.8218 -10.7227 -16.9725
      vertex -4.77615 -10.7041 -16.9875
    endloop
  endfacet
  facet normal 0.0973725 0.468572 0.878042
    outer loop
      vertex -4.90077 -9.23314 -17.7586
      vertex -5.29301 -10.1519 -17.2248
      vertex -4.84159 -9.21733 -17.7736
    endloop
  endfacet
  facet normal 0.0959479 0.465382 0.879894
    outer loop
      vertex -4.8218 -10.7227 -16.9725
      vertex -5.00522 -10.6431 -16.9946
      vertex -4.98943 -10.6698 -16.9822
    endloop
  endfacet
  facet normal 0.096377 0.468946 0.877953
    outer loop
      vertex -5.29301 -10.1519 -17.2248
      vertex -4.90077 -9.23314 -17.7586
      vertex -4.95964 -9.25006 -17.7431
    endloop
  endfacet
  facet normal 0.0978695 0.468451 0.878052
    outer loop
      vertex -5.34105 -10.0697 -17.2633
      vertex -5.29301 -10.1519 -17.2248
      vertex -4.95964 -9.25006 -17.7431
    endloop
  endfacet
  facet normal 0.0982677 0.471255 0.876506
    outer loop
      vertex -4.96309 -10.7141 -16.9614
      vertex -4.86007 -10.738 -16.9601
      vertex -4.97536 -10.6935 -16.9711
    endloop
  endfacet
  facet normal 0.0987437 0.468097 0.878143
    outer loop
      vertex -5.34105 -10.0697 -17.2633
      vertex -4.95964 -9.25006 -17.7431
      vertex -5.01819 -9.2681 -17.7269
    endloop
  endfacet
  facet normal 0.0976342 0.468493 0.878055
    outer loop
      vertex -5.07644 -9.28726 -17.7102
      vertex -5.34105 -10.0697 -17.2633
      vertex -5.01819 -9.2681 -17.7269
    endloop
  endfacet
  facet normal 0.0959223 0.464582 0.880319
    outer loop
      vertex -4.8906 -10.7501 -16.9503
      vertex -4.96309 -10.7141 -16.9614
      vertex -4.95272 -10.7314 -16.9534
    endloop
  endfacet
  facet normal 0.0974374 0.469182 0.877709
    outer loop
      vertex -4.94434 -10.7453 -16.9469
      vertex -4.8906 -10.7501 -16.9503
      vertex -4.95272 -10.7314 -16.9534
    endloop
  endfacet
  facet normal 0.094596 0.467241 0.879055
    outer loop
      vertex -4.93807 -10.7556 -16.9421
      vertex -4.91303 -10.7586 -16.9432
      vertex -4.94434 -10.7453 -16.9469
    endloop
  endfacet
  facet normal 0.103585 0.480634 0.870782
    outer loop
      vertex -4.93397 -10.7621 -16.939
      vertex -4.92701 -10.7636 -16.939
      vertex -4.93807 -10.7556 -16.9421
    endloop
  endfacet
  facet normal 0.0987955 0.458411 0.883232
    outer loop
      vertex -4.93397 -10.7621 -16.939
      vertex -4.93217 -10.7648 -16.9378
      vertex -4.92701 -10.7636 -16.939
    endloop
  endfacet
  facet normal 0.0949668 0.471109 0.876948
    outer loop
      vertex -4.93807 -10.7556 -16.9421
      vertex -4.92701 -10.7636 -16.939
      vertex -4.91303 -10.7586 -16.9432
    endloop
  endfacet
  facet normal 0.0976724 0.473461 0.875382
    outer loop
      vertex -4.94434 -10.7453 -16.9469
      vertex -4.91303 -10.7586 -16.9432
      vertex -4.8906 -10.7501 -16.9503
    endloop
  endfacet
  facet normal 0.097187 0.466734 0.879041
    outer loop
      vertex -4.8906 -10.7501 -16.9503
      vertex -4.86007 -10.738 -16.9601
      vertex -4.96309 -10.7141 -16.9614
    endloop
  endfacet
  facet normal 0.0969132 0.468715 0.878017
    outer loop
      vertex -5.07644 -9.28726 -17.7102
      vertex -5.3845 -9.99534 -17.2982
      vertex -5.34105 -10.0697 -17.2633
    endloop
  endfacet
  facet normal 0.0965831 0.468841 0.877986
    outer loop
      vertex -5.07644 -9.28726 -17.7102
      vertex -5.1344 -9.30753 -17.693
      vertex -5.3845 -9.99534 -17.2982
    endloop
  endfacet
  facet normal 0.0980364 0.468366 0.878079
    outer loop
      vertex -5.3845 -9.99534 -17.2982
      vertex -5.1344 -9.30753 -17.693
      vertex -5.42359 -9.92829 -17.3296
    endloop
  endfacet
  facet normal 0.0972594 0.46868 0.877997
    outer loop
      vertex -5.42359 -9.92829 -17.3296
      vertex -5.1344 -9.30753 -17.693
      vertex -5.19206 -9.32891 -17.6752
    endloop
  endfacet
  facet normal 0.0978419 0.468479 0.87804
    outer loop
      vertex -5.24945 -9.35141 -17.6568
      vertex -5.42359 -9.92829 -17.3296
      vertex -5.19206 -9.32891 -17.6752
    endloop
  endfacet
  facet normal 0.0971458 0.468674 0.878013
    outer loop
      vertex -5.24945 -9.35141 -17.6568
      vertex -5.45852 -9.86822 -17.3578
      vertex -5.42359 -9.92829 -17.3296
    endloop
  endfacet
  facet normal 0.097089 0.468695 0.878009
    outer loop
      vertex -5.24945 -9.35141 -17.6568
      vertex -5.26482 -9.35778 -17.6517
      vertex -5.45852 -9.86822 -17.3578
    endloop
  endfacet
  facet normal 0.100289 0.467607 0.878229
    outer loop
      vertex -5.45852 -9.86822 -17.3578
      vertex -5.26482 -9.35778 -17.6517
      vertex -5.28176 -9.36504 -17.6459
    endloop
  endfacet
  facet normal 0.0961315 0.46893 0.877988
    outer loop
      vertex -5.30008 -9.37308 -17.6396
      vertex -5.45852 -9.86822 -17.3578
      vertex -5.28176 -9.36504 -17.6459
    endloop
  endfacet
  facet normal 0.0963676 0.468861 0.877999
    outer loop
      vertex -5.30008 -9.37308 -17.6396
      vertex -5.31956 -9.38181 -17.6328
      vertex -5.45852 -9.86822 -17.3578
    endloop
  endfacet
  facet normal 0.0975637 0.468541 0.878038
    outer loop
      vertex -5.45852 -9.86822 -17.3578
      vertex -5.31956 -9.38181 -17.6328
      vertex -5.48951 -9.81473 -17.3829
    endloop
  endfacet
  facet normal 0.100429 0.467538 0.878249
    outer loop
      vertex -5.48951 -9.81473 -17.3829
      vertex -5.31956 -9.38181 -17.6328
      vertex -5.34001 -9.39113 -17.6255
    endloop
  endfacet
  facet normal 0.0980499 0.4683 0.878113
    outer loop
      vertex -5.36122 -9.40094 -17.6179
      vertex -5.48951 -9.81473 -17.3829
      vertex -5.34001 -9.39113 -17.6255
    endloop
  endfacet
  facet normal 0.0978403 0.468472 0.878044
    outer loop
      vertex -5.383 -9.41114 -17.6101
      vertex -5.51676 -9.76743 -17.4051
      vertex -5.48951 -9.81473 -17.3829
    endloop
  endfacet
  facet normal 0.0996504 0.467862 0.878165
    outer loop
      vertex -5.383 -9.41114 -17.6101
      vertex -5.40513 -9.42163 -17.602
      vertex -5.51676 -9.76743 -17.4051
    endloop
  endfacet
  facet normal 0.0984402 0.468222 0.87811
    outer loop
      vertex -5.51676 -9.76743 -17.4051
      vertex -5.40513 -9.42163 -17.602
      vertex -5.42743 -9.43232 -17.5938
    endloop
  endfacet
  facet normal 0.0978768 0.468364 0.878097
    outer loop
      vertex -5.5405 -9.72591 -17.4246
      vertex -5.51676 -9.76743 -17.4051
      vertex -5.42743 -9.43232 -17.5938
    endloop
  endfacet
  facet normal 0.0963566 0.468886 0.877987
    outer loop
      vertex -5.44969 -9.4431 -17.5856
      vertex -5.5405 -9.72591 -17.4246
      vertex -5.42743 -9.43232 -17.5938
    endloop
  endfacet
  facet normal 0.0975402 0.468529 0.878047
    outer loop
      vertex -5.47169 -9.45388 -17.5774
      vertex -5.56092 -9.6898 -17.4416
      vertex -5.5405 -9.72591 -17.4246
    endloop
  endfacet
  facet normal 0.0980597 0.468353 0.878083
    outer loop
      vertex -5.47169 -9.45388 -17.5774
      vertex -5.49326 -9.46455 -17.5693
      vertex -5.56092 -9.6898 -17.4416
    endloop
  endfacet
  facet normal 0.096821 0.468698 0.878036
    outer loop
      vertex -5.56092 -9.6898 -17.4416
      vertex -5.49326 -9.46455 -17.5693
      vertex -5.51417 -9.47503 -17.5614
    endloop
  endfacet
  facet normal 0.0966218 0.468741 0.878035
    outer loop
      vertex -5.57826 -9.65869 -17.4563
      vertex -5.56092 -9.6898 -17.4416
      vertex -5.51417 -9.47503 -17.5614
    endloop
  endfacet
  facet normal 0.0989986 0.46831 0.878
    outer loop
      vertex -5.59271 -9.6322 -17.4688
      vertex -5.57826 -9.65869 -17.4563
      vertex -5.53424 -9.4852 -17.5538
    endloop
  endfacet
  facet normal 0.101656 0.467368 0.878199
    outer loop
      vertex -5.55325 -9.49497 -17.5464
      vertex -5.59271 -9.6322 -17.4688
      vertex -5.53424 -9.4852 -17.5538
    endloop
  endfacet
  facet normal 0.0964994 0.46876 0.878039
    outer loop
      vertex -5.55325 -9.49497 -17.5464
      vertex -5.60449 -9.60992 -17.4794
      vertex -5.59271 -9.6322 -17.4688
    endloop
  endfacet
  facet normal 0.0964425 0.468782 0.878033
    outer loop
      vertex -5.55325 -9.49497 -17.5464
      vertex -5.57101 -9.50424 -17.5395
      vertex -5.60449 -9.60992 -17.4794
    endloop
  endfacet
  facet normal 0.0947386 0.469698 0.877729
    outer loop
      vertex -5.57101 -9.50424 -17.5395
      vertex -5.58732 -9.51291 -17.5331
      vertex -5.61382 -9.59147 -17.4882
    endloop
  endfacet
  facet normal 0.0996903 0.468178 0.877993
    outer loop
      vertex -5.61382 -9.59147 -17.4882
      vertex -5.58732 -9.51291 -17.5331
      vertex -5.6209 -9.57646 -17.4954
    endloop
  endfacet
  facet normal 0.0981941 0.468855 0.8778
    outer loop
      vertex -5.6209 -9.57646 -17.4954
      vertex -5.58732 -9.51291 -17.5331
      vertex -5.60196 -9.52089 -17.5272
    endloop
  endfacet
  facet normal 0.0918031 0.470825 0.877437
    outer loop
      vertex -5.62595 -9.56448 -17.5013
      vertex -5.6209 -9.57646 -17.4954
      vertex -5.60196 -9.52089 -17.5272
    endloop
  endfacet
  facet normal 0.102813 0.465673 0.878964
    outer loop
      vertex -5.61475 -9.52807 -17.5219
      vertex -5.62595 -9.56448 -17.5013
      vertex -5.60196 -9.52089 -17.5272
    endloop
  endfacet
  facet normal 0.0931082 0.469366 0.878081
    outer loop
      vertex -5.62548 -9.53436 -17.5174
      vertex -5.62918 -9.55514 -17.5059
      vertex -5.61475 -9.52807 -17.5219
    endloop
  endfacet
  facet normal 0.096652 0.468716 0.878046
    outer loop
      vertex -5.62548 -9.53436 -17.5174
      vertex -5.63081 -9.54806 -17.5095
      vertex -5.62918 -9.55514 -17.5059
    endloop
  endfacet
  facet normal 0.0835807 0.47319 0.876986
    outer loop
      vertex -5.62548 -9.53436 -17.5174
      vertex -5.63104 -9.54283 -17.5123
      vertex -5.63081 -9.54806 -17.5095
    endloop
  endfacet
  facet normal -0.0926177 -0.470611 -0.877466
    outer loop
      vertex 1.59355 -8.37816 -20.0751
      vertex 1.58859 -8.38054 -20.0733
      vertex 1.60289 -8.36098 -20.0853
    endloop
  endfacet
  facet normal -0.090913 -0.470043 -0.877949
    outer loop
      vertex 1.583 -8.38319 -20.0712
      vertex 1.5768 -8.3861 -20.069
      vertex 1.58791 -8.33539 -20.0973
    endloop
  endfacet
  facet normal -0.0945737 -0.46926 -0.877981
    outer loop
      vertex 1.58791 -8.33539 -20.0973
      vertex 1.5768 -8.3861 -20.069
      vertex 1.57005 -8.38923 -20.0666
    endloop
  endfacet
  facet normal -0.0986977 -0.468169 -0.87811
    outer loop
      vertex 1.58791 -8.33539 -20.0973
      vertex 1.55499 -8.39616 -20.0612
      vertex 1.56426 -8.29533 -20.116
    endloop
  endfacet
  facet normal -0.0984993 -0.468185 -0.878123
    outer loop
      vertex 1.53809 -8.40386 -20.0552
      vertex 1.52905 -8.40796 -20.052
      vertex 1.56426 -8.29533 -20.116
    endloop
  endfacet
  facet normal -0.0957841 -0.468987 -0.877996
    outer loop
      vertex 1.51964 -8.41221 -20.0487
      vertex 1.50992 -8.41659 -20.0453
      vertex 1.56426 -8.29533 -20.116
    endloop
  endfacet
  facet normal -0.0981206 -0.468343 -0.878082
    outer loop
      vertex 1.48965 -8.42569 -20.0382
      vertex 1.53301 -8.2426 -20.1407
      vertex 1.49991 -8.42109 -20.0418
    endloop
  endfacet
  facet normal -0.0982071 -0.468466 -0.878006
    outer loop
      vertex 1.4425 -8.44647 -20.0218
      vertex 1.49525 -8.17902 -20.1704
      vertex 1.53301 -8.2426 -20.1407
    endloop
  endfacet
  facet normal -0.0990617 -0.468175 -0.878065
    outer loop
      vertex 1.45205 -8.10639 -20.2044
      vertex 1.37729 -8.47505 -19.9994
      vertex 1.33485 -8.49364 -19.9847
    endloop
  endfacet
  facet normal -0.0975017 -0.468566 -0.878031
    outer loop
      vertex -2.2088 -7.50335 -20.1196
      vertex -1.04802 -7.89986 -20.0369
      vertex -2.21227 -7.61506 -20.0596
    endloop
  endfacet
  facet normal -0.0980169 -0.468376 -0.878075
    outer loop
      vertex 1.40449 -8.02651 -20.2417
      vertex 1.45205 -8.10639 -20.2044
      vertex 1.28631 -8.51489 -19.968
    endloop
  endfacet
  facet normal -0.0974068 -0.468032 -0.878327
    outer loop
      vertex -0.928505 -7.70675 -20.1532
      vertex -0.96623 -7.7719 -20.1143
      vertex -2.2088 -7.50335 -20.1196
    endloop
  endfacet
  facet normal -0.0972766 -0.468612 -0.878032
    outer loop
      vertex 1.17231 -8.56478 -19.9287
      vertex 1.10755 -8.59312 -19.9064
      vertex 1.35365 -7.9412 -20.2816
    endloop
  endfacet
  facet normal -0.097489 -0.468551 -0.878041
    outer loop
      vertex -0.89293 -7.6409 -20.1923
      vertex -2.2088 -7.50335 -20.1196
      vertex -0.859533 -7.57439 -20.2315
    endloop
  endfacet
  facet normal -0.0973298 -0.468106 -0.878296
    outer loop
      vertex 1.1391 -7.58171 -20.4496
      vertex 0.38203 -7.34587 -20.4914
      vertex 0.425931 -7.32479 -20.5075
    endloop
  endfacet
  facet normal -0.0976041 -0.467994 -0.878325
    outer loop
      vertex -2.2088 -7.50335 -20.1196
      vertex -0.772689 -7.37139 -20.3495
      vertex -0.799385 -7.43958 -20.3102
    endloop
  endfacet
  facet normal -0.0975653 -0.46888 -0.877857
    outer loop
      vertex 1.1391 -7.58171 -20.4496
      vertex 0.295578 -7.3899 -20.4583
      vertex 0.338573 -7.36758 -20.475
    endloop
  endfacet
  facet normal -0.0974591 -0.468324 -0.878166
    outer loop
      vertex 1.19226 -7.6707 -20.408
      vertex 0.211057 -7.43632 -20.4241
      vertex 0.253066 -7.41281 -20.4413
    endloop
  endfacet
  facet normal -0.0974056 -0.468277 -0.878196
    outer loop
      vertex 1.24646 -7.76149 -20.3656
      vertex 0.16957 -7.46041 -20.4067
      vertex 1.19226 -7.6707 -20.408
    endloop
  endfacet
  facet normal -0.0972055 -0.467301 -0.878738
    outer loop
      vertex 0.16957 -7.46041 -20.4067
      vertex 0.211057 -7.43632 -20.4241
      vertex 1.19226 -7.6707 -20.408
    endloop
  endfacet
  facet normal -0.0978275 -0.469573 -0.877457
    outer loop
      vertex 1.19226 -7.6707 -20.408
      vertex 0.253066 -7.41281 -20.4413
      vertex 0.295578 -7.3899 -20.4583
    endloop
  endfacet
  facet normal -0.0980195 -0.470315 -0.877038
    outer loop
      vertex 1.24646 -7.76149 -20.3656
      vertex 0.128626 -7.48507 -20.3889
      vertex 0.16957 -7.46041 -20.4067
    endloop
  endfacet
  facet normal -0.0975182 -0.468678 -0.87797
    outer loop
      vertex 1.19226 -7.6707 -20.408
      vertex 0.295578 -7.3899 -20.4583
      vertex 1.1391 -7.58171 -20.4496
    endloop
  endfacet
  facet normal -0.0974178 -0.468363 -0.878149
    outer loop
      vertex 0.338573 -7.36758 -20.475
      vertex 0.38203 -7.34587 -20.4914
      vertex 1.1391 -7.58171 -20.4496
    endloop
  endfacet
  facet normal -0.0977365 -0.468503 -0.878039
    outer loop
      vertex 0.96423 -8.6558 -19.857
      vertex 1.24646 -7.76149 -20.3656
      vertex 1.30061 -7.85225 -20.3232
    endloop
  endfacet
  facet normal -0.0974943 -0.46851 -0.878062
    outer loop
      vertex 0.425931 -7.32479 -20.5075
      vertex 1.08806 -7.49631 -20.4895
      vertex 1.1391 -7.58171 -20.4496
    endloop
  endfacet
  facet normal -0.0975405 -0.468239 -0.878202
    outer loop
      vertex -2.77921 -2.37327 -22.7938
      vertex -2.77641 -2.26751 -22.8505
      vertex -1.72241 -2.38298 -22.906
    endloop
  endfacet
  facet normal -0.0970313 -0.468676 -0.878025
    outer loop
      vertex 1.03807 -8.62351 -19.8825
      vertex 1.30061 -7.85225 -20.3232
      vertex 1.10755 -8.59312 -19.9064
    endloop
  endfacet
  facet normal -0.0975672 -0.468898 -0.877847
    outer loop
      vertex -2.77921 -2.37327 -22.7938
      vertex -1.72748 -2.54381 -22.8196
      vertex -2.78224 -2.48553 -22.7335
    endloop
  endfacet
  facet normal -0.0973336 -0.467925 -0.878392
    outer loop
      vertex 1.08806 -7.49631 -20.4895
      vertex 0.425931 -7.32479 -20.5075
      vertex 0.470255 -7.30435 -20.5233
    endloop
  endfacet
  facet normal -0.0972541 -0.468618 -0.878031
    outer loop
      vertex 1.17231 -8.56478 -19.9287
      vertex 1.35365 -7.9412 -20.2816
      vertex 1.40449 -8.02651 -20.2417
    endloop
  endfacet
  facet normal -0.0979541 -0.469739 -0.877354
    outer loop
      vertex 0.470255 -7.30435 -20.5233
      vertex 0.514982 -7.28454 -20.5389
      vertex 1.08806 -7.49631 -20.4895
    endloop
  endfacet
  facet normal -0.0980128 -0.468331 -0.8781
    outer loop
      vertex 1.17231 -8.56478 -19.9287
      vertex 1.40449 -8.02651 -20.2417
      vertex 1.23201 -8.53865 -19.9493
    endloop
  endfacet
  facet normal -0.0975433 -0.46876 -0.877923
    outer loop
      vertex 1.04022 -7.41631 -20.5269
      vertex 1.08806 -7.49631 -20.4895
      vertex 0.514982 -7.28454 -20.5389
    endloop
  endfacet
  facet normal -0.0973789 -0.468526 -0.878067
    outer loop
      vertex 1.40449 -8.02651 -20.2417
      vertex 1.28631 -8.51489 -19.968
      vertex 1.23201 -8.53865 -19.9493
    endloop
  endfacet
  facet normal -0.096832 -0.468802 -0.87798
    outer loop
      vertex 1.45205 -8.10639 -20.2044
      vertex 1.33485 -8.49364 -19.9847
      vertex 1.28631 -8.51489 -19.968
    endloop
  endfacet
  facet normal -0.0973574 -0.468055 -0.87832
    outer loop
      vertex 0.560093 -7.2654 -20.5541
      vertex 1.04022 -7.41631 -20.5269
      vertex 0.514982 -7.28454 -20.5389
    endloop
  endfacet
  facet normal -0.0974391 -0.468291 -0.878185
    outer loop
      vertex 0.605567 -7.24692 -20.569
      vertex 1.04022 -7.41631 -20.5269
      vertex 0.560093 -7.2654 -20.5541
    endloop
  endfacet
  facet normal -0.0975375 -0.468511 -0.878057
    outer loop
      vertex 0.996657 -7.34352 -20.5609
      vertex 1.04022 -7.41631 -20.5269
      vertex 0.605567 -7.24692 -20.569
    endloop
  endfacet
  facet normal -0.0975817 -0.468682 -0.877961
    outer loop
      vertex 0.996657 -7.34352 -20.5609
      vertex 0.605567 -7.24692 -20.569
      vertex 0.651385 -7.22911 -20.5836
    endloop
  endfacet
  facet normal -0.0978707 -0.469465 -0.87751
    outer loop
      vertex 0.996657 -7.34352 -20.5609
      vertex 0.651385 -7.22911 -20.5836
      vertex 0.697526 -7.212 -20.5979
    endloop
  endfacet
  facet normal -0.0974663 -0.468676 -0.877976
    outer loop
      vertex 0.996657 -7.34352 -20.5609
      vertex 0.697526 -7.212 -20.5979
      vertex 0.958451 -7.27975 -20.5907
    endloop
  endfacet
  facet normal -0.0968827 -0.466556 -0.87917
    outer loop
      vertex 0.697526 -7.212 -20.5979
      vertex 0.71222 -7.20676 -20.6023
      vertex 0.958451 -7.27975 -20.5907
    endloop
  endfacet
  facet normal -0.0972286 -0.467544 -0.878606
    outer loop
      vertex 0.958451 -7.27975 -20.5907
      vertex 0.726619 -7.20166 -20.6066
      vertex 0.740673 -7.19669 -20.6108
    endloop
  endfacet
  facet normal -0.0975433 -0.468551 -0.878035
    outer loop
      vertex -1.76177 -3.63719 -22.2323
      vertex -2.81169 -3.56291 -22.1553
      vertex -2.78224 -2.48553 -22.7335
    endloop
  endfacet
  facet normal -0.0983631 -0.470151 -0.877087
    outer loop
      vertex 0.958451 -7.27975 -20.5907
      vertex 0.740673 -7.19669 -20.6108
      vertex 0.754337 -7.1919 -20.6149
    endloop
  endfacet
  facet normal -0.0970413 -0.467046 -0.878892
    outer loop
      vertex 0.71222 -7.20676 -20.6023
      vertex 0.726619 -7.20166 -20.6066
      vertex 0.958451 -7.27975 -20.5907
    endloop
  endfacet
  facet normal -0.0975634 -0.468564 -0.878026
    outer loop
      vertex -1.72748 -2.54381 -22.8196
      vertex -1.76177 -3.63719 -22.2323
      vertex -2.78224 -2.48553 -22.7335
    endloop
  endfacet
  facet normal -0.0964293 -0.466285 -0.879363
    outer loop
      vertex 0.754337 -7.1919 -20.6149
      vertex 0.767562 -7.18728 -20.6188
      vertex 0.958451 -7.27975 -20.5907
    endloop
  endfacet
  facet normal -0.0975164 -0.468186 -0.878233
    outer loop
      vertex 0.767562 -7.18728 -20.6188
      vertex 0.926681 -7.2268 -20.6154
      vertex 0.958451 -7.27975 -20.5907
    endloop
  endfacet
  facet normal -0.0974456 -0.468411 -0.878121
    outer loop
      vertex 0.7803 -7.18285 -20.6226
      vertex 0.792504 -7.17864 -20.6262
      vertex 0.926681 -7.2268 -20.6154
    endloop
  endfacet
  facet normal -0.0975268 -0.468522 -0.878052
    outer loop
      vertex -0.460491 -3.72924 -22.3277
      vertex 0.608763 -3.18681 -22.7359
      vertex 0.553624 -4.94485 -21.7917
    endloop
  endfacet
  facet normal -0.0971239 -0.467572 -0.878603
    outer loop
      vertex 0.926681 -7.2268 -20.6154
      vertex 0.804126 -7.17466 -20.6296
      vertex 0.815117 -7.17093 -20.6328
    endloop
  endfacet
  facet normal -0.0985326 -0.472553 -0.875777
    outer loop
      vertex 0.835019 -7.16427 -20.6386
      vertex 0.902428 -7.18648 -20.6342
      vertex 0.825431 -7.16746 -20.6358
    endloop
  endfacet
  facet normal -0.0963542 -0.466619 -0.879195
    outer loop
      vertex 0.843835 -7.16138 -20.6411
      vertex 0.902428 -7.18648 -20.6342
      vertex 0.835019 -7.16427 -20.6386
    endloop
  endfacet
  facet normal -0.0993733 -0.472682 -0.875612
    outer loop
      vertex 0.851829 -7.1588 -20.6434
      vertex 0.902428 -7.18648 -20.6342
      vertex 0.843835 -7.16138 -20.6411
    endloop
  endfacet
  facet normal -0.0965943 -0.469561 -0.8776
    outer loop
      vertex 0.858954 -7.15655 -20.6454
      vertex 0.865163 -7.15465 -20.6471
      vertex 0.88677 -7.16059 -20.6463
    endloop
  endfacet
  facet normal -0.0988067 -0.473547 -0.875209
    outer loop
      vertex 0.88677 -7.16059 -20.6463
      vertex 0.870408 -7.15311 -20.6485
      vertex 0.87464 -7.15196 -20.6496
    endloop
  endfacet
  facet normal -0.133504 -0.300574 -0.944368
    outer loop
      vertex 0.879877 -7.15086 -20.6507
      vertex 0.880787 -7.15095 -20.6508
      vertex 0.877813 -7.1512 -20.6503
    endloop
  endfacet
  facet normal -0.107036 -0.474332 -0.873815
    outer loop
      vertex 0.880787 -7.15095 -20.6508
      vertex 0.88677 -7.16059 -20.6463
      vertex 0.877813 -7.1512 -20.6503
    endloop
  endfacet
  facet normal -0.0975075 -0.46855 -0.87804
    outer loop
      vertex -0.460491 -3.72924 -22.3277
      vertex -0.429239 -2.59432 -22.9368
      vertex 0.608763 -3.18681 -22.7359
    endloop
  endfacet
  facet normal -0.0853938 -0.458316 -0.884678
    outer loop
      vertex 0.88677 -7.16059 -20.6463
      vertex 0.87464 -7.15196 -20.6496
      vertex 0.877813 -7.1512 -20.6503
    endloop
  endfacet
  facet normal -0.0965089 -0.469273 -0.877764
    outer loop
      vertex 0.865163 -7.15465 -20.6471
      vertex 0.870408 -7.15311 -20.6485
      vertex 0.88677 -7.16059 -20.6463
    endloop
  endfacet
  facet normal -0.0964878 -0.468726 -0.878058
    outer loop
      vertex 0.858954 -7.15655 -20.6454
      vertex 0.88677 -7.16059 -20.6463
      vertex 0.902428 -7.18648 -20.6342
    endloop
  endfacet
  facet normal -0.097733 -0.47019 -0.877137
    outer loop
      vertex 0.858954 -7.15655 -20.6454
      vertex 0.902428 -7.18648 -20.6342
      vertex 0.851829 -7.1588 -20.6434
    endloop
  endfacet
  facet normal -0.0975851 -0.468891 -0.877849
    outer loop
      vertex 0.902428 -7.18648 -20.6342
      vertex 0.815117 -7.17093 -20.6328
      vertex 0.825431 -7.16746 -20.6358
    endloop
  endfacet
  facet normal -0.0974564 -0.468131 -0.878268
    outer loop
      vertex 0.926681 -7.2268 -20.6154
      vertex 0.815117 -7.17093 -20.6328
      vertex 0.902428 -7.18648 -20.6342
    endloop
  endfacet
  facet normal -0.0975872 -0.468666 -0.877969
    outer loop
      vertex 0.608763 -3.18681 -22.7359
      vertex -0.429239 -2.59432 -22.9368
      vertex 0.616629 -2.93536 -22.871
    endloop
  endfacet
  facet normal -0.0970203 -0.467362 -0.878726
    outer loop
      vertex 0.792504 -7.17864 -20.6262
      vertex 0.804126 -7.17466 -20.6296
      vertex 0.926681 -7.2268 -20.6154
    endloop
  endfacet
  facet normal -0.0980709 -0.470315 -0.877032
    outer loop
      vertex 0.7803 -7.18285 -20.6226
      vertex 0.926681 -7.2268 -20.6154
      vertex 0.767562 -7.18728 -20.6188
    endloop
  endfacet
  facet normal -0.0975551 -0.468291 -0.878172
    outer loop
      vertex -0.429239 -2.59432 -22.9368
      vertex 0.630038 -2.50032 -23.1046
      vertex 0.623715 -2.70697 -22.9937
    endloop
  endfacet
  facet normal -0.101475 -0.467194 -0.878312
    outer loop
      vertex 1.4425 -8.44647 -20.0218
      vertex 1.53301 -8.2426 -20.1407
      vertex 1.46458 -8.43679 -20.0295
    endloop
  endfacet
  facet normal -0.0975217 -0.468536 -0.878045
    outer loop
      vertex -1.71338 -2.10471 -23.0555
      vertex -2.76935 -1.98799 -23.0005
      vertex -1.70931 -1.98562 -23.1195
    endloop
  endfacet
  facet normal -0.102081 -0.466602 -0.878557
    outer loop
      vertex 1.56277 -8.39259 -20.064
      vertex 1.55499 -8.39616 -20.0612
      vertex 1.58791 -8.33539 -20.0973
    endloop
  endfacet
  facet normal -0.0993155 -0.470112 -0.877001
    outer loop
      vertex -2.5346 0.24921 -24.2204
      vertex -2.5056 0.228719 -24.2127
      vertex -2.42829 0.1581 -24.1836
    endloop
  endfacet
  facet normal -0.0964458 -0.468314 -0.878283
    outer loop
      vertex 1.60289 -8.36098 -20.0853
      vertex 1.58859 -8.38054 -20.0733
      vertex 1.58791 -8.33539 -20.0973
    endloop
  endfacet
  facet normal -0.0977713 -0.468448 -0.878065
    outer loop
      vertex -2.90734 0.385188 -24.2515
      vertex -2.87902 0.380027 -24.2519
      vertex -3.17433 -0.753277 -23.6144
    endloop
  endfacet
  facet normal -0.0895861 -0.47225 -0.876901
    outer loop
      vertex 1.60144 -8.37426 -20.078
      vertex 1.60289 -8.36098 -20.0853
      vertex 1.6043 -8.37276 -20.0791
    endloop
  endfacet
  facet normal -0.0994431 -0.467992 -0.87812
    outer loop
      vertex -2.82791 0.368726 -24.2516
      vertex -3.17433 -0.753277 -23.6144
      vertex -2.85274 0.374565 -24.2519
    endloop
  endfacet
  facet normal -0.113954 -0.473359 -0.873467
    outer loop
      vertex 1.60289 -8.36098 -20.0853
      vertex 1.60638 -8.3716 -20.08
      vertex 1.6043 -8.37276 -20.0791
    endloop
  endfacet
  facet normal -0.0974934 -0.46855 -0.878041
    outer loop
      vertex -2.82791 0.368726 -24.2516
      vertex -2.80398 0.362435 -24.2509
      vertex -3.17433 -0.753277 -23.6144
    endloop
  endfacet
  facet normal -0.121027 -0.4511 -0.884229
    outer loop
      vertex 1.60811 -8.3703 -20.0809
      vertex 1.60767 -8.37077 -20.0806
      vertex 1.60638 -8.3716 -20.08
    endloop
  endfacet
  facet normal -0.0979113 -0.468427 -0.87806
    outer loop
      vertex -2.75653 0.348194 -24.2486
      vertex -3.17433 -0.753277 -23.6144
      vertex -2.78038 0.355616 -24.2499
    endloop
  endfacet
  facet normal -0.102051 -0.470855 -0.876288
    outer loop
      vertex 1.60811 -8.3703 -20.0809
      vertex 1.60638 -8.3716 -20.08
      vertex 1.60289 -8.36098 -20.0853
    endloop
  endfacet
  facet normal -0.097015 -0.468731 -0.877998
    outer loop
      vertex -2.75653 0.348194 -24.2486
      vertex -2.73187 0.340093 -24.247
      vertex -3.17433 -0.753277 -23.6144
    endloop
  endfacet
  facet normal -0.0802718 -0.473417 -0.877173
    outer loop
      vertex 1.59785 -8.37606 -20.0767
      vertex 1.60289 -8.36098 -20.0853
      vertex 1.60144 -8.37426 -20.078
    endloop
  endfacet
  facet normal -0.0977179 -0.468527 -0.878028
    outer loop
      vertex -2.66795 0.317375 -24.2419
      vertex -2.34622 0.0405712 -24.13
      vertex -2.32916 0.00665402 -24.1138
    endloop
  endfacet
  facet normal -0.0982152 -0.468027 -0.878239
    outer loop
      vertex 1.59355 -8.37816 -20.0751
      vertex 1.60289 -8.36098 -20.0853
      vertex 1.59785 -8.37606 -20.0767
    endloop
  endfacet
  facet normal -0.0953682 -0.466359 -0.879439
    outer loop
      vertex -2.56529 0.268266 -24.2271
      vertex -2.40561 0.13133 -24.1718
      vertex -2.3844 0.102855 -24.159
    endloop
  endfacet
  facet normal -0.10772 -0.467903 -0.87719
    outer loop
      vertex 1.58859 -8.38054 -20.0733
      vertex 1.583 -8.38319 -20.0712
      vertex 1.58791 -8.33539 -20.0973
    endloop
  endfacet
  facet normal -0.0968243 -0.468191 -0.878306
    outer loop
      vertex -2.47824 0.20674 -24.204
      vertex -2.45249 0.183218 -24.1943
      vertex -2.5056 0.228719 -24.2127
    endloop
  endfacet
  facet normal -0.0974355 -0.468395 -0.87813
    outer loop
      vertex 1.56277 -8.39259 -20.064
      vertex 1.58791 -8.33539 -20.0973
      vertex 1.57005 -8.38923 -20.0666
    endloop
  endfacet
  facet normal -0.093333 -0.464962 -0.880397
    outer loop
      vertex -2.5056 0.228719 -24.2127
      vertex -2.45249 0.183218 -24.1943
      vertex -2.42829 0.1581 -24.1836
    endloop
  endfacet
  facet normal -0.0952867 -0.468571 -0.878272
    outer loop
      vertex 1.55499 -8.39616 -20.0612
      vertex 1.54675 -8.39992 -20.0583
      vertex 1.56426 -8.29533 -20.116
    endloop
  endfacet
  facet normal -0.101085 -0.471741 -0.875924
    outer loop
      vertex -2.40561 0.13133 -24.1718
      vertex -2.5346 0.24921 -24.2204
      vertex -2.42829 0.1581 -24.1836
    endloop
  endfacet
  facet normal -0.101685 -0.467437 -0.878159
    outer loop
      vertex 1.54675 -8.39992 -20.0583
      vertex 1.53809 -8.40386 -20.0552
      vertex 1.56426 -8.29533 -20.116
    endloop
  endfacet
  facet normal -0.0926546 -0.46402 -0.880966
    outer loop
      vertex -2.56529 0.268266 -24.2271
      vertex -2.3844 0.102855 -24.159
      vertex -2.59772 0.285943 -24.233
    endloop
  endfacet
  facet normal -0.0961545 -0.468861 -0.878022
    outer loop
      vertex 1.56426 -8.29533 -20.116
      vertex 1.52905 -8.40796 -20.052
      vertex 1.51964 -8.41221 -20.0487
    endloop
  endfacet
  facet normal -0.100932 -0.471653 -0.875989
    outer loop
      vertex -2.59772 0.285943 -24.233
      vertex -2.3844 0.102855 -24.159
      vertex -2.36462 0.0726203 -24.145
    endloop
  endfacet
  facet normal -0.0962576 -0.468802 -0.878043
    outer loop
      vertex 1.49991 -8.42109 -20.0418
      vertex 1.56426 -8.29533 -20.116
      vertex 1.50992 -8.41659 -20.0453
    endloop
  endfacet
  facet normal -0.0990792 -0.470067 -0.877052
    outer loop
      vertex -2.63192 0.302294 -24.2379
      vertex -2.59772 0.285943 -24.233
      vertex -2.36462 0.0726203 -24.145
    endloop
  endfacet
  facet normal -0.0966797 -0.468617 -0.878095
    outer loop
      vertex 1.53301 -8.2426 -20.1407
      vertex 1.56426 -8.29533 -20.116
      vertex 1.49991 -8.42109 -20.0418
    endloop
  endfacet
  facet normal -0.0993859 -0.470059 -0.877022
    outer loop
      vertex -2.34622 0.0405712 -24.13
      vertex -2.66795 0.317375 -24.2419
      vertex -2.63192 0.302294 -24.2379
    endloop
  endfacet
  facet normal -0.100193 -0.467864 -0.878103
    outer loop
      vertex 1.47917 -8.43039 -20.0345
      vertex 1.53301 -8.2426 -20.1407
      vertex 1.48965 -8.42569 -20.0382
    endloop
  endfacet
  facet normal -0.0970143 -0.467925 -0.878427
    outer loop
      vertex -2.66795 0.317375 -24.2419
      vertex -2.32916 0.00665402 -24.1138
      vertex -2.70584 0.331238 -24.2451
    endloop
  endfacet
  facet normal -0.0950297 -0.46925 -0.877937
    outer loop
      vertex 1.46458 -8.43679 -20.0295
      vertex 1.53301 -8.2426 -20.1407
      vertex 1.47917 -8.43039 -20.0345
    endloop
  endfacet
  facet normal -0.0986165 -0.469394 -0.877464
    outer loop
      vertex -2.70584 0.331238 -24.2451
      vertex -2.32916 0.00665402 -24.1138
      vertex -2.31339 -0.0291859 -24.0964
    endloop
  endfacet
  facet normal -0.0948498 -0.469135 -0.878018
    outer loop
      vertex 1.4425 -8.44647 -20.0218
      vertex 1.41329 -8.45928 -20.0118
      vertex 1.49525 -8.17902 -20.1704
    endloop
  endfacet
  facet normal -0.0974457 -0.468579 -0.878031
    outer loop
      vertex -3.12679 -0.769525 -23.611
      vertex -2.73187 0.340093 -24.247
      vertex -2.29887 -0.0670029 -24.0778
    endloop
  endfacet
  facet normal -0.0972351 -0.468486 -0.878104
    outer loop
      vertex 1.41329 -8.45928 -20.0118
      vertex 1.37729 -8.47505 -19.9994
      vertex 1.49525 -8.17902 -20.1704
    endloop
  endfacet
  facet normal -0.0972892 -0.468724 -0.877971
    outer loop
      vertex -2.28557 -0.106851 -24.058
      vertex -3.12679 -0.769525 -23.611
      vertex -2.29887 -0.0670029 -24.0778
    endloop
  endfacet
  facet normal -0.0968163 -0.468634 -0.878071
    outer loop
      vertex 1.37729 -8.47505 -19.9994
      vertex 1.45205 -8.10639 -20.2044
      vertex 1.49525 -8.17902 -20.1704
    endloop
  endfacet
  facet normal -0.0944075 -0.472194 -0.876425
    outer loop
      vertex -3.0829 -0.787711 -23.6062
      vertex -2.25091 -0.247448 -23.9869
      vertex -2.24936 -0.255739 -23.9826
    endloop
  endfacet
  facet normal -0.0972463 -0.468623 -0.87803
    outer loop
      vertex 1.35365 -7.9412 -20.2816
      vertex 1.10755 -8.59312 -19.9064
      vertex 1.30061 -7.85225 -20.3232
    endloop
  endfacet
  facet normal -0.0984928 -0.468223 -0.878104
    outer loop
      vertex 1.30061 -7.85225 -20.3232
      vertex 1.03807 -8.62351 -19.8825
      vertex 0.96423 -8.6558 -19.857
    endloop
  endfacet
  facet normal -0.097563 -0.468553 -0.878032
    outer loop
      vertex 1.24646 -7.76149 -20.3656
      vertex 0.96423 -8.6558 -19.857
      vertex 0.128626 -7.48507 -20.3889
    endloop
  endfacet
  facet normal -0.0969075 -0.468203 -0.878291
    outer loop
      vertex 0.96423 -8.6558 -19.857
      vertex 0.0882439 -7.51029 -20.371
      vertex 0.128626 -7.48507 -20.3889
    endloop
  endfacet
  facet normal -0.0973691 -0.468469 -0.878098
    outer loop
      vertex 0.886365 -8.68985 -19.8302
      vertex 0.0882439 -7.51029 -20.371
      vertex 0.96423 -8.6558 -19.857
    endloop
  endfacet
  facet normal -0.098012 -0.468792 -0.877854
    outer loop
      vertex 0.0484442 -7.53605 -20.3528
      vertex 0.0882439 -7.51029 -20.371
      vertex 0.886365 -8.68985 -19.8302
    endloop
  endfacet
  facet normal -0.0977072 -0.468627 -0.877976
    outer loop
      vertex 0.0484442 -7.53605 -20.3528
      vertex 0.886365 -8.68985 -19.8302
      vertex 0.00924663 -7.56235 -20.3344
    endloop
  endfacet
  facet normal -0.0976841 -0.468613 -0.877986
    outer loop
      vertex 0.886365 -8.68985 -19.8302
      vertex 0.804823 -8.7255 -19.8021
      vertex 0.00924663 -7.56235 -20.3344
    endloop
  endfacet
  facet normal -0.096026 -0.467769 -0.878619
    outer loop
      vertex 0.804823 -8.7255 -19.8021
      vertex -0.0293286 -7.58918 -20.3159
      vertex 0.00924663 -7.56235 -20.3344
    endloop
  endfacet
  facet normal -0.0989027 -0.469353 -0.877454
    outer loop
      vertex -0.0672624 -7.61652 -20.297
      vertex -0.0293286 -7.58918 -20.3159
      vertex 0.804823 -8.7255 -19.8021
    endloop
  endfacet
  facet normal -0.0961713 -0.467728 -0.878625
    outer loop
      vertex -0.0672624 -7.61652 -20.297
      vertex 0.804823 -8.7255 -19.8021
      vertex -0.104534 -7.64436 -20.2781
    endloop
  endfacet
  facet normal -0.0973279 -0.468471 -0.878102
    outer loop
      vertex 0.804823 -8.7255 -19.8021
      vertex 0.719952 -8.7626 -19.7729
      vertex -0.104534 -7.64436 -20.2781
    endloop
  endfacet
  facet normal -0.0976919 -0.468672 -0.877954
    outer loop
      vertex 0.719952 -8.7626 -19.7729
      vertex -0.141124 -7.6727 -20.2589
      vertex -0.104534 -7.64436 -20.2781
    endloop
  endfacet
  facet normal -0.0976692 -0.468658 -0.877964
    outer loop
      vertex -0.222881 -7.74015 -20.2138
      vertex -0.141124 -7.6727 -20.2589
      vertex 0.719952 -8.7626 -19.7729
    endloop
  endfacet
  facet normal -0.0972226 -0.468341 -0.878182
    outer loop
      vertex -0.222881 -7.74015 -20.2138
      vertex 0.719952 -8.7626 -19.7729
      vertex 0.632097 -8.80099 -19.7427
    endloop
  endfacet
  facet normal -0.0977445 -0.46866 -0.877954
    outer loop
      vertex -0.222881 -7.74015 -20.2138
      vertex 0.632097 -8.80099 -19.7427
      vertex -0.301408 -7.81032 -20.1676
    endloop
  endfacet
  facet normal -0.0978983 -0.468772 -0.877877
    outer loop
      vertex 0.632097 -8.80099 -19.7427
      vertex 0.541603 -8.84052 -19.7115
      vertex -0.301408 -7.81032 -20.1676
    endloop
  endfacet
  facet normal -0.0976004 -0.468587 -0.878009
    outer loop
      vertex 0.541603 -8.84052 -19.7115
      vertex -0.376643 -7.88309 -20.1204
      vertex -0.301408 -7.81032 -20.1676
    endloop
  endfacet
  facet normal -0.0973186 -0.468378 -0.878152
    outer loop
      vertex 0.448818 -8.88105 -19.6796
      vertex -0.376643 -7.88309 -20.1204
      vertex 0.541603 -8.84052 -19.7115
    endloop
  endfacet
  facet normal -0.0972729 -0.468349 -0.878173
    outer loop
      vertex -0.448525 -7.95835 -20.0723
      vertex -0.376643 -7.88309 -20.1204
      vertex 0.448818 -8.88105 -19.6796
    endloop
  endfacet
  facet normal -0.0975726 -0.468575 -0.878019
    outer loop
      vertex -0.448525 -7.95835 -20.0723
      vertex 0.448818 -8.88105 -19.6796
      vertex 0.354087 -8.92241 -19.647
    endloop
  endfacet
  facet normal -0.0973025 -0.468404 -0.87814
    outer loop
      vertex -0.448525 -7.95835 -20.0723
      vertex 0.354087 -8.92241 -19.647
      vertex -0.516992 -8.03599 -20.0233
    endloop
  endfacet
  facet normal -0.0978516 -0.468822 -0.877856
    outer loop
      vertex 0.354087 -8.92241 -19.647
      vertex 0.257756 -8.96447 -19.6138
      vertex -0.516992 -8.03599 -20.0233
    endloop
  endfacet
  facet normal -0.0977548 -0.468761 -0.877899
    outer loop
      vertex 0.257756 -8.96447 -19.6138
      vertex -0.581983 -8.11589 -19.9734
      vertex -0.516992 -8.03599 -20.0233
    endloop
  endfacet
  facet normal -0.0974397 -0.468519 -0.878064
    outer loop
      vertex -0.643437 -8.19794 -19.9228
      vertex -0.581983 -8.11589 -19.9734
      vertex 0.257756 -8.96447 -19.6138
    endloop
  endfacet
  facet normal -0.0974407 -0.46852 -0.878063
    outer loop
      vertex -0.643437 -8.19794 -19.9228
      vertex 0.257756 -8.96447 -19.6138
      vertex 0.0628959 -9.04951 -19.5468
    endloop
  endfacet
  facet normal -0.09758 -0.468608 -0.878001
    outer loop
      vertex -0.643437 -8.19794 -19.9228
      vertex 0.0628959 -9.04951 -19.5468
      vertex -0.701293 -8.28201 -19.8715
    endloop
  endfacet
  facet normal -0.0970059 -0.468595 -0.878071
    outer loop
      vertex -1.06634 -9.54316 -19.158
      vertex -1.10381 -9.5607 -19.1445
      vertex -1.0925 -9.4077 -19.2274
    endloop
  endfacet
  facet normal -0.0974423 -0.468501 -0.878073
    outer loop
      vertex 0.0628959 -9.04951 -19.5468
      vertex -0.755488 -8.36801 -19.8196
      vertex -0.701293 -8.28201 -19.8715
    endloop
  endfacet
  facet normal -0.0973771 -0.468439 -0.878113
    outer loop
      vertex -0.0325231 -9.09116 -19.514
      vertex -0.755488 -8.36801 -19.8196
      vertex 0.0628959 -9.04951 -19.5468
    endloop
  endfacet
  facet normal -0.0977665 -0.468742 -0.877908
    outer loop
      vertex -0.805962 -8.45581 -19.7671
      vertex -0.755488 -8.36801 -19.8196
      vertex -0.0325231 -9.09116 -19.514
    endloop
  endfacet
  facet normal -0.0976216 -0.468601 -0.877999
    outer loop
      vertex -0.805962 -8.45581 -19.7671
      vertex -0.0325231 -9.09116 -19.514
      vertex -0.125764 -9.13188 -19.4819
    endloop
  endfacet
  facet normal -0.0973297 -0.468373 -0.878154
    outer loop
      vertex -0.805962 -8.45581 -19.7671
      vertex -0.125764 -9.13188 -19.4819
      vertex -0.852652 -8.54529 -19.7142
    endloop
  endfacet
  facet normal -0.097363 -0.468406 -0.878132
    outer loop
      vertex -0.125764 -9.13188 -19.4819
      vertex -0.216505 -9.17151 -19.4507
      vertex -0.852652 -8.54529 -19.7142
    endloop
  endfacet
  facet normal -0.0978346 -0.468779 -0.877881
    outer loop
      vertex -0.216505 -9.17151 -19.4507
      vertex -0.895498 -8.63635 -19.6608
      vertex -0.852652 -8.54529 -19.7142
    endloop
  endfacet
  facet normal -0.0977499 -0.468693 -0.877936
    outer loop
      vertex -0.304426 -9.20993 -19.4204
      vertex -0.895498 -8.63635 -19.6608
      vertex -0.216505 -9.17151 -19.4507
    endloop
  endfacet
  facet normal -0.0969592 -0.468057 -0.878363
    outer loop
      vertex -0.934438 -8.72887 -19.6072
      vertex -0.895498 -8.63635 -19.6608
      vertex -0.304426 -9.20993 -19.4204
    endloop
  endfacet
  facet normal -0.0975629 -0.468691 -0.877958
    outer loop
      vertex -0.934438 -8.72887 -19.6072
      vertex -0.304426 -9.20993 -19.4204
      vertex -0.389206 -9.24698 -19.3912
    endloop
  endfacet
  facet normal -0.097607 -0.468727 -0.877934
    outer loop
      vertex -0.934438 -8.72887 -19.6072
      vertex -0.389206 -9.24698 -19.3912
      vertex -0.969412 -8.82273 -19.5532
    endloop
  endfacet
  facet normal -0.0975111 -0.468622 -0.878001
    outer loop
      vertex -0.389206 -9.24698 -19.3912
      vertex -0.470522 -9.28252 -19.3632
      vertex -0.969412 -8.82273 -19.5532
    endloop
  endfacet
  facet normal -0.0975718 -0.468673 -0.877967
    outer loop
      vertex -0.470522 -9.28252 -19.3632
      vertex -1.00036 -8.91782 -19.499
      vertex -0.969412 -8.82273 -19.5532
    endloop
  endfacet
  facet normal -0.0974891 -0.468576 -0.878028
    outer loop
      vertex -0.548055 -9.31642 -19.3365
      vertex -1.00036 -8.91782 -19.499
      vertex -0.470522 -9.28252 -19.3632
    endloop
  endfacet
  facet normal -0.0973671 -0.468467 -0.878099
    outer loop
      vertex -1.02721 -9.01402 -19.4447
      vertex -1.00036 -8.91782 -19.499
      vertex -0.548055 -9.31642 -19.3365
    endloop
  endfacet
  facet normal -0.0975449 -0.468697 -0.877957
    outer loop
      vertex -1.02721 -9.01402 -19.4447
      vertex -0.548055 -9.31642 -19.3365
      vertex -0.621482 -9.34853 -19.3112
    endloop
  endfacet
  facet normal -0.0974419 -0.468598 -0.878021
    outer loop
      vertex -1.02721 -9.01402 -19.4447
      vertex -0.621482 -9.34853 -19.3112
      vertex -1.04991 -9.11123 -19.3903
    endloop
  endfacet
  facet normal -0.0970249 -0.467972 -0.878401
    outer loop
      vertex -0.621482 -9.34853 -19.3112
      vertex -0.690482 -9.37871 -19.2875
      vertex -1.04991 -9.11123 -19.3903
    endloop
  endfacet
  facet normal -0.0975669 -0.468557 -0.878029
    outer loop
      vertex -0.690482 -9.37871 -19.2875
      vertex -1.0684 -9.20932 -19.3359
      vertex -1.04991 -9.11123 -19.3903
    endloop
  endfacet
  facet normal -0.097965 -0.469317 -0.877579
    outer loop
      vertex -0.754734 -9.40681 -19.2653
      vertex -1.0684 -9.20932 -19.3359
      vertex -0.690482 -9.37871 -19.2875
    endloop
  endfacet
  facet normal -0.0975024 -0.468715 -0.877952
    outer loop
      vertex -0.813917 -9.43271 -19.2449
      vertex -1.0684 -9.20932 -19.3359
      vertex -0.754734 -9.40681 -19.2653
    endloop
  endfacet
  facet normal -0.0971257 -0.468377 -0.878174
    outer loop
      vertex -1.08262 -9.30818 -19.2816
      vertex -1.0684 -9.20932 -19.3359
      vertex -0.813917 -9.43271 -19.2449
    endloop
  endfacet
  facet normal -0.0970911 -0.468313 -0.878212
    outer loop
      vertex -1.08262 -9.30818 -19.2816
      vertex -0.813917 -9.43271 -19.2449
      vertex -0.86771 -9.45625 -19.2264
    endloop
  endfacet
  facet normal -0.0977583 -0.469098 -0.877719
    outer loop
      vertex -1.08262 -9.30818 -19.2816
      vertex -0.86771 -9.45625 -19.2264
      vertex -0.915791 -9.47729 -19.2098
    endloop
  endfacet
  facet normal -0.0986741 -0.468593 -0.877886
    outer loop
      vertex 1.38174 -11.3276 -18.4777
      vertex 1.2634 -10.9767 -18.6517
      vertex 1.31994 -11.0109 -18.6398
    endloop
  endfacet
  facet normal -0.0970748 -0.468574 -0.878074
    outer loop
      vertex -1.08262 -9.30818 -19.2816
      vertex -0.915791 -9.47729 -19.2098
      vertex -1.0925 -9.4077 -19.2274
    endloop
  endfacet
  facet normal -0.096958 -0.468316 -0.878225
    outer loop
      vertex -0.915791 -9.47729 -19.2098
      vertex -1.02255 -9.52401 -19.1731
      vertex -1.0925 -9.4077 -19.2274
    endloop
  endfacet
  facet normal -0.0994735 -0.46872 -0.877728
    outer loop
      vertex 1.3583 -11.3605 -18.4575
      vertex 1.33345 -11.3953 -18.4361
      vertex 1.2634 -10.9767 -18.6517
    endloop
  endfacet
  facet normal -0.0978209 -0.468696 -0.877927
    outer loop
      vertex -1.02255 -9.52401 -19.1731
      vertex -1.04457 -9.53365 -19.1655
      vertex -1.0925 -9.4077 -19.2274
    endloop
  endfacet
  facet normal -0.0992248 -0.469058 -0.877576
    outer loop
      vertex -1.04457 -9.53365 -19.1655
      vertex -1.05928 -9.54008 -19.1604
      vertex -1.0925 -9.4077 -19.2274
    endloop
  endfacet
  facet normal -0.096597 -0.468435 -0.878201
    outer loop
      vertex 1.33345 -11.3953 -18.4361
      vertex 1.30729 -11.4319 -18.4137
      vertex 1.20079 -10.939 -18.6649
    endloop
  endfacet
  facet normal -0.0943413 -0.468307 -0.878515
    outer loop
      vertex -1.05928 -9.54008 -19.1604
      vertex -1.06634 -9.54316 -19.158
      vertex -1.0925 -9.4077 -19.2274
    endloop
  endfacet
  facet normal -0.0966003 -0.466927 -0.879004
    outer loop
      vertex 0.210456 -10.3467 -18.871
      vertex -1.10314 -9.73081 -19.0538
      vertex -1.10335 -9.711 -19.0643
    endloop
  endfacet
  facet normal -0.0969982 -0.468451 -0.878149
    outer loop
      vertex 1.30729 -11.4319 -18.4137
      vertex 1.27993 -11.4701 -18.3903
      vertex 1.13247 -10.898 -18.6792
    endloop
  endfacet
  facet normal -0.0969645 -0.468533 -0.878109
    outer loop
      vertex 1.13247 -10.898 -18.6792
      vertex 1.25145 -11.5098 -18.3659
      vertex 1.05878 -10.8537 -18.6947
    endloop
  endfacet
  facet normal -0.097447 -0.468465 -0.878092
    outer loop
      vertex -1.09538 -9.56898 -19.141
      vertex 0.210456 -10.3467 -18.871
      vertex -1.10095 -9.64261 -19.1011
    endloop
  endfacet
  facet normal -0.0975358 -0.468603 -0.878008
    outer loop
      vertex -1.10095 -9.64261 -19.1011
      vertex 0.210456 -10.3467 -18.871
      vertex -1.10281 -9.67445 -19.0839
    endloop
  endfacet
  facet normal -0.191436 -0.457815 -0.868192
    outer loop
      vertex -1.10205 -9.65789 -19.0928
      vertex -1.10095 -9.64261 -19.1011
      vertex -1.10281 -9.67445 -19.0839
    endloop
  endfacet
  facet normal -0.0969035 -0.468401 -0.878186
    outer loop
      vertex 1.38174 -11.3276 -18.4777
      vertex 1.31994 -11.0109 -18.6398
      vertex 1.40366 -11.2967 -18.4966
    endloop
  endfacet
  facet normal -0.0950222 -0.46837 -0.878408
    outer loop
      vertex 1.40366 -11.2967 -18.4966
      vertex 1.37007 -11.0412 -18.6292
      vertex 1.42397 -11.268 -18.5141
    endloop
  endfacet
  facet normal -0.0973004 -0.468697 -0.877984
    outer loop
      vertex 1.37007 -11.0412 -18.6292
      vertex 1.44256 -11.2417 -18.5302
      vertex 1.42397 -11.268 -18.5141
    endloop
  endfacet
  facet normal -0.0955633 -0.468274 -0.8784
    outer loop
      vertex 1.41346 -11.0675 -18.6199
      vertex 1.44256 -11.2417 -18.5302
      vertex 1.37007 -11.0412 -18.6292
    endloop
  endfacet
  facet normal -0.100595 -0.468854 -0.877529
    outer loop
      vertex 1.44976 -11.0897 -18.6122
      vertex 1.45932 -11.2179 -18.5448
      vertex 1.41346 -11.0675 -18.6199
    endloop
  endfacet
  facet normal -0.0962376 -0.468801 -0.878045
    outer loop
      vertex 1.47417 -11.1966 -18.5578
      vertex 1.45932 -11.2179 -18.5448
      vertex 1.44976 -11.0897 -18.6122
    endloop
  endfacet
  facet normal -0.100331 -0.46871 -0.877636
    outer loop
      vertex 1.49768 -11.1626 -18.5786
      vertex 1.48699 -11.1781 -18.5691
      vertex 1.47861 -11.1074 -18.6059
    endloop
  endfacet
  facet normal -0.102455 -0.469849 -0.876781
    outer loop
      vertex 1.51228 -11.1407 -18.5919
      vertex 1.50615 -11.15 -18.5862
      vertex 1.49969 -11.1206 -18.6012
    endloop
  endfacet
  facet normal -0.0992781 -0.466225 -0.879078
    outer loop
      vertex 1.51598 -11.1347 -18.5955
      vertex 1.51228 -11.1407 -18.5919
      vertex 1.51265 -11.1289 -18.5982
    endloop
  endfacet
  facet normal -0.113257 -0.472019 -0.874283
    outer loop
      vertex 1.51598 -11.1347 -18.5955
      vertex 1.51265 -11.1289 -18.5982
      vertex 1.51714 -11.1322 -18.597
    endloop
  endfacet
  facet normal -0.0952099 -0.466512 -0.879376
    outer loop
      vertex 1.51228 -11.1407 -18.5919
      vertex 1.49969 -11.1206 -18.6012
      vertex 1.51265 -11.1289 -18.5982
    endloop
  endfacet
  facet normal -0.0915922 -0.468455 -0.878727
    outer loop
      vertex 1.50615 -11.15 -18.5862
      vertex 1.49768 -11.1626 -18.5786
      vertex 1.49969 -11.1206 -18.6012
    endloop
  endfacet
  facet normal -0.09721 -0.467994 -0.878369
    outer loop
      vertex 1.49768 -11.1626 -18.5786
      vertex 1.47861 -11.1074 -18.6059
      vertex 1.49969 -11.1206 -18.6012
    endloop
  endfacet
  facet normal -0.0956352 -0.468488 -0.878279
    outer loop
      vertex 1.48699 -11.1781 -18.5691
      vertex 1.44976 -11.0897 -18.6122
      vertex 1.47861 -11.1074 -18.6059
    endloop
  endfacet
  facet normal -0.0971191 -0.468921 -0.877885
    outer loop
      vertex 1.47417 -11.1966 -18.5578
      vertex 1.44976 -11.0897 -18.6122
      vertex 1.48699 -11.1781 -18.5691
    endloop
  endfacet
  facet normal -0.0992628 -0.468593 -0.87782
    outer loop
      vertex 1.45932 -11.2179 -18.5448
      vertex 1.44256 -11.2417 -18.5302
      vertex 1.41346 -11.0675 -18.6199
    endloop
  endfacet
  facet normal -0.0975194 -0.468516 -0.878056
    outer loop
      vertex 1.31994 -11.0109 -18.6398
      vertex 1.37007 -11.0412 -18.6292
      vertex 1.40366 -11.2967 -18.4966
    endloop
  endfacet
  facet normal -0.0987777 -0.468616 -0.877862
    outer loop
      vertex 1.3583 -11.3605 -18.4575
      vertex 1.2634 -10.9767 -18.6517
      vertex 1.38174 -11.3276 -18.4777
    endloop
  endfacet
  facet normal -0.096972 -0.468505 -0.878123
    outer loop
      vertex 1.33345 -11.3953 -18.4361
      vertex 1.20079 -10.939 -18.6649
      vertex 1.2634 -10.9767 -18.6517
    endloop
  endfacet
  facet normal -0.0973897 -0.468535 -0.878061
    outer loop
      vertex 1.30729 -11.4319 -18.4137
      vertex 1.13247 -10.898 -18.6792
      vertex 1.20079 -10.939 -18.6649
    endloop
  endfacet
  facet normal -0.0986874 -0.468719 -0.877818
    outer loop
      vertex 1.27993 -11.4701 -18.3903
      vertex 1.25145 -11.5098 -18.3659
      vertex 1.13247 -10.898 -18.6792
    endloop
  endfacet
  facet normal -0.0963321 -0.468414 -0.878242
    outer loop
      vertex 1.25145 -11.5098 -18.3659
      vertex 1.22198 -11.5508 -18.3408
      vertex 1.05878 -10.8537 -18.6947
    endloop
  endfacet
  facet normal -0.0981056 -0.468662 -0.877913
    outer loop
      vertex 1.22198 -11.5508 -18.3408
      vertex 0.980058 -10.8065 -18.7111
      vertex 1.05878 -10.8537 -18.6947
    endloop
  endfacet
  facet normal -0.0966475 -0.468351 -0.878241
    outer loop
      vertex 1.19161 -11.5931 -18.3149
      vertex 0.980058 -10.8065 -18.7111
      vertex 1.22198 -11.5508 -18.3408
    endloop
  endfacet
  facet normal -0.099274 -0.468791 -0.877713
    outer loop
      vertex 1.16043 -11.6363 -18.2883
      vertex 0.980058 -10.8065 -18.7111
      vertex 1.19161 -11.5931 -18.3149
    endloop
  endfacet
  facet normal -0.0977471 -0.468599 -0.877987
    outer loop
      vertex 0.896649 -10.7565 -18.7285
      vertex 0.980058 -10.8065 -18.7111
      vertex 1.16043 -11.6363 -18.2883
    endloop
  endfacet
  facet normal -0.0970143 -0.468458 -0.878143
    outer loop
      vertex 0.896649 -10.7565 -18.7285
      vertex 1.16043 -11.6363 -18.2883
      vertex 1.12856 -11.6805 -18.2612
    endloop
  endfacet
  facet normal -0.0976263 -0.467816 -0.878417
    outer loop
      vertex 1.06507 -11.7677 -18.2076
      vertex 0.0520676 -11.8511 -18.0506
      vertex 1.0965 -11.7245 -18.2341
    endloop
  endfacet
  facet normal -0.097452 -0.468643 -0.877996
    outer loop
      vertex 0.0520676 -11.8511 -18.0506
      vertex -0.0461958 -11.7739 -18.0809
      vertex 1.0965 -11.7245 -18.2341
    endloop
  endfacet
  facet normal -0.0981635 -0.466082 -0.879279
    outer loop
      vertex 0.3157 -12.0298 -17.9845
      vertex 0.302904 -12.0222 -17.9871
      vertex 0.947803 -11.929 -18.1085
    endloop
  endfacet
  facet normal -0.0982864 -0.46592 -0.879351
    outer loop
      vertex 0.387934 -12.0714 -17.9704
      vertex 0.372638 -12.0627 -17.9733
      vertex 0.921123 -11.9657 -18.086
    endloop
  endfacet
  facet normal -0.097471 -0.468583 -0.878026
    outer loop
      vertex 0.387934 -12.0714 -17.9704
      vertex 0.921123 -11.9657 -18.086
      vertex 0.895709 -12.0007 -18.0645
    endloop
  endfacet
  facet normal -0.0978636 -0.466916 -0.87887
    outer loop
      vertex 0.451109 -12.1064 -17.9587
      vertex 0.435167 -12.0976 -17.9616
      vertex 0.871667 -12.0338 -18.0441
    endloop
  endfacet
  facet normal -0.0973943 -0.468579 -0.878037
    outer loop
      vertex 0.482837 -12.1235 -17.9531
      vertex 0.871667 -12.0338 -18.0441
      vertex 0.849102 -12.0649 -18.025
    endloop
  endfacet
  facet normal -0.0973102 -0.468903 -0.877873
    outer loop
      vertex 0.482837 -12.1235 -17.9531
      vertex 0.849102 -12.0649 -18.025
      vertex 0.498474 -12.1318 -17.9504
    endloop
  endfacet
  facet normal -0.098337 -0.465731 -0.879446
    outer loop
      vertex 0.513859 -12.1399 -17.9478
      vertex 0.828119 -12.0939 -18.0073
      vertex 0.528916 -12.1478 -17.9453
    endloop
  endfacet
  facet normal -0.0974806 -0.468275 -0.878189
    outer loop
      vertex 0.543571 -12.1553 -17.9429
      vertex 0.808825 -12.1205 -17.9909
      vertex 0.563801 -12.1657 -17.9396
    endloop
  endfacet
  facet normal -0.0970037 -0.470408 -0.877101
    outer loop
      vertex 0.828119 -12.0939 -18.0073
      vertex 0.808825 -12.1205 -17.9909
      vertex 0.543571 -12.1553 -17.9429
    endloop
  endfacet
  facet normal -0.0980236 -0.46695 -0.878834
    outer loop
      vertex 0.791325 -12.1446 -17.9761
      vertex 0.599827 -12.1842 -17.9337
      vertex 0.582534 -12.1753 -17.9365
    endloop
  endfacet
  facet normal -0.096853 -0.470194 -0.877233
    outer loop
      vertex 0.775724 -12.1662 -17.9628
      vertex 0.615734 -12.1922 -17.9312
      vertex 0.791325 -12.1446 -17.9761
    endloop
  endfacet
  facet normal -0.0969099 -0.469977 -0.877342
    outer loop
      vertex 0.630314 -12.1995 -17.9289
      vertex 0.615734 -12.1922 -17.9312
      vertex 0.775724 -12.1662 -17.9628
    endloop
  endfacet
  facet normal -0.0982976 -0.466594 -0.878993
    outer loop
      vertex 0.643621 -12.206 -17.9269
      vertex 0.775724 -12.1662 -17.9628
      vertex 0.762128 -12.185 -17.9513
    endloop
  endfacet
  facet normal -0.0965201 -0.470791 -0.876949
    outer loop
      vertex 0.655713 -12.2118 -17.9252
      vertex 0.762128 -12.185 -17.9513
      vertex 0.750643 -12.2009 -17.9415
    endloop
  endfacet
  facet normal -0.0976943 -0.467257 -0.878708
    outer loop
      vertex 0.666646 -12.217 -17.9236
      vertex 0.750643 -12.2009 -17.9415
      vertex 0.676476 -12.2215 -17.9223
    endloop
  endfacet
  facet normal -0.0974257 -0.467922 -0.878383
    outer loop
      vertex 0.750643 -12.2009 -17.9415
      vertex 0.741374 -12.2138 -17.9336
      vertex 0.676476 -12.2215 -17.9223
    endloop
  endfacet
  facet normal -0.0942579 -0.475537 -0.874631
    outer loop
      vertex 0.741374 -12.2138 -17.9336
      vertex 0.693052 -12.2285 -17.9204
      vertex 0.685259 -12.2253 -17.9213
    endloop
  endfacet
  facet normal -0.0991209 -0.46456 -0.879977
    outer loop
      vertex 0.734426 -12.2235 -17.9277
      vertex 0.699911 -12.2311 -17.9198
      vertex 0.693052 -12.2285 -17.9204
    endloop
  endfacet
  facet normal -0.0948566 -0.474623 -0.875063
    outer loop
      vertex 0.711052 -12.2345 -17.9192
      vertex 0.705892 -12.2331 -17.9194
      vertex 0.734426 -12.2235 -17.9277
    endloop
  endfacet
  facet normal -0.0956086 -0.473452 -0.875615
    outer loop
      vertex 0.711052 -12.2345 -17.9192
      vertex 0.734426 -12.2235 -17.9277
      vertex 0.729906 -12.2298 -17.9238
    endloop
  endfacet
  facet normal -0.0984023 -0.467537 -0.878479
    outer loop
      vertex 0.715447 -12.2354 -17.9192
      vertex 0.729906 -12.2298 -17.9238
      vertex 0.719133 -12.2358 -17.9194
    endloop
  endfacet
  facet normal -0.0964745 -0.471117 -0.876779
    outer loop
      vertex 0.711052 -12.2345 -17.9192
      vertex 0.729906 -12.2298 -17.9238
      vertex 0.715447 -12.2354 -17.9192
    endloop
  endfacet
  facet normal -0.118697 -0.418733 -0.900319
    outer loop
      vertex 0.727918 -12.2327 -17.922
      vertex 0.722167 -12.2358 -17.9198
      vertex 0.719133 -12.2358 -17.9194
    endloop
  endfacet
  facet normal -0.0478413 -0.517539 -0.854321
    outer loop
      vertex 0.724605 -12.2352 -17.9203
      vertex 0.722167 -12.2358 -17.9198
      vertex 0.727918 -12.2327 -17.922
    endloop
  endfacet
  facet normal -0.190784 -0.366432 -0.910675
    outer loop
      vertex 0.724605 -12.2352 -17.9203
      vertex 0.727918 -12.2327 -17.922
      vertex 0.726503 -12.2342 -17.9211
    endloop
  endfacet
  facet normal -0.0885294 -0.480778 -0.872362
    outer loop
      vertex 0.727918 -12.2327 -17.922
      vertex 0.719133 -12.2358 -17.9194
      vertex 0.729906 -12.2298 -17.9238
    endloop
  endfacet
  facet normal -0.0978717 -0.468311 -0.878127
    outer loop
      vertex 0.705892 -12.2331 -17.9194
      vertex 0.699911 -12.2311 -17.9198
      vertex 0.734426 -12.2235 -17.9277
    endloop
  endfacet
  facet normal -0.0991782 -0.464287 -0.880114
    outer loop
      vertex 0.734426 -12.2235 -17.9277
      vertex 0.693052 -12.2285 -17.9204
      vertex 0.741374 -12.2138 -17.9336
    endloop
  endfacet
  facet normal -0.0989117 -0.460725 -0.882014
    outer loop
      vertex 0.741374 -12.2138 -17.9336
      vertex 0.685259 -12.2253 -17.9213
      vertex 0.676476 -12.2215 -17.9223
    endloop
  endfacet
  facet normal -0.0962671 -0.472035 -0.876308
    outer loop
      vertex 0.655713 -12.2118 -17.9252
      vertex 0.750643 -12.2009 -17.9415
      vertex 0.666646 -12.217 -17.9236
    endloop
  endfacet
  facet normal -0.0989486 -0.464266 -0.880151
    outer loop
      vertex 0.643621 -12.206 -17.9269
      vertex 0.762128 -12.185 -17.9513
      vertex 0.655713 -12.2118 -17.9252
    endloop
  endfacet
  facet normal -0.0972121 -0.469101 -0.877778
    outer loop
      vertex 0.630314 -12.1995 -17.9289
      vertex 0.775724 -12.1662 -17.9628
      vertex 0.643621 -12.206 -17.9269
    endloop
  endfacet
  facet normal -0.0975634 -0.468403 -0.878112
    outer loop
      vertex 0.615734 -12.1922 -17.9312
      vertex 0.599827 -12.1842 -17.9337
      vertex 0.791325 -12.1446 -17.9761
    endloop
  endfacet
  facet normal -0.0973723 -0.468189 -0.878247
    outer loop
      vertex -0.886645 -11.8864 -17.9275
      vertex -2.33274 -11.4549 -17.9972
      vertex -0.90621 -11.8133 -17.9643
    endloop
  endfacet
  facet normal -0.0976874 -0.468334 -0.878134
    outer loop
      vertex 0.791325 -12.1446 -17.9761
      vertex 0.582534 -12.1753 -17.9365
      vertex 0.808825 -12.1205 -17.9909
    endloop
  endfacet
  facet normal -0.0965537 -0.471472 -0.876579
    outer loop
      vertex 0.582534 -12.1753 -17.9365
      vertex 0.563801 -12.1657 -17.9396
      vertex 0.808825 -12.1205 -17.9909
    endloop
  endfacet
  facet normal -0.0970386 -0.470303 -0.877154
    outer loop
      vertex 0.828119 -12.0939 -18.0073
      vertex 0.543571 -12.1553 -17.9429
      vertex 0.528916 -12.1478 -17.9453
    endloop
  endfacet
  facet normal -0.0974921 -0.468642 -0.877992
    outer loop
      vertex -0.90621 -11.8133 -17.9643
      vertex -2.33274 -11.4549 -17.9972
      vertex -0.927806 -11.7408 -18.0006
    endloop
  endfacet
  facet normal -0.0983621 -0.465627 -0.879498
    outer loop
      vertex 0.849102 -12.0649 -18.025
      vertex 0.828119 -12.0939 -18.0073
      vertex 0.513859 -12.1399 -17.9478
    endloop
  endfacet
  facet normal -0.0977043 -0.467577 -0.878536
    outer loop
      vertex 0.849102 -12.0649 -18.025
      vertex 0.513859 -12.1399 -17.9478
      vertex 0.498474 -12.1318 -17.9504
    endloop
  endfacet
  facet normal -0.0970406 -0.469599 -0.877531
    outer loop
      vertex 0.467024 -12.115 -17.9559
      vertex 0.871667 -12.0338 -18.0441
      vertex 0.482837 -12.1235 -17.9531
    endloop
  endfacet
  facet normal -0.097489 -0.468627 -0.878
    outer loop
      vertex -0.927806 -11.7408 -18.0006
      vertex -2.33274 -11.4549 -17.9972
      vertex -0.951427 -11.669 -18.0363
    endloop
  endfacet
  facet normal -0.0978091 -0.467115 -0.87877
    outer loop
      vertex 0.451109 -12.1064 -17.9587
      vertex 0.871667 -12.0338 -18.0441
      vertex 0.467024 -12.115 -17.9559
    endloop
  endfacet
  facet normal -0.0970844 -0.470137 -0.877237
    outer loop
      vertex 0.435167 -12.0976 -17.9616
      vertex 0.895709 -12.0007 -18.0645
      vertex 0.871667 -12.0338 -18.0441
    endloop
  endfacet
  facet normal -0.0971508 -0.469931 -0.877341
    outer loop
      vertex 0.419273 -12.0889 -17.9645
      vertex 0.895709 -12.0007 -18.0645
      vertex 0.435167 -12.0976 -17.9616
    endloop
  endfacet
  facet normal -0.0965923 -0.47185 -0.876372
    outer loop
      vertex 0.403504 -12.0801 -17.9675
      vertex 0.895709 -12.0007 -18.0645
      vertex 0.419273 -12.0889 -17.9645
    endloop
  endfacet
  facet normal -0.0976869 -0.467658 -0.878495
    outer loop
      vertex 0.387934 -12.0714 -17.9704
      vertex 0.895709 -12.0007 -18.0645
      vertex 0.403504 -12.0801 -17.9675
    endloop
  endfacet
  facet normal -0.0971206 -0.470085 -0.877262
    outer loop
      vertex 0.372638 -12.0627 -17.9733
      vertex 0.357691 -12.0542 -17.9762
      vertex 0.921123 -11.9657 -18.086
    endloop
  endfacet
  facet normal -0.0986703 -0.46401 -0.880318
    outer loop
      vertex 0.357691 -12.0542 -17.9762
      vertex 0.34317 -12.0458 -17.979
      vertex 0.921123 -11.9657 -18.086
    endloop
  endfacet
  facet normal -0.0978644 -0.467486 -0.878567
    outer loop
      vertex 0.34317 -12.0458 -17.979
      vertex 0.947803 -11.929 -18.1085
      vertex 0.921123 -11.9657 -18.086
    endloop
  endfacet
  facet normal -0.0968631 -0.470818 -0.876897
    outer loop
      vertex 0.329147 -12.0377 -17.9818
      vertex 0.947803 -11.929 -18.1085
      vertex 0.34317 -12.0458 -17.979
    endloop
  endfacet
  facet normal -0.0979201 -0.467026 -0.878805
    outer loop
      vertex 0.3157 -12.0298 -17.9845
      vertex 0.947803 -11.929 -18.1085
      vertex 0.329147 -12.0377 -17.9818
    endloop
  endfacet
  facet normal -0.0957352 -0.476172 -0.874125
    outer loop
      vertex 0.302904 -12.0222 -17.9871
      vertex 0.290832 -12.015 -17.9897
      vertex 0.947803 -11.929 -18.1085
    endloop
  endfacet
  facet normal -0.0974854 -0.468601 -0.878015
    outer loop
      vertex -0.951427 -11.669 -18.0363
      vertex -2.33274 -11.4549 -17.9972
      vertex -0.977064 -11.5979 -18.0714
    endloop
  endfacet
  facet normal -0.0971208 -0.46999 -0.877312
    outer loop
      vertex 0.290832 -12.015 -17.9897
      vertex 0.975644 -11.8907 -18.1321
      vertex 0.947803 -11.929 -18.1085
    endloop
  endfacet
  facet normal -0.0970121 -0.47037 -0.877121
    outer loop
      vertex 0.279561 -12.0082 -17.9921
      vertex 0.975644 -11.8907 -18.1321
      vertex 0.290832 -12.015 -17.9897
    endloop
  endfacet
  facet normal -0.0989025 -0.463358 -0.880635
    outer loop
      vertex 0.269166 -12.0018 -17.9943
      vertex 0.975644 -11.8907 -18.1321
      vertex 0.279561 -12.0082 -17.9921
    endloop
  endfacet
  facet normal -0.0988158 -0.463699 -0.880465
    outer loop
      vertex 0.259722 -11.9958 -17.9964
      vertex 0.975644 -11.8907 -18.1321
      vertex 0.269166 -12.0018 -17.9943
    endloop
  endfacet
  facet normal -0.097636 -0.468571 -0.878014
    outer loop
      vertex 1.00454 -11.851 -18.1565
      vertex 0.975644 -11.8907 -18.1321
      vertex 0.259722 -11.9958 -17.9964
    endloop
  endfacet
  facet normal -0.0975938 -0.46871 -0.877944
    outer loop
      vertex 1.00454 -11.851 -18.1565
      vertex 0.259722 -11.9958 -17.9964
      vertex 0.154067 -11.9251 -18.0224
    endloop
  endfacet
  facet normal -0.0977755 -0.46763 -0.8785
    outer loop
      vertex 1.00454 -11.851 -18.1565
      vertex 0.154067 -11.9251 -18.0224
      vertex 1.03439 -11.8099 -18.1817
    endloop
  endfacet
  facet normal -0.0976864 -0.46803 -0.878297
    outer loop
      vertex 0.154067 -11.9251 -18.0224
      vertex 1.06507 -11.7677 -18.2076
      vertex 1.03439 -11.8099 -18.1817
    endloop
  endfacet
  facet normal -0.0974553 -0.468871 -0.877874
    outer loop
      vertex 0.0520676 -11.8511 -18.0506
      vertex 1.06507 -11.7677 -18.2076
      vertex 0.154067 -11.9251 -18.0224
    endloop
  endfacet
  facet normal -0.0973501 -0.469543 -0.877526
    outer loop
      vertex -0.0461958 -11.7739 -18.0809
      vertex 1.12856 -11.6805 -18.2612
      vertex 1.0965 -11.7245 -18.2341
    endloop
  endfacet
  facet normal -0.0975104 -0.468534 -0.878048
    outer loop
      vertex 0.896649 -10.7565 -18.7285
      vertex 1.12856 -11.6805 -18.2612
      vertex -0.0461958 -11.7739 -18.0809
    endloop
  endfacet
  facet normal -0.0973069 -0.468685 -0.877989
    outer loop
      vertex 0.896649 -10.7565 -18.7285
      vertex -0.0461958 -11.7739 -18.0809
      vertex 0.808898 -10.704 -18.7468
    endloop
  endfacet
  facet normal -0.0975185 -0.469037 -0.877778
    outer loop
      vertex -0.977064 -11.5979 -18.0714
      vertex -2.33274 -11.4549 -17.9972
      vertex -1.00471 -11.5274 -18.106
    endloop
  endfacet
  facet normal -0.0972948 -0.468693 -0.877986
    outer loop
      vertex -0.0461958 -11.7739 -18.0809
      vertex -0.140644 -11.6936 -18.1133
      vertex 0.808898 -10.704 -18.7468
    endloop
  endfacet
  facet normal -0.0975456 -0.468501 -0.878061
    outer loop
      vertex -0.140644 -11.6936 -18.1133
      vertex 0.717149 -10.6491 -18.7659
      vertex 0.808898 -10.704 -18.7468
    endloop
  endfacet
  facet normal -0.0980343 -0.468174 -0.878181
    outer loop
      vertex -0.231197 -11.6103 -18.1476
      vertex 0.717149 -10.6491 -18.7659
      vertex -0.140644 -11.6936 -18.1133
    endloop
  endfacet
  facet normal -0.0976585 -0.46847 -0.878065
    outer loop
      vertex 0.621744 -10.5921 -18.7857
      vertex 0.717149 -10.6491 -18.7659
      vertex -0.231197 -11.6103 -18.1476
    endloop
  endfacet
  facet normal -0.0971305 -0.468829 -0.877932
    outer loop
      vertex 0.621744 -10.5921 -18.7857
      vertex -0.231197 -11.6103 -18.1476
      vertex -0.317776 -11.5242 -18.184
    endloop
  endfacet
  facet normal -0.0973154 -0.468681 -0.877991
    outer loop
      vertex 0.621744 -10.5921 -18.7857
      vertex -0.317776 -11.5242 -18.184
      vertex 0.523029 -10.5332 -18.8062
    endloop
  endfacet
  facet normal -0.0975131 -0.468537 -0.878046
    outer loop
      vertex -1.00471 -11.5274 -18.106
      vertex -2.33274 -11.4549 -17.9972
      vertex -1.03436 -11.4577 -18.1399
    endloop
  endfacet
  facet normal -0.0979372 -0.468253 -0.87815
    outer loop
      vertex -0.317776 -11.5242 -18.184
      vertex -0.400302 -11.4353 -18.2222
      vertex 0.523029 -10.5332 -18.8062
    endloop
  endfacet
  facet normal -0.097377 -0.468709 -0.877969
    outer loop
      vertex -0.400302 -11.4353 -18.2222
      vertex -0.478693 -11.3439 -18.2623
      vertex 0.523029 -10.5332 -18.8062
    endloop
  endfacet
  facet normal -0.0975457 -0.467953 -0.878354
    outer loop
      vertex -1.03436 -11.4577 -18.1399
      vertex -2.33274 -11.4549 -17.9972
      vertex -1.066 -11.3886 -18.1732
    endloop
  endfacet
  facet normal -0.0975193 -0.468572 -0.878026
    outer loop
      vertex -0.478693 -11.3439 -18.2623
      vertex 0.421347 -10.4725 -18.8273
      vertex 0.523029 -10.5332 -18.8062
    endloop
  endfacet
  facet normal -0.0974893 -0.468405 -0.878119
    outer loop
      vertex -1.066 -11.3886 -18.1732
      vertex -2.33274 -11.4549 -17.9972
      vertex -1.09962 -11.3203 -18.2059
    endloop
  endfacet
  facet normal -0.0971236 -0.468897 -0.877897
    outer loop
      vertex -0.552873 -11.2499 -18.3043
      vertex 0.421347 -10.4725 -18.8273
      vertex -0.478693 -11.3439 -18.2623
    endloop
  endfacet
  facet normal -0.0973992 -0.468866 -0.877883
    outer loop
      vertex -1.09962 -11.3203 -18.2059
      vertex -2.33274 -11.4549 -17.9972
      vertex -1.13523 -11.2528 -18.238
    endloop
  endfacet
  facet normal -0.0975389 -0.468491 -0.878067
    outer loop
      vertex 0.317041 -10.4103 -18.8489
      vertex 0.421347 -10.4725 -18.8273
      vertex -0.552873 -11.2499 -18.3043
    endloop
  endfacet
  facet normal -0.0974213 -0.468783 -0.877924
    outer loop
      vertex -1.13523 -11.2528 -18.238
      vertex -2.33274 -11.4549 -17.9972
      vertex -1.1728 -11.186 -18.2695
    endloop
  endfacet
  facet normal -0.0979185 -0.468178 -0.878192
    outer loop
      vertex 0.317041 -10.4103 -18.8489
      vertex -0.552873 -11.2499 -18.3043
      vertex -0.62276 -11.1535 -18.3479
    endloop
  endfacet
  facet normal -0.0975652 -0.468269 -0.878183
    outer loop
      vertex -1.21234 -11.12 -18.3003
      vertex -1.1728 -11.186 -18.2695
      vertex -2.32922 -11.3432 -18.0572
    endloop
  endfacet
  facet normal -0.0975343 -0.468557 -0.878033
    outer loop
      vertex 0.317041 -10.4103 -18.8489
      vertex -0.62276 -11.1535 -18.3479
      vertex 0.210456 -10.3467 -18.871
    endloop
  endfacet
  facet normal -0.0975024 -0.468473 -0.878081
    outer loop
      vertex -2.32574 -11.2339 -18.1159
      vertex -1.21234 -11.12 -18.3003
      vertex -2.32922 -11.3432 -18.0572
    endloop
  endfacet
  facet normal -0.0974961 -0.468588 -0.87802
    outer loop
      vertex -0.62276 -11.1535 -18.3479
      vertex -0.688276 -11.0548 -18.3933
      vertex 0.210456 -10.3467 -18.871
    endloop
  endfacet
  facet normal -0.0975612 -0.468158 -0.878242
    outer loop
      vertex -2.32574 -11.2339 -18.1159
      vertex -1.25383 -11.0547 -18.3305
      vertex -1.21234 -11.12 -18.3003
    endloop
  endfacet
  facet normal -0.0975696 -0.468516 -0.878051
    outer loop
      vertex -0.688276 -11.0548 -18.3933
      vertex -0.74934 -10.954 -18.4403
      vertex 0.210456 -10.3467 -18.871
    endloop
  endfacet
  facet normal -0.0975296 -0.468474 -0.878077
    outer loop
      vertex -2.32574 -11.2339 -18.1159
      vertex -2.32232 -11.1274 -18.1731
      vertex -1.29727 -10.9903 -18.3601
    endloop
  endfacet
  facet normal -0.0976714 -0.468393 -0.878105
    outer loop
      vertex -0.74934 -10.954 -18.4403
      vertex -0.805874 -10.8511 -18.4889
      vertex 0.210456 -10.3467 -18.871
    endloop
  endfacet
  facet normal -0.0976907 -0.468145 -0.878235
    outer loop
      vertex -1.45598 -10.7818 -18.4537
      vertex -1.43919 -10.802 -18.4448
      vertex -2.31897 -11.024 -18.2286
    endloop
  endfacet
  facet normal -0.097405 -0.468791 -0.877922
    outer loop
      vertex -0.805874 -10.8511 -18.4889
      vertex -0.857798 -10.7463 -18.5391
      vertex 0.210456 -10.3467 -18.871
    endloop
  endfacet
  facet normal -0.097968 -0.469231 -0.877625
    outer loop
      vertex -1.74163 -8.59286 -19.5901
      vertex -1.76938 -8.61269 -19.5764
      vertex -2.23442 -8.39178 -19.6426
    endloop
  endfacet
  facet normal -0.0976447 -0.468332 -0.87814
    outer loop
      vertex -0.857798 -10.7463 -18.5391
      vertex -0.905032 -10.6397 -18.5907
      vertex 0.210456 -10.3467 -18.871
    endloop
  endfacet
  facet normal -0.097974 -0.467506 -0.878544
    outer loop
      vertex -2.3157 -10.9241 -18.2823
      vertex -1.54187 -10.6875 -18.4945
      vertex -1.51799 -10.7128 -18.4837
    endloop
  endfacet
  facet normal -0.0975029 -0.468699 -0.87796
    outer loop
      vertex -0.905032 -10.6397 -18.5907
      vertex -0.947497 -10.5314 -18.6438
      vertex 0.210456 -10.3467 -18.871
    endloop
  endfacet
  facet normal -0.0974808 -0.468536 -0.87805
    outer loop
      vertex -4.40881 -4.59379 -21.4279
      vertex -4.37301 -3.45246 -22.0409
      vertex -2.81169 -3.56291 -22.1553
    endloop
  endfacet
  facet normal -0.0975737 -0.468425 -0.878098
    outer loop
      vertex -0.947497 -10.5314 -18.6438
      vertex -0.985114 -10.4214 -18.6983
      vertex 0.210456 -10.3467 -18.871
    endloop
  endfacet
  facet normal -0.0971013 -0.469504 -0.877575
    outer loop
      vertex -1.59326 -10.6348 -18.5169
      vertex -2.31252 -10.8281 -18.3339
      vertex -1.62036 -10.6077 -18.5284
    endloop
  endfacet
  facet normal -0.0975694 -0.468457 -0.878082
    outer loop
      vertex -0.985114 -10.4214 -18.6983
      vertex -1.0178 -10.31 -18.7541
      vertex 0.210456 -10.3467 -18.871
    endloop
  endfacet
  facet normal -0.0973797 -0.468891 -0.877871
    outer loop
      vertex -1.62036 -10.6077 -18.5284
      vertex -2.31252 -10.8281 -18.3339
      vertex -1.64814 -10.5804 -18.5399
    endloop
  endfacet
  facet normal -0.097563 -0.468764 -0.877919
    outer loop
      vertex -1.0178 -10.31 -18.7541
      vertex -1.04548 -10.1973 -18.8112
      vertex 0.210456 -10.3467 -18.871
    endloop
  endfacet
  facet normal -0.0981827 -0.466882 -0.878852
    outer loop
      vertex -1.67639 -10.553 -18.5513
      vertex -1.64814 -10.5804 -18.5399
      vertex -2.30945 -10.7363 -18.3832
    endloop
  endfacet
  facet normal -0.0975865 -0.469017 -0.877781
    outer loop
      vertex -1.04548 -10.1973 -18.8112
      vertex -1.06808 -10.0833 -18.8696
      vertex 0.210456 -10.3467 -18.871
    endloop
  endfacet
  facet normal -0.0968312 -0.46534 -0.87982
    outer loop
      vertex -1.06808 -10.0833 -18.8696
      vertex -1.07198 -10.0598 -18.8816
      vertex 0.210456 -10.3467 -18.871
    endloop
  endfacet
  facet normal -0.0977446 -0.468035 -0.878288
    outer loop
      vertex -2.30649 -10.649 -18.4301
      vertex -1.76199 -10.4726 -18.5847
      vertex -1.73352 -10.499 -18.5738
    endloop
  endfacet
  facet normal -0.0979616 -0.47029 -0.877058
    outer loop
      vertex -1.07198 -10.0598 -18.8816
      vertex -1.0757 -10.0359 -18.894
      vertex 0.210456 -10.3467 -18.871
    endloop
  endfacet
  facet normal -0.097499 -0.468312 -0.878167
    outer loop
      vertex -1.81776 -10.4224 -18.6053
      vertex -2.30366 -10.5667 -18.4744
      vertex -1.84465 -10.3988 -18.6149
    endloop
  endfacet
  facet normal -0.0977457 -0.469433 -0.877541
    outer loop
      vertex -1.0757 -10.0359 -18.894
      vertex -1.07922 -10.0118 -18.9065
      vertex 0.210456 -10.3467 -18.871
    endloop
  endfacet
  facet normal -0.0976115 -0.468092 -0.878272
    outer loop
      vertex -1.84465 -10.3988 -18.6149
      vertex -2.30366 -10.5667 -18.4744
      vertex -1.87061 -10.3765 -18.6239
    endloop
  endfacet
  facet normal -0.0969663 -0.466601 -0.879137
    outer loop
      vertex -1.07922 -10.0118 -18.9065
      vertex -1.08254 -9.98737 -18.9191
      vertex 0.210456 -10.3467 -18.871
    endloop
  endfacet
  facet normal -0.0985835 -0.466548 -0.878985
    outer loop
      vertex -1.91897 -10.3367 -18.6398
      vertex -1.89545 -10.3558 -18.6323
      vertex -2.30097 -10.4896 -18.5158
    endloop
  endfacet
  facet normal -0.0979752 -0.469975 -0.877225
    outer loop
      vertex -1.08254 -9.98737 -18.9191
      vertex -1.08565 -9.96283 -18.9319
      vertex 0.210456 -10.3467 -18.871
    endloop
  endfacet
  facet normal -0.0975929 -0.468791 -0.877901
    outer loop
      vertex -1.08565 -9.96283 -18.9319
      vertex -1.08853 -9.93826 -18.9447
      vertex 0.210456 -10.3467 -18.871
    endloop
  endfacet
  facet normal -0.0961368 -0.471071 -0.876841
    outer loop
      vertex -2.29843 -10.4182 -18.5542
      vertex -1.97612 -10.293 -18.6568
      vertex -1.95782 -10.3066 -18.6515
    endloop
  endfacet
  facet normal -0.097604 -0.468823 -0.877883
    outer loop
      vertex -1.08853 -9.93826 -18.9447
      vertex -1.09118 -9.91374 -18.9575
      vertex 0.210456 -10.3467 -18.871
    endloop
  endfacet
  facet normal -0.0984285 -0.46701 -0.878757
    outer loop
      vertex -2.01613 -10.2639 -18.6679
      vertex -2.29606 -10.3528 -18.5893
      vertex -2.03736 -10.2487 -18.6736
    endloop
  endfacet
  facet normal -0.097123 -0.467526 -0.878628
    outer loop
      vertex -1.09118 -9.91374 -18.9575
      vertex -1.0936 -9.88937 -18.9702
      vertex 0.210456 -10.3467 -18.871
    endloop
  endfacet
  facet normal -0.0979873 -0.467984 -0.878288
    outer loop
      vertex -2.01613 -10.2639 -18.6679
      vertex -1.99564 -10.2787 -18.6623
      vertex -2.29606 -10.3528 -18.5893
    endloop
  endfacet
  facet normal -0.0971238 -0.467528 -0.878626
    outer loop
      vertex -1.0936 -9.88937 -18.9702
      vertex -1.09577 -9.86524 -18.9828
      vertex 0.210456 -10.3467 -18.871
    endloop
  endfacet
  facet normal -0.0977701 -0.467829 -0.878394
    outer loop
      vertex -2.0811 -10.2181 -18.6851
      vertex -2.0591 -10.2334 -18.6794
      vertex -2.29387 -10.2938 -18.6211
    endloop
  endfacet
  facet normal -0.0977714 -0.469077 -0.877729
    outer loop
      vertex -1.09577 -9.86524 -18.9828
      vertex -1.09769 -9.84145 -18.9953
      vertex 0.210456 -10.3467 -18.871
    endloop
  endfacet
  facet normal -0.0983144 -0.467374 -0.878576
    outer loop
      vertex -2.29186 -10.2414 -18.6492
      vertex -2.10313 -10.2029 -18.6908
      vertex -2.29387 -10.2938 -18.6211
    endloop
  endfacet
  facet normal -0.0977678 -0.469068 -0.877734
    outer loop
      vertex -1.09769 -9.84145 -18.9953
      vertex -1.09934 -9.81809 -19.0076
      vertex 0.210456 -10.3467 -18.871
    endloop
  endfacet
  facet normal -0.0970395 -0.467501 -0.87865
    outer loop
      vertex -1.09934 -9.81809 -19.0076
      vertex -1.10072 -9.79525 -19.0196
      vertex 0.210456 -10.3467 -18.871
    endloop
  endfacet
  facet normal -0.0968348 -0.469688 -0.877506
    outer loop
      vertex -2.29186 -10.2414 -18.6492
      vertex -2.16708 -10.1597 -18.7067
      vertex -2.14636 -10.1735 -18.7016
    endloop
  endfacet
  facet normal -0.0985194 -0.470538 -0.876863
    outer loop
      vertex -1.10072 -9.79525 -19.0196
      vertex -1.10182 -9.77303 -19.0314
      vertex 0.210456 -10.3467 -18.871
    endloop
  endfacet
  facet normal -0.0981989 -0.467182 -0.878691
    outer loop
      vertex -2.18689 -10.1466 -18.7115
      vertex -2.29005 -10.1962 -18.6736
      vertex -2.20556 -10.1344 -18.7159
    endloop
  endfacet
  facet normal -0.0976918 -0.468914 -0.877825
    outer loop
      vertex -1.10182 -9.77303 -19.0314
      vertex -1.10263 -9.75152 -19.0428
      vertex 0.210456 -10.3467 -18.871
    endloop
  endfacet
  facet normal -0.0975873 -0.468717 -0.877941
    outer loop
      vertex -1.10263 -9.75152 -19.0428
      vertex -1.10314 -9.73081 -19.0538
      vertex 0.210456 -10.3467 -18.871
    endloop
  endfacet
  facet normal -0.0971629 -0.467896 -0.878426
    outer loop
      vertex -2.22285 -10.1233 -18.7199
      vertex -2.20556 -10.1344 -18.7159
      vertex -2.28846 -10.1583 -18.694
    endloop
  endfacet
  facet normal -0.0984303 -0.470128 -0.877092
    outer loop
      vertex 0.210456 -10.3467 -18.871
      vertex -1.10335 -9.711 -19.0643
      vertex -1.10324 -9.69218 -19.0744
    endloop
  endfacet
  facet normal -0.0973697 -0.469249 -0.877681
    outer loop
      vertex -2.28709 -10.1283 -18.7101
      vertex -2.23853 -10.1135 -18.7234
      vertex -2.22285 -10.1233 -18.7199
    endloop
  endfacet
  facet normal -0.10262 -0.470662 -0.876326
    outer loop
      vertex -2.27352 -10.0931 -18.7305
      vertex -2.28596 -10.1064 -18.7219
      vertex -2.28508 -10.093 -18.7292
    endloop
  endfacet
  facet normal -0.0989367 -0.472877 -0.875556
    outer loop
      vertex -2.28596 -10.1064 -18.7219
      vertex -2.26409 -10.0982 -18.7288
      vertex -2.25235 -10.1051 -18.7264
    endloop
  endfacet
  facet normal -0.0869829 -0.474469 -0.875964
    outer loop
      vertex -2.28038 -10.0898 -18.7314
      vertex -2.28508 -10.093 -18.7292
      vertex -2.28445 -10.0885 -18.7317
    endloop
  endfacet
  facet normal -0.0972994 -0.468215 -0.878241
    outer loop
      vertex 0.210456 -10.3467 -18.871
      vertex -1.10324 -9.69218 -19.0744
      vertex -1.10281 -9.67445 -19.0839
    endloop
  endfacet
  facet normal -0.0984651 -0.473772 -0.875125
    outer loop
      vertex -2.26409 -10.0982 -18.7288
      vertex -2.28596 -10.1064 -18.7219
      vertex -2.27352 -10.0931 -18.7305
    endloop
  endfacet
  facet normal -0.0994671 -0.468005 -0.87811
    outer loop
      vertex -2.28709 -10.1283 -18.7101
      vertex -2.28596 -10.1064 -18.7219
      vertex -2.25235 -10.1051 -18.7264
    endloop
  endfacet
  facet normal -0.0975135 -0.468775 -0.877919
    outer loop
      vertex 0.648027 -1.86494 -23.4457
      vertex -0.407737 -1.75975 -23.3846
      vertex 0.650783 -1.74734 -23.5088
    endloop
  endfacet
  facet normal -0.0977213 -0.467903 -0.878361
    outer loop
      vertex 0.636898 -1.04334 -23.8829
      vertex 0.640998 -1.08099 -23.8633
      vertex -0.447995 -1.22243 -23.6668
    endloop
  endfacet
  facet normal -0.100367 -0.468026 -0.877996
    outer loop
      vertex -0.809839 -0.897467 -23.8
      vertex -0.59072 0.230642 -24.4264
      vertex -0.793142 -0.901798 -23.7996
    endloop
  endfacet
  facet normal -0.0969369 -0.468149 -0.878317
    outer loop
      vertex -2.21575 -0.38178 -23.9191
      vertex -1.58566 -1.06121 -23.6265
      vertex -1.5984 -1.0839 -23.613
    endloop
  endfacet
  facet normal -0.0968023 -0.469079 -0.877835
    outer loop
      vertex -2.86448 -0.982119 -23.5267
      vertex -2.21817 -0.381906 -23.9187
      vertex -2.8441 -1.02132 -23.508
    endloop
  endfacet
  facet normal -0.107162 -0.458777 -0.882066
    outer loop
      vertex -2.22035 -0.38106 -23.919
      vertex -2.91257 -0.91306 -23.5582
      vertex -2.22229 -0.379261 -23.9197
    endloop
  endfacet
  facet normal -0.0923105 -0.474765 -0.875258
    outer loop
      vertex -2.22402 -0.376528 -23.921
      vertex -2.22229 -0.379261 -23.9197
      vertex -2.97149 -0.855424 -23.5824
    endloop
  endfacet
  facet normal -0.106716 -0.456608 -0.883245
    outer loop
      vertex -2.22555 -0.372882 -23.9227
      vertex -2.22402 -0.376528 -23.921
      vertex -3.0054 -0.830507 -23.5919
    endloop
  endfacet
  facet normal -0.0940031 -0.473431 -0.8758
    outer loop
      vertex -2.22809 -0.362925 -23.9278
      vertex -2.2269 -0.368341 -23.925
      vertex -3.04249 -0.807987 -23.5998
    endloop
  endfacet
  facet normal -0.10468 -0.458751 -0.882377
    outer loop
      vertex -2.22859 -0.360704 -23.9289
      vertex -3.04249 -0.807987 -23.5998
      vertex -2.2292 -0.357872 -23.9303
    endloop
  endfacet
  facet normal -0.099862 -0.465439 -0.879428
    outer loop
      vertex -3.04249 -0.807987 -23.5998
      vertex -2.23075 -0.350503 -23.9341
      vertex -2.22992 -0.35446 -23.9321
    endloop
  endfacet
  facet normal -0.10054 -0.464591 -0.879799
    outer loop
      vertex -2.23269 -0.341076 -23.9389
      vertex -2.23167 -0.346031 -23.9364
      vertex -3.04249 -0.807987 -23.5998
    endloop
  endfacet
  facet normal -0.0956093 -0.471069 -0.8769
    outer loop
      vertex -2.23379 -0.335672 -23.9417
      vertex -3.04249 -0.807987 -23.5998
      vertex -2.23496 -0.32985 -23.9447
    endloop
  endfacet
  facet normal -0.094161 -0.47276 -0.876146
    outer loop
      vertex -3.04249 -0.807987 -23.5998
      vertex -2.23752 -0.31708 -23.9512
      vertex -2.23621 -0.323642 -23.9478
    endloop
  endfacet
  facet normal -0.0953786 -0.471186 -0.876862
    outer loop
      vertex -2.24029 -0.303027 -23.9584
      vertex -2.23888 -0.310198 -23.9547
      vertex -3.04249 -0.807987 -23.5998
    endloop
  endfacet
  facet normal -0.0976407 -0.468354 -0.878129
    outer loop
      vertex -2.24174 -0.2956 -23.9622
      vertex -2.24029 -0.303027 -23.9584
      vertex -3.0829 -0.787711 -23.6062
    endloop
  endfacet
  facet normal -0.0986306 -0.467074 -0.8787
    outer loop
      vertex -2.24323 -0.287947 -23.9661
      vertex -3.0829 -0.787711 -23.6062
      vertex -2.24474 -0.280103 -23.9701
    endloop
  endfacet
  facet normal -0.0975384 -0.468443 -0.878093
    outer loop
      vertex -3.0829 -0.787711 -23.6062
      vertex -2.24627 -0.272099 -23.9742
      vertex -2.24474 -0.280103 -23.9701
    endloop
  endfacet
  facet normal -0.098669 -0.46711 -0.878677
    outer loop
      vertex -2.24936 -0.255739 -23.9826
      vertex -2.24781 -0.263967 -23.9784
      vertex -3.0829 -0.787711 -23.6062
    endloop
  endfacet
  facet normal -0.10213 -0.463103 -0.880401
    outer loop
      vertex -2.25091 -0.247448 -23.9869
      vertex -3.0829 -0.787711 -23.6062
      vertex -2.25244 -0.239126 -23.9911
    endloop
  endfacet
  facet normal -0.0974301 -0.468617 -0.878012
    outer loop
      vertex -2.2624 -0.192858 -24.0147
      vertex -3.12679 -0.769525 -23.611
      vertex -2.27342 -0.148785 -24.037
    endloop
  endfacet
  facet normal -0.0983983 -0.469372 -0.877501
    outer loop
      vertex -2.29887 -0.0670029 -24.0778
      vertex -2.73187 0.340093 -24.247
      vertex -2.31339 -0.0291859 -24.0964
    endloop
  endfacet
  facet normal -0.0947866 -0.466115 -0.879632
    outer loop
      vertex -2.36462 0.0726203 -24.145
      vertex -2.34622 0.0405712 -24.13
      vertex -2.63192 0.302294 -24.2379
    endloop
  endfacet
  facet normal -0.102847 -0.473249 -0.874905
    outer loop
      vertex -2.5346 0.24921 -24.2204
      vertex -2.40561 0.13133 -24.1718
      vertex -2.56529 0.268266 -24.2271
    endloop
  endfacet
  facet normal -0.0973627 -0.468606 -0.878026
    outer loop
      vertex -3.12679 -0.769525 -23.611
      vertex -3.17433 -0.753277 -23.6144
      vertex -2.73187 0.340093 -24.247
    endloop
  endfacet
  facet normal -0.0981216 -0.468359 -0.878073
    outer loop
      vertex -3.17433 -0.753277 -23.6144
      vertex -2.80398 0.362435 -24.2509
      vertex -2.78038 0.355616 -24.2499
    endloop
  endfacet
  facet normal -0.0973816 -0.468544 -0.878056
    outer loop
      vertex -2.87902 0.380027 -24.2519
      vertex -2.85274 0.374565 -24.2519
      vertex -3.17433 -0.753277 -23.6144
    endloop
  endfacet
  facet normal -0.0967213 -0.46867 -0.878062
    outer loop
      vertex -2.93825 0.390123 -24.2507
      vertex -3.17433 -0.753277 -23.6144
      vertex -2.97233 0.394908 -24.2495
    endloop
  endfacet
  facet normal -0.0977792 -0.468476 -0.878049
    outer loop
      vertex -3.17433 -0.753277 -23.6144
      vertex -3.22566 -0.738815 -23.6164
      vertex -2.97233 0.394908 -24.2495
    endloop
  endfacet
  facet normal -0.0975256 -0.468504 -0.878062
    outer loop
      vertex -2.90734 0.385188 -24.2515
      vertex -3.17433 -0.753277 -23.6144
      vertex -2.93825 0.390123 -24.2507
    endloop
  endfacet
  facet normal -0.0978352 -0.468464 -0.878049
    outer loop
      vertex -3.01014 0.399618 -24.2478
      vertex -2.97233 0.394908 -24.2495
      vertex -3.22566 -0.738815 -23.6164
    endloop
  endfacet
  facet normal -0.0962318 -0.468774 -0.878061
    outer loop
      vertex -3.01014 0.399618 -24.2478
      vertex -3.22566 -0.738815 -23.6164
      vertex -3.05225 0.404329 -24.2457
    endloop
  endfacet
  facet normal -0.0981933 -0.468451 -0.878016
    outer loop
      vertex -3.22566 -0.738815 -23.6164
      vertex -3.09923 0.409116 -24.243
      vertex -3.05225 0.404329 -24.2457
    endloop
  endfacet
  facet normal -0.0977522 -0.468506 -0.878036
    outer loop
      vertex -3.28094 -0.725983 -23.6171
      vertex -3.15164 0.414054 -24.2398
      vertex -3.09923 0.409116 -24.243
    endloop
  endfacet
  facet normal -0.096972 -0.468611 -0.878066
    outer loop
      vertex -3.34033 -0.71463 -23.6166
      vertex -3.15164 0.414054 -24.2398
      vertex -3.28094 -0.725983 -23.6171
    endloop
  endfacet
  facet normal -0.0970492 -0.468597 -0.878065
    outer loop
      vertex -3.21006 0.41922 -24.2361
      vertex -3.15164 0.414054 -24.2398
      vertex -3.34033 -0.71463 -23.6166
    endloop
  endfacet
  facet normal -0.0975228 -0.468533 -0.878047
    outer loop
      vertex -3.21006 0.41922 -24.2361
      vertex -3.34033 -0.71463 -23.6166
      vertex -3.27505 0.424689 -24.2318
    endloop
  endfacet
  facet normal -0.0986074 -0.468434 -0.877979
    outer loop
      vertex -3.34033 -0.71463 -23.6166
      vertex -3.40399 -0.704603 -23.6148
      vertex -3.27505 0.424689 -24.2318
    endloop
  endfacet
  facet normal -0.0976228 -0.468567 -0.878017
    outer loop
      vertex -3.40399 -0.704603 -23.6148
      vertex -3.34718 0.430535 -24.2269
      vertex -3.27505 0.424689 -24.2318
    endloop
  endfacet
  facet normal -0.0961623 -0.468691 -0.878112
    outer loop
      vertex -3.41632 -0.70301 -23.6143
      vertex -3.34718 0.430535 -24.2269
      vertex -3.40399 -0.704603 -23.6148
    endloop
  endfacet
  facet normal -0.0985933 -0.468463 -0.877964
    outer loop
      vertex -3.43084 -0.701266 -23.6136
      vertex -3.34718 0.430535 -24.2269
      vertex -3.41632 -0.70301 -23.6143
    endloop
  endfacet
  facet normal -0.0956383 -0.46877 -0.878127
    outer loop
      vertex -3.44741 -0.699384 -23.6128
      vertex -3.34718 0.430535 -24.2269
      vertex -3.43084 -0.701266 -23.6136
    endloop
  endfacet
  facet normal -0.0974771 -0.468558 -0.878038
    outer loop
      vertex -3.42701 0.436836 -24.2214
      vertex -3.34718 0.430535 -24.2269
      vertex -3.44741 -0.699384 -23.6128
    endloop
  endfacet
  facet normal -0.0983376 -0.468507 -0.87797
    outer loop
      vertex -3.42701 0.436836 -24.2214
      vertex -3.44741 -0.699384 -23.6128
      vertex -3.4659 -0.697377 -23.6118
    endloop
  endfacet
  facet normal -0.0966189 -0.468632 -0.878094
    outer loop
      vertex -3.42701 0.436836 -24.2214
      vertex -3.4659 -0.697377 -23.6118
      vertex -3.48617 -0.695259 -23.6107
    endloop
  endfacet
  facet normal -0.0994386 -0.468386 -0.87791
    outer loop
      vertex -3.42701 0.436836 -24.2214
      vertex -3.48617 -0.695259 -23.6107
      vertex -3.50809 -0.693042 -23.6094
    endloop
  endfacet
  facet normal -0.0947904 -0.46886 -0.878171
    outer loop
      vertex -3.42701 0.436836 -24.2214
      vertex -3.50809 -0.693042 -23.6094
      vertex -3.53152 -0.69074 -23.6081
    endloop
  endfacet
  facet normal -0.098092 -0.46847 -0.878017
    outer loop
      vertex -3.42701 0.436836 -24.2214
      vertex -3.53152 -0.69074 -23.6081
      vertex -3.51512 0.443665 -24.2152
    endloop
  endfacet
  facet normal -0.097952 -0.468479 -0.878028
    outer loop
      vertex -3.53152 -0.69074 -23.6081
      vertex -3.55632 -0.688366 -23.6066
      vertex -3.51512 0.443665 -24.2152
    endloop
  endfacet
  facet normal -0.0977057 -0.468497 -0.878046
    outer loop
      vertex -3.55632 -0.688366 -23.6066
      vertex -3.58236 -0.685934 -23.605
      vertex -3.51512 0.443665 -24.2152
    endloop
  endfacet
  facet normal -0.0977556 -0.468492 -0.878043
    outer loop
      vertex -3.58236 -0.685934 -23.605
      vertex -3.60951 -0.683455 -23.6033
      vertex -3.51512 0.443665 -24.2152
    endloop
  endfacet
  facet normal -0.0975116 -0.46852 -0.878055
    outer loop
      vertex -3.60951 -0.683455 -23.6033
      vertex -3.61207 0.451099 -24.2084
      vertex -3.51512 0.443665 -24.2152
    endloop
  endfacet
  facet normal -0.0980719 -0.468495 -0.878006
    outer loop
      vertex -3.63762 -0.680944 -23.6015
      vertex -3.61207 0.451099 -24.2084
      vertex -3.60951 -0.683455 -23.6033
    endloop
  endfacet
  facet normal -0.0985614 -0.468463 -0.877968
    outer loop
      vertex -3.66657 -0.678414 -23.5996
      vertex -3.61207 0.451099 -24.2084
      vertex -3.63762 -0.680944 -23.6015
    endloop
  endfacet
  facet normal -0.0964022 -0.468645 -0.878111
    outer loop
      vertex -3.69621 -0.675877 -23.5977
      vertex -3.61207 0.451099 -24.2084
      vertex -3.66657 -0.678414 -23.5996
    endloop
  endfacet
  facet normal -0.0973541 -0.468545 -0.878059
    outer loop
      vertex -3.72642 -0.673348 -23.5957
      vertex -3.61207 0.451099 -24.2084
      vertex -3.69621 -0.675877 -23.5977
    endloop
  endfacet
  facet normal -0.0985638 -0.468393 -0.878005
    outer loop
      vertex -3.75705 -0.670839 -23.5936
      vertex -3.61207 0.451099 -24.2084
      vertex -3.72642 -0.673348 -23.5957
    endloop
  endfacet
  facet normal -0.0971442 -0.468602 -0.878052
    outer loop
      vertex -3.78797 -0.668364 -23.5915
      vertex -3.61207 0.451099 -24.2084
      vertex -3.75705 -0.670839 -23.5936
    endloop
  endfacet
  facet normal -0.0959528 -0.468802 -0.878076
    outer loop
      vertex -3.81905 -0.665936 -23.5894
      vertex -3.61207 0.451099 -24.2084
      vertex -3.78797 -0.668364 -23.5915
    endloop
  endfacet
  facet normal -0.0978282 -0.468446 -0.878059
    outer loop
      vertex -3.85014 -0.663567 -23.5872
      vertex -3.61207 0.451099 -24.2084
      vertex -3.81905 -0.665936 -23.5894
    endloop
  endfacet
  facet normal -0.0970684 -0.468607 -0.878058
    outer loop
      vertex -3.88112 -0.661272 -23.585
      vertex -3.61207 0.451099 -24.2084
      vertex -3.85014 -0.663567 -23.5872
    endloop
  endfacet
  facet normal -0.0993825 -0.468064 -0.878088
    outer loop
      vertex -3.91185 -0.659062 -23.5827
      vertex -3.61207 0.451099 -24.2084
      vertex -3.88112 -0.661272 -23.585
    endloop
  endfacet
  facet normal -0.0974558 -0.468558 -0.878041
    outer loop
      vertex -4.24904 0.500006 -24.1638
      vertex -3.61207 0.451099 -24.2084
      vertex -3.91185 -0.659062 -23.5827
    endloop
  endfacet
  facet normal -0.0974592 -0.468559 -0.87804
    outer loop
      vertex -4.24904 0.500006 -24.1638
      vertex -3.91185 -0.659062 -23.5827
      vertex -4.28457 -0.632695 -23.5554
    endloop
  endfacet
  facet normal -0.097639 -0.468525 -0.878038
    outer loop
      vertex -3.28094 -0.725983 -23.6171
      vertex -3.09923 0.409116 -24.243
      vertex -3.22566 -0.738815 -23.6164
    endloop
  endfacet
  facet normal -0.0941466 -0.465569 -0.87999
    outer loop
      vertex -2.70584 0.331238 -24.2451
      vertex -2.31339 -0.0291859 -24.0964
      vertex -2.73187 0.340093 -24.247
    endloop
  endfacet
  facet normal -0.097867 -0.468153 -0.878211
    outer loop
      vertex -2.27342 -0.148785 -24.037
      vertex -3.12679 -0.769525 -23.611
      vertex -2.28557 -0.106851 -24.058
    endloop
  endfacet
  facet normal -0.0971893 -0.468627 -0.878034
    outer loop
      vertex -3.53066 -9.15333 -19.0923
      vertex -3.3734 -8.22627 -19.6045
      vertex -3.18178 -8.33852 -19.5658
    endloop
  endfacet
  facet normal -0.0979005 -0.468077 -0.878248
    outer loop
      vertex -2.2624 -0.192858 -24.0147
      vertex -3.0829 -0.787711 -23.6062
      vertex -3.12679 -0.769525 -23.611
    endloop
  endfacet
  facet normal -0.0972615 -0.468758 -0.877956
    outer loop
      vertex -2.25244 -0.239126 -23.9911
      vertex -3.0829 -0.787711 -23.6062
      vertex -2.2624 -0.192858 -24.0147
    endloop
  endfacet
  facet normal -0.095458 -0.471004 -0.876951
    outer loop
      vertex -2.24627 -0.272099 -23.9742
      vertex -3.0829 -0.787711 -23.6062
      vertex -2.24781 -0.263967 -23.9784
    endloop
  endfacet
  facet normal -0.0986775 -0.467015 -0.878726
    outer loop
      vertex -3.0829 -0.787711 -23.6062
      vertex -2.24323 -0.287947 -23.9661
      vertex -2.24174 -0.2956 -23.9622
    endloop
  endfacet
  facet normal -0.0971765 -0.468668 -0.878013
    outer loop
      vertex -3.11613 -9.12144 -19.1553
      vertex -3.16888 -9.1283 -19.1458
      vertex -2.99815 -8.44618 -19.5288
    endloop
  endfacet
  facet normal -0.0966608 -0.469638 -0.877551
    outer loop
      vertex -3.04249 -0.807987 -23.5998
      vertex -3.0829 -0.787711 -23.6062
      vertex -2.24029 -0.303027 -23.9584
    endloop
  endfacet
  facet normal -0.0991352 -0.466579 -0.878906
    outer loop
      vertex -2.23752 -0.31708 -23.9512
      vertex -3.04249 -0.807987 -23.5998
      vertex -2.23888 -0.310198 -23.9547
    endloop
  endfacet
  facet normal -0.103505 -0.460956 -0.881366
    outer loop
      vertex -2.23621 -0.323642 -23.9478
      vertex -2.23496 -0.32985 -23.9447
      vertex -3.04249 -0.807987 -23.5998
    endloop
  endfacet
  facet normal -0.0968857 -0.468444 -0.878165
    outer loop
      vertex -3.64659 -9.61454 -18.8333
      vertex -3.44214 -10.5694 -18.3465
      vertex -3.68685 -9.61015 -18.8312
    endloop
  endfacet
  facet normal -0.0940802 -0.473039 -0.876004
    outer loop
      vertex -3.04249 -0.807987 -23.5998
      vertex -2.23379 -0.335672 -23.9417
      vertex -2.23269 -0.341076 -23.9389
    endloop
  endfacet
  facet normal -0.0990131 -0.468333 -0.877987
    outer loop
      vertex -3.06383 -9.11375 -19.1653
      vertex -3.11613 -9.12144 -19.1553
      vertex -2.99815 -8.44618 -19.5288
    endloop
  endfacet
  facet normal -0.0958596 -0.470785 -0.877025
    outer loop
      vertex -2.23075 -0.350503 -23.9341
      vertex -3.04249 -0.807987 -23.5998
      vertex -2.23167 -0.346031 -23.9364
    endloop
  endfacet
  facet normal -0.0894298 -0.479429 -0.873012
    outer loop
      vertex -2.22992 -0.35446 -23.9321
      vertex -2.2292 -0.357872 -23.9303
      vertex -3.04249 -0.807987 -23.5998
    endloop
  endfacet
  facet normal -0.103716 -0.46008 -0.881799
    outer loop
      vertex -3.04249 -0.807987 -23.5998
      vertex -2.22859 -0.360704 -23.9289
      vertex -2.22809 -0.362925 -23.9278
    endloop
  endfacet
  facet normal -0.0974991 -0.468588 -0.87802
    outer loop
      vertex -3.0054 -0.830507 -23.5919
      vertex -3.04249 -0.807987 -23.5998
      vertex -2.2269 -0.368341 -23.925
    endloop
  endfacet
  facet normal -0.0969855 -0.468553 -0.878096
    outer loop
      vertex -1.20172 0.261498 -24.375
      vertex -1.13767 -0.863827 -23.7816
      vertex -1.24028 0.259547 -24.3697
    endloop
  endfacet
  facet normal -0.0963117 -0.468566 -0.878163
    outer loop
      vertex -1.11172 -0.864436 -23.7841
      vertex -1.20172 0.261498 -24.375
      vertex -1.16184 0.262859 -24.3801
    endloop
  endfacet
  facet normal -0.097979 -0.468497 -0.878015
    outer loop
      vertex -0.92169 -0.878802 -23.7976
      vertex -0.858231 0.256568 -24.4105
      vertex -0.813131 0.253508 -24.4139
    endloop
  endfacet
  facet normal -0.0970171 -0.468584 -0.878076
    outer loop
      vertex -0.92169 -0.878802 -23.7976
      vertex -0.947965 -0.875798 -23.7963
      vertex -0.858231 0.256568 -24.4105
    endloop
  endfacet
  facet normal -0.0989268 -0.468722 -0.877789
    outer loop
      vertex -3.53413 -9.62855 -18.8383
      vertex -3.50055 -9.63339 -18.8395
      vertex -3.3362 -10.5241 -18.3824
    endloop
  endfacet
  facet normal -0.0992305 -0.468421 -0.877915
    outer loop
      vertex -0.947965 -0.875798 -23.7963
      vertex -0.974951 -0.87308 -23.7947
      vertex -0.903193 0.259104 -24.4069
    endloop
  endfacet
  facet normal -0.0976623 -0.468572 -0.87801
    outer loop
      vertex -0.903193 0.259104 -24.4069
      vertex -0.974951 -0.87308 -23.7947
      vertex -0.94787 0.261108 -24.403
    endloop
  endfacet
  facet normal -0.0965647 -0.468828 -0.877995
    outer loop
      vertex -2.82638 -8.54696 -19.4941
      vertex -2.96024 -9.09582 -19.1863
      vertex -3.01189 -9.10522 -19.1756
    endloop
  endfacet
  facet normal -0.0955908 -0.468706 -0.878167
    outer loop
      vertex -0.94787 0.261108 -24.403
      vertex -0.974951 -0.87308 -23.7947
      vertex -1.0024 -0.870667 -23.793
    endloop
  endfacet
  facet normal -0.098895 -0.468431 -0.877948
    outer loop
      vertex -0.992117 0.262572 -24.3988
      vertex -1.0024 -0.870667 -23.793
      vertex -1.03005 -0.868578 -23.791
    endloop
  endfacet
  facet normal -0.0964743 -0.468567 -0.878144
    outer loop
      vertex -1.03005 -0.868578 -23.791
      vertex -1.05765 -0.866831 -23.7889
      vertex -1.07872 0.263845 -24.3899
    endloop
  endfacet
  facet normal -0.0978831 -0.468523 -0.878012
    outer loop
      vertex -1.07872 0.263845 -24.3899
      vertex -1.05765 -0.866831 -23.7889
      vertex -1.12079 0.263639 -24.3851
    endloop
  endfacet
  facet normal -0.0996562 -0.468528 -0.87781
    outer loop
      vertex -1.16184 0.262859 -24.3801
      vertex -1.08496 -0.865444 -23.7866
      vertex -1.11172 -0.864436 -23.7841
    endloop
  endfacet
  facet normal -0.0976328 -0.468577 -0.878011
    outer loop
      vertex -0.872287 -0.885595 -23.7994
      vertex -0.89638 -0.882074 -23.7986
      vertex -0.768041 0.249933 -24.417
    endloop
  endfacet
  facet normal -0.0972865 -0.468618 -0.878028
    outer loop
      vertex -0.872287 -0.885595 -23.7994
      vertex -0.768041 0.249933 -24.417
      vertex -0.723108 0.245851 -24.4198
    endloop
  endfacet
  facet normal -0.0972507 -0.468566 -0.878059
    outer loop
      vertex -0.828764 -0.89331 -23.8002
      vertex -0.849664 -0.889347 -23.8
      vertex -0.678478 0.241269 -24.4223
    endloop
  endfacet
  facet normal -0.0968139 -0.46846 -0.878164
    outer loop
      vertex -1.20817 -0.864572 -23.7734
      vertex -1.37456 0.246571 -24.3478
      vertex -1.18614 -0.863876 -23.7762
    endloop
  endfacet
  facet normal -0.098296 -0.468661 -0.877892
    outer loop
      vertex -1.54528 0.213563 -24.3112
      vertex -1.4907 0.226467 -24.3242
      vertex -1.22837 -0.86574 -23.7705
    endloop
  endfacet
  facet normal -0.0961915 -0.468915 -0.87799
    outer loop
      vertex -0.430515 0.20461 -24.4303
      vertex -0.395983 0.197339 -24.4302
      vertex -0.758967 -0.912483 -23.7977
    endloop
  endfacet
  facet normal -0.0972738 -0.468609 -0.878034
    outer loop
      vertex -0.361516 0.189377 -24.4298
      vertex -0.327182 0.180751 -24.429
      vertex -0.726772 -0.924041 -23.7951
    endloop
  endfacet
  facet normal -0.0978598 -0.468443 -0.878057
    outer loop
      vertex -0.29305 0.171484 -24.4279
      vertex -0.696493 -0.936552 -23.7918
      vertex -0.726772 -0.924041 -23.7951
    endloop
  endfacet
  facet normal -0.0947496 -0.472085 -0.876446
    outer loop
      vertex -3.0054 -0.830507 -23.5919
      vertex -2.2269 -0.368341 -23.925
      vertex -2.22555 -0.372882 -23.9227
    endloop
  endfacet
  facet normal -0.0979237 -0.468105 -0.87823
    outer loop
      vertex -2.97149 -0.855424 -23.5824
      vertex -3.0054 -0.830507 -23.5919
      vertex -2.22402 -0.376528 -23.921
    endloop
  endfacet
  facet normal -0.0978422 -0.468155 -0.878213
    outer loop
      vertex -2.9406 -0.88289 -23.5712
      vertex -2.97149 -0.855424 -23.5824
      vertex -2.22229 -0.379261 -23.9197
    endloop
  endfacet
  facet normal -0.0973214 -0.468726 -0.877966
    outer loop
      vertex -2.9406 -0.88289 -23.5712
      vertex -2.22229 -0.379261 -23.9197
      vertex -2.91257 -0.91306 -23.5582
    endloop
  endfacet
  facet normal -0.0976884 -0.46841 -0.878094
    outer loop
      vertex -2.91257 -0.91306 -23.5582
      vertex -2.22035 -0.38106 -23.919
      vertex -2.88725 -0.946085 -23.5434
    endloop
  endfacet
  facet normal -0.0975312 -0.468556 -0.878034
    outer loop
      vertex -2.22035 -0.38106 -23.919
      vertex -2.86448 -0.982119 -23.5267
      vertex -2.88725 -0.946085 -23.5434
    endloop
  endfacet
  facet normal -0.070946 -0.49076 -0.868402
    outer loop
      vertex -2.21817 -0.381906 -23.9187
      vertex -2.86448 -0.982119 -23.5267
      vertex -2.22035 -0.38106 -23.919
    endloop
  endfacet
  facet normal -0.0970336 -0.468898 -0.877906
    outer loop
      vertex -2.82596 -1.06383 -23.4873
      vertex -2.8441 -1.02132 -23.508
      vertex -2.21817 -0.381906 -23.9187
    endloop
  endfacet
  facet normal -0.0971405 -0.468286 -0.878221
    outer loop
      vertex -1.5984 -1.0839 -23.613
      vertex -1.61031 -1.10806 -23.5988
      vertex -2.21575 -0.38178 -23.9191
    endloop
  endfacet
  facet normal -0.0982687 -0.469164 -0.877627
    outer loop
      vertex -2.21006 -0.37853 -23.9214
      vertex -1.50785 -0.968387 -23.6847
      vertex -1.52546 -0.98434 -23.6742
    endloop
  endfacet
  facet normal -0.0966719 -0.467724 -0.878572
    outer loop
      vertex -2.20677 -0.375368 -23.9235
      vertex -1.48913 -0.95366 -23.6946
      vertex -1.50785 -0.968387 -23.6847
    endloop
  endfacet
  facet normal -0.0964661 -0.467563 -0.87868
    outer loop
      vertex -2.19014 -0.352011 -23.9378
      vertex -1.46925 -0.940118 -23.704
      vertex -2.19485 -0.359496 -23.9333
    endloop
  endfacet
  facet normal -0.0975178 -0.468504 -0.878063
    outer loop
      vertex -2.12715 -0.234254 -24.0076
      vertex -1.4021 -0.906195 -23.7296
      vertex -2.15282 -0.2827 -23.9789
    endloop
  endfacet
  facet normal -0.0975604 -0.468547 -0.878035
    outer loop
      vertex -1.86767 0.0666102 -24.197
      vertex -1.29329 -0.875091 -23.7583
      vertex -1.90591 0.0370934 -24.177
    endloop
  endfacet
  facet normal -0.0969773 -0.468013 -0.878384
    outer loop
      vertex -2.21006 -0.37853 -23.9214
      vertex -1.52546 -0.98434 -23.6742
      vertex -1.54199 -1.00156 -23.6632
    endloop
  endfacet
  facet normal -0.0866221 -0.459264 -0.884066
    outer loop
      vertex -2.21006 -0.37853 -23.9214
      vertex -1.54199 -1.00156 -23.6632
      vertex -2.21305 -0.380661 -23.92
    endloop
  endfacet
  facet normal -0.097392 -0.468441 -0.87811
    outer loop
      vertex -1.54199 -1.00156 -23.6632
      vertex -1.5575 -1.02008 -23.6516
      vertex -2.21305 -0.380661 -23.92
    endloop
  endfacet
  facet normal -0.097093 -0.468202 -0.878271
    outer loop
      vertex -1.5575 -1.02008 -23.6516
      vertex -1.57204 -1.03995 -23.6394
      vertex -2.21305 -0.380661 -23.92
    endloop
  endfacet
  facet normal -0.0981852 -0.469025 -0.87771
    outer loop
      vertex -1.57204 -1.03995 -23.6394
      vertex -2.21575 -0.38178 -23.9191
      vertex -2.21305 -0.380661 -23.92
    endloop
  endfacet
  facet normal -0.098138 -0.468742 -0.877867
    outer loop
      vertex -1.74169 0.142085 -24.2513
      vertex -1.29329 -0.875091 -23.7583
      vertex -1.78562 0.11907 -24.2341
    endloop
  endfacet
  facet normal -0.0975783 -0.467892 -0.878383
    outer loop
      vertex -0.407737 -1.75975 -23.3846
      vertex -0.406585 -1.6971 -23.4181
      vertex 0.650783 -1.74734 -23.5088
    endloop
  endfacet
  facet normal -0.0978108 -0.468431 -0.878069
    outer loop
      vertex -0.192563 0.140091 -24.4223
      vertex -0.696493 -0.936552 -23.7918
      vertex -0.225671 0.151128 -24.4245
    endloop
  endfacet
  facet normal -0.0975717 -0.467418 -0.878635
    outer loop
      vertex 0.655341 -1.40259 -23.6932
      vertex -0.407895 -1.41505 -23.5685
      vertex -0.409246 -1.39879 -23.577
    endloop
  endfacet
  facet normal -0.0974084 -0.468846 -0.877892
    outer loop
      vertex -0.484953 -1.13173 -23.7111
      vertex -0.499606 -1.10528 -23.7236
      vertex 0.605577 -0.835699 -23.9902
    endloop
  endfacet
  facet normal -0.0973929 -0.468814 -0.877911
    outer loop
      vertex 0.559499 -0.647775 -24.0854
      vertex 0.576502 -0.708235 -24.055
      vertex -0.532795 -1.05755 -23.7454
    endloop
  endfacet
  facet normal -0.0971105 -0.46877 -0.877966
    outer loop
      vertex -0.00640468 0.0634052 -24.402
      vertex 0.0218926 0.049115 -24.3975
      vertex -0.641427 -0.964753 -23.7828
    endloop
  endfacet
  facet normal -0.0980092 -0.468389 -0.87807
    outer loop
      vertex -0.361516 0.189377 -24.4298
      vertex -0.726772 -0.924041 -23.7951
      vertex -0.395983 0.197339 -24.4302
    endloop
  endfacet
  facet normal -0.0976633 -0.468501 -0.878048
    outer loop
      vertex -0.505943 0.218119 -24.4291
      vertex -0.758967 -0.912483 -23.7977
      vertex -0.793142 -0.901798 -23.7996
    endloop
  endfacet
  facet normal -0.0989198 -0.468701 -0.877801
    outer loop
      vertex -1.43381 0.237458 -24.3364
      vertex -1.20817 -0.864572 -23.7734
      vertex -1.22837 -0.86574 -23.7705
    endloop
  endfacet
  facet normal -0.0969075 -0.468467 -0.87815
    outer loop
      vertex -1.37456 0.246571 -24.3478
      vertex -1.20817 -0.864572 -23.7734
      vertex -1.43381 0.237458 -24.3364
    endloop
  endfacet
  facet normal -0.0979973 -0.468496 -0.878014
    outer loop
      vertex -0.59072 0.230642 -24.4264
      vertex -0.809839 -0.897467 -23.8
      vertex -0.6343 0.236197 -24.4245
    endloop
  endfacet
  facet normal -0.0937823 -0.469196 -0.8781
    outer loop
      vertex -0.6343 0.236197 -24.4245
      vertex -0.809839 -0.897467 -23.8
      vertex -0.828764 -0.89331 -23.8002
    endloop
  endfacet
  facet normal -0.0993189 -0.468641 -0.877788
    outer loop
      vertex -1.27739 0.256998 -24.3642
      vertex -1.16256 -0.863634 -23.7789
      vertex -1.31288 0.253843 -24.3585
    endloop
  endfacet
  facet normal -0.0979354 -0.468594 -0.877969
    outer loop
      vertex -1.24028 0.259547 -24.3697
      vertex -1.16256 -0.863634 -23.7789
      vertex -1.27739 0.256998 -24.3642
    endloop
  endfacet
  facet normal -0.0979621 -0.468549 -0.877989
    outer loop
      vertex -1.07872 0.263845 -24.3899
      vertex -1.03578 0.263487 -24.3945
      vertex -1.03005 -0.868578 -23.791
    endloop
  endfacet
  facet normal -0.0975244 -0.468516 -0.878055
    outer loop
      vertex -1.24651 -0.867399 -23.7676
      vertex -1.54528 0.213563 -24.3112
      vertex -1.22837 -0.86574 -23.7705
    endloop
  endfacet
  facet normal -0.0969369 -0.468414 -0.878175
    outer loop
      vertex -1.54528 0.213563 -24.3112
      vertex -1.24651 -0.867399 -23.7676
      vertex -1.59761 0.198708 -24.2975
    endloop
  endfacet
  facet normal -0.0975185 -0.469147 -0.877719
    outer loop
      vertex 0.654321 -1.55246 -23.6131
      vertex -0.405339 -1.48355 -23.5322
      vertex -0.405933 -1.45686 -23.5464
    endloop
  endfacet
  facet normal -0.0975169 -0.46912 -0.877734
    outer loop
      vertex -0.405933 -1.45686 -23.5464
      vertex 0.655138 -1.47255 -23.6559
      vertex 0.654321 -1.55246 -23.6131
    endloop
  endfacet
  facet normal -0.0973396 -0.471704 -0.876368
    outer loop
      vertex 0.655341 -1.40259 -23.6932
      vertex -0.409246 -1.39879 -23.577
      vertex -0.410833 -1.3849 -23.5843
    endloop
  endfacet
  facet normal -0.0978135 -0.4654 -0.879679
    outer loop
      vertex -0.410833 -1.3849 -23.5843
      vertex -0.412646 -1.3728 -23.5905
      vertex 0.654948 -1.34125 -23.7259
    endloop
  endfacet
  facet normal -0.0975623 -0.46803 -0.878311
    outer loop
      vertex 0.654948 -1.34125 -23.7259
      vertex -0.412646 -1.3728 -23.5905
      vertex -0.420183 -1.33182 -23.6115
    endloop
  endfacet
  facet normal -0.0971563 -0.469064 -0.877804
    outer loop
      vertex 0.498602 -0.479422 -24.1685
      vertex 0.520551 -0.533373 -24.1421
      vertex -0.55146 -1.03612 -23.7548
    endloop
  endfacet
  facet normal -0.0973062 -0.470086 -0.87724
    outer loop
      vertex -0.428544 -1.29314 -23.6313
      vertex 0.652438 -1.23922 -23.7801
      vertex -0.420183 -1.33182 -23.6115
    endloop
  endfacet
  facet normal -0.0975662 -0.468152 -0.878245
    outer loop
      vertex 0.647744 -1.15596 -23.824
      vertex 0.650356 -1.1959 -23.803
      vertex -0.437794 -1.25671 -23.6497
    endloop
  endfacet
  facet normal -0.0972072 -0.469226 -0.877711
    outer loop
      vertex -0.532795 -1.05755 -23.7454
      vertex 0.576502 -0.708235 -24.055
      vertex -0.515532 -1.08058 -23.735
    endloop
  endfacet
  facet normal -0.0975812 -0.468534 -0.87804
    outer loop
      vertex 0.644619 -1.1181 -23.8439
      vertex -0.447995 -1.22243 -23.6668
      vertex 0.640998 -1.08099 -23.8633
    endloop
  endfacet
  facet normal -0.0971759 -0.46856 -0.878071
    outer loop
      vertex -3.01189 -9.10522 -19.1756
      vertex -3.06383 -9.11375 -19.1653
      vertex -2.99815 -8.44618 -19.5288
    endloop
  endfacet
  facet normal -0.0975682 -0.468249 -0.878193
    outer loop
      vertex 0.636898 -1.04334 -23.8829
      vertex -0.459212 -1.19023 -23.6828
      vertex 0.628094 -0.971925 -23.92
    endloop
  endfacet
  facet normal -0.0975207 -0.468538 -0.878044
    outer loop
      vertex -2.82638 -8.54696 -19.4941
      vertex -3.01189 -9.10522 -19.1756
      vertex -2.99815 -8.44618 -19.5288
    endloop
  endfacet
  facet normal -0.0975636 -0.46848 -0.87807
    outer loop
      vertex 0.617654 -0.902714 -23.9558
      vertex -0.47151 -1.16002 -23.6975
      vertex -0.484953 -1.13173 -23.7111
    endloop
  endfacet
  facet normal -0.0974027 -0.468862 -0.877885
    outer loop
      vertex 0.591861 -0.770874 -24.0233
      vertex 0.605577 -0.835699 -23.9902
      vertex -0.499606 -1.10528 -23.7236
    endloop
  endfacet
  facet normal -0.0967068 -0.469529 -0.877605
    outer loop
      vertex -0.593254 -0.99773 -23.7706
      vertex 0.44974 -0.37799 -24.2171
      vertex -0.571592 -1.01621 -23.7631
    endloop
  endfacet
  facet normal -0.0989749 -0.466499 -0.878967
    outer loop
      vertex -0.55146 -1.03612 -23.7548
      vertex -0.571592 -1.01621 -23.7631
      vertex 0.498602 -0.479422 -24.1685
    endloop
  endfacet
  facet normal -0.0981772 -0.468495 -0.877994
    outer loop
      vertex -2.85746 -9.07437 -19.2092
      vertex -2.90879 -9.08554 -19.1975
      vertex -2.82638 -8.54696 -19.4941
    endloop
  endfacet
  facet normal -0.0969813 -0.469429 -0.877628
    outer loop
      vertex 0.540849 -0.589489 -24.1144
      vertex -0.532795 -1.05755 -23.7454
      vertex -0.55146 -1.03612 -23.7548
    endloop
  endfacet
  facet normal -0.0976333 -0.468342 -0.878136
    outer loop
      vertex -0.515532 -1.08058 -23.735
      vertex 0.576502 -0.708235 -24.055
      vertex 0.591861 -0.770874 -24.0233
    endloop
  endfacet
  facet normal -0.0979939 -0.468543 -0.877989
    outer loop
      vertex -3.3362 -10.5241 -18.3824
      vertex -3.44128 -9.64314 -18.8408
      vertex -3.23341 -10.4802 -18.4173
    endloop
  endfacet
  facet normal -0.0976045 -0.468352 -0.878134
    outer loop
      vertex 0.617654 -0.902714 -23.9558
      vertex -0.484953 -1.13173 -23.7111
      vertex 0.605577 -0.835699 -23.9902
    endloop
  endfacet
  facet normal -0.0974485 -0.468806 -0.877909
    outer loop
      vertex 0.628094 -0.971925 -23.92
      vertex -0.47151 -1.16002 -23.6975
      vertex 0.617654 -0.902714 -23.9558
    endloop
  endfacet
  facet normal -0.0978411 -0.467367 -0.878633
    outer loop
      vertex -0.459212 -1.19023 -23.6828
      vertex -0.47151 -1.16002 -23.6975
      vertex 0.628094 -0.971925 -23.92
    endloop
  endfacet
  facet normal -0.0972088 -0.469832 -0.877387
    outer loop
      vertex -0.447995 -1.22243 -23.6668
      vertex -0.459212 -1.19023 -23.6828
      vertex 0.636898 -1.04334 -23.8829
    endloop
  endfacet
  facet normal -0.0974217 -0.468616 -0.878014
    outer loop
      vertex -2.67037 -8.6386 -19.4625
      vertex -2.80616 -9.06229 -19.2213
      vertex -2.82638 -8.54696 -19.4941
    endloop
  endfacet
  facet normal -0.0977861 -0.467388 -0.878628
    outer loop
      vertex 0.644619 -1.1181 -23.8439
      vertex -0.437794 -1.25671 -23.6497
      vertex -0.447995 -1.22243 -23.6668
    endloop
  endfacet
  facet normal -0.0976597 -0.468277 -0.878168
    outer loop
      vertex -0.515532 -1.08058 -23.735
      vertex 0.591861 -0.770874 -24.0233
      vertex -0.499606 -1.10528 -23.7236
    endloop
  endfacet
  facet normal -0.097358 -0.469339 -0.877635
    outer loop
      vertex 0.647744 -1.15596 -23.824
      vertex -0.437794 -1.25671 -23.6497
      vertex 0.644619 -1.1181 -23.8439
    endloop
  endfacet
  facet normal -0.0975459 -0.468309 -0.878164
    outer loop
      vertex -0.428544 -1.29314 -23.6313
      vertex -0.437794 -1.25671 -23.6497
      vertex 0.650356 -1.1959 -23.803
    endloop
  endfacet
  facet normal -0.0973283 -0.468595 -0.878035
    outer loop
      vertex -3.18178 -8.33852 -19.5658
      vertex -3.38608 -9.14771 -19.1113
      vertex -3.44234 -9.15064 -19.1035
    endloop
  endfacet
  facet normal -0.0974657 -0.468776 -0.877923
    outer loop
      vertex -0.428544 -1.29314 -23.6313
      vertex 0.650356 -1.1959 -23.803
      vertex 0.652438 -1.23922 -23.7801
    endloop
  endfacet
  facet normal -0.0977092 -0.468209 -0.878199
    outer loop
      vertex 0.559499 -0.647775 -24.0854
      vertex -0.532795 -1.05755 -23.7454
      vertex 0.540849 -0.589489 -24.1144
    endloop
  endfacet
  facet normal -0.0974416 -0.469278 -0.877658
    outer loop
      vertex 0.652438 -1.23922 -23.7801
      vertex 0.653975 -1.28723 -23.7546
      vertex -0.420183 -1.33182 -23.6115
    endloop
  endfacet
  facet normal -0.103355 -0.45594 -0.883989
    outer loop
      vertex -2.27352 -10.0931 -18.7305
      vertex -2.28508 -10.093 -18.7292
      vertex -2.28038 -10.0898 -18.7314
    endloop
  endfacet
  facet normal -0.0974267 -0.46864 -0.878001
    outer loop
      vertex 0.520551 -0.533373 -24.1421
      vertex 0.540849 -0.589489 -24.1144
      vertex -0.55146 -1.03612 -23.7548
    endloop
  endfacet
  facet normal -0.0987246 -0.468352 -0.878009
    outer loop
      vertex -3.56474 -9.15327 -19.0885
      vertex -3.3734 -8.22627 -19.6045
      vertex -3.53066 -9.15333 -19.0923
    endloop
  endfacet
  facet normal -0.097549 -0.468311 -0.878162
    outer loop
      vertex 0.654948 -1.34125 -23.7259
      vertex -0.420183 -1.33182 -23.6115
      vertex 0.653975 -1.28723 -23.7546
    endloop
  endfacet
  facet normal -0.0977055 -0.468381 -0.878108
    outer loop
      vertex -0.571592 -1.01621 -23.7631
      vertex 0.474999 -0.427629 -24.1935
      vertex 0.498602 -0.479422 -24.1685
    endloop
  endfacet
  facet normal -0.0962855 -0.468857 -0.878011
    outer loop
      vertex -3.60145 -9.15266 -19.0848
      vertex -3.3734 -8.22627 -19.6045
      vertex -3.56474 -9.15327 -19.0885
    endloop
  endfacet
  facet normal -0.0976058 -0.468436 -0.878089
    outer loop
      vertex 0.187793 -0.0577889 -24.3589
      vertex 0.226379 -0.090385 -24.3458
      vertex -0.616511 -0.980604 -23.7772
    endloop
  endfacet
  facet normal -0.0978729 -0.468442 -0.878057
    outer loop
      vertex -3.64043 -9.15155 -19.0811
      vertex -3.68133 -9.14994 -19.0774
      vertex -3.3734 -8.22627 -19.6045
    endloop
  endfacet
  facet normal -0.097454 -0.468671 -0.877981
    outer loop
      vertex 0.655341 -1.40259 -23.6932
      vertex -0.410833 -1.3849 -23.5843
      vertex 0.654948 -1.34125 -23.7259
    endloop
  endfacet
  facet normal -0.0958628 -0.469693 -0.87761
    outer loop
      vertex 0.147531 -0.0272993 -24.3707
      vertex -0.641427 -0.964753 -23.7828
      vertex 0.124748 -0.0114385 -24.3767
    endloop
  endfacet
  facet normal -0.0970068 -0.468782 -0.877971
    outer loop
      vertex -3.72382 -9.14788 -19.0737
      vertex -3.76753 -9.14539 -19.0702
      vertex -3.3734 -8.22627 -19.6045
    endloop
  endfacet
  facet normal -0.0970648 -0.468863 -0.877922
    outer loop
      vertex 0.0492258 0.0344607 -24.3928
      vertex 0.0755255 0.0194666 -24.3877
      vertex -0.641427 -0.964753 -23.7828
    endloop
  endfacet
  facet normal -0.0975317 -0.468307 -0.878166
    outer loop
      vertex -0.407895 -1.41505 -23.5685
      vertex 0.655138 -1.47255 -23.6559
      vertex -0.406788 -1.43422 -23.5584
    endloop
  endfacet
  facet normal -0.0973016 -0.468671 -0.877998
    outer loop
      vertex -3.76753 -9.14539 -19.0702
      vertex -3.81213 -9.1425 -19.0668
      vertex -3.3734 -8.22627 -19.6045
    endloop
  endfacet
  facet normal -0.0974084 -0.468628 -0.878009
    outer loop
      vertex -3.85725 -9.13923 -19.0635
      vertex -3.90256 -9.13562 -19.0604
      vertex -3.56911 -8.1117 -19.6439
    endloop
  endfacet
  facet normal -0.0972863 -0.468635 -0.878019
    outer loop
      vertex -0.668066 -0.950095 -23.7877
      vertex -0.159933 0.128514 -24.4197
      vertex -0.127853 0.116421 -24.4168
    endloop
  endfacet
  facet normal -0.0964407 -0.468987 -0.877924
    outer loop
      vertex -0.696493 -0.936552 -23.7918
      vertex -0.192563 0.140091 -24.4223
      vertex -0.159933 0.128514 -24.4197
    endloop
  endfacet
  facet normal -0.0975299 -0.468583 -0.878019
    outer loop
      vertex -3.56911 -8.1117 -19.6439
      vertex -3.94771 -9.13168 -19.0575
      vertex -3.99234 -9.12745 -19.0548
    endloop
  endfacet
  facet normal -0.0974475 -0.469669 -0.877448
    outer loop
      vertex 0.654321 -1.55246 -23.6131
      vertex -0.404968 -1.55126 -23.4961
      vertex -0.405014 -1.51482 -23.5156
    endloop
  endfacet
  facet normal -0.096723 -0.468844 -0.877969
    outer loop
      vertex -0.25919 0.161601 -24.4264
      vertex -0.225671 0.151128 -24.4245
      vertex -0.696493 -0.936552 -23.7918
    endloop
  endfacet
  facet normal -0.0976081 -0.468546 -0.87803
    outer loop
      vertex -3.76502 -7.99709 -19.6833
      vertex -4.39902 -9.06153 -19.0448
      vertex -3.95725 -7.88471 -19.7219
    endloop
  endfacet
  facet normal -0.0982209 -0.468692 -0.877884
    outer loop
      vertex -1.59761 0.198708 -24.2975
      vertex -1.24651 -0.867399 -23.7676
      vertex -1.64775 0.181869 -24.2829
    endloop
  endfacet
  facet normal -0.0973677 -0.468936 -0.877849
    outer loop
      vertex -1.47484 -10.7601 -18.4632
      vertex -1.45598 -10.7818 -18.4537
      vertex -2.31897 -11.024 -18.2286
    endloop
  endfacet
  facet normal -0.0975142 -0.468502 -0.878064
    outer loop
      vertex 0.654321 -1.55246 -23.6131
      vertex 0.652876 -1.64362 -23.5643
      vertex -0.404968 -1.55126 -23.4961
    endloop
  endfacet
  facet normal -0.0975007 -0.468503 -0.878065
    outer loop
      vertex 0.652876 -1.64362 -23.5643
      vertex -0.405745 -1.64184 -23.4477
      vertex -0.405209 -1.59341 -23.4736
    endloop
  endfacet
  facet normal -0.0975281 -0.468017 -0.878321
    outer loop
      vertex 0.650783 -1.74734 -23.5088
      vertex -0.405745 -1.64184 -23.4477
      vertex 0.652876 -1.64362 -23.5643
    endloop
  endfacet
  facet normal -0.0967838 -0.468319 -0.878243
    outer loop
      vertex -1.24651 -0.867399 -23.7676
      vertex -1.26233 -0.869568 -23.7647
      vertex -1.64775 0.181869 -24.2829
    endloop
  endfacet
  facet normal -0.0975135 -0.468534 -0.878047
    outer loop
      vertex -1.1202 2.27706 -25.4596
      vertex 0.775924 2.14292 -25.5986
      vertex 0.740127 1.00159 -24.9856
    endloop
  endfacet
  facet normal -0.0975798 -0.468771 -0.877914
    outer loop
      vertex -0.405745 -1.64184 -23.4477
      vertex 0.650783 -1.74734 -23.5088
      vertex -0.406585 -1.6971 -23.4181
    endloop
  endfacet
  facet normal -0.097548 -0.468356 -0.878138
    outer loop
      vertex 0.648027 -1.86494 -23.4457
      vertex 0.644591 -1.99772 -23.3745
      vertex -0.409211 -1.83036 -23.3467
    endloop
  endfacet
  facet normal -0.0975492 -0.468364 -0.878134
    outer loop
      vertex 0.644591 -1.99772 -23.3745
      vertex -0.411014 -1.90948 -23.3043
      vertex -0.409211 -1.83036 -23.3467
    endloop
  endfacet
  facet normal -0.0975584 -0.468555 -0.878031
    outer loop
      vertex -0.413156 -1.99767 -23.257
      vertex -0.411014 -1.90948 -23.3043
      vertex 0.644591 -1.99772 -23.3745
    endloop
  endfacet
  facet normal -0.0965274 -0.46821 -0.878329
    outer loop
      vertex -1.69576 0.163006 -24.2675
      vertex -1.26233 -0.869568 -23.7647
      vertex -1.74169 0.142085 -24.2513
    endloop
  endfacet
  facet normal -0.0975387 -0.468892 -0.877854
    outer loop
      vertex 0.644591 -1.99772 -23.3745
      vertex 0.640459 -2.14701 -23.2943
      vertex -0.413156 -1.99767 -23.257
    endloop
  endfacet
  facet normal -0.0975126 -0.468679 -0.87797
    outer loop
      vertex 0.640459 -2.14701 -23.2943
      vertex -0.415644 -2.0955 -23.2045
      vertex -0.413156 -1.99767 -23.257
    endloop
  endfacet
  facet normal -0.0975364 -0.468553 -0.878034
    outer loop
      vertex -2.20099 3.89437 -26.2026
      vertex -1.02394 5.34619 -27.1081
      vertex -1.1202 2.27706 -25.4596
    endloop
  endfacet
  facet normal -0.0978803 -0.468663 -0.877938
    outer loop
      vertex -1.26233 -0.869568 -23.7647
      vertex -1.29329 -0.875091 -23.7583
      vertex -1.74169 0.142085 -24.2513
    endloop
  endfacet
  facet normal -0.118443 -0.481674 -0.86831
    outer loop
      vertex -2.21575 -0.38178 -23.9191
      vertex -1.61031 -1.10806 -23.5988
      vertex -2.21817 -0.381906 -23.9187
    endloop
  endfacet
  facet normal -0.0975109 -0.468178 -0.878237
    outer loop
      vertex 0.640459 -2.14701 -23.2943
      vertex -0.418488 -2.20352 -23.1466
      vertex -0.415644 -2.0955 -23.2045
    endloop
  endfacet
  facet normal -0.0975869 -0.46852 -0.878047
    outer loop
      vertex -2.20099 3.89437 -26.2026
      vertex -2.15078 5.42591 -27.0254
      vertex -1.02394 5.34619 -27.1081
    endloop
  endfacet
  facet normal -0.0975312 -0.46854 -0.878042
    outer loop
      vertex -1.62145 -1.13372 -23.5838
      vertex -2.82596 -1.06383 -23.4873
      vertex -2.21817 -0.381906 -23.9187
    endloop
  endfacet
  facet normal -0.0975011 -0.466565 -0.879097
    outer loop
      vertex -1.63185 -1.16094 -23.5682
      vertex -2.82596 -1.06383 -23.4873
      vertex -1.62145 -1.13372 -23.5838
    endloop
  endfacet
  facet normal -0.0974652 -0.468542 -0.878049
    outer loop
      vertex 0.640459 -2.14701 -23.2943
      vertex 0.635613 -2.3141 -23.2046
      vertex -0.418488 -2.20352 -23.1466
    endloop
  endfacet
  facet normal -0.0975541 -0.467744 -0.878464
    outer loop
      vertex -2.80991 -1.10981 -23.4646
      vertex -2.82596 -1.06383 -23.4873
      vertex -1.63185 -1.16094 -23.5682
    endloop
  endfacet
  facet normal -0.0975143 -0.468565 -0.878031
    outer loop
      vertex -2.80991 -1.10981 -23.4646
      vertex -1.64158 -1.18974 -23.5517
      vertex -2.79578 -1.15941 -23.4397
    endloop
  endfacet
  facet normal -0.0974936 -0.46892 -0.877843
    outer loop
      vertex -0.418488 -2.20352 -23.1466
      vertex 0.635613 -2.3141 -23.2046
      vertex -0.421696 -2.32229 -23.0828
    endloop
  endfacet
  facet normal -0.0975217 -0.468207 -0.878221
    outer loop
      vertex -1.6643 -1.27838 -23.5019
      vertex -2.78343 -1.21278 -23.4126
      vertex -1.65931 -1.25466 -23.5151
    endloop
  endfacet
  facet normal -0.0974965 -0.467427 -0.878639
    outer loop
      vertex -1.67721 -1.36723 -23.453
      vertex -2.76232 -1.34184 -23.3461
      vertex -2.76342 -1.33146 -23.3515
    endloop
  endfacet
  facet normal -0.097517 -0.468578 -0.878023
    outer loop
      vertex -0.421696 -2.32229 -23.0828
      vertex 0.635613 -2.3141 -23.2046
      vertex 0.630038 -2.50032 -23.1046
    endloop
  endfacet
  facet normal -0.0974937 -0.468282 -0.878184
    outer loop
      vertex -1.68809 -1.49993 -23.381
      vertex -2.76028 -1.39879 -23.3159
      vertex -1.6846 -1.44946 -23.4083
    endloop
  endfacet
  facet normal -0.0975318 -0.469757 -0.877392
    outer loop
      vertex -2.76055 -1.53974 -23.2407
      vertex -1.69491 -1.62371 -23.3142
      vertex -2.76115 -1.58743 -23.2151
    endloop
  endfacet
  facet normal -0.0975022 -0.468485 -0.878075
    outer loop
      vertex -0.425277 -2.45237 -23.013
      vertex -0.421696 -2.32229 -23.0828
      vertex 0.630038 -2.50032 -23.1046
    endloop
  endfacet
  facet normal -0.0974901 -0.468306 -0.878171
    outer loop
      vertex -2.76301 -1.69865 -23.1556
      vertex -2.76197 -1.64036 -23.1868
      vertex -1.70184 -1.78342 -23.2282
    endloop
  endfacet
  facet normal -0.097522 -0.468344 -0.878148
    outer loop
      vertex -1.70931 -1.98562 -23.1195
      vertex -2.76574 -1.83183 -23.0842
      vertex -1.70549 -1.87879 -23.1769
    endloop
  endfacet
  facet normal -0.0975021 -0.468603 -0.878012
    outer loop
      vertex -0.429239 -2.59432 -22.9368
      vertex -0.425277 -2.45237 -23.013
      vertex 0.630038 -2.50032 -23.1046
    endloop
  endfacet
  facet normal -0.0975034 -0.468077 -0.878292
    outer loop
      vertex -2.77148 -2.07499 -22.9538
      vertex -1.71772 -2.23689 -22.9845
      vertex -2.77384 -2.16813 -22.9039
    endloop
  endfacet
  facet normal -0.0975406 -0.468466 -0.878081
    outer loop
      vertex -1.76177 -3.63719 -22.2323
      vertex -4.40881 -4.59379 -21.4279
      vertex -2.81169 -3.56291 -22.1553
    endloop
  endfacet
  facet normal -0.0975155 -0.468515 -0.878057
    outer loop
      vertex 0.553624 -4.94485 -21.7917
      vertex -4.40881 -4.59379 -21.4279
      vertex -1.76177 -3.63719 -22.2323
    endloop
  endfacet
  facet normal -0.0975144 -0.468514 -0.878058
    outer loop
      vertex -1.76177 -3.63719 -22.2323
      vertex -0.460491 -3.72924 -22.3277
      vertex 0.553624 -4.94485 -21.7917
    endloop
  endfacet
  facet normal -0.0975833 -0.468655 -0.877975
    outer loop
      vertex 0.616629 -2.93536 -22.871
      vertex -0.429239 -2.59432 -22.9368
      vertex 0.623715 -2.70697 -22.9937
    endloop
  endfacet
  facet normal -0.0975535 -0.467004 -0.878858
    outer loop
      vertex -1.64158 -1.18974 -23.5517
      vertex -1.648 -1.21117 -23.5396
      vertex -2.79578 -1.15941 -23.4397
    endloop
  endfacet
  facet normal -0.0975718 -0.468514 -0.878052
    outer loop
      vertex -1.69576 0.163006 -24.2675
      vertex -1.64775 0.181869 -24.2829
      vertex -1.26233 -0.869568 -23.7647
    endloop
  endfacet
  facet normal -0.0975354 -0.469095 -0.877745
    outer loop
      vertex -0.407737 -1.75975 -23.3846
      vertex 0.648027 -1.86494 -23.4457
      vertex -0.409211 -1.83036 -23.3467
    endloop
  endfacet
  facet normal -0.0975003 -0.468237 -0.878207
    outer loop
      vertex 0.652876 -1.64362 -23.5643
      vertex -0.405209 -1.59341 -23.4736
      vertex -0.404968 -1.55126 -23.4961
    endloop
  endfacet
  facet normal -0.0974774 -0.467444 -0.878632
    outer loop
      vertex -0.405339 -1.48355 -23.5322
      vertex 0.654321 -1.55246 -23.6131
      vertex -0.405014 -1.51482 -23.5156
    endloop
  endfacet
  facet normal -0.0975234 -0.468958 -0.87782
    outer loop
      vertex 0.655138 -1.47255 -23.6559
      vertex -0.405933 -1.45686 -23.5464
      vertex -0.406788 -1.43422 -23.5584
    endloop
  endfacet
  facet normal -0.0975286 -0.468007 -0.878327
    outer loop
      vertex 0.655138 -1.47255 -23.6559
      vertex -0.407895 -1.41505 -23.5685
      vertex 0.655341 -1.40259 -23.6932
    endloop
  endfacet
  facet normal -0.0996267 -0.46701 -0.878622
    outer loop
      vertex 0.187793 -0.0577889 -24.3589
      vertex -0.616511 -0.980604 -23.7772
      vertex -0.641427 -0.964753 -23.7828
    endloop
  endfacet
  facet normal -0.0982594 -0.467639 -0.878441
    outer loop
      vertex -0.571592 -1.01621 -23.7631
      vertex 0.44974 -0.37799 -24.2171
      vertex 0.474999 -0.427629 -24.1935
    endloop
  endfacet
  facet normal -0.0970774 -0.469058 -0.877816
    outer loop
      vertex -0.593254 -0.99773 -23.7706
      vertex 0.422824 -0.330499 -24.2395
      vertex 0.44974 -0.37799 -24.2171
    endloop
  endfacet
  facet normal -0.0977511 -0.468273 -0.87816
    outer loop
      vertex 0.394247 -0.285152 -24.2605
      vertex 0.422824 -0.330499 -24.2395
      vertex -0.593254 -0.99773 -23.7706
    endloop
  endfacet
  facet normal -0.0974935 -0.468549 -0.878042
    outer loop
      vertex 0.394247 -0.285152 -24.2605
      vertex -0.593254 -0.99773 -23.7706
      vertex 0.364008 -0.241943 -24.2802
    endloop
  endfacet
  facet normal -0.0966049 -0.469425 -0.877672
    outer loop
      vertex -0.593254 -0.99773 -23.7706
      vertex -0.616511 -0.980604 -23.7772
      vertex 0.364008 -0.241943 -24.2802
    endloop
  endfacet
  facet normal -0.0969867 -0.469014 -0.877849
    outer loop
      vertex 0.298532 -0.161919 -24.3157
      vertex 0.332103 -0.200867 -24.2986
      vertex -0.616511 -0.980604 -23.7772
    endloop
  endfacet
  facet normal -0.0972222 -0.46879 -0.877943
    outer loop
      vertex -0.616511 -0.980604 -23.7772
      vertex 0.332103 -0.200867 -24.2986
      vertex 0.364008 -0.241943 -24.2802
    endloop
  endfacet
  facet normal -0.0979667 -0.46815 -0.878201
    outer loop
      vertex 0.298532 -0.161919 -24.3157
      vertex -0.616511 -0.980604 -23.7772
      vertex 0.263292 -0.125093 -24.3314
    endloop
  endfacet
  facet normal -0.0977698 -0.468311 -0.878137
    outer loop
      vertex -0.616511 -0.980604 -23.7772
      vertex 0.226379 -0.090385 -24.3458
      vertex 0.263292 -0.125093 -24.3314
    endloop
  endfacet
  facet normal -0.0975068 -0.468571 -0.878028
    outer loop
      vertex 0.187793 -0.0577889 -24.3589
      vertex -0.641427 -0.964753 -23.7828
      vertex 0.147531 -0.0272993 -24.3707
    endloop
  endfacet
  facet normal -0.0989047 -0.4677 -0.878336
    outer loop
      vertex -0.641427 -0.964753 -23.7828
      vertex 0.100723 0.00415881 -24.3823
      vertex 0.124748 -0.0114385 -24.3767
    endloop
  endfacet
  facet normal -0.0968025 -0.46902 -0.877866
    outer loop
      vertex 0.0755255 0.0194666 -24.3877
      vertex 0.100723 0.00415881 -24.3823
      vertex -0.641427 -0.964753 -23.7828
    endloop
  endfacet
  facet normal -0.0995629 -0.467431 -0.878405
    outer loop
      vertex 0.0492258 0.0344607 -24.3928
      vertex -0.641427 -0.964753 -23.7828
      vertex 0.0218926 0.049115 -24.3975
    endloop
  endfacet
  facet normal -0.0965997 -0.469025 -0.877886
    outer loop
      vertex -0.668066 -0.950095 -23.7877
      vertex -0.0355976 0.0773063 -24.4062
      vertex -0.641427 -0.964753 -23.7828
    endloop
  endfacet
  facet normal -0.0969492 -0.468853 -0.877939
    outer loop
      vertex -0.641427 -0.964753 -23.7828
      vertex -0.0355976 0.0773063 -24.4062
      vertex -0.00640468 0.0634052 -24.402
    endloop
  endfacet
  facet normal -0.0985558 -0.468066 -0.87818
    outer loop
      vertex -0.096391 0.103839 -24.4136
      vertex -0.0656161 0.0907924 -24.4101
      vertex -0.668066 -0.950095 -23.7877
    endloop
  endfacet
  facet normal -0.0966469 -0.469 -0.877894
    outer loop
      vertex -0.668066 -0.950095 -23.7877
      vertex -0.0656161 0.0907924 -24.4101
      vertex -0.0355976 0.0773063 -24.4062
    endloop
  endfacet
  facet normal -0.0979797 -0.468333 -0.878103
    outer loop
      vertex -0.096391 0.103839 -24.4136
      vertex -0.668066 -0.950095 -23.7877
      vertex -0.127853 0.116421 -24.4168
    endloop
  endfacet
  facet normal -0.0967421 -0.468857 -0.87796
    outer loop
      vertex -0.668066 -0.950095 -23.7877
      vertex -0.696493 -0.936552 -23.7918
      vertex -0.159933 0.128514 -24.4197
    endloop
  endfacet
  facet normal -0.0978329 -0.468452 -0.878056
    outer loop
      vertex -0.25919 0.161601 -24.4264
      vertex -0.696493 -0.936552 -23.7918
      vertex -0.29305 0.171484 -24.4279
    endloop
  endfacet
  facet normal -0.0987949 -0.468114 -0.878128
    outer loop
      vertex -0.29305 0.171484 -24.4279
      vertex -0.726772 -0.924041 -23.7951
      vertex -0.327182 0.180751 -24.429
    endloop
  endfacet
  facet normal -0.0973113 -0.468581 -0.878045
    outer loop
      vertex -0.726772 -0.924041 -23.7951
      vertex -0.758967 -0.912483 -23.7977
      vertex -0.395983 0.197339 -24.4302
    endloop
  endfacet
  facet normal -0.0968455 -0.468681 -0.878043
    outer loop
      vertex -0.505943 0.218119 -24.4291
      vertex -0.465041 0.211166 -24.4299
      vertex -0.758967 -0.912483 -23.7977
    endloop
  endfacet
  facet normal -0.0990639 -0.468128 -0.87809
    outer loop
      vertex -0.758967 -0.912483 -23.7977
      vertex -0.465041 0.211166 -24.4299
      vertex -0.430515 0.20461 -24.4303
    endloop
  endfacet
  facet normal -0.0967067 -0.468707 -0.878044
    outer loop
      vertex -0.59072 0.230642 -24.4264
      vertex -0.547885 0.224614 -24.4279
      vertex -0.793142 -0.901798 -23.7996
    endloop
  endfacet
  facet normal -0.097672 -0.468499 -0.878048
    outer loop
      vertex -0.793142 -0.901798 -23.7996
      vertex -0.547885 0.224614 -24.4279
      vertex -0.505943 0.218119 -24.4291
    endloop
  endfacet
  facet normal -0.0975164 -0.468526 -0.878051
    outer loop
      vertex -0.6343 0.236197 -24.4245
      vertex -0.828764 -0.89331 -23.8002
      vertex -0.678478 0.241269 -24.4223
    endloop
  endfacet
  facet normal -0.100913 -0.468074 -0.877909
    outer loop
      vertex -0.849664 -0.889347 -23.8
      vertex -0.872287 -0.885595 -23.7994
      vertex -0.723108 0.245851 -24.4198
    endloop
  endfacet
  facet normal -0.0972907 -0.46856 -0.878058
    outer loop
      vertex -0.678478 0.241269 -24.4223
      vertex -0.849664 -0.889347 -23.8
      vertex -0.723108 0.245851 -24.4198
    endloop
  endfacet
  facet normal -0.0953029 -0.46882 -0.878137
    outer loop
      vertex -0.813131 0.253508 -24.4139
      vertex -0.89638 -0.882074 -23.7986
      vertex -0.92169 -0.878802 -23.7976
    endloop
  endfacet
  facet normal -0.0975175 -0.468592 -0.878016
    outer loop
      vertex -0.813131 0.253508 -24.4139
      vertex -0.768041 0.249933 -24.417
      vertex -0.89638 -0.882074 -23.7986
    endloop
  endfacet
  facet normal -0.0967379 -0.468614 -0.87809
    outer loop
      vertex -0.947965 -0.875798 -23.7963
      vertex -0.903193 0.259104 -24.4069
      vertex -0.858231 0.256568 -24.4105
    endloop
  endfacet
  facet normal -0.0988358 -0.468434 -0.877953
    outer loop
      vertex -0.94787 0.261108 -24.403
      vertex -1.0024 -0.870667 -23.793
      vertex -0.992117 0.262572 -24.3988
    endloop
  endfacet
  facet normal -0.0963005 -0.468619 -0.878136
    outer loop
      vertex -1.03005 -0.868578 -23.791
      vertex -1.03578 0.263487 -24.3945
      vertex -0.992117 0.262572 -24.3988
    endloop
  endfacet
  facet normal -0.0980401 -0.468517 -0.877998
    outer loop
      vertex -1.12079 0.263639 -24.3851
      vertex -1.08496 -0.865444 -23.7866
      vertex -1.16184 0.262859 -24.3801
    endloop
  endfacet
  facet normal -0.097741 -0.468523 -0.878028
    outer loop
      vertex -1.12079 0.263639 -24.3851
      vertex -1.05765 -0.866831 -23.7889
      vertex -1.08496 -0.865444 -23.7866
    endloop
  endfacet
  facet normal -0.0956056 -0.468554 -0.878247
    outer loop
      vertex -1.13767 -0.863827 -23.7816
      vertex -1.20172 0.261498 -24.375
      vertex -1.11172 -0.864436 -23.7841
    endloop
  endfacet
  facet normal -0.0988616 -0.468601 -0.877861
    outer loop
      vertex -1.24028 0.259547 -24.3697
      vertex -1.13767 -0.863827 -23.7816
      vertex -1.16256 -0.863634 -23.7789
    endloop
  endfacet
  facet normal -0.0970987 -0.468485 -0.878119
    outer loop
      vertex -1.37456 0.246571 -24.3478
      vertex -1.31288 0.253843 -24.3585
      vertex -1.18614 -0.863876 -23.7762
    endloop
  endfacet
  facet normal -0.095761 -0.468427 -0.878297
    outer loop
      vertex -1.18614 -0.863876 -23.7762
      vertex -1.31288 0.253843 -24.3585
      vertex -1.16256 -0.863634 -23.7789
    endloop
  endfacet
  facet normal -0.0977559 -0.468583 -0.877994
    outer loop
      vertex -1.22837 -0.86574 -23.7705
      vertex -1.4907 0.226467 -24.3242
      vertex -1.43381 0.237458 -24.3364
    endloop
  endfacet
  facet normal -0.0978404 -0.468637 -0.877956
    outer loop
      vertex -1.82759 0.0939234 -24.216
      vertex -1.78562 0.11907 -24.2341
      vertex -1.29329 -0.875091 -23.7583
    endloop
  endfacet
  facet normal -0.0971353 -0.468356 -0.878184
    outer loop
      vertex -1.82759 0.0939234 -24.216
      vertex -1.29329 -0.875091 -23.7583
      vertex -1.86767 0.0666102 -24.197
    endloop
  endfacet
  facet normal -0.0981698 -0.46885 -0.877805
    outer loop
      vertex -1.90591 0.0370934 -24.177
      vertex -1.29329 -0.875091 -23.7583
      vertex -1.32271 -0.881475 -23.7516
    endloop
  endfacet
  facet normal -0.0975915 -0.46858 -0.878014
    outer loop
      vertex -1.90591 0.0370934 -24.177
      vertex -1.32271 -0.881475 -23.7516
      vertex -1.94237 0.00533763 -24.156
    endloop
  endfacet
  facet normal -0.0972366 -0.468395 -0.878152
    outer loop
      vertex -1.32271 -0.881475 -23.7516
      vertex -1.97712 -0.0286943 -24.134
      vertex -1.94237 0.00533763 -24.156
    endloop
  endfacet
  facet normal -0.0978615 -0.468757 -0.87789
    outer loop
      vertex -1.35061 -0.88876 -23.7446
      vertex -1.97712 -0.0286943 -24.134
      vertex -1.32271 -0.881475 -23.7516
    endloop
  endfacet
  facet normal -0.0979372 -0.468798 -0.877859
    outer loop
      vertex -2.01021 -0.0650379 -24.1109
      vertex -1.97712 -0.0286943 -24.134
      vertex -1.35061 -0.88876 -23.7446
    endloop
  endfacet
  facet normal -0.0969448 -0.468195 -0.878291
    outer loop
      vertex -2.01021 -0.0650379 -24.1109
      vertex -1.35061 -0.88876 -23.7446
      vertex -2.04169 -0.103729 -24.0868
    endloop
  endfacet
  facet normal -0.0981759 -0.469026 -0.877711
    outer loop
      vertex -1.35061 -0.88876 -23.7446
      vertex -2.07164 -0.144805 -24.0615
      vertex -2.04169 -0.103729 -24.0868
    endloop
  endfacet
  facet normal -0.096865 -0.468041 -0.878382
    outer loop
      vertex -1.37706 -0.896986 -23.7373
      vertex -2.07164 -0.144805 -24.0615
      vertex -1.35061 -0.88876 -23.7446
    endloop
  endfacet
  facet normal -0.0966751 -0.467906 -0.878475
    outer loop
      vertex -2.1001 -0.188302 -24.0352
      vertex -2.07164 -0.144805 -24.0615
      vertex -1.37706 -0.896986 -23.7373
    endloop
  endfacet
  facet normal -0.0976225 -0.46866 -0.877968
    outer loop
      vertex -2.1001 -0.188302 -24.0352
      vertex -1.37706 -0.896986 -23.7373
      vertex -1.4021 -0.906195 -23.7296
    endloop
  endfacet
  facet normal -0.0983525 -0.46921 -0.877593
    outer loop
      vertex -2.1001 -0.188302 -24.0352
      vertex -1.4021 -0.906195 -23.7296
      vertex -2.12715 -0.234254 -24.0076
    endloop
  endfacet
  facet normal -0.0977731 -0.468748 -0.877904
    outer loop
      vertex -1.4021 -0.906195 -23.7296
      vertex -1.42578 -0.916426 -23.7215
      vertex -2.15282 -0.2827 -23.9789
    endloop
  endfacet
  facet normal -0.0945161 -0.465794 -0.879831
    outer loop
      vertex -1.42578 -0.916426 -23.7215
      vertex -2.16021 -0.297256 -23.9704
      vertex -2.15282 -0.2827 -23.9789
    endloop
  endfacet
  facet normal -0.098262 -0.469318 -0.877545
    outer loop
      vertex -2.16711 -0.310583 -23.9625
      vertex -2.16021 -0.297256 -23.9704
      vertex -1.42578 -0.916426 -23.7215
    endloop
  endfacet
  facet normal -0.0972679 -0.468351 -0.878172
    outer loop
      vertex -2.16711 -0.310583 -23.9625
      vertex -1.42578 -0.916426 -23.7215
      vertex -1.44814 -0.92772 -23.713
    endloop
  endfacet
  facet normal -0.0982697 -0.469274 -0.877568
    outer loop
      vertex -2.16711 -0.310583 -23.9625
      vertex -1.44814 -0.92772 -23.713
      vertex -2.17353 -0.322703 -23.9553
    endloop
  endfacet
  facet normal -0.0976528 -0.468687 -0.87795
    outer loop
      vertex -1.44814 -0.92772 -23.713
      vertex -2.1795 -0.333635 -23.9488
      vertex -2.17353 -0.322703 -23.9553
    endloop
  endfacet
  facet normal -0.0963898 -0.467449 -0.878749
    outer loop
      vertex -2.18503 -0.343398 -23.943
      vertex -2.1795 -0.333635 -23.9488
      vertex -1.44814 -0.92772 -23.713
    endloop
  endfacet
  facet normal -0.0983819 -0.469454 -0.877459
    outer loop
      vertex -2.18503 -0.343398 -23.943
      vertex -1.44814 -0.92772 -23.713
      vertex -1.46925 -0.940118 -23.704
    endloop
  endfacet
  facet normal -0.0986589 -0.469747 -0.877271
    outer loop
      vertex -1.46925 -0.940118 -23.704
      vertex -2.19918 -0.36587 -23.9294
      vertex -2.19485 -0.359496 -23.9333
    endloop
  endfacet
  facet normal -0.0993891 -0.470411 -0.876832
    outer loop
      vertex -2.19014 -0.352011 -23.9378
      vertex -2.18503 -0.343398 -23.943
      vertex -1.46925 -0.940118 -23.704
    endloop
  endfacet
  facet normal -0.09674 -0.467799 -0.878524
    outer loop
      vertex -1.48913 -0.95366 -23.6946
      vertex -2.19918 -0.36587 -23.9294
      vertex -1.46925 -0.940118 -23.704
    endloop
  endfacet
  facet normal -0.0927888 -0.463876 -0.881027
    outer loop
      vertex -2.20315 -0.371154 -23.9261
      vertex -1.48913 -0.95366 -23.6946
      vertex -2.20677 -0.375368 -23.9235
    endloop
  endfacet
  facet normal -0.100635 -0.471531 -0.876088
    outer loop
      vertex -2.20315 -0.371154 -23.9261
      vertex -2.19918 -0.36587 -23.9294
      vertex -1.48913 -0.95366 -23.6946
    endloop
  endfacet
  facet normal -0.103052 -0.473666 -0.874655
    outer loop
      vertex -2.20677 -0.375368 -23.9235
      vertex -1.50785 -0.968387 -23.6847
      vertex -2.21006 -0.37853 -23.9214
    endloop
  endfacet
  facet normal -0.0985615 -0.46931 -0.877515
    outer loop
      vertex -2.21575 -0.38178 -23.9191
      vertex -1.57204 -1.03995 -23.6394
      vertex -1.58566 -1.06121 -23.6265
    endloop
  endfacet
  facet normal -0.0993885 -0.469656 -0.877237
    outer loop
      vertex -1.61031 -1.10806 -23.5988
      vertex -1.62145 -1.13372 -23.5838
      vertex -2.21817 -0.381906 -23.9187
    endloop
  endfacet
  facet normal -0.0975472 -0.469725 -0.877407
    outer loop
      vertex -2.80991 -1.10981 -23.4646
      vertex -1.63185 -1.16094 -23.5682
      vertex -1.64158 -1.18974 -23.5517
    endloop
  endfacet
  facet normal -0.0975498 -0.469835 -0.877348
    outer loop
      vertex -1.648 -1.21117 -23.5396
      vertex -1.6539 -1.23254 -23.5275
      vertex -2.79578 -1.15941 -23.4397
    endloop
  endfacet
  facet normal -0.0975181 -0.468442 -0.878096
    outer loop
      vertex -1.6539 -1.23254 -23.5275
      vertex -2.78343 -1.21278 -23.4126
      vertex -2.79578 -1.15941 -23.4397
    endloop
  endfacet
  facet normal -0.0975195 -0.468403 -0.878117
    outer loop
      vertex -1.65931 -1.25466 -23.5151
      vertex -2.78343 -1.21278 -23.4126
      vertex -1.6539 -1.23254 -23.5275
    endloop
  endfacet
  facet normal -0.0975302 -0.46874 -0.877936
    outer loop
      vertex -1.6643 -1.27838 -23.5019
      vertex -2.77269 -1.27008 -23.3832
      vertex -2.78343 -1.21278 -23.4126
    endloop
  endfacet
  facet normal -0.0974691 -0.469981 -0.877279
    outer loop
      vertex -1.66891 -1.30449 -23.4874
      vertex -2.77269 -1.27008 -23.3832
      vertex -1.6643 -1.27838 -23.5019
    endloop
  endfacet
  facet normal -0.0975134 -0.467658 -0.878514
    outer loop
      vertex -1.6732 -1.33384 -23.4713
      vertex -2.77269 -1.27008 -23.3832
      vertex -1.66891 -1.30449 -23.4874
    endloop
  endfacet
  facet normal -0.0975227 -0.468272 -0.878186
    outer loop
      vertex -2.76342 -1.33146 -23.3515
      vertex -2.77269 -1.27008 -23.3832
      vertex -1.6732 -1.33384 -23.4713
    endloop
  endfacet
  facet normal -0.0974652 -0.469303 -0.877642
    outer loop
      vertex -2.76342 -1.33146 -23.3515
      vertex -1.6732 -1.33384 -23.4713
      vertex -1.67721 -1.36723 -23.453
    endloop
  endfacet
  facet normal -0.0974856 -0.467808 -0.878437
    outer loop
      vertex -2.76232 -1.34184 -23.3461
      vertex -1.67721 -1.36723 -23.453
      vertex -1.68099 -1.4055 -23.4322
    endloop
  endfacet
  facet normal -0.0975077 -0.469167 -0.87771
    outer loop
      vertex -2.76232 -1.34184 -23.3461
      vertex -1.68099 -1.4055 -23.4322
      vertex -2.76143 -1.35643 -23.3384
    endloop
  endfacet
  facet normal -0.0975077 -0.469179 -0.877703
    outer loop
      vertex -1.68099 -1.4055 -23.4322
      vertex -1.6846 -1.44946 -23.4083
      vertex -2.76143 -1.35643 -23.3384
    endloop
  endfacet
  facet normal -0.097602 -0.471019 -0.876707
    outer loop
      vertex -1.6846 -1.44946 -23.4083
      vertex -2.76075 -1.37537 -23.3283
      vertex -2.76143 -1.35643 -23.3384
    endloop
  endfacet
  facet normal -0.0974923 -0.467221 -0.878749
    outer loop
      vertex -2.76028 -1.39879 -23.3159
      vertex -2.76075 -1.37537 -23.3283
      vertex -1.6846 -1.44946 -23.4083
    endloop
  endfacet
  facet normal -0.0974813 -0.46808 -0.878293
    outer loop
      vertex -2.76003 -1.4268 -23.301
      vertex -2.76028 -1.39879 -23.3159
      vertex -1.68809 -1.49993 -23.381
    endloop
  endfacet
  facet normal -0.097511 -0.469134 -0.877727
    outer loop
      vertex -2.76003 -1.4268 -23.301
      vertex -1.68809 -1.49993 -23.381
      vertex -2.75999 -1.45955 -23.2835
    endloop
  endfacet
  facet normal -0.0975217 -0.468143 -0.878255
    outer loop
      vertex -1.68809 -1.49993 -23.381
      vertex -1.69151 -1.55775 -23.3498
      vertex -2.75999 -1.45955 -23.2835
    endloop
  endfacet
  facet normal -0.0975628 -0.468848 -0.877874
    outer loop
      vertex -1.69151 -1.55775 -23.3498
      vertex -2.76016 -1.49715 -23.2634
      vertex -2.75999 -1.45955 -23.2835
    endloop
  endfacet
  facet normal -0.0975621 -0.468794 -0.877903
    outer loop
      vertex -1.69491 -1.62371 -23.3142
      vertex -2.76016 -1.49715 -23.2634
      vertex -1.69151 -1.55775 -23.3498
    endloop
  endfacet
  facet normal -0.0974344 -0.467419 -0.87865
    outer loop
      vertex -2.76055 -1.53974 -23.2407
      vertex -2.76016 -1.49715 -23.2634
      vertex -1.69491 -1.62371 -23.3142
    endloop
  endfacet
  facet normal -0.0975478 -0.468721 -0.877944
    outer loop
      vertex -2.76115 -1.58743 -23.2151
      vertex -1.69491 -1.62371 -23.3142
      vertex -1.69833 -1.69867 -23.2738
    endloop
  endfacet
  facet normal -0.0975002 -0.468083 -0.878289
    outer loop
      vertex -2.76115 -1.58743 -23.2151
      vertex -1.69833 -1.69867 -23.2738
      vertex -2.76197 -1.64036 -23.1868
    endloop
  endfacet
  facet normal -0.097504 -0.468429 -0.878105
    outer loop
      vertex -1.69833 -1.69867 -23.2738
      vertex -1.70184 -1.78342 -23.2282
      vertex -2.76197 -1.64036 -23.1868
    endloop
  endfacet
  facet normal -0.0975121 -0.468818 -0.877896
    outer loop
      vertex -1.70184 -1.78342 -23.2282
      vertex -2.76427 -1.76243 -23.1214
      vertex -2.76301 -1.69865 -23.1556
    endloop
  endfacet
  facet normal -0.0975206 -0.468565 -0.87803
    outer loop
      vertex -1.70549 -1.87879 -23.1769
      vertex -2.76427 -1.76243 -23.1214
      vertex -1.70184 -1.78342 -23.2282
    endloop
  endfacet
  facet normal -0.0975215 -0.468576 -0.878024
    outer loop
      vertex -2.76574 -1.83183 -23.0842
      vertex -2.76427 -1.76243 -23.1214
      vertex -1.70549 -1.87879 -23.1769
    endloop
  endfacet
  facet normal -0.0975654 -0.468684 -0.877961
    outer loop
      vertex -2.76743 -1.90697 -23.0439
      vertex -2.76574 -1.83183 -23.0842
      vertex -1.70931 -1.98562 -23.1195
    endloop
  endfacet
  facet normal -0.0975459 -0.468142 -0.878253
    outer loop
      vertex -2.76743 -1.90697 -23.0439
      vertex -1.70931 -1.98562 -23.1195
      vertex -2.76935 -1.98799 -23.0005
    endloop
  endfacet
  facet normal -0.0975468 -0.468841 -0.877879
    outer loop
      vertex -2.76935 -1.98799 -23.0005
      vertex -1.71338 -2.10471 -23.0555
      vertex -2.77148 -2.07499 -22.9538
    endloop
  endfacet
  facet normal -0.0975557 -0.468456 -0.878084
    outer loop
      vertex -1.71338 -2.10471 -23.0555
      vertex -1.71772 -2.23689 -22.9845
      vertex -2.77148 -2.07499 -22.9538
    endloop
  endfacet
  facet normal -0.0975285 -0.469113 -0.877736
    outer loop
      vertex -1.71772 -2.23689 -22.9845
      vertex -2.77641 -2.26751 -22.8505
      vertex -2.77384 -2.16813 -22.9039
    endloop
  endfacet
  facet normal -0.0975733 -0.468643 -0.877983
    outer loop
      vertex -1.72241 -2.38298 -22.906
      vertex -2.77641 -2.26751 -22.8505
      vertex -1.71772 -2.23689 -22.9845
    endloop
  endfacet
  facet normal -0.0975234 -0.468604 -0.878009
    outer loop
      vertex -1.72748 -2.54381 -22.8196
      vertex -2.77921 -2.37327 -22.7938
      vertex -1.72241 -2.38298 -22.906
    endloop
  endfacet
  facet normal -0.0975229 -0.468563 -0.878031
    outer loop
      vertex -4.05415 6.71403 -27.5014
      vertex -2.15078 5.42591 -27.0254
      vertex -4.09025 5.56311 -26.8832
    endloop
  endfacet
  facet normal -0.0975158 -0.468554 -0.878036
    outer loop
      vertex 0.908281 6.36298 -27.8652
      vertex -2.15078 5.42591 -27.0254
      vertex -4.05415 6.71403 -27.5014
    endloop
  endfacet
  facet normal -0.0975832 -0.468401 -0.878111
    outer loop
      vertex 0.908281 6.36298 -27.8652
      vertex -1.02394 5.34619 -27.1081
      vertex -2.15078 5.42591 -27.0254
    endloop
  endfacet
  facet normal -0.0975125 -0.468501 -0.878065
    outer loop
      vertex 0.908281 6.36298 -27.8652
      vertex 0.872184 5.21205 -27.2471
      vertex -1.02394 5.34619 -27.1081
    endloop
  endfacet
  facet normal -0.0974937 -0.468532 -0.87805
    outer loop
      vertex -2.20099 3.89437 -26.2026
      vertex -1.1202 2.27706 -25.4596
      vertex -2.25231 2.36196 -25.3792
    endloop
  endfacet
  facet normal -0.0974585 -0.468539 -0.878051
    outer loop
      vertex -4.18651 2.49398 -25.2348
      vertex -3.21888 2.42745 -25.3067
      vertex -4.2223 1.35265 -24.6218
    endloop
  endfacet
  facet normal -0.0974929 -0.46851 -0.878062
    outer loop
      vertex 0.740127 1.00159 -24.9856
      vertex -2.25231 2.36196 -25.3792
      vertex -1.1202 2.27706 -25.4596
    endloop
  endfacet
  facet normal -0.0975169 -0.468555 -0.878036
    outer loop
      vertex 0.740127 1.00159 -24.9856
      vertex -4.2223 1.35265 -24.6218
      vertex -2.25231 2.36196 -25.3792
    endloop
  endfacet
  facet normal -0.0976021 -0.468431 -0.878092
    outer loop
      vertex -2.25231 2.36196 -25.3792
      vertex -4.2223 1.35265 -24.6218
      vertex -3.21888 2.42745 -25.3067
    endloop
  endfacet
  facet normal -0.0949213 -0.467718 -0.878766
    outer loop
      vertex -2.31462 -10.0696 -18.7384
      vertex -2.32385 -10.0852 -18.7291
      vertex -2.32216 -10.0645 -18.7403
    endloop
  endfacet
  facet normal -0.096351 -0.471573 -0.876547
    outer loop
      vertex -2.28709 -10.1283 -18.7101
      vertex -2.25235 -10.1051 -18.7264
      vertex -2.23853 -10.1135 -18.7234
    endloop
  endfacet
  facet normal -0.0976993 -0.467143 -0.878767
    outer loop
      vertex -2.28846 -10.1583 -18.694
      vertex -2.28709 -10.1283 -18.7101
      vertex -2.22285 -10.1233 -18.7199
    endloop
  endfacet
  facet normal -0.0968789 -0.468577 -0.878094
    outer loop
      vertex -2.29005 -10.1962 -18.6736
      vertex -2.28846 -10.1583 -18.694
      vertex -2.20556 -10.1344 -18.7159
    endloop
  endfacet
  facet normal -0.0972082 -0.468706 -0.877989
    outer loop
      vertex -2.18689 -10.1466 -18.7115
      vertex -2.16708 -10.1597 -18.7067
      vertex -2.29005 -10.1962 -18.6736
    endloop
  endfacet
  facet normal -0.0967408 -0.469798 -0.877457
    outer loop
      vertex -2.16708 -10.1597 -18.7067
      vertex -2.29186 -10.2414 -18.6492
      vertex -2.29005 -10.1962 -18.6736
    endloop
  endfacet
  facet normal -0.0986705 -0.46679 -0.878847
    outer loop
      vertex -2.14636 -10.1735 -18.7016
      vertex -2.12497 -10.188 -18.6963
      vertex -2.29186 -10.2414 -18.6492
    endloop
  endfacet
  facet normal -0.098116 -0.468006 -0.878262
    outer loop
      vertex -2.29186 -10.2414 -18.6492
      vertex -2.12497 -10.188 -18.6963
      vertex -2.10313 -10.2029 -18.6908
    endloop
  endfacet
  facet normal -0.0969116 -0.469548 -0.877572
    outer loop
      vertex -2.29387 -10.2938 -18.6211
      vertex -2.10313 -10.2029 -18.6908
      vertex -2.0811 -10.2181 -18.6851
    endloop
  endfacet
  facet normal -0.0971693 -0.469413 -0.877616
    outer loop
      vertex -2.29606 -10.3528 -18.5893
      vertex -2.29387 -10.2938 -18.6211
      vertex -2.0591 -10.2334 -18.6794
    endloop
  endfacet
  facet normal -0.0967418 -0.470043 -0.877326
    outer loop
      vertex -2.29606 -10.3528 -18.5893
      vertex -2.0591 -10.2334 -18.6794
      vertex -2.03736 -10.2487 -18.6736
    endloop
  endfacet
  facet normal -0.0980344 -0.467856 -0.878351
    outer loop
      vertex -1.99564 -10.2787 -18.6623
      vertex -2.29843 -10.4182 -18.5542
      vertex -2.29606 -10.3528 -18.5893
    endloop
  endfacet
  facet normal -0.0968663 -0.46972 -0.877485
    outer loop
      vertex -1.97612 -10.293 -18.6568
      vertex -2.29843 -10.4182 -18.5542
      vertex -1.99564 -10.2787 -18.6623
    endloop
  endfacet
  facet normal -0.0993264 -0.46421 -0.880138
    outer loop
      vertex -2.29843 -10.4182 -18.5542
      vertex -1.95782 -10.3066 -18.6515
      vertex -1.94095 -10.3195 -18.6466
    endloop
  endfacet
  facet normal -0.0975201 -0.468708 -0.877954
    outer loop
      vertex -2.29843 -10.4182 -18.5542
      vertex -1.94095 -10.3195 -18.6466
      vertex -2.30097 -10.4896 -18.5158
    endloop
  endfacet
  facet normal -0.096556 -0.470212 -0.877256
    outer loop
      vertex -1.94095 -10.3195 -18.6466
      vertex -1.91897 -10.3367 -18.6398
      vertex -2.30097 -10.4896 -18.5158
    endloop
  endfacet
  facet normal -0.0963338 -0.47135 -0.876669
    outer loop
      vertex -2.30097 -10.4896 -18.5158
      vertex -1.89545 -10.3558 -18.6323
      vertex -1.87061 -10.3765 -18.6239
    endloop
  endfacet
  facet normal -0.0975607 -0.468176 -0.878233
    outer loop
      vertex -2.30097 -10.4896 -18.5158
      vertex -1.87061 -10.3765 -18.6239
      vertex -2.30366 -10.5667 -18.4744
    endloop
  endfacet
  facet normal -0.0970646 -0.469326 -0.877674
    outer loop
      vertex -1.81776 -10.4224 -18.6053
      vertex -1.79014 -10.447 -18.5952
      vertex -2.30366 -10.5667 -18.4744
    endloop
  endfacet
  facet normal -0.09713 -0.469139 -0.877766
    outer loop
      vertex -1.79014 -10.447 -18.5952
      vertex -2.30649 -10.649 -18.4301
      vertex -2.30366 -10.5667 -18.4744
    endloop
  endfacet
  facet normal -0.0978308 -0.467848 -0.878378
    outer loop
      vertex -1.76199 -10.4726 -18.5847
      vertex -2.30649 -10.649 -18.4301
      vertex -1.79014 -10.447 -18.5952
    endloop
  endfacet
  facet normal -0.0977343 -0.468062 -0.878275
    outer loop
      vertex -2.30649 -10.649 -18.4301
      vertex -1.73352 -10.499 -18.5738
      vertex -1.70492 -10.5258 -18.5627
    endloop
  endfacet
  facet normal -0.0976196 -0.468426 -0.878093
    outer loop
      vertex -2.30649 -10.649 -18.4301
      vertex -1.70492 -10.5258 -18.5627
      vertex -2.30945 -10.7363 -18.3832
    endloop
  endfacet
  facet normal -0.0970502 -0.469587 -0.877536
    outer loop
      vertex -1.70492 -10.5258 -18.5627
      vertex -1.67639 -10.553 -18.5513
      vertex -2.30945 -10.7363 -18.3832
    endloop
  endfacet
  facet normal -0.0976733 -0.468327 -0.87814
    outer loop
      vertex -2.30945 -10.7363 -18.3832
      vertex -1.64814 -10.5804 -18.5399
      vertex -2.31252 -10.8281 -18.3339
    endloop
  endfacet
  facet normal -0.0977687 -0.467808 -0.878406
    outer loop
      vertex -1.59326 -10.6348 -18.5169
      vertex -1.56703 -10.6615 -18.5056
      vertex -2.31252 -10.8281 -18.3339
    endloop
  endfacet
  facet normal -0.0974736 -0.468682 -0.877973
    outer loop
      vertex -1.56703 -10.6615 -18.5056
      vertex -2.3157 -10.9241 -18.2823
      vertex -2.31252 -10.8281 -18.3339
    endloop
  endfacet
  facet normal -0.0973358 -0.468961 -0.877839
    outer loop
      vertex -1.54187 -10.6875 -18.4945
      vertex -2.3157 -10.9241 -18.2823
      vertex -1.56703 -10.6615 -18.5056
    endloop
  endfacet
  facet normal -0.0973637 -0.469076 -0.877774
    outer loop
      vertex -1.49558 -10.7371 -18.4732
      vertex -2.3157 -10.9241 -18.2823
      vertex -1.51799 -10.7128 -18.4837
    endloop
  endfacet
  facet normal -0.0972823 -0.469313 -0.877657
    outer loop
      vertex -1.47484 -10.7601 -18.4632
      vertex -2.3157 -10.9241 -18.2823
      vertex -1.49558 -10.7371 -18.4732
    endloop
  endfacet
  facet normal -0.0974563 -0.468738 -0.877945
    outer loop
      vertex -2.31897 -11.024 -18.2286
      vertex -2.3157 -10.9241 -18.2823
      vertex -1.47484 -10.7601 -18.4632
    endloop
  endfacet
  facet normal -0.0974105 -0.468895 -0.877866
    outer loop
      vertex -1.43919 -10.802 -18.4448
      vertex -1.38996 -10.8639 -18.4172
      vertex -2.31897 -11.024 -18.2286
    endloop
  endfacet
  facet normal -0.0975969 -0.468216 -0.878207
    outer loop
      vertex -1.38996 -10.8639 -18.4172
      vertex -2.32232 -11.1274 -18.1731
      vertex -2.31897 -11.024 -18.2286
    endloop
  endfacet
  facet normal -0.0976876 -0.467995 -0.878315
    outer loop
      vertex -1.34265 -10.9267 -18.389
      vertex -2.32232 -11.1274 -18.1731
      vertex -1.38996 -10.8639 -18.4172
    endloop
  endfacet
  facet normal -0.0975107 -0.468557 -0.878035
    outer loop
      vertex -1.29727 -10.9903 -18.3601
      vertex -2.32232 -11.1274 -18.1731
      vertex -1.34265 -10.9267 -18.389
    endloop
  endfacet
  facet normal -0.0973118 -0.469089 -0.877773
    outer loop
      vertex -2.32574 -11.2339 -18.1159
      vertex -1.29727 -10.9903 -18.3601
      vertex -1.25383 -11.0547 -18.3305
    endloop
  endfacet
  facet normal -0.0974973 -0.468565 -0.878032
    outer loop
      vertex -1.1728 -11.186 -18.2695
      vertex -2.33274 -11.4549 -17.9972
      vertex -2.32922 -11.3432 -18.0572
    endloop
  endfacet
  facet normal -0.0973744 -0.468195 -0.878244
    outer loop
      vertex -0.86912 -11.9602 -17.8901
      vertex -2.33274 -11.4549 -17.9972
      vertex -0.886645 -11.8864 -17.9275
    endloop
  endfacet
  facet normal -0.0975747 -0.468712 -0.877945
    outer loop
      vertex -0.853642 -12.0346 -17.8521
      vertex -2.33274 -11.4549 -17.9972
      vertex -0.86912 -11.9602 -17.8901
    endloop
  endfacet
  facet normal -0.0975944 -0.468756 -0.87792
    outer loop
      vertex -0.84022 -12.1095 -17.8136
      vertex -2.33274 -11.4549 -17.9972
      vertex -0.853642 -12.0346 -17.8521
    endloop
  endfacet
  facet normal -0.0974007 -0.468715 -0.877963
    outer loop
      vertex -0.82886 -12.1851 -17.7745
      vertex -2.3756 -12.8216 -17.2631
      vertex -0.84022 -12.1095 -17.8136
    endloop
  endfacet
  facet normal -0.19723 -0.468239 -0.861309
    outer loop
      vertex -0.827083 -12.2013 -17.7661
      vertex -0.825464 -12.2224 -17.755
      vertex -0.82886 -12.1851 -17.7745
    endloop
  endfacet
  facet normal -0.0977756 -0.468054 -0.878274
    outer loop
      vertex -0.825464 -12.2224 -17.755
      vertex -2.3756 -12.8216 -17.2631
      vertex -0.82886 -12.1851 -17.7745
    endloop
  endfacet
  facet normal -0.0973997 -0.468754 -0.877943
    outer loop
      vertex -0.824007 -12.2478 -17.7416
      vertex -2.3756 -12.8216 -17.2631
      vertex -0.825464 -12.2224 -17.755
    endloop
  endfacet
  facet normal -0.0973228 -0.468902 -0.877872
    outer loop
      vertex -0.822714 -12.2769 -17.7262
      vertex -2.3756 -12.8216 -17.2631
      vertex -0.824007 -12.2478 -17.7416
    endloop
  endfacet
  facet normal -0.0976157 -0.468309 -0.878156
    outer loop
      vertex -0.821588 -12.3092 -17.7091
      vertex -2.3756 -12.8216 -17.2631
      vertex -0.822714 -12.2769 -17.7262
    endloop
  endfacet
  facet normal -0.0981001 -0.467273 -0.878654
    outer loop
      vertex -0.820631 -12.344 -17.6907
      vertex -2.3756 -12.8216 -17.2631
      vertex -0.821588 -12.3092 -17.7091
    endloop
  endfacet
  facet normal -0.0971279 -0.469481 -0.877584
    outer loop
      vertex -0.819846 -12.3808 -17.6711
      vertex -2.3756 -12.8216 -17.2631
      vertex -0.820631 -12.344 -17.6907
    endloop
  endfacet
  facet normal -0.0972389 -0.469211 -0.877716
    outer loop
      vertex -0.819236 -12.4189 -17.6508
      vertex -2.3756 -12.8216 -17.2631
      vertex -0.819846 -12.3808 -17.6711
    endloop
  endfacet
  facet normal -0.0975601 -0.468369 -0.87813
    outer loop
      vertex -0.818803 -12.4578 -17.6301
      vertex -2.3756 -12.8216 -17.2631
      vertex -0.819236 -12.4189 -17.6508
    endloop
  endfacet
  facet normal -0.0977259 -0.467895 -0.878364
    outer loop
      vertex -0.81855 -12.4969 -17.6093
      vertex -2.3756 -12.8216 -17.2631
      vertex -0.818803 -12.4578 -17.6301
    endloop
  endfacet
  facet normal -0.0977676 -0.467764 -0.878429
    outer loop
      vertex -0.81848 -12.5356 -17.5887
      vertex -2.3756 -12.8216 -17.2631
      vertex -0.81855 -12.4969 -17.6093
    endloop
  endfacet
  facet normal -0.097421 -0.468966 -0.877827
    outer loop
      vertex -0.818595 -12.5732 -17.5686
      vertex -2.3756 -12.8216 -17.2631
      vertex -0.81848 -12.5356 -17.5887
    endloop
  endfacet
  facet normal -0.0975178 -0.468592 -0.878016
    outer loop
      vertex -0.818898 -12.6093 -17.5493
      vertex -2.3756 -12.8216 -17.2631
      vertex -0.818595 -12.5732 -17.5686
    endloop
  endfacet
  facet normal -0.0972691 -0.469673 -0.877466
    outer loop
      vertex -0.819391 -12.6432 -17.5311
      vertex -2.3756 -12.8216 -17.2631
      vertex -0.818898 -12.6093 -17.5493
    endloop
  endfacet
  facet normal -0.0976118 -0.467983 -0.87833
    outer loop
      vertex -0.820078 -12.6744 -17.5144
      vertex -2.3756 -12.8216 -17.2631
      vertex -0.819391 -12.6432 -17.5311
    endloop
  endfacet
  facet normal -0.441935 -0.378681 -0.8132
    outer loop
      vertex -0.827346 -12.771 -17.4621
      vertex -0.827853 -12.7732 -17.4608
      vertex -0.823324 -12.7452 -17.4763
    endloop
  endfacet
  facet normal -0.123458 -0.465568 -0.876359
    outer loop
      vertex -0.826895 -12.7691 -17.4631
      vertex -0.823324 -12.7452 -17.4763
      vertex -0.82481 -12.7593 -17.4686
    endloop
  endfacet
  facet normal -0.488682 -0.345619 -0.801085
    outer loop
      vertex -0.826895 -12.7691 -17.4631
      vertex -0.82481 -12.7593 -17.4686
      vertex -0.826503 -12.7678 -17.4639
    endloop
  endfacet
  facet normal 0.245944 -0.496515 -0.832457
    outer loop
      vertex -0.827346 -12.771 -17.4621
      vertex -0.823324 -12.7452 -17.4763
      vertex -0.826895 -12.7691 -17.4631
    endloop
  endfacet
  facet normal -0.135259 -0.463029 -0.875962
    outer loop
      vertex -0.827853 -12.7732 -17.4608
      vertex -0.822041 -12.7259 -17.4867
      vertex -0.823324 -12.7452 -17.4763
    endloop
  endfacet
  facet normal -0.0848437 -0.470508 -0.878307
    outer loop
      vertex -0.828408 -12.7759 -17.4593
      vertex -0.822041 -12.7259 -17.4867
      vertex -0.827853 -12.7732 -17.4608
    endloop
  endfacet
  facet normal -0.00510391 -0.480065 -0.877218
    outer loop
      vertex -0.829009 -12.779 -17.4576
      vertex -0.822041 -12.7259 -17.4867
      vertex -0.828408 -12.7759 -17.4593
    endloop
  endfacet
  facet normal -0.104433 -0.467385 -0.877864
    outer loop
      vertex -0.82096 -12.7021 -17.4995
      vertex -0.822041 -12.7259 -17.4867
      vertex -0.829009 -12.779 -17.4576
    endloop
  endfacet
  facet normal -0.146176 -0.461472 -0.875029
    outer loop
      vertex -0.82096 -12.7021 -17.4995
      vertex -0.829009 -12.779 -17.4576
      vertex -0.829649 -12.7824 -17.4557
    endloop
  endfacet
  facet normal -0.0904625 -0.469327 -0.878379
    outer loop
      vertex -0.82096 -12.7021 -17.4995
      vertex -0.829649 -12.7824 -17.4557
      vertex -0.830325 -12.7862 -17.4536
    endloop
  endfacet
  facet normal -0.0975232 -0.468399 -0.878118
    outer loop
      vertex -0.82096 -12.7021 -17.4995
      vertex -0.830325 -12.7862 -17.4536
      vertex -2.3756 -12.8216 -17.2631
    endloop
  endfacet
  facet normal -0.0984833 -0.457299 -0.883843
    outer loop
      vertex -0.830325 -12.7862 -17.4536
      vertex -0.831031 -12.7903 -17.4514
      vertex -2.3756 -12.8216 -17.2631
    endloop
  endfacet
  facet normal -0.0958697 -0.488075 -0.867521
    outer loop
      vertex -0.831031 -12.7903 -17.4514
      vertex -0.831762 -12.7946 -17.4489
      vertex -2.3756 -12.8216 -17.2631
    endloop
  endfacet
  facet normal -0.0985551 -0.45499 -0.885026
    outer loop
      vertex -0.831762 -12.7946 -17.4489
      vertex -0.832514 -12.7993 -17.4464
      vertex -2.3756 -12.8216 -17.2631
    endloop
  endfacet
  facet normal -0.0974205 -0.46906 -0.877777
    outer loop
      vertex -0.82096 -12.7021 -17.4995
      vertex -2.3756 -12.8216 -17.2631
      vertex -0.820078 -12.6744 -17.5144
    endloop
  endfacet
  facet normal -0.0975289 -0.46855 -0.878037
    outer loop
      vertex -0.833281 -12.8042 -17.4437
      vertex -2.3756 -12.8216 -17.2631
      vertex -0.832514 -12.7993 -17.4464
    endloop
  endfacet
  facet normal -0.097608 -0.467463 -0.878607
    outer loop
      vertex -0.83406 -12.8093 -17.4409
      vertex -2.3756 -12.8216 -17.2631
      vertex -0.833281 -12.8042 -17.4437
    endloop
  endfacet
  facet normal -0.0967794 -0.479391 -0.872249
    outer loop
      vertex -0.834845 -12.8146 -17.4379
      vertex -2.3756 -12.8216 -17.2631
      vertex -0.83406 -12.8093 -17.4409
    endloop
  endfacet
  facet normal -0.0976639 -0.46577 -0.8795
    outer loop
      vertex -0.835631 -12.8201 -17.4349
      vertex -2.3756 -12.8216 -17.2631
      vertex -0.834845 -12.8146 -17.4379
    endloop
  endfacet
  facet normal -0.0973173 -0.471567 -0.876444
    outer loop
      vertex -0.836414 -12.8257 -17.4318
      vertex -2.3756 -12.8216 -17.2631
      vertex -0.835631 -12.8201 -17.4349
    endloop
  endfacet
  facet normal -0.0980092 -0.458903 -0.883064
    outer loop
      vertex -0.837188 -12.8315 -17.4287
      vertex -2.3756 -12.8216 -17.2631
      vertex -0.836414 -12.8257 -17.4318
    endloop
  endfacet
  facet normal -0.0974087 -0.470952 -0.876765
    outer loop
      vertex -0.837949 -12.8373 -17.4255
      vertex -2.3756 -12.8216 -17.2631
      vertex -0.837188 -12.8315 -17.4287
    endloop
  endfacet
  facet normal -0.097437 -0.470335 -0.877092
    outer loop
      vertex -0.838692 -12.8433 -17.4222
      vertex -2.3756 -12.8216 -17.2631
      vertex -0.837949 -12.8373 -17.4255
    endloop
  endfacet
  facet normal -0.0976436 -0.465238 -0.879784
    outer loop
      vertex -0.839413 -12.8492 -17.419
      vertex -2.3756 -12.8216 -17.2631
      vertex -0.838692 -12.8433 -17.4222
    endloop
  endfacet
  facet normal -0.0974387 -0.470974 -0.876749
    outer loop
      vertex -0.840105 -12.8552 -17.4157
      vertex -2.3756 -12.8216 -17.2631
      vertex -0.839413 -12.8492 -17.419
    endloop
  endfacet
  facet normal -0.0975285 -0.468074 -0.878291
    outer loop
      vertex -0.850036 -12.9295 -17.375
      vertex -2.3756 -12.8216 -17.2631
      vertex -0.840105 -12.8552 -17.4157
    endloop
  endfacet
  facet normal -0.097496 -0.468563 -0.878033
    outer loop
      vertex -2.3756 -12.8216 -17.2631
      vertex -2.33274 -11.4549 -17.9972
      vertex -0.84022 -12.1095 -17.8136
    endloop
  endfacet
  facet normal 0.0579381 -0.463505 -0.884198
    outer loop
      vertex -0.633637 -6.31182 -20.9304
      vertex -0.635132 -6.2853 -20.9444
      vertex -0.63431 -6.29588 -20.9388
    endloop
  endfacet
  facet normal -0.122577 -0.46872 -0.874801
    outer loop
      vertex -0.64037 -6.24455 -20.9655
      vertex -0.635132 -6.2853 -20.9444
      vertex -0.633637 -6.31182 -20.9304
    endloop
  endfacet
  facet normal -0.113053 -0.468498 -0.876201
    outer loop
      vertex -0.64037 -6.24455 -20.9655
      vertex -0.633637 -6.31182 -20.9304
      vertex -0.633109 -6.33252 -20.9194
    endloop
  endfacet
  facet normal -0.0974829 -0.468259 -0.878197
    outer loop
      vertex -0.64037 -6.24455 -20.9655
      vertex -0.633109 -6.33252 -20.9194
      vertex -2.16594 -6.13663 -20.8537
    endloop
  endfacet
  facet normal -0.0974477 -0.467922 -0.878381
    outer loop
      vertex -0.633109 -6.33252 -20.9194
      vertex -0.63272 -6.35738 -20.9062
      vertex -2.16594 -6.13663 -20.8537
    endloop
  endfacet
  facet normal -0.0977133 -0.470043 -0.877218
    outer loop
      vertex -0.63272 -6.35738 -20.9062
      vertex -0.632465 -6.3858 -20.891
      vertex -2.16594 -6.13663 -20.8537
    endloop
  endfacet
  facet normal -0.0974067 -0.467986 -0.878351
    outer loop
      vertex -0.632465 -6.3858 -20.891
      vertex -0.632339 -6.41717 -20.8743
      vertex -2.16594 -6.13663 -20.8537
    endloop
  endfacet
  facet normal -0.0975081 -0.468564 -0.878032
    outer loop
      vertex -0.632339 -6.41717 -20.8743
      vertex -0.632338 -6.4509 -20.8563
      vertex -2.16594 -6.13663 -20.8537
    endloop
  endfacet
  facet normal -0.0976924 -0.469468 -0.877528
    outer loop
      vertex -0.632338 -6.4509 -20.8563
      vertex -0.632457 -6.48639 -20.8373
      vertex -2.16594 -6.13663 -20.8537
    endloop
  endfacet
  facet normal -0.0971174 -0.467011 -0.878902
    outer loop
      vertex -0.632457 -6.48639 -20.8373
      vertex -0.63269 -6.52304 -20.8178
      vertex -2.16594 -6.13663 -20.8537
    endloop
  endfacet
  facet normal -0.0975775 -0.468747 -0.877927
    outer loop
      vertex -0.63269 -6.52304 -20.8178
      vertex -0.633032 -6.56024 -20.7979
      vertex -2.16594 -6.13663 -20.8537
    endloop
  endfacet
  facet normal -0.0976295 -0.468922 -0.877827
    outer loop
      vertex -0.633032 -6.56024 -20.7979
      vertex -0.633479 -6.5974 -20.778
      vertex -2.16594 -6.13663 -20.8537
    endloop
  endfacet
  facet normal -0.0978472 -0.469583 -0.877449
    outer loop
      vertex -0.633479 -6.5974 -20.778
      vertex -0.634026 -6.63391 -20.7584
      vertex -2.16594 -6.13663 -20.8537
    endloop
  endfacet
  facet normal -0.0968438 -0.466798 -0.879045
    outer loop
      vertex -0.634026 -6.63391 -20.7584
      vertex -0.634667 -6.66918 -20.7396
      vertex -2.16594 -6.13663 -20.8537
    endloop
  endfacet
  facet normal -0.0981469 -0.470133 -0.877122
    outer loop
      vertex -0.634667 -6.66918 -20.7396
      vertex -0.635397 -6.70261 -20.7216
      vertex -2.16594 -6.13663 -20.8537
    endloop
  endfacet
  facet normal -0.0972809 -0.468071 -0.87832
    outer loop
      vertex -0.635397 -6.70261 -20.7216
      vertex -0.636212 -6.73359 -20.705
      vertex -2.16594 -6.13663 -20.8537
    endloop
  endfacet
  facet normal -0.0973995 -0.468336 -0.878166
    outer loop
      vertex -0.636212 -6.73359 -20.705
      vertex -0.637107 -6.76153 -20.69
      vertex -2.16594 -6.13663 -20.8537
    endloop
  endfacet
  facet normal -0.0978881 -0.469372 -0.877558
    outer loop
      vertex -0.637107 -6.76153 -20.69
      vertex -0.638077 -6.78582 -20.6769
      vertex -2.16594 -6.13663 -20.8537
    endloop
  endfacet
  facet normal -0.152695 -0.460609 -0.87437
    outer loop
      vertex -0.641843 -6.83382 -20.6509
      vertex -0.639116 -6.80587 -20.6661
      vertex -0.64022 -6.82107 -20.6579
    endloop
  endfacet
  facet normal 0.411414 -0.478327 -0.775849
    outer loop
      vertex -0.641843 -6.83382 -20.6509
      vertex -0.64022 -6.82107 -20.6579
      vertex -0.641384 -6.83083 -20.6525
    endloop
  endfacet
  facet normal 0.0824235 -0.482319 -0.872109
    outer loop
      vertex -0.642396 -6.83735 -20.649
      vertex -0.639116 -6.80587 -20.6661
      vertex -0.641843 -6.83382 -20.6509
    endloop
  endfacet
  facet normal -0.412119 -0.401376 -0.817958
    outer loop
      vertex -0.643036 -6.84138 -20.6467
      vertex -0.639116 -6.80587 -20.6661
      vertex -0.642396 -6.83735 -20.649
    endloop
  endfacet
  facet normal 0.219526 -0.486298 -0.845768
    outer loop
      vertex -0.643758 -6.84588 -20.6443
      vertex -0.639116 -6.80587 -20.6661
      vertex -0.643036 -6.84138 -20.6467
    endloop
  endfacet
  facet normal -0.0850341 -0.469094 -0.879045
    outer loop
      vertex -0.638077 -6.78582 -20.6769
      vertex -0.639116 -6.80587 -20.6661
      vertex -0.643758 -6.84588 -20.6443
    endloop
  endfacet
  facet normal -0.31725 -0.429049 -0.845736
    outer loop
      vertex -0.638077 -6.78582 -20.6769
      vertex -0.643758 -6.84588 -20.6443
      vertex -0.644555 -6.85081 -20.6415
    endloop
  endfacet
  facet normal 0.0227776 -0.479967 -0.876991
    outer loop
      vertex -0.638077 -6.78582 -20.6769
      vertex -0.644555 -6.85081 -20.6415
      vertex -0.645422 -6.85615 -20.6386
    endloop
  endfacet
  facet normal -0.246218 -0.443575 -0.861753
    outer loop
      vertex -0.638077 -6.78582 -20.6769
      vertex -0.645422 -6.85615 -20.6386
      vertex -0.646353 -6.86185 -20.6354
    endloop
  endfacet
  facet normal -0.097521 -0.468628 -0.877996
    outer loop
      vertex -0.638077 -6.78582 -20.6769
      vertex -0.646353 -6.86185 -20.6354
      vertex -2.16594 -6.13663 -20.8537
    endloop
  endfacet
  facet normal -0.0955827 -0.465181 -0.88004
    outer loop
      vertex -0.646353 -6.86185 -20.6354
      vertex -0.647341 -6.86789 -20.6321
      vertex -2.16594 -6.13663 -20.8537
    endloop
  endfacet
  facet normal -0.097267 -0.468146 -0.878281
    outer loop
      vertex -0.647341 -6.86789 -20.6321
      vertex -0.648382 -6.87424 -20.6286
      vertex -2.16594 -6.13663 -20.8537
    endloop
  endfacet
  facet normal -0.0968934 -0.467496 -0.878669
    outer loop
      vertex -0.648382 -6.87424 -20.6286
      vertex -0.650594 -6.88769 -20.6212
      vertex -2.16594 -6.13663 -20.8537
    endloop
  endfacet
  facet normal -0.0982068 -0.469731 -0.87733
    outer loop
      vertex -0.650594 -6.88769 -20.6212
      vertex -0.655379 -6.91676 -20.6051
      vertex -2.16594 -6.13663 -20.8537
    endloop
  endfacet
  facet normal -0.097056 -0.467862 -0.878456
    outer loop
      vertex -0.655379 -6.91676 -20.6051
      vertex -0.657857 -6.93183 -20.5968
      vertex -2.16594 -6.13663 -20.8537
    endloop
  endfacet
  facet normal -0.0989227 -0.470823 -0.876664
    outer loop
      vertex -0.657857 -6.93183 -20.5968
      vertex -0.659096 -6.93939 -20.5926
      vertex -2.16594 -6.13663 -20.8537
    endloop
  endfacet
  facet normal -0.0948935 -0.4645 -0.880475
    outer loop
      vertex -0.659096 -6.93939 -20.5926
      vertex -0.660328 -6.94691 -20.5885
      vertex -2.16594 -6.13663 -20.8537
    endloop
  endfacet
  facet normal -0.0966499 -0.467228 -0.878839
    outer loop
      vertex -0.660328 -6.94691 -20.5885
      vertex -0.661546 -6.95437 -20.5844
      vertex -2.16594 -6.13663 -20.8537
    endloop
  endfacet
  facet normal -0.0977965 -0.468987 -0.877774
    outer loop
      vertex -0.661546 -6.95437 -20.5844
      vertex -0.674095 -7.02456 -20.5455
      vertex -2.16594 -6.13663 -20.8537
    endloop
  endfacet
  facet normal -0.0974127 -0.468455 -0.878101
    outer loop
      vertex -0.674095 -7.02456 -20.5455
      vertex -0.68907 -7.09455 -20.5065
      vertex -2.16594 -6.13663 -20.8537
    endloop
  endfacet
  facet normal -0.0976422 -0.468184 -0.87822
    outer loop
      vertex -0.68907 -7.09455 -20.5065
      vertex -0.706446 -7.16427 -20.4674
      vertex -2.2088 -7.50335 -20.1196
    endloop
  endfacet
  facet normal -0.0972554 -0.469541 -0.877538
    outer loop
      vertex -2.2088 -7.50335 -20.1196
      vertex -0.726192 -7.23369 -20.4282
      vertex -0.748283 -7.30275 -20.3888
    endloop
  endfacet
  facet normal -0.0974901 -0.468691 -0.877966
    outer loop
      vertex -0.859533 -7.57439 -20.2315
      vertex -2.2088 -7.50335 -20.1196
      vertex -0.828342 -7.50726 -20.2708
    endloop
  endfacet
  facet normal -0.0975619 -0.468724 -0.877941
    outer loop
      vertex -2.2088 -7.50335 -20.1196
      vertex -1.00608 -7.83629 -20.0755
      vertex -1.04802 -7.89986 -20.0369
    endloop
  endfacet
  facet normal -0.0975395 -0.468543 -0.87804
    outer loop
      vertex -1.13809 -8.02439 -19.9605
      vertex -2.21227 -7.61506 -20.0596
      vertex -1.09203 -7.96258 -19.9986
    endloop
  endfacet
  facet normal -0.0977763 -0.469308 -0.877605
    outer loop
      vertex -1.13809 -8.02439 -19.9605
      vertex -1.18615 -8.08525 -19.9226
      vertex -2.21561 -7.72435 -20.0009
    endloop
  endfacet
  facet normal -0.0975663 -0.468567 -0.878024
    outer loop
      vertex -2.21561 -7.72435 -20.0009
      vertex -1.2362 -8.14509 -19.8852
      vertex -2.2188 -7.83087 -19.9437
    endloop
  endfacet
  facet normal -0.0977137 -0.468983 -0.877785
    outer loop
      vertex -1.2362 -8.14509 -19.8852
      vertex -1.28821 -8.20388 -19.848
      vertex -2.2188 -7.83087 -19.9437
    endloop
  endfacet
  facet normal -0.0975915 -0.46884 -0.877875
    outer loop
      vertex -1.28821 -8.20388 -19.848
      vertex -1.34214 -8.26156 -19.8112
      vertex -2.22183 -7.93427 -19.8882
    endloop
  endfacet
  facet normal -0.0973634 -0.46826 -0.87821
    outer loop
      vertex -2.22183 -7.93427 -19.8882
      vertex -1.35926 -8.27885 -19.8001
      vertex -1.37879 -8.29767 -19.7879
    endloop
  endfacet
  facet normal -0.0979209 -0.469372 -0.877554
    outer loop
      vertex -2.22183 -7.93427 -19.8882
      vertex -1.37879 -8.29767 -19.7879
      vertex -1.4005 -8.31782 -19.7747
    endloop
  endfacet
  facet normal -0.0967465 -0.466774 -0.879069
    outer loop
      vertex -2.22471 -8.03418 -19.8346
      vertex -1.4005 -8.31782 -19.7747
      vertex -1.42413 -8.3391 -19.7608
    endloop
  endfacet
  facet normal -0.0972113 -0.467994 -0.878369
    outer loop
      vertex -1.47621 -8.38429 -19.7309
      vertex -2.22471 -8.03418 -19.8346
      vertex -1.44945 -8.36132 -19.7461
    endloop
  endfacet
  facet normal -0.0979117 -0.469267 -0.877611
    outer loop
      vertex -1.50416 -8.40782 -19.7152
      vertex -2.22471 -8.03418 -19.8346
      vertex -1.47621 -8.38429 -19.7309
    endloop
  endfacet
  facet normal -0.0978584 -0.469329 -0.877584
    outer loop
      vertex -1.53307 -8.43171 -19.6992
      vertex -2.22741 -8.13024 -19.783
      vertex -1.50416 -8.40782 -19.7152
    endloop
  endfacet
  facet normal -0.0972178 -0.468061 -0.878332
    outer loop
      vertex -1.56269 -8.45577 -19.6831
      vertex -2.22741 -8.13024 -19.783
      vertex -1.53307 -8.43171 -19.6992
    endloop
  endfacet
  facet normal -0.0974996 -0.468548 -0.878042
    outer loop
      vertex -2.22994 -8.2221 -19.7337
      vertex -2.22741 -8.13024 -19.783
      vertex -1.56269 -8.45577 -19.6831
    endloop
  endfacet
  facet normal -0.0977399 -0.469158 -0.877689
    outer loop
      vertex -2.22994 -8.2221 -19.7337
      vertex -1.56269 -8.45577 -19.6831
      vertex -1.59277 -8.47981 -19.6669
    endloop
  endfacet
  facet normal -0.0968062 -0.467153 -0.878861
    outer loop
      vertex -2.22994 -8.2221 -19.7337
      vertex -1.59277 -8.47981 -19.6669
      vertex -1.62308 -8.50363 -19.6509
    endloop
  endfacet
  facet normal -0.0980346 -0.469407 -0.877523
    outer loop
      vertex -2.22994 -8.2221 -19.7337
      vertex -1.62308 -8.50363 -19.6509
      vertex -1.65336 -8.52703 -19.635
    endloop
  endfacet
  facet normal -0.0975145 -0.468407 -0.878115
    outer loop
      vertex -2.23228 -8.3094 -19.6868
      vertex -1.65336 -8.52703 -19.635
      vertex -1.68337 -8.54984 -19.6195
    endloop
  endfacet
  facet normal -0.0973935 -0.46817 -0.878255
    outer loop
      vertex -2.23228 -8.3094 -19.6868
      vertex -1.68337 -8.54984 -19.6195
      vertex -1.71288 -8.57184 -19.6045
    endloop
  endfacet
  facet normal -0.0974686 -0.468295 -0.87818
    outer loop
      vertex -2.23228 -8.3094 -19.6868
      vertex -1.71288 -8.57184 -19.6045
      vertex -1.74163 -8.59286 -19.5901
    endloop
  endfacet
  facet normal -0.0976828 -0.468722 -0.877928
    outer loop
      vertex -1.79589 -8.63114 -19.5636
      vertex -2.23442 -8.39178 -19.6426
      vertex -1.76938 -8.61269 -19.5764
    endloop
  endfacet
  facet normal -0.0972364 -0.46804 -0.878341
    outer loop
      vertex -2.23637 -8.46888 -19.6013
      vertex -2.23442 -8.39178 -19.6426
      vertex -1.79589 -8.63114 -19.5636
    endloop
  endfacet
  facet normal -0.096633 -0.466987 -0.878968
    outer loop
      vertex -1.84421 -8.66315 -19.5412
      vertex -2.23637 -8.46888 -19.6013
      vertex -1.82091 -8.64802 -19.5518
    endloop
  endfacet
  facet normal -0.0976935 -0.468794 -0.877889
    outer loop
      vertex -1.86553 -8.67631 -19.5318
      vertex -2.23637 -8.46888 -19.6013
      vertex -1.84421 -8.66315 -19.5412
    endloop
  endfacet
  facet normal -0.0972312 -0.468107 -0.878306
    outer loop
      vertex -1.88298 -8.68657 -19.5244
      vertex -2.23637 -8.46888 -19.6013
      vertex -1.86553 -8.67631 -19.5318
    endloop
  endfacet
  facet normal -0.0982358 -0.470106 -0.877126
    outer loop
      vertex -1.90228 -8.69765 -19.5163
      vertex -2.23811 -8.54034 -19.563
      vertex -1.88298 -8.68657 -19.5244
    endloop
  endfacet
  facet normal -0.0975686 -0.468896 -0.877848
    outer loop
      vertex -1.92314 -8.70941 -19.5077
      vertex -2.23811 -8.54034 -19.563
      vertex -1.90228 -8.69765 -19.5163
    endloop
  endfacet
  facet normal -0.0973674 -0.4685 -0.878082
    outer loop
      vertex -1.94529 -8.72171 -19.4987
      vertex -2.23963 -8.60581 -19.5279
      vertex -2.23811 -8.54034 -19.563
    endloop
  endfacet
  facet normal -0.0969171 -0.467503 -0.878663
    outer loop
      vertex -1.96844 -8.73439 -19.4894
      vertex -2.23963 -8.60581 -19.5279
      vertex -1.94529 -8.72171 -19.4987
    endloop
  endfacet
  facet normal -0.0983604 -0.470085 -0.877123
    outer loop
      vertex -1.9923 -8.74731 -19.4798
      vertex -2.23963 -8.60581 -19.5279
      vertex -1.96844 -8.73439 -19.4894
    endloop
  endfacet
  facet normal -0.0967023 -0.467686 -0.878589
    outer loop
      vertex -2.0166 -8.76032 -19.4702
      vertex -2.23963 -8.60581 -19.5279
      vertex -1.9923 -8.74731 -19.4798
    endloop
  endfacet
  facet normal -0.0970072 -0.468022 -0.878376
    outer loop
      vertex -1.94529 -8.72171 -19.4987
      vertex -2.23811 -8.54034 -19.563
      vertex -1.92314 -8.70941 -19.5077
    endloop
  endfacet
  facet normal -0.0975737 -0.468705 -0.87795
    outer loop
      vertex -2.23963 -8.60581 -19.5279
      vertex -2.0166 -8.76032 -19.4702
      vertex -2.24092 -8.66492 -19.4962
    endloop
  endfacet
  facet normal -0.0985643 -0.470711 -0.876765
    outer loop
      vertex -2.0166 -8.76032 -19.4702
      vertex -2.04104 -8.77327 -19.4605
      vertex -2.24092 -8.66492 -19.4962
    endloop
  endfacet
  facet normal -0.09725 -0.468691 -0.877993
    outer loop
      vertex -2.04104 -8.77327 -19.4605
      vertex -2.06536 -8.78602 -19.451
      vertex -2.24092 -8.66492 -19.4962
    endloop
  endfacet
  facet normal -0.0963792 -0.466618 -0.879192
    outer loop
      vertex -2.06536 -8.78602 -19.451
      vertex -2.08925 -8.79842 -19.4418
      vertex -2.24198 -8.71732 -19.4681
    endloop
  endfacet
  facet normal -0.098834 -0.470484 -0.876856
    outer loop
      vertex -2.08925 -8.79842 -19.4418
      vertex -2.11245 -8.81032 -19.4328
      vertex -2.24198 -8.71732 -19.4681
    endloop
  endfacet
  facet normal -0.0973782 -0.46885 -0.877894
    outer loop
      vertex -2.11245 -8.81032 -19.4328
      vertex -2.2428 -8.76265 -19.4438
      vertex -2.24198 -8.71732 -19.4681
    endloop
  endfacet
  facet normal -0.0963461 -0.46636 -0.879333
    outer loop
      vertex -2.13466 -8.82157 -19.4244
      vertex -2.2428 -8.76265 -19.4438
      vertex -2.11245 -8.81032 -19.4328
    endloop
  endfacet
  facet normal -0.0981148 -0.468732 -0.877875
    outer loop
      vertex -2.15561 -8.83203 -19.4165
      vertex -2.24337 -8.80055 -19.4235
      vertex -2.2428 -8.76265 -19.4438
    endloop
  endfacet
  facet normal -0.0989339 -0.470754 -0.8767
    outer loop
      vertex -2.175 -8.84155 -19.4092
      vertex -2.24337 -8.80055 -19.4235
      vertex -2.15561 -8.83203 -19.4165
    endloop
  endfacet
  facet normal -0.0979826 -0.46833 -0.878104
    outer loop
      vertex -2.19257 -8.84999 -19.4028
      vertex -2.24369 -8.83067 -19.4074
      vertex -2.24337 -8.80055 -19.4235
    endloop
  endfacet
  facet normal -0.0965168 -0.467881 -0.878506
    outer loop
      vertex -2.20802 -8.85718 -19.3972
      vertex -2.24373 -8.85263 -19.3957
      vertex -2.24369 -8.83067 -19.4074
    endloop
  endfacet
  facet normal -0.100192 -0.472281 -0.875735
    outer loop
      vertex -2.22107 -8.863 -19.3927
      vertex -2.23144 -8.86729 -19.3892
      vertex -2.24373 -8.85263 -19.3957
    endloop
  endfacet
  facet normal -0.100773 -0.468971 -0.877446
    outer loop
      vertex -2.24351 -8.86609 -19.3885
      vertex -2.23884 -8.8699 -19.387
      vertex -2.243 -8.87069 -19.3861
    endloop
  endfacet
  facet normal -0.0973028 -0.465581 -0.87964
    outer loop
      vertex -2.23144 -8.86729 -19.3892
      vertex -2.23884 -8.8699 -19.387
      vertex -2.24351 -8.86609 -19.3885
    endloop
  endfacet
  facet normal -0.0976487 -0.470662 -0.876893
    outer loop
      vertex -2.23144 -8.86729 -19.3892
      vertex -2.24351 -8.86609 -19.3885
      vertex -2.24373 -8.85263 -19.3957
    endloop
  endfacet
  facet normal -0.0961978 -0.464833 -0.880157
    outer loop
      vertex -2.22107 -8.863 -19.3927
      vertex -2.24373 -8.85263 -19.3957
      vertex -2.20802 -8.85718 -19.3972
    endloop
  endfacet
  facet normal -0.0988948 -0.47045 -0.876868
    outer loop
      vertex -2.20802 -8.85718 -19.3972
      vertex -2.24369 -8.83067 -19.4074
      vertex -2.19257 -8.84999 -19.4028
    endloop
  endfacet
  facet normal -0.0960245 -0.466759 -0.879156
    outer loop
      vertex -2.19257 -8.84999 -19.4028
      vertex -2.24337 -8.80055 -19.4235
      vertex -2.175 -8.84155 -19.4092
    endloop
  endfacet
  facet normal -0.0976975 -0.468545 -0.878021
    outer loop
      vertex -5.3035 -8.71089 -19.1315
      vertex -5.46912 -8.13479 -19.4205
      vertex -5.25804 -8.73611 -19.1231
    endloop
  endfacet
  facet normal -0.0974791 -0.468094 -0.878285
    outer loop
      vertex -2.15561 -8.83203 -19.4165
      vertex -2.2428 -8.76265 -19.4438
      vertex -2.13466 -8.82157 -19.4244
    endloop
  endfacet
  facet normal -0.097747 -0.468485 -0.878048
    outer loop
      vertex -2.99815 -8.44618 -19.5288
      vertex -3.27608 -9.13957 -19.1279
      vertex -3.18178 -8.33852 -19.5658
    endloop
  endfacet
  facet normal -0.0973592 -0.468819 -0.877912
    outer loop
      vertex -2.06536 -8.78602 -19.451
      vertex -2.24198 -8.71732 -19.4681
      vertex -2.24092 -8.66492 -19.4962
    endloop
  endfacet
  facet normal -0.0988637 -0.468223 -0.878062
    outer loop
      vertex -3.18178 -8.33852 -19.5658
      vertex -3.33068 -9.14403 -19.1195
      vertex -3.38608 -9.14771 -19.1113
    endloop
  endfacet
  facet normal -0.0973791 -0.468304 -0.878185
    outer loop
      vertex -2.23811 -8.54034 -19.563
      vertex -2.23637 -8.46888 -19.6013
      vertex -1.88298 -8.68657 -19.5244
    endloop
  endfacet
  facet normal -0.0971662 -0.468643 -0.878028
    outer loop
      vertex -3.49955 -9.15283 -19.096
      vertex -3.18178 -8.33852 -19.5658
      vertex -3.44234 -9.15064 -19.1035
    endloop
  endfacet
  facet normal -0.0976162 -0.468949 -0.877814
    outer loop
      vertex -2.23637 -8.46888 -19.6013
      vertex -1.79589 -8.63114 -19.5636
      vertex -1.82091 -8.64802 -19.5518
    endloop
  endfacet
  facet normal -0.0968903 -0.468739 -0.878007
    outer loop
      vertex -3.49955 -9.15283 -19.096
      vertex -3.53066 -9.15333 -19.0923
      vertex -3.18178 -8.33852 -19.5658
    endloop
  endfacet
  facet normal -0.09765 -0.468555 -0.878021
    outer loop
      vertex -2.23442 -8.39178 -19.6426
      vertex -2.23228 -8.3094 -19.6868
      vertex -1.74163 -8.59286 -19.5901
    endloop
  endfacet
  facet normal -0.0966903 -0.468761 -0.878017
    outer loop
      vertex -3.60145 -9.15266 -19.0848
      vertex -3.64043 -9.15155 -19.0811
      vertex -3.3734 -8.22627 -19.6045
    endloop
  endfacet
  facet normal -0.0977495 -0.468956 -0.877796
    outer loop
      vertex -2.23228 -8.3094 -19.6868
      vertex -2.22994 -8.2221 -19.7337
      vertex -1.65336 -8.52703 -19.635
    endloop
  endfacet
  facet normal -0.0972921 -0.468662 -0.878003
    outer loop
      vertex -3.56911 -8.1117 -19.6439
      vertex -3.90256 -9.13562 -19.0604
      vertex -3.94771 -9.13168 -19.0575
    endloop
  endfacet
  facet normal -0.097636 -0.468822 -0.87788
    outer loop
      vertex -1.50416 -8.40782 -19.7152
      vertex -2.22741 -8.13024 -19.783
      vertex -2.22471 -8.03418 -19.8346
    endloop
  endfacet
  facet normal -0.0992329 -0.468091 -0.878091
    outer loop
      vertex -3.76502 -7.99709 -19.6833
      vertex -4.07867 -9.11823 -19.0502
      vertex -4.11967 -9.11329 -19.0482
    endloop
  endfacet
  facet normal -0.0977971 -0.469192 -0.877664
    outer loop
      vertex -1.44945 -8.36132 -19.7461
      vertex -2.22471 -8.03418 -19.8346
      vertex -1.42413 -8.3391 -19.7608
    endloop
  endfacet
  facet normal -0.0967393 -0.468896 -0.87794
    outer loop
      vertex -3.95725 -7.88471 -19.7219
      vertex -4.50738 -9.03374 -19.0476
      vertex -4.56093 -9.01876 -19.0497
    endloop
  endfacet
  facet normal -0.097344 -0.468322 -0.878179
    outer loop
      vertex -2.22471 -8.03418 -19.8346
      vertex -2.22183 -7.93427 -19.8882
      vertex -1.4005 -8.31782 -19.7747
    endloop
  endfacet
  facet normal -0.0971464 -0.467788 -0.878486
    outer loop
      vertex -2.22183 -7.93427 -19.8882
      vertex -1.34214 -8.26156 -19.8112
      vertex -1.35926 -8.27885 -19.8001
    endloop
  endfacet
  facet normal -0.0973787 -0.468804 -0.877918
    outer loop
      vertex -4.31508 -7.67575 -19.7936
      vertex -5.2964 -7.89158 -19.5695
      vertex -5.23714 -7.80857 -19.6204
    endloop
  endfacet
  facet normal -0.0974724 -0.46846 -0.878091
    outer loop
      vertex -2.2188 -7.83087 -19.9437
      vertex -1.28821 -8.20388 -19.848
      vertex -2.22183 -7.93427 -19.8882
    endloop
  endfacet
  facet normal -0.0971732 -0.467779 -0.878487
    outer loop
      vertex -2.21561 -7.72435 -20.0009
      vertex -1.18615 -8.08525 -19.9226
      vertex -1.2362 -8.14509 -19.8852
    endloop
  endfacet
  facet normal -0.0974431 -0.468534 -0.878055
    outer loop
      vertex -5.17902 -7.72733 -19.6702
      vertex -4.31508 -7.67575 -19.7936
      vertex -5.23714 -7.80857 -19.6204
    endloop
  endfacet
  facet normal -0.0975637 -0.468599 -0.878007
    outer loop
      vertex -2.21227 -7.61506 -20.0596
      vertex -1.13809 -8.02439 -19.9605
      vertex -2.21561 -7.72435 -20.0009
    endloop
  endfacet
  facet normal -0.0973654 -0.468033 -0.878331
    outer loop
      vertex -1.04802 -7.89986 -20.0369
      vertex -1.09203 -7.96258 -19.9986
      vertex -2.21227 -7.61506 -20.0596
    endloop
  endfacet
  facet normal -0.0974313 -0.468623 -0.878009
    outer loop
      vertex -5.17902 -7.72733 -19.6702
      vertex -4.47291 -7.58373 -19.8252
      vertex -4.31508 -7.67575 -19.7936
    endloop
  endfacet
  facet normal -0.0975472 -0.468674 -0.877969
    outer loop
      vertex -0.96623 -7.7719 -20.1143
      vertex -1.00608 -7.83629 -20.0755
      vertex -2.2088 -7.50335 -20.1196
    endloop
  endfacet
  facet normal -0.0974965 -0.468653 -0.877986
    outer loop
      vertex -0.928505 -7.70675 -20.1532
      vertex -2.2088 -7.50335 -20.1196
      vertex -0.89293 -7.6409 -20.1923
    endloop
  endfacet
  facet normal -0.0975134 -0.46836 -0.87814
    outer loop
      vertex -5.17902 -7.72733 -19.6702
      vertex -5.12319 -7.64952 -19.7179
      vertex -4.47291 -7.58373 -19.8252
    endloop
  endfacet
  facet normal -0.0974599 -0.469241 -0.877675
    outer loop
      vertex -2.2088 -7.50335 -20.1196
      vertex -0.799385 -7.43958 -20.3102
      vertex -0.828342 -7.50726 -20.2708
    endloop
  endfacet
  facet normal -0.0975776 -0.468147 -0.878247
    outer loop
      vertex -0.748283 -7.30275 -20.3888
      vertex -0.772689 -7.37139 -20.3495
      vertex -2.2088 -7.50335 -20.1196
    endloop
  endfacet
  facet normal -0.0976552 -0.468145 -0.878239
    outer loop
      vertex -0.726192 -7.23369 -20.4282
      vertex -2.2088 -7.50335 -20.1196
      vertex -0.706446 -7.16427 -20.4674
    endloop
  endfacet
  facet normal -0.0974355 -0.468779 -0.877925
    outer loop
      vertex -4.47291 -7.58373 -19.8252
      vertex -5.12319 -7.64952 -19.7179
      vertex -4.61149 -7.50305 -19.8529
    endloop
  endfacet
  facet normal -0.0974947 -0.468558 -0.878036
    outer loop
      vertex -2.2088 -7.50335 -20.1196
      vertex -2.16594 -6.13663 -20.8537
      vertex -0.68907 -7.09455 -20.5065
    endloop
  endfacet
  facet normal -0.101391 -0.46598 -0.878967
    outer loop
      vertex -5.68991 -8.45925 -19.2229
      vertex -5.69187 -8.45656 -19.2241
      vertex -5.68609 -8.4465 -19.2301
    endloop
  endfacet
  facet normal -0.0976847 -0.468222 -0.878195
    outer loop
      vertex -5.02314 -7.51076 -19.803
      vertex -4.61149 -7.50305 -19.8529
      vertex -5.07084 -7.57677 -19.7625
    endloop
  endfacet
  facet normal -0.0976174 -0.46904 -0.877765
    outer loop
      vertex -5.02314 -7.51076 -19.803
      vertex -4.72694 -7.43598 -19.8759
      vertex -4.61149 -7.50305 -19.8529
    endloop
  endfacet
  facet normal -0.0977076 -0.467514 -0.878569
    outer loop
      vertex -4.98127 -7.45311 -19.8385
      vertex -4.81537 -7.3848 -19.8933
      vertex -4.72694 -7.43598 -19.8759
    endloop
  endfacet
  facet normal -0.0974084 -0.469599 -0.87749
    outer loop
      vertex -4.98127 -7.45311 -19.8385
      vertex -4.72694 -7.43598 -19.8759
      vertex -5.02314 -7.51076 -19.803
    endloop
  endfacet
  facet normal -0.0979107 -0.467156 -0.878737
    outer loop
      vertex -4.81537 -7.3848 -19.8933
      vertex -4.98127 -7.45311 -19.8385
      vertex -4.94641 -7.40549 -19.8677
    endloop
  endfacet
  facet normal -0.0973012 -0.469532 -0.877538
    outer loop
      vertex -4.81537 -7.3848 -19.8933
      vertex -4.94641 -7.40549 -19.8677
      vertex -4.91972 -7.36953 -19.8899
    endloop
  endfacet
  facet normal -0.0973754 -0.47011 -0.87722
    outer loop
      vertex -4.91972 -7.36953 -19.8899
      vertex -4.87289 -7.3518 -19.9046
      vertex -4.81537 -7.3848 -19.8933
    endloop
  endfacet
  facet normal -0.0979578 -0.464188 -0.880303
    outer loop
      vertex -4.9024 -7.3469 -19.9039
      vertex -4.89561 -7.33923 -19.9087
      vertex -4.87289 -7.3518 -19.9046
    endloop
  endfacet
  facet normal -0.0985295 -0.467923 -0.87826
    outer loop
      vertex -4.9024 -7.3469 -19.9039
      vertex -4.87289 -7.3518 -19.9046
      vertex -4.91972 -7.36953 -19.8899
    endloop
  endfacet
  facet normal -0.0977148 -0.468106 -0.878253
    outer loop
      vertex -4.61149 -7.50305 -19.8529
      vertex -5.12319 -7.64952 -19.7179
      vertex -5.07084 -7.57677 -19.7625
    endloop
  endfacet
  facet normal -0.0965381 -0.468927 -0.877945
    outer loop
      vertex -4.14189 -7.77684 -19.7589
      vertex -4.6667 -8.98667 -19.055
      vertex -4.71889 -8.96956 -19.0584
    endloop
  endfacet
  facet normal -0.0975424 -0.468571 -0.878024
    outer loop
      vertex -3.3734 -8.22627 -19.6045
      vertex -3.81213 -9.1425 -19.0668
      vertex -3.56911 -8.1117 -19.6439
    endloop
  endfacet
  facet normal -0.0977941 -0.468468 -0.878051
    outer loop
      vertex -3.27608 -9.13957 -19.1279
      vertex -2.99815 -8.44618 -19.5288
      vertex -3.22217 -9.13433 -19.1367
    endloop
  endfacet
  facet normal -0.0968923 -0.468737 -0.878008
    outer loop
      vertex -2.99815 -8.44618 -19.5288
      vertex -3.16888 -9.1283 -19.1458
      vertex -3.22217 -9.13433 -19.1367
    endloop
  endfacet
  facet normal -0.0968109 -0.468614 -0.878082
    outer loop
      vertex -3.33068 -9.14403 -19.1195
      vertex -3.18178 -8.33852 -19.5658
      vertex -3.27608 -9.13957 -19.1279
    endloop
  endfacet
  facet normal -0.0975009 -0.468607 -0.87801
    outer loop
      vertex -2.90879 -9.08554 -19.1975
      vertex -2.96024 -9.09582 -19.1863
      vertex -2.82638 -8.54696 -19.4941
    endloop
  endfacet
  facet normal -0.0985183 -0.468293 -0.878064
    outer loop
      vertex -2.75481 -9.04928 -19.234
      vertex -2.80616 -9.06229 -19.2213
      vertex -2.67037 -8.6386 -19.4625
    endloop
  endfacet
  facet normal -0.0982309 -0.468353 -0.878064
    outer loop
      vertex -2.75481 -9.04928 -19.234
      vertex -2.67037 -8.6386 -19.4625
      vertex -2.70333 -9.03533 -19.2472
    endloop
  endfacet
  facet normal -0.0977741 -0.468422 -0.878078
    outer loop
      vertex -2.67037 -8.6386 -19.4625
      vertex -2.53401 -8.7188 -19.4349
      vertex -2.65163 -9.02042 -19.2609
    endloop
  endfacet
  facet normal -0.0972404 -0.468721 -0.877978
    outer loop
      vertex -2.53401 -8.7188 -19.4349
      vertex -2.49438 -8.96978 -19.3053
      vertex -2.54724 -8.98766 -19.2899
    endloop
  endfacet
  facet normal -0.0995131 -0.468693 -0.877738
    outer loop
      vertex -2.42119 -8.78531 -19.4119
      vertex -2.39838 -8.93529 -19.3344
      vertex -2.41224 -8.9404 -19.3301
    endloop
  endfacet
  facet normal -0.100167 -0.467965 -0.878052
    outer loop
      vertex -2.33579 -8.83584 -19.3944
      vertex -2.34745 -8.91609 -19.3503
      vertex -2.35941 -8.92066 -19.3465
    endloop
  endfacet
  facet normal -0.0976734 -0.46832 -0.878143
    outer loop
      vertex -2.28171 -8.86812 -19.3832
      vertex -2.30598 -8.89981 -19.3636
      vertex -2.33579 -8.83584 -19.3944
    endloop
  endfacet
  facet normal -0.0902995 -0.468586 -0.878791
    outer loop
      vertex -2.27697 -8.8876 -19.3733
      vertex -2.28289 -8.89021 -19.3713
      vertex -2.28171 -8.86812 -19.3832
    endloop
  endfacet
  facet normal -0.0951355 -0.467422 -0.8789
    outer loop
      vertex -2.26521 -8.88182 -19.3777
      vertex -2.28171 -8.86812 -19.3832
      vertex -2.26283 -8.87986 -19.379
    endloop
  endfacet
  facet normal -0.33014 -0.209567 -0.920374
    outer loop
      vertex -2.26521 -8.88182 -19.3777
      vertex -2.26283 -8.87986 -19.379
      vertex -2.26345 -8.88064 -19.3786
    endloop
  endfacet
  facet normal -0.0870168 -0.459627 -0.883839
    outer loop
      vertex -2.26809 -8.88339 -19.3766
      vertex -2.28171 -8.86812 -19.3832
      vertex -2.26521 -8.88182 -19.3777
    endloop
  endfacet
  facet normal -0.103227 -0.47078 -0.876191
    outer loop
      vertex -2.27202 -8.88532 -19.3751
      vertex -2.28171 -8.86812 -19.3832
      vertex -2.26809 -8.88339 -19.3766
    endloop
  endfacet
  facet normal -0.102114 -0.470329 -0.876564
    outer loop
      vertex -2.27697 -8.8876 -19.3733
      vertex -2.28171 -8.86812 -19.3832
      vertex -2.27202 -8.88532 -19.3751
    endloop
  endfacet
  facet normal -0.0962421 -0.468075 -0.878432
    outer loop
      vertex -2.28289 -8.89021 -19.3713
      vertex -2.28973 -8.89312 -19.369
      vertex -2.28171 -8.86812 -19.3832
    endloop
  endfacet
  facet normal -0.102167 -0.466323 -0.878695
    outer loop
      vertex -2.28973 -8.89312 -19.369
      vertex -2.29744 -8.89633 -19.3664
      vertex -2.28171 -8.86812 -19.3832
    endloop
  endfacet
  facet normal -0.096786 -0.468877 -0.877945
    outer loop
      vertex -2.29744 -8.89633 -19.3664
      vertex -2.30598 -8.89981 -19.3636
      vertex -2.28171 -8.86812 -19.3832
    endloop
  endfacet
  facet normal -0.0957646 -0.467693 -0.878688
    outer loop
      vertex -2.30598 -8.89981 -19.3636
      vertex -2.31529 -8.90354 -19.3606
      vertex -2.33579 -8.83584 -19.3944
    endloop
  endfacet
  facet normal -0.102741 -0.46905 -0.877175
    outer loop
      vertex -2.31529 -8.90354 -19.3606
      vertex -2.32534 -8.90751 -19.3573
      vertex -2.33579 -8.83584 -19.3944
    endloop
  endfacet
  facet normal -0.0952537 -0.468538 -0.878293
    outer loop
      vertex -2.32534 -8.90751 -19.3573
      vertex -2.33608 -8.9117 -19.3539
      vertex -2.33579 -8.83584 -19.3944
    endloop
  endfacet
  facet normal -0.0971686 -0.468445 -0.878133
    outer loop
      vertex -2.33608 -8.9117 -19.3539
      vertex -2.34745 -8.91609 -19.3503
      vertex -2.33579 -8.83584 -19.3944
    endloop
  endfacet
  facet normal -0.0959683 -0.469067 -0.877933
    outer loop
      vertex -2.33579 -8.83584 -19.3944
      vertex -2.35941 -8.92066 -19.3465
      vertex -2.37192 -8.9254 -19.3426
    endloop
  endfacet
  facet normal -0.0973267 -0.468582 -0.878042
    outer loop
      vertex -2.33579 -8.83584 -19.3944
      vertex -2.37192 -8.9254 -19.3426
      vertex -2.42119 -8.78531 -19.4119
    endloop
  endfacet
  facet normal -0.0946291 -0.467946 -0.878676
    outer loop
      vertex -2.37192 -8.9254 -19.3426
      vertex -2.38493 -8.93028 -19.3386
      vertex -2.42119 -8.78531 -19.4119
    endloop
  endfacet
  facet normal -0.0995059 -0.468693 -0.877739
    outer loop
      vertex -2.38493 -8.93028 -19.3386
      vertex -2.39838 -8.93529 -19.3344
      vertex -2.42119 -8.78531 -19.4119
    endloop
  endfacet
  facet normal -0.0939483 -0.468695 -0.87835
    outer loop
      vertex -2.42119 -8.78531 -19.4119
      vertex -2.41224 -8.9404 -19.3301
      vertex -2.42645 -8.94561 -19.3258
    endloop
  endfacet
  facet normal -0.0959977 -0.46855 -0.878206
    outer loop
      vertex -2.42119 -8.78531 -19.4119
      vertex -2.42645 -8.94561 -19.3258
      vertex -2.44098 -8.95088 -19.3214
    endloop
  endfacet
  facet normal -0.0990597 -0.468123 -0.878094
    outer loop
      vertex -2.42119 -8.78531 -19.4119
      vertex -2.44098 -8.95088 -19.3214
      vertex -2.49438 -8.96978 -19.3053
    endloop
  endfacet
  facet normal -0.097341 -0.468729 -0.877962
    outer loop
      vertex -2.42119 -8.78531 -19.4119
      vertex -2.49438 -8.96978 -19.3053
      vertex -2.53401 -8.7188 -19.4349
    endloop
  endfacet
  facet normal -0.0970926 -0.468733 -0.877988
    outer loop
      vertex -2.53401 -8.7188 -19.4349
      vertex -2.54724 -8.98766 -19.2899
      vertex -2.59963 -9.00453 -19.2751
    endloop
  endfacet
  facet normal -0.0964805 -0.468871 -0.877982
    outer loop
      vertex -2.53401 -8.7188 -19.4349
      vertex -2.59963 -9.00453 -19.2751
      vertex -2.65163 -9.02042 -19.2609
    endloop
  endfacet
  facet normal -0.0993013 -0.468539 -0.877844
    outer loop
      vertex -3.13411 -10.4377 -18.451
      vertex -3.21192 -9.69651 -18.8378
      vertex -3.17118 -9.70758 -18.8365
    endloop
  endfacet
  facet normal -0.0975965 -0.468423 -0.878097
    outer loop
      vertex -2.67037 -8.6386 -19.4625
      vertex -2.65163 -9.02042 -19.2609
      vertex -2.70333 -9.03533 -19.2472
    endloop
  endfacet
  facet normal -0.0967599 -0.468626 -0.878081
    outer loop
      vertex -2.80616 -9.06229 -19.2213
      vertex -2.85746 -9.07437 -19.2092
      vertex -2.82638 -8.54696 -19.4941
    endloop
  endfacet
  facet normal -0.0984482 -0.468547 -0.877936
    outer loop
      vertex -3.29365 -9.6757 -18.8399
      vertex -3.23341 -10.4802 -18.4173
      vertex -3.33456 -9.66598 -18.8405
    endloop
  endfacet
  facet normal -0.0972387 -0.468486 -0.878103
    outer loop
      vertex -3.3362 -10.5241 -18.3824
      vertex -3.44214 -10.5694 -18.3465
      vertex -3.60749 -9.61909 -18.8352
    endloop
  endfacet
  facet normal -0.097666 -0.468585 -0.878003
    outer loop
      vertex -3.72794 -9.60595 -18.8289
      vertex -3.55086 -10.6157 -18.3097
      vertex -3.76951 -9.60197 -18.8264
    endloop
  endfacet
  facet normal -0.097669 -0.468551 -0.878021
    outer loop
      vertex -3.55086 -10.6157 -18.3097
      vertex -3.89374 -9.59172 -18.818
      vertex -3.85275 -9.59483 -18.8209
    endloop
  endfacet
  facet normal -0.0974126 -0.468535 -0.878058
    outer loop
      vertex -3.66202 -10.663 -18.2721
      vertex -4.01015 -9.58463 -18.8089
      vertex -3.97278 -9.58659 -18.812
    endloop
  endfacet
  facet normal -0.0984813 -0.468782 -0.877807
    outer loop
      vertex -3.77308 -10.7103 -18.2345
      vertex -4.20139 -9.58294 -18.7885
      vertex -4.1374 -9.58159 -18.7964
    endloop
  endfacet
  facet normal -0.0985652 -0.468813 -0.877781
    outer loop
      vertex -3.88181 -10.7566 -18.1977
      vertex -4.32814 -9.58897 -18.7712
      vertex -4.26497 -9.5854 -18.7802
    endloop
  endfacet
  facet normal -0.0968345 -0.468306 -0.878244
    outer loop
      vertex -4.93911 -9.68587 -18.6517
      vertex -4.8796 -9.67117 -18.6661
      vertex -4.28622 -10.9279 -18.0614
    endloop
  endfacet
  facet normal -0.0978091 -0.469286 -0.877613
    outer loop
      vertex -5.07288 -11.162 -17.8491
      vertex -4.91932 -11.1912 -17.8506
      vertex -4.95759 -11.2066 -17.8381
    endloop
  endfacet
  facet normal -0.0994661 -0.468782 -0.877696
    outer loop
      vertex -5.72671 -10.0237 -18.3839
      vertex -5.71227 -9.99662 -18.4
      vertex -5.72347 -10.033 -18.3793
    endloop
  endfacet
  facet normal -0.0991582 -0.46805 -0.878121
    outer loop
      vertex -3.68133 -9.14994 -19.0774
      vertex -3.72382 -9.14788 -19.0737
      vertex -3.3734 -8.22627 -19.6045
    endloop
  endfacet
  facet normal -0.0992808 -0.468092 -0.878085
    outer loop
      vertex -5.48052 -9.87969 -18.4881
      vertex -5.45874 -9.86949 -18.496
      vertex -5.58703 -10.2833 -18.2609
    endloop
  endfacet
  facet normal -0.0977038 -0.468439 -0.878077
    outer loop
      vertex -5.54721 -9.91165 -18.4637
      vertex -5.63802 -10.1945 -18.3027
      vertex -5.56922 -9.92243 -18.4555
    endloop
  endfacet
  facet normal -0.0981663 -0.468428 -0.878031
    outer loop
      vertex -3.81213 -9.1425 -19.0668
      vertex -3.85725 -9.13923 -19.0635
      vertex -3.56911 -8.1117 -19.6439
    endloop
  endfacet
  facet normal -0.0945494 -0.46986 -0.877663
    outer loop
      vertex -5.66853 -9.97279 -18.4176
      vertex -5.70202 -10.0785 -18.3574
      vertex -5.71134 -10.06 -18.3663
    endloop
  endfacet
  facet normal -0.0995771 -0.468231 -0.877977
    outer loop
      vertex -5.67578 -10.1272 -18.3343
      vertex -5.63176 -9.95374 -18.4318
      vertex -5.61169 -9.94357 -18.4395
    endloop
  endfacet
  facet normal -0.0962537 -0.469052 -0.87791
    outer loop
      vertex -3.56911 -8.1117 -19.6439
      vertex -3.99234 -9.12745 -19.0548
      vertex -4.03611 -9.12296 -19.0524
    endloop
  endfacet
  facet normal -0.0975193 -0.468544 -0.878041
    outer loop
      vertex -3.56911 -8.1117 -19.6439
      vertex -4.03611 -9.12296 -19.0524
      vertex -3.76502 -7.99709 -19.6833
    endloop
  endfacet
  facet normal -0.0974616 -0.468558 -0.87804
    outer loop
      vertex -4.03611 -9.12296 -19.0524
      vertex -4.07867 -9.11823 -19.0502
      vertex -3.76502 -7.99709 -19.6833
    endloop
  endfacet
  facet normal -0.0974372 -0.468616 -0.878012
    outer loop
      vertex -3.76502 -7.99709 -19.6833
      vertex -4.11967 -9.11329 -19.0482
      vertex -4.15876 -9.10816 -19.0466
    endloop
  endfacet
  facet normal -0.0957112 -0.469168 -0.877907
    outer loop
      vertex -3.76502 -7.99709 -19.6833
      vertex -4.15876 -9.10816 -19.0466
      vertex -4.1956 -9.10289 -19.0454
    endloop
  endfacet
  facet normal -0.0995665 -0.467831 -0.878192
    outer loop
      vertex -3.76502 -7.99709 -19.6833
      vertex -4.1956 -9.10289 -19.0454
      vertex -4.22984 -9.09748 -19.0444
    endloop
  endfacet
  facet normal -0.0964936 -0.468974 -0.877925
    outer loop
      vertex -3.76502 -7.99709 -19.6833
      vertex -4.22984 -9.09748 -19.0444
      vertex -4.26112 -9.09198 -19.0439
    endloop
  endfacet
  facet normal -0.0966839 -0.468899 -0.877944
    outer loop
      vertex -3.76502 -7.99709 -19.6833
      vertex -4.26112 -9.09198 -19.0439
      vertex -4.28909 -9.0864 -19.0438
    endloop
  endfacet
  facet normal -0.0977326 -0.468463 -0.878061
    outer loop
      vertex -3.76502 -7.99709 -19.6833
      vertex -4.28909 -9.0864 -19.0438
      vertex -4.34425 -9.07433 -19.0441
    endloop
  endfacet
  facet normal -0.0982079 -0.468245 -0.878124
    outer loop
      vertex -3.76502 -7.99709 -19.6833
      vertex -4.34425 -9.07433 -19.0441
      vertex -4.39902 -9.06153 -19.0448
    endloop
  endfacet
  facet normal -0.0976158 -0.468566 -0.878019
    outer loop
      vertex -4.8796 -9.67117 -18.6661
      vertex -4.81976 -9.65759 -18.68
      vertex -4.28622 -10.9279 -18.0614
    endloop
  endfacet
  facet normal -0.0974364 -0.468336 -0.878161
    outer loop
      vertex -5.30588 -10.7657 -18.0347
      vertex -4.54742 -11.0375 -17.9739
      vertex -5.27903 -10.8116 -18.0132
    endloop
  endfacet
  facet normal -0.0972164 -0.468677 -0.878004
    outer loop
      vertex -4.39902 -9.06153 -19.0448
      vertex -4.45341 -9.048 -19.046
      vertex -3.95725 -7.88471 -19.7219
    endloop
  endfacet
  facet normal -0.097881 -0.469357 -0.877567
    outer loop
      vertex -4.46509 -11.0031 -18.0014
      vertex -5.36173 -10.6699 -18.0796
      vertex -4.3779 -10.9665 -18.0307
    endloop
  endfacet
  facet normal -0.0977507 -0.468477 -0.878051
    outer loop
      vertex -4.45341 -9.048 -19.046
      vertex -4.50738 -9.03374 -19.0476
      vertex -3.95725 -7.88471 -19.7219
    endloop
  endfacet
  facet normal -0.0970014 -0.467282 -0.878771
    outer loop
      vertex -4.82101 -11.1511 -17.8829
      vertex -5.13905 -11.0501 -17.9015
      vertex -5.15939 -11.0156 -17.9176
    endloop
  endfacet
  facet normal -0.0985904 -0.468055 -0.878183
    outer loop
      vertex -3.95725 -7.88471 -19.7219
      vertex -4.56093 -9.01876 -19.0497
      vertex -4.61404 -9.00307 -19.0521
    endloop
  endfacet
  facet normal -0.0636831 -0.482493 -0.873582
    outer loop
      vertex -5.723 -10.0029 -18.3954
      vertex -5.72856 -10.0114 -18.3903
      vertex -5.72568 -10.0049 -18.3941
    endloop
  endfacet
  facet normal -0.0975713 -0.46856 -0.878027
    outer loop
      vertex -3.95725 -7.88471 -19.7219
      vertex -4.61404 -9.00307 -19.0521
      vertex -4.6667 -8.98667 -19.055
    endloop
  endfacet
  facet normal -0.0980108 -0.470057 -0.877178
    outer loop
      vertex -5.18105 -10.9788 -17.9349
      vertex -4.7617 -11.1267 -17.9025
      vertex -5.15939 -11.0156 -17.9176
    endloop
  endfacet
  facet normal -0.0977358 -0.468471 -0.878056
    outer loop
      vertex -3.95725 -7.88471 -19.7219
      vertex -4.6667 -8.98667 -19.055
      vertex -4.14189 -7.77684 -19.7589
    endloop
  endfacet
  facet normal -0.0982138 -0.470442 -0.876948
    outer loop
      vertex -4.62454 -11.0697 -17.9482
      vertex -5.22796 -10.8988 -17.9723
      vertex -5.25302 -10.8561 -17.9924
    endloop
  endfacet
  facet normal -0.0984049 -0.468146 -0.878155
    outer loop
      vertex -4.14189 -7.77684 -19.7589
      vertex -4.71889 -8.96956 -19.0584
      vertex -4.7706 -8.95175 -19.0621
    endloop
  endfacet
  facet normal -0.0971444 -0.467476 -0.878652
    outer loop
      vertex -4.54742 -11.0375 -17.9739
      vertex -5.25302 -10.8561 -17.9924
      vertex -5.27903 -10.8116 -18.0132
    endloop
  endfacet
  facet normal -0.0972946 -0.468654 -0.878008
    outer loop
      vertex -4.14189 -7.77684 -19.7589
      vertex -4.7706 -8.95175 -19.0621
      vertex -4.82181 -8.93325 -19.0663
    endloop
  endfacet
  facet normal -0.14795 -0.449469 -0.880959
    outer loop
      vertex -5.72568 -10.0049 -18.3941
      vertex -5.72856 -10.0114 -18.3903
      vertex -5.7276 -10.0076 -18.3924
    endloop
  endfacet
  facet normal -0.0977131 -0.468446 -0.878072
    outer loop
      vertex -4.14189 -7.77684 -19.7589
      vertex -4.82181 -8.93325 -19.0663
      vertex -4.87252 -8.91405 -19.0709
    endloop
  endfacet
  facet normal -0.0976437 -0.468951 -0.87781
    outer loop
      vertex -5.30588 -10.7657 -18.0347
      vertex -5.33347 -10.7184 -18.0569
      vertex -4.46509 -11.0031 -18.0014
    endloop
  endfacet
  facet normal -0.0966002 -0.469043 -0.877877
    outer loop
      vertex -4.14189 -7.77684 -19.7589
      vertex -4.87252 -8.91405 -19.0709
      vertex -4.9227 -8.89417 -19.076
    endloop
  endfacet
  facet normal -0.0975354 -0.468502 -0.878062
    outer loop
      vertex -4.14189 -7.77684 -19.7589
      vertex -4.9227 -8.89417 -19.076
      vertex -4.31508 -7.67575 -19.7936
    endloop
  endfacet
  facet normal -0.0974697 -0.468531 -0.878054
    outer loop
      vertex -4.9227 -8.89417 -19.076
      vertex -5.2964 -7.89158 -19.5695
      vertex -4.31508 -7.67575 -19.7936
    endloop
  endfacet
  facet normal -0.0988093 -0.468868 -0.877724
    outer loop
      vertex -4.97234 -8.8736 -19.0814
      vertex -5.2964 -7.89158 -19.5695
      vertex -4.9227 -8.89417 -19.076
    endloop
  endfacet
  facet normal -0.0973092 -0.468542 -0.878066
    outer loop
      vertex -5.02142 -8.85235 -19.0873
      vertex -5.2964 -7.89158 -19.5695
      vertex -4.97234 -8.8736 -19.0814
    endloop
  endfacet
  facet normal -0.0980984 -0.468686 -0.877901
    outer loop
      vertex -5.35559 -7.97472 -19.5185
      vertex -5.2964 -7.89158 -19.5695
      vertex -5.02142 -8.85235 -19.0873
    endloop
  endfacet
  facet normal -0.0976885 -0.46858 -0.878003
    outer loop
      vertex -5.35559 -7.97472 -19.5185
      vertex -5.02142 -8.85235 -19.0873
      vertex -5.06994 -8.83043 -19.0936
    endloop
  endfacet
  facet normal -0.0960367 -0.468215 -0.87838
    outer loop
      vertex -5.35559 -7.97472 -19.5185
      vertex -5.06994 -8.83043 -19.0936
      vertex -5.11788 -8.80784 -19.1004
    endloop
  endfacet
  facet normal -0.0976729 -0.468512 -0.878041
    outer loop
      vertex -5.35559 -7.97472 -19.5185
      vertex -5.11788 -8.80784 -19.1004
      vertex -5.41356 -8.05634 -19.4685
    endloop
  endfacet
  facet normal -0.0985884 -0.468758 -0.877808
    outer loop
      vertex -5.11788 -8.80784 -19.1004
      vertex -5.16521 -8.78459 -19.1075
      vertex -5.41356 -8.05634 -19.4685
    endloop
  endfacet
  facet normal -0.0968097 -0.468356 -0.87822
    outer loop
      vertex -5.16521 -8.78459 -19.1075
      vertex -5.21194 -8.76068 -19.1151
      vertex -5.41356 -8.05634 -19.4685
    endloop
  endfacet
  facet normal -0.0972805 -0.468442 -0.878122
    outer loop
      vertex -5.21194 -8.76068 -19.1151
      vertex -5.25804 -8.73611 -19.1231
      vertex -5.41356 -8.05634 -19.4685
    endloop
  endfacet
  facet normal -0.0972235 -0.468434 -0.878133
    outer loop
      vertex -5.25804 -8.73611 -19.1231
      vertex -5.46912 -8.13479 -19.4205
      vertex -5.41356 -8.05634 -19.4685
    endloop
  endfacet
  facet normal -0.0972264 -0.468459 -0.878119
    outer loop
      vertex -5.3035 -8.71089 -19.1315
      vertex -5.32177 -8.70035 -19.1351
      vertex -5.46912 -8.13479 -19.4205
    endloop
  endfacet
  facet normal -0.0965232 -0.468345 -0.878257
    outer loop
      vertex -5.32177 -8.70035 -19.1351
      vertex -5.34212 -8.68828 -19.1393
      vertex -5.46912 -8.13479 -19.4205
    endloop
  endfacet
  facet normal -0.100601 -0.468898 -0.877504
    outer loop
      vertex -5.34212 -8.68828 -19.1393
      vertex -5.36422 -8.67493 -19.1439
      vertex -5.46912 -8.13479 -19.4205
    endloop
  endfacet
  facet normal -0.0967228 -0.468482 -0.878162
    outer loop
      vertex -5.36422 -8.67493 -19.1439
      vertex -5.5211 -8.20841 -19.3755
      vertex -5.46912 -8.13479 -19.4205
    endloop
  endfacet
  facet normal -0.0975089 -0.468657 -0.877982
    outer loop
      vertex -5.38775 -8.66048 -19.149
      vertex -5.5211 -8.20841 -19.3755
      vertex -5.36422 -8.67493 -19.1439
    endloop
  endfacet
  facet normal -0.0948154 -0.468147 -0.878549
    outer loop
      vertex -5.41238 -8.64517 -19.1545
      vertex -5.5211 -8.20841 -19.3755
      vertex -5.38775 -8.66048 -19.149
    endloop
  endfacet
  facet normal -0.0975251 -0.46856 -0.878032
    outer loop
      vertex -5.43779 -8.6292 -19.1602
      vertex -5.5211 -8.20841 -19.3755
      vertex -5.41238 -8.64517 -19.1545
    endloop
  endfacet
  facet normal -0.0971921 -0.468523 -0.878089
    outer loop
      vertex -5.46364 -8.61278 -19.1661
      vertex -5.5211 -8.20841 -19.3755
      vertex -5.43779 -8.6292 -19.1602
    endloop
  endfacet
  facet normal -0.0977657 -0.468561 -0.878005
    outer loop
      vertex -5.56833 -8.27557 -19.3344
      vertex -5.5211 -8.20841 -19.3755
      vertex -5.46364 -8.61278 -19.1661
    endloop
  endfacet
  facet normal -0.101405 -0.46929 -0.877202
    outer loop
      vertex -5.56833 -8.27557 -19.3344
      vertex -5.46364 -8.61278 -19.1661
      vertex -5.48961 -8.59614 -19.172
    endloop
  endfacet
  facet normal -0.0946479 -0.468285 -0.878494
    outer loop
      vertex -5.56833 -8.27557 -19.3344
      vertex -5.48961 -8.59614 -19.172
      vertex -5.51537 -8.57949 -19.1781
    endloop
  endfacet
  facet normal -0.0977674 -0.468573 -0.877998
    outer loop
      vertex -5.56833 -8.27557 -19.3344
      vertex -5.51537 -8.57949 -19.1781
      vertex -5.60961 -8.3346 -19.2983
    endloop
  endfacet
  facet normal -0.0965877 -0.468264 -0.878293
    outer loop
      vertex -5.51537 -8.57949 -19.1781
      vertex -5.54061 -8.56303 -19.1841
      vertex -5.60961 -8.3346 -19.2983
    endloop
  endfacet
  facet normal -0.0997381 -0.468877 -0.877614
    outer loop
      vertex -5.54061 -8.56303 -19.1841
      vertex -5.56498 -8.54699 -19.1899
      vertex -5.60961 -8.3346 -19.2983
    endloop
  endfacet
  facet normal -0.0955449 -0.468371 -0.87835
    outer loop
      vertex -5.56498 -8.54699 -19.1899
      vertex -5.58817 -8.53157 -19.1956
      vertex -5.60961 -8.3346 -19.2983
    endloop
  endfacet
  facet normal -0.0979369 -0.468467 -0.878036
    outer loop
      vertex -5.58817 -8.53157 -19.1956
      vertex -5.64379 -8.38387 -19.2682
      vertex -5.60961 -8.3346 -19.2983
    endloop
  endfacet
  facet normal -0.100861 -0.469211 -0.877307
    outer loop
      vertex -5.60985 -8.517 -19.2009
      vertex -5.64379 -8.38387 -19.2682
      vertex -5.58817 -8.53157 -19.1956
    endloop
  endfacet
  facet normal -0.0982412 -0.468803 -0.877822
    outer loop
      vertex -5.62969 -8.50348 -19.2059
      vertex -5.64379 -8.38387 -19.2682
      vertex -5.60985 -8.517 -19.2009
    endloop
  endfacet
  facet normal -0.0979496 -0.46879 -0.877862
    outer loop
      vertex -5.66967 -8.42172 -19.2451
      vertex -5.64379 -8.38387 -19.2682
      vertex -5.62969 -8.50348 -19.2059
    endloop
  endfacet
  facet normal -0.0953039 -0.46787 -0.878644
    outer loop
      vertex -5.66967 -8.42172 -19.2451
      vertex -5.62969 -8.50348 -19.2059
      vertex -5.64737 -8.49124 -19.2105
    endloop
  endfacet
  facet normal -0.0939872 -0.467592 -0.878933
    outer loop
      vertex -5.66967 -8.42172 -19.2451
      vertex -5.64737 -8.49124 -19.2105
      vertex -5.66256 -8.48048 -19.2146
    endloop
  endfacet
  facet normal -0.101443 -0.467962 -0.877907
    outer loop
      vertex -5.66967 -8.42172 -19.2451
      vertex -5.66256 -8.48048 -19.2146
      vertex -5.67493 -8.47142 -19.218
    endloop
  endfacet
  facet normal -0.0947209 -0.46883 -0.878195
    outer loop
      vertex -5.66967 -8.42172 -19.2451
      vertex -5.67493 -8.47142 -19.218
      vertex -5.68609 -8.4465 -19.2301
    endloop
  endfacet
  facet normal -0.0977647 -0.469784 -0.877351
    outer loop
      vertex -5.67493 -8.47142 -19.218
      vertex -5.68416 -8.46427 -19.2208
      vertex -5.68609 -8.4465 -19.2301
    endloop
  endfacet
  facet normal -0.0889887 -0.469421 -0.878479
    outer loop
      vertex -5.68416 -8.46427 -19.2208
      vertex -5.68991 -8.45925 -19.2229
      vertex -5.68609 -8.4465 -19.2301
    endloop
  endfacet
  facet normal -0.0977859 -0.46916 -0.877682
    outer loop
      vertex -4.91932 -11.1912 -17.8506
      vertex -5.07288 -11.162 -17.8491
      vertex -5.08696 -11.1383 -17.8602
    endloop
  endfacet
  facet normal -0.0978392 -0.46923 -0.877639
    outer loop
      vertex -5.36173 -10.6699 -18.0796
      vertex -5.39054 -10.6205 -18.1028
      vertex -4.3779 -10.9665 -18.0307
    endloop
  endfacet
  facet normal -0.096901 -0.468331 -0.878223
    outer loop
      vertex -4.93911 -9.68587 -18.6517
      vertex -4.28622 -10.9279 -18.0614
      vertex -4.3779 -10.9665 -18.0307
    endloop
  endfacet
  facet normal -0.0971308 -0.468425 -0.878148
    outer loop
      vertex -4.81976 -9.65759 -18.68
      vertex -4.19042 -10.8874 -18.0936
      vertex -4.28622 -10.9279 -18.0614
    endloop
  endfacet
  facet normal -0.0983013 -0.468853 -0.877789
    outer loop
      vertex -4.75958 -9.64512 -18.6934
      vertex -4.19042 -10.8874 -18.0936
      vertex -4.81976 -9.65759 -18.68
    endloop
  endfacet
  facet normal -0.0976874 -0.468656 -0.877963
    outer loop
      vertex -4.69904 -9.63376 -18.7062
      vertex -4.19042 -10.8874 -18.0936
      vertex -4.75958 -9.64512 -18.6934
    endloop
  endfacet
  facet normal -0.0970928 -0.46849 -0.878117
    outer loop
      vertex -4.69904 -9.63376 -18.7062
      vertex -4.63816 -9.62351 -18.7184
      vertex -4.19042 -10.8874 -18.0936
    endloop
  endfacet
  facet normal -0.0980526 -0.468717 -0.877889
    outer loop
      vertex -4.63816 -9.62351 -18.7184
      vertex -4.09084 -10.8453 -18.1272
      vertex -4.19042 -10.8874 -18.0936
    endloop
  endfacet
  facet normal -0.0978477 -0.468653 -0.877946
    outer loop
      vertex -4.57691 -9.61438 -18.7301
      vertex -4.09084 -10.8453 -18.1272
      vertex -4.63816 -9.62351 -18.7184
    endloop
  endfacet
  facet normal -0.0974825 -0.468543 -0.878046
    outer loop
      vertex -4.51529 -9.60636 -18.7412
      vertex -3.98785 -10.8017 -18.1619
      vertex -4.09084 -10.8453 -18.1272
    endloop
  endfacet
  facet normal -0.0978664 -0.468661 -0.87794
    outer loop
      vertex -4.45329 -9.59945 -18.7518
      vertex -3.98785 -10.8017 -18.1619
      vertex -4.51529 -9.60636 -18.7412
    endloop
  endfacet
  facet normal -0.0972785 -0.468506 -0.878088
    outer loop
      vertex -4.39091 -9.59366 -18.7618
      vertex -3.98785 -10.8017 -18.1619
      vertex -4.45329 -9.59945 -18.7518
    endloop
  endfacet
  facet normal -0.0965289 -0.468341 -0.878259
    outer loop
      vertex -3.98785 -10.8017 -18.1619
      vertex -4.39091 -9.59366 -18.7618
      vertex -4.32814 -9.58897 -18.7712
    endloop
  endfacet
  facet normal -0.0972174 -0.468463 -0.878118
    outer loop
      vertex -3.98785 -10.8017 -18.1619
      vertex -4.32814 -9.58897 -18.7712
      vertex -3.88181 -10.7566 -18.1977
    endloop
  endfacet
  facet normal -0.0965272 -0.468375 -0.878241
    outer loop
      vertex -3.88181 -10.7566 -18.1977
      vertex -4.26497 -9.5854 -18.7802
      vertex -4.20139 -9.58294 -18.7885
    endloop
  endfacet
  facet normal -0.0976404 -0.468565 -0.878017
    outer loop
      vertex -3.88181 -10.7566 -18.1977
      vertex -4.20139 -9.58294 -18.7885
      vertex -3.77308 -10.7103 -18.2345
    endloop
  endfacet
  facet normal -0.0975706 -0.468589 -0.878011
    outer loop
      vertex -3.77308 -10.7103 -18.2345
      vertex -4.1374 -9.58159 -18.7964
      vertex -4.1096 -9.58157 -18.7995
    endloop
  endfacet
  facet normal -0.0966136 -0.468406 -0.878215
    outer loop
      vertex -3.77308 -10.7103 -18.2345
      vertex -4.1096 -9.58157 -18.7995
      vertex -4.0789 -9.58209 -18.8026
    endloop
  endfacet
  facet normal -0.0963631 -0.468363 -0.878265
    outer loop
      vertex -3.77308 -10.7103 -18.2345
      vertex -4.0789 -9.58209 -18.8026
      vertex -4.04564 -9.58312 -18.8057
    endloop
  endfacet
  facet normal -0.0990879 -0.468761 -0.87775
    outer loop
      vertex -3.77308 -10.7103 -18.2345
      vertex -4.04564 -9.58312 -18.8057
      vertex -4.01015 -9.58463 -18.8089
    endloop
  endfacet
  facet normal -0.0976802 -0.468591 -0.877998
    outer loop
      vertex -3.77308 -10.7103 -18.2345
      vertex -4.01015 -9.58463 -18.8089
      vertex -3.66202 -10.663 -18.2721
    endloop
  endfacet
  facet normal -0.0962432 -0.468319 -0.878302
    outer loop
      vertex -3.66202 -10.663 -18.2721
      vertex -3.97278 -9.58659 -18.812
      vertex -3.93387 -9.58896 -18.815
    endloop
  endfacet
  facet normal -0.0976248 -0.468541 -0.878031
    outer loop
      vertex -3.66202 -10.663 -18.2721
      vertex -3.89374 -9.59172 -18.818
      vertex -3.55086 -10.6157 -18.3097
    endloop
  endfacet
  facet normal -0.0985146 -0.468691 -0.877852
    outer loop
      vertex -3.55086 -10.6157 -18.3097
      vertex -3.81122 -9.59826 -18.8237
      vertex -3.76951 -9.60197 -18.8264
    endloop
  endfacet
  facet normal -0.0978955 -0.468594 -0.877973
    outer loop
      vertex -3.85275 -9.59483 -18.8209
      vertex -3.81122 -9.59826 -18.8237
      vertex -3.55086 -10.6157 -18.3097
    endloop
  endfacet
  facet normal -0.0976388 -0.468583 -0.878007
    outer loop
      vertex -3.44214 -10.5694 -18.3465
      vertex -3.55086 -10.6157 -18.3097
      vertex -3.72794 -9.60595 -18.8289
    endloop
  endfacet
  facet normal -0.0970377 -0.468468 -0.878135
    outer loop
      vertex -3.44214 -10.5694 -18.3465
      vertex -3.72794 -9.60595 -18.8289
      vertex -3.68685 -9.61015 -18.8312
    endloop
  endfacet
  facet normal -0.0971868 -0.468482 -0.878111
    outer loop
      vertex -3.44214 -10.5694 -18.3465
      vertex -3.64659 -9.61454 -18.8333
      vertex -3.60749 -9.61909 -18.8352
    endloop
  endfacet
  facet normal -0.0980243 -0.468638 -0.877935
    outer loop
      vertex -3.3362 -10.5241 -18.3824
      vertex -3.60749 -9.61909 -18.8352
      vertex -3.56989 -9.62377 -18.8369
    endloop
  endfacet
  facet normal -0.0962212 -0.468452 -0.878234
    outer loop
      vertex -3.50055 -9.63339 -18.8395
      vertex -3.46949 -9.63827 -18.8403
      vertex -3.3362 -10.5241 -18.3824
    endloop
  endfacet
  facet normal -0.0964388 -0.468468 -0.878201
    outer loop
      vertex -3.46949 -9.63827 -18.8403
      vertex -3.44128 -9.64314 -18.8408
      vertex -3.3362 -10.5241 -18.3824
    endloop
  endfacet
  facet normal -0.0978789 -0.468525 -0.878011
    outer loop
      vertex -3.44128 -9.64314 -18.8408
      vertex -3.41627 -9.64799 -18.841
      vertex -3.23341 -10.4802 -18.4173
    endloop
  endfacet
  facet normal -0.0982669 -0.468575 -0.877941
    outer loop
      vertex -3.41627 -9.64799 -18.841
      vertex -3.37544 -9.65674 -18.8409
      vertex -3.23341 -10.4802 -18.4173
    endloop
  endfacet
  facet normal -0.0974588 -0.468535 -0.878053
    outer loop
      vertex -3.13411 -10.4377 -18.451
      vertex -3.23341 -10.4802 -18.4173
      vertex -3.29365 -9.6757 -18.8399
    endloop
  endfacet
  facet normal -0.0973157 -0.468517 -0.878078
    outer loop
      vertex -3.13411 -10.4377 -18.451
      vertex -3.29365 -9.6757 -18.8399
      vertex -3.25276 -9.68588 -18.839
    endloop
  endfacet
  facet normal -0.096117 -0.468423 -0.878261
    outer loop
      vertex -3.13411 -10.4377 -18.451
      vertex -3.25276 -9.68588 -18.839
      vertex -3.21192 -9.69651 -18.8378
    endloop
  endfacet
  facet normal -0.0968256 -0.468555 -0.878112
    outer loop
      vertex -3.03868 -10.3967 -18.4834
      vertex -3.13411 -10.4377 -18.451
      vertex -3.17118 -9.70758 -18.8365
    endloop
  endfacet
  facet normal -0.0958677 -0.468453 -0.878272
    outer loop
      vertex -3.03868 -10.3967 -18.4834
      vertex -3.17118 -9.70758 -18.8365
      vertex -3.13056 -9.71908 -18.8348
    endloop
  endfacet
  facet normal -0.0972991 -0.468488 -0.878096
    outer loop
      vertex -3.33456 -9.66598 -18.8405
      vertex -3.23341 -10.4802 -18.4173
      vertex -3.37544 -9.65674 -18.8409
    endloop
  endfacet
  facet normal -0.0990408 -0.468647 -0.877816
    outer loop
      vertex -3.13056 -9.71908 -18.8348
      vertex -3.09011 -9.731 -18.833
      vertex -3.03868 -10.3967 -18.4834
    endloop
  endfacet
  facet normal -0.0976571 -0.468627 -0.877982
    outer loop
      vertex -3.09011 -9.731 -18.833
      vertex -3.04987 -9.74332 -18.8309
      vertex -3.03868 -10.3967 -18.4834
    endloop
  endfacet
  facet normal -0.0979455 -0.468617 -0.877955
    outer loop
      vertex -3.04987 -9.74332 -18.8309
      vertex -2.94746 -10.3575 -18.5145
      vertex -3.03868 -10.3967 -18.4834
    endloop
  endfacet
  facet normal -0.0962569 -0.468472 -0.878219
    outer loop
      vertex -3.00986 -9.75604 -18.8285
      vertex -2.94746 -10.3575 -18.5145
      vertex -3.04987 -9.74332 -18.8309
    endloop
  endfacet
  facet normal -0.0972709 -0.468503 -0.878091
    outer loop
      vertex -2.86081 -10.3202 -18.544
      vertex -2.94746 -10.3575 -18.5145
      vertex -2.97014 -9.76915 -18.8259
    endloop
  endfacet
  facet normal -0.0977947 -0.468561 -0.878002
    outer loop
      vertex -2.86081 -10.3202 -18.544
      vertex -2.97014 -9.76915 -18.8259
      vertex -2.93074 -9.78262 -18.8231
    endloop
  endfacet
  facet normal -0.0986402 -0.468609 -0.877882
    outer loop
      vertex -2.86081 -10.3202 -18.544
      vertex -2.93074 -9.78262 -18.8231
      vertex -2.89169 -9.79646 -18.8201
    endloop
  endfacet
  facet normal -0.0969531 -0.468608 -0.87807
    outer loop
      vertex -2.86081 -10.3202 -18.544
      vertex -2.89169 -9.79646 -18.8201
      vertex -2.85304 -9.81064 -18.8168
    endloop
  endfacet
  facet normal -0.0979193 -0.468552 -0.877992
    outer loop
      vertex -2.85304 -9.81064 -18.8168
      vertex -2.77908 -10.285 -18.5719
      vertex -2.86081 -10.3202 -18.544
    endloop
  endfacet
  facet normal -0.0977173 -0.468537 -0.878023
    outer loop
      vertex -2.81482 -9.82517 -18.8133
      vertex -2.77908 -10.285 -18.5719
      vertex -2.85304 -9.81064 -18.8168
    endloop
  endfacet
  facet normal -0.0968822 -0.468613 -0.878075
    outer loop
      vertex -2.77707 -9.84002 -18.8096
      vertex -2.70263 -10.2519 -18.598
      vertex -2.77908 -10.285 -18.5719
    endloop
  endfacet
  facet normal -0.0982635 -0.468545 -0.877958
    outer loop
      vertex -2.77707 -9.84002 -18.8096
      vertex -2.77908 -10.285 -18.5719
      vertex -2.81482 -9.82517 -18.8133
    endloop
  endfacet
  facet normal -0.0965597 -0.468582 -0.878127
    outer loop
      vertex -2.70263 -10.2519 -18.598
      vertex -2.77707 -9.84002 -18.8096
      vertex -2.73983 -9.85519 -18.8056
    endloop
  endfacet
  facet normal -0.0970651 -0.468596 -0.878064
    outer loop
      vertex -2.70263 -10.2519 -18.598
      vertex -2.73983 -9.85519 -18.8056
      vertex -2.70314 -9.87066 -18.8014
    endloop
  endfacet
  facet normal -0.0976486 -0.46857 -0.878013
    outer loop
      vertex -2.70263 -10.2519 -18.598
      vertex -2.70314 -9.87066 -18.8014
      vertex -2.66703 -9.88643 -18.797
    endloop
  endfacet
  facet normal -0.0981784 -0.468505 -0.877989
    outer loop
      vertex -2.66703 -9.88643 -18.797
      vertex -2.63182 -10.2212 -18.6223
      vertex -2.70263 -10.2519 -18.598
    endloop
  endfacet
  facet normal -0.0961723 -0.46859 -0.878165
    outer loop
      vertex -2.63154 -9.90248 -18.7924
      vertex -2.61244 -9.91146 -18.7897
      vertex -2.63182 -10.2212 -18.6223
    endloop
  endfacet
  facet normal -0.0969151 -0.46852 -0.878121
    outer loop
      vertex -2.61244 -9.91146 -18.7897
      vertex -2.567 -10.193 -18.6445
      vertex -2.63182 -10.2212 -18.6223
    endloop
  endfacet
  facet normal -0.0966652 -0.468499 -0.87816
    outer loop
      vertex -2.567 -10.193 -18.6445
      vertex -2.61244 -9.91146 -18.7897
      vertex -2.5925 -9.92101 -18.7868
    endloop
  endfacet
  facet normal -0.100204 -0.468596 -0.877711
    outer loop
      vertex -2.567 -10.193 -18.6445
      vertex -2.5925 -9.92101 -18.7868
      vertex -2.57192 -9.93103 -18.7838
    endloop
  endfacet
  facet normal -0.0977375 -0.468675 -0.877947
    outer loop
      vertex -2.567 -10.193 -18.6445
      vertex -2.57192 -9.93103 -18.7838
      vertex -2.55089 -9.94141 -18.7806
    endloop
  endfacet
  facet normal -0.098296 -0.468621 -0.877913
    outer loop
      vertex -2.55089 -9.94141 -18.7806
      vertex -2.52959 -9.95206 -18.7773
      vertex -2.567 -10.193 -18.6445
    endloop
  endfacet
  facet normal -0.097486 -0.468463 -0.878088
    outer loop
      vertex -2.52959 -9.95206 -18.7773
      vertex -2.50822 -9.96288 -18.7739
      vertex -2.50853 -10.1675 -18.6647
    endloop
  endfacet
  facet normal -0.095205 -0.46857 -0.878281
    outer loop
      vertex -2.50822 -9.96288 -18.7739
      vertex -2.48696 -9.97376 -18.7704
      vertex -2.50853 -10.1675 -18.6647
    endloop
  endfacet
  facet normal -0.0956348 -0.468513 -0.878265
    outer loop
      vertex -2.45676 -10.1447 -18.6825
      vertex -2.50853 -10.1675 -18.6647
      vertex -2.48696 -9.97376 -18.7704
    endloop
  endfacet
  facet normal -0.0958896 -0.468537 -0.878224
    outer loop
      vertex -2.48696 -9.97376 -18.7704
      vertex -2.466 -9.98461 -18.7669
      vertex -2.45676 -10.1447 -18.6825
    endloop
  endfacet
  facet normal -0.099799 -0.468534 -0.87779
    outer loop
      vertex -2.466 -9.98461 -18.7669
      vertex -2.44553 -9.99534 -18.7635
      vertex -2.45676 -10.1447 -18.6825
    endloop
  endfacet
  facet normal -0.0979048 -0.468627 -0.877954
    outer loop
      vertex -2.45676 -10.1447 -18.6825
      vertex -2.42574 -10.0058 -18.7601
      vertex -2.41206 -10.125 -18.698
    endloop
  endfacet
  facet normal -0.0969665 -0.468833 -0.877948
    outer loop
      vertex -2.44553 -9.99534 -18.7635
      vertex -2.42574 -10.0058 -18.7601
      vertex -2.45676 -10.1447 -18.6825
    endloop
  endfacet
  facet normal -0.0995906 -0.468701 -0.877725
    outer loop
      vertex -2.40682 -10.016 -18.7568
      vertex -2.41206 -10.125 -18.698
      vertex -2.42574 -10.0058 -18.7601
    endloop
  endfacet
  facet normal -0.0973693 -0.468888 -0.877874
    outer loop
      vertex -2.38896 -10.0257 -18.7536
      vertex -2.41206 -10.125 -18.698
      vertex -2.40682 -10.016 -18.7568
    endloop
  endfacet
  facet normal -0.097278 -0.468909 -0.877873
    outer loop
      vertex -2.37476 -10.1084 -18.711
      vertex -2.41206 -10.125 -18.698
      vertex -2.38896 -10.0257 -18.7536
    endloop
  endfacet
  facet normal -0.0957584 -0.468772 -0.878114
    outer loop
      vertex -2.37476 -10.1084 -18.711
      vertex -2.38896 -10.0257 -18.7536
      vertex -2.37235 -10.0349 -18.7505
    endloop
  endfacet
  facet normal -0.0982627 -0.468512 -0.877975
    outer loop
      vertex -2.34525 -10.0951 -18.7214
      vertex -2.37476 -10.1084 -18.711
      vertex -2.35718 -10.0435 -18.7476
    endloop
  endfacet
  facet normal -0.0982003 -0.468504 -0.877987
    outer loop
      vertex -2.35718 -10.0435 -18.7476
      vertex -2.34363 -10.0514 -18.7449
      vertex -2.34525 -10.0951 -18.7214
    endloop
  endfacet
  facet normal -0.0925484 -0.468923 -0.878377
    outer loop
      vertex -2.34363 -10.0514 -18.7449
      vertex -2.33189 -10.0584 -18.7424
      vertex -2.34525 -10.0951 -18.7214
    endloop
  endfacet
  facet normal -0.103091 -0.466813 -0.878327
    outer loop
      vertex -2.32216 -10.0645 -18.7403
      vertex -2.32385 -10.0852 -18.7291
      vertex -2.33189 -10.0584 -18.7424
    endloop
  endfacet
  facet normal -0.113523 -0.452158 -0.884684
    outer loop
      vertex -2.30946 -10.0736 -18.7368
      vertex -2.30688 -10.0764 -18.7357
      vertex -2.31095 -10.0789 -18.7339
    endloop
  endfacet
  facet normal -0.100133 -0.465113 -0.87957
    outer loop
      vertex -2.31462 -10.0696 -18.7384
      vertex -2.31095 -10.0789 -18.7339
      vertex -2.32385 -10.0852 -18.7291
    endloop
  endfacet
  facet normal -0.082793 -0.46035 -0.883868
    outer loop
      vertex -2.31462 -10.0696 -18.7384
      vertex -2.30946 -10.0736 -18.7368
      vertex -2.31095 -10.0789 -18.7339
    endloop
  endfacet
  facet normal -0.100509 -0.466318 -0.878889
    outer loop
      vertex -2.33189 -10.0584 -18.7424
      vertex -2.32385 -10.0852 -18.7291
      vertex -2.34525 -10.0951 -18.7214
    endloop
  endfacet
  facet normal -0.097829 -0.468623 -0.877964
    outer loop
      vertex -2.37476 -10.1084 -18.711
      vertex -2.37235 -10.0349 -18.7505
      vertex -2.35718 -10.0435 -18.7476
    endloop
  endfacet
  facet normal -0.0989664 -0.468509 -0.877898
    outer loop
      vertex -2.50853 -10.1675 -18.6647
      vertex -2.567 -10.193 -18.6445
      vertex -2.52959 -9.95206 -18.7773
    endloop
  endfacet
  facet normal -0.0980737 -0.468501 -0.878002
    outer loop
      vertex -2.63154 -9.90248 -18.7924
      vertex -2.63182 -10.2212 -18.6223
      vertex -2.66703 -9.88643 -18.797
    endloop
  endfacet
  facet normal -0.0971558 -0.468505 -0.878103
    outer loop
      vertex -2.97014 -9.76915 -18.8259
      vertex -2.94746 -10.3575 -18.5145
      vertex -3.00986 -9.75604 -18.8285
    endloop
  endfacet
  facet normal -0.0969993 -0.468474 -0.878136
    outer loop
      vertex -3.56989 -9.62377 -18.8369
      vertex -3.53413 -9.62855 -18.8383
      vertex -3.3362 -10.5241 -18.3824
    endloop
  endfacet
  facet normal -0.0978625 -0.468571 -0.877989
    outer loop
      vertex -3.93387 -9.58896 -18.815
      vertex -3.89374 -9.59172 -18.818
      vertex -3.66202 -10.663 -18.2721
    endloop
  endfacet
  facet normal -0.0972057 -0.46848 -0.87811
    outer loop
      vertex -4.57691 -9.61438 -18.7301
      vertex -4.51529 -9.60636 -18.7412
      vertex -4.09084 -10.8453 -18.1272
    endloop
  endfacet
  facet normal -0.0974757 -0.46834 -0.878155
    outer loop
      vertex -5.20394 -10.9398 -17.9531
      vertex -5.22796 -10.8988 -17.9723
      vertex -4.69609 -11.0995 -17.9243
    endloop
  endfacet
  facet normal -0.0978047 -0.469105 -0.87771
    outer loop
      vertex -5.22796 -10.8988 -17.9723
      vertex -4.62454 -11.0697 -17.9482
      vertex -4.69609 -11.0995 -17.9243
    endloop
  endfacet
  facet normal -0.0970438 -0.467095 -0.878866
    outer loop
      vertex -5.20394 -10.9398 -17.9531
      vertex -4.69609 -11.0995 -17.9243
      vertex -5.18105 -10.9788 -17.9349
    endloop
  endfacet
  facet normal -0.097505 -0.468376 -0.878133
    outer loop
      vertex -5.15939 -11.0156 -17.9176
      vertex -4.7617 -11.1267 -17.9025
      vertex -4.82101 -11.1511 -17.8829
    endloop
  endfacet
  facet normal -0.0974466 -0.468637 -0.878
    outer loop
      vertex -5.18105 -10.9788 -17.9349
      vertex -4.69609 -11.0995 -17.9243
      vertex -4.7617 -11.1267 -17.9025
    endloop
  endfacet
  facet normal -0.0972925 -0.468021 -0.878345
    outer loop
      vertex -4.54742 -11.0375 -17.9739
      vertex -4.62454 -11.0697 -17.9482
      vertex -5.25302 -10.8561 -17.9924
    endloop
  endfacet
  facet normal -0.0980716 -0.47033 -0.877024
    outer loop
      vertex -5.12014 -11.0822 -17.8864
      vertex -5.13905 -11.0501 -17.9015
      vertex -4.82101 -11.1511 -17.8829
    endloop
  endfacet
  facet normal -0.0975173 -0.468536 -0.878046
    outer loop
      vertex -4.54742 -11.0375 -17.9739
      vertex -5.30588 -10.7657 -18.0347
      vertex -4.46509 -11.0031 -18.0014
    endloop
  endfacet
  facet normal -0.097228 -0.467811 -0.878465
    outer loop
      vertex -4.46509 -11.0031 -18.0014
      vertex -5.33347 -10.7184 -18.0569
      vertex -5.36173 -10.6699 -18.0796
    endloop
  endfacet
  facet normal -0.097724 -0.468863 -0.877848
    outer loop
      vertex -4.87368 -11.1727 -17.8655
      vertex -5.12014 -11.0822 -17.8864
      vertex -4.82101 -11.1511 -17.8829
    endloop
  endfacet
  facet normal -0.096282 -0.465398 -0.879849
    outer loop
      vertex -5.10274 -11.1117 -17.8727
      vertex -5.12014 -11.0822 -17.8864
      vertex -4.87368 -11.1727 -17.8655
    endloop
  endfacet
  facet normal -0.0975736 -0.468536 -0.878039
    outer loop
      vertex -4.93911 -9.68587 -18.6517
      vertex -4.3779 -10.9665 -18.0307
      vertex -5.39054 -10.6205 -18.1028
    endloop
  endfacet
  facet normal -0.0970346 -0.468048 -0.878359
    outer loop
      vertex -4.87368 -11.1727 -17.8655
      vertex -4.91932 -11.1912 -17.8506
      vertex -5.10274 -11.1117 -17.8727
    endloop
  endfacet
  facet normal -0.097331 -0.468638 -0.878012
    outer loop
      vertex -4.93911 -9.68587 -18.6517
      vertex -5.39054 -10.6205 -18.1028
      vertex -4.9983 -9.70168 -18.6367
    endloop
  endfacet
  facet normal -0.0982101 -0.470378 -0.876983
    outer loop
      vertex -5.08696 -11.1383 -17.8602
      vertex -5.10274 -11.1117 -17.8727
      vertex -4.91932 -11.1912 -17.8506
    endloop
  endfacet
  facet normal -0.0979971 -0.468388 -0.878071
    outer loop
      vertex -5.05716 -9.71861 -18.6211
      vertex -4.9983 -9.70168 -18.6367
      vertex -5.39054 -10.6205 -18.1028
    endloop
  endfacet
  facet normal -0.0978547 -0.468435 -0.878062
    outer loop
      vertex -5.05716 -9.71861 -18.6211
      vertex -5.39054 -10.6205 -18.1028
      vertex -5.43857 -10.5383 -18.1413
    endloop
  endfacet
  facet normal -0.0969122 -0.467259 -0.878793
    outer loop
      vertex -5.07288 -11.162 -17.8491
      vertex -4.95759 -11.2066 -17.8381
      vertex -5.06061 -11.1826 -17.8395
    endloop
  endfacet
  facet normal -0.0969646 -0.468795 -0.877969
    outer loop
      vertex -5.11572 -9.73665 -18.605
      vertex -5.05716 -9.71861 -18.6211
      vertex -5.43857 -10.5383 -18.1413
    endloop
  endfacet
  facet normal -0.0975993 -0.468568 -0.878019
    outer loop
      vertex -5.11572 -9.73665 -18.605
      vertex -5.43857 -10.5383 -18.1413
      vertex -5.17397 -9.75581 -18.5883
    endloop
  endfacet
  facet normal -0.0974911 -0.469345 -0.877616
    outer loop
      vertex -5.05024 -11.1999 -17.8314
      vertex -5.06061 -11.1826 -17.8395
      vertex -4.98812 -11.2186 -17.8283
    endloop
  endfacet
  facet normal -0.0974158 -0.469117 -0.877747
    outer loop
      vertex -5.05024 -11.1999 -17.8314
      vertex -4.98812 -11.2186 -17.8283
      vertex -5.04187 -11.2138 -17.8249
    endloop
  endfacet
  facet normal -0.100237 -0.469835 -0.877045
    outer loop
      vertex -5.04187 -11.2138 -17.8249
      vertex -5.01056 -11.2272 -17.8213
      vertex -5.03559 -11.2241 -17.8201
    endloop
  endfacet
  facet normal -0.092157 -0.45881 -0.883742
    outer loop
      vertex -5.03559 -11.2241 -17.8201
      vertex -5.02453 -11.2321 -17.8171
      vertex -5.0315 -11.2307 -17.8171
    endloop
  endfacet
  facet normal -0.0945426 -0.470687 -0.87722
    outer loop
      vertex -5.02453 -11.2321 -17.8171
      vertex -5.02969 -11.2333 -17.8159
      vertex -5.0315 -11.2307 -17.8171
    endloop
  endfacet
  facet normal -0.100021 -0.467623 -0.878251
    outer loop
      vertex -5.01056 -11.2272 -17.8213
      vertex -5.02453 -11.2321 -17.8171
      vertex -5.03559 -11.2241 -17.8201
    endloop
  endfacet
  facet normal -0.0971056 -0.463514 -0.880753
    outer loop
      vertex -4.98812 -11.2186 -17.8283
      vertex -5.01056 -11.2272 -17.8213
      vertex -5.04187 -11.2138 -17.8249
    endloop
  endfacet
  facet normal -0.0973612 -0.469125 -0.877749
    outer loop
      vertex -5.06061 -11.1826 -17.8395
      vertex -4.95759 -11.2066 -17.8381
      vertex -4.98812 -11.2186 -17.8283
    endloop
  endfacet
  facet normal -0.0972611 -0.468672 -0.878001
    outer loop
      vertex -5.43857 -10.5383 -18.1413
      vertex -5.48203 -10.4639 -18.1762
      vertex -5.17397 -9.75581 -18.5883
    endloop
  endfacet
  facet normal -0.0983543 -0.468255 -0.878102
    outer loop
      vertex -5.48203 -10.4639 -18.1762
      vertex -5.23192 -9.77608 -18.571
      vertex -5.17397 -9.75581 -18.5883
    endloop
  endfacet
  facet normal -0.0984151 -0.468235 -0.878106
    outer loop
      vertex -5.52111 -10.3968 -18.2076
      vertex -5.23192 -9.77608 -18.571
      vertex -5.48203 -10.4639 -18.1762
    endloop
  endfacet
  facet normal -0.0972237 -0.468718 -0.877981
    outer loop
      vertex -5.28959 -9.79746 -18.5532
      vertex -5.23192 -9.77608 -18.571
      vertex -5.52111 -10.3968 -18.2076
    endloop
  endfacet
  facet normal -0.0978453 -0.468503 -0.878027
    outer loop
      vertex -5.28959 -9.79746 -18.5532
      vertex -5.52111 -10.3968 -18.2076
      vertex -5.34697 -9.81996 -18.5348
    endloop
  endfacet
  facet normal -0.0965601 -0.468863 -0.877977
    outer loop
      vertex -5.52111 -10.3968 -18.2076
      vertex -5.55604 -10.3368 -18.2358
      vertex -5.34697 -9.81996 -18.5348
    endloop
  endfacet
  facet normal -0.0971039 -0.468669 -0.878021
    outer loop
      vertex -5.55604 -10.3368 -18.2358
      vertex -5.36234 -9.82633 -18.5297
      vertex -5.34697 -9.81996 -18.5348
    endloop
  endfacet
  facet normal -0.0940664 -0.469696 -0.877803
    outer loop
      vertex -5.37928 -9.83359 -18.524
      vertex -5.36234 -9.82633 -18.5297
      vertex -5.55604 -10.3368 -18.2358
    endloop
  endfacet
  facet normal -0.101752 -0.467252 -0.878249
    outer loop
      vertex -5.37928 -9.83359 -18.524
      vertex -5.55604 -10.3368 -18.2358
      vertex -5.3976 -9.84163 -18.5176
    endloop
  endfacet
  facet normal -0.0963838 -0.468834 -0.878012
    outer loop
      vertex -5.55604 -10.3368 -18.2358
      vertex -5.41708 -9.85036 -18.5108
      vertex -5.3976 -9.84163 -18.5176
    endloop
  endfacet
  facet normal -0.0976332 -0.4685 -0.878052
    outer loop
      vertex -5.58703 -10.2833 -18.2609
      vertex -5.41708 -9.85036 -18.5108
      vertex -5.55604 -10.3368 -18.2358
    endloop
  endfacet
  facet normal -0.0951684 -0.469359 -0.877864
    outer loop
      vertex -5.43753 -9.85968 -18.5036
      vertex -5.41708 -9.85036 -18.5108
      vertex -5.58703 -10.2833 -18.2609
    endloop
  endfacet
  facet normal -0.0979384 -0.468477 -0.87803
    outer loop
      vertex -5.43753 -9.85968 -18.5036
      vertex -5.58703 -10.2833 -18.2609
      vertex -5.45874 -9.86949 -18.496
    endloop
  endfacet
  facet normal -0.0978137 -0.468461 -0.878053
    outer loop
      vertex -5.58703 -10.2833 -18.2609
      vertex -5.61428 -10.236 -18.2831
      vertex -5.48052 -9.87969 -18.4881
    endloop
  endfacet
  facet normal -0.0947512 -0.469488 -0.87784
    outer loop
      vertex -5.61428 -10.236 -18.2831
      vertex -5.50266 -9.89018 -18.4801
      vertex -5.48052 -9.87969 -18.4881
    endloop
  endfacet
  facet normal -0.0983511 -0.468424 -0.878012
    outer loop
      vertex -5.52495 -9.90087 -18.4719
      vertex -5.50266 -9.89018 -18.4801
      vertex -5.61428 -10.236 -18.2831
    endloop
  endfacet
  facet normal -0.0953464 -0.469184 -0.877938
    outer loop
      vertex -5.52495 -9.90087 -18.4719
      vertex -5.61428 -10.236 -18.2831
      vertex -5.63802 -10.1945 -18.3027
    endloop
  endfacet
  facet normal -0.0963978 -0.468823 -0.878016
    outer loop
      vertex -5.52495 -9.90087 -18.4719
      vertex -5.63802 -10.1945 -18.3027
      vertex -5.54721 -9.91165 -18.4637
    endloop
  endfacet
  facet normal -0.0988583 -0.468158 -0.878097
    outer loop
      vertex -5.63802 -10.1945 -18.3027
      vertex -5.65845 -10.1583 -18.3197
      vertex -5.56922 -9.92243 -18.4555
    endloop
  endfacet
  facet normal -0.0980506 -0.468432 -0.878042
    outer loop
      vertex -5.65845 -10.1583 -18.3197
      vertex -5.59078 -9.9331 -18.4474
      vertex -5.56922 -9.92243 -18.4555
    endloop
  endfacet
  facet normal -0.0970224 -0.468719 -0.878003
    outer loop
      vertex -5.61169 -9.94357 -18.4395
      vertex -5.59078 -9.9331 -18.4474
      vertex -5.65845 -10.1583 -18.3197
    endloop
  endfacet
  facet normal -0.100215 -0.468029 -0.878012
    outer loop
      vertex -5.61169 -9.94357 -18.4395
      vertex -5.65845 -10.1583 -18.3197
      vertex -5.67578 -10.1272 -18.3343
    endloop
  endfacet
  facet normal -0.0951632 -0.469304 -0.877894
    outer loop
      vertex -5.63176 -9.95374 -18.4318
      vertex -5.67578 -10.1272 -18.3343
      vertex -5.69023 -10.1007 -18.3469
    endloop
  endfacet
  facet normal -0.0961282 -0.468965 -0.87797
    outer loop
      vertex -5.63176 -9.95374 -18.4318
      vertex -5.69023 -10.1007 -18.3469
      vertex -5.65077 -9.96351 -18.4245
    endloop
  endfacet
  facet normal -0.0993851 -0.468088 -0.878076
    outer loop
      vertex -5.69023 -10.1007 -18.3469
      vertex -5.70202 -10.0785 -18.3574
      vertex -5.65077 -9.96351 -18.4245
    endloop
  endfacet
  facet normal -0.0956604 -0.469537 -0.877715
    outer loop
      vertex -5.70202 -10.0785 -18.3574
      vertex -5.66853 -9.97279 -18.4176
      vertex -5.65077 -9.96351 -18.4245
    endloop
  endfacet
  facet normal -0.102034 -0.466688 -0.878517
    outer loop
      vertex -5.71134 -10.06 -18.3663
      vertex -5.68484 -9.98146 -18.4111
      vertex -5.66853 -9.97279 -18.4176
    endloop
  endfacet
  facet normal -0.0981073 -0.4679 -0.878319
    outer loop
      vertex -5.71842 -10.045 -18.3735
      vertex -5.68484 -9.98146 -18.4111
      vertex -5.71134 -10.06 -18.3663
    endloop
  endfacet
  facet normal -0.0992709 -0.467373 -0.878469
    outer loop
      vertex -5.69948 -9.98944 -18.4052
      vertex -5.68484 -9.98146 -18.4111
      vertex -5.71842 -10.045 -18.3735
    endloop
  endfacet
  facet normal -0.100596 -0.466961 -0.878537
    outer loop
      vertex -5.69948 -9.98944 -18.4052
      vertex -5.71842 -10.045 -18.3735
      vertex -5.72347 -10.033 -18.3793
    endloop
  endfacet
  facet normal -0.0924394 -0.470775 -0.877397
    outer loop
      vertex -5.69948 -9.98944 -18.4052
      vertex -5.72347 -10.033 -18.3793
      vertex -5.71227 -9.99662 -18.4
    endloop
  endfacet
  facet normal -0.103067 -0.467136 -0.878158
    outer loop
      vertex -5.71227 -9.99662 -18.4
      vertex -5.72671 -10.0237 -18.3839
      vertex -5.723 -10.0029 -18.3954
    endloop
  endfacet
  facet normal -0.0990315 -0.467891 -0.87822
    outer loop
      vertex -5.72671 -10.0237 -18.3839
      vertex -5.72833 -10.0166 -18.3875
      vertex -5.723 -10.0029 -18.3954
    endloop
  endfacet
  facet normal -0.0772294 -0.47533 -0.876412
    outer loop
      vertex -5.72833 -10.0166 -18.3875
      vertex -5.72856 -10.0114 -18.3903
      vertex -5.723 -10.0029 -18.3954
    endloop
  endfacet
  facet normal -0.991437 0.122723 0.0446299
    outer loop
      vertex -0.985096 -8.83964 -18.4035
      vertex -1.0925 -9.4077 -19.2274
      vertex -0.994975 -8.93916 -18.3493
    endloop
  endfacet
  facet normal -0.991436 0.12273 0.0446248
    outer loop
      vertex -0.985096 -8.83964 -18.4035
      vertex -1.08262 -9.30818 -19.2816
      vertex -1.0925 -9.4077 -19.2274
    endloop
  endfacet
  facet normal -0.987351 0.156368 0.0262225
    outer loop
      vertex -0.97088 -8.74077 -18.4578
      vertex -1.08262 -9.30818 -19.2816
      vertex -0.985096 -8.83964 -18.4035
    endloop
  endfacet
  facet normal -0.987345 0.156407 0.0261945
    outer loop
      vertex -0.97088 -8.74077 -18.4578
      vertex -1.0684 -9.20932 -19.3359
      vertex -1.08262 -9.30818 -19.2816
    endloop
  endfacet
  facet normal -0.981854 0.189474 0.00794051
    outer loop
      vertex -0.952391 -8.64268 -18.5122
      vertex -1.0684 -9.20932 -19.3359
      vertex -0.97088 -8.74077 -18.4578
    endloop
  endfacet
  facet normal -0.981852 0.189481 0.00793551
    outer loop
      vertex -0.952391 -8.64268 -18.5122
      vertex -1.04991 -9.11123 -19.3903
      vertex -1.0684 -9.20932 -19.3359
    endloop
  endfacet
  facet normal -0.974988 0.222024 -0.0101918
    outer loop
      vertex -0.929688 -8.54548 -18.5666
      vertex -1.04991 -9.11123 -19.3903
      vertex -0.952391 -8.64268 -18.5122
    endloop
  endfacet
  facet normal -0.974997 0.221988 -0.0101656
    outer loop
      vertex -0.929688 -8.54548 -18.5666
      vertex -1.02721 -9.01402 -19.4447
      vertex -1.04991 -9.11123 -19.3903
    endloop
  endfacet
  facet normal -0.966808 0.253949 -0.0281292
    outer loop
      vertex -0.902834 -8.44927 -18.621
      vertex -1.02721 -9.01402 -19.4447
      vertex -0.929688 -8.54548 -18.5666
    endloop
  endfacet
  facet normal -0.966806 0.253959 -0.0281367
    outer loop
      vertex -0.902834 -8.44927 -18.621
      vertex -1.00036 -8.91782 -19.499
      vertex -1.02721 -9.01402 -19.4447
    endloop
  endfacet
  facet normal -0.957312 0.285379 -0.0459585
    outer loop
      vertex -0.87189 -8.35418 -18.6751
      vertex -1.00036 -8.91782 -19.499
      vertex -0.902834 -8.44927 -18.621
    endloop
  endfacet
  facet normal -0.957314 0.285374 -0.0459547
    outer loop
      vertex -0.87189 -8.35418 -18.6751
      vertex -0.969412 -8.82273 -19.5532
      vertex -1.00036 -8.91782 -19.499
    endloop
  endfacet
  facet normal -0.94658 0.316143 -0.063565
    outer loop
      vertex -0.836916 -8.26032 -18.7291
      vertex -0.969412 -8.82273 -19.5532
      vertex -0.87189 -8.35418 -18.6751
    endloop
  endfacet
  facet normal -0.94658 0.316143 -0.063565
    outer loop
      vertex -0.836916 -8.26032 -18.7291
      vertex -0.934438 -8.72887 -19.6072
      vertex -0.969412 -8.82273 -19.5532
    endloop
  endfacet
  facet normal -0.934605 0.34634 -0.081008
    outer loop
      vertex -0.797976 -8.1678 -18.7828
      vertex -0.934438 -8.72887 -19.6072
      vertex -0.836916 -8.26032 -18.7291
    endloop
  endfacet
  facet normal -0.934581 0.346394 -0.0810487
    outer loop
      vertex -0.797976 -8.1678 -18.7828
      vertex -0.895498 -8.63635 -19.6608
      vertex -0.934438 -8.72887 -19.6072
    endloop
  endfacet
  facet normal -0.921412 0.375952 -0.098285
    outer loop
      vertex -0.75513 -8.07675 -18.8362
      vertex -0.895498 -8.63635 -19.6608
      vertex -0.797976 -8.1678 -18.7828
    endloop
  endfacet
  facet normal -0.921424 0.375927 -0.0982662
    outer loop
      vertex -0.75513 -8.07675 -18.8362
      vertex -0.852652 -8.54529 -19.7142
      vertex -0.895498 -8.63635 -19.6608
    endloop
  endfacet
  facet normal -0.907004 0.405007 -0.115386
    outer loop
      vertex -0.70844 -7.98726 -18.8891
      vertex -0.852652 -8.54529 -19.7142
      vertex -0.75513 -8.07675 -18.8362
    endloop
  endfacet
  facet normal -0.906989 0.405033 -0.115406
    outer loop
      vertex -0.70844 -7.98726 -18.8891
      vertex -0.805962 -8.45581 -19.7671
      vertex -0.852652 -8.54529 -19.7142
    endloop
  endfacet
  facet normal -0.89145 0.433386 -0.132263
    outer loop
      vertex -0.657966 -7.89946 -18.9416
      vertex -0.805962 -8.45581 -19.7671
      vertex -0.70844 -7.98726 -18.8891
    endloop
  endfacet
  facet normal -0.89145 0.433386 -0.132263
    outer loop
      vertex -0.657966 -7.89946 -18.9416
      vertex -0.755488 -8.36801 -19.8196
      vertex -0.805962 -8.45581 -19.7671
    endloop
  endfacet
  facet normal -0.874642 0.461296 -0.149024
    outer loop
      vertex -0.603771 -7.81347 -18.9935
      vertex -0.755488 -8.36801 -19.8196
      vertex -0.657966 -7.89946 -18.9416
    endloop
  endfacet
  facet normal -0.87466 0.461268 -0.149002
    outer loop
      vertex -0.603771 -7.81347 -18.9935
      vertex -0.701293 -8.28201 -19.8715
      vertex -0.755488 -8.36801 -19.8196
    endloop
  endfacet
  facet normal -0.856712 0.488511 -0.165534
    outer loop
      vertex -0.545915 -7.72939 -19.0448
      vertex -0.701293 -8.28201 -19.8715
      vertex -0.603771 -7.81347 -18.9935
    endloop
  endfacet
  facet normal -0.856691 0.48854 -0.165557
    outer loop
      vertex -0.545915 -7.72939 -19.0448
      vertex -0.643437 -8.19794 -19.9228
      vertex -0.701293 -8.28201 -19.8715
    endloop
  endfacet
  facet normal -0.837573 0.515159 -0.181886
    outer loop
      vertex -0.484461 -7.64734 -19.0954
      vertex -0.643437 -8.19794 -19.9228
      vertex -0.545915 -7.72939 -19.0448
    endloop
  endfacet
  facet normal -0.837573 0.515159 -0.181886
    outer loop
      vertex -0.484461 -7.64734 -19.0954
      vertex -0.581983 -8.11589 -19.9734
      vertex -0.643437 -8.19794 -19.9228
    endloop
  endfacet
  facet normal -0.817196 0.541255 -0.198075
    outer loop
      vertex -0.41947 -7.56744 -19.1452
      vertex -0.581983 -8.11589 -19.9734
      vertex -0.484461 -7.64734 -19.0954
    endloop
  endfacet
  facet normal -0.817293 0.541143 -0.197983
    outer loop
      vertex -0.41947 -7.56744 -19.1452
      vertex -0.516992 -8.03599 -20.0233
      vertex -0.581983 -8.11589 -19.9734
    endloop
  endfacet
  facet normal -0.795779 0.566544 -0.213926
    outer loop
      vertex -0.351003 -7.48981 -19.1943
      vertex -0.516992 -8.03599 -20.0233
      vertex -0.41947 -7.56744 -19.1452
    endloop
  endfacet
  facet normal -0.795698 0.56663 -0.213998
    outer loop
      vertex -0.351003 -7.48981 -19.1943
      vertex -0.448525 -7.95835 -20.0723
      vertex -0.516992 -8.03599 -20.0233
    endloop
  endfacet
  facet normal -0.772977 0.59138 -0.22973
    outer loop
      vertex -0.279121 -7.41454 -19.2424
      vertex -0.448525 -7.95835 -20.0723
      vertex -0.351003 -7.48981 -19.1943
    endloop
  endfacet
  facet normal -0.772946 0.591411 -0.229757
    outer loop
      vertex -0.279121 -7.41454 -19.2424
      vertex -0.376643 -7.88309 -20.1204
      vertex -0.448525 -7.95835 -20.0723
    endloop
  endfacet
  facet normal -0.74909 0.615413 -0.245215
    outer loop
      vertex -0.203886 -7.34177 -19.2896
      vertex -0.376643 -7.88309 -20.1204
      vertex -0.279121 -7.41454 -19.2424
    endloop
  endfacet
  facet normal -0.74909 0.615413 -0.245215
    outer loop
      vertex -0.203886 -7.34177 -19.2896
      vertex -0.301408 -7.81032 -20.1676
      vertex -0.376643 -7.88309 -20.1204
    endloop
  endfacet
  facet normal -0.723998 0.638742 -0.260452
    outer loop
      vertex -0.125359 -7.2716 -19.3358
      vertex -0.301408 -7.81032 -20.1676
      vertex -0.203886 -7.34177 -19.2896
    endloop
  endfacet
  facet normal -0.723998 0.638742 -0.260452
    outer loop
      vertex -0.125359 -7.2716 -19.3358
      vertex -0.222881 -7.74015 -20.2138
      vertex -0.301408 -7.81032 -20.1676
    endloop
  endfacet
  facet normal -0.697447 0.661537 -0.275566
    outer loop
      vertex -0.043602 -7.20415 -19.3808
      vertex -0.222881 -7.74015 -20.2138
      vertex -0.125359 -7.2716 -19.3358
    endloop
  endfacet
  facet normal -0.697614 0.66141 -0.275448
    outer loop
      vertex -0.043602 -7.20415 -19.3808
      vertex -0.141124 -7.6727 -20.2589
      vertex -0.222881 -7.74015 -20.2138
    endloop
  endfacet
  facet normal -0.67616 0.678563 -0.286983
    outer loop
      vertex -0.00701222 -7.17581 -19.4
      vertex -0.141124 -7.6727 -20.2589
      vertex -0.043602 -7.20415 -19.3808
    endloop
  endfacet
  facet normal -0.676158 0.678565 -0.286985
    outer loop
      vertex -0.00701222 -7.17581 -19.4
      vertex -0.104534 -7.64436 -20.2781
      vertex -0.141124 -7.6727 -20.2589
    endloop
  endfacet
  facet normal -0.663595 0.688121 -0.293479
    outer loop
      vertex 0.0302596 -7.14797 -19.419
      vertex -0.104534 -7.64436 -20.2781
      vertex -0.00701222 -7.17581 -19.4
    endloop
  endfacet
  facet normal -0.663167 0.68843 -0.293725
    outer loop
      vertex 0.0302596 -7.14797 -19.419
      vertex -0.0672624 -7.61652 -20.297
      vertex -0.104534 -7.64436 -20.2781
    endloop
  endfacet
  facet normal -0.651113 0.697268 -0.299781
    outer loop
      vertex 0.0681934 -7.12063 -19.4378
      vertex -0.0672624 -7.61652 -20.297
      vertex 0.0302596 -7.14797 -19.419
    endloop
  endfacet
  facet normal -0.651557 0.69696 -0.299532
    outer loop
      vertex 0.0681934 -7.12063 -19.4378
      vertex -0.0293286 -7.58918 -20.3159
      vertex -0.0672624 -7.61652 -20.297
    endloop
  endfacet
  facet normal -0.638608 0.706134 -0.305866
    outer loop
      vertex 0.106769 -7.0938 -19.4564
      vertex -0.0293286 -7.58918 -20.3159
      vertex 0.0681934 -7.12063 -19.4378
    endloop
  endfacet
  facet normal -0.638152 0.706439 -0.306114
    outer loop
      vertex 0.106769 -7.0938 -19.4564
      vertex 0.00924663 -7.56235 -20.3344
      vertex -0.0293286 -7.58918 -20.3159
    endloop
  endfacet
  facet normal -0.625985 0.714746 -0.311898
    outer loop
      vertex 0.145966 -7.0675 -19.4748
      vertex 0.00924663 -7.56235 -20.3344
      vertex 0.106769 -7.0938 -19.4564
    endloop
  endfacet
  facet normal -0.62598 0.714749 -0.311901
    outer loop
      vertex 0.145966 -7.0675 -19.4748
      vertex 0.0484442 -7.53605 -20.3528
      vertex 0.00924663 -7.56235 -20.3344
    endloop
  endfacet
  facet normal -0.613321 0.723095 -0.317761
    outer loop
      vertex 0.185766 -7.04174 -19.493
      vertex 0.0484442 -7.53605 -20.3528
      vertex 0.145966 -7.0675 -19.4748
    endloop
  endfacet
  facet normal -0.613323 0.723093 -0.317759
    outer loop
      vertex 0.185766 -7.04174 -19.493
      vertex 0.0882439 -7.51029 -20.371
      vertex 0.0484442 -7.53605 -20.3528
    endloop
  endfacet
  facet normal -0.60025 0.731404 -0.323647
    outer loop
      vertex 0.226148 -7.01652 -19.5109
      vertex 0.0882439 -7.51029 -20.371
      vertex 0.185766 -7.04174 -19.493
    endloop
  endfacet
  facet normal -0.600249 0.731405 -0.323647
    outer loop
      vertex 0.226148 -7.01652 -19.5109
      vertex 0.128626 -7.48507 -20.3889
      vertex 0.0882439 -7.51029 -20.371
    endloop
  endfacet
  facet normal -0.587416 0.739272 -0.329271
    outer loop
      vertex 0.267092 -6.99187 -19.5286
      vertex 0.128626 -7.48507 -20.3889
      vertex 0.226148 -7.01652 -19.5109
    endloop
  endfacet
  facet normal -0.588047 0.738908 -0.328961
    outer loop
      vertex 0.267092 -6.99187 -19.5286
      vertex 0.16957 -7.46041 -20.4067
      vertex 0.128626 -7.48507 -20.3889
    endloop
  endfacet
  facet normal -0.574773 0.746767 -0.334628
    outer loop
      vertex 0.308579 -6.96778 -19.5461
      vertex 0.16957 -7.46041 -20.4067
      vertex 0.267092 -6.99187 -19.5286
    endloop
  endfacet
  facet normal -0.574243 0.74706 -0.334882
    outer loop
      vertex 0.308579 -6.96778 -19.5461
      vertex 0.211057 -7.43632 -20.4241
      vertex 0.16957 -7.46041 -20.4067
    endloop
  endfacet
  facet normal -0.561452 0.754348 -0.340192
    outer loop
      vertex 0.350588 -6.94427 -19.5633
      vertex 0.211057 -7.43632 -20.4241
      vertex 0.308579 -6.96778 -19.5461
    endloop
  endfacet
  facet normal -0.561452 0.754348 -0.340192
    outer loop
      vertex 0.350588 -6.94427 -19.5633
      vertex 0.253066 -7.41281 -20.4413
      vertex 0.211057 -7.43632 -20.4241
    endloop
  endfacet
  facet normal -0.548056 0.761703 -0.345605
    outer loop
      vertex 0.3931 -6.92135 -19.5802
      vertex 0.253066 -7.41281 -20.4413
      vertex 0.350588 -6.94427 -19.5633
    endloop
  endfacet
  facet normal -0.548491 0.76148 -0.345407
    outer loop
      vertex 0.3931 -6.92135 -19.5802
      vertex 0.295578 -7.3899 -20.4583
      vertex 0.253066 -7.41281 -20.4413
    endloop
  endfacet
  facet normal -0.535167 0.768532 -0.350649
    outer loop
      vertex 0.436095 -6.89903 -19.5969
      vertex 0.295578 -7.3899 -20.4583
      vertex 0.3931 -6.92135 -19.5802
    endloop
  endfacet
  facet normal -0.535167 0.768532 -0.350649
    outer loop
      vertex 0.436095 -6.89903 -19.5969
      vertex 0.338573 -7.36758 -20.475
      vertex 0.295578 -7.3899 -20.4583
    endloop
  endfacet
  facet normal -0.521529 0.775477 -0.355869
    outer loop
      vertex 0.479552 -6.87733 -19.6133
      vertex 0.338573 -7.36758 -20.475
      vertex 0.436095 -6.89903 -19.5969
    endloop
  endfacet
  facet normal -0.521657 0.775416 -0.355814
    outer loop
      vertex 0.479552 -6.87733 -19.6133
      vertex 0.38203 -7.34587 -20.4914
      vertex 0.338573 -7.36758 -20.475
    endloop
  endfacet
  facet normal -0.508527 0.781851 -0.360706
    outer loop
      vertex 0.523453 -6.85625 -19.6295
      vertex 0.38203 -7.34587 -20.4914
      vertex 0.479552 -6.87733 -19.6133
    endloop
  endfacet
  facet normal -0.507929 0.782123 -0.360959
    outer loop
      vertex 0.523453 -6.85625 -19.6295
      vertex 0.425931 -7.32479 -20.5075
      vertex 0.38203 -7.34587 -20.4914
    endloop
  endfacet
  facet normal -0.494255 0.788556 -0.365911
    outer loop
      vertex 0.567777 -6.8358 -19.6453
      vertex 0.425931 -7.32479 -20.5075
      vertex 0.523453 -6.85625 -19.6295
    endloop
  endfacet
  facet normal -0.494123 0.788614 -0.365965
    outer loop
      vertex 0.567777 -6.8358 -19.6453
      vertex 0.470255 -7.30435 -20.5233
      vertex 0.425931 -7.32479 -20.5075
    endloop
  endfacet
  facet normal -0.480362 0.794828 -0.37081
    outer loop
      vertex 0.612504 -6.816 -19.6608
      vertex 0.470255 -7.30435 -20.5233
      vertex 0.567777 -6.8358 -19.6453
    endloop
  endfacet
  facet normal -0.481122 0.794511 -0.370505
    outer loop
      vertex 0.612504 -6.816 -19.6608
      vertex 0.514982 -7.28454 -20.5389
      vertex 0.470255 -7.30435 -20.5233
    endloop
  endfacet
  facet normal -0.467141 0.800582 -0.375297
    outer loop
      vertex 0.657615 -6.79685 -19.6761
      vertex 0.514982 -7.28454 -20.5389
      vertex 0.612504 -6.816 -19.6608
    endloop
  endfacet
  facet normal -0.466365 0.800892 -0.3756
    outer loop
      vertex 0.657615 -6.79685 -19.6761
      vertex 0.560093 -7.2654 -20.5541
      vertex 0.514982 -7.28454 -20.5389
    endloop
  endfacet
  facet normal -0.452414 0.806684 -0.380241
    outer loop
      vertex 0.703089 -6.77837 -19.691
      vertex 0.560093 -7.2654 -20.5541
      vertex 0.657615 -6.79685 -19.6761
    endloop
  endfacet
  facet normal -0.452414 0.806684 -0.380241
    outer loop
      vertex 0.703089 -6.77837 -19.691
      vertex 0.605567 -7.24692 -20.569
      vertex 0.560093 -7.2654 -20.5541
    endloop
  endfacet
  facet normal -0.438211 0.812328 -0.38483
    outer loop
      vertex 0.748907 -6.76057 -19.7056
      vertex 0.605567 -7.24692 -20.569
      vertex 0.703089 -6.77837 -19.691
    endloop
  endfacet
  facet normal -0.438352 0.812277 -0.384778
    outer loop
      vertex 0.748907 -6.76057 -19.7056
      vertex 0.651385 -7.22911 -20.5836
      vertex 0.605567 -7.24692 -20.569
    endloop
  endfacet
  facet normal -0.42336 0.817968 -0.38948
    outer loop
      vertex 0.795048 -6.74345 -19.7198
      vertex 0.651385 -7.22911 -20.5836
      vertex 0.748907 -6.76057 -19.7056
    endloop
  endfacet
  facet normal -0.423897 0.817782 -0.389286
    outer loop
      vertex 0.795048 -6.74345 -19.7198
      vertex 0.697526 -7.212 -20.5979
      vertex 0.651385 -7.22911 -20.5836
    endloop
  endfacet
  facet normal -0.410578 0.82262 -0.393347
    outer loop
      vertex 0.809742 -6.73822 -19.7242
      vertex 0.697526 -7.212 -20.5979
      vertex 0.795048 -6.74345 -19.7198
    endloop
  endfacet
  facet normal -0.411037 0.82246 -0.393202
    outer loop
      vertex 0.809742 -6.73822 -19.7242
      vertex 0.71222 -7.20676 -20.6023
      vertex 0.697526 -7.212 -20.5979
    endloop
  endfacet
  facet normal -0.411854 0.822169 -0.392956
    outer loop
      vertex 0.824141 -6.73311 -19.7286
      vertex 0.71222 -7.20676 -20.6023
      vertex 0.809742 -6.73822 -19.7242
    endloop
  endfacet
  facet normal -0.409144 0.823111 -0.393813
    outer loop
      vertex 0.824141 -6.73311 -19.7286
      vertex 0.726619 -7.20166 -20.6066
      vertex 0.71222 -7.20676 -20.6023
    endloop
  endfacet
  facet normal -0.408355 0.82339 -0.39405
    outer loop
      vertex 0.838195 -6.72815 -19.7328
      vertex 0.726619 -7.20166 -20.6066
      vertex 0.824141 -6.73311 -19.7286
    endloop
  endfacet
  facet normal -0.408837 0.823223 -0.393898
    outer loop
      vertex 0.838195 -6.72815 -19.7328
      vertex 0.740673 -7.19669 -20.6108
      vertex 0.726619 -7.20166 -20.6066
    endloop
  endfacet
  facet normal -0.407637 0.823646 -0.394257
    outer loop
      vertex 0.851859 -6.72335 -19.7369
      vertex 0.740673 -7.19669 -20.6108
      vertex 0.838195 -6.72815 -19.7328
    endloop
  endfacet
  facet normal -0.407141 0.823817 -0.394413
    outer loop
      vertex 0.851859 -6.72335 -19.7369
      vertex 0.754337 -7.1919 -20.6149
      vertex 0.740673 -7.19669 -20.6108
    endloop
  endfacet
  facet normal -0.404629 0.824696 -0.395161
    outer loop
      vertex 0.865084 -6.71873 -19.7408
      vertex 0.754337 -7.1919 -20.6149
      vertex 0.851859 -6.72335 -19.7369
    endloop
  endfacet
  facet normal -0.404629 0.824696 -0.395161
    outer loop
      vertex 0.865084 -6.71873 -19.7408
      vertex 0.767562 -7.18728 -20.6188
      vertex 0.754337 -7.1919 -20.6149
    endloop
  endfacet
  facet normal -0.404149 0.824863 -0.395303
    outer loop
      vertex 0.877822 -6.71431 -19.7446
      vertex 0.767562 -7.18728 -20.6188
      vertex 0.865084 -6.71873 -19.7408
    endloop
  endfacet
  facet normal -0.404683 0.824681 -0.395137
    outer loop
      vertex 0.877822 -6.71431 -19.7446
      vertex 0.7803 -7.18285 -20.6226
      vertex 0.767562 -7.18728 -20.6188
    endloop
  endfacet
  facet normal -0.401672 0.825725 -0.396029
    outer loop
      vertex 0.890026 -6.7101 -19.7482
      vertex 0.7803 -7.18285 -20.6226
      vertex 0.877822 -6.71431 -19.7446
    endloop
  endfacet
  facet normal -0.401672 0.825725 -0.396029
    outer loop
      vertex 0.890026 -6.7101 -19.7482
      vertex 0.792504 -7.17864 -20.6262
      vertex 0.7803 -7.18285 -20.6226
    endloop
  endfacet
  facet normal -0.399145 0.826592 -0.396772
    outer loop
      vertex 0.901648 -6.70612 -19.7516
      vertex 0.792504 -7.17864 -20.6262
      vertex 0.890026 -6.7101 -19.7482
    endloop
  endfacet
  facet normal -0.399145 0.826592 -0.396772
    outer loop
      vertex 0.901648 -6.70612 -19.7516
      vertex 0.804126 -7.17466 -20.6296
      vertex 0.792504 -7.17864 -20.6262
    endloop
  endfacet
  facet normal -0.397185 0.82726 -0.397347
    outer loop
      vertex 0.912639 -6.70238 -19.7548
      vertex 0.804126 -7.17466 -20.6296
      vertex 0.901648 -6.70612 -19.7516
    endloop
  endfacet
  facet normal -0.396559 0.827469 -0.397537
    outer loop
      vertex 0.912639 -6.70238 -19.7548
      vertex 0.815117 -7.17093 -20.6328
      vertex 0.804126 -7.17466 -20.6296
    endloop
  endfacet
  facet normal -0.394441 0.828185 -0.398154
    outer loop
      vertex 0.922953 -6.69891 -19.7578
      vertex 0.815117 -7.17093 -20.6328
      vertex 0.912639 -6.70238 -19.7548
    endloop
  endfacet
  facet normal -0.394441 0.828185 -0.398154
    outer loop
      vertex 0.922953 -6.69891 -19.7578
      vertex 0.825431 -7.16746 -20.6358
      vertex 0.815117 -7.17093 -20.6328
    endloop
  endfacet
  facet normal -0.392247 0.82892 -0.39879
    outer loop
      vertex 0.932541 -6.69572 -19.7606
      vertex 0.825431 -7.16746 -20.6358
      vertex 0.922953 -6.69891 -19.7578
    endloop
  endfacet
  facet normal -0.392247 0.82892 -0.39879
    outer loop
      vertex 0.932541 -6.69572 -19.7606
      vertex 0.835019 -7.16427 -20.6386
      vertex 0.825431 -7.16746 -20.6358
    endloop
  endfacet
  facet normal -0.386003 0.830983 -0.400585
    outer loop
      vertex 0.941357 -6.69283 -19.7631
      vertex 0.835019 -7.16427 -20.6386
      vertex 0.932541 -6.69572 -19.7606
    endloop
  endfacet
  facet normal -0.386003 0.830983 -0.400585
    outer loop
      vertex 0.941357 -6.69283 -19.7631
      vertex 0.843835 -7.16138 -20.6411
      vertex 0.835019 -7.16427 -20.6386
    endloop
  endfacet
  facet normal -0.379604 0.833052 -0.4024
    outer loop
      vertex 0.949351 -6.69025 -19.7653
      vertex 0.843835 -7.16138 -20.6411
      vertex 0.941357 -6.69283 -19.7631
    endloop
  endfacet
  facet normal -0.383846 0.831703 -0.401163
    outer loop
      vertex 0.949351 -6.69025 -19.7653
      vertex 0.851829 -7.1588 -20.6434
      vertex 0.843835 -7.16138 -20.6411
    endloop
  endfacet
  facet normal -0.376563 0.834036 -0.403217
    outer loop
      vertex 0.956476 -6.688 -19.7673
      vertex 0.851829 -7.1588 -20.6434
      vertex 0.949351 -6.69025 -19.7653
    endloop
  endfacet
  facet normal -0.376563 0.834036 -0.403217
    outer loop
      vertex 0.956476 -6.688 -19.7673
      vertex 0.858954 -7.15655 -20.6454
      vertex 0.851829 -7.1588 -20.6434
    endloop
  endfacet
  facet normal -0.367218 0.836942 -0.405805
    outer loop
      vertex 0.962685 -6.6861 -19.769
      vertex 0.858954 -7.15655 -20.6454
      vertex 0.956476 -6.688 -19.7673
    endloop
  endfacet
  facet normal -0.367218 0.836942 -0.405805
    outer loop
      vertex 0.962685 -6.6861 -19.769
      vertex 0.865163 -7.15465 -20.6471
      vertex 0.858954 -7.15655 -20.6454
    endloop
  endfacet
  facet normal -0.354488 0.840746 -0.409249
    outer loop
      vertex 0.96793 -6.68457 -19.7704
      vertex 0.865163 -7.15465 -20.6471
      vertex 0.962685 -6.6861 -19.769
    endloop
  endfacet
  facet normal -0.355872 0.840345 -0.408871
    outer loop
      vertex 0.96793 -6.68457 -19.7704
      vertex 0.870408 -7.15311 -20.6485
      vertex 0.865163 -7.15465 -20.6471
    endloop
  endfacet
  facet normal -0.339072 0.845119 -0.413285
    outer loop
      vertex 0.972162 -6.68341 -19.7715
      vertex 0.870408 -7.15311 -20.6485
      vertex 0.96793 -6.68457 -19.7704
    endloop
  endfacet
  facet normal -0.337323 0.845595 -0.413742
    outer loop
      vertex 0.972162 -6.68341 -19.7715
      vertex 0.87464 -7.15196 -20.6496
      vertex 0.870408 -7.15311 -20.6485
    endloop
  endfacet
  facet normal -0.307832 0.853193 -0.421072
    outer loop
      vertex 0.975335 -6.68266 -19.7723
      vertex 0.87464 -7.15196 -20.6496
      vertex 0.972162 -6.68341 -19.7715
    endloop
  endfacet
  facet normal -0.298296 0.855441 -0.423369
    outer loop
      vertex 0.975335 -6.68266 -19.7723
      vertex 0.877813 -7.1512 -20.6503
      vertex 0.87464 -7.15196 -20.6496
    endloop
  endfacet
  facet normal -0.232129 0.868615 -0.437749
    outer loop
      vertex 0.977399 -6.68231 -19.7727
      vertex 0.877813 -7.1512 -20.6503
      vertex 0.975335 -6.68266 -19.7723
    endloop
  endfacet
  facet normal -0.228181 0.869261 -0.438542
    outer loop
      vertex 0.977399 -6.68231 -19.7727
      vertex 0.879877 -7.15086 -20.6507
      vertex 0.877813 -7.1512 -20.6503
    endloop
  endfacet
  facet normal 0.0865288 0.874902 -0.476508
    outer loop
      vertex 0.978309 -6.6824 -19.7727
      vertex 0.879877 -7.15086 -20.6507
      vertex 0.977399 -6.68231 -19.7727
    endloop
  endfacet
  facet normal 0.0350091 0.880096 -0.473503
    outer loop
      vertex 0.978309 -6.6824 -19.7727
      vertex 0.880787 -7.15095 -20.6508
      vertex 0.879877 -7.15086 -20.6507
    endloop
  endfacet
  facet normal 0.865149 0.39619 -0.307489
    outer loop
      vertex 0.984292 -6.69205 -19.7683
      vertex 0.880787 -7.15095 -20.6508
      vertex 0.978309 -6.6824 -19.7727
    endloop
  endfacet
  facet normal 0.866224 0.394444 -0.306707
    outer loop
      vertex 0.984292 -6.69205 -19.7683
      vertex 0.88677 -7.16059 -20.6463
      vertex 0.880787 -7.15095 -20.6508
    endloop
  endfacet
  facet normal 0.871528 0.385782 -0.302674
    outer loop
      vertex 0.99995 -6.71793 -19.7562
      vertex 0.88677 -7.16059 -20.6463
      vertex 0.984292 -6.69205 -19.7683
    endloop
  endfacet
  facet normal 0.871585 0.385686 -0.302633
    outer loop
      vertex 0.99995 -6.71793 -19.7562
      vertex 0.902428 -7.18648 -20.6342
      vertex 0.88677 -7.16059 -20.6463
    endloop
  endfacet
  facet normal 0.872573 0.384047 -0.301868
    outer loop
      vertex 1.0242 -6.75825 -19.7374
      vertex 0.902428 -7.18648 -20.6342
      vertex 0.99995 -6.71793 -19.7562
    endloop
  endfacet
  facet normal 0.872548 0.384089 -0.301885
    outer loop
      vertex 1.0242 -6.75825 -19.7374
      vertex 0.926681 -7.2268 -20.6154
      vertex 0.902428 -7.18648 -20.6342
    endloop
  endfacet
  facet normal 0.873291 0.382852 -0.301308
    outer loop
      vertex 1.05597 -6.8112 -19.7126
      vertex 0.926681 -7.2268 -20.6154
      vertex 1.0242 -6.75825 -19.7374
    endloop
  endfacet
  facet normal 0.873078 0.383227 -0.30145
    outer loop
      vertex 1.05597 -6.8112 -19.7126
      vertex 0.958451 -7.27975 -20.5907
      vertex 0.926681 -7.2268 -20.6154
    endloop
  endfacet
  facet normal 0.873287 0.382879 -0.301287
    outer loop
      vertex 1.09418 -6.87498 -19.6829
      vertex 0.958451 -7.27975 -20.5907
      vertex 1.05597 -6.8112 -19.7126
    endloop
  endfacet
  facet normal 0.873461 0.382569 -0.301175
    outer loop
      vertex 1.09418 -6.87498 -19.6829
      vertex 0.996657 -7.34352 -20.5609
      vertex 0.958451 -7.27975 -20.5907
    endloop
  endfacet
  facet normal 0.873803 0.381999 -0.300908
    outer loop
      vertex 1.13774 -6.94776 -19.6488
      vertex 0.996657 -7.34352 -20.5609
      vertex 1.09418 -6.87498 -19.6829
    endloop
  endfacet
  facet normal 0.873655 0.382264 -0.301001
    outer loop
      vertex 1.13774 -6.94776 -19.6488
      vertex 1.04022 -7.41631 -20.5269
      vertex 0.996657 -7.34352 -20.5609
    endloop
  endfacet
  facet normal 0.873716 0.382163 -0.300953
    outer loop
      vertex 1.18558 -7.02776 -19.6115
      vertex 1.04022 -7.41631 -20.5269
      vertex 1.13774 -6.94776 -19.6488
    endloop
  endfacet
  facet normal 0.873855 0.38191 -0.300868
    outer loop
      vertex 1.18558 -7.02776 -19.6115
      vertex 1.08806 -7.49631 -20.4895
      vertex 1.04022 -7.41631 -20.5269
    endloop
  endfacet
  facet normal 0.873936 0.381775 -0.300805
    outer loop
      vertex 1.23662 -7.11316 -19.5716
      vertex 1.08806 -7.49631 -20.4895
      vertex 1.18558 -7.02776 -19.6115
    endloop
  endfacet
  facet normal 0.873936 0.381775 -0.300805
    outer loop
      vertex 1.23662 -7.11316 -19.5716
      vertex 1.1391 -7.58171 -20.4496
      vertex 1.08806 -7.49631 -20.4895
    endloop
  endfacet
  facet normal 0.874077 0.381539 -0.300695
    outer loop
      vertex 1.28978 -7.20216 -19.53
      vertex 1.1391 -7.58171 -20.4496
      vertex 1.23662 -7.11316 -19.5716
    endloop
  endfacet
  facet normal 0.874061 0.381568 -0.300704
    outer loop
      vertex 1.28978 -7.20216 -19.53
      vertex 1.19226 -7.6707 -20.408
      vertex 1.1391 -7.58171 -20.4496
    endloop
  endfacet
  facet normal 0.874122 0.381467 -0.300657
    outer loop
      vertex 1.34398 -7.29294 -19.4876
      vertex 1.19226 -7.6707 -20.408
      vertex 1.28978 -7.20216 -19.53
    endloop
  endfacet
  facet normal 0.874137 0.381438 -0.300648
    outer loop
      vertex 1.34398 -7.29294 -19.4876
      vertex 1.24646 -7.76149 -20.3656
      vertex 1.19226 -7.6707 -20.408
    endloop
  endfacet
  facet normal 0.874413 0.380975 -0.300431
    outer loop
      vertex 1.39813 -7.38371 -19.4451
      vertex 1.24646 -7.76149 -20.3656
      vertex 1.34398 -7.29294 -19.4876
    endloop
  endfacet
  facet normal 0.874275 0.381228 -0.300512
    outer loop
      vertex 1.39813 -7.38371 -19.4451
      vertex 1.30061 -7.85225 -20.3232
      vertex 1.24646 -7.76149 -20.3656
    endloop
  endfacet
  facet normal 0.874301 0.381184 -0.300492
    outer loop
      vertex 1.45117 -7.47265 -19.4036
      vertex 1.30061 -7.85225 -20.3232
      vertex 1.39813 -7.38371 -19.4451
    endloop
  endfacet
  facet normal 0.874442 0.380927 -0.300409
    outer loop
      vertex 1.45117 -7.47265 -19.4036
      vertex 1.35365 -7.9412 -20.2816
      vertex 1.30061 -7.85225 -20.3232
    endloop
  endfacet
  facet normal 0.87456 0.380729 -0.300316
    outer loop
      vertex 1.50201 -7.55796 -19.3637
      vertex 1.35365 -7.9412 -20.2816
      vertex 1.45117 -7.47265 -19.4036
    endloop
  endfacet
  facet normal 0.87456 0.380729 -0.300316
    outer loop
      vertex 1.50201 -7.55796 -19.3637
      vertex 1.40449 -8.02651 -20.2417
      vertex 1.35365 -7.9412 -20.2816
    endloop
  endfacet
  facet normal 0.874799 0.380328 -0.300129
    outer loop
      vertex 1.54957 -7.63784 -19.3263
      vertex 1.40449 -8.02651 -20.2417
      vertex 1.50201 -7.55796 -19.3637
    endloop
  endfacet
  facet normal 0.87466 0.380581 -0.300214
    outer loop
      vertex 1.54957 -7.63784 -19.3263
      vertex 1.45205 -8.10639 -20.2044
      vertex 1.40449 -8.02651 -20.2417
    endloop
  endfacet
  facet normal 0.874835 0.380287 -0.300077
    outer loop
      vertex 1.59277 -7.71047 -19.2924
      vertex 1.45205 -8.10639 -20.2044
      vertex 1.54957 -7.63784 -19.3263
    endloop
  endfacet
  facet normal 0.874988 0.38001 -0.29998
    outer loop
      vertex 1.59277 -7.71047 -19.2924
      vertex 1.49525 -8.17902 -20.1704
      vertex 1.45205 -8.10639 -20.2044
    endloop
  endfacet
  facet normal 0.875321 0.37945 -0.299718
    outer loop
      vertex 1.63054 -7.77406 -19.2626
      vertex 1.49525 -8.17902 -20.1704
      vertex 1.59277 -7.71047 -19.2924
    endloop
  endfacet
  facet normal 0.875174 0.379713 -0.299814
    outer loop
      vertex 1.63054 -7.77406 -19.2626
      vertex 1.53301 -8.2426 -20.1407
      vertex 1.49525 -8.17902 -20.1704
    endloop
  endfacet
  facet normal 0.875557 0.379067 -0.299512
    outer loop
      vertex 1.66178 -7.82678 -19.238
      vertex 1.53301 -8.2426 -20.1407
      vertex 1.63054 -7.77406 -19.2626
    endloop
  endfacet
  facet normal 0.875734 0.378754 -0.299393
    outer loop
      vertex 1.66178 -7.82678 -19.238
      vertex 1.56426 -8.29533 -20.116
      vertex 1.53301 -8.2426 -20.1407
    endloop
  endfacet
  facet normal 0.876584 0.377316 -0.29872
    outer loop
      vertex 1.68543 -7.86684 -19.2192
      vertex 1.56426 -8.29533 -20.116
      vertex 1.66178 -7.82678 -19.238
    endloop
  endfacet
  facet normal 0.876306 0.377806 -0.298916
    outer loop
      vertex 1.68543 -7.86684 -19.2192
      vertex 1.58791 -8.33539 -20.0973
      vertex 1.56426 -8.29533 -20.116
    endloop
  endfacet
  facet normal 0.878241 0.374514 -0.297375
    outer loop
      vertex 1.70041 -7.89244 -19.2072
      vertex 1.58791 -8.33539 -20.0973
      vertex 1.68543 -7.86684 -19.2192
    endloop
  endfacet
  facet normal 0.878187 0.374609 -0.297415
    outer loop
      vertex 1.70041 -7.89244 -19.2072
      vertex 1.60289 -8.36098 -20.0853
      vertex 1.58791 -8.33539 -20.0973
    endloop
  endfacet
  facet normal 0.886642 0.359847 -0.290477
    outer loop
      vertex 1.70563 -7.90175 -19.2028
      vertex 1.60289 -8.36098 -20.0853
      vertex 1.70041 -7.89244 -19.2072
    endloop
  endfacet
  facet normal 0.886782 0.359594 -0.290362
    outer loop
      vertex 1.70563 -7.90175 -19.2028
      vertex 1.60811 -8.3703 -20.0809
      vertex 1.60289 -8.36098 -20.0853
    endloop
  endfacet
  facet normal 0.778905 -0.585116 0.225712
    outer loop
      vertex 1.70519 -7.90222 -19.2025
      vertex 1.60811 -8.3703 -20.0809
      vertex 1.70563 -7.90175 -19.2028
    endloop
  endfacet
  facet normal 0.778905 -0.585116 0.225712
    outer loop
      vertex 1.70519 -7.90222 -19.2025
      vertex 1.60767 -8.37077 -20.0806
      vertex 1.60811 -8.3703 -20.0809
    endloop
  endfacet
  facet normal 0.60053 -0.731242 0.323494
    outer loop
      vertex 1.70391 -7.90305 -19.202
      vertex 1.60767 -8.37077 -20.0806
      vertex 1.70519 -7.90222 -19.2025
    endloop
  endfacet
  facet normal 0.613149 -0.723208 0.317834
    outer loop
      vertex 1.70391 -7.90305 -19.202
      vertex 1.60638 -8.3716 -20.08
      vertex 1.60767 -8.37077 -20.0806
    endloop
  endfacet
  facet normal 0.566365 -0.751579 0.338172
    outer loop
      vertex 1.70182 -7.90422 -19.2011
      vertex 1.60638 -8.3716 -20.08
      vertex 1.70391 -7.90305 -19.202
    endloop
  endfacet
  facet normal 0.565769 -0.751918 0.338416
    outer loop
      vertex 1.70182 -7.90422 -19.2011
      vertex 1.6043 -8.37276 -20.0791
      vertex 1.60638 -8.3716 -20.08
    endloop
  endfacet
  facet normal 0.535231 -0.768487 0.35065
    outer loop
      vertex 1.69896 -7.90571 -19.2
      vertex 1.6043 -8.37276 -20.0791
      vertex 1.70182 -7.90422 -19.2011
    endloop
  endfacet
  facet normal 0.53712 -0.7675 0.349923
    outer loop
      vertex 1.69896 -7.90571 -19.2
      vertex 1.60144 -8.37426 -20.078
      vertex 1.6043 -8.37276 -20.0791
    endloop
  endfacet
  facet normal 0.525868 -0.773281 0.354258
    outer loop
      vertex 1.69537 -7.90751 -19.1986
      vertex 1.60144 -8.37426 -20.078
      vertex 1.69896 -7.90571 -19.2
    endloop
  endfacet
  facet normal 0.518755 -0.776856 0.356915
    outer loop
      vertex 1.69537 -7.90751 -19.1986
      vertex 1.59785 -8.37606 -20.0767
      vertex 1.60144 -8.37426 -20.078
    endloop
  endfacet
  facet normal 0.515317 -0.77855 0.358201
    outer loop
      vertex 1.69107 -7.90962 -19.197
      vertex 1.59785 -8.37606 -20.0767
      vertex 1.69537 -7.90751 -19.1986
    endloop
  endfacet
  facet normal 0.514002 -0.779197 0.358683
    outer loop
      vertex 1.69107 -7.90962 -19.197
      vertex 1.59355 -8.37816 -20.0751
      vertex 1.59785 -8.37606 -20.0767
    endloop
  endfacet
  facet normal 0.50672 -0.782717 0.36137
    outer loop
      vertex 1.68611 -7.912 -19.1952
      vertex 1.59355 -8.37816 -20.0751
      vertex 1.69107 -7.90962 -19.197
    endloop
  endfacet
  facet normal 0.50672 -0.782717 0.36137
    outer loop
      vertex 1.68611 -7.912 -19.1952
      vertex 1.58859 -8.38054 -20.0733
      vertex 1.59355 -8.37816 -20.0751
    endloop
  endfacet
  facet normal 0.502019 -0.78495 0.363084
    outer loop
      vertex 1.68052 -7.91465 -19.1932
      vertex 1.58859 -8.38054 -20.0733
      vertex 1.68611 -7.912 -19.1952
    endloop
  endfacet
  facet normal 0.506791 -0.782668 0.361377
    outer loop
      vertex 1.68052 -7.91465 -19.1932
      vertex 1.583 -8.38319 -20.0712
      vertex 1.58859 -8.38054 -20.0733
    endloop
  endfacet
  facet normal 0.502493 -0.784711 0.362945
    outer loop
      vertex 1.67433 -7.91755 -19.1909
      vertex 1.583 -8.38319 -20.0712
      vertex 1.68052 -7.91465 -19.1932
    endloop
  endfacet
  facet normal 0.498488 -0.786607 0.364363
    outer loop
      vertex 1.67433 -7.91755 -19.1909
      vertex 1.5768 -8.3861 -20.069
      vertex 1.583 -8.38319 -20.0712
    endloop
  endfacet
  facet normal 0.495695 -0.787905 0.365366
    outer loop
      vertex 1.66757 -7.92069 -19.1885
      vertex 1.5768 -8.3861 -20.069
      vertex 1.67433 -7.91755 -19.1909
    endloop
  endfacet
  facet normal 0.495372 -0.788056 0.365479
    outer loop
      vertex 1.66757 -7.92069 -19.1885
      vertex 1.57005 -8.38923 -20.0666
      vertex 1.5768 -8.3861 -20.069
    endloop
  endfacet
  facet normal 0.494532 -0.788444 0.365779
    outer loop
      vertex 1.66029 -7.92405 -19.1859
      vertex 1.57005 -8.38923 -20.0666
      vertex 1.66757 -7.92069 -19.1885
    endloop
  endfacet
  facet normal 0.494532 -0.788444 0.365779
    outer loop
      vertex 1.66029 -7.92405 -19.1859
      vertex 1.56277 -8.39259 -20.064
      vertex 1.57005 -8.38923 -20.0666
    endloop
  endfacet
  facet normal 0.493714 -0.788821 0.366071
    outer loop
      vertex 1.65251 -7.92762 -19.1831
      vertex 1.56277 -8.39259 -20.064
      vertex 1.66029 -7.92405 -19.1859
    endloop
  endfacet
  facet normal 0.493714 -0.788821 0.366071
    outer loop
      vertex 1.65251 -7.92762 -19.1831
      vertex 1.55499 -8.39616 -20.0612
      vertex 1.56277 -8.39259 -20.064
    endloop
  endfacet
  facet normal 0.490464 -0.79031 0.367227
    outer loop
      vertex 1.64428 -7.93138 -19.1802
      vertex 1.55499 -8.39616 -20.0612
      vertex 1.65251 -7.92762 -19.1831
    endloop
  endfacet
  facet normal 0.490017 -0.790516 0.36738
    outer loop
      vertex 1.64428 -7.93138 -19.1802
      vertex 1.54675 -8.39992 -20.0583
      vertex 1.55499 -8.39616 -20.0612
    endloop
  endfacet
  facet normal 0.487001 -0.791883 0.368445
    outer loop
      vertex 1.63562 -7.93531 -19.1772
      vertex 1.54675 -8.39992 -20.0583
      vertex 1.64428 -7.93138 -19.1802
    endloop
  endfacet
  facet normal 0.490884 -0.790101 0.367114
    outer loop
      vertex 1.63562 -7.93531 -19.1772
      vertex 1.53809 -8.40386 -20.0552
      vertex 1.54675 -8.39992 -20.0583
    endloop
  endfacet
  facet normal 0.488533 -0.791171 0.367946
    outer loop
      vertex 1.62657 -7.93941 -19.174
      vertex 1.53809 -8.40386 -20.0552
      vertex 1.63562 -7.93531 -19.1772
    endloop
  endfacet
  facet normal 0.48894 -0.790984 0.367807
    outer loop
      vertex 1.62657 -7.93941 -19.174
      vertex 1.52905 -8.40796 -20.052
      vertex 1.53809 -8.40386 -20.0552
    endloop
  endfacet
  facet normal 0.486901 -0.791907 0.368525
    outer loop
      vertex 1.61716 -7.94366 -19.1707
      vertex 1.52905 -8.40796 -20.052
      vertex 1.62657 -7.93941 -19.174
    endloop
  endfacet
  facet normal 0.486901 -0.791907 0.368525
    outer loop
      vertex 1.61716 -7.94366 -19.1707
      vertex 1.51964 -8.41221 -20.0487
      vertex 1.52905 -8.40796 -20.052
    endloop
  endfacet
  facet normal 0.488889 -0.791007 0.367825
    outer loop
      vertex 1.60744 -7.94804 -19.1672
      vertex 1.51964 -8.41221 -20.0487
      vertex 1.61716 -7.94366 -19.1707
    endloop
  endfacet
  facet normal 0.486033 -0.792313 0.368797
    outer loop
      vertex 1.60744 -7.94804 -19.1672
      vertex 1.50992 -8.41659 -20.0453
      vertex 1.51964 -8.41221 -20.0487
    endloop
  endfacet
  facet normal 0.485355 -0.792618 0.369035
    outer loop
      vertex 1.59743 -7.95254 -19.1637
      vertex 1.50992 -8.41659 -20.0453
      vertex 1.60744 -7.94804 -19.1672
    endloop
  endfacet
  facet normal 0.485355 -0.792618 0.369035
    outer loop
      vertex 1.59743 -7.95254 -19.1637
      vertex 1.49991 -8.42109 -20.0418
      vertex 1.50992 -8.41659 -20.0453
    endloop
  endfacet
  facet normal 0.485558 -0.792527 0.368964
    outer loop
      vertex 1.58717 -7.95715 -19.1601
      vertex 1.49991 -8.42109 -20.0418
      vertex 1.59743 -7.95254 -19.1637
    endloop
  endfacet
  facet normal 0.484974 -0.792793 0.369161
    outer loop
      vertex 1.58717 -7.95715 -19.1601
      vertex 1.48965 -8.42569 -20.0382
      vertex 1.49991 -8.42109 -20.0418
    endloop
  endfacet
  facet normal 0.482419 -0.793935 0.370054
    outer loop
      vertex 1.57669 -7.96184 -19.1565
      vertex 1.48965 -8.42569 -20.0382
      vertex 1.58717 -7.95715 -19.1601
    endloop
  endfacet
  facet normal 0.485662 -0.792465 0.368961
    outer loop
      vertex 1.57669 -7.96184 -19.1565
      vertex 1.47917 -8.43039 -20.0345
      vertex 1.48965 -8.42569 -20.0382
    endloop
  endfacet
  facet normal 0.47919 -0.795346 0.371217
    outer loop
      vertex 1.5621 -7.96825 -19.1514
      vertex 1.47917 -8.43039 -20.0345
      vertex 1.57669 -7.96184 -19.1565
    endloop
  endfacet
  facet normal 0.476829 -0.796402 0.371992
    outer loop
      vertex 1.5621 -7.96825 -19.1514
      vertex 1.46458 -8.43679 -20.0295
      vertex 1.47917 -8.43039 -20.0345
    endloop
  endfacet
  facet normal 0.477268 -0.79621 0.37184
    outer loop
      vertex 1.54003 -7.97793 -19.1438
      vertex 1.46458 -8.43679 -20.0295
      vertex 1.5621 -7.96825 -19.1514
    endloop
  endfacet
  facet normal 0.478389 -0.795704 0.371483
    outer loop
      vertex 1.54003 -7.97793 -19.1438
      vertex 1.4425 -8.44647 -20.0218
      vertex 1.46458 -8.43679 -20.0295
    endloop
  endfacet
  facet normal 0.47743 -0.796125 0.371814
    outer loop
      vertex 1.51082 -7.99073 -19.1337
      vertex 1.4425 -8.44647 -20.0218
      vertex 1.54003 -7.97793 -19.1438
    endloop
  endfacet
  facet normal 0.476663 -0.796473 0.372052
    outer loop
      vertex 1.51082 -7.99073 -19.1337
      vertex 1.41329 -8.45928 -20.0118
      vertex 1.4425 -8.44647 -20.0218
    endloop
  endfacet
  facet normal 0.476959 -0.796344 0.37195
    outer loop
      vertex 1.47482 -8.0065 -19.1213
      vertex 1.41329 -8.45928 -20.0118
      vertex 1.51082 -7.99073 -19.1337
    endloop
  endfacet
  facet normal 0.476959 -0.796344 0.37195
    outer loop
      vertex 1.47482 -8.0065 -19.1213
      vertex 1.37729 -8.47505 -19.9994
      vertex 1.41329 -8.45928 -20.0118
    endloop
  endfacet
  facet normal 0.476736 -0.796442 0.372027
    outer loop
      vertex 1.43237 -8.02509 -19.1067
      vertex 1.37729 -8.47505 -19.9994
      vertex 1.47482 -8.0065 -19.1213
    endloop
  endfacet
  facet normal 0.477494 -0.796091 0.371803
    outer loop
      vertex 1.43237 -8.02509 -19.1067
      vertex 1.33485 -8.49364 -19.9847
      vertex 1.37729 -8.47505 -19.9994
    endloop
  endfacet
  facet normal 0.477269 -0.79619 0.371881
    outer loop
      vertex 1.38383 -8.04634 -19.0899
      vertex 1.33485 -8.49364 -19.9847
      vertex 1.43237 -8.02509 -19.1067
    endloop
  endfacet
  facet normal 0.476681 -0.796464 0.37205
    outer loop
      vertex 1.38383 -8.04634 -19.0899
      vertex 1.28631 -8.51489 -19.968
      vertex 1.33485 -8.49364 -19.9847
    endloop
  endfacet
  facet normal 0.476758 -0.79643 0.372023
    outer loop
      vertex 1.32953 -8.07011 -19.0712
      vertex 1.28631 -8.51489 -19.968
      vertex 1.38383 -8.04634 -19.0899
    endloop
  endfacet
  facet normal 0.476645 -0.796482 0.372055
    outer loop
      vertex 1.32953 -8.07011 -19.0712
      vertex 1.23201 -8.53865 -19.9493
      vertex 1.28631 -8.51489 -19.968
    endloop
  endfacet
  facet normal 0.476332 -0.796619 0.372163
    outer loop
      vertex 1.26983 -8.09623 -19.0507
      vertex 1.23201 -8.53865 -19.9493
      vertex 1.32953 -8.07011 -19.0712
    endloop
  endfacet
  facet normal 0.476914 -0.796346 0.372003
    outer loop
      vertex 1.26983 -8.09623 -19.0507
      vertex 1.17231 -8.56478 -19.9287
      vertex 1.23201 -8.53865 -19.9493
    endloop
  endfacet
  facet normal 0.476668 -0.796453 0.372088
    outer loop
      vertex 1.20507 -8.12457 -19.0284
      vertex 1.17231 -8.56478 -19.9287
      vertex 1.26983 -8.09623 -19.0507
    endloop
  endfacet
  facet normal 0.476668 -0.796453 0.372088
    outer loop
      vertex 1.20507 -8.12457 -19.0284
      vertex 1.10755 -8.59312 -19.9064
      vertex 1.17231 -8.56478 -19.9287
    endloop
  endfacet
  facet normal 0.47689 -0.796356 0.372012
    outer loop
      vertex 1.1356 -8.15496 -19.0044
      vertex 1.10755 -8.59312 -19.9064
      vertex 1.20507 -8.12457 -19.0284
    endloop
  endfacet
  facet normal 0.476425 -0.796578 0.372134
    outer loop
      vertex 1.1356 -8.15496 -19.0044
      vertex 1.03807 -8.62351 -19.8825
      vertex 1.10755 -8.59312 -19.9064
    endloop
  endfacet
  facet normal 0.476401 -0.796588 0.372142
    outer loop
      vertex 1.06175 -8.18726 -18.979
      vertex 1.03807 -8.62351 -19.8825
      vertex 1.1356 -8.15496 -19.0044
    endloop
  endfacet
  facet normal 0.476756 -0.796418 0.372051
    outer loop
      vertex 1.06175 -8.18726 -18.979
      vertex 0.96423 -8.6558 -19.857
      vertex 1.03807 -8.62351 -19.8825
    endloop
  endfacet
  facet normal 0.476358 -0.796592 0.372188
    outer loop
      vertex 0.983887 -8.2213 -18.9522
      vertex 0.96423 -8.6558 -19.857
      vertex 1.06175 -8.18726 -18.979
    endloop
  endfacet
  facet normal 0.476427 -0.796559 0.37217
    outer loop
      vertex 0.983887 -8.2213 -18.9522
      vertex 0.886365 -8.68985 -19.8302
      vertex 0.96423 -8.6558 -19.857
    endloop
  endfacet
  facet normal 0.476488 -0.796532 0.372149
    outer loop
      vertex 0.902345 -8.25695 -18.9241
      vertex 0.886365 -8.68985 -19.8302
      vertex 0.983887 -8.2213 -18.9522
    endloop
  endfacet
  facet normal 0.476488 -0.796532 0.372149
    outer loop
      vertex 0.902345 -8.25695 -18.9241
      vertex 0.804823 -8.7255 -19.8021
      vertex 0.886365 -8.68985 -19.8302
    endloop
  endfacet
  facet normal 0.476291 -0.796619 0.372217
    outer loop
      vertex 0.817474 -8.29405 -18.8949
      vertex 0.804823 -8.7255 -19.8021
      vertex 0.902345 -8.25695 -18.9241
    endloop
  endfacet
  facet normal 0.476291 -0.796619 0.372217
    outer loop
      vertex 0.817474 -8.29405 -18.8949
      vertex 0.719952 -8.7626 -19.7729
      vertex 0.804823 -8.7255 -19.8021
    endloop
  endfacet
  facet normal 0.476429 -0.796558 0.37217
    outer loop
      vertex 0.729619 -8.33244 -18.8646
      vertex 0.719952 -8.7626 -19.7729
      vertex 0.817474 -8.29405 -18.8949
    endloop
  endfacet
  facet normal 0.476101 -0.796717 0.372249
    outer loop
      vertex 0.729619 -8.33244 -18.8646
      vertex 0.632097 -8.80099 -19.7427
      vertex 0.719952 -8.7626 -19.7729
    endloop
  endfacet
  facet normal 0.47599 -0.796766 0.372287
    outer loop
      vertex 0.639125 -8.37197 -18.8335
      vertex 0.632097 -8.80099 -19.7427
      vertex 0.729619 -8.33244 -18.8646
    endloop
  endfacet
  facet normal 0.476308 -0.796611 0.372211
    outer loop
      vertex 0.639125 -8.37197 -18.8335
      vertex 0.541603 -8.84052 -19.7115
      vertex 0.632097 -8.80099 -19.7427
    endloop
  endfacet
  facet normal 0.476334 -0.7966 0.372202
    outer loop
      vertex 0.54634 -8.4125 -18.8015
      vertex 0.541603 -8.84052 -19.7115
      vertex 0.639125 -8.37197 -18.8335
    endloop
  endfacet
  facet normal 0.476024 -0.796751 0.372275
    outer loop
      vertex 0.54634 -8.4125 -18.8015
      vertex 0.448818 -8.88105 -19.6796
      vertex 0.541603 -8.84052 -19.7115
    endloop
  endfacet
  facet normal 0.476053 -0.796739 0.372265
    outer loop
      vertex 0.451609 -8.45387 -18.7689
      vertex 0.448818 -8.88105 -19.6796
      vertex 0.54634 -8.4125 -18.8015
    endloop
  endfacet
  facet normal 0.475987 -0.79677 0.372281
    outer loop
      vertex 0.451609 -8.45387 -18.7689
      vertex 0.354087 -8.92241 -19.647
      vertex 0.448818 -8.88105 -19.6796
    endloop
  endfacet
  facet normal 0.475784 -0.796859 0.372351
    outer loop
      vertex 0.355278 -8.49592 -18.7358
      vertex 0.354087 -8.92241 -19.647
      vertex 0.451609 -8.45387 -18.7689
    endloop
  endfacet
  facet normal 0.476147 -0.796682 0.372267
    outer loop
      vertex 0.355278 -8.49592 -18.7358
      vertex 0.257756 -8.96447 -19.6138
      vertex 0.354087 -8.92241 -19.647
    endloop
  endfacet
  facet normal 0.475793 -0.796836 0.372389
    outer loop
      vertex 0.160418 -8.58096 -18.6688
      vertex 0.257756 -8.96447 -19.6138
      vertex 0.355278 -8.49592 -18.7358
    endloop
  endfacet
  facet normal 0.475793 -0.796836 0.372389
    outer loop
      vertex 0.160418 -8.58096 -18.6688
      vertex 0.0628959 -9.04951 -19.5468
      vertex 0.257756 -8.96447 -19.6138
    endloop
  endfacet
  facet normal 0.475816 -0.796826 0.372381
    outer loop
      vertex 0.0649989 -8.62261 -18.636
      vertex 0.0628959 -9.04951 -19.5468
      vertex 0.160418 -8.58096 -18.6688
    endloop
  endfacet
  facet normal 0.475816 -0.796826 0.372381
    outer loop
      vertex 0.0649989 -8.62261 -18.636
      vertex -0.0325231 -9.09116 -19.514
      vertex 0.0628959 -9.04951 -19.5468
    endloop
  endfacet
  facet normal 0.476101 -0.796702 0.372283
    outer loop
      vertex -0.0282418 -8.66333 -18.6039
      vertex -0.0325231 -9.09116 -19.514
      vertex 0.0649989 -8.62261 -18.636
    endloop
  endfacet
  facet normal 0.4761 -0.796702 0.372283
    outer loop
      vertex -0.0282418 -8.66333 -18.6039
      vertex -0.125764 -9.13188 -19.4819
      vertex -0.0325231 -9.09116 -19.514
    endloop
  endfacet
  facet normal 0.476368 -0.796585 0.372191
    outer loop
      vertex -0.118983 -8.70297 -18.5726
      vertex -0.125764 -9.13188 -19.4819
      vertex -0.0282418 -8.66333 -18.6039
    endloop
  endfacet
  facet normal 0.475984 -0.796772 0.372282
    outer loop
      vertex -0.118983 -8.70297 -18.5726
      vertex -0.216505 -9.17151 -19.4507
      vertex -0.125764 -9.13188 -19.4819
    endloop
  endfacet
  facet normal 0.475966 -0.79678 0.372288
    outer loop
      vertex -0.206904 -8.74138 -18.5424
      vertex -0.216505 -9.17151 -19.4507
      vertex -0.118983 -8.70297 -18.5726
    endloop
  endfacet
  facet normal 0.476363 -0.796587 0.372193
    outer loop
      vertex -0.206904 -8.74138 -18.5424
      vertex -0.304426 -9.20993 -19.4204
      vertex -0.216505 -9.17151 -19.4507
    endloop
  endfacet
  facet normal 0.476323 -0.796605 0.372206
    outer loop
      vertex -0.291684 -8.77843 -18.5132
      vertex -0.304426 -9.20993 -19.4204
      vertex -0.206904 -8.74138 -18.5424
    endloop
  endfacet
  facet normal 0.476323 -0.796605 0.372206
    outer loop
      vertex -0.291684 -8.77843 -18.5132
      vertex -0.389206 -9.24698 -19.3912
      vertex -0.304426 -9.20993 -19.4204
    endloop
  endfacet
  facet normal 0.476402 -0.79657 0.372179
    outer loop
      vertex -0.373 -8.81398 -18.4852
      vertex -0.389206 -9.24698 -19.3912
      vertex -0.291684 -8.77843 -18.5132
    endloop
  endfacet
  facet normal 0.476326 -0.796607 0.372198
    outer loop
      vertex -0.373 -8.81398 -18.4852
      vertex -0.470522 -9.28252 -19.3632
      vertex -0.389206 -9.24698 -19.3912
    endloop
  endfacet
  facet normal 0.476362 -0.796591 0.372185
    outer loop
      vertex -0.450533 -8.84787 -18.4585
      vertex -0.470522 -9.28252 -19.3632
      vertex -0.373 -8.81398 -18.4852
    endloop
  endfacet
  facet normal 0.476442 -0.796553 0.372165
    outer loop
      vertex -0.450533 -8.84787 -18.4585
      vertex -0.548055 -9.31642 -19.3365
      vertex -0.470522 -9.28252 -19.3632
    endloop
  endfacet
  facet normal 0.47654 -0.79651 0.372132
    outer loop
      vertex -0.52396 -8.87998 -18.4332
      vertex -0.548055 -9.31642 -19.3365
      vertex -0.450533 -8.84787 -18.4585
    endloop
  endfacet
  facet normal 0.47654 -0.79651 0.372132
    outer loop
      vertex -0.52396 -8.87998 -18.4332
      vertex -0.621482 -9.34853 -19.3112
      vertex -0.548055 -9.31642 -19.3365
    endloop
  endfacet
  facet normal 0.476696 -0.796441 0.372078
    outer loop
      vertex -0.59296 -8.91016 -18.4094
      vertex -0.621482 -9.34853 -19.3112
      vertex -0.52396 -8.87998 -18.4332
    endloop
  endfacet
  facet normal 0.476281 -0.796639 0.372187
    outer loop
      vertex -0.59296 -8.91016 -18.4094
      vertex -0.690482 -9.37871 -19.2875
      vertex -0.621482 -9.34853 -19.3112
    endloop
  endfacet
  facet normal 0.476481 -0.796551 0.372118
    outer loop
      vertex -0.657212 -8.93827 -18.3873
      vertex -0.690482 -9.37871 -19.2875
      vertex -0.59296 -8.91016 -18.4094
    endloop
  endfacet
  facet normal 0.476831 -0.796386 0.372024
    outer loop
      vertex -0.657212 -8.93827 -18.3873
      vertex -0.754734 -9.40681 -19.2653
      vertex -0.690482 -9.37871 -19.2875
    endloop
  endfacet
  facet normal 0.476669 -0.796457 0.37208
    outer loop
      vertex -0.716395 -8.96416 -18.3669
      vertex -0.754734 -9.40681 -19.2653
      vertex -0.657212 -8.93827 -18.3873
    endloop
  endfacet
  facet normal 0.476772 -0.796408 0.372051
    outer loop
      vertex -0.716395 -8.96416 -18.3669
      vertex -0.813917 -9.43271 -19.2449
      vertex -0.754734 -9.40681 -19.2653
    endloop
  endfacet
  facet normal 0.476537 -0.796511 0.372133
    outer loop
      vertex -0.770188 -8.9877 -18.3484
      vertex -0.813917 -9.43271 -19.2449
      vertex -0.716395 -8.96416 -18.3669
    endloop
  endfacet
  facet normal 0.476537 -0.796511 0.372133
    outer loop
      vertex -0.770188 -8.9877 -18.3484
      vertex -0.86771 -9.45625 -19.2264
      vertex -0.813917 -9.43271 -19.2449
    endloop
  endfacet
  facet normal 0.476912 -0.796347 0.372003
    outer loop
      vertex -0.818269 -9.00874 -18.3318
      vertex -0.86771 -9.45625 -19.2264
      vertex -0.770188 -8.9877 -18.3484
    endloop
  endfacet
  facet normal 0.476912 -0.796347 0.372003
    outer loop
      vertex -0.818269 -9.00874 -18.3318
      vertex -0.915791 -9.47729 -19.2098
      vertex -0.86771 -9.45625 -19.2264
    endloop
  endfacet
  facet normal 0.476769 -0.79641 0.372053
    outer loop
      vertex -0.925029 -9.05546 -18.295
      vertex -0.915791 -9.47729 -19.2098
      vertex -0.818269 -9.00874 -18.3318
    endloop
  endfacet
  facet normal 0.476502 -0.796542 0.372111
    outer loop
      vertex -0.925029 -9.05546 -18.295
      vertex -1.02255 -9.52401 -19.1731
      vertex -0.915791 -9.47729 -19.2098
    endloop
  endfacet
  facet normal 0.476959 -0.796342 0.371954
    outer loop
      vertex -0.947051 -9.0651 -18.2874
      vertex -1.02255 -9.52401 -19.1731
      vertex -0.925029 -9.05546 -18.295
    endloop
  endfacet
  facet normal 0.476992 -0.796327 0.371943
    outer loop
      vertex -0.947051 -9.0651 -18.2874
      vertex -1.04457 -9.53365 -19.1655
      vertex -1.02255 -9.52401 -19.1731
    endloop
  endfacet
  facet normal 0.47527 -0.797079 0.372536
    outer loop
      vertex -0.961754 -9.07153 -18.2824
      vertex -1.04457 -9.53365 -19.1655
      vertex -0.947051 -9.0651 -18.2874
    endloop
  endfacet
  facet normal 0.477034 -0.796294 0.37196
    outer loop
      vertex -0.961754 -9.07153 -18.2824
      vertex -1.05928 -9.54008 -19.1604
      vertex -1.04457 -9.53365 -19.1655
    endloop
  endfacet
  facet normal 0.479209 -0.795338 0.371208
    outer loop
      vertex -0.968819 -9.07462 -18.2799
      vertex -1.05928 -9.54008 -19.1604
      vertex -0.961754 -9.07153 -18.2824
    endloop
  endfacet
  facet normal 0.474584 -0.797382 0.372763
    outer loop
      vertex -0.968819 -9.07462 -18.2799
      vertex -1.06634 -9.54316 -19.158
      vertex -1.05928 -9.54008 -19.1604
    endloop
  endfacet
  facet normal 0.499067 -0.786337 0.364151
    outer loop
      vertex -1.00629 -9.09215 -18.2664
      vertex -1.06634 -9.54316 -19.158
      vertex -0.968819 -9.07462 -18.2799
    endloop
  endfacet
  facet normal 0.499233 -0.786256 0.364099
    outer loop
      vertex -1.00629 -9.09215 -18.2664
      vertex -1.10381 -9.5607 -19.1445
      vertex -1.06634 -9.54316 -19.158
    endloop
  endfacet
  facet normal -0.993116 0.103336 0.0551539
    outer loop
      vertex -0.994975 -8.93916 -18.3493
      vertex -1.10381 -9.5607 -19.1445
      vertex -1.00629 -9.09215 -18.2664
    endloop
  endfacet
  facet normal -0.993118 0.103309 0.0551755
    outer loop
      vertex -0.994975 -8.93916 -18.3493
      vertex -1.0925 -9.4077 -19.2274
      vertex -1.10381 -9.5607 -19.1445
    endloop
  endfacet
  facet normal -0.993222 0.101887 0.0559387
    outer loop
      vertex -1.00343 -9.17406 -18.223
      vertex -1.10205 -9.65789 -19.0928
      vertex -1.00453 -9.18934 -18.2147
    endloop
  endfacet
  facet normal -0.993222 0.101887 0.0559387
    outer loop
      vertex -1.00343 -9.17406 -18.223
      vertex -1.10095 -9.64261 -19.1011
      vertex -1.10205 -9.65789 -19.0928
    endloop
  endfacet
  facet normal -0.99302 0.104619 0.0544587
    outer loop
      vertex -0.997862 -9.10044 -18.2629
      vertex -1.10095 -9.64261 -19.1011
      vertex -1.00343 -9.17406 -18.223
    endloop
  endfacet
  facet normal -0.99302 0.104628 0.0544525
    outer loop
      vertex -0.997862 -9.10044 -18.2629
      vertex -1.09538 -9.56898 -19.141
      vertex -1.10095 -9.64261 -19.1011
    endloop
  endfacet
  facet normal 0.524322 0.72571 -0.445456
    outer loop
      vertex 0.307978 -9.87817 -17.9929
      vertex -1.09538 -9.56898 -19.141
      vertex -0.997862 -9.10044 -18.2629
    endloop
  endfacet
  facet normal 0.524319 0.725715 -0.445452
    outer loop
      vertex 0.307978 -9.87817 -17.9929
      vertex 0.210456 -10.3467 -18.871
      vertex -1.09538 -9.56898 -19.141
    endloop
  endfacet
  facet normal 0.524551 0.725576 -0.445404
    outer loop
      vertex 0.414563 -9.94172 -17.9709
      vertex 0.210456 -10.3467 -18.871
      vertex 0.307978 -9.87817 -17.9929
    endloop
  endfacet
  facet normal 0.525085 0.725215 -0.445363
    outer loop
      vertex 0.414563 -9.94172 -17.9709
      vertex 0.317041 -10.4103 -18.8489
      vertex 0.210456 -10.3467 -18.871
    endloop
  endfacet
  facet normal 0.524703 0.725444 -0.445442
    outer loop
      vertex 0.518869 -10.0039 -17.9493
      vertex 0.317041 -10.4103 -18.8489
      vertex 0.414563 -9.94172 -17.9709
    endloop
  endfacet
  facet normal 0.524801 0.725377 -0.445434
    outer loop
      vertex 0.518869 -10.0039 -17.9493
      vertex 0.421347 -10.4725 -18.8273
      vertex 0.317041 -10.4103 -18.8489
    endloop
  endfacet
  facet normal 0.525267 0.725099 -0.445338
    outer loop
      vertex 0.620551 -10.0646 -17.9282
      vertex 0.421347 -10.4725 -18.8273
      vertex 0.518869 -10.0039 -17.9493
    endloop
  endfacet
  facet normal 0.525267 0.725099 -0.445338
    outer loop
      vertex 0.620551 -10.0646 -17.9282
      vertex 0.523029 -10.5332 -18.8062
      vertex 0.421347 -10.4725 -18.8273
    endloop
  endfacet
  facet normal 0.525691 0.724846 -0.44525
    outer loop
      vertex 0.719266 -10.1236 -17.9077
      vertex 0.523029 -10.5332 -18.8062
      vertex 0.620551 -10.0646 -17.9282
    endloop
  endfacet
  facet normal 0.525173 0.725194 -0.445295
    outer loop
      vertex 0.719266 -10.1236 -17.9077
      vertex 0.621744 -10.5921 -18.7857
      vertex 0.523029 -10.5332 -18.8062
    endloop
  endfacet
  facet normal 0.525871 0.724776 -0.44515
    outer loop
      vertex 0.814671 -10.1806 -17.8878
      vertex 0.621744 -10.5921 -18.7857
      vertex 0.719266 -10.1236 -17.9077
    endloop
  endfacet
  facet normal 0.525542 0.724996 -0.44518
    outer loop
      vertex 0.814671 -10.1806 -17.8878
      vertex 0.717149 -10.6491 -18.7659
      vertex 0.621744 -10.5921 -18.7857
    endloop
  endfacet
  facet normal 0.526221 0.724591 -0.445039
    outer loop
      vertex 0.90642 -10.2355 -17.8687
      vertex 0.717149 -10.6491 -18.7659
      vertex 0.814671 -10.1806 -17.8878
    endloop
  endfacet
  facet normal 0.526221 0.724591 -0.445039
    outer loop
      vertex 0.90642 -10.2355 -17.8687
      vertex 0.808898 -10.704 -18.7468
      vertex 0.717149 -10.6491 -18.7659
    endloop
  endfacet
  facet normal 0.525931 0.724764 -0.4451
    outer loop
      vertex 0.994171 -10.288 -17.8505
      vertex 0.808898 -10.704 -18.7468
      vertex 0.90642 -10.2355 -17.8687
    endloop
  endfacet
  facet normal 0.526288 0.724527 -0.445063
    outer loop
      vertex 0.994171 -10.288 -17.8505
      vertex 0.896649 -10.7565 -18.7285
      vertex 0.808898 -10.704 -18.7468
    endloop
  endfacet
  facet normal 0.526915 0.724152 -0.444933
    outer loop
      vertex 1.07758 -10.338 -17.8331
      vertex 0.896649 -10.7565 -18.7285
      vertex 0.994171 -10.288 -17.8505
    endloop
  endfacet
  facet normal 0.526915 0.724152 -0.444933
    outer loop
      vertex 1.07758 -10.338 -17.8331
      vertex 0.980058 -10.8065 -18.7111
      vertex 0.896649 -10.7565 -18.7285
    endloop
  endfacet
  facet normal 0.527301 0.72392 -0.444852
    outer loop
      vertex 1.1563 -10.3852 -17.8166
      vertex 0.980058 -10.8065 -18.7111
      vertex 1.07758 -10.338 -17.8331
    endloop
  endfacet
  facet normal 0.526893 0.724189 -0.444898
    outer loop
      vertex 1.1563 -10.3852 -17.8166
      vertex 1.05878 -10.8537 -18.6947
      vertex 0.980058 -10.8065 -18.7111
    endloop
  endfacet
  facet normal 0.527169 0.724023 -0.44484
    outer loop
      vertex 1.23 -10.4294 -17.8012
      vertex 1.05878 -10.8537 -18.6947
      vertex 1.1563 -10.3852 -17.8166
    endloop
  endfacet
  facet normal 0.528337 0.723257 -0.444701
    outer loop
      vertex 1.23 -10.4294 -17.8012
      vertex 1.13247 -10.898 -18.6792
      vertex 1.05878 -10.8537 -18.6947
    endloop
  endfacet
  facet normal 0.528224 0.723326 -0.444724
    outer loop
      vertex 1.29832 -10.4705 -17.7869
      vertex 1.13247 -10.898 -18.6792
      vertex 1.23 -10.4294 -17.8012
    endloop
  endfacet
  facet normal 0.527477 0.723812 -0.444819
    outer loop
      vertex 1.29832 -10.4705 -17.7869
      vertex 1.20079 -10.939 -18.6649
      vertex 1.13247 -10.898 -18.6792
    endloop
  endfacet
  facet normal 0.529059 0.722861 -0.444487
    outer loop
      vertex 1.36092 -10.5082 -17.7737
      vertex 1.20079 -10.939 -18.6649
      vertex 1.29832 -10.4705 -17.7869
    endloop
  endfacet
  facet normal 0.528999 0.7229 -0.444495
    outer loop
      vertex 1.36092 -10.5082 -17.7737
      vertex 1.2634 -10.9767 -18.6517
      vertex 1.20079 -10.939 -18.6649
    endloop
  endfacet
  facet normal 0.529386 0.722667 -0.444414
    outer loop
      vertex 1.41746 -10.5423 -17.7618
      vertex 1.2634 -10.9767 -18.6517
      vertex 1.36092 -10.5082 -17.7737
    endloop
  endfacet
  facet normal 0.530285 0.722086 -0.444286
    outer loop
      vertex 1.41746 -10.5423 -17.7618
      vertex 1.31994 -11.0109 -18.6398
      vertex 1.2634 -10.9767 -18.6517
    endloop
  endfacet
  facet normal 0.532009 0.721042 -0.44392
    outer loop
      vertex 1.46759 -10.5727 -17.7511
      vertex 1.31994 -11.0109 -18.6398
      vertex 1.41746 -10.5423 -17.7618
    endloop
  endfacet
  facet normal 0.530373 0.722094 -0.444167
    outer loop
      vertex 1.46759 -10.5727 -17.7511
      vertex 1.37007 -11.0412 -18.6292
      vertex 1.31994 -11.0109 -18.6398
    endloop
  endfacet
  facet normal 0.531426 0.721457 -0.443944
    outer loop
      vertex 1.51098 -10.599 -17.7419
      vertex 1.37007 -11.0412 -18.6292
      vertex 1.46759 -10.5727 -17.7511
    endloop
  endfacet
  facet normal 0.532146 0.720997 -0.443829
    outer loop
      vertex 1.51098 -10.599 -17.7419
      vertex 1.41346 -11.0675 -18.6199
      vertex 1.37007 -11.0412 -18.6292
    endloop
  endfacet
  facet normal 0.533683 0.720062 -0.443501
    outer loop
      vertex 1.54728 -10.6211 -17.7341
      vertex 1.41346 -11.0675 -18.6199
      vertex 1.51098 -10.599 -17.7419
    endloop
  endfacet
  facet normal 0.534217 0.719722 -0.44341
    outer loop
      vertex 1.54728 -10.6211 -17.7341
      vertex 1.44976 -11.0897 -18.6122
      vertex 1.41346 -11.0675 -18.6199
    endloop
  endfacet
  facet normal 0.537688 0.717595 -0.442661
    outer loop
      vertex 1.57614 -10.6389 -17.7279
      vertex 1.44976 -11.0897 -18.6122
      vertex 1.54728 -10.6211 -17.7341
    endloop
  endfacet
  facet normal 0.537152 0.717936 -0.442758
    outer loop
      vertex 1.57614 -10.6389 -17.7279
      vertex 1.47861 -11.1074 -18.6059
      vertex 1.44976 -11.0897 -18.6122
    endloop
  endfacet
  facet normal 0.54254 0.714604 -0.441579
    outer loop
      vertex 1.59722 -10.652 -17.7232
      vertex 1.47861 -11.1074 -18.6059
      vertex 1.57614 -10.6389 -17.7279
    endloop
  endfacet
  facet normal 0.544886 0.713101 -0.441119
    outer loop
      vertex 1.59722 -10.652 -17.7232
      vertex 1.49969 -11.1206 -18.6012
      vertex 1.47861 -11.1074 -18.6059
    endloop
  endfacet
  facet normal 0.558432 0.704479 -0.438021
    outer loop
      vertex 1.61017 -10.6604 -17.7202
      vertex 1.49969 -11.1206 -18.6012
      vertex 1.59722 -10.652 -17.7232
    endloop
  endfacet
  facet normal 0.554438 0.707092 -0.438885
    outer loop
      vertex 1.61017 -10.6604 -17.7202
      vertex 1.51265 -11.1289 -18.5982
      vertex 1.49969 -11.1206 -18.6012
    endloop
  endfacet
  facet normal 0.612858 0.666864 -0.423908
    outer loop
      vertex 1.61466 -10.6637 -17.7189
      vertex 1.51265 -11.1289 -18.5982
      vertex 1.61017 -10.6604 -17.7202
    endloop
  endfacet
  facet normal 0.607013 0.671175 -0.425511
    outer loop
      vertex 1.61466 -10.6637 -17.7189
      vertex 1.51714 -11.1322 -18.597
      vertex 1.51265 -11.1289 -18.5982
    endloop
  endfacet
  facet normal 0.923608 -0.371252 0.0955032
    outer loop
      vertex 1.6135 -10.6662 -17.7174
      vertex 1.51714 -11.1322 -18.597
      vertex 1.61466 -10.6637 -17.7189
    endloop
  endfacet
  facet normal 0.923608 -0.371252 0.0955032
    outer loop
      vertex 1.6135 -10.6662 -17.7174
      vertex 1.51598 -11.1347 -18.5955
      vertex 1.51714 -11.1322 -18.597
    endloop
  endfacet
  facet normal 0.878691 -0.454814 0.145075
    outer loop
      vertex 1.6098 -10.6722 -17.7138
      vertex 1.51598 -11.1347 -18.5955
      vertex 1.6135 -10.6662 -17.7174
    endloop
  endfacet
  facet normal 0.878691 -0.454814 0.145075
    outer loop
      vertex 1.6098 -10.6722 -17.7138
      vertex 1.51228 -11.1407 -18.5919
      vertex 1.51598 -11.1347 -18.5955
    endloop
  endfacet
  facet normal 0.865454 -0.475551 0.157609
    outer loop
      vertex 1.60367 -10.6815 -17.7082
      vertex 1.51228 -11.1407 -18.5919
      vertex 1.6098 -10.6722 -17.7138
    endloop
  endfacet
  facet normal 0.866074 -0.474605 0.157054
    outer loop
      vertex 1.60367 -10.6815 -17.7082
      vertex 1.50615 -11.15 -18.5862
      vertex 1.51228 -11.1407 -18.5919
    endloop
  endfacet
  facet normal 0.859932 -0.483802 0.162643
    outer loop
      vertex 1.5952 -10.694 -17.7006
      vertex 1.50615 -11.15 -18.5862
      vertex 1.60367 -10.6815 -17.7082
    endloop
  endfacet
  facet normal 0.86136 -0.481672 0.161403
    outer loop
      vertex 1.5952 -10.694 -17.7006
      vertex 1.49768 -11.1626 -18.5786
      vertex 1.50615 -11.15 -18.5862
    endloop
  endfacet
  facet normal 0.857554 -0.487275 0.164816
    outer loop
      vertex 1.58451 -10.7096 -17.6911
      vertex 1.49768 -11.1626 -18.5786
      vertex 1.5952 -10.694 -17.7006
    endloop
  endfacet
  facet normal 0.85638 -0.489 0.165811
    outer loop
      vertex 1.58451 -10.7096 -17.6911
      vertex 1.48699 -11.1781 -18.5691
      vertex 1.49768 -11.1626 -18.5786
    endloop
  endfacet
  facet normal 0.855197 -0.490711 0.166856
    outer loop
      vertex 1.57169 -10.7281 -17.6798
      vertex 1.48699 -11.1781 -18.5691
      vertex 1.58451 -10.7096 -17.6911
    endloop
  endfacet
  facet normal 0.855197 -0.490711 0.166856
    outer loop
      vertex 1.57169 -10.7281 -17.6798
      vertex 1.47417 -11.1966 -18.5578
      vertex 1.48699 -11.1781 -18.5691
    endloop
  endfacet
  facet normal 0.853099 -0.493724 0.168696
    outer loop
      vertex 1.55685 -10.7493 -17.6668
      vertex 1.47417 -11.1966 -18.5578
      vertex 1.57169 -10.7281 -17.6798
    endloop
  endfacet
  facet normal 0.853823 -0.492674 0.168102
    outer loop
      vertex 1.55685 -10.7493 -17.6668
      vertex 1.45932 -11.2179 -18.5448
      vertex 1.47417 -11.1966 -18.5578
    endloop
  endfacet
  facet normal 0.852419 -0.494681 0.169329
    outer loop
      vertex 1.54008 -10.7732 -17.6522
      vertex 1.45932 -11.2179 -18.5448
      vertex 1.55685 -10.7493 -17.6668
    endloop
  endfacet
  facet normal 0.851769 -0.49562 0.169856
    outer loop
      vertex 1.54008 -10.7732 -17.6522
      vertex 1.44256 -11.2417 -18.5302
      vertex 1.45932 -11.2179 -18.5448
    endloop
  endfacet
  facet normal 0.85084 -0.496937 0.170662
    outer loop
      vertex 1.52149 -10.7995 -17.6361
      vertex 1.44256 -11.2417 -18.5302
      vertex 1.54008 -10.7732 -17.6522
    endloop
  endfacet
  facet normal 0.85084 -0.496937 0.170662
    outer loop
      vertex 1.52149 -10.7995 -17.6361
      vertex 1.42397 -11.268 -18.5141
      vertex 1.44256 -11.2417 -18.5302
    endloop
  endfacet
  facet normal 0.850645 -0.497212 0.17083
    outer loop
      vertex 1.50118 -10.8282 -17.6185
      vertex 1.42397 -11.268 -18.5141
      vertex 1.52149 -10.7995 -17.6361
    endloop
  endfacet
  facet normal 0.850419 -0.497538 0.17101
    outer loop
      vertex 1.50118 -10.8282 -17.6185
      vertex 1.40366 -11.2967 -18.4966
      vertex 1.42397 -11.268 -18.5141
    endloop
  endfacet
  facet normal 0.849378 -0.499004 0.171907
    outer loop
      vertex 1.47926 -10.859 -17.5996
      vertex 1.40366 -11.2967 -18.4966
      vertex 1.50118 -10.8282 -17.6185
    endloop
  endfacet
  facet normal 0.849994 -0.498121 0.171425
    outer loop
      vertex 1.47926 -10.859 -17.5996
      vertex 1.38174 -11.3276 -18.4777
      vertex 1.40366 -11.2967 -18.4966
    endloop
  endfacet
  facet normal 0.849729 -0.498493 0.171653
    outer loop
      vertex 1.45582 -10.892 -17.5794
      vertex 1.38174 -11.3276 -18.4777
      vertex 1.47926 -10.859 -17.5996
    endloop
  endfacet
  facet normal 0.849152 -0.499321 0.172102
    outer loop
      vertex 1.45582 -10.892 -17.5794
      vertex 1.3583 -11.3605 -18.4575
      vertex 1.38174 -11.3276 -18.4777
    endloop
  endfacet
  facet normal 0.848507 -0.500225 0.172656
    outer loop
      vertex 1.43097 -10.9268 -17.5581
      vertex 1.3583 -11.3605 -18.4575
      vertex 1.45582 -10.892 -17.5794
    endloop
  endfacet
  facet normal 0.848697 -0.499954 0.17251
    outer loop
      vertex 1.43097 -10.9268 -17.5581
      vertex 1.33345 -11.3953 -18.4361
      vertex 1.3583 -11.3605 -18.4575
    endloop
  endfacet
  facet normal 0.848289 -0.500525 0.172859
    outer loop
      vertex 1.40481 -10.9634 -17.5357
      vertex 1.33345 -11.3953 -18.4361
      vertex 1.43097 -10.9268 -17.5581
    endloop
  endfacet
  facet normal 0.848289 -0.500525 0.172859
    outer loop
      vertex 1.40481 -10.9634 -17.5357
      vertex 1.30729 -11.4319 -18.4137
      vertex 1.33345 -11.3953 -18.4361
    endloop
  endfacet
  facet normal 0.848022 -0.500898 0.173088
    outer loop
      vertex 1.37745 -11.0016 -17.5122
      vertex 1.30729 -11.4319 -18.4137
      vertex 1.40481 -10.9634 -17.5357
    endloop
  endfacet
  facet normal 0.847849 -0.501146 0.17322
    outer loop
      vertex 1.37745 -11.0016 -17.5122
      vertex 1.27993 -11.4701 -18.3903
      vertex 1.30729 -11.4319 -18.4137
    endloop
  endfacet
  facet normal 0.847529 -0.501593 0.173494
    outer loop
      vertex 1.34898 -11.0413 -17.4879
      vertex 1.27993 -11.4701 -18.3903
      vertex 1.37745 -11.0016 -17.5122
    endloop
  endfacet
  facet normal 0.847614 -0.50147 0.173429
    outer loop
      vertex 1.34898 -11.0413 -17.4879
      vertex 1.25145 -11.5098 -18.3659
      vertex 1.27993 -11.4701 -18.3903
    endloop
  endfacet
  facet normal 0.847087 -0.502204 0.17388
    outer loop
      vertex 1.3195 -11.0823 -17.4627
      vertex 1.25145 -11.5098 -18.3659
      vertex 1.34898 -11.0413 -17.4879
    endloop
  endfacet
  facet normal 0.847004 -0.502323 0.173942
    outer loop
      vertex 1.3195 -11.0823 -17.4627
      vertex 1.22198 -11.5508 -18.3408
      vertex 1.25145 -11.5098 -18.3659
    endloop
  endfacet
  facet normal 0.846821 -0.502578 0.174098
    outer loop
      vertex 1.28913 -11.1245 -17.4368
      vertex 1.22198 -11.5508 -18.3408
      vertex 1.3195 -11.0823 -17.4627
    endloop
  endfacet
  facet normal 0.847277 -0.501926 0.173757
    outer loop
      vertex 1.28913 -11.1245 -17.4368
      vertex 1.19161 -11.5931 -18.3149
      vertex 1.22198 -11.5508 -18.3408
    endloop
  endfacet
  facet normal 0.846574 -0.502904 0.174357
    outer loop
      vertex 1.25795 -11.1678 -17.4103
      vertex 1.19161 -11.5931 -18.3149
      vertex 1.28913 -11.1245 -17.4368
    endloop
  endfacet
  facet normal 0.846282 -0.50332 0.174574
    outer loop
      vertex 1.25795 -11.1678 -17.4103
      vertex 1.16043 -11.6363 -18.2883
      vertex 1.19161 -11.5931 -18.3149
    endloop
  endfacet
  facet normal 0.846339 -0.50324 0.174525
    outer loop
      vertex 1.22608 -11.212 -17.3832
      vertex 1.16043 -11.6363 -18.2883
      vertex 1.25795 -11.1678 -17.4103
    endloop
  endfacet
  facet normal 0.846339 -0.50324 0.174525
    outer loop
      vertex 1.22608 -11.212 -17.3832
      vertex 1.12856 -11.6805 -18.2612
      vertex 1.16043 -11.6363 -18.2883
    endloop
  endfacet
  facet normal 0.84408 -0.506357 0.176439
    outer loop
      vertex 1.19402 -11.256 -17.3561
      vertex 1.12856 -11.6805 -18.2612
      vertex 1.22608 -11.212 -17.3832
    endloop
  endfacet
  facet normal 0.84408 -0.506357 0.176439
    outer loop
      vertex 1.19402 -11.256 -17.3561
      vertex 1.0965 -11.7245 -18.2341
      vertex 1.12856 -11.6805 -18.2612
    endloop
  endfacet
  facet normal 0.844339 -0.506002 0.176221
    outer loop
      vertex 1.1626 -11.2992 -17.3296
      vertex 1.0965 -11.7245 -18.2341
      vertex 1.19402 -11.256 -17.3561
    endloop
  endfacet
  facet normal 0.844264 -0.506108 0.176276
    outer loop
      vertex 1.1626 -11.2992 -17.3296
      vertex 1.06507 -11.7677 -18.2076
      vertex 1.0965 -11.7245 -18.2341
    endloop
  endfacet
  facet normal 0.844539 -0.505729 0.176044
    outer loop
      vertex 1.13191 -11.3414 -17.3036
      vertex 1.06507 -11.7677 -18.2076
      vertex 1.1626 -11.2992 -17.3296
    endloop
  endfacet
  facet normal 0.844456 -0.505847 0.176106
    outer loop
      vertex 1.13191 -11.3414 -17.3036
      vertex 1.03439 -11.8099 -18.1817
      vertex 1.06507 -11.7677 -18.2076
    endloop
  endfacet
  facet normal 0.844182 -0.506223 0.176336
    outer loop
      vertex 1.10206 -11.3824 -17.2784
      vertex 1.03439 -11.8099 -18.1817
      vertex 1.13191 -11.3414 -17.3036
    endloop
  endfacet
  facet normal 0.844657 -0.505553 0.175984
    outer loop
      vertex 1.10206 -11.3824 -17.2784
      vertex 1.00454 -11.851 -18.1565
      vertex 1.03439 -11.8099 -18.1817
    endloop
  endfacet
  facet normal 0.844781 -0.505383 0.175879
    outer loop
      vertex 1.07317 -11.4222 -17.254
      vertex 1.00454 -11.851 -18.1565
      vertex 1.10206 -11.3824 -17.2784
    endloop
  endfacet
  facet normal 0.844241 -0.506144 0.176282
    outer loop
      vertex 1.07317 -11.4222 -17.254
      vertex 0.975644 -11.8907 -18.1321
      vertex 1.00454 -11.851 -18.1565
    endloop
  endfacet
  facet normal 0.844483 -0.505812 0.176078
    outer loop
      vertex 1.04533 -11.4605 -17.2305
      vertex 0.975644 -11.8907 -18.1321
      vertex 1.07317 -11.4222 -17.254
    endloop
  endfacet
  facet normal 0.844651 -0.505574 0.175951
    outer loop
      vertex 1.04533 -11.4605 -17.2305
      vertex 0.947803 -11.929 -18.1085
      vertex 0.975644 -11.8907 -18.1321
    endloop
  endfacet
  facet normal 0.844607 -0.505635 0.175988
    outer loop
      vertex 1.01865 -11.4972 -17.2079
      vertex 0.947803 -11.929 -18.1085
      vertex 1.04533 -11.4605 -17.2305
    endloop
  endfacet
  facet normal 0.844423 -0.505895 0.176128
    outer loop
      vertex 1.01865 -11.4972 -17.2079
      vertex 0.921123 -11.9657 -18.086
      vertex 0.947803 -11.929 -18.1085
    endloop
  endfacet
  facet normal 0.844735 -0.505465 0.175863
    outer loop
      vertex 0.993231 -11.5322 -17.1864
      vertex 0.921123 -11.9657 -18.086
      vertex 1.01865 -11.4972 -17.2079
    endloop
  endfacet
  facet normal 0.844782 -0.505399 0.175828
    outer loop
      vertex 0.993231 -11.5322 -17.1864
      vertex 0.895709 -12.0007 -18.0645
      vertex 0.921123 -11.9657 -18.086
    endloop
  endfacet
  facet normal 0.844641 -0.505593 0.175947
    outer loop
      vertex 0.969189 -11.5653 -17.1661
      vertex 0.895709 -12.0007 -18.0645
      vertex 0.993231 -11.5322 -17.1864
    endloop
  endfacet
  facet normal 0.844845 -0.505306 0.175791
    outer loop
      vertex 0.969189 -11.5653 -17.1661
      vertex 0.871667 -12.0338 -18.0441
      vertex 0.895709 -12.0007 -18.0645
    endloop
  endfacet
  facet normal 0.844952 -0.505159 0.175701
    outer loop
      vertex 0.946624 -11.5964 -17.147
      vertex 0.871667 -12.0338 -18.0441
      vertex 0.969189 -11.5653 -17.1661
    endloop
  endfacet
  facet normal 0.844952 -0.505159 0.175701
    outer loop
      vertex 0.946624 -11.5964 -17.147
      vertex 0.849102 -12.0649 -18.025
      vertex 0.871667 -12.0338 -18.0441
    endloop
  endfacet
  facet normal 0.844912 -0.505214 0.175735
    outer loop
      vertex 0.925641 -11.6253 -17.1292
      vertex 0.849102 -12.0649 -18.025
      vertex 0.946624 -11.5964 -17.147
    endloop
  endfacet
  facet normal 0.845348 -0.504601 0.175397
    outer loop
      vertex 0.925641 -11.6253 -17.1292
      vertex 0.828119 -12.0939 -18.0073
      vertex 0.849102 -12.0649 -18.025
    endloop
  endfacet
  facet normal 0.844936 -0.50517 0.175746
    outer loop
      vertex 0.906347 -11.6519 -17.1129
      vertex 0.828119 -12.0939 -18.0073
      vertex 0.925641 -11.6253 -17.1292
    endloop
  endfacet
  facet normal 0.845189 -0.504815 0.175549
    outer loop
      vertex 0.906347 -11.6519 -17.1129
      vertex 0.808825 -12.1205 -17.9909
      vertex 0.828119 -12.0939 -18.0073
    endloop
  endfacet
  facet normal 0.84584 -0.503916 0.174996
    outer loop
      vertex 0.888847 -11.6761 -17.098
      vertex 0.808825 -12.1205 -17.9909
      vertex 0.906347 -11.6519 -17.1129
    endloop
  endfacet
  facet normal 0.844761 -0.505428 0.175846
    outer loop
      vertex 0.888847 -11.6761 -17.098
      vertex 0.791325 -12.1446 -17.9761
      vertex 0.808825 -12.1205 -17.9909
    endloop
  endfacet
  facet normal 0.844916 -0.505214 0.175715
    outer loop
      vertex 0.873246 -11.6976 -17.0848
      vertex 0.791325 -12.1446 -17.9761
      vertex 0.888847 -11.6761 -17.098
    endloop
  endfacet
  facet normal 0.846123 -0.503524 0.174756
    outer loop
      vertex 0.873246 -11.6976 -17.0848
      vertex 0.775724 -12.1662 -17.9628
      vertex 0.791325 -12.1446 -17.9761
    endloop
  endfacet
  facet normal 0.845557 -0.504307 0.175237
    outer loop
      vertex 0.85965 -11.7164 -17.0733
      vertex 0.775724 -12.1662 -17.9628
      vertex 0.873246 -11.6976 -17.0848
    endloop
  endfacet
  facet normal 0.845557 -0.504307 0.175237
    outer loop
      vertex 0.85965 -11.7164 -17.0733
      vertex 0.762128 -12.185 -17.9513
      vertex 0.775724 -12.1662 -17.9628
    endloop
  endfacet
  facet normal 0.847342 -0.501831 0.173717
    outer loop
      vertex 0.848165 -11.7324 -17.0635
      vertex 0.762128 -12.185 -17.9513
      vertex 0.85965 -11.7164 -17.0733
    endloop
  endfacet
  facet normal 0.84614 -0.503517 0.174693
    outer loop
      vertex 0.848165 -11.7324 -17.0635
      vertex 0.750643 -12.2009 -17.9415
      vertex 0.762128 -12.185 -17.9513
    endloop
  endfacet
  facet normal 0.845612 -0.504247 0.175141
    outer loop
      vertex 0.838896 -11.7452 -17.0556
      vertex 0.750643 -12.2009 -17.9415
      vertex 0.848165 -11.7324 -17.0635
    endloop
  endfacet
  facet normal 0.847105 -0.50216 0.173919
    outer loop
      vertex 0.838896 -11.7452 -17.0556
      vertex 0.741374 -12.2138 -17.9336
      vertex 0.750643 -12.2009 -17.9415
    endloop
  endfacet
  facet normal 0.848229 -0.500593 0.172958
    outer loop
      vertex 0.831948 -11.7549 -17.0496
      vertex 0.741374 -12.2138 -17.9336
      vertex 0.838896 -11.7452 -17.0556
    endloop
  endfacet
  facet normal 0.84755 -0.501546 0.173522
    outer loop
      vertex 0.831948 -11.7549 -17.0496
      vertex 0.734426 -12.2235 -17.9277
      vertex 0.741374 -12.2138 -17.9336
    endloop
  endfacet
  facet normal 0.850853 -0.496907 0.17068
    outer loop
      vertex 0.827428 -11.7613 -17.0457
      vertex 0.734426 -12.2235 -17.9277
      vertex 0.831948 -11.7549 -17.0496
    endloop
  endfacet
  facet normal 0.847879 -0.501105 0.173193
    outer loop
      vertex 0.827428 -11.7613 -17.0457
      vertex 0.729906 -12.2298 -17.9238
      vertex 0.734426 -12.2235 -17.9277
    endloop
  endfacet
  facet normal 0.856053 -0.48948 0.166083
    outer loop
      vertex 0.82544 -11.7642 -17.044
      vertex 0.729906 -12.2298 -17.9238
      vertex 0.827428 -11.7613 -17.0457
    endloop
  endfacet
  facet normal 0.858181 -0.486375 0.164209
    outer loop
      vertex 0.82544 -11.7642 -17.044
      vertex 0.727918 -12.2327 -17.922
      vertex 0.729906 -12.2298 -17.9238
    endloop
  endfacet
  facet normal 0.75574 -0.608923 0.240978
    outer loop
      vertex 0.824025 -11.7656 -17.0431
      vertex 0.727918 -12.2327 -17.922
      vertex 0.82544 -11.7642 -17.044
    endloop
  endfacet
  facet normal 0.772998 -0.591345 0.229749
    outer loop
      vertex 0.824025 -11.7656 -17.0431
      vertex 0.726503 -12.2342 -17.9211
      vertex 0.727918 -12.2327 -17.922
    endloop
  endfacet
  facet normal 0.547327 -0.762077 0.345937
    outer loop
      vertex 0.822127 -11.7666 -17.0423
      vertex 0.726503 -12.2342 -17.9211
      vertex 0.824025 -11.7656 -17.0431
    endloop
  endfacet
  facet normal 0.547327 -0.762077 0.345937
    outer loop
      vertex 0.822127 -11.7666 -17.0423
      vertex 0.724605 -12.2352 -17.9203
      vertex 0.726503 -12.2342 -17.9211
    endloop
  endfacet
  facet normal 0.312992 -0.851892 0.419901
    outer loop
      vertex 0.819689 -11.7672 -17.0417
      vertex 0.724605 -12.2352 -17.9203
      vertex 0.822127 -11.7666 -17.0423
    endloop
  endfacet
  facet normal 0.297444 -0.855634 0.423577
    outer loop
      vertex 0.819689 -11.7672 -17.0417
      vertex 0.722167 -12.2358 -17.9198
      vertex 0.724605 -12.2352 -17.9203
    endloop
  endfacet
  facet normal 0.0898889 -0.882777 0.461113
    outer loop
      vertex 0.816655 -11.7673 -17.0413
      vertex 0.722167 -12.2358 -17.9198
      vertex 0.819689 -11.7672 -17.0417
    endloop
  endfacet
  facet normal 0.0612449 -0.883431 0.464542
    outer loop
      vertex 0.816655 -11.7673 -17.0413
      vertex 0.719133 -12.2358 -17.9194
      vertex 0.722167 -12.2358 -17.9198
    endloop
  endfacet
  facet normal -0.0820868 -0.875485 0.476222
    outer loop
      vertex 0.812969 -11.7669 -17.0412
      vertex 0.719133 -12.2358 -17.9194
      vertex 0.816655 -11.7673 -17.0413
    endloop
  endfacet
  facet normal -0.0693543 -0.876911 0.475622
    outer loop
      vertex 0.812969 -11.7669 -17.0412
      vertex 0.715447 -12.2354 -17.9192
      vertex 0.719133 -12.2358 -17.9194
    endloop
  endfacet
  facet normal -0.17615 -0.8602 0.478568
    outer loop
      vertex 0.808574 -11.766 -17.0412
      vertex 0.715447 -12.2354 -17.9192
      vertex 0.812969 -11.7669 -17.0412
    endloop
  endfacet
  facet normal -0.17615 -0.8602 0.478568
    outer loop
      vertex 0.808574 -11.766 -17.0412
      vertex 0.711052 -12.2345 -17.9192
      vertex 0.715447 -12.2354 -17.9192
    endloop
  endfacet
  facet normal -0.26236 -0.838945 0.476801
    outer loop
      vertex 0.803414 -11.7645 -17.0414
      vertex 0.711052 -12.2345 -17.9192
      vertex 0.808574 -11.766 -17.0412
    endloop
  endfacet
  facet normal -0.247266 -0.843143 0.477461
    outer loop
      vertex 0.803414 -11.7645 -17.0414
      vertex 0.705892 -12.2331 -17.9194
      vertex 0.711052 -12.2345 -17.9192
    endloop
  endfacet
  facet normal -0.307548 -0.824844 0.47439
    outer loop
      vertex 0.797433 -11.7625 -17.0418
      vertex 0.705892 -12.2331 -17.9194
      vertex 0.803414 -11.7645 -17.0414
    endloop
  endfacet
  facet normal -0.307548 -0.824844 0.47439
    outer loop
      vertex 0.797433 -11.7625 -17.0418
      vertex 0.699911 -12.2311 -17.9198
      vertex 0.705892 -12.2331 -17.9194
    endloop
  endfacet
  facet normal -0.348381 -0.810323 0.471176
    outer loop
      vertex 0.790574 -11.7599 -17.0424
      vertex 0.699911 -12.2311 -17.9198
      vertex 0.797433 -11.7625 -17.0418
    endloop
  endfacet
  facet normal -0.348381 -0.810323 0.471176
    outer loop
      vertex 0.790574 -11.7599 -17.0424
      vertex 0.693052 -12.2285 -17.9204
      vertex 0.699911 -12.2311 -17.9198
    endloop
  endfacet
  facet normal -0.37632 -0.799351 0.468423
    outer loop
      vertex 0.782781 -11.7567 -17.0432
      vertex 0.693052 -12.2285 -17.9204
      vertex 0.790574 -11.7599 -17.0424
    endloop
  endfacet
  facet normal -0.381413 -0.797282 0.467831
    outer loop
      vertex 0.782781 -11.7567 -17.0432
      vertex 0.685259 -12.2253 -17.9213
      vertex 0.693052 -12.2285 -17.9204
    endloop
  endfacet
  facet normal -0.399881 -0.789443 0.465699
    outer loop
      vertex 0.773998 -11.7529 -17.0443
      vertex 0.685259 -12.2253 -17.9213
      vertex 0.782781 -11.7567 -17.0432
    endloop
  endfacet
  facet normal -0.39546 -0.791331 0.466269
    outer loop
      vertex 0.773998 -11.7529 -17.0443
      vertex 0.676476 -12.2215 -17.9223
      vertex 0.685259 -12.2253 -17.9213
    endloop
  endfacet
  facet normal -0.418794 -0.780981 0.463336
    outer loop
      vertex 0.764168 -11.7484 -17.0456
      vertex 0.676476 -12.2215 -17.9223
      vertex 0.773998 -11.7529 -17.0443
    endloop
  endfacet
  facet normal -0.418794 -0.780981 0.463336
    outer loop
      vertex 0.764168 -11.7484 -17.0456
      vertex 0.666646 -12.217 -17.9236
      vertex 0.676476 -12.2215 -17.9223
    endloop
  endfacet
  facet normal -0.426157 -0.777581 0.46234
    outer loop
      vertex 0.753235 -11.7433 -17.0471
      vertex 0.666646 -12.217 -17.9236
      vertex 0.764168 -11.7484 -17.0456
    endloop
  endfacet
  facet normal -0.435278 -0.773342 0.46095
    outer loop
      vertex 0.753235 -11.7433 -17.0471
      vertex 0.655713 -12.2118 -17.9252
      vertex 0.666646 -12.217 -17.9236
    endloop
  endfacet
  facet normal -0.438695 -0.771704 0.460455
    outer loop
      vertex 0.741143 -11.7375 -17.0489
      vertex 0.655713 -12.2118 -17.9252
      vertex 0.753235 -11.7433 -17.0471
    endloop
  endfacet
  facet normal -0.435645 -0.773143 0.460937
    outer loop
      vertex 0.741143 -11.7375 -17.0489
      vertex 0.643621 -12.206 -17.9269
      vertex 0.655713 -12.2118 -17.9252
    endloop
  endfacet
  facet normal -0.449177 -0.766566 0.45893
    outer loop
      vertex 0.727836 -11.7309 -17.0509
      vertex 0.643621 -12.206 -17.9269
      vertex 0.741143 -11.7375 -17.0489
    endloop
  endfacet
  facet normal -0.444608 -0.768772 0.459688
    outer loop
      vertex 0.727836 -11.7309 -17.0509
      vertex 0.630314 -12.1995 -17.9289
      vertex 0.643621 -12.206 -17.9269
    endloop
  endfacet
  facet normal -0.454687 -0.763782 0.458144
    outer loop
      vertex 0.713256 -11.7236 -17.0532
      vertex 0.630314 -12.1995 -17.9289
      vertex 0.727836 -11.7309 -17.0509
    endloop
  endfacet
  facet normal -0.454687 -0.763782 0.458144
    outer loop
      vertex 0.713256 -11.7236 -17.0532
      vertex 0.615734 -12.1922 -17.9312
      vertex 0.630314 -12.1995 -17.9289
    endloop
  endfacet
  facet normal -0.455815 -0.763216 0.457967
    outer loop
      vertex 0.697349 -11.7156 -17.0557
      vertex 0.615734 -12.1922 -17.9312
      vertex 0.713256 -11.7236 -17.0532
    endloop
  endfacet
  facet normal -0.455815 -0.763216 0.457967
    outer loop
      vertex 0.697349 -11.7156 -17.0557
      vertex 0.599827 -12.1842 -17.9337
      vertex 0.615734 -12.1922 -17.9312
    endloop
  endfacet
  facet normal -0.461072 -0.760555 0.457131
    outer loop
      vertex 0.680057 -11.7068 -17.0585
      vertex 0.599827 -12.1842 -17.9337
      vertex 0.697349 -11.7156 -17.0557
    endloop
  endfacet
  facet normal -0.464469 -0.758856 0.456515
    outer loop
      vertex 0.680057 -11.7068 -17.0585
      vertex 0.582534 -12.1753 -17.9365
      vertex 0.599827 -12.1842 -17.9337
    endloop
  endfacet
  facet normal -0.462531 -0.75985 0.45683
    outer loop
      vertex 0.661323 -11.6972 -17.0615
      vertex 0.582534 -12.1753 -17.9365
      vertex 0.680057 -11.7068 -17.0585
    endloop
  endfacet
  facet normal -0.464445 -0.758892 0.456479
    outer loop
      vertex 0.661323 -11.6972 -17.0615
      vertex 0.563801 -12.1657 -17.9396
      vertex 0.582534 -12.1753 -17.9365
    endloop
  endfacet
  facet normal -0.467463 -0.757336 0.455984
    outer loop
      vertex 0.641093 -11.6867 -17.0648
      vertex 0.563801 -12.1657 -17.9396
      vertex 0.661323 -11.6972 -17.0615
    endloop
  endfacet
  facet normal -0.464558 -0.758795 0.456526
    outer loop
      vertex 0.641093 -11.6867 -17.0648
      vertex 0.543571 -12.1553 -17.9429
      vertex 0.563801 -12.1657 -17.9396
    endloop
  endfacet
  facet normal -0.463422 -0.759378 0.456711
    outer loop
      vertex 0.626438 -11.6792 -17.0672
      vertex 0.543571 -12.1553 -17.9429
      vertex 0.641093 -11.6867 -17.0648
    endloop
  endfacet
  facet normal -0.463422 -0.759378 0.456711
    outer loop
      vertex 0.626438 -11.6792 -17.0672
      vertex 0.528916 -12.1478 -17.9453
      vertex 0.543571 -12.1553 -17.9429
    endloop
  endfacet
  facet normal -0.467896 -0.757072 0.455978
    outer loop
      vertex 0.611381 -11.6714 -17.0697
      vertex 0.528916 -12.1478 -17.9453
      vertex 0.626438 -11.6792 -17.0672
    endloop
  endfacet
  facet normal -0.471768 -0.755094 0.455266
    outer loop
      vertex 0.611381 -11.6714 -17.0697
      vertex 0.513859 -12.1399 -17.9478
      vertex 0.528916 -12.1478 -17.9453
    endloop
  endfacet
  facet normal -0.476112 -0.752809 0.454529
    outer loop
      vertex 0.595996 -11.6633 -17.0724
      vertex 0.513859 -12.1399 -17.9478
      vertex 0.611381 -11.6714 -17.0697
    endloop
  endfacet
  facet normal -0.473846 -0.75398 0.454955
    outer loop
      vertex 0.595996 -11.6633 -17.0724
      vertex 0.498474 -12.1318 -17.9504
      vertex 0.513859 -12.1399 -17.9478
    endloop
  endfacet
  facet normal -0.481252 -0.750048 0.453679
    outer loop
      vertex 0.580359 -11.6549 -17.0751
      vertex 0.498474 -12.1318 -17.9504
      vertex 0.595996 -11.6633 -17.0724
    endloop
  endfacet
  facet normal -0.477592 -0.751961 0.454379
    outer loop
      vertex 0.580359 -11.6549 -17.0751
      vertex 0.482837 -12.1235 -17.9531
      vertex 0.498474 -12.1318 -17.9504
    endloop
  endfacet
  facet normal -0.480779 -0.750262 0.453826
    outer loop
      vertex 0.564546 -11.6464 -17.0778
      vertex 0.482837 -12.1235 -17.9531
      vertex 0.580359 -11.6549 -17.0751
    endloop
  endfacet
  facet normal -0.482958 -0.749116 0.453405
    outer loop
      vertex 0.564546 -11.6464 -17.0778
      vertex 0.467024 -12.115 -17.9559
      vertex 0.482837 -12.1235 -17.9531
    endloop
  endfacet
  facet normal -0.486327 -0.747296 0.452808
    outer loop
      vertex 0.548631 -11.6378 -17.0807
      vertex 0.467024 -12.115 -17.9559
      vertex 0.564546 -11.6464 -17.0778
    endloop
  endfacet
  facet normal -0.484173 -0.748438 0.45323
    outer loop
      vertex 0.548631 -11.6378 -17.0807
      vertex 0.451109 -12.1064 -17.9587
      vertex 0.467024 -12.115 -17.9559
    endloop
  endfacet
  facet normal -0.489228 -0.745693 0.452326
    outer loop
      vertex 0.532689 -11.6291 -17.0836
      vertex 0.451109 -12.1064 -17.9587
      vertex 0.548631 -11.6378 -17.0807
    endloop
  endfacet
  facet normal -0.492736 -0.743806 0.451624
    outer loop
      vertex 0.532689 -11.6291 -17.0836
      vertex 0.435167 -12.0976 -17.9616
      vertex 0.451109 -12.1064 -17.9587
    endloop
  endfacet
  facet normal -0.493847 -0.743192 0.45142
    outer loop
      vertex 0.516795 -11.6203 -17.0865
      vertex 0.435167 -12.0976 -17.9616
      vertex 0.532689 -11.6291 -17.0836
    endloop
  endfacet
  facet normal -0.490337 -0.745086 0.452125
    outer loop
      vertex 0.516795 -11.6203 -17.0865
      vertex 0.419273 -12.0889 -17.9645
      vertex 0.435167 -12.0976 -17.9616
    endloop
  endfacet
  facet normal -0.496754 -0.741541 0.450946
    outer loop
      vertex 0.501026 -11.6115 -17.0894
      vertex 0.419273 -12.0889 -17.9645
      vertex 0.516795 -11.6203 -17.0865
    endloop
  endfacet
  facet normal -0.498881 -0.740377 0.45051
    outer loop
      vertex 0.501026 -11.6115 -17.0894
      vertex 0.403504 -12.0801 -17.9675
      vertex 0.419273 -12.0889 -17.9645
    endloop
  endfacet
  facet normal -0.497936 -0.740905 0.450687
    outer loop
      vertex 0.485456 -11.6028 -17.0923
      vertex 0.403504 -12.0801 -17.9675
      vertex 0.501026 -11.6115 -17.0894
    endloop
  endfacet
  facet normal -0.497936 -0.740905 0.450687
    outer loop
      vertex 0.485456 -11.6028 -17.0923
      vertex 0.387934 -12.0714 -17.9704
      vertex 0.403504 -12.0801 -17.9675
    endloop
  endfacet
  facet normal -0.503127 -0.737989 0.449707
    outer loop
      vertex 0.47016 -11.5942 -17.0953
      vertex 0.387934 -12.0714 -17.9704
      vertex 0.485456 -11.6028 -17.0923
    endloop
  endfacet
  facet normal -0.504517 -0.737216 0.449416
    outer loop
      vertex 0.47016 -11.5942 -17.0953
      vertex 0.372638 -12.0627 -17.9733
      vertex 0.387934 -12.0714 -17.9704
    endloop
  endfacet
  facet normal -0.507333 -0.735612 0.448873
    outer loop
      vertex 0.455213 -11.5856 -17.0981
      vertex 0.372638 -12.0627 -17.9733
      vertex 0.47016 -11.5942 -17.0953
    endloop
  endfacet
  facet normal -0.505922 -0.736403 0.449171
    outer loop
      vertex 0.455213 -11.5856 -17.0981
      vertex 0.357691 -12.0542 -17.9762
      vertex 0.372638 -12.0627 -17.9733
    endloop
  endfacet
  facet normal -0.509363 -0.734435 0.448503
    outer loop
      vertex 0.440692 -11.5773 -17.101
      vertex 0.357691 -12.0542 -17.9762
      vertex 0.455213 -11.5856 -17.0981
    endloop
  endfacet
  facet normal -0.510803 -0.733622 0.448196
    outer loop
      vertex 0.440692 -11.5773 -17.101
      vertex 0.34317 -12.0458 -17.979
      vertex 0.357691 -12.0542 -17.9762
    endloop
  endfacet
  facet normal -0.51637 -0.730391 0.447091
    outer loop
      vertex 0.426669 -11.5691 -17.1038
      vertex 0.34317 -12.0458 -17.979
      vertex 0.440692 -11.5773 -17.101
    endloop
  endfacet
  facet normal -0.512577 -0.732558 0.447909
    outer loop
      vertex 0.426669 -11.5691 -17.1038
      vertex 0.329147 -12.0377 -17.9818
      vertex 0.34317 -12.0458 -17.979
    endloop
  endfacet
  facet normal -0.514235 -0.731597 0.44758
    outer loop
      vertex 0.413222 -11.5613 -17.1065
      vertex 0.329147 -12.0377 -17.9818
      vertex 0.426669 -11.5691 -17.1038
    endloop
  endfacet
  facet normal -0.518176 -0.729334 0.446727
    outer loop
      vertex 0.413222 -11.5613 -17.1065
      vertex 0.3157 -12.0298 -17.9845
      vertex 0.329147 -12.0377 -17.9818
    endloop
  endfacet
  facet normal -0.522323 -0.726888 0.445883
    outer loop
      vertex 0.400426 -11.5537 -17.1091
      vertex 0.3157 -12.0298 -17.9845
      vertex 0.413222 -11.5613 -17.1065
    endloop
  endfacet
  facet normal -0.522323 -0.726888 0.445883
    outer loop
      vertex 0.400426 -11.5537 -17.1091
      vertex 0.302904 -12.0222 -17.9871
      vertex 0.3157 -12.0298 -17.9845
    endloop
  endfacet
  facet normal -0.524862 -0.725379 0.44536
    outer loop
      vertex 0.388354 -11.5465 -17.1116
      vertex 0.302904 -12.0222 -17.9871
      vertex 0.400426 -11.5537 -17.1091
    endloop
  endfacet
  facet normal -0.527498 -0.723826 0.444773
    outer loop
      vertex 0.388354 -11.5465 -17.1116
      vertex 0.290832 -12.015 -17.9897
      vertex 0.302904 -12.0222 -17.9871
    endloop
  endfacet
  facet normal -0.534793 -0.719408 0.443226
    outer loop
      vertex 0.377083 -11.5396 -17.114
      vertex 0.290832 -12.015 -17.9897
      vertex 0.388354 -11.5465 -17.1116
    endloop
  endfacet
  facet normal -0.530266 -0.72212 0.444253
    outer loop
      vertex 0.377083 -11.5396 -17.114
      vertex 0.279561 -12.0082 -17.9921
      vertex 0.290832 -12.015 -17.9897
    endloop
  endfacet
  facet normal -0.539134 -0.716703 0.442347
    outer loop
      vertex 0.366688 -11.5332 -17.1163
      vertex 0.279561 -12.0082 -17.9921
      vertex 0.377083 -11.5396 -17.114
    endloop
  endfacet
  facet normal -0.536143 -0.71852 0.443034
    outer loop
      vertex 0.366688 -11.5332 -17.1163
      vertex 0.269166 -12.0018 -17.9943
      vertex 0.279561 -12.0082 -17.9921
    endloop
  endfacet
  facet normal -0.543985 -0.713667 0.441315
    outer loop
      vertex 0.357244 -11.5273 -17.1184
      vertex 0.269166 -12.0018 -17.9943
      vertex 0.366688 -11.5332 -17.1163
    endloop
  endfacet
  facet normal -0.549206 -0.710422 0.440083
    outer loop
      vertex 0.357244 -11.5273 -17.1184
      vertex 0.259722 -11.9958 -17.9964
      vertex 0.269166 -12.0018 -17.9943
    endloop
  endfacet
  facet normal -0.572289 -0.6954 0.434631
    outer loop
      vertex 0.251589 -11.4566 -17.1444
      vertex 0.259722 -11.9958 -17.9964
      vertex 0.357244 -11.5273 -17.1184
    endloop
  endfacet
  facet normal -0.572289 -0.6954 0.434631
    outer loop
      vertex 0.251589 -11.4566 -17.1444
      vertex 0.154067 -11.9251 -18.0224
      vertex 0.259722 -11.9958 -17.9964
    endloop
  endfacet
  facet normal -0.605902 -0.67196 0.425856
    outer loop
      vertex 0.14959 -11.3825 -17.1726
      vertex 0.154067 -11.9251 -18.0224
      vertex 0.251589 -11.4566 -17.1444
    endloop
  endfacet
  facet normal -0.605483 -0.672227 0.426029
    outer loop
      vertex 0.14959 -11.3825 -17.1726
      vertex 0.0520676 -11.8511 -18.0506
      vertex 0.154067 -11.9251 -18.0224
    endloop
  endfacet
  facet normal -0.63757 -0.647995 0.416661
    outer loop
      vertex 0.0513262 -11.3053 -17.2029
      vertex 0.0520676 -11.8511 -18.0506
      vertex 0.14959 -11.3825 -17.1726
    endloop
  endfacet
  facet normal -0.637572 -0.647994 0.41666
    outer loop
      vertex 0.0513262 -11.3053 -17.2029
      vertex -0.0461958 -11.7739 -18.0809
      vertex 0.0520676 -11.8511 -18.0506
    endloop
  endfacet
  facet normal -0.668496 -0.622722 0.406607
    outer loop
      vertex -0.0431216 -11.225 -17.2352
      vertex -0.0461958 -11.7739 -18.0809
      vertex 0.0513262 -11.3053 -17.2029
    endloop
  endfacet
  facet normal -0.668733 -0.622544 0.406492
    outer loop
      vertex -0.0431216 -11.225 -17.2352
      vertex -0.140644 -11.6936 -18.1133
      vertex -0.0461958 -11.7739 -18.0809
    endloop
  endfacet
  facet normal -0.698321 -0.596385 0.395818
    outer loop
      vertex -0.133675 -11.1418 -17.2696
      vertex -0.140644 -11.6936 -18.1133
      vertex -0.0431216 -11.225 -17.2352
    endloop
  endfacet
  facet normal -0.698436 -0.596291 0.395758
    outer loop
      vertex -0.133675 -11.1418 -17.2696
      vertex -0.231197 -11.6103 -18.1476
      vertex -0.140644 -11.6936 -18.1133
    endloop
  endfacet
  facet normal -0.727296 -0.568687 0.384234
    outer loop
      vertex -0.220254 -11.0556 -17.3059
      vertex -0.231197 -11.6103 -18.1476
      vertex -0.133675 -11.1418 -17.2696
    endloop
  endfacet
  facet normal -0.727196 -0.568777 0.384291
    outer loop
      vertex -0.220254 -11.0556 -17.3059
      vertex -0.317776 -11.5242 -18.184
      vertex -0.231197 -11.6103 -18.1476
    endloop
  endfacet
  facet normal -0.754446 -0.540579 0.37227
    outer loop
      vertex -0.30278 -10.9668 -17.3442
      vertex -0.317776 -11.5242 -18.184
      vertex -0.220254 -11.0556 -17.3059
    endloop
  endfacet
  facet normal -0.754533 -0.540495 0.372216
    outer loop
      vertex -0.30278 -10.9668 -17.3442
      vertex -0.400302 -11.4353 -18.2222
      vertex -0.317776 -11.5242 -18.184
    endloop
  endfacet
  facet normal -0.780634 -0.511241 0.359505
    outer loop
      vertex -0.381171 -10.8753 -17.3843
      vertex -0.400302 -11.4353 -18.2222
      vertex -0.30278 -10.9668 -17.3442
    endloop
  endfacet
  facet normal -0.78038 -0.511507 0.359677
    outer loop
      vertex -0.381171 -10.8753 -17.3843
      vertex -0.478693 -11.3439 -18.2623
      vertex -0.400302 -11.4353 -18.2222
    endloop
  endfacet
  facet normal -0.805334 -0.481183 0.346265
    outer loop
      vertex -0.455351 -10.7813 -17.4262
      vertex -0.478693 -11.3439 -18.2623
      vertex -0.381171 -10.8753 -17.3843
    endloop
  endfacet
  facet normal -0.805497 -0.480997 0.346144
    outer loop
      vertex -0.455351 -10.7813 -17.4262
      vertex -0.552873 -11.2499 -18.3043
      vertex -0.478693 -11.3439 -18.2623
    endloop
  endfacet
  facet normal -0.828788 -0.450208 0.3323
    outer loop
      vertex -0.525238 -10.6849 -17.4699
      vertex -0.552873 -11.2499 -18.3043
      vertex -0.455351 -10.7813 -17.4262
    endloop
  endfacet
  facet normal -0.828641 -0.450391 0.332419
    outer loop
      vertex -0.525238 -10.6849 -17.4699
      vertex -0.62276 -11.1535 -18.3479
      vertex -0.552873 -11.2499 -18.3043
    endloop
  endfacet
  facet normal -0.850596 -0.418775 0.317984
    outer loop
      vertex -0.590754 -10.5863 -17.5153
      vertex -0.62276 -11.1535 -18.3479
      vertex -0.525238 -10.6849 -17.4699
    endloop
  endfacet
  facet normal -0.850771 -0.418538 0.317829
    outer loop
      vertex -0.590754 -10.5863 -17.5153
      vertex -0.688276 -11.0548 -18.3933
      vertex -0.62276 -11.1535 -18.3479
    endloop
  endfacet
  facet normal -0.871126 -0.386456 0.302971
    outer loop
      vertex -0.651818 -10.4855 -17.5623
      vertex -0.688276 -11.0548 -18.3933
      vertex -0.590754 -10.5863 -17.5153
    endloop
  endfacet
  facet normal -0.871126 -0.386456 0.302971
    outer loop
      vertex -0.651818 -10.4855 -17.5623
      vertex -0.74934 -10.954 -18.4403
      vertex -0.688276 -11.0548 -18.3933
    endloop
  endfacet
  facet normal -0.89024 -0.353351 0.287429
    outer loop
      vertex -0.708352 -10.3826 -17.6109
      vertex -0.74934 -10.954 -18.4403
      vertex -0.651818 -10.4855 -17.5623
    endloop
  endfacet
  facet normal -0.89024 -0.353351 0.287429
    outer loop
      vertex -0.708352 -10.3826 -17.6109
      vertex -0.805874 -10.8511 -18.4889
      vertex -0.74934 -10.954 -18.4403
    endloop
  endfacet
  facet normal -0.907788 -0.319746 0.271447
    outer loop
      vertex -0.760276 -10.2778 -17.6611
      vertex -0.805874 -10.8511 -18.4889
      vertex -0.708352 -10.3826 -17.6109
    endloop
  endfacet
  facet normal -0.907788 -0.319746 0.271447
    outer loop
      vertex -0.760276 -10.2778 -17.6611
      vertex -0.857798 -10.7463 -18.5391
      vertex -0.805874 -10.8511 -18.4889
    endloop
  endfacet
  facet normal -0.923708 -0.285807 0.255105
    outer loop
      vertex -0.80751 -10.1712 -17.7127
      vertex -0.857798 -10.7463 -18.5391
      vertex -0.760276 -10.2778 -17.6611
    endloop
  endfacet
  facet normal -0.923708 -0.285807 0.255105
    outer loop
      vertex -0.80751 -10.1712 -17.7127
      vertex -0.905032 -10.6397 -18.5907
      vertex -0.857798 -10.7463 -18.5391
    endloop
  endfacet
  facet normal -0.938266 -0.250922 0.238108
    outer loop
      vertex -0.849975 -10.0628 -17.7658
      vertex -0.905032 -10.6397 -18.5907
      vertex -0.80751 -10.1712 -17.7127
    endloop
  endfacet
  facet normal -0.938198 -0.251076 0.238211
    outer loop
      vertex -0.849975 -10.0628 -17.7658
      vertex -0.947497 -10.5314 -18.6438
      vertex -0.905032 -10.6397 -18.5907
    endloop
  endfacet
  facet normal -0.951084 -0.215965 0.220903
    outer loop
      vertex -0.887591 -9.95289 -17.8203
      vertex -0.947497 -10.5314 -18.6438
      vertex -0.849975 -10.0628 -17.7658
    endloop
  endfacet
  facet normal -0.951128 -0.215851 0.220826
    outer loop
      vertex -0.887591 -9.95289 -17.8203
      vertex -0.985114 -10.4214 -18.6983
      vertex -0.947497 -10.5314 -18.6438
    endloop
  endfacet
  facet normal -0.962331 -0.180578 0.203248
    outer loop
      vertex -0.92028 -9.84149 -17.8761
      vertex -0.985114 -10.4214 -18.6983
      vertex -0.887591 -9.95289 -17.8203
    endloop
  endfacet
  facet normal -0.962337 -0.18056 0.203236
    outer loop
      vertex -0.92028 -9.84149 -17.8761
      vertex -1.0178 -10.31 -18.7541
      vertex -0.985114 -10.4214 -18.6983
    endloop
  endfacet
  facet normal -0.97197 -0.144798 0.185223
    outer loop
      vertex -0.947961 -9.72872 -17.9332
      vertex -1.0178 -10.31 -18.7541
      vertex -0.92028 -9.84149 -17.8761
    endloop
  endfacet
  facet normal -0.971954 -0.144855 0.185262
    outer loop
      vertex -0.947961 -9.72872 -17.9332
      vertex -1.04548 -10.1973 -18.8112
      vertex -1.0178 -10.31 -18.7541
    endloop
  endfacet
  facet normal -0.979943 -0.10884 0.166929
    outer loop
      vertex -0.970555 -9.61471 -17.9915
      vertex -1.04548 -10.1973 -18.8112
      vertex -0.947961 -9.72872 -17.9332
    endloop
  endfacet
  facet normal -0.979957 -0.108779 0.166887
    outer loop
      vertex -0.970555 -9.61471 -17.9915
      vertex -1.06808 -10.0833 -18.8696
      vertex -1.04548 -10.1973 -18.8112
    endloop
  endfacet
  facet normal -0.984418 -0.0843019 0.15432
    outer loop
      vertex -0.97446 -9.59126 -18.0036
      vertex -1.06808 -10.0833 -18.8696
      vertex -0.970555 -9.61471 -17.9915
    endloop
  endfacet
  facet normal -0.984383 -0.0845065 0.154432
    outer loop
      vertex -0.97446 -9.59126 -18.0036
      vertex -1.07198 -10.0598 -18.8816
      vertex -1.06808 -10.0833 -18.8696
    endloop
  endfacet
  facet normal -0.985723 -0.0761986 0.150148
    outer loop
      vertex -0.978178 -9.5674 -18.0159
      vertex -1.07198 -10.0598 -18.8816
      vertex -0.97446 -9.59126 -18.0036
    endloop
  endfacet
  facet normal -0.985805 -0.0756851 0.149865
    outer loop
      vertex -0.978178 -9.5674 -18.0159
      vertex -1.0757 -10.0359 -18.894
      vertex -1.07198 -10.0598 -18.8816
    endloop
  endfacet
  facet normal -0.986922 -0.0682624 0.146028
    outer loop
      vertex -0.9817 -9.54322 -18.0284
      vertex -1.0757 -10.0359 -18.894
      vertex -0.978178 -9.5674 -18.0159
    endloop
  endfacet
  facet normal -0.986906 -0.068373 0.14609
    outer loop
      vertex -0.9817 -9.54322 -18.0284
      vertex -1.07922 -10.0118 -18.9065
      vertex -1.0757 -10.0359 -18.894
    endloop
  endfacet
  facet normal -0.988021 -0.0604519 0.141986
    outer loop
      vertex -0.985018 -9.51882 -18.0411
      vertex -1.07922 -10.0118 -18.9065
      vertex -0.9817 -9.54322 -18.0284
    endloop
  endfacet
  facet normal -0.987957 -0.0609023 0.142236
    outer loop
      vertex -0.985018 -9.51882 -18.0411
      vertex -1.08254 -9.98737 -18.9191
      vertex -1.07922 -10.0118 -18.9065
    endloop
  endfacet
  facet normal -0.988928 -0.0535213 0.138405
    outer loop
      vertex -0.988123 -9.49429 -18.0538
      vertex -1.08254 -9.98737 -18.9191
      vertex -0.985018 -9.51882 -18.0411
    endloop
  endfacet
  facet normal -0.988967 -0.0532271 0.138242
    outer loop
      vertex -0.988123 -9.49429 -18.0538
      vertex -1.08565 -9.96283 -18.9319
      vertex -1.08254 -9.98737 -18.9191
    endloop
  endfacet
  facet normal -0.989838 -0.0460841 0.134527
    outer loop
      vertex -0.991007 -9.46971 -18.0666
      vertex -1.08565 -9.96283 -18.9319
      vertex -0.988123 -9.49429 -18.0538
    endloop
  endfacet
  facet normal -0.989851 -0.0459749 0.134466
    outer loop
      vertex -0.991007 -9.46971 -18.0666
      vertex -1.08853 -9.93826 -18.9447
      vertex -1.08565 -9.96283 -18.9319
    endloop
  endfacet
  facet normal -0.99064 -0.0389751 0.130819
    outer loop
      vertex -0.993662 -9.44519 -18.0794
      vertex -1.08853 -9.93826 -18.9447
      vertex -0.991007 -9.46971 -18.0666
    endloop
  endfacet
  facet normal -0.990657 -0.0388201 0.130732
    outer loop
      vertex -0.993662 -9.44519 -18.0794
      vertex -1.09118 -9.91374 -18.9575
      vertex -1.08853 -9.93826 -18.9447
    endloop
  endfacet
  facet normal -0.991401 -0.0316323 0.12698
    outer loop
      vertex -0.996079 -9.42082 -18.0922
      vertex -1.09118 -9.91374 -18.9575
      vertex -0.993662 -9.44519 -18.0794
    endloop
  endfacet
  facet normal -0.99135 -0.0321265 0.127255
    outer loop
      vertex -0.996079 -9.42082 -18.0922
      vertex -1.0936 -9.88937 -18.9702
      vertex -1.09118 -9.91374 -18.9575
    endloop
  endfacet
  facet normal -0.992046 -0.0247817 0.123413
    outer loop
      vertex -0.998249 -9.3967 -18.1048
      vertex -1.0936 -9.88937 -18.9702
      vertex -0.996079 -9.42082 -18.0922
    endloop
  endfacet
  facet normal -0.992047 -0.0247738 0.123409
    outer loop
      vertex -0.998249 -9.3967 -18.1048
      vertex -1.09577 -9.86524 -18.9828
      vertex -1.0936 -9.88937 -18.9702
    endloop
  endfacet
  facet normal -0.992707 -0.017026 0.119347
    outer loop
      vertex -1.00016 -9.3729 -18.1173
      vertex -1.09577 -9.86524 -18.9828
      vertex -0.998249 -9.3967 -18.1048
    endloop
  endfacet
  facet normal -0.992682 -0.0173202 0.119512
    outer loop
      vertex -1.00016 -9.3729 -18.1173
      vertex -1.09769 -9.84145 -18.9953
      vertex -1.09577 -9.86524 -18.9828
    endloop
  endfacet
  facet normal -0.993256 -0.00974839 0.115535
    outer loop
      vertex -1.00182 -9.34954 -18.1296
      vertex -1.09769 -9.84145 -18.9953
      vertex -1.00016 -9.3729 -18.1173
    endloop
  endfacet
  facet normal -0.99328 -0.00942135 0.115352
    outer loop
      vertex -1.00182 -9.34954 -18.1296
      vertex -1.09934 -9.81809 -19.0076
      vertex -1.09769 -9.84145 -18.9953
    endloop
  endfacet
  facet normal -0.993813 -0.00126258 0.111057
    outer loop
      vertex -1.00319 -9.3267 -18.1416
      vertex -1.09934 -9.81809 -19.0076
      vertex -1.00182 -9.34954 -18.1296
    endloop
  endfacet
  facet normal -0.993792 -0.00159774 0.111245
    outer loop
      vertex -1.00319 -9.3267 -18.1416
      vertex -1.10072 -9.79525 -19.0196
      vertex -1.09934 -9.81809 -19.0076
    endloop
  endfacet
  facet normal -0.994264 0.00697428 0.106723
    outer loop
      vertex -1.00429 -9.30448 -18.1533
      vertex -1.10072 -9.79525 -19.0196
      vertex -1.00319 -9.3267 -18.1416
    endloop
  endfacet
  facet normal -0.994284 0.00734364 0.106516
    outer loop
      vertex -1.00429 -9.30448 -18.1533
      vertex -1.10182 -9.77303 -19.0314
      vertex -1.10072 -9.79525 -19.0196
    endloop
  endfacet
  facet normal -0.994665 0.0160842 0.101894
    outer loop
      vertex -1.00511 -9.28297 -18.1647
      vertex -1.10182 -9.77303 -19.0314
      vertex -1.00429 -9.30448 -18.1533
    endloop
  endfacet
  facet normal -0.99468 0.0164402 0.101695
    outer loop
      vertex -1.00511 -9.28297 -18.1647
      vertex -1.10263 -9.75152 -19.0428
      vertex -1.10182 -9.77303 -19.0314
    endloop
  endfacet
  facet normal -0.994997 0.0266399 0.0962874
    outer loop
      vertex -1.00562 -9.26226 -18.1757
      vertex -1.10263 -9.75152 -19.0428
      vertex -1.00511 -9.28297 -18.1647
    endloop
  endfacet
  facet normal -0.994997 0.0266399 0.0962874
    outer loop
      vertex -1.00562 -9.26226 -18.1757
      vertex -1.10314 -9.73081 -19.0538
      vertex -1.10263 -9.75152 -19.0428
    endloop
  endfacet
  facet normal -0.995192 0.0377978 0.0903553
    outer loop
      vertex -1.00583 -9.24245 -18.1863
      vertex -1.10314 -9.73081 -19.0538
      vertex -1.00562 -9.26226 -18.1757
    endloop
  endfacet
  facet normal -0.995187 0.0374464 0.0905526
    outer loop
      vertex -1.00583 -9.24245 -18.1863
      vertex -1.10335 -9.711 -19.0643
      vertex -1.10314 -9.73081 -19.0538
    endloop
  endfacet
  facet normal -0.995221 0.0502916 0.0837014
    outer loop
      vertex -1.00572 -9.22363 -18.1963
      vertex -1.10335 -9.711 -19.0643
      vertex -1.00583 -9.24245 -18.1863
    endloop
  endfacet
  facet normal -0.99522 0.0506333 0.0835094
    outer loop
      vertex -1.00572 -9.22363 -18.1963
      vertex -1.10324 -9.69218 -19.0744
      vertex -1.10335 -9.711 -19.0643
    endloop
  endfacet
  facet normal -0.995005 0.0648109 0.0759205
    outer loop
      vertex -1.00529 -9.2059 -18.2058
      vertex -1.10324 -9.69218 -19.0744
      vertex -1.00572 -9.22363 -18.1963
    endloop
  endfacet
  facet normal -0.995005 0.0648109 0.0759205
    outer loop
      vertex -1.00529 -9.2059 -18.2058
      vertex -1.10281 -9.67445 -19.0839
      vertex -1.10324 -9.69218 -19.0744
    endloop
  endfacet
  facet normal -0.994418 0.0815926 0.0669006
    outer loop
      vertex -1.00453 -9.18934 -18.2147
      vertex -1.10281 -9.67445 -19.0839
      vertex -1.00529 -9.2059 -18.2058
    endloop
  endfacet
  facet normal -0.994418 0.0815926 0.0669006
    outer loop
      vertex -1.00453 -9.18934 -18.2147
      vertex -1.10205 -9.65789 -19.0928
      vertex -1.10281 -9.67445 -19.0839
    endloop
  endfacet
  facet normal -0.994941 0.0672423 0.0746358
    outer loop
      vertex -2.68472 -2.01698 -21.8555
      vertex -2.81169 -3.56291 -22.1553
      vertex -2.71416 -3.09436 -21.2773
    endloop
  endfacet
  facet normal -0.994942 0.0672448 0.0746232
    outer loop
      vertex -2.68472 -2.01698 -21.8555
      vertex -2.78224 -2.48553 -22.7335
      vertex -2.81169 -3.56291 -22.1553
    endloop
  endfacet
  facet normal -0.99495 0.0669551 0.0747787
    outer loop
      vertex -2.68169 -1.90472 -21.9157
      vertex -2.78224 -2.48553 -22.7335
      vertex -2.68472 -2.01698 -21.8555
    endloop
  endfacet
  facet normal -0.994949 0.0670032 0.0747444
    outer loop
      vertex -2.68169 -1.90472 -21.9157
      vertex -2.77921 -2.37327 -22.7938
      vertex -2.78224 -2.48553 -22.7335
    endloop
  endfacet
  facet normal -0.99496 0.0666003 0.0749606
    outer loop
      vertex -2.67889 -1.79896 -21.9725
      vertex -2.77921 -2.37327 -22.7938
      vertex -2.68169 -1.90472 -21.9157
    endloop
  endfacet
  facet normal -0.994961 0.0665488 0.0749967
    outer loop
      vertex -2.67889 -1.79896 -21.9725
      vertex -2.77641 -2.26751 -22.8505
      vertex -2.77921 -2.37327 -22.7938
    endloop
  endfacet
  facet normal -0.994973 0.0660861 0.075245
    outer loop
      vertex -2.67632 -1.69958 -22.0258
      vertex -2.77641 -2.26751 -22.8505
      vertex -2.67889 -1.79896 -21.9725
    endloop
  endfacet
  facet normal -0.994972 0.0661413 0.0752069
    outer loop
      vertex -2.67632 -1.69958 -22.0258
      vertex -2.77384 -2.16813 -22.9039
      vertex -2.77641 -2.26751 -22.8505
    endloop
  endfacet
  facet normal -0.994983 0.0657142 0.075436
    outer loop
      vertex -2.67396 -1.60645 -22.0758
      vertex -2.77384 -2.16813 -22.9039
      vertex -2.67632 -1.69958 -22.0258
    endloop
  endfacet
  facet normal -0.994984 0.0656496 0.0754799
    outer loop
      vertex -2.67396 -1.60645 -22.0758
      vertex -2.77148 -2.07499 -22.9538
      vertex -2.77384 -2.16813 -22.9039
    endloop
  endfacet
  facet normal -0.995001 0.0649759 0.0758413
    outer loop
      vertex -2.67183 -1.51944 -22.1224
      vertex -2.77148 -2.07499 -22.9538
      vertex -2.67396 -1.60645 -22.0758
    endloop
  endfacet
  facet normal -0.995 0.0650455 0.0757947
    outer loop
      vertex -2.67183 -1.51944 -22.1224
      vertex -2.76935 -1.98799 -23.0005
      vertex -2.77148 -2.07499 -22.9538
    endloop
  endfacet
  facet normal -0.995014 0.0644528 0.0761125
    outer loop
      vertex -2.66991 -1.43843 -22.1659
      vertex -2.76935 -1.98799 -23.0005
      vertex -2.67183 -1.51944 -22.1224
    endloop
  endfacet
  facet normal -0.995015 0.0643775 0.0761622
    outer loop
      vertex -2.66991 -1.43843 -22.1659
      vertex -2.76743 -1.90697 -23.0439
      vertex -2.76935 -1.98799 -23.0005
    endloop
  endfacet
  facet normal -0.995036 0.0634847 0.0766409
    outer loop
      vertex -2.66822 -1.36329 -22.2062
      vertex -2.76743 -1.90697 -23.0439
      vertex -2.66991 -1.43843 -22.1659
    endloop
  endfacet
  facet normal -0.995036 0.0634847 0.0766409
    outer loop
      vertex -2.66822 -1.36329 -22.2062
      vertex -2.76574 -1.83183 -23.0842
      vertex -2.76743 -1.90697 -23.0439
    endloop
  endfacet
  facet normal -0.995058 0.0624543 0.0771933
    outer loop
      vertex -2.66675 -1.29389 -22.2434
      vertex -2.76574 -1.83183 -23.0842
      vertex -2.66822 -1.36329 -22.2062
    endloop
  endfacet
  facet normal -0.995058 0.0624543 0.0771933
    outer loop
      vertex -2.66675 -1.29389 -22.2434
      vertex -2.76427 -1.76243 -23.1214
      vertex -2.76574 -1.83183 -23.0842
    endloop
  endfacet
  facet normal -0.995082 0.0612692 0.0778284
    outer loop
      vertex -2.66549 -1.23011 -22.2775
      vertex -2.76427 -1.76243 -23.1214
      vertex -2.66675 -1.29389 -22.2434
    endloop
  endfacet
  facet normal -0.995081 0.0613604 0.0777708
    outer loop
      vertex -2.66549 -1.23011 -22.2775
      vertex -2.76301 -1.69865 -23.1556
      vertex -2.76427 -1.76243 -23.1214
    endloop
  endfacet
  facet normal -0.995108 0.0599194 0.0785427
    outer loop
      vertex -2.66445 -1.17181 -22.3088
      vertex -2.76301 -1.69865 -23.1556
      vertex -2.66549 -1.23011 -22.2775
    endloop
  endfacet
  facet normal -0.995109 0.0598261 0.0786009
    outer loop
      vertex -2.66445 -1.17181 -22.3088
      vertex -2.76197 -1.64036 -23.1868
      vertex -2.76301 -1.69865 -23.1556
    endloop
  endfacet
  facet normal -0.99514 0.0579729 0.0795933
    outer loop
      vertex -2.66363 -1.11888 -22.3371
      vertex -2.76197 -1.64036 -23.1868
      vertex -2.66445 -1.17181 -22.3088
    endloop
  endfacet
  facet normal -0.99514 0.0579729 0.0795933
    outer loop
      vertex -2.66363 -1.11888 -22.3371
      vertex -2.76115 -1.58743 -23.2151
      vertex -2.76197 -1.64036 -23.1868
    endloop
  endfacet
  facet normal -0.995172 0.0557231 0.0807974
    outer loop
      vertex -2.66303 -1.07119 -22.3626
      vertex -2.76115 -1.58743 -23.2151
      vertex -2.66363 -1.11888 -22.3371
    endloop
  endfacet
  facet normal -0.995171 0.0558509 0.0807199
    outer loop
      vertex -2.66303 -1.07119 -22.3626
      vertex -2.76055 -1.53974 -23.2407
      vertex -2.76115 -1.58743 -23.2151
    endloop
  endfacet
  facet normal -0.995201 0.0531198 0.0821805
    outer loop
      vertex -2.66264 -1.02861 -22.3854
      vertex -2.76055 -1.53974 -23.2407
      vertex -2.66303 -1.07119 -22.3626
    endloop
  endfacet
  facet normal -0.995201 0.0529641 0.0822736
    outer loop
      vertex -2.66264 -1.02861 -22.3854
      vertex -2.76016 -1.49715 -23.2634
      vertex -2.76055 -1.53974 -23.2407
    endloop
  endfacet
  facet normal -0.995224 0.0496779 0.0840298
    outer loop
      vertex -2.66246 -0.991005 -22.4055
      vertex -2.76016 -1.49715 -23.2634
      vertex -2.66264 -1.02861 -22.3854
    endloop
  endfacet
  facet normal -0.995224 0.0494817 0.0841455
    outer loop
      vertex -2.66246 -0.991005 -22.4055
      vertex -2.75999 -1.45955 -23.2835
      vertex -2.76016 -1.49715 -23.2634
    endloop
  endfacet
  facet normal -0.995231 0.0445809 0.0867616
    outer loop
      vertex -2.66251 -0.958258 -22.4229
      vertex -2.75999 -1.45955 -23.2835
      vertex -2.66246 -0.991005 -22.4055
    endloop
  endfacet
  facet normal -0.995234 0.0450117 0.086511
    outer loop
      vertex -2.66251 -0.958258 -22.4229
      vertex -2.76003 -1.4268 -23.301
      vertex -2.75999 -1.45955 -23.2835
    endloop
  endfacet
  facet normal -0.995205 0.0391174 0.0896529
    outer loop
      vertex -2.66276 -0.93024 -22.4379
      vertex -2.76003 -1.4268 -23.301
      vertex -2.66251 -0.958258 -22.4229
    endloop
  endfacet
  facet normal -0.995202 0.0388808 0.0897887
    outer loop
      vertex -2.66276 -0.93024 -22.4379
      vertex -2.76028 -1.39879 -23.3159
      vertex -2.76003 -1.4268 -23.301
    endloop
  endfacet
  facet normal -0.995073 0.0300601 0.0944816
    outer loop
      vertex -2.66323 -0.906824 -22.4503
      vertex -2.76028 -1.39879 -23.3159
      vertex -2.66276 -0.93024 -22.4379
    endloop
  endfacet
  facet normal -0.995073 0.0300562 0.0944838
    outer loop
      vertex -2.66323 -0.906824 -22.4503
      vertex -2.76075 -1.37537 -23.3283
      vertex -2.76028 -1.39879 -23.3159
    endloop
  endfacet
  facet normal -0.994738 0.0180566 0.10085
    outer loop
      vertex -2.6639 -0.887882 -22.4603
      vertex -2.76075 -1.37537 -23.3283
      vertex -2.66323 -0.906824 -22.4503
    endloop
  endfacet
  facet normal -0.994738 0.0180636 0.100846
    outer loop
      vertex -2.6639 -0.887882 -22.4603
      vertex -2.76143 -1.35643 -23.3384
      vertex -2.76075 -1.37537 -23.3283
    endloop
  endfacet
  facet normal -0.993778 -0.00184731 0.111364
    outer loop
      vertex -2.66479 -0.873288 -22.468
      vertex -2.76143 -1.35643 -23.3384
      vertex -2.6639 -0.887882 -22.4603
    endloop
  endfacet
  facet normal -0.993778 -0.0018477 0.111364
    outer loop
      vertex -2.66479 -0.873288 -22.468
      vertex -2.76232 -1.34184 -23.3461
      vertex -2.76143 -1.35643 -23.3384
    endloop
  endfacet
  facet normal -0.990808 -0.0373962 0.130003
    outer loop
      vertex -2.66589 -0.862916 -22.4734
      vertex -2.76232 -1.34184 -23.3461
      vertex -2.66479 -0.873288 -22.468
    endloop
  endfacet
  facet normal -0.990811 -0.0373738 0.129991
    outer loop
      vertex -2.66589 -0.862916 -22.4734
      vertex -2.76342 -1.33146 -23.3515
      vertex -2.76232 -1.34184 -23.3461
    endloop
  endfacet
  facet normal -0.986313 -0.0723597 0.148159
    outer loop
      vertex -2.67517 -0.801535 -22.5052
      vertex -2.76342 -1.33146 -23.3515
      vertex -2.66589 -0.862916 -22.4734
    endloop
  endfacet
  facet normal -0.986303 -0.0724209 0.148197
    outer loop
      vertex -2.67517 -0.801535 -22.5052
      vertex -2.77269 -1.27008 -23.3832
      vertex -2.76342 -1.33146 -23.3515
    endloop
  endfacet
  facet normal -0.981508 -0.100734 0.162773
    outer loop
      vertex -2.68591 -0.744234 -22.5345
      vertex -2.77269 -1.27008 -23.3832
      vertex -2.67517 -0.801535 -22.5052
    endloop
  endfacet
  facet normal -0.98155 -0.100524 0.162648
    outer loop
      vertex -2.68591 -0.744234 -22.5345
      vertex -2.78343 -1.21278 -23.4126
      vertex -2.77269 -1.27008 -23.3832
    endloop
  endfacet
  facet normal -0.974564 -0.133924 0.179694
    outer loop
      vertex -2.69826 -0.690859 -22.5617
      vertex -2.78343 -1.21278 -23.4126
      vertex -2.68591 -0.744234 -22.5345
    endloop
  endfacet
  facet normal -0.9745 -0.134182 0.179845
    outer loop
      vertex -2.69826 -0.690859 -22.5617
      vertex -2.79578 -1.15941 -23.4397
      vertex -2.78343 -1.21278 -23.4126
    endloop
  endfacet
  facet normal -0.964165 -0.174232 0.200071
    outer loop
      vertex -2.71239 -0.641259 -22.5866
      vertex -2.79578 -1.15941 -23.4397
      vertex -2.69826 -0.690859 -22.5617
    endloop
  endfacet
  facet normal -0.964165 -0.174232 0.200071
    outer loop
      vertex -2.71239 -0.641259 -22.5866
      vertex -2.80991 -1.10981 -23.4646
      vertex -2.79578 -1.15941 -23.4397
    endloop
  endfacet
  facet normal -0.949321 -0.221074 0.223419
    outer loop
      vertex -2.72844 -0.595279 -22.6093
      vertex -2.80991 -1.10981 -23.4646
      vertex -2.71239 -0.641259 -22.5866
    endloop
  endfacet
  facet normal -0.949321 -0.221074 0.223419
    outer loop
      vertex -2.72844 -0.595279 -22.6093
      vertex -2.82596 -1.06383 -23.4873
      vertex -2.80991 -1.10981 -23.4646
    endloop
  endfacet
  facet normal -0.928559 -0.274641 0.2497
    outer loop
      vertex -2.74658 -0.552768 -22.63
      vertex -2.82596 -1.06383 -23.4873
      vertex -2.72844 -0.595279 -22.6093
    endloop
  endfacet
  facet normal -0.928557 -0.274646 0.249702
    outer loop
      vertex -2.74658 -0.552768 -22.63
      vertex -2.8441 -1.02132 -23.508
      vertex -2.82596 -1.06383 -23.4873
    endloop
  endfacet
  facet normal -0.899798 -0.33547 0.278968
    outer loop
      vertex -2.76696 -0.513572 -22.6486
      vertex -2.8441 -1.02132 -23.508
      vertex -2.74658 -0.552768 -22.63
    endloop
  endfacet
  facet normal -0.900063 -0.33498 0.278702
    outer loop
      vertex -2.76696 -0.513572 -22.6486
      vertex -2.86448 -0.982119 -23.5267
      vertex -2.8441 -1.02132 -23.508
    endloop
  endfacet
  facet normal -0.862037 -0.401153 0.309788
    outer loop
      vertex -2.78973 -0.477538 -22.6653
      vertex -2.86448 -0.982119 -23.5267
      vertex -2.76696 -0.513572 -22.6486
    endloop
  endfacet
  facet normal -0.862037 -0.401153 0.309788
    outer loop
      vertex -2.78973 -0.477538 -22.6653
      vertex -2.88725 -0.946085 -23.5434
      vertex -2.86448 -0.982119 -23.5267
    endloop
  endfacet
  facet normal -0.813531 -0.470685 0.341503
    outer loop
      vertex -2.81505 -0.444513 -22.6801
      vertex -2.88725 -0.946085 -23.5434
      vertex -2.78973 -0.477538 -22.6653
    endloop
  endfacet
  facet normal -0.813531 -0.470685 0.341503
    outer loop
      vertex -2.81505 -0.444513 -22.6801
      vertex -2.91257 -0.91306 -23.5582
      vertex -2.88725 -0.946085 -23.5434
    endloop
  endfacet
  facet normal -0.754474 -0.540566 0.372232
    outer loop
      vertex -2.84308 -0.414343 -22.6931
      vertex -2.91257 -0.91306 -23.5582
      vertex -2.81505 -0.444513 -22.6801
    endloop
  endfacet
  facet normal -0.754474 -0.540566 0.372232
    outer loop
      vertex -2.84308 -0.414343 -22.6931
      vertex -2.9406 -0.88289 -23.5712
      vertex -2.91257 -0.91306 -23.5582
    endloop
  endfacet
  facet normal -0.686344 -0.607239 0.400242
    outer loop
      vertex -2.87397 -0.386877 -22.7044
      vertex -2.9406 -0.88289 -23.5712
      vertex -2.84308 -0.414343 -22.6931
    endloop
  endfacet
  facet normal -0.685666 -0.60782 0.400522
    outer loop
      vertex -2.87397 -0.386877 -22.7044
      vertex -2.97149 -0.855424 -23.5824
      vertex -2.9406 -0.88289 -23.5712
    endloop
  endfacet
  facet normal -0.610331 -0.668708 0.424648
    outer loop
      vertex -2.90788 -0.36196 -22.7139
      vertex -2.97149 -0.855424 -23.5824
      vertex -2.87397 -0.386877 -22.7044
    endloop
  endfacet
  facet normal -0.610331 -0.668708 0.424648
    outer loop
      vertex -2.90788 -0.36196 -22.7139
      vertex -3.0054 -0.830507 -23.5919
      vertex -2.97149 -0.855424 -23.5824
    endloop
  endfacet
  facet normal -0.532355 -0.720852 0.443814
    outer loop
      vertex -2.94496 -0.33944 -22.7218
      vertex -3.0054 -0.830507 -23.5919
      vertex -2.90788 -0.36196 -22.7139
    endloop
  endfacet
  facet normal -0.532253 -0.720911 0.44384
    outer loop
      vertex -2.94496 -0.33944 -22.7218
      vertex -3.04249 -0.807987 -23.5998
      vertex -3.0054 -0.830507 -23.5919
    endloop
  endfacet
  facet normal -0.454669 -0.763811 0.458115
    outer loop
      vertex -2.98537 -0.319164 -22.7281
      vertex -3.04249 -0.807987 -23.5998
      vertex -2.94496 -0.33944 -22.7218
    endloop
  endfacet
  facet normal -0.455561 -0.763387 0.457936
    outer loop
      vertex -2.98537 -0.319164 -22.7281
      vertex -3.0829 -0.787711 -23.6062
      vertex -3.04249 -0.807987 -23.5998
    endloop
  endfacet
  facet normal -0.381435 -0.797293 0.467795
    outer loop
      vertex -3.02927 -0.300978 -22.7329
      vertex -3.0829 -0.787711 -23.6062
      vertex -2.98537 -0.319164 -22.7281
    endloop
  endfacet
  facet normal -0.381508 -0.797264 0.467783
    outer loop
      vertex -3.02927 -0.300978 -22.7329
      vertex -3.12679 -0.769525 -23.611
      vertex -3.0829 -0.787711 -23.6062
    endloop
  endfacet
  facet normal -0.314957 -0.822386 0.473797
    outer loop
      vertex -3.07681 -0.28473 -22.7363
      vertex -3.12679 -0.769525 -23.611
      vertex -3.02927 -0.300978 -22.7329
    endloop
  endfacet
  facet normal -0.314957 -0.822386 0.473797
    outer loop
      vertex -3.07681 -0.28473 -22.7363
      vertex -3.17433 -0.753277 -23.6144
      vertex -3.12679 -0.769525 -23.611
    endloop
  endfacet
  facet normal -0.255509 -0.840901 0.477074
    outer loop
      vertex -3.12814 -0.270268 -22.7383
      vertex -3.17433 -0.753277 -23.6144
      vertex -3.07681 -0.28473 -22.7363
    endloop
  endfacet
  facet normal -0.255509 -0.840901 0.477074
    outer loop
      vertex -3.12814 -0.270268 -22.7383
      vertex -3.22566 -0.738815 -23.6164
      vertex -3.17433 -0.753277 -23.6144
    endloop
  endfacet
  facet normal -0.205126 -0.853854 0.47839
    outer loop
      vertex -3.18342 -0.257436 -22.7391
      vertex -3.22566 -0.738815 -23.6164
      vertex -3.12814 -0.270268 -22.7383
    endloop
  endfacet
  facet normal -0.2043 -0.854022 0.478443
    outer loop
      vertex -3.18342 -0.257436 -22.7391
      vertex -3.28094 -0.725983 -23.6171
      vertex -3.22566 -0.738815 -23.6164
    endloop
  endfacet
  facet normal -0.160202 -0.86334 0.478517
    outer loop
      vertex -3.24281 -0.246083 -22.7385
      vertex -3.28094 -0.725983 -23.6171
      vertex -3.18342 -0.257436 -22.7391
    endloop
  endfacet
  facet normal -0.160984 -0.863214 0.478483
    outer loop
      vertex -3.24281 -0.246083 -22.7385
      vertex -3.34033 -0.71463 -23.6166
      vertex -3.28094 -0.725983 -23.6171
    endloop
  endfacet
  facet normal -0.124233 -0.869627 0.477823
    outer loop
      vertex -3.30646 -0.236056 -22.7368
      vertex -3.34033 -0.71463 -23.6166
      vertex -3.24281 -0.246083 -22.7385
    endloop
  endfacet
  facet normal -0.123478 -0.869722 0.477846
    outer loop
      vertex -3.30646 -0.236056 -22.7368
      vertex -3.40399 -0.704603 -23.6148
      vertex -3.34033 -0.71463 -23.6166
    endloop
  endfacet
  facet normal -0.0935839 -0.874009 0.476813
    outer loop
      vertex -3.31879 -0.234463 -22.7363
      vertex -3.40399 -0.704603 -23.6148
      vertex -3.30646 -0.236056 -22.7368
    endloop
  endfacet
  facet normal -0.0935839 -0.874009 0.476813
    outer loop
      vertex -3.31879 -0.234463 -22.7363
      vertex -3.41632 -0.70301 -23.6143
      vertex -3.40399 -0.704603 -23.6148
    endloop
  endfacet
  facet normal -0.0821858 -0.875431 0.476305
    outer loop
      vertex -3.33331 -0.232719 -22.7356
      vertex -3.41632 -0.70301 -23.6143
      vertex -3.31879 -0.234463 -22.7363
    endloop
  endfacet
  facet normal -0.0821858 -0.875431 0.476305
    outer loop
      vertex -3.33331 -0.232719 -22.7356
      vertex -3.43084 -0.701266 -23.6136
      vertex -3.41632 -0.70301 -23.6143
    endloop
  endfacet
  facet normal -0.0764774 -0.876099 0.476028
    outer loop
      vertex -3.34989 -0.230837 -22.7348
      vertex -3.43084 -0.701266 -23.6136
      vertex -3.33331 -0.232719 -22.7356
    endloop
  endfacet
  facet normal -0.0765229 -0.876094 0.476029
    outer loop
      vertex -3.34989 -0.230837 -22.7348
      vertex -3.44741 -0.699384 -23.6128
      vertex -3.43084 -0.701266 -23.6136
    endloop
  endfacet
  facet normal -0.0694557 -0.876881 0.475664
    outer loop
      vertex -3.36838 -0.22883 -22.7338
      vertex -3.44741 -0.699384 -23.6128
      vertex -3.34989 -0.230837 -22.7348
    endloop
  endfacet
  facet normal -0.0694557 -0.876881 0.475664
    outer loop
      vertex -3.36838 -0.22883 -22.7338
      vertex -3.4659 -0.697377 -23.6118
      vertex -3.44741 -0.699384 -23.6128
    endloop
  endfacet
  facet normal -0.0658622 -0.877263 0.475469
    outer loop
      vertex -3.38865 -0.226712 -22.7327
      vertex -3.4659 -0.697377 -23.6118
      vertex -3.36838 -0.22883 -22.7338
    endloop
  endfacet
  facet normal -0.0658622 -0.877263 0.475469
    outer loop
      vertex -3.38865 -0.226712 -22.7327
      vertex -3.48617 -0.695259 -23.6107
      vertex -3.4659 -0.697377 -23.6118
    endloop
  endfacet
  facet normal -0.0606006 -0.877803 0.475173
    outer loop
      vertex -3.41057 -0.224495 -22.7314
      vertex -3.48617 -0.695259 -23.6107
      vertex -3.38865 -0.226712 -22.7327
    endloop
  endfacet
  facet normal -0.0606006 -0.877803 0.475173
    outer loop
      vertex -3.41057 -0.224495 -22.7314
      vertex -3.50809 -0.693042 -23.6094
      vertex -3.48617 -0.695259 -23.6107
    endloop
  endfacet
  facet normal -0.0579117 -0.878069 0.475016
    outer loop
      vertex -3.43399 -0.222193 -22.73
      vertex -3.50809 -0.693042 -23.6094
      vertex -3.41057 -0.224495 -22.7314
    endloop
  endfacet
  facet normal -0.0598933 -0.877896 0.475091
    outer loop
      vertex -3.43399 -0.222193 -22.73
      vertex -3.53152 -0.69074 -23.6081
      vertex -3.50809 -0.693042 -23.6094
    endloop
  endfacet
  facet normal -0.0553385 -0.87834 0.474822
    outer loop
      vertex -3.4588 -0.219819 -22.7285
      vertex -3.53152 -0.69074 -23.6081
      vertex -3.43399 -0.222193 -22.73
    endloop
  endfacet
  facet normal -0.0553606 -0.878339 0.474823
    outer loop
      vertex -3.4588 -0.219819 -22.7285
      vertex -3.55632 -0.688366 -23.6066
      vertex -3.53152 -0.69074 -23.6081
    endloop
  endfacet
  facet normal -0.0528883 -0.878572 0.474673
    outer loop
      vertex -3.48484 -0.217387 -22.7269
      vertex -3.55632 -0.688366 -23.6066
      vertex -3.4588 -0.219819 -22.7285
    endloop
  endfacet
  facet normal -0.0528883 -0.878572 0.474673
    outer loop
      vertex -3.48484 -0.217387 -22.7269
      vertex -3.58236 -0.685934 -23.605
      vertex -3.55632 -0.688366 -23.6066
    endloop
  endfacet
  facet normal -0.0522546 -0.878631 0.474634
    outer loop
      vertex -3.51199 -0.214908 -22.7253
      vertex -3.58236 -0.685934 -23.605
      vertex -3.48484 -0.217387 -22.7269
    endloop
  endfacet
  facet normal -0.050523 -0.878768 0.474568
    outer loop
      vertex -3.51199 -0.214908 -22.7253
      vertex -3.60951 -0.683455 -23.6033
      vertex -3.58236 -0.685934 -23.605
    endloop
  endfacet
  facet normal -0.0481385 -0.878982 0.474418
    outer loop
      vertex -3.5401 -0.212397 -22.7235
      vertex -3.60951 -0.683455 -23.6033
      vertex -3.51199 -0.214908 -22.7253
    endloop
  endfacet
  facet normal -0.0481385 -0.878982 0.474418
    outer loop
      vertex -3.5401 -0.212397 -22.7235
      vertex -3.63762 -0.680944 -23.6015
      vertex -3.60951 -0.683455 -23.6033
    endloop
  endfacet
  facet normal -0.0457087 -0.879196 0.474262
    outer loop
      vertex -3.56905 -0.209867 -22.7216
      vertex -3.63762 -0.680944 -23.6015
      vertex -3.5401 -0.212397 -22.7235
    endloop
  endfacet
  facet normal -0.0457087 -0.879196 0.474262
    outer loop
      vertex -3.56905 -0.209867 -22.7216
      vertex -3.66657 -0.678414 -23.5996
      vertex -3.63762 -0.680944 -23.6015
    endloop
  endfacet
  facet normal -0.0448621 -0.879269 0.474207
    outer loop
      vertex -3.59869 -0.20733 -22.7197
      vertex -3.66657 -0.678414 -23.5996
      vertex -3.56905 -0.209867 -22.7216
    endloop
  endfacet
  facet normal -0.0448621 -0.879269 0.474207
    outer loop
      vertex -3.59869 -0.20733 -22.7197
      vertex -3.69621 -0.675877 -23.5977
      vertex -3.66657 -0.678414 -23.5996
    endloop
  endfacet
  facet normal -0.0422431 -0.879492 0.474035
    outer loop
      vertex -3.6289 -0.204801 -22.7177
      vertex -3.69621 -0.675877 -23.5977
      vertex -3.59869 -0.20733 -22.7197
    endloop
  endfacet
  facet normal -0.0422431 -0.879492 0.474035
    outer loop
      vertex -3.6289 -0.204801 -22.7177
      vertex -3.72642 -0.673348 -23.5957
      vertex -3.69621 -0.675877 -23.5977
    endloop
  endfacet
  facet normal -0.0395723 -0.879713 0.473856
    outer loop
      vertex -3.65953 -0.202292 -22.7156
      vertex -3.72642 -0.673348 -23.5957
      vertex -3.6289 -0.204801 -22.7177
    endloop
  endfacet
  facet normal -0.0395723 -0.879713 0.473856
    outer loop
      vertex -3.65953 -0.202292 -22.7156
      vertex -3.75705 -0.670839 -23.5936
      vertex -3.72642 -0.673348 -23.5957
    endloop
  endfacet
  facet normal -0.0382485 -0.87982 0.473766
    outer loop
      vertex -3.69045 -0.199817 -22.7135
      vertex -3.75705 -0.670839 -23.5936
      vertex -3.65953 -0.202292 -22.7156
    endloop
  endfacet
  facet normal -0.0382485 -0.87982 0.473766
    outer loop
      vertex -3.69045 -0.199817 -22.7135
      vertex -3.78797 -0.668364 -23.5915
      vertex -3.75705 -0.670839 -23.5936
    endloop
  endfacet
  facet normal -0.0352301 -0.880058 0.473558
    outer loop
      vertex -3.72153 -0.197389 -22.7113
      vertex -3.78797 -0.668364 -23.5915
      vertex -3.69045 -0.199817 -22.7135
    endloop
  endfacet
  facet normal -0.0367421 -0.879962 0.473621
    outer loop
      vertex -3.72153 -0.197389 -22.7113
      vertex -3.81905 -0.665936 -23.5894
      vertex -3.78797 -0.668364 -23.5915
    endloop
  endfacet
  facet normal -0.0335713 -0.880208 0.4734
    outer loop
      vertex -3.75262 -0.19502 -22.7091
      vertex -3.81905 -0.665936 -23.5894
      vertex -3.72153 -0.197389 -22.7113
    endloop
  endfacet
  facet normal -0.0335713 -0.880208 0.4734
    outer loop
      vertex -3.75262 -0.19502 -22.7091
      vertex -3.85014 -0.663567 -23.5872
      vertex -3.81905 -0.665936 -23.5894
    endloop
  endfacet
  facet normal -0.0316088 -0.880355 0.473261
    outer loop
      vertex -3.7836 -0.192725 -22.7069
      vertex -3.85014 -0.663567 -23.5872
      vertex -3.75262 -0.19502 -22.7091
    endloop
  endfacet
  facet normal -0.0316088 -0.880355 0.473261
    outer loop
      vertex -3.7836 -0.192725 -22.7069
      vertex -3.88112 -0.661272 -23.585
      vertex -3.85014 -0.663567 -23.5872
    endloop
  endfacet
  facet normal -0.0294628 -0.880513 0.473106
    outer loop
      vertex -3.81432 -0.190515 -22.7047
      vertex -3.88112 -0.661272 -23.585
      vertex -3.7836 -0.192725 -22.7069
    endloop
  endfacet
  facet normal -0.0279252 -0.8806 0.473037
    outer loop
      vertex -3.81432 -0.190515 -22.7047
      vertex -3.91185 -0.659062 -23.5827
      vertex -3.88112 -0.661272 -23.585
    endloop
  endfacet
  facet normal -0.0276499 -0.88062 0.473016
    outer loop
      vertex -4.18705 -0.164148 -22.6774
      vertex -3.91185 -0.659062 -23.5827
      vertex -3.81432 -0.190515 -22.7047
    endloop
  endfacet
  facet normal -0.0276507 -0.88062 0.473016
    outer loop
      vertex -4.18705 -0.164148 -22.6774
      vertex -4.28457 -0.632695 -23.5554
      vertex -3.91185 -0.659062 -23.5827
    endloop
  endfacet
  facet normal -0.99485 0.0703829 0.0729385
    outer loop
      vertex -4.15152 0.968553 -23.2858
      vertex -4.28457 -0.632695 -23.5554
      vertex -4.18705 -0.164148 -22.6774
    endloop
  endfacet
  facet normal -0.99485 0.0703829 0.0729385
    outer loop
      vertex -4.15152 0.968553 -23.2858
      vertex -4.24904 0.500006 -24.1638
      vertex -4.28457 -0.632695 -23.5554
    endloop
  endfacet
  facet normal 0.0344216 0.88012 -0.473502
    outer loop
      vertex -3.51454 0.919646 -23.3304
      vertex -4.24904 0.500006 -24.1638
      vertex -4.15152 0.968553 -23.2858
    endloop
  endfacet
  facet normal 0.0344221 0.88012 -0.473502
    outer loop
      vertex -3.51454 0.919646 -23.3304
      vertex -3.61207 0.451099 -24.2084
      vertex -4.24904 0.500006 -24.1638
    endloop
  endfacet
  facet normal 0.0342804 0.880131 -0.473492
    outer loop
      vertex -3.4176 0.912212 -23.3372
      vertex -3.61207 0.451099 -24.2084
      vertex -3.51454 0.919646 -23.3304
    endloop
  endfacet
  facet normal 0.034277 0.880131 -0.473491
    outer loop
      vertex -3.4176 0.912212 -23.3372
      vertex -3.51512 0.443665 -24.2152
      vertex -3.61207 0.451099 -24.2084
    endloop
  endfacet
  facet normal 0.0354219 0.880043 -0.473571
    outer loop
      vertex -3.32949 0.905383 -23.3433
      vertex -3.51512 0.443665 -24.2152
      vertex -3.4176 0.912212 -23.3372
    endloop
  endfacet
  facet normal 0.0348949 0.880106 -0.473493
    outer loop
      vertex -3.32949 0.905383 -23.3433
      vertex -3.42701 0.436836 -24.2214
      vertex -3.51512 0.443665 -24.2152
    endloop
  endfacet
  facet normal 0.0362326 0.880002 -0.473586
    outer loop
      vertex -3.24965 0.899082 -23.3489
      vertex -3.42701 0.436836 -24.2214
      vertex -3.32949 0.905383 -23.3433
    endloop
  endfacet
  facet normal 0.0368193 0.879933 -0.473669
    outer loop
      vertex -3.24965 0.899082 -23.3489
      vertex -3.34718 0.430535 -24.2269
      vertex -3.42701 0.436836 -24.2214
    endloop
  endfacet
  facet normal 0.0397689 0.879696 -0.47387
    outer loop
      vertex -3.17753 0.893236 -23.3537
      vertex -3.34718 0.430535 -24.2269
      vertex -3.24965 0.899082 -23.3489
    endloop
  endfacet
  facet normal 0.0391184 0.879772 -0.473784
    outer loop
      vertex -3.17753 0.893236 -23.3537
      vertex -3.27505 0.424689 -24.2318
      vertex -3.34718 0.430535 -24.2269
    endloop
  endfacet
  facet normal 0.0426465 0.879481 -0.47402
    outer loop
      vertex -3.11254 0.887767 -23.358
      vertex -3.27505 0.424689 -24.2318
      vertex -3.17753 0.893236 -23.3537
    endloop
  endfacet
  facet normal 0.0426465 0.879481 -0.47402
    outer loop
      vertex -3.11254 0.887767 -23.358
      vertex -3.21006 0.41922 -24.2361
      vertex -3.27505 0.424689 -24.2318
    endloop
  endfacet
  facet normal 0.0468878 0.879116 -0.474296
    outer loop
      vertex -3.05412 0.882601 -23.3618
      vertex -3.21006 0.41922 -24.2361
      vertex -3.11254 0.887767 -23.358
    endloop
  endfacet
  facet normal 0.0476856 0.879023 -0.474389
    outer loop
      vertex -3.05412 0.882601 -23.3618
      vertex -3.15164 0.414054 -24.2398
      vertex -3.21006 0.41922 -24.2361
    endloop
  endfacet
  facet normal 0.0537799 0.878466 -0.474769
    outer loop
      vertex -3.00171 0.877663 -23.365
      vertex -3.15164 0.414054 -24.2398
      vertex -3.05412 0.882601 -23.3618
    endloop
  endfacet
  facet normal 0.0537799 0.878466 -0.474769
    outer loop
      vertex -3.00171 0.877663 -23.365
      vertex -3.09923 0.409116 -24.243
      vertex -3.15164 0.414054 -24.2398
    endloop
  endfacet
  facet normal 0.063112 0.877549 -0.475316
    outer loop
      vertex -2.95473 0.872876 -23.3676
      vertex -3.09923 0.409116 -24.243
      vertex -3.00171 0.877663 -23.365
    endloop
  endfacet
  facet normal 0.0621186 0.877673 -0.475218
    outer loop
      vertex -2.95473 0.872876 -23.3676
      vertex -3.05225 0.404329 -24.2457
      vertex -3.09923 0.409116 -24.243
    endloop
  endfacet
  facet normal 0.0731977 0.876492 -0.475818
    outer loop
      vertex -2.91262 0.868165 -23.3698
      vertex -3.05225 0.404329 -24.2457
      vertex -2.95473 0.872876 -23.3676
    endloop
  endfacet
  facet normal 0.0743063 0.876345 -0.475917
    outer loop
      vertex -2.91262 0.868165 -23.3698
      vertex -3.01014 0.399618 -24.2478
      vertex -3.05225 0.404329 -24.2457
    endloop
  endfacet
  facet normal 0.0875447 0.874777 -0.476551
    outer loop
      vertex -2.87481 0.863455 -23.3715
      vertex -3.01014 0.399618 -24.2478
      vertex -2.91262 0.868165 -23.3698
    endloop
  endfacet
  facet normal 0.0875447 0.874777 -0.476551
    outer loop
      vertex -2.87481 0.863455 -23.3715
      vertex -2.97233 0.394908 -24.2495
      vertex -3.01014 0.399618 -24.2478
    endloop
  endfacet
  facet normal 0.10568 0.872373 -0.477282
    outer loop
      vertex -2.84073 0.85867 -23.3727
      vertex -2.97233 0.394908 -24.2495
      vertex -2.87481 0.863455 -23.3715
    endloop
  endfacet
  facet normal 0.10568 0.872373 -0.477282
    outer loop
      vertex -2.84073 0.85867 -23.3727
      vertex -2.93825 0.390123 -24.2507
      vertex -2.97233 0.394908 -24.2495
    endloop
  endfacet
  facet normal 0.126414 0.869258 -0.477923
    outer loop
      vertex -2.80982 0.853735 -23.3735
      vertex -2.93825 0.390123 -24.2507
      vertex -2.84073 0.85867 -23.3727
    endloop
  endfacet
  facet normal 0.126414 0.869258 -0.477923
    outer loop
      vertex -2.80982 0.853735 -23.3735
      vertex -2.90734 0.385188 -24.2515
      vertex -2.93825 0.390123 -24.2507
    endloop
  endfacet
  facet normal 0.150893 0.865075 -0.47841
    outer loop
      vertex -2.7815 0.848574 -23.3739
      vertex -2.90734 0.385188 -24.2515
      vertex -2.80982 0.853735 -23.3735
    endloop
  endfacet
  facet normal 0.150893 0.865075 -0.47841
    outer loop
      vertex -2.7815 0.848574 -23.3739
      vertex -2.87902 0.380027 -24.2519
      vertex -2.90734 0.385188 -24.2515
    endloop
  endfacet
  facet normal 0.17867 0.85966 -0.478605
    outer loop
      vertex -2.75522 0.843112 -23.3739
      vertex -2.87902 0.380027 -24.2519
      vertex -2.7815 0.848574 -23.3739
    endloop
  endfacet
  facet normal 0.17867 0.85966 -0.478605
    outer loop
      vertex -2.75522 0.843112 -23.3739
      vertex -2.85274 0.374565 -24.2519
      vertex -2.87902 0.380027 -24.2519
    endloop
  endfacet
  facet normal 0.208317 0.853082 -0.478388
    outer loop
      vertex -2.73039 0.837273 -23.3735
      vertex -2.85274 0.374565 -24.2519
      vertex -2.75522 0.843112 -23.3739
    endloop
  endfacet
  facet normal 0.206496 0.853534 -0.478372
    outer loop
      vertex -2.73039 0.837273 -23.3735
      vertex -2.82791 0.368726 -24.2516
      vertex -2.85274 0.374565 -24.2519
    endloop
  endfacet
  facet normal 0.236408 0.846101 -0.477728
    outer loop
      vertex -2.70646 0.830982 -23.3728
      vertex -2.82791 0.368726 -24.2516
      vertex -2.73039 0.837273 -23.3735
    endloop
  endfacet
  facet normal 0.236408 0.846101 -0.477728
    outer loop
      vertex -2.70646 0.830982 -23.3728
      vertex -2.80398 0.362435 -24.2509
      vertex -2.82791 0.368726 -24.2516
    endloop
  endfacet
  facet normal 0.262487 0.838912 -0.476788
    outer loop
      vertex -2.68285 0.824163 -23.3718
      vertex -2.80398 0.362435 -24.2509
      vertex -2.70646 0.830982 -23.3728
    endloop
  endfacet
  facet normal 0.26259 0.838881 -0.476786
    outer loop
      vertex -2.68285 0.824163 -23.3718
      vertex -2.78038 0.355616 -24.2499
      vertex -2.80398 0.362435 -24.2509
    endloop
  endfacet
  facet normal 0.285012 0.832159 -0.475689
    outer loop
      vertex -2.65901 0.816741 -23.3705
      vertex -2.78038 0.355616 -24.2499
      vertex -2.68285 0.824163 -23.3718
    endloop
  endfacet
  facet normal 0.284903 0.832194 -0.475693
    outer loop
      vertex -2.65901 0.816741 -23.3705
      vertex -2.75653 0.348194 -24.2486
      vertex -2.78038 0.355616 -24.2499
    endloop
  endfacet
  facet normal 0.302346 0.826615 -0.474653
    outer loop
      vertex -2.63435 0.80864 -23.3689
      vertex -2.75653 0.348194 -24.2486
      vertex -2.65901 0.816741 -23.3705
    endloop
  endfacet
  facet normal 0.302346 0.826615 -0.474653
    outer loop
      vertex -2.63435 0.80864 -23.3689
      vertex -2.73187 0.340093 -24.247
      vertex -2.75653 0.348194 -24.2486
    endloop
  endfacet
  facet normal 0.312788 0.823125 -0.47395
    outer loop
      vertex -2.60832 0.799785 -23.3671
      vertex -2.73187 0.340093 -24.247
      vertex -2.63435 0.80864 -23.3689
    endloop
  endfacet
  facet normal 0.314408 0.82255 -0.473877
    outer loop
      vertex -2.60832 0.799785 -23.3671
      vertex -2.70584 0.331238 -24.2451
      vertex -2.73187 0.340093 -24.247
    endloop
  endfacet
  facet normal 0.337715 0.814309 -0.472069
    outer loop
      vertex -2.57042 0.785922 -23.3639
      vertex -2.70584 0.331238 -24.2451
      vertex -2.60832 0.799785 -23.3671
    endloop
  endfacet
  facet normal 0.337793 0.814279 -0.472065
    outer loop
      vertex -2.57042 0.785922 -23.3639
      vertex -2.66795 0.317375 -24.2419
      vertex -2.70584 0.331238 -24.2451
    endloop
  endfacet
  facet normal 0.385077 0.795754 -0.467431
    outer loop
      vertex -2.5344 0.770841 -23.3599
      vertex -2.66795 0.317375 -24.2419
      vertex -2.57042 0.785922 -23.3639
    endloop
  endfacet
  facet normal 0.384988 0.795793 -0.467438
    outer loop
      vertex -2.5344 0.770841 -23.3599
      vertex -2.63192 0.302294 -24.2379
      vertex -2.66795 0.317375 -24.2419
    endloop
  endfacet
  facet normal 0.436748 0.772597 -0.460808
    outer loop
      vertex -2.5002 0.75449 -23.3549
      vertex -2.63192 0.302294 -24.2379
      vertex -2.5344 0.770841 -23.3599
    endloop
  endfacet
  facet normal 0.435674 0.773135 -0.460924
    outer loop
      vertex -2.5002 0.75449 -23.3549
      vertex -2.59772 0.285943 -24.233
      vertex -2.63192 0.302294 -24.2379
    endloop
  endfacet
  facet normal 0.487832 0.746499 -0.452503
    outer loop
      vertex -2.46777 0.736813 -23.3491
      vertex -2.59772 0.285943 -24.233
      vertex -2.5002 0.75449 -23.3549
    endloop
  endfacet
  facet normal 0.488877 0.745906 -0.452354
    outer loop
      vertex -2.46777 0.736813 -23.3491
      vertex -2.56529 0.268266 -24.2271
      vertex -2.59772 0.285943 -24.233
    endloop
  endfacet
  facet normal 0.541849 0.715019 -0.441755
    outer loop
      vertex -2.43708 0.717757 -23.3423
      vertex -2.56529 0.268266 -24.2271
      vertex -2.46777 0.736813 -23.3491
    endloop
  endfacet
  facet normal 0.540849 0.715663 -0.441938
    outer loop
      vertex -2.43708 0.717757 -23.3423
      vertex -2.5346 0.24921 -24.2204
      vertex -2.56529 0.268266 -24.2271
    endloop
  endfacet
  facet normal 0.594346 0.680242 -0.428979
    outer loop
      vertex -2.40807 0.697266 -23.3346
      vertex -2.5346 0.24921 -24.2204
      vertex -2.43708 0.717757 -23.3423
    endloop
  endfacet
  facet normal 0.594476 0.680147 -0.428949
    outer loop
      vertex -2.40807 0.697266 -23.3346
      vertex -2.5056 0.228719 -24.2127
      vertex -2.5346 0.24921 -24.2204
    endloop
  endfacet
  facet normal 0.646616 0.640846 -0.413769
    outer loop
      vertex -2.38072 0.675287 -23.3259
      vertex -2.5056 0.228719 -24.2127
      vertex -2.40807 0.697266 -23.3346
    endloop
  endfacet
  facet normal 0.646481 0.640957 -0.413807
    outer loop
      vertex -2.38072 0.675287 -23.3259
      vertex -2.47824 0.20674 -24.204
      vertex -2.5056 0.228719 -24.2127
    endloop
  endfacet
  facet normal 0.696085 0.598453 -0.396636
    outer loop
      vertex -2.35497 0.651765 -23.3162
      vertex -2.47824 0.20674 -24.204
      vertex -2.38072 0.675287 -23.3259
    endloop
  endfacet
  facet normal 0.696085 0.598453 -0.396636
    outer loop
      vertex -2.35497 0.651765 -23.3162
      vertex -2.45249 0.183218 -24.1943
      vertex -2.47824 0.20674 -24.204
    endloop
  endfacet
  facet normal 0.741929 0.553826 -0.377914
    outer loop
      vertex -2.33077 0.626647 -23.3055
      vertex -2.45249 0.183218 -24.1943
      vertex -2.35497 0.651765 -23.3162
    endloop
  endfacet
  facet normal 0.741929 0.553826 -0.377914
    outer loop
      vertex -2.33077 0.626647 -23.3055
      vertex -2.42829 0.1581 -24.1836
      vertex -2.45249 0.183218 -24.1943
    endloop
  endfacet
  facet normal 0.783752 0.507591 -0.357888
    outer loop
      vertex -2.30809 0.599877 -23.2938
      vertex -2.42829 0.1581 -24.1836
      vertex -2.33077 0.626647 -23.3055
    endloop
  endfacet
  facet normal 0.784341 0.506875 -0.357612
    outer loop
      vertex -2.30809 0.599877 -23.2938
      vertex -2.40561 0.13133 -24.1718
      vertex -2.42829 0.1581 -24.1836
    endloop
  endfacet
  facet normal 0.821834 0.459671 -0.336586
    outer loop
      vertex -2.28688 0.571402 -23.2809
      vertex -2.40561 0.13133 -24.1718
      vertex -2.30809 0.599877 -23.2938
    endloop
  endfacet
  facet normal 0.821337 0.46036 -0.33686
    outer loop
      vertex -2.28688 0.571402 -23.2809
      vertex -2.3844 0.102855 -24.159
      vertex -2.40561 0.13133 -24.1718
    endloop
  endfacet
  facet normal 0.854011 0.413631 -0.315555
    outer loop
      vertex -2.2671 0.541167 -23.267
      vertex -2.3844 0.102855 -24.159
      vertex -2.28688 0.571402 -23.2809
    endloop
  endfacet
  facet normal 0.854422 0.412983 -0.31529
    outer loop
      vertex -2.2671 0.541167 -23.267
      vertex -2.36462 0.0726203 -24.145
      vertex -2.3844 0.102855 -24.159
    endloop
  endfacet
  facet normal 0.882119 0.367803 -0.294256
    outer loop
      vertex -2.2487 0.509118 -23.2519
      vertex -2.36462 0.0726203 -24.145
      vertex -2.2671 0.541167 -23.267
    endloop
  endfacet
  facet normal 0.881782 0.368409 -0.294509
    outer loop
      vertex -2.2487 0.509118 -23.2519
      vertex -2.34622 0.0405712 -24.13
      vertex -2.36462 0.0726203 -24.145
    endloop
  endfacet
  facet normal 0.905265 0.324807 -0.273851
    outer loop
      vertex -2.23163 0.475201 -23.2357
      vertex -2.34622 0.0405712 -24.13
      vertex -2.2487 0.509118 -23.2519
    endloop
  endfacet
  facet normal 0.905356 0.324622 -0.273773
    outer loop
      vertex -2.23163 0.475201 -23.2357
      vertex -2.32916 0.00665402 -24.1138
      vertex -2.34622 0.0405712 -24.13
    endloop
  endfacet
  facet normal 0.924781 0.283378 -0.253923
    outer loop
      vertex -2.21587 0.439361 -23.2183
      vertex -2.32916 0.00665402 -24.1138
      vertex -2.23163 0.475201 -23.2357
    endloop
  endfacet
  facet normal 0.924702 0.283564 -0.254003
    outer loop
      vertex -2.21587 0.439361 -23.2183
      vertex -2.31339 -0.0291859 -24.0964
      vertex -2.32916 0.00665402 -24.1138
    endloop
  endfacet
  facet normal 0.940266 0.245779 -0.23557
    outer loop
      vertex -2.20135 0.401544 -23.1998
      vertex -2.31339 -0.0291859 -24.0964
      vertex -2.21587 0.439361 -23.2183
    endloop
  endfacet
  facet normal 0.940436 0.245319 -0.23537
    outer loop
      vertex -2.20135 0.401544 -23.1998
      vertex -2.29887 -0.0670029 -24.0778
      vertex -2.31339 -0.0291859 -24.0964
    endloop
  endfacet
  facet normal 0.953087 0.210051 -0.217954
    outer loop
      vertex -2.18804 0.361696 -23.18
      vertex -2.29887 -0.0670029 -24.0778
      vertex -2.20135 0.401544 -23.1998
    endloop
  endfacet
  facet normal 0.953145 0.20987 -0.217875
    outer loop
      vertex -2.18804 0.361696 -23.18
      vertex -2.28557 -0.106851 -24.058
      vertex -2.29887 -0.0670029 -24.0778
    endloop
  endfacet
  facet normal 0.963152 0.177753 -0.201847
    outer loop
      vertex -2.1759 0.319762 -23.159
      vertex -2.28557 -0.106851 -24.058
      vertex -2.18804 0.361696 -23.18
    endloop
  endfacet
  facet normal 0.963103 0.177929 -0.201925
    outer loop
      vertex -2.1759 0.319762 -23.159
      vertex -2.27342 -0.148785 -24.037
      vertex -2.28557 -0.106851 -24.058
    endloop
  endfacet
  facet normal 0.971079 0.148388 -0.187046
    outer loop
      vertex -2.16487 0.275689 -23.1367
      vertex -2.27342 -0.148785 -24.037
      vertex -2.1759 0.319762 -23.159
    endloop
  endfacet
  facet normal 0.97112 0.148216 -0.18697
    outer loop
      vertex -2.16487 0.275689 -23.1367
      vertex -2.2624 -0.192858 -24.0147
      vertex -2.27342 -0.148785 -24.037
    endloop
  endfacet
  facet normal 0.97729 0.121675 -0.173491
    outer loop
      vertex -2.15492 0.229421 -23.1131
      vertex -2.2624 -0.192858 -24.0147
      vertex -2.16487 0.275689 -23.1367
    endloop
  endfacet
  facet normal 0.977256 0.121841 -0.173565
    outer loop
      vertex -2.15492 0.229421 -23.1131
      vertex -2.25244 -0.239126 -23.9911
      vertex -2.2624 -0.192858 -24.0147
    endloop
  endfacet
  facet normal 0.982134 0.0973555 -0.16104
    outer loop
      vertex -2.15339 0.221099 -23.1088
      vertex -2.25244 -0.239126 -23.9911
      vertex -2.15492 0.229421 -23.1131
    endloop
  endfacet
  facet normal 0.98186 0.0988597 -0.161794
    outer loop
      vertex -2.15339 0.221099 -23.1088
      vertex -2.25091 -0.247448 -23.9869
      vertex -2.25244 -0.239126 -23.9911
    endloop
  endfacet
  facet normal 0.981466 0.100975 -0.162879
    outer loop
      vertex -2.15184 0.212808 -23.1046
      vertex -2.25091 -0.247448 -23.9869
      vertex -2.15339 0.221099 -23.1088
    endloop
  endfacet
  facet normal 0.981746 0.0994569 -0.162119
    outer loop
      vertex -2.15184 0.212808 -23.1046
      vertex -2.24936 -0.255739 -23.9826
      vertex -2.25091 -0.247448 -23.9869
    endloop
  endfacet
  facet normal 0.981637 0.100041 -0.162418
    outer loop
      vertex -2.15029 0.20458 -23.1003
      vertex -2.24936 -0.255739 -23.9826
      vertex -2.15184 0.212808 -23.1046
    endloop
  endfacet
  facet normal 0.981353 0.101571 -0.163184
    outer loop
      vertex -2.15029 0.20458 -23.1003
      vertex -2.24781 -0.263967 -23.9784
      vertex -2.24936 -0.255739 -23.9826
    endloop
  endfacet
  facet normal 0.98106 0.103115 -0.163976
    outer loop
      vertex -2.14875 0.196448 -23.0962
      vertex -2.24781 -0.263967 -23.9784
      vertex -2.15029 0.20458 -23.1003
    endloop
  endfacet
  facet normal 0.981353 0.101557 -0.163196
    outer loop
      vertex -2.14875 0.196448 -23.0962
      vertex -2.24627 -0.272099 -23.9742
      vertex -2.24781 -0.263967 -23.9784
    endloop
  endfacet
  facet normal 0.980996 0.103433 -0.164157
    outer loop
      vertex -2.14722 0.188444 -23.0921
      vertex -2.24627 -0.272099 -23.9742
      vertex -2.14875 0.196448 -23.0962
    endloop
  endfacet
  facet normal 0.980996 0.103433 -0.164157
    outer loop
      vertex -2.14722 0.188444 -23.0921
      vertex -2.24474 -0.280103 -23.9701
      vertex -2.24627 -0.272099 -23.9742
    endloop
  endfacet
  facet normal 0.980558 0.105706 -0.165322
    outer loop
      vertex -2.1457 0.1806 -23.0881
      vertex -2.24474 -0.280103 -23.9701
      vertex -2.14722 0.188444 -23.0921
    endloop
  endfacet
  facet normal 0.980744 0.104739 -0.164837
    outer loop
      vertex -2.1457 0.1806 -23.0881
      vertex -2.24323 -0.287947 -23.9661
      vertex -2.24474 -0.280103 -23.9701
    endloop
  endfacet
  facet normal 0.980925 0.103796 -0.164354
    outer loop
      vertex -2.14422 0.172947 -23.0841
      vertex -2.24323 -0.287947 -23.9661
      vertex -2.1457 0.1806 -23.0881
    endloop
  endfacet
  facet normal 0.980417 0.106449 -0.165684
    outer loop
      vertex -2.14422 0.172947 -23.0841
      vertex -2.24174 -0.2956 -23.9622
      vertex -2.24323 -0.287947 -23.9661
    endloop
  endfacet
  facet normal 0.980389 0.106595 -0.165758
    outer loop
      vertex -2.14277 0.16552 -23.0803
      vertex -2.24174 -0.2956 -23.9622
      vertex -2.14422 0.172947 -23.0841
    endloop
  endfacet
  facet normal 0.980389 0.106595 -0.165758
    outer loop
      vertex -2.14277 0.16552 -23.0803
      vertex -2.24029 -0.303027 -23.9584
      vertex -2.24174 -0.2956 -23.9622
    endloop
  endfacet
  facet normal 0.979939 0.10888 -0.166927
    outer loop
      vertex -2.14136 0.158349 -23.0767
      vertex -2.24029 -0.303027 -23.9584
      vertex -2.14277 0.16552 -23.0803
    endloop
  endfacet
  facet normal 0.98029 0.107085 -0.166028
    outer loop
      vertex -2.14136 0.158349 -23.0767
      vertex -2.23888 -0.310198 -23.9547
      vertex -2.24029 -0.303027 -23.9584
    endloop
  endfacet
  facet normal 0.980107 0.108012 -0.166502
    outer loop
      vertex -2.13999 0.151467 -23.0731
      vertex -2.23888 -0.310198 -23.9547
      vertex -2.14136 0.158349 -23.0767
    endloop
  endfacet
  facet normal 0.979957 0.108781 -0.166888
    outer loop
      vertex -2.13999 0.151467 -23.0731
      vertex -2.23752 -0.31708 -23.9512
      vertex -2.23888 -0.310198 -23.9547
    endloop
  endfacet
  facet normal 0.979737 0.109885 -0.167452
    outer loop
      vertex -2.13869 0.144905 -23.0698
      vertex -2.23752 -0.31708 -23.9512
      vertex -2.13999 0.151467 -23.0731
    endloop
  endfacet
  facet normal 0.979898 0.10907 -0.167043
    outer loop
      vertex -2.13869 0.144905 -23.0698
      vertex -2.23621 -0.323642 -23.9478
      vertex -2.23752 -0.31708 -23.9512
    endloop
  endfacet
  facet normal 0.979572 0.110704 -0.167879
    outer loop
      vertex -2.13744 0.138697 -23.0666
      vertex -2.23621 -0.323642 -23.9478
      vertex -2.13869 0.144905 -23.0698
    endloop
  endfacet
  facet normal 0.979152 0.112799 -0.168931
    outer loop
      vertex -2.13744 0.138697 -23.0666
      vertex -2.23496 -0.32985 -23.9447
      vertex -2.23621 -0.323642 -23.9478
    endloop
  endfacet
  facet normal 0.979368 0.111731 -0.168385
    outer loop
      vertex -2.13626 0.132875 -23.0636
      vertex -2.23496 -0.32985 -23.9447
      vertex -2.13744 0.138697 -23.0666
    endloop
  endfacet
  facet normal 0.979627 0.110436 -0.167734
    outer loop
      vertex -2.13626 0.132875 -23.0636
      vertex -2.23379 -0.335672 -23.9417
      vertex -2.23496 -0.32985 -23.9447
    endloop
  endfacet
  facet normal 0.978819 0.114419 -0.16977
    outer loop
      vertex -2.13516 0.127471 -23.0609
      vertex -2.23379 -0.335672 -23.9417
      vertex -2.13626 0.132875 -23.0636
    endloop
  endfacet
  facet normal 0.979308 0.112006 -0.168556
    outer loop
      vertex -2.13516 0.127471 -23.0609
      vertex -2.23269 -0.341076 -23.9389
      vertex -2.23379 -0.335672 -23.9417
    endloop
  endfacet
  facet normal 0.979436 0.111369 -0.16823
    outer loop
      vertex -2.13415 0.122516 -23.0583
      vertex -2.23269 -0.341076 -23.9389
      vertex -2.13516 0.127471 -23.0609
    endloop
  endfacet
  facet normal 0.978595 0.115514 -0.170318
    outer loop
      vertex -2.13415 0.122516 -23.0583
      vertex -2.23167 -0.346031 -23.9364
      vertex -2.23269 -0.341076 -23.9389
    endloop
  endfacet
  facet normal 0.977916 0.118764 -0.171977
    outer loop
      vertex -2.13322 0.118044 -23.0561
      vertex -2.23167 -0.346031 -23.9364
      vertex -2.13415 0.122516 -23.0583
    endloop
  endfacet
  facet normal 0.978875 0.11413 -0.169641
    outer loop
      vertex -2.13322 0.118044 -23.0561
      vertex -2.23075 -0.350503 -23.9341
      vertex -2.23167 -0.346031 -23.9364
    endloop
  endfacet
  facet normal 0.979079 0.113133 -0.169132
    outer loop
      vertex -2.1324 0.114087 -23.054
      vertex -2.23075 -0.350503 -23.9341
      vertex -2.13322 0.118044 -23.0561
    endloop
  endfacet
  facet normal 0.978007 0.118331 -0.171756
    outer loop
      vertex -2.1324 0.114087 -23.054
      vertex -2.22992 -0.35446 -23.9321
      vertex -2.23075 -0.350503 -23.9341
    endloop
  endfacet
  facet normal 0.977131 0.122438 -0.17385
    outer loop
      vertex -2.13167 0.110675 -23.0523
      vertex -2.22992 -0.35446 -23.9321
      vertex -2.1324 0.114087 -23.054
    endloop
  endfacet
  facet normal 0.978413 0.116368 -0.170784
    outer loop
      vertex -2.13167 0.110675 -23.0523
      vertex -2.2292 -0.357872 -23.9303
      vertex -2.22992 -0.35446 -23.9321
    endloop
  endfacet
  facet normal 0.976779 0.124034 -0.174694
    outer loop
      vertex -2.13106 0.107843 -23.0509
      vertex -2.2292 -0.357872 -23.9303
      vertex -2.13167 0.110675 -23.0523
    endloop
  endfacet
  facet normal 0.976779 0.124034 -0.174694
    outer loop
      vertex -2.13106 0.107843 -23.0509
      vertex -2.22859 -0.360704 -23.9289
      vertex -2.2292 -0.357872 -23.9303
    endloop
  endfacet
  facet normal 0.977258 0.121825 -0.173568
    outer loop
      vertex -2.13057 0.105622 -23.0497
      vertex -2.22859 -0.360704 -23.9289
      vertex -2.13106 0.107843 -23.0509
    endloop
  endfacet
  facet normal 0.975184 0.13122 -0.17832
    outer loop
      vertex -2.13057 0.105622 -23.0497
      vertex -2.22809 -0.362925 -23.9278
      vertex -2.22859 -0.360704 -23.9289
    endloop
  endfacet
  facet normal 0.976192 0.12673 -0.176036
    outer loop
      vertex -2.12938 0.100206 -23.047
      vertex -2.22809 -0.362925 -23.9278
      vertex -2.13057 0.105622 -23.0497
    endloop
  endfacet
  facet normal 0.976735 0.124244 -0.17479
    outer loop
      vertex -2.12938 0.100206 -23.047
      vertex -2.2269 -0.368341 -23.925
      vertex -2.22809 -0.362925 -23.9278
    endloop
  endfacet
  facet normal 0.961765 0.182495 -0.204213
    outer loop
      vertex -2.12803 0.0956651 -23.0447
      vertex -2.2269 -0.368341 -23.925
      vertex -2.12938 0.100206 -23.047
    endloop
  endfacet
  facet normal 0.961766 0.182492 -0.204212
    outer loop
      vertex -2.12803 0.0956651 -23.0447
      vertex -2.22555 -0.372882 -23.9227
      vertex -2.2269 -0.368341 -23.925
    endloop
  endfacet
  facet normal 0.931028 0.268796 -0.246853
    outer loop
      vertex -2.1265 0.0920187 -23.0429
      vertex -2.22555 -0.372882 -23.9227
      vertex -2.12803 0.0956651 -23.0447
    endloop
  endfacet
  facet normal 0.928989 0.273651 -0.249189
    outer loop
      vertex -2.1265 0.0920187 -23.0429
      vertex -2.22402 -0.376528 -23.921
      vertex -2.22555 -0.372882 -23.9227
    endloop
  endfacet
  facet normal 0.858656 0.406463 -0.312246
    outer loop
      vertex -2.12477 0.0892859 -23.0417
      vertex -2.22402 -0.376528 -23.921
      vertex -2.1265 0.0920187 -23.0429
    endloop
  endfacet
  facet normal 0.863138 0.399387 -0.309003
    outer loop
      vertex -2.12477 0.0892859 -23.0417
      vertex -2.22229 -0.379261 -23.9197
      vertex -2.22402 -0.376528 -23.921
    endloop
  endfacet
  facet normal 0.707212 0.588112 -0.392398
    outer loop
      vertex -2.12283 0.0874868 -23.0409
      vertex -2.22229 -0.379261 -23.9197
      vertex -2.12477 0.0892859 -23.0417
    endloop
  endfacet
  facet normal 0.697087 0.597537 -0.396258
    outer loop
      vertex -2.12283 0.0874868 -23.0409
      vertex -2.22035 -0.38106 -23.919
      vertex -2.22229 -0.379261 -23.9197
    endloop
  endfacet
  facet normal 0.356504 0.807268 -0.470344
    outer loop
      vertex -2.12065 0.0866406 -23.0407
      vertex -2.22035 -0.38106 -23.919
      vertex -2.12283 0.0874868 -23.0409
    endloop
  endfacet
  facet normal 0.374915 0.799946 -0.468535
    outer loop
      vertex -2.12065 0.0866406 -23.0407
      vertex -2.21817 -0.381906 -23.9187
      vertex -2.22035 -0.38106 -23.919
    endloop
  endfacet
  facet normal -0.102612 0.882268 -0.459427
    outer loop
      vertex -2.11822 0.086767 -23.041
      vertex -2.21817 -0.381906 -23.9187
      vertex -2.12065 0.0866406 -23.0407
    endloop
  endfacet
  facet normal -0.121381 0.881271 -0.456757
    outer loop
      vertex -2.11822 0.086767 -23.041
      vertex -2.21575 -0.38178 -23.9191
      vertex -2.21817 -0.381906 -23.9187
    endloop
  endfacet
  facet normal -0.460549 0.803356 -0.377511
    outer loop
      vertex -2.11553 0.0878862 -23.0419
      vertex -2.21575 -0.38178 -23.9191
      vertex -2.11822 0.086767 -23.041
    endloop
  endfacet
  facet normal -0.459173 0.803925 -0.377973
    outer loop
      vertex -2.11553 0.0878862 -23.0419
      vertex -2.21305 -0.380661 -23.92
      vertex -2.21575 -0.38178 -23.9191
    endloop
  endfacet
  facet normal -0.648927 0.698851 -0.300833
    outer loop
      vertex -2.11254 0.0900169 -23.0434
      vertex -2.21305 -0.380661 -23.92
      vertex -2.11553 0.0878862 -23.0419
    endloop
  endfacet
  facet normal -0.643174 0.702926 -0.303681
    outer loop
      vertex -2.11254 0.0900169 -23.0434
      vertex -2.21006 -0.37853 -23.9214
      vertex -2.21305 -0.380661 -23.92
    endloop
  endfacet
  facet normal -0.747673 0.616781 -0.246102
    outer loop
      vertex -2.10924 0.0931793 -23.0455
      vertex -2.21006 -0.37853 -23.9214
      vertex -2.11254 0.0900169 -23.0434
    endloop
  endfacet
  facet normal -0.748617 0.615873 -0.245505
    outer loop
      vertex -2.10924 0.0931793 -23.0455
      vertex -2.20677 -0.375368 -23.9235
      vertex -2.21006 -0.37853 -23.9214
    endloop
  endfacet
  facet normal -0.80183 0.5596 -0.209563
    outer loop
      vertex -2.10562 0.0973926 -23.0481
      vertex -2.20677 -0.375368 -23.9235
      vertex -2.10924 0.0931793 -23.0455
    endloop
  endfacet
  facet normal -0.801868 0.559556 -0.209535
    outer loop
      vertex -2.10562 0.0973926 -23.0481
      vertex -2.20315 -0.371154 -23.9261
      vertex -2.20677 -0.375368 -23.9235
    endloop
  endfacet
  facet normal -0.83799 0.514605 -0.181534
    outer loop
      vertex -2.10166 0.102677 -23.0514
      vertex -2.20315 -0.371154 -23.9261
      vertex -2.10562 0.0973926 -23.0481
    endloop
  endfacet
  facet normal -0.837366 0.515435 -0.182056
    outer loop
      vertex -2.10166 0.102677 -23.0514
      vertex -2.19918 -0.36587 -23.9294
      vertex -2.20315 -0.371154 -23.9261
    endloop
  endfacet
  facet normal -0.859618 0.484257 -0.162947
    outer loop
      vertex -2.09733 0.109051 -23.0553
      vertex -2.19918 -0.36587 -23.9294
      vertex -2.10166 0.102677 -23.0514
    endloop
  endfacet
  facet normal -0.859618 0.484257 -0.162947
    outer loop
      vertex -2.09733 0.109051 -23.0553
      vertex -2.19485 -0.359496 -23.9333
      vertex -2.19918 -0.36587 -23.9294
    endloop
  endfacet
  facet normal -0.874826 0.461004 -0.148848
    outer loop
      vertex -2.09262 0.116536 -23.0598
      vertex -2.19485 -0.359496 -23.9333
      vertex -2.09733 0.109051 -23.0553
    endloop
  endfacet
  facet normal -0.874826 0.461004 -0.148848
    outer loop
      vertex -2.09262 0.116536 -23.0598
      vertex -2.19014 -0.352011 -23.9378
      vertex -2.19485 -0.359496 -23.9333
    endloop
  endfacet
  facet normal -0.885545 0.443487 -0.13831
    outer loop
      vertex -2.08751 0.125149 -23.0649
      vertex -2.19014 -0.352011 -23.9378
      vertex -2.09262 0.116536 -23.0598
    endloop
  endfacet
  facet normal -0.8861 0.442557 -0.137736
    outer loop
      vertex -2.08751 0.125149 -23.0649
      vertex -2.18503 -0.343398 -23.943
      vertex -2.19014 -0.352011 -23.9378
    endloop
  endfacet
  facet normal -0.894285 0.428417 -0.129282
    outer loop
      vertex -2.08198 0.134912 -23.0708
      vertex -2.18503 -0.343398 -23.943
      vertex -2.08751 0.125149 -23.0649
    endloop
  endfacet
  facet normal -0.893839 0.429201 -0.129765
    outer loop
      vertex -2.08198 0.134912 -23.0708
      vertex -2.1795 -0.333635 -23.9488
      vertex -2.18503 -0.343398 -23.943
    endloop
  endfacet
  facet normal -0.899956 0.418206 -0.123218
    outer loop
      vertex -2.07601 0.145844 -23.0773
      vertex -2.1795 -0.333635 -23.9488
      vertex -2.08198 0.134912 -23.0708
    endloop
  endfacet
  facet normal -0.899956 0.418206 -0.123218
    outer loop
      vertex -2.07601 0.145844 -23.0773
      vertex -2.17353 -0.322703 -23.9553
      vertex -2.1795 -0.333635 -23.9488
    endloop
  endfacet
  facet normal -0.904466 0.409828 -0.118246
    outer loop
      vertex -2.06959 0.157964 -23.0844
      vertex -2.17353 -0.322703 -23.9553
      vertex -2.07601 0.145844 -23.0773
    endloop
  endfacet
  facet normal -0.904781 0.409236 -0.117882
    outer loop
      vertex -2.06959 0.157964 -23.0844
      vertex -2.16711 -0.310583 -23.9625
      vertex -2.17353 -0.322703 -23.9553
    endloop
  endfacet
  facet normal -0.908225 0.402659 -0.11399
    outer loop
      vertex -2.06269 0.171291 -23.0923
      vertex -2.16711 -0.310583 -23.9625
      vertex -2.06959 0.157964 -23.0844
    endloop
  endfacet
  facet normal -0.908225 0.402659 -0.11399
    outer loop
      vertex -2.06269 0.171291 -23.0923
      vertex -2.16021 -0.297256 -23.9704
      vertex -2.16711 -0.310583 -23.9625
    endloop
  endfacet
  facet normal -0.911062 0.397124 -0.110722
    outer loop
      vertex -2.0553 0.185847 -23.1009
      vertex -2.16021 -0.297256 -23.9704
      vertex -2.06269 0.171291 -23.0923
    endloop
  endfacet
  facet normal -0.910821 0.397594 -0.111011
    outer loop
      vertex -2.0553 0.185847 -23.1009
      vertex -2.15282 -0.2827 -23.9789
      vertex -2.16021 -0.297256 -23.9704
    endloop
  endfacet
  facet normal -0.90461 0.409556 -0.118085
    outer loop
      vertex -2.02962 0.234293 -23.1296
      vertex -2.15282 -0.2827 -23.9789
      vertex -2.0553 0.185847 -23.1009
    endloop
  endfacet
  facet normal -0.90467 0.409446 -0.118009
    outer loop
      vertex -2.02962 0.234293 -23.1296
      vertex -2.12715 -0.234254 -24.0076
      vertex -2.15282 -0.2827 -23.9789
    endloop
  endfacet
  facet normal -0.887335 0.440463 -0.136487
    outer loop
      vertex -2.00258 0.280245 -23.1571
      vertex -2.12715 -0.234254 -24.0076
      vertex -2.02962 0.234293 -23.1296
    endloop
  endfacet
  facet normal -0.887371 0.440404 -0.136446
    outer loop
      vertex -2.00258 0.280245 -23.1571
      vertex -2.1001 -0.188302 -24.0352
      vertex -2.12715 -0.234254 -24.0076
    endloop
  endfacet
  facet normal -0.867263 0.47279 -0.155961
    outer loop
      vertex -1.97412 0.323742 -23.1835
      vertex -2.1001 -0.188302 -24.0352
      vertex -2.00258 0.280245 -23.1571
    endloop
  endfacet
  facet normal -0.867134 0.472983 -0.156095
    outer loop
      vertex -1.97412 0.323742 -23.1835
      vertex -2.07164 -0.144805 -24.0615
      vertex -2.1001 -0.188302 -24.0352
    endloop
  endfacet
  facet normal -0.843759 0.50679 -0.176733
    outer loop
      vertex -1.94417 0.364818 -23.2087
      vertex -2.07164 -0.144805 -24.0615
      vertex -1.97412 0.323742 -23.1835
    endloop
  endfacet
  facet normal -0.843921 0.506573 -0.176579
    outer loop
      vertex -1.94417 0.364818 -23.2087
      vertex -2.04169 -0.103729 -24.0868
      vertex -2.07164 -0.144805 -24.0615
    endloop
  endfacet
  facet normal -0.817294 0.541141 -0.197981
    outer loop
      vertex -1.91269 0.403509 -23.2329
      vertex -2.04169 -0.103729 -24.0868
      vertex -1.94417 0.364818 -23.2087
    endloop
  endfacet
  facet normal -0.817094 0.54138 -0.198154
    outer loop
      vertex -1.91269 0.403509 -23.2329
      vertex -2.01021 -0.0650379 -24.1109
      vertex -2.04169 -0.103729 -24.0868
    endloop
  endfacet
  facet normal -0.786888 0.57646 -0.220229
    outer loop
      vertex -1.8796 0.439853 -23.256
      vertex -2.01021 -0.0650379 -24.1109
      vertex -1.91269 0.403509 -23.2329
    endloop
  endfacet
  facet normal -0.786886 0.576462 -0.220231
    outer loop
      vertex -1.8796 0.439853 -23.256
      vertex -1.97712 -0.0286943 -24.134
      vertex -2.01021 -0.0650379 -24.1109
    endloop
  endfacet
  facet normal -0.752853 0.611751 -0.242843
    outer loop
      vertex -1.84485 0.473885 -23.278
      vertex -1.97712 -0.0286943 -24.134
      vertex -1.8796 0.439853 -23.256
    endloop
  endfacet
  facet normal -0.752853 0.611751 -0.242843
    outer loop
      vertex -1.84485 0.473885 -23.278
      vertex -1.94237 0.00533763 -24.156
      vertex -1.97712 -0.0286943 -24.134
    endloop
  endfacet
  facet normal -0.715598 0.646153 -0.26534
    outer loop
      vertex -1.80839 0.50564 -23.299
      vertex -1.94237 0.00533763 -24.156
      vertex -1.84485 0.473885 -23.278
    endloop
  endfacet
  facet normal -0.715605 0.646148 -0.265335
    outer loop
      vertex -1.80839 0.50564 -23.299
      vertex -1.90591 0.0370934 -24.177
      vertex -1.94237 0.00533763 -24.156
    endloop
  endfacet
  facet normal -0.674939 0.679496 -0.287649
    outer loop
      vertex -1.77015 0.535157 -23.319
      vertex -1.90591 0.0370934 -24.177
      vertex -1.80839 0.50564 -23.299
    endloop
  endfacet
  facet normal -0.674937 0.679498 -0.28765
    outer loop
      vertex -1.77015 0.535157 -23.319
      vertex -1.86767 0.0666102 -24.197
      vertex -1.90591 0.0370934 -24.177
    endloop
  endfacet
  facet normal -0.631294 0.711157 -0.309392
    outer loop
      vertex -1.73007 0.56247 -23.338
      vertex -1.86767 0.0666102 -24.197
      vertex -1.77015 0.535157 -23.319
    endloop
  endfacet
  facet normal -0.631296 0.711155 -0.309391
    outer loop
      vertex -1.73007 0.56247 -23.338
      vertex -1.82759 0.0939234 -24.216
      vertex -1.86767 0.0666102 -24.197
    endloop
  endfacet
  facet normal -0.58582 0.740231 -0.329959
    outer loop
      vertex -1.6881 0.587617 -23.3561
      vertex -1.82759 0.0939234 -24.216
      vertex -1.73007 0.56247 -23.338
    endloop
  endfacet
  facet normal -0.585815 0.740234 -0.329961
    outer loop
      vertex -1.6881 0.587617 -23.3561
      vertex -1.78562 0.11907 -24.2341
      vertex -1.82759 0.0939234 -24.216
    endloop
  endfacet
  facet normal -0.53795 0.767067 -0.349597
    outer loop
      vertex -1.64417 0.610632 -23.3732
      vertex -1.78562 0.11907 -24.2341
      vertex -1.6881 0.587617 -23.3561
    endloop
  endfacet
  facet normal -0.538504 0.766791 -0.349348
    outer loop
      vertex -1.64417 0.610632 -23.3732
      vertex -1.74169 0.142085 -24.2513
      vertex -1.78562 0.11907 -24.2341
    endloop
  endfacet
  facet normal -0.490268 0.790397 -0.367301
    outer loop
      vertex -1.59823 0.631553 -23.3895
      vertex -1.74169 0.142085 -24.2513
      vertex -1.64417 0.610632 -23.3732
    endloop
  endfacet
  facet normal -0.489751 0.790619 -0.367513
    outer loop
      vertex -1.59823 0.631553 -23.3895
      vertex -1.69576 0.163006 -24.2675
      vertex -1.74169 0.142085 -24.2513
    endloop
  endfacet
  facet normal -0.441706 0.810965 -0.383708
    outer loop
      vertex -1.55022 0.650416 -23.4049
      vertex -1.69576 0.163006 -24.2675
      vertex -1.59823 0.631553 -23.3895
    endloop
  endfacet
  facet normal -0.441706 0.810965 -0.383708
    outer loop
      vertex -1.55022 0.650416 -23.4049
      vertex -1.64775 0.181869 -24.2829
      vertex -1.69576 0.163006 -24.2675
    endloop
  endfacet
  facet normal -0.394134 0.82829 -0.398238
    outer loop
      vertex -1.50008 0.667255 -23.4195
      vertex -1.64775 0.181869 -24.2829
      vertex -1.55022 0.650416 -23.4049
    endloop
  endfacet
  facet normal -0.394134 0.82829 -0.398238
    outer loop
      vertex -1.50008 0.667255 -23.4195
      vertex -1.59761 0.198708 -24.2975
      vertex -1.64775 0.181869 -24.2829
    endloop
  endfacet
  facet normal -0.346947 0.8429 -0.411276
    outer loop
      vertex -1.44775 0.68211 -23.4332
      vertex -1.59761 0.198708 -24.2975
      vertex -1.50008 0.667255 -23.4195
    endloop
  endfacet
  facet normal -0.346947 0.8429 -0.411276
    outer loop
      vertex -1.44775 0.68211 -23.4332
      vertex -1.54528 0.213563 -24.3112
      vertex -1.59761 0.198708 -24.2975
    endloop
  endfacet
  facet normal -0.301908 0.854593 -0.422519
    outer loop
      vertex -1.39317 0.695014 -23.4461
      vertex -1.54528 0.213563 -24.3112
      vertex -1.44775 0.68211 -23.4332
    endloop
  endfacet
  facet normal -0.3026 0.854448 -0.422317
    outer loop
      vertex -1.39317 0.695014 -23.4461
      vertex -1.4907 0.226467 -24.3242
      vertex -1.54528 0.213563 -24.3112
    endloop
  endfacet
  facet normal -0.259559 0.863699 -0.432034
    outer loop
      vertex -1.33629 0.706005 -23.4583
      vertex -1.4907 0.226467 -24.3242
      vertex -1.39317 0.695014 -23.4461
    endloop
  endfacet
  facet normal -0.259517 0.863706 -0.432045
    outer loop
      vertex -1.33629 0.706005 -23.4583
      vertex -1.43381 0.237458 -24.3364
      vertex -1.4907 0.226467 -24.3242
    endloop
  endfacet
  facet normal -0.21936 0.870679 -0.440226
    outer loop
      vertex -1.27704 0.715118 -23.4698
      vertex -1.43381 0.237458 -24.3364
      vertex -1.33629 0.706005 -23.4583
    endloop
  endfacet
  facet normal -0.218664 0.870766 -0.4404
    outer loop
      vertex -1.27704 0.715118 -23.4698
      vertex -1.37456 0.246571 -24.3478
      vertex -1.43381 0.237458 -24.3364
    endloop
  endfacet
  facet normal -0.180868 0.875889 -0.447331
    outer loop
      vertex -1.21536 0.72239 -23.4805
      vertex -1.37456 0.246571 -24.3478
      vertex -1.27704 0.715118 -23.4698
    endloop
  endfacet
  facet normal -0.180868 0.875889 -0.447331
    outer loop
      vertex -1.21536 0.72239 -23.4805
      vertex -1.31288 0.253843 -24.3585
      vertex -1.37456 0.246571 -24.3478
    endloop
  endfacet
  facet normal -0.149517 0.879121 -0.452538
    outer loop
      vertex -1.17986 0.725545 -23.4861
      vertex -1.31288 0.253843 -24.3585
      vertex -1.21536 0.72239 -23.4805
    endloop
  endfacet
  facet normal -0.150787 0.879029 -0.452295
    outer loop
      vertex -1.17986 0.725545 -23.4861
      vertex -1.27739 0.256998 -24.3642
      vertex -1.31288 0.253843 -24.3585
    endloop
  endfacet
  facet normal -0.128086 0.88083 -0.455777
    outer loop
      vertex -1.14276 0.728094 -23.4916
      vertex -1.27739 0.256998 -24.3642
      vertex -1.17986 0.725545 -23.4861
    endloop
  endfacet
  facet normal -0.128053 0.880831 -0.455783
    outer loop
      vertex -1.14276 0.728094 -23.4916
      vertex -1.24028 0.259547 -24.3697
      vertex -1.27739 0.256998 -24.3642
    endloop
  endfacet
  facet normal -0.107675 0.882046 -0.458694
    outer loop
      vertex -1.1042 0.730045 -23.4969
      vertex -1.24028 0.259547 -24.3697
      vertex -1.14276 0.728094 -23.4916
    endloop
  endfacet
  facet normal -0.107675 0.882046 -0.458694
    outer loop
      vertex -1.1042 0.730045 -23.4969
      vertex -1.20172 0.261498 -24.375
      vertex -1.24028 0.259547 -24.3697
    endloop
  endfacet
  facet normal -0.0902409 0.882786 -0.461026
    outer loop
      vertex -1.06432 0.731406 -23.5021
      vertex -1.20172 0.261498 -24.375
      vertex -1.1042 0.730045 -23.4969
    endloop
  endfacet
  facet normal -0.0891094 0.882804 -0.461213
    outer loop
      vertex -1.06432 0.731406 -23.5021
      vertex -1.16184 0.262859 -24.3801
      vertex -1.20172 0.261498 -24.375
    endloop
  endfacet
  facet normal -0.0732018 0.883223 -0.463204
    outer loop
      vertex -1.02327 0.732186 -23.5071
      vertex -1.16184 0.262859 -24.3801
      vertex -1.06432 0.731406 -23.5021
    endloop
  endfacet
  facet normal -0.0732018 0.883223 -0.463204
    outer loop
      vertex -1.02327 0.732186 -23.5071
      vertex -1.12079 0.263639 -24.3851
      vertex -1.16184 0.262859 -24.3801
    endloop
  endfacet
  facet normal -0.05739 0.883416 -0.465063
    outer loop
      vertex -0.981202 0.732392 -23.5119
      vertex -1.12079 0.263639 -24.3851
      vertex -1.02327 0.732186 -23.5071
    endloop
  endfacet
  facet normal -0.0573874 0.883416 -0.465063
    outer loop
      vertex -0.981202 0.732392 -23.5119
      vertex -1.07872 0.263845 -24.3899
      vertex -1.12079 0.263639 -24.3851
    endloop
  endfacet
  facet normal -0.041554 0.883384 -0.466805
    outer loop
      vertex -0.938261 0.732034 -23.5164
      vertex -1.07872 0.263845 -24.3899
      vertex -0.981202 0.732392 -23.5119
    endloop
  endfacet
  facet normal -0.0426251 0.883415 -0.466649
    outer loop
      vertex -0.938261 0.732034 -23.5164
      vertex -1.03578 0.263487 -24.3945
      vertex -1.07872 0.263845 -24.3899
    endloop
  endfacet
  facet normal -0.02866 0.883214 -0.468093
    outer loop
      vertex -0.894595 0.731119 -23.5208
      vertex -1.03578 0.263487 -24.3945
      vertex -0.938261 0.732034 -23.5164
    endloop
  endfacet
  facet normal -0.0276053 0.88317 -0.46824
    outer loop
      vertex -0.894595 0.731119 -23.5208
      vertex -0.992117 0.262572 -24.3988
      vertex -1.03578 0.263487 -24.3945
    endloop
  endfacet
  facet normal -0.0142974 0.882805 -0.469523
    outer loop
      vertex -0.850348 0.729655 -23.5249
      vertex -0.992117 0.262572 -24.3988
      vertex -0.894595 0.731119 -23.5208
    endloop
  endfacet
  facet normal -0.0153435 0.882861 -0.469383
    outer loop
      vertex -0.850348 0.729655 -23.5249
      vertex -0.94787 0.261108 -24.403
      vertex -0.992117 0.262572 -24.3988
    endloop
  endfacet
  facet normal -0.00150623 0.882327 -0.470635
    outer loop
      vertex -0.805671 0.727651 -23.5288
      vertex -0.94787 0.261108 -24.403
      vertex -0.850348 0.729655 -23.5249
    endloop
  endfacet
  facet normal -0.00150623 0.882327 -0.470635
    outer loop
      vertex -0.805671 0.727651 -23.5288
      vertex -0.903193 0.259104 -24.4069
      vertex -0.94787 0.261108 -24.403
    endloop
  endfacet
  facet normal 0.0109153 0.881702 -0.471681
    outer loop
      vertex -0.760709 0.725115 -23.5325
      vertex -0.903193 0.259104 -24.4069
      vertex -0.805671 0.727651 -23.5288
    endloop
  endfacet
  facet normal 0.0119498 0.881621 -0.471807
    outer loop
      vertex -0.760709 0.725115 -23.5325
      vertex -0.858231 0.256568 -24.4105
      vertex -0.903193 0.259104 -24.4069
    endloop
  endfacet
  facet normal 0.0251636 0.880793 -0.472832
    outer loop
      vertex -0.715609 0.722055 -23.5358
      vertex -0.858231 0.256568 -24.4105
      vertex -0.760709 0.725115 -23.5325
    endloop
  endfacet
  facet normal 0.0241305 0.880886 -0.472713
    outer loop
      vertex -0.715609 0.722055 -23.5358
      vertex -0.813131 0.253508 -24.4139
      vertex -0.858231 0.256568 -24.4105
    endloop
  endfacet
  facet normal 0.0372014 0.879926 -0.473653
    outer loop
      vertex -0.670519 0.71848 -23.5389
      vertex -0.813131 0.253508 -24.4139
      vertex -0.715609 0.722055 -23.5358
    endloop
  endfacet
  facet normal 0.0372014 0.879926 -0.473653
    outer loop
      vertex -0.670519 0.71848 -23.5389
      vertex -0.768041 0.249933 -24.417
      vertex -0.813131 0.253508 -24.4139
    endloop
  endfacet
  facet normal 0.0502679 0.878813 -0.47451
    outer loop
      vertex -0.625586 0.714398 -23.5417
      vertex -0.768041 0.249933 -24.417
      vertex -0.670519 0.71848 -23.5389
    endloop
  endfacet
  facet normal 0.0502679 0.878813 -0.47451
    outer loop
      vertex -0.625586 0.714398 -23.5417
      vertex -0.723108 0.245851 -24.4198
      vertex -0.768041 0.249933 -24.417
    endloop
  endfacet
  facet normal 0.0624187 0.877642 -0.475235
    outer loop
      vertex -0.580956 0.709816 -23.5443
      vertex -0.723108 0.245851 -24.4198
      vertex -0.625586 0.714398 -23.5417
    endloop
  endfacet
  facet normal 0.0634645 0.877512 -0.475336
    outer loop
      vertex -0.580956 0.709816 -23.5443
      vertex -0.678478 0.241269 -24.4223
      vertex -0.723108 0.245851 -24.4198
    endloop
  endfacet
  facet normal 0.0768718 0.876054 -0.476047
    outer loop
      vertex -0.536778 0.704744 -23.5465
      vertex -0.678478 0.241269 -24.4223
      vertex -0.580956 0.709816 -23.5443
    endloop
  endfacet
  facet normal 0.0768718 0.876054 -0.476047
    outer loop
      vertex -0.536778 0.704744 -23.5465
      vertex -0.6343 0.236197 -24.4245
      vertex -0.678478 0.241269 -24.4223
    endloop
  endfacet
  facet normal 0.0917466 0.874246 -0.476734
    outer loop
      vertex -0.493198 0.699189 -23.5483
      vertex -0.6343 0.236197 -24.4245
      vertex -0.536778 0.704744 -23.5465
    endloop
  endfacet
  facet normal 0.0906768 0.874406 -0.476646
    outer loop
      vertex -0.493198 0.699189 -23.5483
      vertex -0.59072 0.230642 -24.4264
      vertex -0.6343 0.236197 -24.4245
    endloop
  endfacet
  facet normal 0.104958 0.872497 -0.477214
    outer loop
      vertex -0.450363 0.693161 -23.5499
      vertex -0.59072 0.230642 -24.4264
      vertex -0.493198 0.699189 -23.5483
    endloop
  endfacet
  facet normal 0.106044 0.872321 -0.477295
    outer loop
      vertex -0.450363 0.693161 -23.5499
      vertex -0.547885 0.224614 -24.4279
      vertex -0.59072 0.230642 -24.4264
    endloop
  endfacet
  facet normal 0.121071 0.870098 -0.477778
    outer loop
      vertex -0.408421 0.686666 -23.5511
      vertex -0.547885 0.224614 -24.4279
      vertex -0.450363 0.693161 -23.5499
    endloop
  endfacet
  facet normal 0.121071 0.870098 -0.477778
    outer loop
      vertex -0.408421 0.686666 -23.5511
      vertex -0.505943 0.218119 -24.4291
      vertex -0.547885 0.224614 -24.4279
    endloop
  endfacet
  facet normal 0.138086 0.867332 -0.478192
    outer loop
      vertex -0.367519 0.679713 -23.5519
      vertex -0.505943 0.218119 -24.4291
      vertex -0.408421 0.686666 -23.5511
    endloop
  endfacet
  facet normal 0.138086 0.867332 -0.478192
    outer loop
      vertex -0.367519 0.679713 -23.5519
      vertex -0.465041 0.211166 -24.4299
      vertex -0.505943 0.218119 -24.4291
    endloop
  endfacet
  facet normal 0.159793 0.863418 -0.478514
    outer loop
      vertex -0.332993 0.673157 -23.5522
      vertex -0.465041 0.211166 -24.4299
      vertex -0.367519 0.679713 -23.5519
    endloop
  endfacet
  facet normal 0.15846 0.863694 -0.478459
    outer loop
      vertex -0.332993 0.673157 -23.5522
      vertex -0.430515 0.20461 -24.4303
      vertex -0.465041 0.211166 -24.4299
    endloop
  endfacet
  facet normal 0.180915 0.859214 -0.478562
    outer loop
      vertex -0.298461 0.665886 -23.5522
      vertex -0.430515 0.20461 -24.4303
      vertex -0.332993 0.673157 -23.5522
    endloop
  endfacet
  facet normal 0.182237 0.858912 -0.478602
    outer loop
      vertex -0.298461 0.665886 -23.5522
      vertex -0.395983 0.197339 -24.4302
      vertex -0.430515 0.20461 -24.4303
    endloop
  endfacet
  facet normal 0.202909 0.854344 -0.478461
    outer loop
      vertex -0.263994 0.657924 -23.5518
      vertex -0.395983 0.197339 -24.4302
      vertex -0.298461 0.665886 -23.5522
    endloop
  endfacet
  facet normal 0.202909 0.854344 -0.478461
    outer loop
      vertex -0.263994 0.657924 -23.5518
      vertex -0.361516 0.189377 -24.4298
      vertex -0.395983 0.197339 -24.4302
    endloop
  endfacet
  facet normal 0.224477 0.849145 -0.478082
    outer loop
      vertex -0.22966 0.649298 -23.551
      vertex -0.361516 0.189377 -24.4298
      vertex -0.263994 0.657924 -23.5518
    endloop
  endfacet
  facet normal 0.224477 0.849145 -0.478082
    outer loop
      vertex -0.22966 0.649298 -23.551
      vertex -0.327182 0.180751 -24.429
      vertex -0.361516 0.189377 -24.4298
    endloop
  endfacet
  facet normal 0.245817 0.843561 -0.477472
    outer loop
      vertex -0.195528 0.640031 -23.5498
      vertex -0.327182 0.180751 -24.429
      vertex -0.22966 0.649298 -23.551
    endloop
  endfacet
  facet normal 0.244521 0.843936 -0.477474
    outer loop
      vertex -0.195528 0.640031 -23.5498
      vertex -0.29305 0.171484 -24.4279
      vertex -0.327182 0.180751 -24.429
    endloop
  endfacet
  facet normal 0.265703 0.837979 -0.476648
    outer loop
      vertex -0.161668 0.630148 -23.5483
      vertex -0.29305 0.171484 -24.4279
      vertex -0.195528 0.640031 -23.5498
    endloop
  endfacet
  facet normal 0.265703 0.837979 -0.476648
    outer loop
      vertex -0.161668 0.630148 -23.5483
      vertex -0.25919 0.161601 -24.4264
      vertex -0.29305 0.171484 -24.4279
    endloop
  endfacet
  facet normal 0.286793 0.831604 -0.475588
    outer loop
      vertex -0.128149 0.619675 -23.5464
      vertex -0.25919 0.161601 -24.4264
      vertex -0.161668 0.630148 -23.5483
    endloop
  endfacet
  facet normal 0.286793 0.831604 -0.475588
    outer loop
      vertex -0.128149 0.619675 -23.5464
      vertex -0.225671 0.151128 -24.4245
      vertex -0.25919 0.161601 -24.4264
    endloop
  endfacet
  facet normal 0.306611 0.825202 -0.474374
    outer loop
      vertex -0.0950407 0.608638 -23.5442
      vertex -0.225671 0.151128 -24.4245
      vertex -0.128149 0.619675 -23.5464
    endloop
  endfacet
  facet normal 0.306614 0.825202 -0.474374
    outer loop
      vertex -0.0950407 0.608638 -23.5442
      vertex -0.192563 0.140091 -24.4223
      vertex -0.225671 0.151128 -24.4245
    endloop
  endfacet
  facet normal 0.326586 0.818339 -0.47293
    outer loop
      vertex -0.0624115 0.597061 -23.5417
      vertex -0.192563 0.140091 -24.4223
      vertex -0.0950407 0.608638 -23.5442
    endloop
  endfacet
  facet normal 0.327855 0.817865 -0.472872
    outer loop
      vertex -0.0624115 0.597061 -23.5417
      vertex -0.159933 0.128514 -24.4197
      vertex -0.192563 0.140091 -24.4223
    endloop
  endfacet
  facet normal 0.348098 0.810452 -0.471164
    outer loop
      vertex -0.030331 0.584968 -23.5388
      vertex -0.159933 0.128514 -24.4197
      vertex -0.0624115 0.597061 -23.5417
    endloop
  endfacet
  facet normal 0.348103 0.81045 -0.471164
    outer loop
      vertex -0.030331 0.584968 -23.5388
      vertex -0.127853 0.116421 -24.4168
      vertex -0.159933 0.128514 -24.4197
    endloop
  endfacet
  facet normal 0.36864 0.802475 -0.469189
    outer loop
      vertex 0.00113103 0.572386 -23.5356
      vertex -0.127853 0.116421 -24.4168
      vertex -0.030331 0.584968 -23.5388
    endloop
  endfacet
  facet normal 0.36864 0.802475 -0.469189
    outer loop
      vertex 0.00113103 0.572386 -23.5356
      vertex -0.096391 0.103839 -24.4136
      vertex -0.127853 0.116421 -24.4168
    endloop
  endfacet
  facet normal 0.390918 0.793294 -0.466764
    outer loop
      vertex 0.0319059 0.559339 -23.532
      vertex -0.096391 0.103839 -24.4136
      vertex 0.00113103 0.572386 -23.5356
    endloop
  endfacet
  facet normal 0.389642 0.793859 -0.46687
    outer loop
      vertex 0.0319059 0.559339 -23.532
      vertex -0.0656161 0.0907924 -24.4101
      vertex -0.096391 0.103839 -24.4136
    endloop
  endfacet
  facet normal 0.411196 0.784467 -0.464252
    outer loop
      vertex 0.0619244 0.545853 -23.5282
      vertex -0.0656161 0.0907924 -24.4101
      vertex 0.0319059 0.559339 -23.532
    endloop
  endfacet
  facet normal 0.412463 0.783874 -0.46413
    outer loop
      vertex 0.0619244 0.545853 -23.5282
      vertex -0.0355976 0.0773063 -24.4062
      vertex -0.0656161 0.0907924 -24.4101
    endloop
  endfacet
  facet normal 0.434699 0.773576 -0.461104
    outer loop
      vertex 0.0911173 0.531952 -23.524
      vertex -0.0355976 0.0773063 -24.4062
      vertex 0.0619244 0.545853 -23.5282
    endloop
  endfacet
  facet normal 0.434701 0.773575 -0.461104
    outer loop
      vertex 0.0911173 0.531952 -23.524
      vertex -0.00640468 0.0634052 -24.402
      vertex -0.0355976 0.0773063 -24.4062
    endloop
  endfacet
  facet normal 0.457716 0.762279 -0.457632
    outer loop
      vertex 0.119415 0.517662 -23.5195
      vertex -0.00640468 0.0634052 -24.402
      vertex 0.0911173 0.531952 -23.524
    endloop
  endfacet
  facet normal 0.457725 0.762274 -0.457631
    outer loop
      vertex 0.119415 0.517662 -23.5195
      vertex 0.0218926 0.049115 -24.3975
      vertex -0.00640468 0.0634052 -24.402
    endloop
  endfacet
  facet normal 0.481659 0.749811 -0.453638
    outer loop
      vertex 0.146748 0.503008 -23.5147
      vertex 0.0218926 0.049115 -24.3975
      vertex 0.119415 0.517662 -23.5195
    endloop
  endfacet
  facet normal 0.480407 0.750505 -0.453818
    outer loop
      vertex 0.146748 0.503008 -23.5147
      vertex 0.0492258 0.0344607 -24.3928
      vertex 0.0218926 0.049115 -24.3975
    endloop
  endfacet
  facet normal 0.506683 0.735989 -0.44899
    outer loop
      vertex 0.173047 0.488014 -23.5096
      vertex 0.0492258 0.0344607 -24.3928
      vertex 0.146748 0.503008 -23.5147
    endloop
  endfacet
  facet normal 0.506676 0.735993 -0.448992
    outer loop
      vertex 0.173047 0.488014 -23.5096
      vertex 0.0755255 0.0194666 -24.3877
      vertex 0.0492258 0.0344607 -24.3928
    endloop
  endfacet
  facet normal 0.531594 0.721337 -0.443938
    outer loop
      vertex 0.198245 0.472706 -23.5043
      vertex 0.0755255 0.0194666 -24.3877
      vertex 0.173047 0.488014 -23.5096
    endloop
  endfacet
  facet normal 0.532838 0.720558 -0.443712
    outer loop
      vertex 0.198245 0.472706 -23.5043
      vertex 0.100723 0.00415881 -24.3823
      vertex 0.0755255 0.0194666 -24.3877
    endloop
  endfacet
  facet normal 0.560377 0.70324 -0.437529
    outer loop
      vertex 0.22227 0.457108 -23.4986
      vertex 0.100723 0.00415881 -24.3823
      vertex 0.198245 0.472706 -23.5043
    endloop
  endfacet
  facet normal 0.559134 0.70407 -0.437783
    outer loop
      vertex 0.22227 0.457108 -23.4986
      vertex 0.124748 -0.0114385 -24.3767
      vertex 0.100723 0.00415881 -24.3823
    endloop
  endfacet
  facet normal 0.588101 0.684618 -0.430621
    outer loop
      vertex 0.245053 0.441248 -23.4927
      vertex 0.124748 -0.0114385 -24.3767
      vertex 0.22227 0.457108 -23.4986
    endloop
  endfacet
  facet normal 0.589329 0.68374 -0.430338
    outer loop
      vertex 0.245053 0.441248 -23.4927
      vertex 0.147531 -0.0272993 -24.3707
      vertex 0.124748 -0.0114385 -24.3767
    endloop
  endfacet
  facet normal 0.622782 0.659422 -0.421076
    outer loop
      vertex 0.285315 0.410758 -23.4809
      vertex 0.147531 -0.0272993 -24.3707
      vertex 0.245053 0.441248 -23.4927
    endloop
  endfacet
  facet normal 0.622778 0.659425 -0.421077
    outer loop
      vertex 0.285315 0.410758 -23.4809
      vertex 0.187793 -0.0577889 -24.3589
      vertex 0.147531 -0.0272993 -24.3707
    endloop
  endfacet
  facet normal 0.666088 0.624782 -0.407401
    outer loop
      vertex 0.323902 0.378162 -23.4678
      vertex 0.187793 -0.0577889 -24.3589
      vertex 0.285315 0.410758 -23.4809
    endloop
  endfacet
  facet normal 0.666098 0.624772 -0.407398
    outer loop
      vertex 0.323902 0.378162 -23.4678
      vertex 0.226379 -0.090385 -24.3458
      vertex 0.187793 -0.0577889 -24.3589
    endloop
  endfacet
  facet normal 0.706654 0.588635 -0.392617
    outer loop
      vertex 0.360814 0.343454 -23.4534
      vertex 0.226379 -0.090385 -24.3458
      vertex 0.323902 0.378162 -23.4678
    endloop
  endfacet
  facet normal 0.706645 0.588644 -0.392621
    outer loop
      vertex 0.360814 0.343454 -23.4534
      vertex 0.263292 -0.125093 -24.3314
      vertex 0.226379 -0.090385 -24.3458
    endloop
  endfacet
  facet normal 0.744662 0.550956 -0.376731
    outer loop
      vertex 0.396054 0.306628 -23.4376
      vertex 0.263292 -0.125093 -24.3314
      vertex 0.360814 0.343454 -23.4534
    endloop
  endfacet
  facet normal 0.744199 0.551462 -0.376906
    outer loop
      vertex 0.396054 0.306628 -23.4376
      vertex 0.298532 -0.161919 -24.3157
      vertex 0.263292 -0.125093 -24.3314
    endloop
  endfacet
  facet normal 0.778541 0.513682 -0.360561
    outer loop
      vertex 0.429625 0.26768 -23.4206
      vertex 0.298532 -0.161919 -24.3157
      vertex 0.396054 0.306628 -23.4376
    endloop
  endfacet
  facet normal 0.77895 0.513186 -0.360383
    outer loop
      vertex 0.429625 0.26768 -23.4206
      vertex 0.332103 -0.200867 -24.2986
      vertex 0.298532 -0.161919 -24.3157
    endloop
  endfacet
  facet normal 0.809997 0.475242 -0.343583
    outer loop
      vertex 0.46153 0.226604 -23.4022
      vertex 0.332103 -0.200867 -24.2986
      vertex 0.429625 0.26768 -23.4206
    endloop
  endfacet
  facet normal 0.809997 0.475242 -0.343583
    outer loop
      vertex 0.46153 0.226604 -23.4022
      vertex 0.364008 -0.241943 -24.2802
      vertex 0.332103 -0.200867 -24.2986
    endloop
  endfacet
  facet normal 0.837849 0.437482 -0.326526
    outer loop
      vertex 0.491769 0.183395 -23.3825
      vertex 0.364008 -0.241943 -24.2802
      vertex 0.46153 0.226604 -23.4022
    endloop
  endfacet
  facet normal 0.837849 0.437482 -0.326526
    outer loop
      vertex 0.491769 0.183395 -23.3825
      vertex 0.394247 -0.285152 -24.2605
      vertex 0.364008 -0.241943 -24.2802
    endloop
  endfacet
  facet normal 0.862571 0.400287 -0.309422
    outer loop
      vertex 0.520346 0.138048 -23.3615
      vertex 0.394247 -0.285152 -24.2605
      vertex 0.491769 0.183395 -23.3825
    endloop
  endfacet
  facet normal 0.862571 0.400287 -0.309422
    outer loop
      vertex 0.520346 0.138048 -23.3615
      vertex 0.422824 -0.330499 -24.2395
      vertex 0.394247 -0.285152 -24.2605
    endloop
  endfacet
  facet normal 0.88457 0.363502 -0.292236
    outer loop
      vertex 0.547262 0.0905572 -23.3391
      vertex 0.422824 -0.330499 -24.2395
      vertex 0.520346 0.138048 -23.3615
    endloop
  endfacet
  facet normal 0.884571 0.363501 -0.292235
    outer loop
      vertex 0.547262 0.0905572 -23.3391
      vertex 0.44974 -0.37799 -24.2171
      vertex 0.422824 -0.330499 -24.2395
    endloop
  endfacet
  facet normal 0.903528 0.328222 -0.275514
    outer loop
      vertex 0.572521 0.0409184 -23.3154
      vertex 0.44974 -0.37799 -24.2171
      vertex 0.547262 0.0905572 -23.3391
    endloop
  endfacet
  facet normal 0.903341 0.328607 -0.275668
    outer loop
      vertex 0.572521 0.0409184 -23.3154
      vertex 0.474999 -0.427629 -24.1935
      vertex 0.44974 -0.37799 -24.2171
    endloop
  endfacet
  facet normal 0.919957 0.29416 -0.259132
    outer loop
      vertex 0.596124 -0.0108746 -23.2904
      vertex 0.474999 -0.427629 -24.1935
      vertex 0.572521 0.0409184 -23.3154
    endloop
  endfacet
  facet normal 0.919957 0.29416 -0.259132
    outer loop
      vertex 0.596124 -0.0108746 -23.2904
      vertex 0.498602 -0.479422 -24.1685
      vertex 0.474999 -0.427629 -24.1935
    endloop
  endfacet
  facet normal 0.934071 0.261434 -0.243237
    outer loop
      vertex 0.618073 -0.0648261 -23.2641
      vertex 0.498602 -0.479422 -24.1685
      vertex 0.596124 -0.0108746 -23.2904
    endloop
  endfacet
  facet normal 0.934198 0.261104 -0.243103
    outer loop
      vertex 0.618073 -0.0648261 -23.2641
      vertex 0.520551 -0.533373 -24.1421
      vertex 0.498602 -0.479422 -24.1685
    endloop
  endfacet
  facet normal 0.946206 0.229835 -0.22775
    outer loop
      vertex 0.638371 -0.120942 -23.2364
      vertex 0.520551 -0.533373 -24.1421
      vertex 0.618073 -0.0648261 -23.2641
    endloop
  endfacet
  facet normal 0.946206 0.229835 -0.22775
    outer loop
      vertex 0.638371 -0.120942 -23.2364
      vertex 0.540849 -0.589489 -24.1144
      vertex 0.520551 -0.533373 -24.1421
    endloop
  endfacet
  facet normal 0.956446 0.199773 -0.212844
    outer loop
      vertex 0.657021 -0.179228 -23.2073
      vertex 0.540849 -0.589489 -24.1144
      vertex 0.638371 -0.120942 -23.2364
    endloop
  endfacet
  facet normal 0.956361 0.200053 -0.21296
    outer loop
      vertex 0.657021 -0.179228 -23.2073
      vertex 0.559499 -0.647775 -24.0854
      vertex 0.540849 -0.589489 -24.1144
    endloop
  endfacet
  facet normal 0.96488 0.171725 -0.198791
    outer loop
      vertex 0.674024 -0.239688 -23.177
      vertex 0.559499 -0.647775 -24.0854
      vertex 0.657021 -0.179228 -23.2073
    endloop
  endfacet
  facet normal 0.964947 0.171469 -0.198684
    outer loop
      vertex 0.674024 -0.239688 -23.177
      vertex 0.576502 -0.708235 -24.055
      vertex 0.559499 -0.647775 -24.0854
    endloop
  endfacet
  facet normal 0.972063 0.144412 -0.185035
    outer loop
      vertex 0.689383 -0.302327 -23.1452
      vertex 0.576502 -0.708235 -24.055
      vertex 0.674024 -0.239688 -23.177
    endloop
  endfacet
  facet normal 0.97201 0.144645 -0.185133
    outer loop
      vertex 0.689383 -0.302327 -23.1452
      vertex 0.591861 -0.770874 -24.0233
      vertex 0.576502 -0.708235 -24.055
    endloop
  endfacet
  facet normal 0.977818 0.119224 -0.172214
    outer loop
      vertex 0.703099 -0.367152 -23.1122
      vertex 0.591861 -0.770874 -24.0233
      vertex 0.689383 -0.302327 -23.1452
    endloop
  endfacet
  facet normal 0.977859 0.119012 -0.172125
    outer loop
      vertex 0.703099 -0.367152 -23.1122
      vertex 0.605577 -0.835699 -23.9902
      vertex 0.591861 -0.770874 -24.0233
    endloop
  endfacet
  facet normal 0.982559 0.0950198 -0.159843
    outer loop
      vertex 0.715176 -0.434167 -23.0778
      vertex 0.605577 -0.835699 -23.9902
      vertex 0.703099 -0.367152 -23.1122
    endloop
  endfacet
  facet normal 0.982559 0.0950198 -0.159843
    outer loop
      vertex 0.715176 -0.434167 -23.0778
      vertex 0.617654 -0.902714 -23.9558
      vertex 0.605577 -0.835699 -23.9902
    endloop
  endfacet
  facet normal 0.986338 0.0721874 -0.148078
    outer loop
      vertex 0.725616 -0.503378 -23.042
      vertex 0.617654 -0.902714 -23.9558
      vertex 0.715176 -0.434167 -23.0778
    endloop
  endfacet
  facet normal 0.986338 0.0721874 -0.148078
    outer loop
      vertex 0.725616 -0.503378 -23.042
      vertex 0.628094 -0.971925 -23.92
      vertex 0.617654 -0.902714 -23.9558
    endloop
  endfacet
  facet normal 0.98927 0.0507945 -0.136988
    outer loop
      vertex 0.73442 -0.574789 -23.0049
      vertex 0.628094 -0.971925 -23.92
      vertex 0.725616 -0.503378 -23.042
    endloop
  endfacet
  facet normal 0.98927 0.0507922 -0.136987
    outer loop
      vertex 0.73442 -0.574789 -23.0049
      vertex 0.636898 -1.04334 -23.8829
      vertex 0.628094 -0.971925 -23.92
    endloop
  endfacet
  facet normal 0.990601 0.039316 -0.13101
    outer loop
      vertex 0.73852 -0.612447 -22.9852
      vertex 0.636898 -1.04334 -23.8829
      vertex 0.73442 -0.574789 -23.0049
    endloop
  endfacet
  facet normal 0.990572 0.0396 -0.131143
    outer loop
      vertex 0.73852 -0.612447 -22.9852
      vertex 0.640998 -1.08099 -23.8633
      vertex 0.636898 -1.04334 -23.8829
    endloop
  endfacet
  facet normal 0.991498 0.0306371 -0.126464
    outer loop
      vertex 0.742141 -0.649553 -22.9658
      vertex 0.640998 -1.08099 -23.8633
      vertex 0.73852 -0.612447 -22.9852
    endloop
  endfacet
  facet normal 0.991498 0.0306345 -0.126462
    outer loop
      vertex 0.742141 -0.649553 -22.9658
      vertex 0.644619 -1.1181 -23.8439
      vertex 0.640998 -1.08099 -23.8633
    endloop
  endfacet
  facet normal 0.992549 0.018978 -0.120359
    outer loop
      vertex 0.745266 -0.687418 -22.946
      vertex 0.644619 -1.1181 -23.8439
      vertex 0.742141 -0.649553 -22.9658
    endloop
  endfacet
  facet normal 0.992568 0.0187265 -0.120241
    outer loop
      vertex 0.745266 -0.687418 -22.946
      vertex 0.647744 -1.15596 -23.824
      vertex 0.644619 -1.1181 -23.8439
    endloop
  endfacet
  facet normal 0.993566 0.00520813 -0.113138
    outer loop
      vertex 0.747878 -0.727354 -22.9249
      vertex 0.647744 -1.15596 -23.824
      vertex 0.745266 -0.687418 -22.946
    endloop
  endfacet
  facet normal 0.993552 0.00543414 -0.113244
    outer loop
      vertex 0.747878 -0.727354 -22.9249
      vertex 0.650356 -1.1959 -23.803
      vertex 0.647744 -1.15596 -23.824
    endloop
  endfacet
  facet normal 0.994329 -0.00825852 -0.106024
    outer loop
      vertex 0.74996 -0.770673 -22.902
      vertex 0.650356 -1.1959 -23.803
      vertex 0.747878 -0.727354 -22.9249
    endloop
  endfacet
  facet normal 0.994329 -0.00825837 -0.106024
    outer loop
      vertex 0.74996 -0.770673 -22.902
      vertex 0.652438 -1.23922 -23.7801
      vertex 0.650356 -1.1959 -23.803
    endloop
  endfacet
  facet normal 0.99483 -0.0207466 -0.0994158
    outer loop
      vertex 0.751497 -0.818686 -22.8766
      vertex 0.652438 -1.23922 -23.7801
      vertex 0.74996 -0.770673 -22.902
    endloop
  endfacet
  facet normal 0.994834 -0.0209138 -0.0993385
    outer loop
      vertex 0.751497 -0.818686 -22.8766
      vertex 0.653975 -1.28723 -23.7546
      vertex 0.652438 -1.23922 -23.7801
    endloop
  endfacet
  facet normal 0.995106 -0.0317871 -0.0935661
    outer loop
      vertex 0.75247 -0.872705 -22.8479
      vertex 0.653975 -1.28723 -23.7546
      vertex 0.751497 -0.818686 -22.8766
    endloop
  endfacet
  facet normal 0.995106 -0.0317867 -0.0935663
    outer loop
      vertex 0.75247 -0.872705 -22.8479
      vertex 0.654948 -1.34125 -23.7259
      vertex 0.653975 -1.28723 -23.7546
    endloop
  endfacet
  facet normal 0.995217 -0.0409156 -0.088707
    outer loop
      vertex 0.752863 -0.934041 -22.8152
      vertex 0.654948 -1.34125 -23.7259
      vertex 0.75247 -0.872705 -22.8479
    endloop
  endfacet
  facet normal 0.995217 -0.0409134 -0.088708
    outer loop
      vertex 0.752863 -0.934041 -22.8152
      vertex 0.655341 -1.40259 -23.6932
      vertex 0.654948 -1.34125 -23.7259
    endloop
  endfacet
  facet normal 0.99523 -0.0482203 -0.08481
    outer loop
      vertex 0.75266 -1.00401 -22.7778
      vertex 0.655341 -1.40259 -23.6932
      vertex 0.752863 -0.934041 -22.8152
    endloop
  endfacet
  facet normal 0.995231 -0.048127 -0.0848508
    outer loop
      vertex 0.75266 -1.00401 -22.7778
      vertex 0.655138 -1.47255 -23.6559
      vertex 0.655341 -1.40259 -23.6932
    endloop
  endfacet
  facet normal 0.995193 -0.0538794 -0.0817772
    outer loop
      vertex 0.751843 -1.08391 -22.7351
      vertex 0.655138 -1.47255 -23.6559
      vertex 0.75266 -1.00401 -22.7778
    endloop
  endfacet
  facet normal 0.995192 -0.0539572 -0.0817442
    outer loop
      vertex 0.751843 -1.08391 -22.7351
      vertex 0.654321 -1.55246 -23.6131
      vertex 0.655138 -1.47255 -23.6559
    endloop
  endfacet
  facet normal 0.995135 -0.058292 -0.0794247
    outer loop
      vertex 0.750398 -1.17507 -22.6863
      vertex 0.654321 -1.55246 -23.6131
      vertex 0.751843 -1.08391 -22.7351
    endloop
  endfacet
  facet normal 0.995135 -0.058292 -0.0794247
    outer loop
      vertex 0.750398 -1.17507 -22.6863
      vertex 0.652876 -1.64362 -23.5643
      vertex 0.654321 -1.55246 -23.6131
    endloop
  endfacet
  facet normal 0.995074 -0.0616826 -0.0776084
    outer loop
      vertex 0.748305 -1.27879 -22.6307
      vertex 0.652876 -1.64362 -23.5643
      vertex 0.750398 -1.17507 -22.6863
    endloop
  endfacet
  facet normal 0.995076 -0.0616208 -0.0776328
    outer loop
      vertex 0.748305 -1.27879 -22.6307
      vertex 0.650783 -1.74734 -23.5088
      vertex 0.652876 -1.64362 -23.5643
    endloop
  endfacet
  facet normal 0.99502 -0.0641744 -0.076264
    outer loop
      vertex 0.745549 -1.39639 -22.5677
      vertex 0.650783 -1.74734 -23.5088
      vertex 0.748305 -1.27879 -22.6307
    endloop
  endfacet
  facet normal 0.995018 -0.0642283 -0.0762437
    outer loop
      vertex 0.745549 -1.39639 -22.5677
      vertex 0.648027 -1.86494 -23.4457
      vertex 0.650783 -1.74734 -23.5088
    endloop
  endfacet
  facet normal 0.994971 -0.0661345 -0.0752213
    outer loop
      vertex 0.742113 -1.52918 -22.4964
      vertex 0.648027 -1.86494 -23.4457
      vertex 0.745549 -1.39639 -22.5677
    endloop
  endfacet
  facet normal 0.994973 -0.0660912 -0.0752368
    outer loop
      vertex 0.742113 -1.52918 -22.4964
      vertex 0.644591 -1.99772 -23.3745
      vertex 0.648027 -1.86494 -23.4457
    endloop
  endfacet
  facet normal 0.994935 -0.0675031 -0.0744792
    outer loop
      vertex 0.737981 -1.67846 -22.4163
      vertex 0.644591 -1.99772 -23.3745
      vertex 0.742113 -1.52918 -22.4964
    endloop
  endfacet
  facet normal 0.994934 -0.0675414 -0.0744663
    outer loop
      vertex 0.737981 -1.67846 -22.4163
      vertex 0.640459 -2.14701 -23.2943
      vertex 0.644591 -1.99772 -23.3745
    endloop
  endfacet
  facet normal 0.994905 -0.0685423 -0.073929
    outer loop
      vertex 0.733135 -1.84555 -22.3266
      vertex 0.640459 -2.14701 -23.2943
      vertex 0.737981 -1.67846 -22.4163
    endloop
  endfacet
  facet normal 0.994905 -0.0685423 -0.073929
    outer loop
      vertex 0.733135 -1.84555 -22.3266
      vertex 0.635613 -2.3141 -23.2046
      vertex 0.640459 -2.14701 -23.2943
    endloop
  endfacet
  facet normal 0.994884 -0.0692735 -0.0735364
    outer loop
      vertex 0.72756 -2.03177 -22.2266
      vertex 0.635613 -2.3141 -23.2046
      vertex 0.733135 -1.84555 -22.3266
    endloop
  endfacet
  facet normal 0.994884 -0.0692735 -0.0735364
    outer loop
      vertex 0.72756 -2.03177 -22.2266
      vertex 0.630038 -2.50032 -23.1046
      vertex 0.635613 -2.3141 -23.2046
    endloop
  endfacet
  facet normal 0.994868 -0.0697907 -0.0732586
    outer loop
      vertex 0.721237 -2.23842 -22.1156
      vertex 0.630038 -2.50032 -23.1046
      vertex 0.72756 -2.03177 -22.2266
    endloop
  endfacet
  facet normal 0.99487 -0.0697598 -0.073267
    outer loop
      vertex 0.721237 -2.23842 -22.1156
      vertex 0.623715 -2.70697 -22.9937
      vertex 0.630038 -2.50032 -23.1046
    endloop
  endfacet
  facet normal 0.994859 -0.0700985 -0.0730851
    outer loop
      vertex 0.714151 -2.46681 -21.993
      vertex 0.623715 -2.70697 -22.9937
      vertex 0.721237 -2.23842 -22.1156
    endloop
  endfacet
  facet normal 0.994858 -0.0701268 -0.0730782
    outer loop
      vertex 0.714151 -2.46681 -21.993
      vertex 0.616629 -2.93536 -22.871
      vertex 0.623715 -2.70697 -22.9937
    endloop
  endfacet
  facet normal 0.994852 -0.0703252 -0.0729716
    outer loop
      vertex 0.706285 -2.71827 -21.8579
      vertex 0.616629 -2.93536 -22.871
      vertex 0.714151 -2.46681 -21.993
    endloop
  endfacet
  facet normal 0.994851 -0.0703277 -0.072971
    outer loop
      vertex 0.706285 -2.71827 -21.8579
      vertex 0.608763 -3.18681 -22.7359
      vertex 0.616629 -2.93536 -22.871
    endloop
  endfacet
  facet normal 0.99485 -0.0703822 -0.0729418
    outer loop
      vertex 0.651146 -4.4763 -20.9136
      vertex 0.608763 -3.18681 -22.7359
      vertex 0.706285 -2.71827 -21.8579
    endloop
  endfacet
  facet normal 0.994851 -0.0703749 -0.0729366
    outer loop
      vertex 0.651146 -4.4763 -20.9136
      vertex 0.553624 -4.94485 -21.7917
      vertex 0.608763 -3.18681 -22.7359
    endloop
  endfacet
  facet normal -0.0276256 -0.880643 0.472975
    outer loop
      vertex -4.31128 -4.12524 -20.5498
      vertex 0.553624 -4.94485 -21.7917
      vertex 0.651146 -4.4763 -20.9136
    endloop
  endfacet
  facet normal -0.0276256 -0.880643 0.472975
    outer loop
      vertex -4.31128 -4.12524 -20.5498
      vertex -4.40881 -4.59379 -21.4279
      vertex 0.553624 -4.94485 -21.7917
    endloop
  endfacet
  facet normal -0.99485 0.0703751 0.0729455
    outer loop
      vertex -4.27549 -2.98391 -21.1628
      vertex -4.40881 -4.59379 -21.4279
      vertex -4.31128 -4.12524 -20.5498
    endloop
  endfacet
  facet normal -0.994851 0.0703772 0.0729331
    outer loop
      vertex -4.27549 -2.98391 -21.1628
      vertex -4.37301 -3.45246 -22.0409
      vertex -4.40881 -4.59379 -21.4279
    endloop
  endfacet
  facet normal 0.0276121 0.880644 -0.472974
    outer loop
      vertex -2.71416 -3.09436 -21.2773
      vertex -4.37301 -3.45246 -22.0409
      vertex -4.27549 -2.98391 -21.1628
    endloop
  endfacet
  facet normal 0.0276376 0.880619 -0.473018
    outer loop
      vertex -2.71416 -3.09436 -21.2773
      vertex -2.81169 -3.56291 -22.1553
      vertex -4.37301 -3.45246 -22.0409
    endloop
  endfacet
  facet normal 0.027623 0.880625 -0.473009
    outer loop
      vertex -0.362969 -3.2607 -21.4497
      vertex -0.460491 -3.72924 -22.3277
      vertex -1.66425 -3.16864 -21.3543
    endloop
  endfacet
  facet normal 0.0276155 0.880621 -0.473016
    outer loop
      vertex -1.76177 -3.63719 -22.2323
      vertex -1.66425 -3.16864 -21.3543
      vertex -0.460491 -3.72924 -22.3277
    endloop
  endfacet
  facet normal -0.994937 0.0674021 0.074541
    outer loop
      vertex -0.331717 -2.12577 -22.0588
      vertex -0.429239 -2.59432 -22.9368
      vertex -0.362969 -3.2607 -21.4497
    endloop
  endfacet
  facet normal -0.994937 0.0674029 0.0745414
    outer loop
      vertex -0.460491 -3.72924 -22.3277
      vertex -0.362969 -3.2607 -21.4497
      vertex -0.429239 -2.59432 -22.9368
    endloop
  endfacet
  facet normal -0.994929 0.0676986 0.0743819
    outer loop
      vertex -0.327755 -1.98382 -22.135
      vertex -0.425277 -2.45237 -23.013
      vertex -0.331717 -2.12577 -22.0588
    endloop
  endfacet
  facet normal -0.994929 0.0676986 0.0743819
    outer loop
      vertex -0.429239 -2.59432 -22.9368
      vertex -0.331717 -2.12577 -22.0588
      vertex -0.425277 -2.45237 -23.013
    endloop
  endfacet
  facet normal -0.994938 0.0673912 0.0745469
    outer loop
      vertex -0.324174 -1.85374 -22.2048
      vertex -0.421696 -2.32229 -23.0828
      vertex -0.327755 -1.98382 -22.135
    endloop
  endfacet
  facet normal -0.994938 0.0673912 0.0745469
    outer loop
      vertex -0.425277 -2.45237 -23.013
      vertex -0.327755 -1.98382 -22.135
      vertex -0.421696 -2.32229 -23.0828
    endloop
  endfacet
  facet normal -0.99495 0.0669718 0.0747636
    outer loop
      vertex -0.320966 -1.73497 -22.2685
      vertex -0.418488 -2.20352 -23.1466
      vertex -0.324174 -1.85374 -22.2048
    endloop
  endfacet
  facet normal -0.994948 0.0670241 0.0747439
    outer loop
      vertex -0.421696 -2.32229 -23.0828
      vertex -0.324174 -1.85374 -22.2048
      vertex -0.418488 -2.20352 -23.1466
    endloop
  endfacet
  facet normal -0.994962 0.0664842 0.0750336
    outer loop
      vertex -0.318122 -1.62695 -22.3265
      vertex -0.415644 -2.0955 -23.2045
      vertex -0.320966 -1.73497 -22.2685
    endloop
  endfacet
  facet normal -0.994964 0.0664268 0.075056
    outer loop
      vertex -0.418488 -2.20352 -23.1466
      vertex -0.320966 -1.73497 -22.2685
      vertex -0.415644 -2.0955 -23.2045
    endloop
  endfacet
  facet normal -0.99498 0.0657804 0.075412
    outer loop
      vertex -0.315634 -1.52913 -22.379
      vertex -0.413156 -1.99767 -23.257
      vertex -0.318122 -1.62695 -22.3265
    endloop
  endfacet
  facet normal -0.994981 0.0657749 0.0754142
    outer loop
      vertex -0.415644 -2.0955 -23.2045
      vertex -0.318122 -1.62695 -22.3265
      vertex -0.413156 -1.99767 -23.257
    endloop
  endfacet
  facet normal -0.995003 0.0648684 0.0759005
    outer loop
      vertex -0.313492 -1.44093 -22.4263
      vertex -0.411014 -1.90948 -23.3043
      vertex -0.315634 -1.52913 -22.379
    endloop
  endfacet
  facet normal -0.995003 0.0648744 0.075898
    outer loop
      vertex -0.413156 -1.99767 -23.257
      vertex -0.315634 -1.52913 -22.379
      vertex -0.411014 -1.90948 -23.3043
    endloop
  endfacet
  facet normal -0.995031 0.0636886 0.0765331
    outer loop
      vertex -0.311689 -1.36181 -22.4687
      vertex -0.409211 -1.83036 -23.3467
      vertex -0.313492 -1.44093 -22.4263
    endloop
  endfacet
  facet normal -0.995031 0.0636886 0.0765331
    outer loop
      vertex -0.411014 -1.90948 -23.3043
      vertex -0.313492 -1.44093 -22.4263
      vertex -0.409211 -1.83036 -23.3467
    endloop
  endfacet
  facet normal -0.995065 0.0621733 0.0773368
    outer loop
      vertex -0.310215 -1.2912 -22.5065
      vertex -0.407737 -1.75975 -23.3846
      vertex -0.311689 -1.36181 -22.4687
    endloop
  endfacet
  facet normal -0.995062 0.0622619 0.077298
    outer loop
      vertex -0.409211 -1.83036 -23.3467
      vertex -0.311689 -1.36181 -22.4687
      vertex -0.407737 -1.75975 -23.3846
    endloop
  endfacet
  facet normal -0.9951 0.0603136 0.078342
    outer loop
      vertex -0.309063 -1.22855 -22.5401
      vertex -0.406585 -1.6971 -23.4181
      vertex -0.310215 -1.2912 -22.5065
    endloop
  endfacet
  facet normal -0.995103 0.0602127 0.0783871
    outer loop
      vertex -0.407737 -1.75975 -23.3846
      vertex -0.310215 -1.2912 -22.5065
      vertex -0.406585 -1.6971 -23.4181
    endloop
  endfacet
  facet normal -0.995143 0.0578093 0.0796831
    outer loop
      vertex -0.308223 -1.17329 -22.5697
      vertex -0.405745 -1.64184 -23.4477
      vertex -0.309063 -1.22855 -22.5401
    endloop
  endfacet
  facet normal -0.995143 0.0578093 0.0796831
    outer loop
      vertex -0.406585 -1.6971 -23.4181
      vertex -0.309063 -1.22855 -22.5401
      vertex -0.405745 -1.64184 -23.4477
    endloop
  endfacet
  facet normal -0.995185 0.0545585 0.0814227
    outer loop
      vertex -0.307687 -1.12486 -22.5956
      vertex -0.405209 -1.59341 -23.4736
      vertex -0.308223 -1.17329 -22.5697
    endloop
  endfacet
  facet normal -0.995185 0.0545585 0.0814227
    outer loop
      vertex -0.405745 -1.64184 -23.4477
      vertex -0.308223 -1.17329 -22.5697
      vertex -0.405209 -1.59341 -23.4736
    endloop
  endfacet
  facet normal -0.99522 0.0503542 0.0836702
    outer loop
      vertex -0.307446 -1.08271 -22.6181
      vertex -0.404968 -1.55126 -23.4961
      vertex -0.307687 -1.12486 -22.5956
    endloop
  endfacet
  facet normal -0.99522 0.0503542 0.0836702
    outer loop
      vertex -0.405209 -1.59341 -23.4736
      vertex -0.307687 -1.12486 -22.5956
      vertex -0.404968 -1.55126 -23.4961
    endloop
  endfacet
  facet normal -0.995233 0.0448578 0.0865954
    outer loop
      vertex -0.307492 -1.04628 -22.6375
      vertex -0.405014 -1.51482 -23.5156
      vertex -0.307446 -1.08271 -22.6181
    endloop
  endfacet
  facet normal -0.995233 0.045037 0.0865091
    outer loop
      vertex -0.404968 -1.55126 -23.4961
      vertex -0.307446 -1.08271 -22.6181
      vertex -0.405014 -1.51482 -23.5156
    endloop
  endfacet
  facet normal -0.995192 0.0378821 0.0903228
    outer loop
      vertex -0.307817 -1.015 -22.6542
      vertex -0.405339 -1.48355 -23.5322
      vertex -0.307492 -1.04628 -22.6375
    endloop
  endfacet
  facet normal -0.99519 0.0376624 0.0904301
    outer loop
      vertex -0.405014 -1.51482 -23.5156
      vertex -0.307492 -1.04628 -22.6375
      vertex -0.405339 -1.48355 -23.5322
    endloop
  endfacet
  facet normal -0.995041 0.0285545 0.0952839
    outer loop
      vertex -0.308411 -0.988315 -22.6684
      vertex -0.405933 -1.45686 -23.5464
      vertex -0.307817 -1.015 -22.6542
    endloop
  endfacet
  facet normal -0.99504 0.0285503 0.095286
    outer loop
      vertex -0.405339 -1.48355 -23.5322
      vertex -0.307817 -1.015 -22.6542
      vertex -0.405933 -1.45686 -23.5464
    endloop
  endfacet
  facet normal -0.994663 0.0160061 0.101927
    outer loop
      vertex -0.309266 -0.965668 -22.6803
      vertex -0.406788 -1.43422 -23.5584
      vertex -0.308411 -0.988315 -22.6684
    endloop
  endfacet
  facet normal -0.994676 0.016366 0.101748
    outer loop
      vertex -0.405933 -1.45686 -23.5464
      vertex -0.308411 -0.988315 -22.6684
      vertex -0.406788 -1.43422 -23.5584
    endloop
  endfacet
  facet normal -0.993949 0.00104771 0.109842
    outer loop
      vertex -0.310373 -0.946499 -22.6905
      vertex -0.407895 -1.41505 -23.5685
      vertex -0.309266 -0.965668 -22.6803
    endloop
  endfacet
  facet normal -0.993924 0.000595256 0.110068
    outer loop
      vertex -0.406788 -1.43422 -23.5584
      vertex -0.309266 -0.965668 -22.6803
      vertex -0.407895 -1.41505 -23.5685
    endloop
  endfacet
  facet normal -0.99251 -0.0194262 0.120608
    outer loop
      vertex -0.311724 -0.930247 -22.699
      vertex -0.409246 -1.39879 -23.577
      vertex -0.310373 -0.946499 -22.6905
    endloop
  endfacet
  facet normal -0.992511 -0.0194187 0.120604
    outer loop
      vertex -0.407895 -1.41505 -23.5685
      vertex -0.310373 -0.946499 -22.6905
      vertex -0.409246 -1.39879 -23.577
    endloop
  endfacet
  facet normal -0.990085 -0.0439539 0.133413
    outer loop
      vertex -0.313311 -0.916353 -22.7062
      vertex -0.410833 -1.3849 -23.5843
      vertex -0.311724 -0.930247 -22.699
    endloop
  endfacet
  facet normal -0.990168 -0.0432111 0.13304
    outer loop
      vertex -0.409246 -1.39879 -23.577
      vertex -0.311724 -0.930247 -22.699
      vertex -0.410833 -1.3849 -23.5843
    endloop
  endfacet
  facet normal -0.986508 -0.0710502 0.14749
    outer loop
      vertex -0.315124 -0.904258 -22.7125
      vertex -0.412646 -1.3728 -23.5905
      vertex -0.313311 -0.916353 -22.7062
    endloop
  endfacet
  facet normal -0.986371 -0.0719809 0.147955
    outer loop
      vertex -0.410833 -1.3849 -23.5843
      vertex -0.313311 -0.916353 -22.7062
      vertex -0.412646 -1.3728 -23.5905
    endloop
  endfacet
  facet normal -0.982031 -0.0979169 0.161331
    outer loop
      vertex -0.322661 -0.863268 -22.7335
      vertex -0.420183 -1.33182 -23.6115
      vertex -0.315124 -0.904258 -22.7125
    endloop
  endfacet
  facet normal -0.982028 -0.0979357 0.16134
    outer loop
      vertex -0.412646 -1.3728 -23.5905
      vertex -0.315124 -0.904258 -22.7125
      vertex -0.420183 -1.33182 -23.6115
    endloop
  endfacet
  facet normal -0.977088 -0.122636 0.173953
    outer loop
      vertex -0.331022 -0.824596 -22.7532
      vertex -0.428544 -1.29314 -23.6313
      vertex -0.322661 -0.863268 -22.7335
    endloop
  endfacet
  facet normal -0.977165 -0.122264 0.173784
    outer loop
      vertex -0.420183 -1.33182 -23.6115
      vertex -0.322661 -0.863268 -22.7335
      vertex -0.428544 -1.29314 -23.6313
    endloop
  endfacet
  facet normal -0.970377 -0.151187 0.188443
    outer loop
      vertex -0.340272 -0.78816 -22.7716
      vertex -0.437794 -1.25671 -23.6497
      vertex -0.331022 -0.824596 -22.7532
    endloop
  endfacet
  facet normal -0.970372 -0.151206 0.188452
    outer loop
      vertex -0.428544 -1.29314 -23.6313
      vertex -0.331022 -0.824596 -22.7532
      vertex -0.437794 -1.25671 -23.6497
    endloop
  endfacet
  facet normal -0.961489 -0.183425 0.204681
    outer loop
      vertex -0.350473 -0.753881 -22.7888
      vertex -0.447995 -1.22243 -23.6668
      vertex -0.340272 -0.78816 -22.7716
    endloop
  endfacet
  facet normal -0.961359 -0.183877 0.204885
    outer loop
      vertex -0.437794 -1.25671 -23.6497
      vertex -0.340272 -0.78816 -22.7716
      vertex -0.447995 -1.22243 -23.6668
    endloop
  endfacet
  facet normal -0.949504 -0.220564 0.223144
    outer loop
      vertex -0.36169 -0.721679 -22.8047
      vertex -0.459212 -1.19023 -23.6828
      vertex -0.350473 -0.753881 -22.7888
    endloop
  endfacet
  facet normal -0.949675 -0.220057 0.222918
    outer loop
      vertex -0.447995 -1.22243 -23.6668
      vertex -0.350473 -0.753881 -22.7888
      vertex -0.459212 -1.19023 -23.6828
    endloop
  endfacet
  facet normal -0.93416 -0.261197 0.243148
    outer loop
      vertex -0.373988 -0.691473 -22.8195
      vertex -0.47151 -1.16002 -23.6975
      vertex -0.36169 -0.721679 -22.8047
    endloop
  endfacet
  facet normal -0.933939 -0.261756 0.243396
    outer loop
      vertex -0.459212 -1.19023 -23.6828
      vertex -0.36169 -0.721679 -22.8047
      vertex -0.47151 -1.16002 -23.6975
    endloop
  endfacet
  facet normal -0.914057 -0.306816 0.26526
    outer loop
      vertex -0.387431 -0.663182 -22.8331
      vertex -0.484953 -1.13173 -23.7111
      vertex -0.373988 -0.691473 -22.8195
    endloop
  endfacet
  facet normal -0.914054 -0.306824 0.265264
    outer loop
      vertex -0.47151 -1.16002 -23.6975
      vertex -0.373988 -0.691473 -22.8195
      vertex -0.484953 -1.13173 -23.7111
    endloop
  endfacet
  facet normal -0.888816 -0.355921 0.288663
    outer loop
      vertex -0.402084 -0.636728 -22.8456
      vertex -0.499606 -1.10528 -23.7236
      vertex -0.387431 -0.663182 -22.8331
    endloop
  endfacet
  facet normal -0.888797 -0.355957 0.288679
    outer loop
      vertex -0.484953 -1.13173 -23.7111
      vertex -0.387431 -0.663182 -22.8331
      vertex -0.499606 -1.10528 -23.7236
    endloop
  endfacet
  facet normal -0.857435 -0.40834 0.313151
    outer loop
      vertex -0.41801 -0.612029 -22.857
      vertex -0.515532 -1.08058 -23.735
      vertex -0.402084 -0.636728 -22.8456
    endloop
  endfacet
  facet normal -0.857442 -0.40833 0.313147
    outer loop
      vertex -0.499606 -1.10528 -23.7236
      vertex -0.402084 -0.636728 -22.8456
      vertex -0.515532 -1.08058 -23.735
    endloop
  endfacet
  facet normal -0.819313 -0.463064 0.338079
    outer loop
      vertex -0.435273 -0.589005 -22.8673
      vertex -0.532795 -1.05755 -23.7454
      vertex -0.41801 -0.612029 -22.857
    endloop
  endfacet
  facet normal -0.819984 -0.462147 0.337706
    outer loop
      vertex -0.515532 -1.08058 -23.735
      vertex -0.41801 -0.612029 -22.857
      vertex -0.532795 -1.05755 -23.7454
    endloop
  endfacet
  facet normal -0.775737 -0.51692 0.361975
    outer loop
      vertex -0.453938 -0.567577 -22.8767
      vertex -0.55146 -1.03612 -23.7548
      vertex -0.435273 -0.589005 -22.8673
    endloop
  endfacet
  facet normal -0.775758 -0.516895 0.361965
    outer loop
      vertex -0.532795 -1.05755 -23.7454
      vertex -0.435273 -0.589005 -22.8673
      vertex -0.55146 -1.03612 -23.7548
    endloop
  endfacet
  facet normal -0.725244 -0.570708 0.385115
    outer loop
      vertex -0.47407 -0.547662 -22.8851
      vertex -0.571592 -1.01621 -23.7631
      vertex -0.453938 -0.567577 -22.8767
    endloop
  endfacet
  facet normal -0.724292 -0.571672 0.385477
    outer loop
      vertex -0.55146 -1.03612 -23.7548
      vertex -0.453938 -0.567577 -22.8767
      vertex -0.571592 -1.01621 -23.7631
    endloop
  endfacet
  facet normal -0.670397 -0.621121 0.405926
    outer loop
      vertex -0.495732 -0.529183 -22.8926
      vertex -0.593254 -0.99773 -23.7706
      vertex -0.47407 -0.547662 -22.8851
    endloop
  endfacet
  facet normal -0.670413 -0.621108 0.405921
    outer loop
      vertex -0.571592 -1.01621 -23.7631
      vertex -0.47407 -0.547662 -22.8851
      vertex -0.593254 -0.99773 -23.7706
    endloop
  endfacet
  facet normal -0.610814 -0.668375 0.424477
    outer loop
      vertex -0.518989 -0.512057 -22.8991
      vertex -0.616511 -0.980604 -23.7772
      vertex -0.495732 -0.529183 -22.8926
    endloop
  endfacet
  facet normal -0.611935 -0.667527 0.424197
    outer loop
      vertex -0.593254 -0.99773 -23.7706
      vertex -0.495732 -0.529183 -22.8926
      vertex -0.616511 -0.980604 -23.7772
    endloop
  endfacet
  facet normal -0.551556 -0.708913 0.439576
    outer loop
      vertex -0.543905 -0.496206 -22.9048
      vertex -0.641427 -0.964753 -23.7828
      vertex -0.518989 -0.512057 -22.8991
    endloop
  endfacet
  facet normal -0.550348 -0.709704 0.439814
    outer loop
      vertex -0.616511 -0.980604 -23.7772
      vertex -0.518989 -0.512057 -22.8991
      vertex -0.641427 -0.964753 -23.7828
    endloop
  endfacet
  facet normal -0.492443 -0.743949 0.451708
    outer loop
      vertex -0.570544 -0.481548 -22.9097
      vertex -0.668066 -0.950095 -23.7877
      vertex -0.543905 -0.496206 -22.9048
    endloop
  endfacet
  facet normal -0.492443 -0.743949 0.451708
    outer loop
      vertex -0.641427 -0.964753 -23.7828
      vertex -0.543905 -0.496206 -22.9048
      vertex -0.668066 -0.950095 -23.7877
    endloop
  endfacet
  facet normal -0.433681 -0.774084 0.46121
    outer loop
      vertex -0.598971 -0.468005 -22.9137
      vertex -0.696493 -0.936552 -23.7918
      vertex -0.570544 -0.481548 -22.9097
    endloop
  endfacet
  facet normal -0.434977 -0.773443 0.461064
    outer loop
      vertex -0.668066 -0.950095 -23.7877
      vertex -0.570544 -0.481548 -22.9097
      vertex -0.696493 -0.936552 -23.7918
    endloop
  endfacet
  facet normal -0.381876 -0.797088 0.467784
    outer loop
      vertex -0.62925 -0.455494 -22.9171
      vertex -0.726772 -0.924041 -23.7951
      vertex -0.598971 -0.468005 -22.9137
    endloop
  endfacet
  facet normal -0.380575 -0.79765 0.467886
    outer loop
      vertex -0.696493 -0.936552 -23.7918
      vertex -0.598971 -0.468005 -22.9137
      vertex -0.726772 -0.924041 -23.7951
    endloop
  endfacet
  facet normal -0.330044 -0.817108 0.472657
    outer loop
      vertex -0.661445 -0.443936 -22.9196
      vertex -0.758967 -0.912483 -23.7977
      vertex -0.62925 -0.455494 -22.9171
    endloop
  endfacet
  facet normal -0.331333 -0.816623 0.472595
    outer loop
      vertex -0.726772 -0.924041 -23.7951
      vertex -0.62925 -0.455494 -22.9171
      vertex -0.758967 -0.912483 -23.7977
    endloop
  endfacet
  facet normal -0.286478 -0.831703 0.475606
    outer loop
      vertex -0.69562 -0.433251 -22.9215
      vertex -0.793142 -0.901798 -23.7996
      vertex -0.661445 -0.443936 -22.9196
    endloop
  endfacet
  facet normal -0.286478 -0.831703 0.475606
    outer loop
      vertex -0.758967 -0.912483 -23.7977
      vertex -0.661445 -0.443936 -22.9196
      vertex -0.793142 -0.901798 -23.7996
    endloop
  endfacet
  facet normal -0.233939 -0.846724 0.477841
    outer loop
      vertex -0.712317 -0.42892 -22.922
      vertex -0.809839 -0.897467 -23.8
      vertex -0.69562 -0.433251 -22.9215
    endloop
  endfacet
  facet normal -0.231264 -0.847441 0.477872
    outer loop
      vertex -0.793142 -0.901798 -23.7996
      vertex -0.69562 -0.433251 -22.9215
      vertex -0.809839 -0.897467 -23.8
    endloop
  endfacet
  facet normal -0.190795 -0.857093 0.478528
    outer loop
      vertex -0.731242 -0.424763 -22.9221
      vertex -0.828764 -0.89331 -23.8002
      vertex -0.712317 -0.42892 -22.922
    endloop
  endfacet
  facet normal -0.193202 -0.856539 0.478554
    outer loop
      vertex -0.809839 -0.897467 -23.8
      vertex -0.712317 -0.42892 -22.922
      vertex -0.828764 -0.89331 -23.8002
    endloop
  endfacet
  facet normal -0.159167 -0.86356 0.478466
    outer loop
      vertex -0.752142 -0.4208 -22.9219
      vertex -0.849664 -0.889347 -23.8
      vertex -0.731242 -0.424763 -22.9221
    endloop
  endfacet
  facet normal -0.159167 -0.86356 0.478466
    outer loop
      vertex -0.828764 -0.89331 -23.8002
      vertex -0.731242 -0.424763 -22.9221
      vertex -0.849664 -0.889347 -23.8
    endloop
  endfacet
  facet normal -0.13341 -0.868119 0.478092
    outer loop
      vertex -0.774765 -0.417048 -22.9214
      vertex -0.872287 -0.885595 -23.7994
      vertex -0.752142 -0.4208 -22.9219
    endloop
  endfacet
  facet normal -0.131359 -0.86848 0.478003
    outer loop
      vertex -0.849664 -0.889347 -23.8
      vertex -0.752142 -0.4208 -22.9219
      vertex -0.872287 -0.885595 -23.7994
    endloop
  endfacet
  facet normal -0.111513 -0.871536 0.477483
    outer loop
      vertex -0.798858 -0.413527 -22.9206
      vertex -0.89638 -0.882074 -23.7986
      vertex -0.774765 -0.417048 -22.9214
    endloop
  endfacet
  facet normal -0.111513 -0.871536 0.477483
    outer loop
      vertex -0.872287 -0.885595 -23.7994
      vertex -0.774765 -0.417048 -22.9214
      vertex -0.89638 -0.882074 -23.7986
    endloop
  endfacet
  facet normal -0.0922952 -0.874199 0.476716
    outer loop
      vertex -0.824168 -0.410255 -22.9195
      vertex -0.92169 -0.878802 -23.7976
      vertex -0.798858 -0.413527 -22.9206
    endloop
  endfacet
  facet normal -0.0941401 -0.873937 0.476835
    outer loop
      vertex -0.89638 -0.882074 -23.7986
      vertex -0.798858 -0.413527 -22.9206
      vertex -0.92169 -0.878802 -23.7976
    endloop
  endfacet
  facet normal -0.076614 -0.876106 0.475992
    outer loop
      vertex -0.850443 -0.407251 -22.9182
      vertex -0.947965 -0.875798 -23.7963
      vertex -0.824168 -0.410255 -22.9195
    endloop
  endfacet
  facet normal -0.076614 -0.876106 0.475992
    outer loop
      vertex -0.92169 -0.878802 -23.7976
      vertex -0.824168 -0.410255 -22.9195
      vertex -0.947965 -0.875798 -23.7963
    endloop
  endfacet
  facet normal -0.0619807 -0.877664 0.475252
    outer loop
      vertex -0.877429 -0.404533 -22.9167
      vertex -0.974951 -0.87308 -23.7947
      vertex -0.850443 -0.407251 -22.9182
    endloop
  endfacet
  facet normal -0.0602479 -0.877861 0.475111
    outer loop
      vertex -0.947965 -0.875798 -23.7963
      vertex -0.850443 -0.407251 -22.9182
      vertex -0.974951 -0.87308 -23.7947
    endloop
  endfacet
  facet normal -0.0461925 -0.879177 0.474252
    outer loop
      vertex -0.904875 -0.40212 -22.9149
      vertex -1.0024 -0.870667 -23.793
      vertex -0.877429 -0.404533 -22.9167
    endloop
  endfacet
  facet normal -0.0478908 -0.879004 0.474402
    outer loop
      vertex -0.974951 -0.87308 -23.7947
      vertex -0.877429 -0.404533 -22.9167
      vertex -1.0024 -0.870667 -23.793
    endloop
  endfacet
  facet normal -0.0339597 -0.880155 0.473469
    outer loop
      vertex -0.932527 -0.400031 -22.913
      vertex -1.03005 -0.868578 -23.791
      vertex -0.904875 -0.40212 -22.9149
    endloop
  endfacet
  facet normal -0.0322728 -0.880306 0.473308
    outer loop
      vertex -1.0024 -0.870667 -23.793
      vertex -0.904875 -0.40212 -22.9149
      vertex -1.03005 -0.868578 -23.791
    endloop
  endfacet
  facet normal -0.0181347 -0.881275 0.472255
    outer loop
      vertex -0.960133 -0.398284 -22.9108
      vertex -1.05765 -0.866831 -23.7889
      vertex -0.932527 -0.400031 -22.913
    endloop
  endfacet
  facet normal -0.0198284 -0.881146 0.472428
    outer loop
      vertex -1.03005 -0.868578 -23.791
      vertex -0.932527 -0.400031 -22.913
      vertex -1.05765 -0.866831 -23.7889
    endloop
  endfacet
  facet normal -0.00511172 -0.882011 0.471201
    outer loop
      vertex -0.98744 -0.396897 -22.9085
      vertex -1.08496 -0.865444 -23.7866
      vertex -0.960133 -0.398284 -22.9108
    endloop
  endfacet
  facet normal -0.00511116 -0.882011 0.471201
    outer loop
      vertex -1.05765 -0.866831 -23.7889
      vertex -0.960133 -0.398284 -22.9108
      vertex -1.08496 -0.865444 -23.7866
    endloop
  endfacet
  facet normal 0.00891107 -0.882612 0.470018
    outer loop
      vertex -1.01419 -0.395889 -22.9061
      vertex -1.11172 -0.864436 -23.7841
      vertex -0.98744 -0.396897 -22.9085
    endloop
  endfacet
  facet normal 0.0106423 -0.882699 0.469819
    outer loop
      vertex -1.08496 -0.865444 -23.7866
      vertex -0.98744 -0.396897 -22.9085
      vertex -1.11172 -0.864436 -23.7841
    endloop
  endfacet
  facet normal 0.0261878 -0.883161 0.468339
    outer loop
      vertex -1.04015 -0.39528 -22.9035
      vertex -1.13767 -0.863827 -23.7816
      vertex -1.01419 -0.395889 -22.9061
    endloop
  endfacet
  facet normal 0.0244155 -0.883097 0.468555
    outer loop
      vertex -1.11172 -0.864436 -23.7841
      vertex -1.01419 -0.395889 -22.9061
      vertex -1.13767 -0.863827 -23.7816
    endloop
  endfacet
  facet normal 0.0419084 -0.883387 0.466767
    outer loop
      vertex -1.06504 -0.395087 -22.9009
      vertex -1.16256 -0.863634 -23.7789
      vertex -1.04015 -0.39528 -22.9035
    endloop
  endfacet
  facet normal 0.0437575 -0.883423 0.466528
    outer loop
      vertex -1.13767 -0.863827 -23.7816
      vertex -1.04015 -0.39528 -22.9035
      vertex -1.16256 -0.863634 -23.7789
    endloop
  endfacet
  facet normal 0.0641917 -0.883382 0.464236
    outer loop
      vertex -1.08862 -0.395329 -22.8981
      vertex -1.18614 -0.863876 -23.7762
      vertex -1.06504 -0.395087 -22.9009
    endloop
  endfacet
  facet normal 0.0622535 -0.88338 0.464504
    outer loop
      vertex -1.16256 -0.863634 -23.7789
      vertex -1.06504 -0.395087 -22.9009
      vertex -1.18614 -0.863876 -23.7762
    endloop
  endfacet
  facet normal 0.0865889 -0.882907 0.461495
    outer loop
      vertex -1.11064 -0.396025 -22.8953
      vertex -1.20817 -0.864572 -23.7734
      vertex -1.08862 -0.395329 -22.8981
    endloop
  endfacet
  facet normal 0.0865504 -0.882908 0.4615
    outer loop
      vertex -1.18614 -0.863876 -23.7762
      vertex -1.08862 -0.395329 -22.8981
      vertex -1.20817 -0.864572 -23.7734
    endloop
  endfacet
  facet normal 0.11438 -0.881667 0.4578
    outer loop
      vertex -1.13085 -0.397193 -22.8925
      vertex -1.22837 -0.86574 -23.7705
      vertex -1.11064 -0.396025 -22.8953
    endloop
  endfacet
  facet normal 0.116645 -0.881559 0.457437
    outer loop
      vertex -1.20817 -0.864572 -23.7734
      vertex -1.11064 -0.396025 -22.8953
      vertex -1.22837 -0.86574 -23.7705
    endloop
  endfacet
  facet normal 0.155044 -0.878638 0.451615
    outer loop
      vertex -1.14899 -0.398852 -22.8895
      vertex -1.24651 -0.867399 -23.7676
      vertex -1.13085 -0.397193 -22.8925
    endloop
  endfacet
  facet normal 0.152641 -0.87884 0.452041
    outer loop
      vertex -1.22837 -0.86574 -23.7705
      vertex -1.13085 -0.397193 -22.8925
      vertex -1.24651 -0.867399 -23.7676
    endloop
  endfacet
  facet normal 0.20107 -0.87334 0.443676
    outer loop
      vertex -1.16481 -0.401021 -22.8866
      vertex -1.26233 -0.869568 -23.7647
      vertex -1.14899 -0.398852 -22.8895
    endloop
  endfacet
  facet normal 0.20107 -0.87334 0.443676
    outer loop
      vertex -1.24651 -0.867399 -23.7676
      vertex -1.14899 -0.398852 -22.8895
      vertex -1.26233 -0.869568 -23.7647
    endloop
  endfacet
  facet normal 0.244537 -0.866491 0.435195
    outer loop
      vertex -1.19577 -0.406544 -22.8802
      vertex -1.29329 -0.875091 -23.7583
      vertex -1.16481 -0.401021 -22.8866
    endloop
  endfacet
  facet normal 0.244537 -0.866491 0.435195
    outer loop
      vertex -1.26233 -0.869568 -23.7647
      vertex -1.16481 -0.401021 -22.8866
      vertex -1.29329 -0.875091 -23.7583
    endloop
  endfacet
  facet normal 0.282306 -0.859024 0.427061
    outer loop
      vertex -1.22518 -0.412928 -22.8736
      vertex -1.32271 -0.881475 -23.7516
      vertex -1.19577 -0.406544 -22.8802
    endloop
  endfacet
  facet normal 0.283536 -0.858775 0.426747
    outer loop
      vertex -1.29329 -0.875091 -23.7583
      vertex -1.19577 -0.406544 -22.8802
      vertex -1.32271 -0.881475 -23.7516
    endloop
  endfacet
  facet normal 0.325999 -0.848603 0.41665
    outer loop
      vertex -1.25309 -0.420213 -22.8666
      vertex -1.35061 -0.88876 -23.7446
      vertex -1.22518 -0.412928 -22.8736
    endloop
  endfacet
  facet normal 0.326102 -0.848578 0.416622
    outer loop
      vertex -1.32271 -0.881475 -23.7516
      vertex -1.22518 -0.412928 -22.8736
      vertex -1.35061 -0.88876 -23.7446
    endloop
  endfacet
  facet normal 0.37155 -0.835591 0.404647
    outer loop
      vertex -1.27954 -0.428439 -22.8593
      vertex -1.37706 -0.896986 -23.7373
      vertex -1.25309 -0.420213 -22.8666
    endloop
  endfacet
  facet normal 0.37155 -0.835591 0.404647
    outer loop
      vertex -1.35061 -0.88876 -23.7446
      vertex -1.25309 -0.420213 -22.8666
      vertex -1.37706 -0.896986 -23.7373
    endloop
  endfacet
  facet normal 0.421112 -0.818795 0.390179
    outer loop
      vertex -1.30458 -0.437648 -22.8516
      vertex -1.4021 -0.906195 -23.7296
      vertex -1.27954 -0.428439 -22.8593
    endloop
  endfacet
  facet normal 0.421112 -0.818795 0.390179
    outer loop
      vertex -1.37706 -0.896986 -23.7373
      vertex -1.27954 -0.428439 -22.8593
      vertex -1.4021 -0.906195 -23.7296
    endloop
  endfacet
  facet normal 0.472621 -0.798214 0.373475
    outer loop
      vertex -1.32826 -0.447879 -22.8435
      vertex -1.42578 -0.916426 -23.7215
      vertex -1.30458 -0.437648 -22.8516
    endloop
  endfacet
  facet normal 0.472621 -0.798214 0.373475
    outer loop
      vertex -1.4021 -0.906195 -23.7296
      vertex -1.30458 -0.437648 -22.8516
      vertex -1.42578 -0.916426 -23.7215
    endloop
  endfacet
  facet normal 0.525428 -0.773505 0.354423
    outer loop
      vertex -1.35062 -0.459173 -22.835
      vertex -1.44814 -0.92772 -23.713
      vertex -1.32826 -0.447879 -22.8435
    endloop
  endfacet
  facet normal 0.525428 -0.773505 0.354423
    outer loop
      vertex -1.42578 -0.916426 -23.7215
      vertex -1.32826 -0.447879 -22.8435
      vertex -1.44814 -0.92772 -23.713
    endloop
  endfacet
  facet normal 0.579203 -0.744162 0.332785
    outer loop
      vertex -1.37172 -0.471571 -22.826
      vertex -1.46925 -0.940118 -23.704
      vertex -1.35062 -0.459173 -22.835
    endloop
  endfacet
  facet normal 0.579024 -0.744265 0.332867
    outer loop
      vertex -1.44814 -0.92772 -23.713
      vertex -1.35062 -0.459173 -22.835
      vertex -1.46925 -0.940118 -23.704
    endloop
  endfacet
  facet normal 0.630768 -0.711515 0.309642
    outer loop
      vertex -1.39161 -0.485113 -22.8166
      vertex -1.48913 -0.95366 -23.6946
      vertex -1.37172 -0.471571 -22.826
    endloop
  endfacet
  facet normal 0.630955 -0.71139 0.309547
    outer loop
      vertex -1.46925 -0.940118 -23.704
      vertex -1.37172 -0.471571 -22.826
      vertex -1.48913 -0.95366 -23.6946
    endloop
  endfacet
  facet normal 0.681943 -0.674046 0.28393
    outer loop
      vertex -1.41033 -0.49984 -22.8066
      vertex -1.50785 -0.968387 -23.6847
      vertex -1.39161 -0.485113 -22.8166
    endloop
  endfacet
  facet normal 0.681147 -0.674661 0.284379
    outer loop
      vertex -1.48913 -0.95366 -23.6946
      vertex -1.39161 -0.485113 -22.8166
      vertex -1.50785 -0.968387 -23.6847
    endloop
  endfacet
  facet normal 0.727908 -0.635227 0.258142
    outer loop
      vertex -1.42794 -0.515793 -22.7962
      vertex -1.52546 -0.98434 -23.6742
      vertex -1.41033 -0.49984 -22.8066
    endloop
  endfacet
  facet normal 0.728579 -0.634629 0.257718
    outer loop
      vertex -1.50785 -0.968387 -23.6847
      vertex -1.41033 -0.49984 -22.8066
      vertex -1.52546 -0.98434 -23.6742
    endloop
  endfacet
  facet normal 0.771904 -0.592507 0.230432
    outer loop
      vertex -1.44447 -0.533011 -22.7851
      vertex -1.54199 -1.00156 -23.6632
      vertex -1.42794 -0.515793 -22.7962
    endloop
  endfacet
  facet normal 0.771384 -0.593042 0.2308
    outer loop
      vertex -1.52546 -0.98434 -23.6742
      vertex -1.42794 -0.515793 -22.7962
      vertex -1.54199 -1.00156 -23.6632
    endloop
  endfacet
  facet normal 0.8097 -0.550344 0.203734
    outer loop
      vertex -1.45998 -0.551536 -22.7735
      vertex -1.5575 -1.02008 -23.6516
      vertex -1.44447 -0.533011 -22.7851
    endloop
  endfacet
  facet normal 0.809641 -0.550414 0.203781
    outer loop
      vertex -1.54199 -1.00156 -23.6632
      vertex -1.44447 -0.533011 -22.7851
      vertex -1.5575 -1.02008 -23.6516
    endloop
  endfacet
  facet normal 0.842965 -0.507883 0.177382
    outer loop
      vertex -1.47452 -0.571408 -22.7613
      vertex -1.57204 -1.03995 -23.6394
      vertex -1.45998 -0.551536 -22.7735
    endloop
  endfacet
  facet normal 0.842946 -0.50791 0.177399
    outer loop
      vertex -1.5575 -1.02008 -23.6516
      vertex -1.45998 -0.551536 -22.7735
      vertex -1.57204 -1.03995 -23.6394
    endloop
  endfacet
  facet normal 0.871291 -0.466566 0.152207
    outer loop
      vertex -1.48814 -0.592667 -22.7485
      vertex -1.58566 -1.06121 -23.6265
      vertex -1.47452 -0.571408 -22.7613
    endloop
  endfacet
  facet normal 0.871556 -0.466159 0.151943
    outer loop
      vertex -1.57204 -1.03995 -23.6394
      vertex -1.47452 -0.571408 -22.7613
      vertex -1.58566 -1.06121 -23.6265
    endloop
  endfacet
  facet normal 0.895545 -0.426179 0.127947
    outer loop
      vertex -1.50088 -0.615355 -22.7349
      vertex -1.5984 -1.0839 -23.613
      vertex -1.48814 -0.592667 -22.7485
    endloop
  endfacet
  facet normal 0.895369 -0.426489 0.128146
    outer loop
      vertex -1.58566 -1.06121 -23.6265
      vertex -1.48814 -0.592667 -22.7485
      vertex -1.5984 -1.0839 -23.613
    endloop
  endfacet
  facet normal 0.915145 -0.388963 0.105914
    outer loop
      vertex -1.51279 -0.63951 -22.7207
      vertex -1.61031 -1.10806 -23.5988
      vertex -1.50088 -0.615355 -22.7349
    endloop
  endfacet
  facet normal 0.91517 -0.388913 0.105883
    outer loop
      vertex -1.5984 -1.0839 -23.613
      vertex -1.50088 -0.615355 -22.7349
      vertex -1.61031 -1.10806 -23.5988
    endloop
  endfacet
  facet normal 0.931157 -0.354403 0.0857029
    outer loop
      vertex -1.52393 -0.665176 -22.7058
      vertex -1.62145 -1.13372 -23.5838
      vertex -1.51279 -0.63951 -22.7207
    endloop
  endfacet
  facet normal 0.931228 -0.354242 0.0856016
    outer loop
      vertex -1.61031 -1.10806 -23.5988
      vertex -1.51279 -0.63951 -22.7207
      vertex -1.62145 -1.13372 -23.5838
    endloop
  endfacet
  facet normal 0.944301 -0.322182 0.067042
    outer loop
      vertex -1.53433 -0.692391 -22.6901
      vertex -1.63185 -1.16094 -23.5682
      vertex -1.52393 -0.665176 -22.7058
    endloop
  endfacet
  facet normal 0.944253 -0.322306 0.0671195
    outer loop
      vertex -1.62145 -1.13372 -23.5838
      vertex -1.52393 -0.665176 -22.7058
      vertex -1.63185 -1.16094 -23.5682
    endloop
  endfacet
  facet normal 0.95466 -0.29338 0.0505167
    outer loop
      vertex -1.54405 -0.721196 -22.6737
      vertex -1.64158 -1.18974 -23.5517
      vertex -1.53433 -0.692391 -22.6901
    endloop
  endfacet
  facet normal 0.954612 -0.293521 0.0506039
    outer loop
      vertex -1.63185 -1.16094 -23.5682
      vertex -1.53433 -0.692391 -22.6901
      vertex -1.64158 -1.18974 -23.5517
    endloop
  endfacet
  facet normal 0.962663 -0.268266 0.0362336
    outer loop
      vertex -1.55048 -0.742622 -22.6615
      vertex -1.648 -1.21117 -23.5396
      vertex -1.54405 -0.721196 -22.6737
    endloop
  endfacet
  facet normal 0.962733 -0.268035 0.0360946
    outer loop
      vertex -1.64158 -1.18974 -23.5517
      vertex -1.54405 -0.721196 -22.6737
      vertex -1.648 -1.21117 -23.5396
    endloop
  endfacet
  facet normal 0.967362 -0.251956 0.0270127
    outer loop
      vertex -1.55638 -0.763988 -22.6495
      vertex -1.6539 -1.23254 -23.5275
      vertex -1.55048 -0.742622 -22.6615
    endloop
  endfacet
  facet normal 0.967396 -0.251833 0.0269393
    outer loop
      vertex -1.648 -1.21117 -23.5396
      vertex -1.55048 -0.742622 -22.6615
      vertex -1.6539 -1.23254 -23.5275
    endloop
  endfacet
  facet normal 0.973147 -0.229728 0.0145044
    outer loop
      vertex -1.56179 -0.786116 -22.637
      vertex -1.65931 -1.25466 -23.5151
      vertex -1.55638 -0.763988 -22.6495
    endloop
  endfacet
  facet normal 0.973121 -0.229835 0.014568
    outer loop
      vertex -1.6539 -1.23254 -23.5275
      vertex -1.55638 -0.763988 -22.6495
      vertex -1.65931 -1.25466 -23.5151
    endloop
  endfacet
  facet normal 0.978672 -0.205429 0.000926869
    outer loop
      vertex -1.56678 -0.809829 -22.6238
      vertex -1.6643 -1.27838 -23.5019
      vertex -1.56179 -0.786116 -22.637
    endloop
  endfacet
  facet normal 0.978681 -0.205385 0.000900673
    outer loop
      vertex -1.65931 -1.25466 -23.5151
      vertex -1.56179 -0.786116 -22.637
      vertex -1.6643 -1.27838 -23.5019
    endloop
  endfacet
  facet normal 0.983461 -0.180664 -0.0128225
    outer loop
      vertex -1.57139 -0.835946 -22.6094
      vertex -1.66891 -1.30449 -23.4874
      vertex -1.56678 -0.809829 -22.6238
    endloop
  endfacet
  facet normal 0.983449 -0.180736 -0.0127799
    outer loop
      vertex -1.6643 -1.27838 -23.5019
      vertex -1.56678 -0.809829 -22.6238
      vertex -1.66891 -1.30449 -23.4874
    endloop
  endfacet
  facet normal 0.987093 -0.158148 -0.0252408
    outer loop
      vertex -1.57568 -0.865292 -22.5933
      vertex -1.6732 -1.33384 -23.4713
      vertex -1.57139 -0.835946 -22.6094
    endloop
  endfacet
  facet normal 0.987095 -0.158132 -0.0252503
    outer loop
      vertex -1.66891 -1.30449 -23.4874
      vertex -1.57139 -0.835946 -22.6094
      vertex -1.6732 -1.33384 -23.4713
    endloop
  endfacet
  facet normal 0.989726 -0.138339 -0.0361164
    outer loop
      vertex -1.57968 -0.898687 -22.575
      vertex -1.67721 -1.36723 -23.453
      vertex -1.57568 -0.865292 -22.5933
    endloop
  endfacet
  facet normal 0.989698 -0.138575 -0.0359751
    outer loop
      vertex -1.6732 -1.33384 -23.4713
      vertex -1.57568 -0.865292 -22.5933
      vertex -1.67721 -1.36723 -23.453
    endloop
  endfacet
  facet normal 0.991449 -0.122604 -0.0446878
    outer loop
      vertex -1.58347 -0.936953 -22.5541
      vertex -1.68099 -1.4055 -23.4322
      vertex -1.57968 -0.898687 -22.575
    endloop
  endfacet
  facet normal 0.991477 -0.122313 -0.044863
    outer loop
      vertex -1.67721 -1.36723 -23.453
      vertex -1.57968 -0.898687 -22.575
      vertex -1.68099 -1.4055 -23.4322
    endloop
  endfacet
  facet normal 0.992631 -0.109553 -0.0517887
    outer loop
      vertex -1.58708 -0.980913 -22.5303
      vertex -1.6846 -1.44946 -23.4083
      vertex -1.58347 -0.936953 -22.5541
    endloop
  endfacet
  facet normal 0.992624 -0.109641 -0.051735
    outer loop
      vertex -1.68099 -1.4055 -23.4322
      vertex -1.58347 -0.936953 -22.5541
      vertex -1.6846 -1.44946 -23.4083
    endloop
  endfacet
  facet normal 0.993382 -0.0996082 -0.0571802
    outer loop
      vertex -1.59057 -1.03139 -22.503
      vertex -1.68809 -1.49993 -23.381
      vertex -1.58708 -0.980913 -22.5303
    endloop
  endfacet
  facet normal 0.993382 -0.0996185 -0.0571738
    outer loop
      vertex -1.6846 -1.44946 -23.4083
      vertex -1.58708 -0.980913 -22.5303
      vertex -1.68809 -1.49993 -23.381
    endloop
  endfacet
  facet normal 0.993872 -0.0919838 -0.0612953
    outer loop
      vertex -1.59399 -1.0892 -22.4717
      vertex -1.69151 -1.55775 -23.3498
      vertex -1.59057 -1.03139 -22.503
    endloop
  endfacet
  facet normal 0.993877 -0.091893 -0.0613523
    outer loop
      vertex -1.68809 -1.49993 -23.381
      vertex -1.59057 -1.03139 -22.503
      vertex -1.69151 -1.55775 -23.3498
    endloop
  endfacet
  facet normal 0.994209 -0.0858623 -0.0646188
    outer loop
      vertex -1.59738 -1.15517 -22.4362
      vertex -1.69491 -1.62371 -23.3142
      vertex -1.59399 -1.0892 -22.4717
    endloop
  endfacet
  facet normal 0.994201 -0.0860565 -0.0644945
    outer loop
      vertex -1.69151 -1.55775 -23.3498
      vertex -1.59399 -1.0892 -22.4717
      vertex -1.69491 -1.62371 -23.3142
    endloop
  endfacet
  facet normal 0.994418 -0.0815779 -0.0669161
    outer loop
      vertex -1.60081 -1.23012 -22.3958
      vertex -1.69833 -1.69867 -23.2738
      vertex -1.59738 -1.15517 -22.4362
    endloop
  endfacet
  facet normal 0.994422 -0.0814719 -0.0669854
    outer loop
      vertex -1.69491 -1.62371 -23.3142
      vertex -1.59738 -1.15517 -22.4362
      vertex -1.69833 -1.69867 -23.2738
    endloop
  endfacet
  facet normal 0.994566 -0.0781798 -0.0687459
    outer loop
      vertex -1.60432 -1.31487 -22.3502
      vertex -1.70184 -1.78342 -23.2282
      vertex -1.60081 -1.23012 -22.3958
    endloop
  endfacet
  facet normal 0.994566 -0.0781798 -0.0687459
    outer loop
      vertex -1.69833 -1.69867 -23.2738
      vertex -1.60081 -1.23012 -22.3958
      vertex -1.70184 -1.78342 -23.2282
    endloop
  endfacet
  facet normal 0.994663 -0.075744 -0.0700574
    outer loop
      vertex -1.60797 -1.41025 -22.2989
      vertex -1.70549 -1.87879 -23.1769
      vertex -1.60432 -1.31487 -22.3502
    endloop
  endfacet
  facet normal 0.994663 -0.0757498 -0.0700535
    outer loop
      vertex -1.70184 -1.78342 -23.2282
      vertex -1.60432 -1.31487 -22.3502
      vertex -1.70549 -1.87879 -23.1769
    endloop
  endfacet
  facet normal 0.994735 -0.0738325 -0.0710765
    outer loop
      vertex -1.61179 -1.51707 -22.2414
      vertex -1.70931 -1.98562 -23.1195
      vertex -1.60797 -1.41025 -22.2989
    endloop
  endfacet
  facet normal 0.994736 -0.0737792 -0.071114
    outer loop
      vertex -1.70549 -1.87879 -23.1769
      vertex -1.60797 -1.41025 -22.2989
      vertex -1.70931 -1.98562 -23.1195
    endloop
  endfacet
  facet normal 0.99478 -0.0725015 -0.0718031
    outer loop
      vertex -1.61585 -1.63616 -22.1774
      vertex -1.71338 -2.10471 -23.0555
      vertex -1.61179 -1.51707 -22.2414
    endloop
  endfacet
  facet normal 0.994779 -0.0725616 -0.0717596
    outer loop
      vertex -1.70931 -1.98562 -23.1195
      vertex -1.61179 -1.51707 -22.2414
      vertex -1.71338 -2.10471 -23.0555
    endloop
  endfacet
  facet normal 0.994812 -0.0715704 -0.0722922
    outer loop
      vertex -1.6202 -1.76834 -22.1064
      vertex -1.71772 -2.23689 -22.9845
      vertex -1.61585 -1.63616 -22.1774
    endloop
  endfacet
  facet normal 0.994813 -0.0715167 -0.0723323
    outer loop
      vertex -1.71338 -2.10471 -23.0555
      vertex -1.61585 -1.63616 -22.1774
      vertex -1.71772 -2.23689 -22.9845
    endloop
  endfacet
  facet normal 0.994832 -0.070956 -0.0726231
    outer loop
      vertex -1.62489 -1.91444 -22.0279
      vertex -1.72241 -2.38298 -22.906
      vertex -1.6202 -1.76834 -22.1064
    endloop
  endfacet
  facet normal 0.994832 -0.0709594 -0.0726204
    outer loop
      vertex -1.71772 -2.23689 -22.9845
      vertex -1.6202 -1.76834 -22.1064
      vertex -1.72241 -2.38298 -22.906
    endloop
  endfacet
  facet normal 0.994847 -0.0704769 -0.0728878
    outer loop
      vertex -1.62996 -2.07526 -21.9416
      vertex -1.72748 -2.54381 -22.8196
      vertex -1.62489 -1.91444 -22.0279
    endloop
  endfacet
  facet normal 0.994847 -0.0705056 -0.072865
    outer loop
      vertex -1.72241 -2.38298 -22.906
      vertex -1.62489 -1.91444 -22.0279
      vertex -1.72748 -2.54381 -22.8196
    endloop
  endfacet
  facet normal 0.99485 -0.0703792 -0.0729403
    outer loop
      vertex -1.66425 -3.16864 -21.3543
      vertex -1.76177 -3.63719 -22.2323
      vertex -1.62996 -2.07526 -21.9416
    endloop
  endfacet
  facet normal 0.99485 -0.0703792 -0.0729403
    outer loop
      vertex -1.72748 -2.54381 -22.8196
      vertex -1.62996 -2.07526 -21.9416
      vertex -1.76177 -3.63719 -22.2323
    endloop
  endfacet
  facet normal 0.024279 0.880852 -0.472769
    outer loop
      vertex -2.15479 2.8305 -24.5011
      vertex -3.21888 2.42745 -25.3067
      vertex -3.12136 2.896 -24.4287
    endloop
  endfacet
  facet normal 0.024227 0.880882 -0.472715
    outer loop
      vertex -2.15479 2.8305 -24.5011
      vertex -2.25231 2.36196 -25.3792
      vertex -3.21888 2.42745 -25.3067
    endloop
  endfacet
  facet normal -0.994797 0.0720314 0.0720453
    outer loop
      vertex -2.10347 4.36292 -25.3246
      vertex -2.25231 2.36196 -25.3792
      vertex -2.15479 2.8305 -24.5011
    endloop
  endfacet
  facet normal -0.994796 0.0720311 0.0720528
    outer loop
      vertex -2.10347 4.36292 -25.3246
      vertex -2.20099 3.89437 -26.2026
      vertex -2.25231 2.36196 -25.3792
    endloop
  endfacet
  facet normal -0.994815 0.0714823 0.0723477
    outer loop
      vertex -2.05326 5.89445 -26.1474
      vertex -2.20099 3.89437 -26.2026
      vertex -2.10347 4.36292 -25.3246
    endloop
  endfacet
  facet normal -0.994815 0.0714823 0.0723485
    outer loop
      vertex -2.05326 5.89445 -26.1474
      vertex -2.15078 5.42591 -27.0254
      vertex -2.20099 3.89437 -26.2026
    endloop
  endfacet
  facet normal -0.0276204 -0.880625 0.473009
    outer loop
      vertex -3.99272 6.03166 -26.0052
      vertex -2.15078 5.42591 -27.0254
      vertex -2.05326 5.89445 -26.1474
    endloop
  endfacet
  facet normal -0.0276149 -0.880621 0.473016
    outer loop
      vertex -3.99272 6.03166 -26.0052
      vertex -4.09025 5.56311 -26.8832
      vertex -2.15078 5.42591 -27.0254
    endloop
  endfacet
  facet normal -0.994849 0.0703805 0.0729509
    outer loop
      vertex -3.95663 7.18258 -26.6234
      vertex -4.09025 5.56311 -26.8832
      vertex -3.99272 6.03166 -26.0052
    endloop
  endfacet
  facet normal -0.99485 0.0703825 0.0729385
    outer loop
      vertex -3.95663 7.18258 -26.6234
      vertex -4.05415 6.71403 -27.5014
      vertex -4.09025 5.56311 -26.8832
    endloop
  endfacet
  facet normal 0.027621 0.880621 -0.473016
    outer loop
      vertex 1.0058 6.83152 -26.9872
      vertex -4.05415 6.71403 -27.5014
      vertex -3.95663 7.18258 -26.6234
    endloop
  endfacet
  facet normal 0.0276201 0.880625 -0.473008
    outer loop
      vertex 1.0058 6.83152 -26.9872
      vertex 0.908281 6.36298 -27.8652
      vertex -4.05415 6.71403 -27.5014
    endloop
  endfacet
  facet normal 0.99485 -0.0703784 -0.0729404
    outer loop
      vertex 0.969706 5.6806 -26.369
      vertex 0.908281 6.36298 -27.8652
      vertex 1.0058 6.83152 -26.9872
    endloop
  endfacet
  facet normal 0.994851 -0.0703727 -0.0729378
    outer loop
      vertex 0.969706 5.6806 -26.369
      vertex 0.872184 5.21205 -27.2471
      vertex 0.908281 6.36298 -27.8652
    endloop
  endfacet
  facet normal -0.0276279 -0.880643 0.472975
    outer loop
      vertex -0.926419 5.81474 -26.23
      vertex 0.872184 5.21205 -27.2471
      vertex 0.969706 5.6806 -26.369
    endloop
  endfacet
  facet normal -0.0276279 -0.880643 0.472975
    outer loop
      vertex -0.926419 5.81474 -26.23
      vertex -1.02394 5.34619 -27.1081
      vertex 0.872184 5.21205 -27.2471
    endloop
  endfacet
  facet normal 0.994851 -0.0703755 -0.0729352
    outer loop
      vertex -1.02268 2.74561 -24.5816
      vertex -1.02394 5.34619 -27.1081
      vertex -0.926419 5.81474 -26.23
    endloop
  endfacet
  facet normal 0.99485 -0.0703801 -0.0729398
    outer loop
      vertex -1.02268 2.74561 -24.5816
      vertex -1.1202 2.27706 -25.4596
      vertex -1.02394 5.34619 -27.1081
    endloop
  endfacet
  facet normal 0.0276232 0.88062 -0.473017
    outer loop
      vertex 0.873446 2.61147 -24.7206
      vertex -1.1202 2.27706 -25.4596
      vertex -1.02268 2.74561 -24.5816
    endloop
  endfacet
  facet normal 0.0276233 0.88062 -0.473017
    outer loop
      vertex 0.873446 2.61147 -24.7206
      vertex 0.775924 2.14292 -25.5986
      vertex -1.1202 2.27706 -25.4596
    endloop
  endfacet
  facet normal 0.99485 -0.0703845 -0.0729397
    outer loop
      vertex 0.837649 1.47014 -24.1075
      vertex 0.775924 2.14292 -25.5986
      vertex 0.873446 2.61147 -24.7206
    endloop
  endfacet
  facet normal 0.994851 -0.0703761 -0.072936
    outer loop
      vertex 0.837649 1.47014 -24.1075
      vertex 0.740127 1.00159 -24.9856
      vertex 0.775924 2.14292 -25.5986
    endloop
  endfacet
  facet normal -0.0276256 -0.880643 0.472975
    outer loop
      vertex -4.12478 1.8212 -23.7437
      vertex 0.740127 1.00159 -24.9856
      vertex 0.837649 1.47014 -24.1075
    endloop
  endfacet
  facet normal -0.0276256 -0.880643 0.472975
    outer loop
      vertex -4.12478 1.8212 -23.7437
      vertex -4.2223 1.35265 -24.6218
      vertex 0.740127 1.00159 -24.9856
    endloop
  endfacet
  facet normal -0.994851 0.0703772 0.0729331
    outer loop
      vertex -4.08898 2.96253 -24.3567
      vertex -4.2223 1.35265 -24.6218
      vertex -4.12478 1.8212 -23.7437
    endloop
  endfacet
  facet normal -0.99485 0.0703751 0.0729455
    outer loop
      vertex -4.08898 2.96253 -24.3567
      vertex -4.18651 2.49398 -25.2348
      vertex -4.2223 1.35265 -24.6218
    endloop
  endfacet
  facet normal 0.0253791 0.880799 -0.472809
    outer loop
      vertex -3.12136 2.896 -24.4287
      vertex -4.18651 2.49398 -25.2348
      vertex -4.08898 2.96253 -24.3567
    endloop
  endfacet
  facet normal 0.0254226 0.880774 -0.472854
    outer loop
      vertex -3.12136 2.896 -24.4287
      vertex -3.21888 2.42745 -25.3067
      vertex -4.18651 2.49398 -25.2348
    endloop
  endfacet
  facet normal -0.99484 0.0707376 0.0727356
    outer loop
      vertex -2.22822 -10.7653 -17.2378
      vertex -2.32922 -11.3432 -18.0572
      vertex -2.2317 -10.8746 -17.1791
    endloop
  endfacet
  facet normal -0.99484 0.0707376 0.0727356
    outer loop
      vertex -2.22822 -10.7653 -17.2378
      vertex -2.32574 -11.2339 -18.1159
      vertex -2.32922 -11.3432 -18.0572
    endloop
  endfacet
  facet normal -0.994831 0.0710036 0.0725927
    outer loop
      vertex -2.2248 -10.6588 -17.2951
      vertex -2.32574 -11.2339 -18.1159
      vertex -2.22822 -10.7653 -17.2378
    endloop
  endfacet
  facet normal -0.994832 0.0709541 0.0726275
    outer loop
      vertex -2.2248 -10.6588 -17.2951
      vertex -2.32232 -11.1274 -18.1731
      vertex -2.32574 -11.2339 -18.1159
    endloop
  endfacet
  facet normal -0.994826 0.0711555 0.0725192
    outer loop
      vertex -2.22145 -10.5554 -17.3506
      vertex -2.32232 -11.1274 -18.1731
      vertex -2.2248 -10.6588 -17.2951
    endloop
  endfacet
  facet normal -0.994826 0.0711555 0.0725192
    outer loop
      vertex -2.22145 -10.5554 -17.3506
      vertex -2.31897 -11.024 -18.2286
      vertex -2.32232 -11.1274 -18.1731
    endloop
  endfacet
  facet normal -0.994814 0.0715131 0.0723271
    outer loop
      vertex -2.21818 -10.4556 -17.4043
      vertex -2.31897 -11.024 -18.2286
      vertex -2.22145 -10.5554 -17.3506
    endloop
  endfacet
  facet normal -0.994815 0.071461 0.0723632
    outer loop
      vertex -2.21818 -10.4556 -17.4043
      vertex -2.3157 -10.9241 -18.2823
      vertex -2.31897 -11.024 -18.2286
    endloop
  endfacet
  facet normal -0.994807 0.0717035 0.0722329
    outer loop
      vertex -2.215 -10.3595 -17.4559
      vertex -2.3157 -10.9241 -18.2823
      vertex -2.21818 -10.4556 -17.4043
    endloop
  endfacet
  facet normal -0.994806 0.071758 0.0721955
    outer loop
      vertex -2.215 -10.3595 -17.4559
      vertex -2.31252 -10.8281 -18.3339
      vertex -2.3157 -10.9241 -18.2823
    endloop
  endfacet
  facet normal -0.994799 0.0719768 0.0720779
    outer loop
      vertex -2.21193 -10.2677 -17.5052
      vertex -2.31252 -10.8281 -18.3339
      vertex -2.215 -10.3595 -17.4559
    endloop
  endfacet
  facet normal -0.994799 0.0719768 0.0720779
    outer loop
      vertex -2.21193 -10.2677 -17.5052
      vertex -2.30945 -10.7363 -18.3832
      vertex -2.31252 -10.8281 -18.3339
    endloop
  endfacet
  facet normal -0.994784 0.0724095 0.0718454
    outer loop
      vertex -2.20897 -10.1805 -17.5521
      vertex -2.30945 -10.7363 -18.3832
      vertex -2.21193 -10.2677 -17.5052
    endloop
  endfacet
  facet normal -0.994785 0.0723486 0.0718863
    outer loop
      vertex -2.20897 -10.1805 -17.5521
      vertex -2.30649 -10.649 -18.4301
      vertex -2.30945 -10.7363 -18.3832
    endloop
  endfacet
  facet normal -0.994775 0.0726412 0.071729
    outer loop
      vertex -2.20614 -10.0981 -17.5963
      vertex -2.30649 -10.649 -18.4301
      vertex -2.20897 -10.1805 -17.5521
    endloop
  endfacet
  facet normal -0.994772 0.0727704 0.0716433
    outer loop
      vertex -2.20614 -10.0981 -17.5963
      vertex -2.30366 -10.5667 -18.4744
      vertex -2.30649 -10.649 -18.4301
    endloop
  endfacet
  facet normal -0.994759 0.0731594 0.0714342
    outer loop
      vertex -2.20345 -10.0211 -17.6377
      vertex -2.30366 -10.5667 -18.4744
      vertex -2.20614 -10.0981 -17.5963
    endloop
  endfacet
  facet normal -0.994761 0.0730893 0.0714801
    outer loop
      vertex -2.20345 -10.0211 -17.6377
      vertex -2.30097 -10.4896 -18.5158
      vertex -2.30366 -10.5667 -18.4744
    endloop
  endfacet
  facet normal -0.994741 0.0736401 0.0711841
    outer loop
      vertex -2.20091 -9.94967 -17.6761
      vertex -2.30097 -10.4896 -18.5158
      vertex -2.20345 -10.0211 -17.6377
    endloop
  endfacet
  facet normal -0.994741 0.073663 0.0711693
    outer loop
      vertex -2.20091 -9.94967 -17.6761
      vertex -2.29843 -10.4182 -18.5542
      vertex -2.30097 -10.4896 -18.5158
    endloop
  endfacet
  facet normal -0.994721 0.0741977 0.0708819
    outer loop
      vertex -2.19854 -9.88427 -17.7113
      vertex -2.29843 -10.4182 -18.5542
      vertex -2.20091 -9.94967 -17.6761
    endloop
  endfacet
  facet normal -0.994724 0.074117 0.0709333
    outer loop
      vertex -2.19854 -9.88427 -17.7113
      vertex -2.29606 -10.3528 -18.5893
      vertex -2.29843 -10.4182 -18.5542
    endloop
  endfacet
  facet normal -0.994691 0.075002 0.0704574
    outer loop
      vertex -2.19634 -9.82522 -17.7431
      vertex -2.29606 -10.3528 -18.5893
      vertex -2.19854 -9.88427 -17.7113
    endloop
  endfacet
  facet normal -0.994694 0.0749235 0.0705066
    outer loop
      vertex -2.19634 -9.82522 -17.7431
      vertex -2.29387 -10.2938 -18.6211
      vertex -2.29606 -10.3528 -18.5893
    endloop
  endfacet
  facet normal -0.994666 0.075651 0.0701153
    outer loop
      vertex -2.19434 -9.77288 -17.7712
      vertex -2.29387 -10.2938 -18.6211
      vertex -2.19634 -9.82522 -17.7431
    endloop
  endfacet
  facet normal -0.994664 0.0757285 0.0700675
    outer loop
      vertex -2.19434 -9.77288 -17.7712
      vertex -2.29186 -10.2414 -18.6492
      vertex -2.29387 -10.2938 -18.6211
    endloop
  endfacet
  facet normal -0.994608 0.0771401 0.0693081
    outer loop
      vertex -2.19253 -9.72762 -17.7956
      vertex -2.29186 -10.2414 -18.6492
      vertex -2.19434 -9.77288 -17.7712
    endloop
  endfacet
  facet normal -0.994606 0.0772171 0.0692614
    outer loop
      vertex -2.19253 -9.72762 -17.7956
      vertex -2.29005 -10.1962 -18.6736
      vertex -2.29186 -10.2414 -18.6492
    endloop
  endfacet
  facet normal -0.994549 0.0785914 0.0685218
    outer loop
      vertex -2.19094 -9.6898 -17.8159
      vertex -2.29005 -10.1962 -18.6736
      vertex -2.19253 -9.72762 -17.7956
    endloop
  endfacet
  facet normal -0.994549 0.0786026 0.0685151
    outer loop
      vertex -2.19094 -9.6898 -17.8159
      vertex -2.28846 -10.1583 -18.694
      vertex -2.29005 -10.1962 -18.6736
    endloop
  endfacet
  facet normal -0.994423 0.0814683 0.0669721
    outer loop
      vertex -2.18957 -9.65976 -17.8321
      vertex -2.28846 -10.1583 -18.694
      vertex -2.19094 -9.6898 -17.8159
    endloop
  endfacet
  facet normal -0.994427 0.0813812 0.067023
    outer loop
      vertex -2.18957 -9.65976 -17.8321
      vertex -2.28709 -10.1283 -18.7101
      vertex -2.28846 -10.1583 -18.694
    endloop
  endfacet
  facet normal -0.994199 0.0860848 0.0644875
    outer loop
      vertex -2.18844 -9.63787 -17.8439
      vertex -2.28709 -10.1283 -18.7101
      vertex -2.18957 -9.65976 -17.8321
    endloop
  endfacet
  facet normal -0.9942 0.0860549 0.0645047
    outer loop
      vertex -2.18844 -9.63787 -17.8439
      vertex -2.28596 -10.1064 -18.7219
      vertex -2.28709 -10.1283 -18.7101
    endloop
  endfacet
  facet normal -0.993527 0.0974773 0.0583345
    outer loop
      vertex -2.18755 -9.62449 -17.8511
      vertex -2.28596 -10.1064 -18.7219
      vertex -2.18844 -9.63787 -17.8439
    endloop
  endfacet
  facet normal -0.993549 0.0971326 0.0585278
    outer loop
      vertex -2.18755 -9.62449 -17.8511
      vertex -2.28508 -10.093 -18.7292
      vertex -2.28596 -10.1064 -18.7219
    endloop
  endfacet
  facet normal -0.988033 0.151512 0.0289011
    outer loop
      vertex -2.18693 -9.61997 -17.8536
      vertex -2.28508 -10.093 -18.7292
      vertex -2.18755 -9.62449 -17.8511
    endloop
  endfacet
  facet normal -0.987734 0.153672 0.0277006
    outer loop
      vertex -2.18693 -9.61997 -17.8536
      vertex -2.28445 -10.0885 -18.7317
      vertex -2.28508 -10.093 -18.7292
    endloop
  endfacet
  facet normal 0.279491 0.833869 -0.475969
    outer loop
      vertex -2.18286 -9.62122 -17.8534
      vertex -2.28445 -10.0885 -18.7317
      vertex -2.18693 -9.61997 -17.8536
    endloop
  endfacet
  facet normal 0.299337 0.827562 -0.474909
    outer loop
      vertex -2.18286 -9.62122 -17.8534
      vertex -2.28038 -10.0898 -18.7314
      vertex -2.28445 -10.0885 -18.7317
    endloop
  endfacet
  facet normal 0.437001 0.772463 -0.460794
    outer loop
      vertex -2.17599 -9.62451 -17.8524
      vertex -2.28038 -10.0898 -18.7314
      vertex -2.18286 -9.62122 -17.8534
    endloop
  endfacet
  facet normal 0.433036 0.774372 -0.461333
    outer loop
      vertex -2.17599 -9.62451 -17.8524
      vertex -2.27352 -10.0931 -18.7305
      vertex -2.28038 -10.0898 -18.7314
    endloop
  endfacet
  facet normal 0.489886 0.745358 -0.452165
    outer loop
      vertex -2.16657 -9.62967 -17.8507
      vertex -2.27352 -10.0931 -18.7305
      vertex -2.17599 -9.62451 -17.8524
    endloop
  endfacet
  facet normal 0.485926 0.747541 -0.452833
    outer loop
      vertex -2.16657 -9.62967 -17.8507
      vertex -2.26409 -10.0982 -18.7288
      vertex -2.27352 -10.0931 -18.7305
    endloop
  endfacet
  facet normal 0.518134 0.729371 -0.446715
    outer loop
      vertex -2.15483 -9.63654 -17.8483
      vertex -2.26409 -10.0982 -18.7288
      vertex -2.16657 -9.62967 -17.8507
    endloop
  endfacet
  facet normal 0.519476 0.728571 -0.446462
    outer loop
      vertex -2.15483 -9.63654 -17.8483
      vertex -2.25235 -10.1051 -18.7264
      vertex -2.26409 -10.0982 -18.7288
    endloop
  endfacet
  facet normal 0.532701 0.72066 -0.44371
    outer loop
      vertex -2.14101 -9.64497 -17.8454
      vertex -2.25235 -10.1051 -18.7264
      vertex -2.15483 -9.63654 -17.8483
    endloop
  endfacet
  facet normal 0.533861 0.719942 -0.443481
    outer loop
      vertex -2.14101 -9.64497 -17.8454
      vertex -2.23853 -10.1135 -18.7234
      vertex -2.25235 -10.1051 -18.7264
    endloop
  endfacet
  facet normal 0.545329 0.712853 -0.440972
    outer loop
      vertex -2.12533 -9.6548 -17.8419
      vertex -2.23853 -10.1135 -18.7234
      vertex -2.14101 -9.64497 -17.8454
    endloop
  endfacet
  facet normal 0.544384 0.713456 -0.441165
    outer loop
      vertex -2.12533 -9.6548 -17.8419
      vertex -2.22285 -10.1233 -18.7199
      vertex -2.23853 -10.1135 -18.7234
    endloop
  endfacet
  facet normal 0.554312 0.707172 -0.438914
    outer loop
      vertex -2.10804 -9.66587 -17.8379
      vertex -2.22285 -10.1233 -18.7199
      vertex -2.12533 -9.6548 -17.8419
    endloop
  endfacet
  facet normal 0.555147 0.706625 -0.438739
    outer loop
      vertex -2.10804 -9.66587 -17.8379
      vertex -2.20556 -10.1344 -18.7159
      vertex -2.22285 -10.1233 -18.7199
    endloop
  endfacet
  facet normal 0.560895 0.70291 -0.437395
    outer loop
      vertex -2.08937 -9.67803 -17.8335
      vertex -2.20556 -10.1344 -18.7159
      vertex -2.10804 -9.66587 -17.8379
    endloop
  endfacet
  facet normal 0.561909 0.702234 -0.437179
    outer loop
      vertex -2.08937 -9.67803 -17.8335
      vertex -2.18689 -10.1466 -18.7115
      vertex -2.20556 -10.1344 -18.7159
    endloop
  endfacet
  facet normal 0.567062 0.69885 -0.435946
    outer loop
      vertex -2.06956 -9.69111 -17.8287
      vertex -2.18689 -10.1466 -18.7115
      vertex -2.08937 -9.67803 -17.8335
    endloop
  endfacet
  facet normal 0.567533 0.698532 -0.435844
    outer loop
      vertex -2.06956 -9.69111 -17.8287
      vertex -2.16708 -10.1597 -18.7067
      vertex -2.18689 -10.1466 -18.7115
    endloop
  endfacet
  facet normal 0.571966 0.695584 -0.434763
    outer loop
      vertex -2.04884 -9.70496 -17.8236
      vertex -2.16708 -10.1597 -18.7067
      vertex -2.06956 -9.69111 -17.8287
    endloop
  endfacet
  facet normal 0.570854 0.696345 -0.435006
    outer loop
      vertex -2.04884 -9.70496 -17.8236
      vertex -2.14636 -10.1735 -18.7016
      vertex -2.16708 -10.1597 -18.7067
    endloop
  endfacet
  facet normal 0.575741 0.693066 -0.433799
    outer loop
      vertex -2.02744 -9.71942 -17.8183
      vertex -2.14636 -10.1735 -18.7016
      vertex -2.04884 -9.70496 -17.8236
    endloop
  endfacet
  facet normal 0.576768 0.692354 -0.433571
    outer loop
      vertex -2.02744 -9.71942 -17.8183
      vertex -2.12497 -10.188 -18.6963
      vertex -2.14636 -10.1735 -18.7016
    endloop
  endfacet
  facet normal 0.581565 0.68909 -0.432362
    outer loop
      vertex -2.00561 -9.73433 -17.8127
      vertex -2.12497 -10.188 -18.6963
      vertex -2.02744 -9.71942 -17.8183
    endloop
  endfacet
  facet normal 0.579896 0.69026 -0.432737
    outer loop
      vertex -2.00561 -9.73433 -17.8127
      vertex -2.10313 -10.2029 -18.6908
      vertex -2.12497 -10.188 -18.6963
    endloop
  endfacet
  facet normal 0.584035 0.687425 -0.431684
    outer loop
      vertex -1.98358 -9.74953 -17.8071
      vertex -2.10313 -10.2029 -18.6908
      vertex -2.00561 -9.73433 -17.8127
    endloop
  endfacet
  facet normal 0.585301 0.686528 -0.431395
    outer loop
      vertex -1.98358 -9.74953 -17.8071
      vertex -2.0811 -10.2181 -18.6851
      vertex -2.10313 -10.2029 -18.6908
    endloop
  endfacet
  facet normal 0.590091 0.6832 -0.430151
    outer loop
      vertex -1.96158 -9.76488 -17.8013
      vertex -2.0811 -10.2181 -18.6851
      vertex -1.98358 -9.74953 -17.8071
    endloop
  endfacet
  facet normal 0.587839 0.684811 -0.430673
    outer loop
      vertex -1.96158 -9.76488 -17.8013
      vertex -2.0591 -10.2334 -18.6794
      vertex -2.0811 -10.2181 -18.6851
    endloop
  endfacet
  facet normal 0.592745 0.681381 -0.429387
    outer loop
      vertex -1.93984 -9.7802 -17.7956
      vertex -2.0591 -10.2334 -18.6794
      vertex -1.96158 -9.76488 -17.8013
    endloop
  endfacet
  facet normal 0.593603 0.680761 -0.429185
    outer loop
      vertex -1.93984 -9.7802 -17.7956
      vertex -2.03736 -10.2487 -18.6736
      vertex -2.0591 -10.2334 -18.6794
    endloop
  endfacet
  facet normal 0.599182 0.676802 -0.427692
    outer loop
      vertex -1.91861 -9.79533 -17.7898
      vertex -2.03736 -10.2487 -18.6736
      vertex -1.93984 -9.7802 -17.7956
    endloop
  endfacet
  facet normal 0.599318 0.676702 -0.427659
    outer loop
      vertex -1.91861 -9.79533 -17.7898
      vertex -2.01613 -10.2639 -18.6679
      vertex -2.03736 -10.2487 -18.6736
    endloop
  endfacet
  facet normal 0.603508 0.673692 -0.426518
    outer loop
      vertex -1.89812 -9.81014 -17.7842
      vertex -2.01613 -10.2639 -18.6679
      vertex -1.91861 -9.79533 -17.7898
    endloop
  endfacet
  facet normal 0.603303 0.673843 -0.426569
    outer loop
      vertex -1.89812 -9.81014 -17.7842
      vertex -1.99564 -10.2787 -18.6623
      vertex -2.01613 -10.2639 -18.6679
    endloop
  endfacet
  facet normal 0.608492 0.670073 -0.425134
    outer loop
      vertex -1.8786 -9.82444 -17.7788
      vertex -1.99564 -10.2787 -18.6623
      vertex -1.89812 -9.81014 -17.7842
    endloop
  endfacet
  facet normal 0.609837 0.669066 -0.424794
    outer loop
      vertex -1.8786 -9.82444 -17.7788
      vertex -1.97612 -10.293 -18.6568
      vertex -1.99564 -10.2787 -18.6623
    endloop
  endfacet
  facet normal 0.617346 0.663507 -0.422661
    outer loop
      vertex -1.86029 -9.8381 -17.7735
      vertex -1.97612 -10.293 -18.6568
      vertex -1.8786 -9.82444 -17.7788
    endloop
  endfacet
  facet normal 0.616227 0.66436 -0.422954
    outer loop
      vertex -1.86029 -9.8381 -17.7735
      vertex -1.95782 -10.3066 -18.6515
      vertex -1.97612 -10.293 -18.6568
    endloop
  endfacet
  facet normal 0.625357 0.65748 -0.420296
    outer loop
      vertex -1.84343 -9.85094 -17.7685
      vertex -1.95782 -10.3066 -18.6515
      vertex -1.86029 -9.8381 -17.7735
    endloop
  endfacet
  facet normal 0.625044 0.657723 -0.420381
    outer loop
      vertex -1.84343 -9.85094 -17.7685
      vertex -1.94095 -10.3195 -18.6466
      vertex -1.95782 -10.3066 -18.6515
    endloop
  endfacet
  facet normal 0.635365 0.649761 -0.417279
    outer loop
      vertex -1.82144 -9.86814 -17.7618
      vertex -1.94095 -10.3195 -18.6466
      vertex -1.84343 -9.85094 -17.7685
    endloop
  endfacet
  facet normal 0.636641 0.648736 -0.416929
    outer loop
      vertex -1.82144 -9.86814 -17.7618
      vertex -1.91897 -10.3367 -18.6398
      vertex -1.94095 -10.3195 -18.6466
    endloop
  endfacet
  facet normal 0.650876 0.637376 -0.412447
    outer loop
      vertex -1.79793 -9.88723 -17.7542
      vertex -1.91897 -10.3367 -18.6398
      vertex -1.82144 -9.86814 -17.7618
    endloop
  endfacet
  facet normal 0.649882 0.638205 -0.412732
    outer loop
      vertex -1.79793 -9.88723 -17.7542
      vertex -1.89545 -10.3558 -18.6323
      vertex -1.91897 -10.3367 -18.6398
    endloop
  endfacet
  facet normal 0.661932 0.628288 -0.408779
    outer loop
      vertex -1.77309 -9.908 -17.7459
      vertex -1.89545 -10.3558 -18.6323
      vertex -1.79793 -9.88723 -17.7542
    endloop
  endfacet
  facet normal 0.661864 0.628347 -0.408799
    outer loop
      vertex -1.77309 -9.908 -17.7459
      vertex -1.87061 -10.3765 -18.6239
      vertex -1.89545 -10.3558 -18.6323
    endloop
  endfacet
  facet normal 0.671979 0.619784 -0.405353
    outer loop
      vertex -1.74713 -9.93026 -17.7369
      vertex -1.87061 -10.3765 -18.6239
      vertex -1.77309 -9.908 -17.7459
    endloop
  endfacet
  facet normal 0.672491 0.619331 -0.405197
    outer loop
      vertex -1.74713 -9.93026 -17.7369
      vertex -1.84465 -10.3988 -18.6149
      vertex -1.87061 -10.3765 -18.6239
    endloop
  endfacet
  facet normal 0.680208 0.612638 -0.402482
    outer loop
      vertex -1.72023 -9.95382 -17.7273
      vertex -1.84465 -10.3988 -18.6149
      vertex -1.74713 -9.93026 -17.7369
    endloop
  endfacet
  facet normal 0.680818 0.612085 -0.402291
    outer loop
      vertex -1.72023 -9.95382 -17.7273
      vertex -1.81776 -10.4224 -18.6053
      vertex -1.84465 -10.3988 -18.6149
    endloop
  endfacet
  facet normal 0.687693 0.605998 -0.399806
    outer loop
      vertex -1.69261 -9.9785 -17.7172
      vertex -1.81776 -10.4224 -18.6053
      vertex -1.72023 -9.95382 -17.7273
    endloop
  endfacet
  facet normal 0.686787 0.606833 -0.400095
    outer loop
      vertex -1.69261 -9.9785 -17.7172
      vertex -1.79014 -10.447 -18.5952
      vertex -1.81776 -10.4224 -18.6053
    endloop
  endfacet
  facet normal 0.694229 0.600135 -0.397348
    outer loop
      vertex -1.66447 -10.0041 -17.7067
      vertex -1.79014 -10.447 -18.5952
      vertex -1.69261 -9.9785 -17.7172
    endloop
  endfacet
  facet normal 0.694104 0.600252 -0.397388
    outer loop
      vertex -1.66447 -10.0041 -17.7067
      vertex -1.76199 -10.4726 -18.5847
      vertex -1.79014 -10.447 -18.5952
    endloop
  endfacet
  facet normal 0.700401 0.59448 -0.395008
    outer loop
      vertex -1.636 -10.0304 -17.6958
      vertex -1.76199 -10.4726 -18.5847
      vertex -1.66447 -10.0041 -17.7067
    endloop
  endfacet
  facet normal 0.701437 0.593489 -0.394662
    outer loop
      vertex -1.636 -10.0304 -17.6958
      vertex -1.73352 -10.499 -18.5738
      vertex -1.76199 -10.4726 -18.5847
    endloop
  endfacet
  facet normal 0.707017 0.588278 -0.3925
    outer loop
      vertex -1.6074 -10.0573 -17.6846
      vertex -1.73352 -10.499 -18.5738
      vertex -1.636 -10.0304 -17.6958
    endloop
  endfacet
  facet normal 0.705338 0.589909 -0.393072
    outer loop
      vertex -1.6074 -10.0573 -17.6846
      vertex -1.70492 -10.5258 -18.5627
      vertex -1.73352 -10.499 -18.5738
    endloop
  endfacet
  facet normal 0.711542 0.584049 -0.390635
    outer loop
      vertex -1.57887 -10.0845 -17.6733
      vertex -1.70492 -10.5258 -18.5627
      vertex -1.6074 -10.0573 -17.6846
    endloop
  endfacet
  facet normal 0.7122 0.583399 -0.390406
    outer loop
      vertex -1.57887 -10.0845 -17.6733
      vertex -1.67639 -10.553 -18.5513
      vertex -1.70492 -10.5258 -18.5627
    endloop
  endfacet
  facet normal 0.717222 0.578573 -0.388388
    outer loop
      vertex -1.55062 -10.1118 -17.6618
      vertex -1.67639 -10.553 -18.5513
      vertex -1.57887 -10.0845 -17.6733
    endloop
  endfacet
  facet normal 0.71754 0.578254 -0.388275
    outer loop
      vertex -1.55062 -10.1118 -17.6618
      vertex -1.64814 -10.5804 -18.5399
      vertex -1.67639 -10.553 -18.5513
    endloop
  endfacet
  facet normal 0.723885 0.572055 -0.385672
    outer loop
      vertex -1.52284 -10.1392 -17.6503
      vertex -1.64814 -10.5804 -18.5399
      vertex -1.55062 -10.1118 -17.6618
    endloop
  endfacet
  facet normal 0.722928 0.57303 -0.38602
    outer loop
      vertex -1.52284 -10.1392 -17.6503
      vertex -1.62036 -10.6077 -18.5284
      vertex -1.64814 -10.5804 -18.5399
    endloop
  endfacet
  facet normal 0.728691 0.567319 -0.383613
    outer loop
      vertex -1.49574 -10.1663 -17.6389
      vertex -1.62036 -10.6077 -18.5284
      vertex -1.52284 -10.1392 -17.6503
    endloop
  endfacet
  facet normal 0.729337 0.566651 -0.383372
    outer loop
      vertex -1.49574 -10.1663 -17.6389
      vertex -1.59326 -10.6348 -18.5169
      vertex -1.62036 -10.6077 -18.5284
    endloop
  endfacet
  facet normal 0.734082 0.56187 -0.381348
    outer loop
      vertex -1.46951 -10.1929 -17.6276
      vertex -1.59326 -10.6348 -18.5169
      vertex -1.49574 -10.1663 -17.6389
    endloop
  endfacet
  facet normal 0.735041 0.560863 -0.380981
    outer loop
      vertex -1.46951 -10.1929 -17.6276
      vertex -1.56703 -10.6615 -18.5056
      vertex -1.59326 -10.6348 -18.5169
    endloop
  endfacet
  facet normal 0.742282 0.553421 -0.377814
    outer loop
      vertex -1.44435 -10.219 -17.6164
      vertex -1.56703 -10.6615 -18.5056
      vertex -1.46951 -10.1929 -17.6276
    endloop
  endfacet
  facet normal 0.740657 0.555158 -0.378454
    outer loop
      vertex -1.44435 -10.219 -17.6164
      vertex -1.54187 -10.6875 -18.4945
      vertex -1.56703 -10.6615 -18.5056
    endloop
  endfacet
  facet normal 0.748739 0.546704 -0.374841
    outer loop
      vertex -1.42047 -10.2443 -17.6056
      vertex -1.54187 -10.6875 -18.4945
      vertex -1.44435 -10.219 -17.6164
    endloop
  endfacet
  facet normal 0.748739 0.546704 -0.374841
    outer loop
      vertex -1.42047 -10.2443 -17.6056
      vertex -1.51799 -10.7128 -18.4837
      vertex -1.54187 -10.6875 -18.4945
    endloop
  endfacet
  facet normal 0.755323 0.539665 -0.371817
    outer loop
      vertex -1.39806 -10.2685 -17.5952
      vertex -1.51799 -10.7128 -18.4837
      vertex -1.42047 -10.2443 -17.6056
    endloop
  endfacet
  facet normal 0.757015 0.537783 -0.371104
    outer loop
      vertex -1.39806 -10.2685 -17.5952
      vertex -1.49558 -10.7371 -18.4732
      vertex -1.51799 -10.7128 -18.4837
    endloop
  endfacet
  facet normal 0.765532 0.528424 -0.367055
    outer loop
      vertex -1.37732 -10.2916 -17.5852
      vertex -1.49558 -10.7371 -18.4732
      vertex -1.39806 -10.2685 -17.5952
    endloop
  endfacet
  facet normal 0.764504 0.529597 -0.367507
    outer loop
      vertex -1.37732 -10.2916 -17.5852
      vertex -1.47484 -10.7601 -18.4632
      vertex -1.49558 -10.7371 -18.4732
    endloop
  endfacet
  facet normal 0.776261 0.51631 -0.361722
    outer loop
      vertex -1.35846 -10.3133 -17.5757
      vertex -1.47484 -10.7601 -18.4632
      vertex -1.37732 -10.2916 -17.5852
    endloop
  endfacet
  facet normal 0.776261 0.51631 -0.361722
    outer loop
      vertex -1.35846 -10.3133 -17.5757
      vertex -1.45598 -10.7818 -18.4537
      vertex -1.47484 -10.7601 -18.4632
    endloop
  endfacet
  facet normal 0.788793 0.501593 -0.355261
    outer loop
      vertex -1.34167 -10.3334 -17.5668
      vertex -1.45598 -10.7818 -18.4537
      vertex -1.35846 -10.3133 -17.5757
    endloop
  endfacet
  facet normal 0.789884 0.500253 -0.354724
    outer loop
      vertex -1.34167 -10.3334 -17.5668
      vertex -1.43919 -10.802 -18.4448
      vertex -1.45598 -10.7818 -18.4537
    endloop
  endfacet
  facet normal 0.803204 0.483874 -0.347462
    outer loop
      vertex -1.29244 -10.3953 -17.5392
      vertex -1.43919 -10.802 -18.4448
      vertex -1.34167 -10.3334 -17.5668
    endloop
  endfacet
  facet normal 0.803204 0.483874 -0.347462
    outer loop
      vertex -1.29244 -10.3953 -17.5392
      vertex -1.38996 -10.8639 -18.4172
      vertex -1.43919 -10.802 -18.4448
    endloop
  endfacet
  facet normal 0.818309 0.464364 -0.338727
    outer loop
      vertex -1.24513 -10.4581 -17.511
      vertex -1.38996 -10.8639 -18.4172
      vertex -1.29244 -10.3953 -17.5392
    endloop
  endfacet
  facet normal 0.818309 0.464364 -0.338727
    outer loop
      vertex -1.24513 -10.4581 -17.511
      vertex -1.34265 -10.9267 -18.389
      vertex -1.38996 -10.8639 -18.4172
    endloop
  endfacet
  facet normal 0.832904 0.444466 -0.329728
    outer loop
      vertex -1.19975 -10.5217 -17.4821
      vertex -1.34265 -10.9267 -18.389
      vertex -1.24513 -10.4581 -17.511
    endloop
  endfacet
  facet normal 0.832904 0.444466 -0.329728
    outer loop
      vertex -1.19975 -10.5217 -17.4821
      vertex -1.29727 -10.9903 -18.3601
      vertex -1.34265 -10.9267 -18.389
    endloop
  endfacet
  facet normal 0.847309 0.42369 -0.32024
    outer loop
      vertex -1.15631 -10.5862 -17.4525
      vertex -1.29727 -10.9903 -18.3601
      vertex -1.19975 -10.5217 -17.4821
    endloop
  endfacet
  facet normal 0.847047 0.424105 -0.320384
    outer loop
      vertex -1.15631 -10.5862 -17.4525
      vertex -1.25383 -11.0547 -18.3305
      vertex -1.29727 -10.9903 -18.3601
    endloop
  endfacet
  facet normal 0.860502 0.403566 -0.310919
    outer loop
      vertex -1.11482 -10.6514 -17.4223
      vertex -1.25383 -11.0547 -18.3305
      vertex -1.15631 -10.5862 -17.4525
    endloop
  endfacet
  facet normal 0.860741 0.403165 -0.310777
    outer loop
      vertex -1.11482 -10.6514 -17.4223
      vertex -1.21234 -11.12 -18.3003
      vertex -1.25383 -11.0547 -18.3305
    endloop
  endfacet
  facet normal 0.873396 0.382664 -0.301242
    outer loop
      vertex -1.07528 -10.7174 -17.3915
      vertex -1.21234 -11.12 -18.3003
      vertex -1.11482 -10.6514 -17.4223
    endloop
  endfacet
  facet normal 0.873396 0.382664 -0.301242
    outer loop
      vertex -1.07528 -10.7174 -17.3915
      vertex -1.1728 -11.186 -18.2695
      vertex -1.21234 -11.12 -18.3003
    endloop
  endfacet
  facet normal 0.885963 0.361024 -0.291087
    outer loop
      vertex -1.03771 -10.7842 -17.36
      vertex -1.1728 -11.186 -18.2695
      vertex -1.07528 -10.7174 -17.3915
    endloop
  endfacet
  facet normal 0.885963 0.361024 -0.291087
    outer loop
      vertex -1.03771 -10.7842 -17.36
      vertex -1.13523 -11.2528 -18.238
      vertex -1.1728 -11.186 -18.2695
    endloop
  endfacet
  facet normal 0.897686 0.339493 -0.280899
    outer loop
      vertex -1.0021 -10.8518 -17.3279
      vertex -1.13523 -11.2528 -18.238
      vertex -1.03771 -10.7842 -17.36
    endloop
  endfacet
  facet normal 0.897513 0.339844 -0.281028
    outer loop
      vertex -1.0021 -10.8518 -17.3279
      vertex -1.09962 -11.3203 -18.2059
      vertex -1.13523 -11.2528 -18.238
    endloop
  endfacet
  facet normal 0.908724 0.317852 -0.270538
    outer loop
      vertex -0.968475 -10.9201 -17.2952
      vertex -1.09962 -11.3203 -18.2059
      vertex -1.0021 -10.8518 -17.3279
    endloop
  endfacet
  facet normal 0.908746 0.317804 -0.27052
    outer loop
      vertex -0.968475 -10.9201 -17.2952
      vertex -1.066 -11.3886 -18.1732
      vertex -1.09962 -11.3203 -18.2059
    endloop
  endfacet
  facet normal 0.919242 0.295713 -0.259898
    outer loop
      vertex -0.936835 -10.9891 -17.2618
      vertex -1.066 -11.3886 -18.1732
      vertex -0.968475 -10.9201 -17.2952
    endloop
  endfacet
  facet normal 0.919258 0.295676 -0.259884
    outer loop
      vertex -0.936835 -10.9891 -17.2618
      vertex -1.03436 -11.4577 -18.1399
      vertex -1.066 -11.3886 -18.1732
    endloop
  endfacet
  facet normal 0.929011 0.273584 -0.249178
    outer loop
      vertex -0.907187 -11.0589 -17.2279
      vertex -1.03436 -11.4577 -18.1399
      vertex -0.936835 -10.9891 -17.2618
    endloop
  endfacet
  facet normal 0.928888 0.273894 -0.249296
    outer loop
      vertex -0.907187 -11.0589 -17.2279
      vertex -1.00471 -11.5274 -18.106
      vertex -1.03436 -11.4577 -18.1399
    endloop
  endfacet
  facet normal 0.938033 0.251531 -0.238381
    outer loop
      vertex -0.879542 -11.1293 -17.1934
      vertex -1.00471 -11.5274 -18.106
      vertex -0.907187 -11.0589 -17.2279
    endloop
  endfacet
  facet normal 0.938221 0.25102 -0.238183
    outer loop
      vertex -0.879542 -11.1293 -17.1934
      vertex -0.977064 -11.5979 -18.0714
      vertex -1.00471 -11.5274 -18.106
    endloop
  endfacet
  facet normal 0.946575 0.228803 -0.227254
    outer loop
      vertex -0.853905 -11.2005 -17.1583
      vertex -0.977064 -11.5979 -18.0714
      vertex -0.879542 -11.1293 -17.1934
    endloop
  endfacet
  facet normal 0.946493 0.229048 -0.227349
    outer loop
      vertex -0.853905 -11.2005 -17.1583
      vertex -0.951427 -11.669 -18.0363
      vertex -0.977064 -11.5979 -18.0714
    endloop
  endfacet
  facet normal 0.954278 0.206462 -0.216163
    outer loop
      vertex -0.830284 -11.2723 -17.1226
      vertex -0.951427 -11.669 -18.0363
      vertex -0.853905 -11.2005 -17.1583
    endloop
  endfacet
  facet normal 0.954278 0.206462 -0.216163
    outer loop
      vertex -0.830284 -11.2723 -17.1226
      vertex -0.927806 -11.7408 -18.0006
      vertex -0.951427 -11.669 -18.0363
    endloop
  endfacet
  facet normal 0.961379 0.183801 -0.204859
    outer loop
      vertex -0.808688 -11.3448 -17.0863
      vertex -0.927806 -11.7408 -18.0006
      vertex -0.830284 -11.2723 -17.1226
    endloop
  endfacet
  facet normal 0.961379 0.183801 -0.204859
    outer loop
      vertex -0.808688 -11.3448 -17.0863
      vertex -0.90621 -11.8133 -17.9643
      vertex -0.927806 -11.7408 -18.0006
    endloop
  endfacet
  facet normal 0.967684 0.161504 -0.193662
    outer loop
      vertex -0.789123 -11.4179 -17.0495
      vertex -0.90621 -11.8133 -17.9643
      vertex -0.808688 -11.3448 -17.0863
    endloop
  endfacet
  facet normal 0.967684 0.161504 -0.193662
    outer loop
      vertex -0.789123 -11.4179 -17.0495
      vertex -0.886645 -11.8864 -17.9275
      vertex -0.90621 -11.8133 -17.9643
    endloop
  endfacet
  facet normal 0.973424 0.138776 -0.182172
    outer loop
      vertex -0.771598 -11.4916 -17.012
      vertex -0.886645 -11.8864 -17.9275
      vertex -0.789123 -11.4179 -17.0495
    endloop
  endfacet
  facet normal 0.973414 0.138823 -0.182191
    outer loop
      vertex -0.771598 -11.4916 -17.012
      vertex -0.86912 -11.9602 -17.8901
      vertex -0.886645 -11.8864 -17.9275
    endloop
  endfacet
  facet normal 0.978386 0.116515 -0.170838
    outer loop
      vertex -0.75612 -11.566 -16.9741
      vertex -0.86912 -11.9602 -17.8901
      vertex -0.771598 -11.4916 -17.012
    endloop
  endfacet
  facet normal 0.978421 0.116331 -0.170763
    outer loop
      vertex -0.75612 -11.566 -16.9741
      vertex -0.853642 -12.0346 -17.8521
      vertex -0.86912 -11.9602 -17.8901
    endloop
  endfacet
  facet normal 0.982729 0.0940652 -0.159358
    outer loop
      vertex -0.742698 -11.641 -16.9356
      vertex -0.853642 -12.0346 -17.8521
      vertex -0.75612 -11.566 -16.9741
    endloop
  endfacet
  facet normal 0.982713 0.0941665 -0.1594
    outer loop
      vertex -0.742698 -11.641 -16.9356
      vertex -0.84022 -12.1095 -17.8136
      vertex -0.853642 -12.0346 -17.8521
    endloop
  endfacet
  facet normal 0.986392 0.0718275 -0.147889
    outer loop
      vertex -0.731338 -11.7165 -16.8965
      vertex -0.84022 -12.1095 -17.8136
      vertex -0.742698 -11.641 -16.9356
    endloop
  endfacet
  facet normal 0.986403 0.0717505 -0.147857
    outer loop
      vertex -0.731338 -11.7165 -16.8965
      vertex -0.82886 -12.1851 -17.7745
      vertex -0.84022 -12.1095 -17.8136
    endloop
  endfacet
  facet normal 0.990475 0.0404647 -0.131611
    outer loop
      vertex -0.72956 -11.7327 -16.8881
      vertex -0.82886 -12.1851 -17.7745
      vertex -0.731338 -11.7165 -16.8965
    endloop
  endfacet
  facet normal 0.99048 0.0404166 -0.131587
    outer loop
      vertex -0.72956 -11.7327 -16.8881
      vertex -0.827083 -12.2013 -17.7661
      vertex -0.82886 -12.1851 -17.7745
    endloop
  endfacet
  facet normal 0.992932 0.0141487 -0.11784
    outer loop
      vertex -0.727942 -11.7538 -16.877
      vertex -0.827083 -12.2013 -17.7661
      vertex -0.72956 -11.7327 -16.8881
    endloop
  endfacet
  facet normal 0.992929 0.0141858 -0.117859
    outer loop
      vertex -0.727942 -11.7538 -16.877
      vertex -0.825464 -12.2224 -17.755
      vertex -0.827083 -12.2013 -17.7661
    endloop
  endfacet
  facet normal 0.993943 -0.000958066 -0.109889
    outer loop
      vertex -0.726485 -11.7792 -16.8636
      vertex -0.825464 -12.2224 -17.755
      vertex -0.727942 -11.7538 -16.877
    endloop
  endfacet
  facet normal 0.993943 -0.000958066 -0.109889
    outer loop
      vertex -0.726485 -11.7792 -16.8636
      vertex -0.824007 -12.2478 -17.7416
      vertex -0.825464 -12.2224 -17.755
    endloop
  endfacet
  facet normal 0.994459 -0.0110962 -0.104535
    outer loop
      vertex -0.725192 -11.8084 -16.8482
      vertex -0.824007 -12.2478 -17.7416
      vertex -0.726485 -11.7792 -16.8636
    endloop
  endfacet
  facet normal 0.99446 -0.0111264 -0.104521
    outer loop
      vertex -0.725192 -11.8084 -16.8482
      vertex -0.822714 -12.2769 -17.7262
      vertex -0.824007 -12.2478 -17.7416
    endloop
  endfacet
  facet normal 0.994757 -0.0186159 -0.100557
    outer loop
      vertex -0.724066 -11.8406 -16.8311
      vertex -0.822714 -12.2769 -17.7262
      vertex -0.725192 -11.8084 -16.8482
    endloop
  endfacet
  facet normal 0.994756 -0.01857 -0.100579
    outer loop
      vertex -0.724066 -11.8406 -16.8311
      vertex -0.821588 -12.3092 -17.7091
      vertex -0.822714 -12.2769 -17.7262
    endloop
  endfacet
  facet normal 0.994937 -0.0243958 -0.0974902
    outer loop
      vertex -0.723109 -11.8755 -16.8126
      vertex -0.821588 -12.3092 -17.7091
      vertex -0.724066 -11.8406 -16.8311
    endloop
  endfacet
  facet normal 0.994934 -0.0242285 -0.0975708
    outer loop
      vertex -0.723109 -11.8755 -16.8126
      vertex -0.820631 -12.344 -17.6907
      vertex -0.821588 -12.3092 -17.7091
    endloop
  endfacet
  facet normal 0.995055 -0.0291662 -0.0949497
    outer loop
      vertex -0.722324 -11.9122 -16.7931
      vertex -0.820631 -12.344 -17.6907
      vertex -0.723109 -11.8755 -16.8126
    endloop
  endfacet
  facet normal 0.995057 -0.0293086 -0.0948815
    outer loop
      vertex -0.722324 -11.9122 -16.7931
      vertex -0.819846 -12.3808 -17.6711
      vertex -0.820631 -12.344 -17.6907
    endloop
  endfacet
  facet normal 0.995133 -0.0333801 -0.0927169
    outer loop
      vertex -0.721714 -11.9504 -16.7728
      vertex -0.819846 -12.3808 -17.6711
      vertex -0.722324 -11.9122 -16.7931
    endloop
  endfacet
  facet normal 0.995134 -0.03345 -0.0926835
    outer loop
      vertex -0.721714 -11.9504 -16.7728
      vertex -0.819236 -12.4189 -17.6508
      vertex -0.819846 -12.3808 -17.6711
    endloop
  endfacet
  facet normal 0.995184 -0.037185 -0.0906961
    outer loop
      vertex -0.721281 -11.9893 -16.7521
      vertex -0.819236 -12.4189 -17.6508
      vertex -0.721714 -11.9504 -16.7728
    endloop
  endfacet
  facet normal 0.995184 -0.037185 -0.0906961
    outer loop
      vertex -0.721281 -11.9893 -16.7521
      vertex -0.818803 -12.4578 -17.6301
      vertex -0.819236 -12.4189 -17.6508
    endloop
  endfacet
  facet normal 0.995217 -0.0408687 -0.0887341
    outer loop
      vertex -0.721028 -12.0283 -16.7313
      vertex -0.818803 -12.4578 -17.6301
      vertex -0.721281 -11.9893 -16.7521
    endloop
  endfacet
  facet normal 0.995216 -0.0407854 -0.0887739
    outer loop
      vertex -0.721028 -12.0283 -16.7313
      vertex -0.81855 -12.4969 -17.6093
      vertex -0.818803 -12.4578 -17.6301
    endloop
  endfacet
  facet normal 0.995232 -0.0445965 -0.0867416
    outer loop
      vertex -0.720958 -12.067 -16.7106
      vertex -0.81855 -12.4969 -17.6093
      vertex -0.721028 -12.0283 -16.7313
    endloop
  endfacet
  facet normal 0.995233 -0.0444179 -0.0868271
    outer loop
      vertex -0.720958 -12.067 -16.7106
      vertex -0.81848 -12.5356 -17.5887
      vertex -0.81855 -12.4969 -17.6093
    endloop
  endfacet
  facet normal 0.995231 -0.0482405 -0.0847869
    outer loop
      vertex -0.721073 -12.1047 -16.6905
      vertex -0.81848 -12.5356 -17.5887
      vertex -0.720958 -12.067 -16.7106
    endloop
  endfacet
  facet normal 0.99523 -0.0483426 -0.0847378
    outer loop
      vertex -0.721073 -12.1047 -16.6905
      vertex -0.818595 -12.5732 -17.5686
      vertex -0.81848 -12.5356 -17.5887
    endloop
  endfacet
  facet normal 0.995206 -0.0524758 -0.08253
    outer loop
      vertex -0.721376 -12.1408 -16.6712
      vertex -0.818595 -12.5732 -17.5686
      vertex -0.721073 -12.1047 -16.6905
    endloop
  endfacet
  facet normal 0.995206 -0.0524758 -0.08253
    outer loop
      vertex -0.721376 -12.1408 -16.6712
      vertex -0.818898 -12.6093 -17.5493
      vertex -0.818595 -12.5732 -17.5686
    endloop
  endfacet
  facet normal 0.995152 -0.0571906 -0.0800084
    outer loop
      vertex -0.721869 -12.1747 -16.6531
      vertex -0.818898 -12.6093 -17.5493
      vertex -0.721376 -12.1408 -16.6712
    endloop
  endfacet
  facet normal 0.995149 -0.0573777 -0.0799174
    outer loop
      vertex -0.721869 -12.1747 -16.6531
      vertex -0.819391 -12.6432 -17.5311
      vertex -0.818898 -12.6093 -17.5493
    endloop
  endfacet
  facet normal 0.995041 -0.0632153 -0.0767905
    outer loop
      vertex -0.722556 -12.2058 -16.6364
      vertex -0.819391 -12.6432 -17.5311
      vertex -0.721869 -12.1747 -16.6531
    endloop
  endfacet
  facet normal 0.995045 -0.0630549 -0.0768693
    outer loop
      vertex -0.722556 -12.2058 -16.6364
      vertex -0.820078 -12.6744 -17.5144
      vertex -0.819391 -12.6432 -17.5311
    endloop
  endfacet
  facet normal 0.994843 -0.0705941 -0.0728231
    outer loop
      vertex -0.723438 -12.2336 -16.6215
      vertex -0.820078 -12.6744 -17.5144
      vertex -0.722556 -12.2058 -16.6364
    endloop
  endfacet
  facet normal 0.994836 -0.070795 -0.0727232
    outer loop
      vertex -0.723438 -12.2336 -16.6215
      vertex -0.82096 -12.7021 -17.4995
      vertex -0.820078 -12.6744 -17.5144
    endloop
  endfacet
  facet normal 0.994422 -0.0814713 -0.0669804
    outer loop
      vertex -0.724519 -12.2574 -16.6086
      vertex -0.82096 -12.7021 -17.4995
      vertex -0.723438 -12.2336 -16.6215
    endloop
  endfacet
  facet normal 0.994433 -0.0812503 -0.0670918
    outer loop
      vertex -0.724519 -12.2574 -16.6086
      vertex -0.822041 -12.7259 -17.4867
      vertex -0.82096 -12.7021 -17.4995
    endloop
  endfacet
  facet normal 0.993527 -0.0974793 -0.0583323
    outer loop
      vertex -0.725802 -12.2767 -16.5982
      vertex -0.822041 -12.7259 -17.4867
      vertex -0.724519 -12.2574 -16.6086
    endloop
  endfacet
  facet normal 0.993527 -0.0974793 -0.0583323
    outer loop
      vertex -0.725802 -12.2767 -16.5982
      vertex -0.823324 -12.7452 -17.4763
      vertex -0.822041 -12.7259 -17.4867
    endloop
  endfacet
  facet normal 0.990957 -0.127414 -0.0420754
    outer loop
      vertex -0.727288 -12.2908 -16.5905
      vertex -0.823324 -12.7452 -17.4763
      vertex -0.725802 -12.2767 -16.5982
    endloop
  endfacet
  facet normal 0.990957 -0.127414 -0.0420754
    outer loop
      vertex -0.727288 -12.2908 -16.5905
      vertex -0.82481 -12.7593 -17.4686
      vertex -0.823324 -12.7452 -17.4763
    endloop
  endfacet
  facet normal 0.979995 -0.199005 -0.00266172
    outer loop
      vertex -0.728981 -12.2992 -16.5858
      vertex -0.82481 -12.7593 -17.4686
      vertex -0.727288 -12.2908 -16.5905
    endloop
  endfacet
  facet normal 0.980345 -0.197258 -0.00361024
    outer loop
      vertex -0.728981 -12.2992 -16.5858
      vertex -0.826503 -12.7678 -17.4639
      vertex -0.82481 -12.7593 -17.4686
    endloop
  endfacet
  facet normal 0.966255 -0.255921 0.0292604
    outer loop
      vertex -0.729373 -12.3006 -16.5851
      vertex -0.826503 -12.7678 -17.4639
      vertex -0.728981 -12.2992 -16.5858
    endloop
  endfacet
  facet normal 0.962721 -0.268075 0.0361121
    outer loop
      vertex -0.729373 -12.3006 -16.5851
      vertex -0.826895 -12.7691 -17.4631
      vertex -0.826503 -12.7678 -17.4639
    endloop
  endfacet
  facet normal 0.972225 -0.23346 0.0165863
    outer loop
      vertex -0.729824 -12.3024 -16.584
      vertex -0.826895 -12.7691 -17.4631
      vertex -0.729373 -12.3006 -16.5851
    endloop
  endfacet
  facet normal 0.974283 -0.225014 0.0118751
    outer loop
      vertex -0.729824 -12.3024 -16.584
      vertex -0.827346 -12.771 -17.4621
      vertex -0.826895 -12.7691 -17.4631
    endloop
  endfacet
  facet normal 0.977091 -0.212763 0.00502542
    outer loop
      vertex -0.730331 -12.3047 -16.5828
      vertex -0.827346 -12.771 -17.4621
      vertex -0.729824 -12.3024 -16.584
    endloop
  endfacet
  facet normal 0.975549 -0.219605 0.00882419
    outer loop
      vertex -0.730331 -12.3047 -16.5828
      vertex -0.827853 -12.7732 -17.4608
      vertex -0.827346 -12.771 -17.4621
    endloop
  endfacet
  facet normal 0.979405 -0.201905 -0.00104905
    outer loop
      vertex -0.730886 -12.3074 -16.5813
      vertex -0.827853 -12.7732 -17.4608
      vertex -0.730331 -12.3047 -16.5828
    endloop
  endfacet
  facet normal 0.979405 -0.201905 -0.00104905
    outer loop
      vertex -0.730886 -12.3074 -16.5813
      vertex -0.828408 -12.7759 -17.4593
      vertex -0.827853 -12.7732 -17.4608
    endloop
  endfacet
  facet normal 0.980168 -0.198141 -0.00314227
    outer loop
      vertex -0.731487 -12.3104 -16.5796
      vertex -0.828408 -12.7759 -17.4593
      vertex -0.730886 -12.3074 -16.5813
    endloop
  endfacet
  facet normal 0.981108 -0.193372 -0.00576928
    outer loop
      vertex -0.731487 -12.3104 -16.5796
      vertex -0.829009 -12.779 -17.4576
      vertex -0.828408 -12.7759 -17.4593
    endloop
  endfacet
  facet normal 0.982636 -0.185257 -0.0102701
    outer loop
      vertex -0.732127 -12.3139 -16.5777
      vertex -0.829009 -12.779 -17.4576
      vertex -0.731487 -12.3104 -16.5796
    endloop
  endfacet
  facet normal 0.981883 -0.189318 -0.00804053
    outer loop
      vertex -0.732127 -12.3139 -16.5777
      vertex -0.829649 -12.7824 -17.4557
      vertex -0.829009 -12.779 -17.4576
    endloop
  endfacet
  facet normal 0.982621 -0.185342 -0.0102443
    outer loop
      vertex -0.732803 -12.3176 -16.5756
      vertex -0.829649 -12.7824 -17.4557
      vertex -0.732127 -12.3139 -16.5777
    endloop
  endfacet
  facet normal 0.98328 -0.181688 -0.0122464
    outer loop
      vertex -0.732803 -12.3176 -16.5756
      vertex -0.830325 -12.7862 -17.4536
      vertex -0.829649 -12.7824 -17.4557
    endloop
  endfacet
  facet normal 0.983999 -0.177583 -0.014517
    outer loop
      vertex -0.733509 -12.3217 -16.5733
      vertex -0.830325 -12.7862 -17.4536
      vertex -0.732803 -12.3176 -16.5756
    endloop
  endfacet
  facet normal 0.984045 -0.177316 -0.0146633
    outer loop
      vertex -0.733509 -12.3217 -16.5733
      vertex -0.831031 -12.7903 -17.4514
      vertex -0.830325 -12.7862 -17.4536
    endloop
  endfacet
  facet normal 0.984786 -0.172929 -0.0170867
    outer loop
      vertex -0.73424 -12.3261 -16.5709
      vertex -0.831031 -12.7903 -17.4514
      vertex -0.733509 -12.3217 -16.5733
    endloop
  endfacet
  facet normal 0.984233 -0.176212 -0.015295
    outer loop
      vertex -0.73424 -12.3261 -16.5709
      vertex -0.831762 -12.7946 -17.4489
      vertex -0.831031 -12.7903 -17.4514
    endloop
  endfacet
  facet normal 0.985065 -0.171235 -0.0180432
    outer loop
      vertex -0.734992 -12.3307 -16.5683
      vertex -0.831762 -12.7946 -17.4489
      vertex -0.73424 -12.3261 -16.5709
    endloop
  endfacet
  facet normal 0.98556 -0.168174 -0.0197102
    outer loop
      vertex -0.734992 -12.3307 -16.5683
      vertex -0.832514 -12.7993 -17.4464
      vertex -0.831762 -12.7946 -17.4489
    endloop
  endfacet
  facet normal 0.985922 -0.165883 -0.0209727
    outer loop
      vertex -0.735759 -12.3356 -16.5656
      vertex -0.832514 -12.7993 -17.4464
      vertex -0.734992 -12.3307 -16.5683
    endloop
  endfacet
  facet normal 0.985922 -0.165883 -0.0209727
    outer loop
      vertex -0.735759 -12.3356 -16.5656
      vertex -0.833281 -12.8042 -17.4437
      vertex -0.832514 -12.7993 -17.4464
    endloop
  endfacet
  facet normal 0.986722 -0.16066 -0.0238489
    outer loop
      vertex -0.736538 -12.3408 -16.5628
      vertex -0.833281 -12.8042 -17.4437
      vertex -0.735759 -12.3356 -16.5656
    endloop
  endfacet
  facet normal 0.986361 -0.163045 -0.0225548
    outer loop
      vertex -0.736538 -12.3408 -16.5628
      vertex -0.83406 -12.8093 -17.4409
      vertex -0.833281 -12.8042 -17.4437
    endloop
  endfacet
  facet normal 0.986885 -0.159561 -0.0244718
    outer loop
      vertex -0.737323 -12.3461 -16.5599
      vertex -0.83406 -12.8093 -17.4409
      vertex -0.736538 -12.3408 -16.5628
    endloop
  endfacet
  facet normal 0.986833 -0.159908 -0.0242835
    outer loop
      vertex -0.737323 -12.3461 -16.5599
      vertex -0.834845 -12.8146 -17.4379
      vertex -0.83406 -12.8093 -17.4409
    endloop
  endfacet
  facet normal 0.987141 -0.157814 -0.025435
    outer loop
      vertex -0.738109 -12.3515 -16.5569
      vertex -0.834845 -12.8146 -17.4379
      vertex -0.737323 -12.3461 -16.5599
    endloop
  endfacet
  facet normal 0.987456 -0.155634 -0.0266157
    outer loop
      vertex -0.738109 -12.3515 -16.5569
      vertex -0.835631 -12.8201 -17.4349
      vertex -0.834845 -12.8146 -17.4379
    endloop
  endfacet
  facet normal 0.988042 -0.151451 -0.0289135
    outer loop
      vertex -0.738892 -12.3572 -16.5538
      vertex -0.835631 -12.8201 -17.4349
      vertex -0.738109 -12.3515 -16.5569
    endloop
  endfacet
  facet normal 0.987757 -0.153502 -0.0278048
    outer loop
      vertex -0.738892 -12.3572 -16.5538
      vertex -0.836414 -12.8257 -17.4318
      vertex -0.835631 -12.8201 -17.4349
    endloop
  endfacet
  facet normal 0.988149 -0.150664 -0.0293622
    outer loop
      vertex -0.739666 -12.3629 -16.5506
      vertex -0.836414 -12.8257 -17.4318
      vertex -0.738892 -12.3572 -16.5538
    endloop
  endfacet
  facet normal 0.988469 -0.148289 -0.030645
    outer loop
      vertex -0.739666 -12.3629 -16.5506
      vertex -0.837188 -12.8315 -17.4287
      vertex -0.836414 -12.8257 -17.4318
    endloop
  endfacet
  facet normal 0.988885 -0.145114 -0.0323852
    outer loop
      vertex -0.740427 -12.3688 -16.5474
      vertex -0.837188 -12.8315 -17.4287
      vertex -0.739666 -12.3629 -16.5506
    endloop
  endfacet
  facet normal 0.988637 -0.147017 -0.0313588
    outer loop
      vertex -0.740427 -12.3688 -16.5474
      vertex -0.837949 -12.8373 -17.4255
      vertex -0.837188 -12.8315 -17.4287
    endloop
  endfacet
  facet normal 0.989176 -0.142823 -0.0336564
    outer loop
      vertex -0.74117 -12.3747 -16.5442
      vertex -0.837949 -12.8373 -17.4255
      vertex -0.740427 -12.3688 -16.5474
    endloop
  endfacet
  facet normal 0.989349 -0.141436 -0.0344035
    outer loop
      vertex -0.74117 -12.3747 -16.5442
      vertex -0.838692 -12.8433 -17.4222
      vertex -0.837949 -12.8373 -17.4255
    endloop
  endfacet
  facet normal 0.989686 -0.138679 -0.0359124
    outer loop
      vertex -0.741891 -12.3807 -16.5409
      vertex -0.838692 -12.8433 -17.4222
      vertex -0.74117 -12.3747 -16.5442
    endloop
  endfacet
  facet normal 0.989524 -0.140012 -0.035195
    outer loop
      vertex -0.741891 -12.3807 -16.5409
      vertex -0.839413 -12.8492 -17.419
      vertex -0.838692 -12.8433 -17.4222
    endloop
  endfacet
  facet normal 0.990114 -0.135044 -0.037911
    outer loop
      vertex -0.742583 -12.3867 -16.5376
      vertex -0.839413 -12.8492 -17.419
      vertex -0.741891 -12.3807 -16.5409
    endloop
  endfacet
  facet normal 0.990114 -0.135044 -0.037911
    outer loop
      vertex -0.742583 -12.3867 -16.5376
      vertex -0.840105 -12.8552 -17.4157
      vertex -0.839413 -12.8492 -17.419
    endloop
  endfacet
  facet normal 0.988405 -0.148764 -0.0304011
    outer loop
      vertex -0.752514 -12.461 -16.4969
      vertex -0.840105 -12.8552 -17.4157
      vertex -0.742583 -12.3867 -16.5376
    endloop
  endfacet
  facet normal 0.988405 -0.148764 -0.0304011
    outer loop
      vertex -0.752514 -12.461 -16.4969
      vertex -0.850036 -12.9295 -17.375
      vertex -0.840105 -12.8552 -17.4157
    endloop
  endfacet
  facet normal -0.0276858 -0.880659 0.47294
    outer loop
      vertex -2.27808 -12.353 -16.3851
      vertex -0.850036 -12.9295 -17.375
      vertex -0.752514 -12.461 -16.4969
    endloop
  endfacet
  facet normal -0.0275848 -0.880602 0.473053
    outer loop
      vertex -2.27808 -12.353 -16.3851
      vertex -2.3756 -12.8216 -17.2631
      vertex -0.850036 -12.9295 -17.375
    endloop
  endfacet
  facet normal -0.99485 0.070372 0.0729402
    outer loop
      vertex -2.23522 -10.9863 -17.1191
      vertex -2.3756 -12.8216 -17.2631
      vertex -2.27808 -12.353 -16.3851
    endloop
  endfacet
  facet normal -0.994851 0.0703727 0.0729316
    outer loop
      vertex -2.23522 -10.9863 -17.1191
      vertex -2.33274 -11.4549 -17.9972
      vertex -2.3756 -12.8216 -17.2631
    endloop
  endfacet
  facet normal -0.994847 0.0704917 0.0728677
    outer loop
      vertex -2.2317 -10.8746 -17.1791
      vertex -2.33274 -11.4549 -17.9972
      vertex -2.23522 -10.9863 -17.1191
    endloop
  endfacet
  facet normal -0.994847 0.0704917 0.0728677
    outer loop
      vertex -2.2317 -10.8746 -17.1791
      vertex -2.32922 -11.3432 -18.0572
      vertex -2.33274 -11.4549 -17.9972
    endloop
  endfacet
  facet normal 0.988769 0.0547684 -0.139052
    outer loop
      vertex -0.53761 -5.81675 -20.0663
      vertex -0.64037 -6.24455 -20.9655
      vertex -0.542848 -5.77601 -20.0875
    endloop
  endfacet
  facet normal 0.988738 0.0550296 -0.139173
    outer loop
      vertex -0.53761 -5.81675 -20.0663
      vertex -0.635132 -6.2853 -20.9444
      vertex -0.64037 -6.24455 -20.9655
    endloop
  endfacet
  facet normal 0.992828 0.015513 -0.118541
    outer loop
      vertex -0.536788 -5.82733 -20.0608
      vertex -0.635132 -6.2853 -20.9444
      vertex -0.53761 -5.81675 -20.0663
    endloop
  endfacet
  facet normal 0.992895 0.0146347 -0.118094
    outer loop
      vertex -0.536788 -5.82733 -20.0608
      vertex -0.63431 -6.29588 -20.9388
      vertex -0.635132 -6.2853 -20.9444
    endloop
  endfacet
  facet normal 0.994548 -0.0131622 -0.103443
    outer loop
      vertex -0.536115 -5.84328 -20.0523
      vertex -0.63431 -6.29588 -20.9388
      vertex -0.536788 -5.82733 -20.0608
    endloop
  endfacet
  facet normal 0.994528 -0.0126571 -0.103699
    outer loop
      vertex -0.536115 -5.84328 -20.0523
      vertex -0.633637 -6.31182 -20.9304
      vertex -0.63431 -6.29588 -20.9388
    endloop
  endfacet
  facet normal 0.99498 -0.0259765 -0.0966421
    outer loop
      vertex -0.535587 -5.86398 -20.0413
      vertex -0.633637 -6.31182 -20.9304
      vertex -0.536115 -5.84328 -20.0523
    endloop
  endfacet
  facet normal 0.99498 -0.0259765 -0.0966421
    outer loop
      vertex -0.535587 -5.86398 -20.0413
      vertex -0.633109 -6.33252 -20.9194
      vertex -0.633637 -6.31182 -20.9304
    endloop
  endfacet
  facet normal 0.995137 -0.0335939 -0.092595
    outer loop
      vertex -0.535198 -5.88884 -20.0281
      vertex -0.633109 -6.33252 -20.9194
      vertex -0.535587 -5.86398 -20.0413
    endloop
  endfacet
  facet normal 0.995137 -0.0335939 -0.092595
    outer loop
      vertex -0.535198 -5.88884 -20.0281
      vertex -0.63272 -6.35738 -20.9062
      vertex -0.633109 -6.33252 -20.9194
    endloop
  endfacet
  facet normal 0.995202 -0.0388072 -0.0898204
    outer loop
      vertex -0.534943 -5.91725 -20.013
      vertex -0.63272 -6.35738 -20.9062
      vertex -0.535198 -5.88884 -20.0281
    endloop
  endfacet
  facet normal 0.995203 -0.0390466 -0.0897026
    outer loop
      vertex -0.534943 -5.91725 -20.013
      vertex -0.632465 -6.3858 -20.891
      vertex -0.63272 -6.35738 -20.9062
    endloop
  endfacet
  facet normal 0.995226 -0.0427048 -0.087753
    outer loop
      vertex -0.534817 -5.94863 -19.9963
      vertex -0.632465 -6.3858 -20.891
      vertex -0.534943 -5.91725 -20.013
    endloop
  endfacet
  facet normal 0.995226 -0.0427156 -0.0877477
    outer loop
      vertex -0.534817 -5.94863 -19.9963
      vertex -0.632339 -6.41717 -20.8743
      vertex -0.632465 -6.3858 -20.891
    endloop
  endfacet
  facet normal 0.995233 -0.0458927 -0.086053
    outer loop
      vertex -0.534816 -5.98236 -19.9783
      vertex -0.632339 -6.41717 -20.8743
      vertex -0.534817 -5.94863 -19.9963
    endloop
  endfacet
  facet normal 0.995233 -0.0458927 -0.086053
    outer loop
      vertex -0.534816 -5.98236 -19.9783
      vertex -0.632338 -6.4509 -20.8563
      vertex -0.632339 -6.41717 -20.8743
    endloop
  endfacet
  facet normal 0.995228 -0.0486362 -0.0845884
    outer loop
      vertex -0.534935 -6.01784 -19.9593
      vertex -0.632338 -6.4509 -20.8563
      vertex -0.534816 -5.98236 -19.9783
    endloop
  endfacet
  facet normal 0.995228 -0.0486253 -0.0845937
    outer loop
      vertex -0.534935 -6.01784 -19.9593
      vertex -0.632457 -6.48639 -20.8373
      vertex -0.632338 -6.4509 -20.8563
    endloop
  endfacet
  facet normal 0.995217 -0.0509132 -0.0833715
    outer loop
      vertex -0.535168 -6.05449 -19.9397
      vertex -0.632457 -6.48639 -20.8373
      vertex -0.534935 -6.01784 -19.9593
    endloop
  endfacet
  facet normal 0.995219 -0.0507321 -0.0834588
    outer loop
      vertex -0.535168 -6.05449 -19.9397
      vertex -0.63269 -6.52304 -20.8178
      vertex -0.632457 -6.48639 -20.8373
    endloop
  endfacet
  facet normal 0.995201 -0.0531143 -0.0821857
    outer loop
      vertex -0.53551 -6.09169 -19.9198
      vertex -0.63269 -6.52304 -20.8178
      vertex -0.535168 -6.05449 -19.9397
    endloop
  endfacet
  facet normal 0.995201 -0.0531143 -0.0821857
    outer loop
      vertex -0.53551 -6.09169 -19.9198
      vertex -0.633032 -6.56024 -20.7979
      vertex -0.63269 -6.52304 -20.8178
    endloop
  endfacet
  facet normal 0.995179 -0.055175 -0.0810837
    outer loop
      vertex -0.535957 -6.12885 -19.9
      vertex -0.633032 -6.56024 -20.7979
      vertex -0.53551 -6.09169 -19.9198
    endloop
  endfacet
  facet normal 0.995176 -0.0553484 -0.0810001
    outer loop
      vertex -0.535957 -6.12885 -19.9
      vertex -0.633479 -6.5974 -20.778
      vertex -0.633032 -6.56024 -20.7979
    endloop
  endfacet
  facet normal 0.995144 -0.0576927 -0.0797455
    outer loop
      vertex -0.536503 -6.16536 -19.8804
      vertex -0.633479 -6.5974 -20.778
      vertex -0.535957 -6.12885 -19.9
    endloop
  endfacet
  facet normal 0.995144 -0.0577143 -0.079735
    outer loop
      vertex -0.536503 -6.16536 -19.8804
      vertex -0.634026 -6.63391 -20.7584
      vertex -0.633479 -6.5974 -20.778
    endloop
  endfacet
  facet normal 0.995103 -0.0601435 -0.0784342
    outer loop
      vertex -0.537145 -6.20063 -19.8615
      vertex -0.634026 -6.63391 -20.7584
      vertex -0.536503 -6.16536 -19.8804
    endloop
  endfacet
  facet normal 0.995108 -0.0599445 -0.0785308
    outer loop
      vertex -0.537145 -6.20063 -19.8615
      vertex -0.634667 -6.66918 -20.7396
      vertex -0.634026 -6.63391 -20.7584
    endloop
  endfacet
  facet normal 0.995049 -0.0629231 -0.0769349
    outer loop
      vertex -0.537875 -6.23406 -19.8436
      vertex -0.634667 -6.66918 -20.7396
      vertex -0.537145 -6.20063 -19.8615
    endloop
  endfacet
  facet normal 0.995044 -0.0631052 -0.0768459
    outer loop
      vertex -0.537875 -6.23406 -19.8436
      vertex -0.635397 -6.70261 -20.7216
      vertex -0.634667 -6.66918 -20.7396
    endloop
  endfacet
  facet normal 0.994964 -0.0664282 -0.0750637
    outer loop
      vertex -0.538691 -6.26504 -19.827
      vertex -0.635397 -6.70261 -20.7216
      vertex -0.537875 -6.23406 -19.8436
    endloop
  endfacet
  facet normal 0.994964 -0.0664029 -0.0750762
    outer loop
      vertex -0.538691 -6.26504 -19.827
      vertex -0.636212 -6.73359 -20.705
      vertex -0.635397 -6.70261 -20.7216
    endloop
  endfacet
  facet normal 0.994834 -0.0708821 -0.0726713
    outer loop
      vertex -0.539586 -6.29298 -19.812
      vertex -0.636212 -6.73359 -20.705
      vertex -0.538691 -6.26504 -19.827
    endloop
  endfacet
  facet normal 0.994834 -0.0708821 -0.0726713
    outer loop
      vertex -0.539586 -6.29298 -19.812
      vertex -0.637107 -6.76153 -20.69
      vertex -0.636212 -6.73359 -20.705
    endloop
  endfacet
  facet normal 0.994612 -0.0770505 -0.0693548
    outer loop
      vertex -0.540555 -6.31728 -19.7989
      vertex -0.637107 -6.76153 -20.69
      vertex -0.539586 -6.29298 -19.812
    endloop
  endfacet
  facet normal 0.99461 -0.0771076 -0.0693261
    outer loop
      vertex -0.540555 -6.31728 -19.7989
      vertex -0.638077 -6.78582 -20.6769
      vertex -0.637107 -6.76153 -20.69
    endloop
  endfacet
  facet normal 0.99419 -0.0862516 -0.0643998
    outer loop
      vertex -0.541594 -6.33732 -19.7881
      vertex -0.638077 -6.78582 -20.6769
      vertex -0.540555 -6.31728 -19.7989
    endloop
  endfacet
  facet normal 0.994192 -0.0862179 -0.064417
    outer loop
      vertex -0.541594 -6.33732 -19.7881
      vertex -0.639116 -6.80587 -20.6661
      vertex -0.638077 -6.78582 -20.6769
    endloop
  endfacet
  facet normal 0.993181 -0.102452 -0.0556413
    outer loop
      vertex -0.542698 -6.35253 -19.7798
      vertex -0.639116 -6.80587 -20.6661
      vertex -0.541594 -6.33732 -19.7881
    endloop
  endfacet
  facet normal 0.993198 -0.10222 -0.055762
    outer loop
      vertex -0.542698 -6.35253 -19.7798
      vertex -0.64022 -6.82107 -20.6579
      vertex -0.639116 -6.80587 -20.6661
    endloop
  endfacet
  facet normal 0.98979 -0.137808 -0.0363943
    outer loop
      vertex -0.543862 -6.36229 -19.7745
      vertex -0.64022 -6.82107 -20.6579
      vertex -0.542698 -6.35253 -19.7798
    endloop
  endfacet
  facet normal 0.989756 -0.138093 -0.0362426
    outer loop
      vertex -0.543862 -6.36229 -19.7745
      vertex -0.641384 -6.83083 -20.6525
      vertex -0.64022 -6.82107 -20.6579
    endloop
  endfacet
  facet normal 0.98631 -0.163379 -0.0223662
    outer loop
      vertex -0.544321 -6.36528 -19.7729
      vertex -0.641384 -6.83083 -20.6525
      vertex -0.543862 -6.36229 -19.7745
    endloop
  endfacet
  facet normal 0.98631 -0.163379 -0.0223662
    outer loop
      vertex -0.544321 -6.36528 -19.7729
      vertex -0.641843 -6.83382 -20.6509
      vertex -0.641384 -6.83083 -20.6525
    endloop
  endfacet
  facet normal 0.985813 -0.16658 -0.0206028
    outer loop
      vertex -0.544874 -6.3688 -19.7709
      vertex -0.641843 -6.83382 -20.6509
      vertex -0.544321 -6.36528 -19.7729
    endloop
  endfacet
  facet normal 0.985938 -0.165779 -0.0210397
    outer loop
      vertex -0.544874 -6.3688 -19.7709
      vertex -0.642396 -6.83735 -20.649
      vertex -0.641843 -6.83382 -20.6509
    endloop
  endfacet
  facet normal 0.985667 -0.167501 -0.020091
    outer loop
      vertex -0.545514 -6.37283 -19.7687
      vertex -0.642396 -6.83735 -20.649
      vertex -0.544874 -6.3688 -19.7709
    endloop
  endfacet
  facet normal 0.985608 -0.167874 -0.0198876
    outer loop
      vertex -0.545514 -6.37283 -19.7687
      vertex -0.643036 -6.84138 -20.6467
      vertex -0.642396 -6.83735 -20.649
    endloop
  endfacet
  facet normal 0.985451 -0.168857 -0.0193451
    outer loop
      vertex -0.546236 -6.37733 -19.7662
      vertex -0.643036 -6.84138 -20.6467
      vertex -0.545514 -6.37283 -19.7687
    endloop
  endfacet
  facet normal 0.985503 -0.168531 -0.019523
    outer loop
      vertex -0.546236 -6.37733 -19.7662
      vertex -0.643758 -6.84588 -20.6443
      vertex -0.643036 -6.84138 -20.6467
    endloop
  endfacet
  facet normal 0.985324 -0.169646 -0.018908
    outer loop
      vertex -0.547033 -6.38226 -19.7635
      vertex -0.643758 -6.84588 -20.6443
      vertex -0.546236 -6.37733 -19.7662
    endloop
  endfacet
  facet normal 0.985277 -0.169933 -0.0187517
    outer loop
      vertex -0.547033 -6.38226 -19.7635
      vertex -0.644555 -6.85081 -20.6415
      vertex -0.643758 -6.84588 -20.6443
    endloop
  endfacet
  facet normal 0.985208 -0.17036 -0.0185161
    outer loop
      vertex -0.5479 -6.3876 -19.7605
      vertex -0.644555 -6.85081 -20.6415
      vertex -0.547033 -6.38226 -19.7635
    endloop
  endfacet
  facet normal 0.985251 -0.170098 -0.0186588
    outer loop
      vertex -0.5479 -6.3876 -19.7605
      vertex -0.645422 -6.85615 -20.6386
      vertex -0.644555 -6.85081 -20.6415
    endloop
  endfacet
  facet normal 0.985168 -0.170607 -0.0183781
    outer loop
      vertex -0.548831 -6.39331 -19.7574
      vertex -0.645422 -6.85615 -20.6386
      vertex -0.5479 -6.3876 -19.7605
    endloop
  endfacet
  facet normal 0.985092 -0.171073 -0.0181245
    outer loop
      vertex -0.548831 -6.39331 -19.7574
      vertex -0.646353 -6.86185 -20.6354
      vertex -0.645422 -6.85615 -20.6386
    endloop
  endfacet
  facet normal 0.985096 -0.171048 -0.0181384
    outer loop
      vertex -0.549819 -6.39935 -19.7541
      vertex -0.646353 -6.86185 -20.6354
      vertex -0.548831 -6.39331 -19.7574
    endloop
  endfacet
  facet normal 0.985096 -0.171048 -0.0181384
    outer loop
      vertex -0.549819 -6.39935 -19.7541
      vertex -0.647341 -6.86789 -20.6321
      vertex -0.646353 -6.86185 -20.6354
    endloop
  endfacet
  facet normal 0.985008 -0.171584 -0.0178428
    outer loop
      vertex -0.55086 -6.40569 -19.7506
      vertex -0.647341 -6.86789 -20.6321
      vertex -0.549819 -6.39935 -19.7541
    endloop
  endfacet
  facet normal 0.985041 -0.17138 -0.0179533
    outer loop
      vertex -0.55086 -6.40569 -19.7506
      vertex -0.648382 -6.87424 -20.6286
      vertex -0.647341 -6.86789 -20.6321
    endloop
  endfacet
  facet normal 0.984979 -0.171758 -0.0177449
    outer loop
      vertex -0.553072 -6.41915 -19.7431
      vertex -0.648382 -6.87424 -20.6286
      vertex -0.55086 -6.40569 -19.7506
    endloop
  endfacet
  facet normal 0.98498 -0.171755 -0.0177466
    outer loop
      vertex -0.553072 -6.41915 -19.7431
      vertex -0.650594 -6.88769 -20.6212
      vertex -0.648382 -6.87424 -20.6286
    endloop
  endfacet
  facet normal 0.984955 -0.171907 -0.0176626
    outer loop
      vertex -0.557857 -6.44821 -19.7271
      vertex -0.650594 -6.88769 -20.6212
      vertex -0.553072 -6.41915 -19.7431
    endloop
  endfacet
  facet normal 0.984955 -0.171908 -0.017662
    outer loop
      vertex -0.557857 -6.44821 -19.7271
      vertex -0.655379 -6.91676 -20.6051
      vertex -0.650594 -6.88769 -20.6212
    endloop
  endfacet
  facet normal 0.984996 -0.171656 -0.0178012
    outer loop
      vertex -0.560335 -6.46329 -19.7188
      vertex -0.655379 -6.91676 -20.6051
      vertex -0.557857 -6.44821 -19.7271
    endloop
  endfacet
  facet normal 0.984982 -0.171742 -0.0177555
    outer loop
      vertex -0.560335 -6.46329 -19.7188
      vertex -0.657857 -6.93183 -20.5968
      vertex -0.655379 -6.91676 -20.6051
    endloop
  endfacet
  facet normal 0.985009 -0.171575 -0.017848
    outer loop
      vertex -0.561574 -6.47084 -19.7146
      vertex -0.657857 -6.93183 -20.5968
      vertex -0.560335 -6.46329 -19.7188
    endloop
  endfacet
  facet normal 0.985038 -0.171404 -0.0179404
    outer loop
      vertex -0.561574 -6.47084 -19.7146
      vertex -0.659096 -6.93939 -20.5926
      vertex -0.657857 -6.93183 -20.5968
    endloop
  endfacet
  facet normal 0.985068 -0.17122 -0.0180417
    outer loop
      vertex -0.562806 -6.47836 -19.7105
      vertex -0.659096 -6.93939 -20.5926
      vertex -0.561574 -6.47084 -19.7146
    endloop
  endfacet
  facet normal 0.985068 -0.17122 -0.0180417
    outer loop
      vertex -0.562806 -6.47836 -19.7105
      vertex -0.660328 -6.94691 -20.5885
      vertex -0.659096 -6.93939 -20.5926
    endloop
  endfacet
  facet normal 0.985096 -0.171048 -0.0181365
    outer loop
      vertex -0.564024 -6.48582 -19.7063
      vertex -0.660328 -6.94691 -20.5885
      vertex -0.562806 -6.47836 -19.7105
    endloop
  endfacet
  facet normal 0.985126 -0.170865 -0.0182358
    outer loop
      vertex -0.564024 -6.48582 -19.7063
      vertex -0.661546 -6.95437 -20.5844
      vertex -0.660328 -6.94691 -20.5885
    endloop
  endfacet
  facet normal 0.983162 -0.182348 -0.01189
    outer loop
      vertex -0.576573 -6.55601 -19.6675
      vertex -0.661546 -6.95437 -20.5844
      vertex -0.564024 -6.48582 -19.7063
    endloop
  endfacet
  facet normal 0.98316 -0.182362 -0.011884
    outer loop
      vertex -0.576573 -6.55601 -19.6675
      vertex -0.674095 -7.02456 -20.5455
      vertex -0.661546 -6.95437 -20.5844
    endloop
  endfacet
  facet normal 0.978131 -0.207975 0.002343
    outer loop
      vertex -0.591548 -6.626 -19.6285
      vertex -0.674095 -7.02456 -20.5455
      vertex -0.576573 -6.55601 -19.6675
    endloop
  endfacet
  facet normal 0.978131 -0.207975 0.002343
    outer loop
      vertex -0.591548 -6.626 -19.6285
      vertex -0.68907 -7.09455 -20.5065
      vertex -0.674095 -7.02456 -20.5455
    endloop
  endfacet
  facet normal 0.972313 -0.233104 0.0163999
    outer loop
      vertex -0.608924 -6.69572 -19.5893
      vertex -0.68907 -7.09455 -20.5065
      vertex -0.591548 -6.626 -19.6285
    endloop
  endfacet
  facet normal 0.972309 -0.233122 0.0164081
    outer loop
      vertex -0.608924 -6.69572 -19.5893
      vertex -0.706446 -7.16427 -20.4674
      vertex -0.68907 -7.09455 -20.5065
    endloop
  endfacet
  facet normal 0.965768 -0.257642 0.0302181
    outer loop
      vertex -0.62867 -6.76514 -19.5501
      vertex -0.706446 -7.16427 -20.4674
      vertex -0.608924 -6.69572 -19.5893
    endloop
  endfacet
  facet normal 0.965768 -0.257642 0.0302181
    outer loop
      vertex -0.62867 -6.76514 -19.5501
      vertex -0.726192 -7.23369 -20.4282
      vertex -0.706446 -7.16427 -20.4674
    endloop
  endfacet
  facet normal 0.958512 -0.281662 0.0438407
    outer loop
      vertex -0.650761 -6.8342 -19.5108
      vertex -0.726192 -7.23369 -20.4282
      vertex -0.62867 -6.76514 -19.5501
    endloop
  endfacet
  facet normal 0.958526 -0.281615 0.0438192
    outer loop
      vertex -0.650761 -6.8342 -19.5108
      vertex -0.748283 -7.30275 -20.3888
      vertex -0.726192 -7.23369 -20.4282
    endloop
  endfacet
  facet normal 0.950574 -0.305169 0.0572723
    outer loop
      vertex -0.675168 -6.90285 -19.4715
      vertex -0.748283 -7.30275 -20.3888
      vertex -0.650761 -6.8342 -19.5108
    endloop
  endfacet
  facet normal 0.950567 -0.305191 0.0572826
    outer loop
      vertex -0.675168 -6.90285 -19.4715
      vertex -0.772689 -7.37139 -20.3495
      vertex -0.748283 -7.30275 -20.3888
    endloop
  endfacet
  facet normal 0.94202 -0.328079 0.0704455
    outer loop
      vertex -0.701863 -6.97104 -19.4321
      vertex -0.772689 -7.37139 -20.3495
      vertex -0.675168 -6.90285 -19.4715
    endloop
  endfacet
  facet normal 0.941988 -0.328161 0.070484
    outer loop
      vertex -0.701863 -6.97104 -19.4321
      vertex -0.799385 -7.43958 -20.3102
      vertex -0.772689 -7.37139 -20.3495
    endloop
  endfacet
  facet normal 0.93279 -0.350617 0.0834876
    outer loop
      vertex -0.73082 -7.03872 -19.3928
      vertex -0.799385 -7.43958 -20.3102
      vertex -0.701863 -6.97104 -19.4321
    endloop
  endfacet
  facet normal 0.932826 -0.350532 0.0834478
    outer loop
      vertex -0.73082 -7.03872 -19.3928
      vertex -0.828342 -7.50726 -20.2708
      vertex -0.799385 -7.43958 -20.3102
    endloop
  endfacet
  facet normal 0.923005 -0.372547 0.096287
    outer loop
      vertex -0.762011 -7.10584 -19.3535
      vertex -0.828342 -7.50726 -20.2708
      vertex -0.73082 -7.03872 -19.3928
    endloop
  endfacet
  facet normal 0.923022 -0.37251 0.0962694
    outer loop
      vertex -0.762011 -7.10584 -19.3535
      vertex -0.859533 -7.57439 -20.2315
      vertex -0.828342 -7.50726 -20.2708
    endloop
  endfacet
  facet normal 0.91261 -0.394055 0.108924
    outer loop
      vertex -0.795408 -7.17235 -19.3143
      vertex -0.859533 -7.57439 -20.2315
      vertex -0.762011 -7.10584 -19.3535
    endloop
  endfacet
  facet normal 0.91261 -0.394055 0.108924
    outer loop
      vertex -0.795408 -7.17235 -19.3143
      vertex -0.89293 -7.6409 -20.1923
      vertex -0.859533 -7.57439 -20.2315
    endloop
  endfacet
  facet normal 0.901684 -0.415024 0.121328
    outer loop
      vertex -0.830983 -7.23821 -19.2752
      vertex -0.89293 -7.6409 -20.1923
      vertex -0.795408 -7.17235 -19.3143
    endloop
  endfacet
  facet normal 0.901663 -0.415065 0.121347
    outer loop
      vertex -0.830983 -7.23821 -19.2752
      vertex -0.928505 -7.70675 -20.1532
      vertex -0.89293 -7.6409 -20.1923
    endloop
  endfacet
  facet normal 0.890188 -0.435574 0.133566
    outer loop
      vertex -0.868708 -7.30335 -19.2362
      vertex -0.928505 -7.70675 -20.1532
      vertex -0.830983 -7.23821 -19.2752
    endloop
  endfacet
  facet normal 0.89014 -0.43566 0.133607
    outer loop
      vertex -0.868708 -7.30335 -19.2362
      vertex -0.96623 -7.7719 -20.1143
      vertex -0.928505 -7.70675 -20.1532
    endloop
  endfacet
  facet normal 0.87806 -0.455829 0.14571
    outer loop
      vertex -0.908557 -7.36774 -19.1975
      vertex -0.96623 -7.7719 -20.1143
      vertex -0.868708 -7.30335 -19.2362
    endloop
  endfacet
  facet normal 0.878136 -0.4557 0.145649
    outer loop
      vertex -0.908557 -7.36774 -19.1975
      vertex -1.00608 -7.83629 -20.0755
      vertex -0.96623 -7.7719 -20.1143
    endloop
  endfacet
  facet normal 0.865565 -0.475371 0.157543
    outer loop
      vertex -0.950501 -7.43132 -19.1589
      vertex -1.00608 -7.83629 -20.0755
      vertex -0.908557 -7.36774 -19.1975
    endloop
  endfacet
  facet normal 0.865557 -0.475383 0.157549
    outer loop
      vertex -0.950501 -7.43132 -19.1589
      vertex -1.04802 -7.89986 -20.0369
      vertex -1.00608 -7.83629 -20.0755
    endloop
  endfacet
  facet normal 0.852494 -0.494581 0.169244
    outer loop
      vertex -0.994512 -7.49404 -19.1205
      vertex -1.04802 -7.89986 -20.0369
      vertex -0.950501 -7.43132 -19.1589
    endloop
  endfacet
  facet normal 0.852396 -0.494726 0.169314
    outer loop
      vertex -0.994512 -7.49404 -19.1205
      vertex -1.09203 -7.96258 -19.9986
      vertex -1.04802 -7.89986 -20.0369
    endloop
  endfacet
  facet normal 0.83884 -0.51347 0.180821
    outer loop
      vertex -1.04056 -7.55585 -19.0824
      vertex -1.09203 -7.96258 -19.9986
      vertex -0.994512 -7.49404 -19.1205
    endloop
  endfacet
  facet normal 0.838776 -0.513559 0.180865
    outer loop
      vertex -1.04056 -7.55585 -19.0824
      vertex -1.13809 -8.02439 -19.9605
      vertex -1.09203 -7.96258 -19.9986
    endloop
  endfacet
  facet normal 0.824628 -0.531996 0.192273
    outer loop
      vertex -1.08863 -7.6167 -19.0446
      vertex -1.13809 -8.02439 -19.9605
      vertex -1.04056 -7.55585 -19.0824
    endloop
  endfacet
  facet normal 0.824843 -0.531712 0.192136
    outer loop
      vertex -1.08863 -7.6167 -19.0446
      vertex -1.18615 -8.08525 -19.9226
      vertex -1.13809 -8.02439 -19.9605
    endloop
  endfacet
  facet normal 0.810054 -0.549913 0.203491
    outer loop
      vertex -1.13868 -7.67655 -19.0071
      vertex -1.18615 -8.08525 -19.9226
      vertex -1.08863 -7.6167 -19.0446
    endloop
  endfacet
  facet normal 0.809879 -0.550131 0.203598
    outer loop
      vertex -1.13868 -7.67655 -19.0071
      vertex -1.2362 -8.14509 -19.8852
      vertex -1.18615 -8.08525 -19.9226
    endloop
  endfacet
  facet normal 0.794797 -0.567657 0.214624
    outer loop
      vertex -1.19068 -7.73533 -18.97
      vertex -1.2362 -8.14509 -19.8852
      vertex -1.13868 -7.67655 -19.0071
    endloop
  endfacet
  facet normal 0.794931 -0.567498 0.214546
    outer loop
      vertex -1.19068 -7.73533 -18.97
      vertex -1.28821 -8.20388 -19.848
      vertex -1.2362 -8.14509 -19.8852
    endloop
  endfacet
  facet normal 0.779202 -0.584794 0.225523
    outer loop
      vertex -1.24462 -7.79301 -18.9332
      vertex -1.28821 -8.20388 -19.848
      vertex -1.19068 -7.73533 -18.97
    endloop
  endfacet
  facet normal 0.779258 -0.584731 0.225492
    outer loop
      vertex -1.24462 -7.79301 -18.9332
      vertex -1.34214 -8.26156 -19.8112
      vertex -1.28821 -8.20388 -19.848
    endloop
  endfacet
  facet normal 0.762263 -0.602393 0.236806
    outer loop
      vertex -1.26174 -7.81031 -18.9221
      vertex -1.34214 -8.26156 -19.8112
      vertex -1.24462 -7.79301 -18.9332
    endloop
  endfacet
  facet normal 0.762119 -0.602542 0.236894
    outer loop
      vertex -1.26174 -7.81031 -18.9221
      vertex -1.35926 -8.27885 -19.8001
      vertex -1.34214 -8.26156 -19.8112
    endloop
  endfacet
  facet normal 0.747718 -0.61674 0.24607
    outer loop
      vertex -1.28127 -7.82912 -18.9099
      vertex -1.35926 -8.27885 -19.8001
      vertex -1.26174 -7.81031 -18.9221
    endloop
  endfacet
  facet normal 0.747855 -0.616605 0.245991
    outer loop
      vertex -1.28127 -7.82912 -18.9099
      vertex -1.37879 -8.29767 -19.7879
      vertex -1.35926 -8.27885 -19.8001
    endloop
  endfacet
  facet normal 0.736315 -0.62752 0.253097
    outer loop
      vertex -1.30298 -7.84927 -18.8967
      vertex -1.37879 -8.29767 -19.7879
      vertex -1.28127 -7.82912 -18.9099
    endloop
  endfacet
  facet normal 0.736315 -0.62752 0.253097
    outer loop
      vertex -1.30298 -7.84927 -18.8967
      vertex -1.4005 -8.31782 -19.7747
      vertex -1.37879 -8.29767 -19.7879
    endloop
  endfacet
  facet normal 0.726562 -0.636441 0.258941
    outer loop
      vertex -1.32661 -7.87055 -18.8827
      vertex -1.4005 -8.31782 -19.7747
      vertex -1.30298 -7.84927 -18.8967
    endloop
  endfacet
  facet normal 0.726051 -0.636911 0.259219
    outer loop
      vertex -1.32661 -7.87055 -18.8827
      vertex -1.42413 -8.3391 -19.7608
      vertex -1.4005 -8.31782 -19.7747
    endloop
  endfacet
  facet normal 0.718328 -0.643775 0.263739
    outer loop
      vertex -1.35193 -7.89278 -18.868
      vertex -1.42413 -8.3391 -19.7608
      vertex -1.32661 -7.87055 -18.8827
    endloop
  endfacet
  facet normal 0.718207 -0.643884 0.263803
    outer loop
      vertex -1.35193 -7.89278 -18.868
      vertex -1.44945 -8.36132 -19.7461
      vertex -1.42413 -8.3391 -19.7608
    endloop
  endfacet
  facet normal 0.71064 -0.650452 0.268148
    outer loop
      vertex -1.37869 -7.91575 -18.8528
      vertex -1.44945 -8.36132 -19.7461
      vertex -1.35193 -7.89278 -18.868
    endloop
  endfacet
  facet normal 0.71064 -0.650452 0.268148
    outer loop
      vertex -1.37869 -7.91575 -18.8528
      vertex -1.47621 -8.38429 -19.7309
      vertex -1.44945 -8.36132 -19.7461
    endloop
  endfacet
  facet normal 0.704046 -0.656053 0.271869
    outer loop
      vertex -1.40664 -7.93928 -18.8372
      vertex -1.47621 -8.38429 -19.7309
      vertex -1.37869 -7.91575 -18.8528
    endloop
  endfacet
  facet normal 0.70453 -0.655636 0.271624
    outer loop
      vertex -1.40664 -7.93928 -18.8372
      vertex -1.50416 -8.40782 -19.7152
      vertex -1.47621 -8.38429 -19.7309
    endloop
  endfacet
  facet normal 0.698316 -0.660821 0.275081
    outer loop
      vertex -1.43555 -7.96317 -18.8212
      vertex -1.50416 -8.40782 -19.7152
      vertex -1.40664 -7.93928 -18.8372
    endloop
  endfacet
  facet normal 0.698316 -0.660821 0.275081
    outer loop
      vertex -1.43555 -7.96317 -18.8212
      vertex -1.53307 -8.43171 -19.6992
      vertex -1.50416 -8.40782 -19.7152
    endloop
  endfacet
  facet normal 0.692196 -0.665836 0.278437
    outer loop
      vertex -1.46517 -7.98723 -18.8051
      vertex -1.53307 -8.43171 -19.6992
      vertex -1.43555 -7.96317 -18.8212
    endloop
  endfacet
  facet normal 0.692196 -0.665836 0.278437
    outer loop
      vertex -1.46517 -7.98723 -18.8051
      vertex -1.56269 -8.45577 -19.6831
      vertex -1.53307 -8.43171 -19.6992
    endloop
  endfacet
  facet normal 0.68686 -0.670134 0.281323
    outer loop
      vertex -1.49525 -8.01126 -18.7889
      vertex -1.56269 -8.45577 -19.6831
      vertex -1.46517 -7.98723 -18.8051
    endloop
  endfacet
  facet normal 0.686977 -0.670039 0.281267
    outer loop
      vertex -1.49525 -8.01126 -18.7889
      vertex -1.59277 -8.47981 -19.6669
      vertex -1.56269 -8.45577 -19.6831
    endloop
  endfacet
  facet normal 0.681324 -0.674521 0.284287
    outer loop
      vertex -1.52555 -8.03508 -18.7728
      vertex -1.59277 -8.47981 -19.6669
      vertex -1.49525 -8.01126 -18.7889
    endloop
  endfacet
  facet normal 0.680708 -0.675019 0.284581
    outer loop
      vertex -1.52555 -8.03508 -18.7728
      vertex -1.62308 -8.50363 -19.6509
      vertex -1.59277 -8.47981 -19.6669
    endloop
  endfacet
  facet normal 0.675076 -0.679403 0.287546
    outer loop
      vertex -1.55584 -8.05849 -18.757
      vertex -1.62308 -8.50363 -19.6509
      vertex -1.52555 -8.03508 -18.7728
    endloop
  endfacet
  facet normal 0.675586 -0.678999 0.287306
    outer loop
      vertex -1.55584 -8.05849 -18.757
      vertex -1.65336 -8.52703 -19.635
      vertex -1.62308 -8.50363 -19.6509
    endloop
  endfacet
  facet normal 0.669467 -0.683689 0.290489
    outer loop
      vertex -1.58585 -8.08129 -18.7415
      vertex -1.65336 -8.52703 -19.635
      vertex -1.55584 -8.05849 -18.757
    endloop
  endfacet
  facet normal 0.669591 -0.683592 0.290431
    outer loop
      vertex -1.58585 -8.08129 -18.7415
      vertex -1.68337 -8.54984 -19.6195
      vertex -1.65336 -8.52703 -19.635
    endloop
  endfacet
  facet normal 0.663489 -0.688189 0.293562
    outer loop
      vertex -1.61535 -8.10329 -18.7264
      vertex -1.68337 -8.54984 -19.6195
      vertex -1.58585 -8.08129 -18.7415
    endloop
  endfacet
  facet normal 0.662814 -0.688707 0.293872
    outer loop
      vertex -1.61535 -8.10329 -18.7264
      vertex -1.71288 -8.57184 -19.6045
      vertex -1.68337 -8.54984 -19.6195
    endloop
  endfacet
  facet normal 0.656071 -0.693684 0.297277
    outer loop
      vertex -1.6441 -8.12431 -18.712
      vertex -1.71288 -8.57184 -19.6045
      vertex -1.61535 -8.10329 -18.7264
    endloop
  endfacet
  facet normal 0.656071 -0.693684 0.297277
    outer loop
      vertex -1.6441 -8.12431 -18.712
      vertex -1.74163 -8.59286 -19.5901
      vertex -1.71288 -8.57184 -19.6045
    endloop
  endfacet
  facet normal 0.647597 -0.699804 0.301484
    outer loop
      vertex -1.67186 -8.14414 -18.6984
      vertex -1.74163 -8.59286 -19.5901
      vertex -1.6441 -8.12431 -18.712
    endloop
  endfacet
  facet normal 0.648353 -0.699249 0.301146
    outer loop
      vertex -1.67186 -8.14414 -18.6984
      vertex -1.76938 -8.61269 -19.5764
      vertex -1.74163 -8.59286 -19.5901
    endloop
  endfacet
  facet normal 0.638914 -0.705909 0.305748
    outer loop
      vertex -1.69837 -8.16259 -18.6856
      vertex -1.76938 -8.61269 -19.5764
      vertex -1.67186 -8.14414 -18.6984
    endloop
  endfacet
  facet normal 0.638914 -0.705909 0.305748
    outer loop
      vertex -1.69837 -8.16259 -18.6856
      vertex -1.79589 -8.63114 -19.5636
      vertex -1.76938 -8.61269 -19.5764
    endloop
  endfacet
  facet normal 0.628139 -0.713296 0.310887
    outer loop
      vertex -1.72339 -8.17948 -18.6738
      vertex -1.79589 -8.63114 -19.5636
      vertex -1.69837 -8.16259 -18.6856
    endloop
  endfacet
  facet normal 0.627968 -0.713414 0.310961
    outer loop
      vertex -1.72339 -8.17948 -18.6738
      vertex -1.82091 -8.64802 -19.5518
      vertex -1.79589 -8.63114 -19.5636
    endloop
  endfacet
  facet normal 0.61461 -0.722261 0.317166
    outer loop
      vertex -1.74668 -8.1946 -18.6631
      vertex -1.82091 -8.64802 -19.5518
      vertex -1.72339 -8.17948 -18.6738
    endloop
  endfacet
  facet normal 0.6138 -0.722799 0.317508
    outer loop
      vertex -1.74668 -8.1946 -18.6631
      vertex -1.84421 -8.66315 -19.5412
      vertex -1.82091 -8.64802 -19.5518
    endloop
  endfacet
  facet normal 0.59639 -0.733816 0.32532
    outer loop
      vertex -1.768 -8.20776 -18.6537
      vertex -1.84421 -8.66315 -19.5412
      vertex -1.74668 -8.1946 -18.6631
    endloop
  endfacet
  facet normal 0.59639 -0.733816 0.32532
    outer loop
      vertex -1.768 -8.20776 -18.6537
      vertex -1.86553 -8.67631 -19.5318
      vertex -1.84421 -8.66315 -19.5412
    endloop
  endfacet
  facet normal 0.578631 -0.744512 0.333
    outer loop
      vertex -1.78546 -8.21802 -18.6463
      vertex -1.86553 -8.67631 -19.5318
      vertex -1.768 -8.20776 -18.6537
    endloop
  endfacet
  facet normal 0.578848 -0.744381 0.332913
    outer loop
      vertex -1.78546 -8.21802 -18.6463
      vertex -1.88298 -8.68657 -19.5244
      vertex -1.86553 -8.67631 -19.5318
    endloop
  endfacet
  facet normal 0.569888 -0.749582 0.336683
    outer loop
      vertex -1.80476 -8.2291 -18.6383
      vertex -1.88298 -8.68657 -19.5244
      vertex -1.78546 -8.21802 -18.6463
    endloop
  endfacet
  facet normal 0.57105 -0.748901 0.336228
    outer loop
      vertex -1.80476 -8.2291 -18.6383
      vertex -1.90228 -8.69765 -19.5163
      vertex -1.88298 -8.68657 -19.5244
    endloop
  endfacet
  facet normal 0.564434 -0.752669 0.338974
    outer loop
      vertex -1.82562 -8.24087 -18.6297
      vertex -1.90228 -8.69765 -19.5163
      vertex -1.80476 -8.2291 -18.6383
    endloop
  endfacet
  facet normal 0.564191 -0.752809 0.339068
    outer loop
      vertex -1.82562 -8.24087 -18.6297
      vertex -1.92314 -8.70941 -19.5077
      vertex -1.90228 -8.69765 -19.5163
    endloop
  endfacet
  facet normal 0.558284 -0.756112 0.341486
    outer loop
      vertex -1.84777 -8.25316 -18.6207
      vertex -1.92314 -8.70941 -19.5077
      vertex -1.82562 -8.24087 -18.6297
    endloop
  endfacet
  facet normal 0.558517 -0.75598 0.341399
    outer loop
      vertex -1.84777 -8.25316 -18.6207
      vertex -1.94529 -8.72171 -19.4987
      vertex -1.92314 -8.70941 -19.5077
    endloop
  endfacet
  facet normal 0.554774 -0.758046 0.342917
    outer loop
      vertex -1.87092 -8.26585 -18.6113
      vertex -1.94529 -8.72171 -19.4987
      vertex -1.84777 -8.25316 -18.6207
    endloop
  endfacet
  facet normal 0.553533 -0.758744 0.343379
    outer loop
      vertex -1.87092 -8.26585 -18.6113
      vertex -1.96844 -8.73439 -19.4894
      vertex -1.94529 -8.72171 -19.4987
    endloop
  endfacet
  facet normal 0.549215 -0.761092 0.345112
    outer loop
      vertex -1.89478 -8.27876 -18.6018
      vertex -1.96844 -8.73439 -19.4894
      vertex -1.87092 -8.26585 -18.6113
    endloop
  endfacet
  facet normal 0.550433 -0.760415 0.344663
    outer loop
      vertex -1.89478 -8.27876 -18.6018
      vertex -1.9923 -8.74731 -19.4798
      vertex -1.96844 -8.73439 -19.4894
    endloop
  endfacet
  facet normal 0.546474 -0.76255 0.346242
    outer loop
      vertex -1.91908 -8.29177 -18.5921
      vertex -1.9923 -8.74731 -19.4798
      vertex -1.89478 -8.27876 -18.6018
    endloop
  endfacet
  facet normal 0.545484 -0.763095 0.346603
    outer loop
      vertex -1.91908 -8.29177 -18.5921
      vertex -2.0166 -8.76032 -19.4702
      vertex -1.9923 -8.74731 -19.4798
    endloop
  endfacet
  facet normal 0.542224 -0.76483 0.347891
    outer loop
      vertex -1.94352 -8.30473 -18.5825
      vertex -2.0166 -8.76032 -19.4702
      vertex -1.91908 -8.29177 -18.5921
    endloop
  endfacet
  facet normal 0.542999 -0.764407 0.347611
    outer loop
      vertex -1.94352 -8.30473 -18.5825
      vertex -2.04104 -8.77327 -19.4605
      vertex -2.0166 -8.76032 -19.4702
    endloop
  endfacet
  facet normal 0.538412 -0.766827 0.349412
    outer loop
      vertex -1.96783 -8.31747 -18.573
      vertex -2.04104 -8.77327 -19.4605
      vertex -1.94352 -8.30473 -18.5825
    endloop
  endfacet
  facet normal 0.538478 -0.766792 0.349388
    outer loop
      vertex -1.96783 -8.31747 -18.573
      vertex -2.06536 -8.78602 -19.451
      vertex -2.04104 -8.77327 -19.4605
    endloop
  endfacet
  facet normal 0.53518 -0.768512 0.350672
    outer loop
      vertex -1.99173 -8.32987 -18.5637
      vertex -2.06536 -8.78602 -19.451
      vertex -1.96783 -8.31747 -18.573
    endloop
  endfacet
  facet normal 0.5343 -0.768981 0.350986
    outer loop
      vertex -1.99173 -8.32987 -18.5637
      vertex -2.08925 -8.79842 -19.4418
      vertex -2.06536 -8.78602 -19.451
    endloop
  endfacet
  facet normal 0.530766 -0.770802 0.352351
    outer loop
      vertex -2.01492 -8.34177 -18.5548
      vertex -2.08925 -8.79842 -19.4418
      vertex -1.99173 -8.32987 -18.5637
    endloop
  endfacet
  facet normal 0.531682 -0.770319 0.352025
    outer loop
      vertex -2.01492 -8.34177 -18.5548
      vertex -2.11245 -8.81032 -19.4328
      vertex -2.08925 -8.79842 -19.4418
    endloop
  endfacet
  facet normal 0.526696 -0.772864 0.353937
    outer loop
      vertex -2.03714 -8.35302 -18.5463
      vertex -2.11245 -8.81032 -19.4328
      vertex -2.01492 -8.34177 -18.5548
    endloop
  endfacet
  facet normal 0.525725 -0.773369 0.35428
    outer loop
      vertex -2.03714 -8.35302 -18.5463
      vertex -2.13466 -8.82157 -19.4244
      vertex -2.11245 -8.81032 -19.4328
    endloop
  endfacet
  facet normal 0.521599 -0.775441 0.355844
    outer loop
      vertex -2.05808 -8.36348 -18.5384
      vertex -2.13466 -8.82157 -19.4244
      vertex -2.03714 -8.35302 -18.5463
    endloop
  endfacet
  facet normal 0.52142 -0.775533 0.355907
    outer loop
      vertex -2.05808 -8.36348 -18.5384
      vertex -2.15561 -8.83203 -19.4165
      vertex -2.13466 -8.82157 -19.4244
    endloop
  endfacet
  facet normal 0.515081 -0.778668 0.358284
    outer loop
      vertex -2.07748 -8.373 -18.5312
      vertex -2.15561 -8.83203 -19.4165
      vertex -2.05808 -8.36348 -18.5384
    endloop
  endfacet
  facet normal 0.516615 -0.777898 0.357749
    outer loop
      vertex -2.07748 -8.373 -18.5312
      vertex -2.175 -8.84155 -19.4092
      vertex -2.15561 -8.83203 -19.4165
    endloop
  endfacet
  facet normal 0.508889 -0.781658 0.360614
    outer loop
      vertex -2.09505 -8.38144 -18.5247
      vertex -2.175 -8.84155 -19.4092
      vertex -2.07748 -8.373 -18.5312
    endloop
  endfacet
  facet normal 0.507382 -0.782397 0.361135
    outer loop
      vertex -2.09505 -8.38144 -18.5247
      vertex -2.19257 -8.84999 -19.4028
      vertex -2.175 -8.84155 -19.4092
    endloop
  endfacet
  facet normal 0.496849 -0.787368 0.364957
    outer loop
      vertex -2.1105 -8.38864 -18.5192
      vertex -2.19257 -8.84999 -19.4028
      vertex -2.09505 -8.38144 -18.5247
    endloop
  endfacet
  facet normal 0.498227 -0.786714 0.364487
    outer loop
      vertex -2.1105 -8.38864 -18.5192
      vertex -2.20802 -8.85718 -19.3972
      vertex -2.19257 -8.84999 -19.4028
    endloop
  endfacet
  facet normal 0.48355 -0.793414 0.369693
    outer loop
      vertex -2.12355 -8.39445 -18.5146
      vertex -2.20802 -8.85718 -19.3972
      vertex -2.1105 -8.38864 -18.5192
    endloop
  endfacet
  facet normal 0.48186 -0.79418 0.370256
    outer loop
      vertex -2.12355 -8.39445 -18.5146
      vertex -2.22107 -8.863 -19.3927
      vertex -2.20802 -8.85718 -19.3972
    endloop
  endfacet
  facet normal 0.457088 -0.804787 0.378667
    outer loop
      vertex -2.13392 -8.39874 -18.5112
      vertex -2.22107 -8.863 -19.3927
      vertex -2.12355 -8.39445 -18.5146
    endloop
  endfacet
  facet normal 0.459937 -0.803591 0.377756
    outer loop
      vertex -2.13392 -8.39874 -18.5112
      vertex -2.23144 -8.86729 -19.3892
      vertex -2.22107 -8.863 -19.3927
    endloop
  endfacet
  facet normal 0.407701 -0.82362 0.394246
    outer loop
      vertex -2.14132 -8.40135 -18.509
      vertex -2.23144 -8.86729 -19.3892
      vertex -2.13392 -8.39874 -18.5112
    endloop
  endfacet
  facet normal 0.407701 -0.82362 0.394246
    outer loop
      vertex -2.14132 -8.40135 -18.509
      vertex -2.23884 -8.8699 -19.387
      vertex -2.23144 -8.86729 -19.3892
    endloop
  endfacet
  facet normal 0.257652 -0.864044 0.432485
    outer loop
      vertex -2.14548 -8.40214 -18.5081
      vertex -2.23884 -8.8699 -19.387
      vertex -2.14132 -8.40135 -18.509
    endloop
  endfacet
  facet normal 0.257652 -0.864044 0.432485
    outer loop
      vertex -2.14548 -8.40214 -18.5081
      vertex -2.243 -8.87069 -19.3861
      vertex -2.23884 -8.8699 -19.387
    endloop
  endfacet
  facet normal -0.990417 -0.0409976 0.131885
    outer loop
      vertex -2.14599 -8.39754 -18.5105
      vertex -2.243 -8.87069 -19.3861
      vertex -2.14548 -8.40214 -18.5081
    endloop
  endfacet
  facet normal -0.990417 -0.0409976 0.131885
    outer loop
      vertex -2.14599 -8.39754 -18.5105
      vertex -2.24351 -8.86609 -19.3885
      vertex -2.243 -8.87069 -19.3861
    endloop
  endfacet
  facet normal -0.995123 0.0328036 0.0930231
    outer loop
      vertex -2.14621 -8.38408 -18.5176
      vertex -2.24351 -8.86609 -19.3885
      vertex -2.14599 -8.39754 -18.5105
    endloop
  endfacet
  facet normal -0.995133 0.0333372 0.0927289
    outer loop
      vertex -2.14621 -8.38408 -18.5176
      vertex -2.24373 -8.85263 -19.3957
      vertex -2.24351 -8.86609 -19.3885
    endloop
  endfacet
  facet normal -0.995231 0.0479182 0.0849595
    outer loop
      vertex -2.14616 -8.36212 -18.5294
      vertex -2.24373 -8.85263 -19.3957
      vertex -2.14621 -8.38408 -18.5176
    endloop
  endfacet
  facet normal -0.995231 0.0472728 0.0853249
    outer loop
      vertex -2.14616 -8.36212 -18.5294
      vertex -2.24369 -8.83067 -19.4074
      vertex -2.24373 -8.85263 -19.3957
    endloop
  endfacet
  facet normal -0.995191 0.0539594 0.081752
    outer loop
      vertex -2.14585 -8.33201 -18.5455
      vertex -2.24369 -8.83067 -19.4074
      vertex -2.14616 -8.36212 -18.5294
    endloop
  endfacet
  facet normal -0.995189 0.054198 0.0816138
    outer loop
      vertex -2.14585 -8.33201 -18.5455
      vertex -2.24337 -8.80055 -19.4235
      vertex -2.24369 -8.83067 -19.4074
    endloop
  endfacet
  facet normal -0.995145 0.057682 0.0797496
    outer loop
      vertex -2.14528 -8.29411 -18.5658
      vertex -2.24337 -8.80055 -19.4235
      vertex -2.14585 -8.33201 -18.5455
    endloop
  endfacet
  facet normal -0.995145 0.057682 0.0797496
    outer loop
      vertex -2.14528 -8.29411 -18.5658
      vertex -2.2428 -8.76265 -19.4438
      vertex -2.24337 -8.80055 -19.4235
    endloop
  endfacet
  facet normal -0.995107 0.0599329 0.0785443
    outer loop
      vertex -2.14446 -8.24878 -18.59
      vertex -2.2428 -8.76265 -19.4438
      vertex -2.14528 -8.29411 -18.5658
    endloop
  endfacet
  facet normal -0.995106 0.0600638 0.0784653
    outer loop
      vertex -2.14446 -8.24878 -18.59
      vertex -2.24198 -8.71732 -19.4681
      vertex -2.2428 -8.76265 -19.4438
    endloop
  endfacet
  facet normal -0.995074 0.0617288 0.0775734
    outer loop
      vertex -2.1434 -8.19638 -18.6181
      vertex -2.24198 -8.71732 -19.4681
      vertex -2.14446 -8.24878 -18.59
    endloop
  endfacet
  facet normal -0.995074 0.0617288 0.0775734
    outer loop
      vertex -2.1434 -8.19638 -18.6181
      vertex -2.24092 -8.66492 -19.4962
      vertex -2.24198 -8.71732 -19.4681
    endloop
  endfacet
  facet normal -0.995048 0.0629544 0.0769165
    outer loop
      vertex -2.14211 -8.13726 -18.6498
      vertex -2.24092 -8.66492 -19.4962
      vertex -2.1434 -8.19638 -18.6181
    endloop
  endfacet
  facet normal -0.995048 0.0629624 0.0769116
    outer loop
      vertex -2.14211 -8.13726 -18.6498
      vertex -2.23963 -8.60581 -19.5279
      vertex -2.24092 -8.66492 -19.4962
    endloop
  endfacet
  facet normal -0.995024 0.0640364 0.0763358
    outer loop
      vertex -2.14059 -8.0718 -18.6849
      vertex -2.23963 -8.60581 -19.5279
      vertex -2.14211 -8.13726 -18.6498
    endloop
  endfacet
  facet normal -0.995024 0.0640291 0.0763404
    outer loop
      vertex -2.14059 -8.0718 -18.6849
      vertex -2.23811 -8.54034 -19.563
      vertex -2.23963 -8.60581 -19.5279
    endloop
  endfacet
  facet normal -0.995003 0.0648876 0.0758801
    outer loop
      vertex -2.13885 -8.00033 -18.7232
      vertex -2.23811 -8.54034 -19.563
      vertex -2.14059 -8.0718 -18.6849
    endloop
  endfacet
  facet normal -0.995003 0.0648943 0.0758758
    outer loop
      vertex -2.13885 -8.00033 -18.7232
      vertex -2.23637 -8.46888 -19.6013
      vertex -2.23811 -8.54034 -19.563
    endloop
  endfacet
  facet normal -0.994984 0.065681 0.0754538
    outer loop
      vertex -2.1369 -7.92323 -18.7646
      vertex -2.23637 -8.46888 -19.6013
      vertex -2.13885 -8.00033 -18.7232
    endloop
  endfacet
  facet normal -0.994985 0.0656086 0.0755012
    outer loop
      vertex -2.1369 -7.92323 -18.7646
      vertex -2.23442 -8.39178 -19.6426
      vertex -2.23637 -8.46888 -19.6013
    endloop
  endfacet
  facet normal -0.99497 0.066195 0.0751866
    outer loop
      vertex -2.13476 -7.84086 -18.8088
      vertex -2.23442 -8.39178 -19.6426
      vertex -2.1369 -7.92323 -18.7646
    endloop
  endfacet
  facet normal -0.99497 0.0661891 0.0751905
    outer loop
      vertex -2.13476 -7.84086 -18.8088
      vertex -2.23228 -8.3094 -19.6868
      vertex -2.23442 -8.39178 -19.6426
    endloop
  endfacet
  facet normal -0.994952 0.0668896 0.0748146
    outer loop
      vertex -2.13241 -7.75356 -18.8556
      vertex -2.23228 -8.3094 -19.6868
      vertex -2.13476 -7.84086 -18.8088
    endloop
  endfacet
  facet normal -0.994952 0.0668688 0.0748285
    outer loop
      vertex -2.13241 -7.75356 -18.8556
      vertex -2.22994 -8.2221 -19.7337
      vertex -2.23228 -8.3094 -19.6868
    endloop
  endfacet
  facet normal -0.99494 0.0673229 0.0745849
    outer loop
      vertex -2.12989 -7.6617 -18.9049
      vertex -2.22994 -8.2221 -19.7337
      vertex -2.13241 -7.75356 -18.8556
    endloop
  endfacet
  facet normal -0.994938 0.0674023 0.074531
    outer loop
      vertex -2.12989 -7.6617 -18.9049
      vertex -2.22741 -8.13024 -19.783
      vertex -2.22994 -8.2221 -19.7337
    endloop
  endfacet
  facet normal -0.994923 0.0679413 0.0742418
    outer loop
      vertex -2.12718 -7.56563 -18.9565
      vertex -2.22741 -8.13024 -19.783
      vertex -2.12989 -7.6617 -18.9049
    endloop
  endfacet
  facet normal -0.994924 0.0678708 0.0742901
    outer loop
      vertex -2.12718 -7.56563 -18.9565
      vertex -2.22471 -8.03418 -19.8346
      vertex -2.22741 -8.13024 -19.783
    endloop
  endfacet
  facet normal -0.994912 0.0683089 0.0740549
    outer loop
      vertex -2.12431 -7.46572 -19.0101
      vertex -2.22471 -8.03418 -19.8346
      vertex -2.12718 -7.56563 -18.9565
    endloop
  endfacet
  facet normal -0.994911 0.0683815 0.0740047
    outer loop
      vertex -2.12431 -7.46572 -19.0101
      vertex -2.22183 -7.93427 -19.8882
      vertex -2.22471 -8.03418 -19.8346
    endloop
  endfacet
  facet normal -0.994896 0.0689007 0.073726
    outer loop
      vertex -2.12127 -7.36233 -19.0657
      vertex -2.22183 -7.93427 -19.8882
      vertex -2.12431 -7.46572 -19.0101
    endloop
  endfacet
  facet normal -0.994898 0.068774 0.0738143
    outer loop
      vertex -2.12127 -7.36233 -19.0657
      vertex -2.2188 -7.83087 -19.9437
      vertex -2.22183 -7.93427 -19.8882
    endloop
  endfacet
  facet normal -0.994885 0.069207 0.0735819
    outer loop
      vertex -2.11809 -7.2558 -19.1229
      vertex -2.2188 -7.83087 -19.9437
      vertex -2.12127 -7.36233 -19.0657
    endloop
  endfacet
  facet normal -0.994884 0.0692795 0.0735309
    outer loop
      vertex -2.11809 -7.2558 -19.1229
      vertex -2.21561 -7.72435 -20.0009
      vertex -2.2188 -7.83087 -19.9437
    endloop
  endfacet
  facet normal -0.994871 0.0697073 0.0733012
    outer loop
      vertex -2.11475 -7.14651 -19.1815
      vertex -2.21561 -7.72435 -20.0009
      vertex -2.11809 -7.2558 -19.1229
    endloop
  endfacet
  facet normal -0.99487 0.0697559 0.0732668
    outer loop
      vertex -2.11475 -7.14651 -19.1815
      vertex -2.21227 -7.61506 -20.0596
      vertex -2.21561 -7.72435 -20.0009
    endloop
  endfacet
  facet normal -0.994858 0.070148 0.0730562
    outer loop
      vertex -2.11128 -7.03481 -19.2415
      vertex -2.21227 -7.61506 -20.0596
      vertex -2.11475 -7.14651 -19.1815
    endloop
  endfacet
  facet normal -0.994858 0.0701435 0.0730595
    outer loop
      vertex -2.11128 -7.03481 -19.2415
      vertex -2.2088 -7.50335 -20.1196
      vertex -2.21227 -7.61506 -20.0596
    endloop
  endfacet
  facet normal -0.994851 0.0703735 0.0729359
    outer loop
      vertex -2.06842 -5.66808 -19.9756
      vertex -2.2088 -7.50335 -20.1196
      vertex -2.11128 -7.03481 -19.2415
    endloop
  endfacet
  facet normal -0.994851 0.0703736 0.0729351
    outer loop
      vertex -2.06842 -5.66808 -19.9756
      vertex -2.16594 -6.13663 -20.8537
      vertex -2.2088 -7.50335 -20.1196
    endloop
  endfacet
  facet normal 0.0276107 0.880644 -0.472974
    outer loop
      vertex -0.542848 -5.77601 -20.0875
      vertex -2.16594 -6.13663 -20.8537
      vertex -2.06842 -5.66808 -19.9756
    endloop
  endfacet
  facet normal 0.027632 0.880624 -0.473009
    outer loop
      vertex -0.542848 -5.77601 -20.0875
      vertex -0.64037 -6.24455 -20.9655
      vertex -2.16594 -6.13663 -20.8537
    endloop
  endfacet
  facet normal -0.864767 0.476582 -0.158263
    outer loop
      vertex -5.57215 -7.95317 -18.3671
      vertex -5.68609 -8.4465 -19.2301
      vertex -5.58857 -7.97795 -18.352
    endloop
  endfacet
  facet normal -0.864534 0.476928 -0.158491
    outer loop
      vertex -5.57215 -7.95317 -18.3671
      vertex -5.66967 -8.42172 -19.2451
      vertex -5.68609 -8.4465 -19.2301
    endloop
  endfacet
  facet normal -0.858029 0.48659 -0.16437
    outer loop
      vertex -5.54626 -7.91532 -18.3902
      vertex -5.66967 -8.42172 -19.2451
      vertex -5.57215 -7.95317 -18.3671
    endloop
  endfacet
  facet normal -0.858112 0.48647 -0.164287
    outer loop
      vertex -5.54626 -7.91532 -18.3902
      vertex -5.64379 -8.38387 -19.2682
      vertex -5.66967 -8.42172 -19.2451
    endloop
  endfacet
  facet normal -0.854864 0.491185 -0.167164
    outer loop
      vertex -5.51209 -7.86606 -18.4202
      vertex -5.64379 -8.38387 -19.2682
      vertex -5.54626 -7.91532 -18.3902
    endloop
  endfacet
  facet normal -0.854962 0.491048 -0.167065
    outer loop
      vertex -5.51209 -7.86606 -18.4202
      vertex -5.60961 -8.3346 -19.2983
      vertex -5.64379 -8.38387 -19.2682
    endloop
  endfacet
  facet normal -0.853194 0.493587 -0.168616
    outer loop
      vertex -5.4708 -7.80702 -18.4563
      vertex -5.60961 -8.3346 -19.2983
      vertex -5.51209 -7.86606 -18.4202
    endloop
  endfacet
  facet normal -0.853217 0.493556 -0.168593
    outer loop
      vertex -5.4708 -7.80702 -18.4563
      vertex -5.56833 -8.27557 -19.3344
      vertex -5.60961 -8.3346 -19.2983
    endloop
  endfacet
  facet normal -0.852001 0.49529 -0.169653
    outer loop
      vertex -5.42358 -7.73987 -18.4974
      vertex -5.56833 -8.27557 -19.3344
      vertex -5.4708 -7.80702 -18.4563
    endloop
  endfacet
  facet normal -0.851981 0.495317 -0.169674
    outer loop
      vertex -5.42358 -7.73987 -18.4974
      vertex -5.5211 -8.20841 -19.3755
      vertex -5.56833 -8.27557 -19.3344
    endloop
  endfacet
  facet normal -0.851146 0.496503 -0.1704
    outer loop
      vertex -5.3716 -7.66624 -18.5425
      vertex -5.5211 -8.20841 -19.3755
      vertex -5.42358 -7.73987 -18.4974
    endloop
  endfacet
  facet normal -0.851035 0.496652 -0.170517
    outer loop
      vertex -5.3716 -7.66624 -18.5425
      vertex -5.46912 -8.13479 -19.4205
      vertex -5.5211 -8.20841 -19.3755
    endloop
  endfacet
  facet normal -0.850356 0.497613 -0.171105
    outer loop
      vertex -5.31604 -7.5878 -18.5905
      vertex -5.46912 -8.13479 -19.4205
      vertex -5.3716 -7.66624 -18.5425
    endloop
  endfacet
  facet normal -0.850379 0.497581 -0.171079
    outer loop
      vertex -5.31604 -7.5878 -18.5905
      vertex -5.41356 -8.05634 -19.4685
      vertex -5.46912 -8.13479 -19.4205
    endloop
  endfacet
  facet normal -0.849778 0.498428 -0.171598
    outer loop
      vertex -5.25807 -7.50618 -18.6405
      vertex -5.41356 -8.05634 -19.4685
      vertex -5.31604 -7.5878 -18.5905
    endloop
  endfacet
  facet normal -0.849778 0.498428 -0.171598
    outer loop
      vertex -5.25807 -7.50618 -18.6405
      vertex -5.35559 -7.97472 -19.5185
      vertex -5.41356 -8.05634 -19.4685
    endloop
  endfacet
  facet normal -0.849173 0.49928 -0.17212
    outer loop
      vertex -5.19887 -7.42304 -18.6914
      vertex -5.35559 -7.97472 -19.5185
      vertex -5.25807 -7.50618 -18.6405
    endloop
  endfacet
  facet normal -0.849287 0.499128 -0.171997
    outer loop
      vertex -5.19887 -7.42304 -18.6914
      vertex -5.2964 -7.89158 -19.5695
      vertex -5.35559 -7.97472 -19.5185
    endloop
  endfacet
  facet normal -0.848704 0.499946 -0.172498
    outer loop
      vertex -5.13962 -7.34002 -18.7423
      vertex -5.2964 -7.89158 -19.5695
      vertex -5.19887 -7.42304 -18.6914
    endloop
  endfacet
  facet normal -0.848644 0.500026 -0.172563
    outer loop
      vertex -5.13962 -7.34002 -18.7423
      vertex -5.23714 -7.80857 -19.6204
      vertex -5.2964 -7.89158 -19.5695
    endloop
  endfacet
  facet normal -0.848103 0.500782 -0.173026
    outer loop
      vertex -5.08149 -7.25878 -18.7921
      vertex -5.23714 -7.80857 -19.6204
      vertex -5.13962 -7.34002 -18.7423
    endloop
  endfacet
  facet normal -0.848142 0.500731 -0.172985
    outer loop
      vertex -5.08149 -7.25878 -18.7921
      vertex -5.17902 -7.72733 -19.6702
      vertex -5.23714 -7.80857 -19.6204
    endloop
  endfacet
  facet normal -0.847593 0.501497 -0.173455
    outer loop
      vertex -5.02567 -7.18097 -18.8399
      vertex -5.17902 -7.72733 -19.6702
      vertex -5.08149 -7.25878 -18.7921
    endloop
  endfacet
  facet normal -0.84747 0.501661 -0.173585
    outer loop
      vertex -5.02567 -7.18097 -18.8399
      vertex -5.12319 -7.64952 -19.7179
      vertex -5.17902 -7.72733 -19.6702
    endloop
  endfacet
  facet normal -0.846779 0.502622 -0.174175
    outer loop
      vertex -4.97332 -7.10823 -18.8845
      vertex -5.12319 -7.64952 -19.7179
      vertex -5.02567 -7.18097 -18.8399
    endloop
  endfacet
  facet normal -0.846805 0.502587 -0.174148
    outer loop
      vertex -4.97332 -7.10823 -18.8845
      vertex -5.07084 -7.57677 -19.7625
      vertex -5.12319 -7.64952 -19.7179
    endloop
  endfacet
  facet normal -0.845891 0.503855 -0.174926
    outer loop
      vertex -4.92562 -7.04221 -18.925
      vertex -5.07084 -7.57677 -19.7625
      vertex -4.97332 -7.10823 -18.8845
    endloop
  endfacet
  facet normal -0.845862 0.503893 -0.174955
    outer loop
      vertex -4.92562 -7.04221 -18.925
      vertex -5.02314 -7.51076 -19.803
      vertex -5.07084 -7.57677 -19.7625
    endloop
  endfacet
  facet normal -0.844717 0.505473 -0.175926
    outer loop
      vertex -4.88375 -6.98456 -18.9604
      vertex -5.02314 -7.51076 -19.803
      vertex -4.92562 -7.04221 -18.925
    endloop
  endfacet
  facet normal -0.844832 0.505321 -0.175812
    outer loop
      vertex -4.88375 -6.98456 -18.9604
      vertex -4.98127 -7.45311 -19.8385
      vertex -5.02314 -7.51076 -19.803
    endloop
  endfacet
  facet normal -0.842873 0.508008 -0.177463
    outer loop
      vertex -4.84888 -6.93694 -18.9897
      vertex -4.98127 -7.45311 -19.8385
      vertex -4.88375 -6.98456 -18.9604
    endloop
  endfacet
  facet normal -0.842799 0.508106 -0.177534
    outer loop
      vertex -4.84888 -6.93694 -18.9897
      vertex -4.94641 -7.40549 -19.8677
      vertex -4.98127 -7.45311 -19.8385
    endloop
  endfacet
  facet normal -0.839839 0.512122 -0.180006
    outer loop
      vertex -4.8222 -6.90099 -19.0119
      vertex -4.94641 -7.40549 -19.8677
      vertex -4.84888 -6.93694 -18.9897
    endloop
  endfacet
  facet normal -0.839804 0.512167 -0.180038
    outer loop
      vertex -4.8222 -6.90099 -19.0119
      vertex -4.91972 -7.36953 -19.8899
      vertex -4.94641 -7.40549 -19.8677
    endloop
  endfacet
  facet normal -0.832506 0.521854 -0.186017
    outer loop
      vertex -4.80488 -6.87835 -19.0259
      vertex -4.91972 -7.36953 -19.8899
      vertex -4.8222 -6.90099 -19.0119
    endloop
  endfacet
  facet normal -0.832417 0.521968 -0.186094
    outer loop
      vertex -4.80488 -6.87835 -19.0259
      vertex -4.9024 -7.3469 -19.9039
      vertex -4.91972 -7.36953 -19.8899
    endloop
  endfacet
  facet normal -0.793833 0.568735 -0.215337
    outer loop
      vertex -4.79809 -6.87069 -19.0307
      vertex -4.9024 -7.3469 -19.9039
      vertex -4.80488 -6.87835 -19.0259
    endloop
  endfacet
  facet normal -0.794134 0.568397 -0.215117
    outer loop
      vertex -4.79809 -6.87069 -19.0307
      vertex -4.89561 -7.33923 -19.9087
      vertex -4.9024 -7.3469 -19.9039
    endloop
  endfacet
  facet normal 0.494181 0.742993 -0.451383
    outer loop
      vertex -4.77537 -6.88325 -19.0265
      vertex -4.89561 -7.33923 -19.9087
      vertex -4.79809 -6.87069 -19.0307
    endloop
  endfacet
  facet normal 0.492945 0.743695 -0.451578
    outer loop
      vertex -4.77537 -6.88325 -19.0265
      vertex -4.87289 -7.3518 -19.9046
      vertex -4.89561 -7.33923 -19.9087
    endloop
  endfacet
  facet normal 0.508965 0.734683 -0.448548
    outer loop
      vertex -4.71785 -6.91626 -19.0153
      vertex -4.87289 -7.3518 -19.9046
      vertex -4.77537 -6.88325 -19.0265
    endloop
  endfacet
  facet normal 0.509438 0.734392 -0.448488
    outer loop
      vertex -4.71785 -6.91626 -19.0153
      vertex -4.81537 -7.3848 -19.8933
      vertex -4.87289 -7.3518 -19.9046
    endloop
  endfacet
  facet normal 0.512551 0.732597 -0.447876
    outer loop
      vertex -4.62942 -6.96743 -18.9978
      vertex -4.81537 -7.3848 -19.8933
      vertex -4.71785 -6.91626 -19.0153
    endloop
  endfacet
  facet normal 0.512246 0.732793 -0.447904
    outer loop
      vertex -4.62942 -6.96743 -18.9978
      vertex -4.72694 -7.43598 -19.8759
      vertex -4.81537 -7.3848 -19.8933
    endloop
  endfacet
  facet normal 0.514206 0.731657 -0.447515
    outer loop
      vertex -4.51397 -7.0345 -18.9748
      vertex -4.72694 -7.43598 -19.8759
      vertex -4.62942 -6.96743 -18.9978
    endloop
  endfacet
  facet normal 0.514206 0.731657 -0.447515
    outer loop
      vertex -4.51397 -7.0345 -18.9748
      vertex -4.61149 -7.50305 -19.8529
      vertex -4.72694 -7.43598 -19.8759
    endloop
  endfacet
  facet normal 0.514822 0.731299 -0.447393
    outer loop
      vertex -4.37538 -7.11518 -18.9472
      vertex -4.61149 -7.50305 -19.8529
      vertex -4.51397 -7.0345 -18.9748
    endloop
  endfacet
  facet normal 0.515079 0.731123 -0.447384
    outer loop
      vertex -4.37538 -7.11518 -18.9472
      vertex -4.47291 -7.58373 -19.8252
      vertex -4.61149 -7.50305 -19.8529
    endloop
  endfacet
  facet normal 0.515689 0.730768 -0.447262
    outer loop
      vertex -4.21756 -7.20721 -18.9156
      vertex -4.47291 -7.58373 -19.8252
      vertex -4.37538 -7.11518 -18.9472
    endloop
  endfacet
  facet normal 0.515633 0.730807 -0.447263
    outer loop
      vertex -4.21756 -7.20721 -18.9156
      vertex -4.31508 -7.67575 -19.7936
      vertex -4.47291 -7.58373 -19.8252
    endloop
  endfacet
  facet normal 0.515999 0.730593 -0.44719
    outer loop
      vertex -4.04437 -7.30829 -18.8809
      vertex -4.31508 -7.67575 -19.7936
      vertex -4.21756 -7.20721 -18.9156
    endloop
  endfacet
  facet normal 0.516029 0.730572 -0.44719
    outer loop
      vertex -4.04437 -7.30829 -18.8809
      vertex -4.14189 -7.77684 -19.7589
      vertex -4.31508 -7.67575 -19.7936
    endloop
  endfacet
  facet normal 0.516471 0.730314 -0.447101
    outer loop
      vertex -3.85972 -7.41616 -18.8438
      vertex -4.14189 -7.77684 -19.7589
      vertex -4.04437 -7.30829 -18.8809
    endloop
  endfacet
  facet normal 0.51632 0.730423 -0.447097
    outer loop
      vertex -3.85972 -7.41616 -18.8438
      vertex -3.95725 -7.88471 -19.7219
      vertex -4.14189 -7.77684 -19.7589
    endloop
  endfacet
  facet normal 0.516681 0.730212 -0.447025
    outer loop
      vertex -3.6675 -7.52854 -18.8052
      vertex -3.95725 -7.88471 -19.7219
      vertex -3.85972 -7.41616 -18.8438
    endloop
  endfacet
  facet normal 0.516662 0.730226 -0.447024
    outer loop
      vertex -3.6675 -7.52854 -18.8052
      vertex -3.76502 -7.99709 -19.6833
      vertex -3.95725 -7.88471 -19.7219
    endloop
  endfacet
  facet normal 0.517002 0.730027 -0.446956
    outer loop
      vertex -3.47159 -7.64316 -18.7658
      vertex -3.76502 -7.99709 -19.6833
      vertex -3.6675 -7.52854 -18.8052
    endloop
  endfacet
  facet normal 0.516975 0.730046 -0.446955
    outer loop
      vertex -3.47159 -7.64316 -18.7658
      vertex -3.56911 -8.1117 -19.6439
      vertex -3.76502 -7.99709 -19.6833
    endloop
  endfacet
  facet normal 0.517249 0.729886 -0.4469
    outer loop
      vertex -3.27588 -7.75773 -18.7264
      vertex -3.56911 -8.1117 -19.6439
      vertex -3.47159 -7.64316 -18.7658
    endloop
  endfacet
  facet normal 0.517249 0.729886 -0.4469
    outer loop
      vertex -3.27588 -7.75773 -18.7264
      vertex -3.3734 -8.22627 -19.6045
      vertex -3.56911 -8.1117 -19.6439
    endloop
  endfacet
  facet normal 0.517493 0.729743 -0.446851
    outer loop
      vertex -3.08426 -7.86998 -18.6878
      vertex -3.3734 -8.22627 -19.6045
      vertex -3.27588 -7.75773 -18.7264
    endloop
  endfacet
  facet normal 0.517658 0.729623 -0.446856
    outer loop
      vertex -3.08426 -7.86998 -18.6878
      vertex -3.18178 -8.33852 -19.5658
      vertex -3.3734 -8.22627 -19.6045
    endloop
  endfacet
  facet normal 0.517737 0.729577 -0.44684
    outer loop
      vertex -2.90063 -7.97763 -18.6508
      vertex -3.18178 -8.33852 -19.5658
      vertex -3.08426 -7.86998 -18.6878
    endloop
  endfacet
  facet normal 0.517765 0.729557 -0.446841
    outer loop
      vertex -2.90063 -7.97763 -18.6508
      vertex -2.99815 -8.44618 -19.5288
      vertex -3.18178 -8.33852 -19.5658
    endloop
  endfacet
  facet normal 0.518346 0.729216 -0.446723
    outer loop
      vertex -2.72886 -8.07841 -18.616
      vertex -2.99815 -8.44618 -19.5288
      vertex -2.90063 -7.97763 -18.6508
    endloop
  endfacet
  facet normal 0.518163 0.729347 -0.446722
    outer loop
      vertex -2.72886 -8.07841 -18.616
      vertex -2.82638 -8.54696 -19.4941
      vertex -2.99815 -8.44618 -19.5288
    endloop
  endfacet
  facet normal 0.518489 0.729155 -0.446656
    outer loop
      vertex -2.57285 -8.17005 -18.5845
      vertex -2.82638 -8.54696 -19.4941
      vertex -2.72886 -8.07841 -18.616
    endloop
  endfacet
  facet normal 0.518691 0.729013 -0.446654
    outer loop
      vertex -2.57285 -8.17005 -18.5845
      vertex -2.67037 -8.6386 -19.4625
      vertex -2.82638 -8.54696 -19.4941
    endloop
  endfacet
  facet normal 0.519314 0.728647 -0.446527
    outer loop
      vertex -2.43649 -8.25026 -18.5568
      vertex -2.67037 -8.6386 -19.4625
      vertex -2.57285 -8.17005 -18.5845
    endloop
  endfacet
  facet normal 0.519044 0.728833 -0.446538
    outer loop
      vertex -2.43649 -8.25026 -18.5568
      vertex -2.53401 -8.7188 -19.4349
      vertex -2.67037 -8.6386 -19.4625
    endloop
  endfacet
  facet normal 0.519903 0.728327 -0.446363
    outer loop
      vertex -2.32367 -8.31676 -18.5339
      vertex -2.53401 -8.7188 -19.4349
      vertex -2.43649 -8.25026 -18.5568
    endloop
  endfacet
  facet normal 0.520229 0.728108 -0.446341
    outer loop
      vertex -2.32367 -8.31676 -18.5339
      vertex -2.42119 -8.78531 -19.4119
      vertex -2.53401 -8.7188 -19.4349
    endloop
  endfacet
  facet normal 0.521699 0.727239 -0.446041
    outer loop
      vertex -2.23827 -8.36729 -18.5164
      vertex -2.42119 -8.78531 -19.4119
      vertex -2.32367 -8.31676 -18.5339
    endloop
  endfacet
  facet normal 0.521699 0.727239 -0.446041
    outer loop
      vertex -2.23827 -8.36729 -18.5164
      vertex -2.33579 -8.83584 -19.3944
      vertex -2.42119 -8.78531 -19.4119
    endloop
  endfacet
  facet normal 0.525106 0.725215 -0.445339
    outer loop
      vertex -2.18419 -8.39957 -18.5052
      vertex -2.33579 -8.83584 -19.3944
      vertex -2.23827 -8.36729 -18.5164
    endloop
  endfacet
  facet normal 0.525106 0.725215 -0.445339
    outer loop
      vertex -2.18419 -8.39957 -18.5052
      vertex -2.28171 -8.86812 -19.3832
      vertex -2.33579 -8.83584 -19.3944
    endloop
  endfacet
  facet normal 0.542571 0.714569 -0.441598
    outer loop
      vertex -2.16531 -8.41131 -18.501
      vertex -2.28171 -8.86812 -19.3832
      vertex -2.18419 -8.39957 -18.5052
    endloop
  endfacet
  facet normal 0.542571 0.714569 -0.441598
    outer loop
      vertex -2.16531 -8.41131 -18.501
      vertex -2.26283 -8.87986 -19.379
      vertex -2.28171 -8.86812 -19.3832
    endloop
  endfacet
  facet normal 0.828664 -0.526834 0.189108
    outer loop
      vertex -2.16592 -8.41209 -18.5005
      vertex -2.26283 -8.87986 -19.379
      vertex -2.16531 -8.41131 -18.501
    endloop
  endfacet
  facet normal 0.814399 -0.544683 0.200186
    outer loop
      vertex -2.16592 -8.41209 -18.5005
      vertex -2.26345 -8.88064 -19.3786
      vertex -2.26283 -8.87986 -19.379
    endloop
  endfacet
  facet normal 0.623285 -0.716565 0.313128
    outer loop
      vertex -2.16769 -8.41328 -18.4997
      vertex -2.26345 -8.88064 -19.3786
      vertex -2.16592 -8.41209 -18.5005
    endloop
  endfacet
  facet normal 0.633478 -0.709667 0.308349
    outer loop
      vertex -2.16769 -8.41328 -18.4997
      vertex -2.26521 -8.88182 -19.3777
      vertex -2.26345 -8.88064 -19.3786
    endloop
  endfacet
  facet normal 0.553897 -0.75853 0.343264
    outer loop
      vertex -2.17057 -8.41484 -18.4985
      vertex -2.26521 -8.88182 -19.3777
      vertex -2.16769 -8.41328 -18.4997
    endloop
  endfacet
  facet normal 0.547486 -0.762021 0.345808
    outer loop
      vertex -2.17057 -8.41484 -18.4985
      vertex -2.26809 -8.88339 -19.3766
      vertex -2.26521 -8.88182 -19.3777
    endloop
  endfacet
  facet normal 0.511401 -0.78046 0.359655
    outer loop
      vertex -2.1745 -8.41677 -18.4971
      vertex -2.26809 -8.88339 -19.3766
      vertex -2.17057 -8.41484 -18.4985
    endloop
  endfacet
  facet normal 0.518024 -0.777203 0.357222
    outer loop
      vertex -2.1745 -8.41677 -18.4971
      vertex -2.27202 -8.88532 -19.3751
      vertex -2.26809 -8.88339 -19.3766
    endloop
  endfacet
  facet normal 0.495758 -0.787858 0.365381
    outer loop
      vertex -2.17945 -8.41905 -18.4953
      vertex -2.27202 -8.88532 -19.3751
      vertex -2.1745 -8.41677 -18.4971
    endloop
  endfacet
  facet normal 0.495758 -0.787858 0.365381
    outer loop
      vertex -2.17945 -8.41905 -18.4953
      vertex -2.27697 -8.8876 -19.3733
      vertex -2.27202 -8.88532 -19.3751
    endloop
  endfacet
  facet normal 0.481574 -0.794291 0.370389
    outer loop
      vertex -2.18537 -8.42166 -18.4932
      vertex -2.27697 -8.8876 -19.3733
      vertex -2.17945 -8.41905 -18.4953
    endloop
  endfacet
  facet normal 0.476799 -0.796412 0.372009
    outer loop
      vertex -2.18537 -8.42166 -18.4932
      vertex -2.28289 -8.89021 -19.3713
      vertex -2.27697 -8.8876 -19.3733
    endloop
  endfacet
  facet normal 0.466874 -0.800691 0.375395
    outer loop
      vertex -2.19221 -8.42457 -18.4909
      vertex -2.28289 -8.89021 -19.3713
      vertex -2.18537 -8.42166 -18.4932
    endloop
  endfacet
  facet normal 0.466874 -0.800691 0.375395
    outer loop
      vertex -2.19221 -8.42457 -18.4909
      vertex -2.28973 -8.89312 -19.369
      vertex -2.28289 -8.89021 -19.3713
    endloop
  endfacet
  facet normal 0.457685 -0.804541 0.37847
    outer loop
      vertex -2.19992 -8.42778 -18.4884
      vertex -2.28973 -8.89312 -19.369
      vertex -2.19221 -8.42457 -18.4909
    endloop
  endfacet
  facet normal 0.461508 -0.802936 0.377232
    outer loop
      vertex -2.19992 -8.42778 -18.4884
      vertex -2.29744 -8.89633 -19.3664
      vertex -2.28973 -8.89312 -19.369
    endloop
  endfacet
  facet normal 0.453179 -0.806372 0.37999
    outer loop
      vertex -2.20846 -8.43126 -18.4856
      vertex -2.29744 -8.89633 -19.3664
      vertex -2.19992 -8.42778 -18.4884
    endloop
  endfacet
  facet normal 0.453179 -0.806372 0.37999
    outer loop
      vertex -2.20846 -8.43126 -18.4856
      vertex -2.30598 -8.89981 -19.3636
      vertex -2.29744 -8.89633 -19.3664
    endloop
  endfacet
  facet normal 0.451043 -0.807239 0.38069
    outer loop
      vertex -2.21777 -8.435 -18.4825
      vertex -2.30598 -8.89981 -19.3636
      vertex -2.20846 -8.43126 -18.4856
    endloop
  endfacet
  facet normal 0.447124 -0.808835 0.381924
    outer loop
      vertex -2.21777 -8.435 -18.4825
      vertex -2.31529 -8.90354 -19.3606
      vertex -2.30598 -8.89981 -19.3636
    endloop
  endfacet
  facet normal 0.442355 -0.810727 0.383464
    outer loop
      vertex -2.22782 -8.43897 -18.4793
      vertex -2.31529 -8.90354 -19.3606
      vertex -2.21777 -8.435 -18.4825
    endloop
  endfacet
  facet normal 0.445382 -0.809513 0.382523
    outer loop
      vertex -2.22782 -8.43897 -18.4793
      vertex -2.32534 -8.90751 -19.3573
      vertex -2.31529 -8.90354 -19.3606
    endloop
  endfacet
  facet normal 0.43896 -0.81204 0.384585
    outer loop
      vertex -2.23855 -8.44316 -18.4759
      vertex -2.32534 -8.90751 -19.3573
      vertex -2.22782 -8.43897 -18.4793
    endloop
  endfacet
  facet normal 0.438633 -0.812169 0.384685
    outer loop
      vertex -2.23855 -8.44316 -18.4759
      vertex -2.33608 -8.9117 -19.3539
      vertex -2.32534 -8.90751 -19.3573
    endloop
  endfacet
  facet normal 0.435726 -0.813295 0.385609
    outer loop
      vertex -2.24993 -8.44755 -18.4723
      vertex -2.33608 -8.9117 -19.3539
      vertex -2.23855 -8.44316 -18.4759
    endloop
  endfacet
  facet normal 0.436033 -0.813175 0.385516
    outer loop
      vertex -2.24993 -8.44755 -18.4723
      vertex -2.34745 -8.91609 -19.3503
      vertex -2.33608 -8.9117 -19.3539
    endloop
  endfacet
  facet normal 0.433768 -0.814045 0.386232
    outer loop
      vertex -2.26189 -8.45212 -18.4685
      vertex -2.34745 -8.91609 -19.3503
      vertex -2.24993 -8.44755 -18.4723
    endloop
  endfacet
  facet normal 0.433768 -0.814045 0.386232
    outer loop
      vertex -2.26189 -8.45212 -18.4685
      vertex -2.35941 -8.92066 -19.3465
      vertex -2.34745 -8.91609 -19.3503
    endloop
  endfacet
  facet normal 0.429281 -0.815752 0.387641
    outer loop
      vertex -2.2744 -8.45685 -18.4646
      vertex -2.35941 -8.92066 -19.3465
      vertex -2.26189 -8.45212 -18.4685
    endloop
  endfacet
  facet normal 0.429808 -0.81555 0.387484
    outer loop
      vertex -2.2744 -8.45685 -18.4646
      vertex -2.37192 -8.9254 -19.3426
      vertex -2.35941 -8.92066 -19.3465
    endloop
  endfacet
  facet normal 0.428634 -0.815993 0.387851
    outer loop
      vertex -2.2874 -8.46173 -18.4605
      vertex -2.37192 -8.9254 -19.3426
      vertex -2.2744 -8.45685 -18.4646
    endloop
  endfacet
  facet normal 0.425952 -0.817018 0.388647
    outer loop
      vertex -2.2874 -8.46173 -18.4605
      vertex -2.38493 -8.93028 -19.3386
      vertex -2.37192 -8.9254 -19.3426
    endloop
  endfacet
  facet normal 0.423143 -0.818063 0.389516
    outer loop
      vertex -2.30086 -8.46674 -18.4564
      vertex -2.38493 -8.93028 -19.3386
      vertex -2.2874 -8.46173 -18.4605
    endloop
  endfacet
  facet normal 0.425747 -0.817076 0.38875
    outer loop
      vertex -2.30086 -8.46674 -18.4564
      vertex -2.39838 -8.93529 -19.3344
      vertex -2.38493 -8.93028 -19.3386
    endloop
  endfacet
  facet normal 0.422589 -0.818249 0.389727
    outer loop
      vertex -2.31472 -8.47185 -18.4521
      vertex -2.39838 -8.93529 -19.3344
      vertex -2.30086 -8.46674 -18.4564
    endloop
  endfacet
  facet normal 0.422589 -0.818249 0.389727
    outer loop
      vertex -2.31472 -8.47185 -18.4521
      vertex -2.41224 -8.9404 -19.3301
      vertex -2.39838 -8.93529 -19.3344
    endloop
  endfacet
  facet normal 0.421038 -0.818821 0.390204
    outer loop
      vertex -2.32893 -8.47706 -18.4477
      vertex -2.41224 -8.9404 -19.3301
      vertex -2.31472 -8.47185 -18.4521
    endloop
  endfacet
  facet normal 0.418797 -0.819659 0.390856
    outer loop
      vertex -2.32893 -8.47706 -18.4477
      vertex -2.42645 -8.94561 -19.3258
      vertex -2.41224 -8.9404 -19.3301
    endloop
  endfacet
  facet normal 0.416686 -0.820427 0.3915
    outer loop
      vertex -2.34346 -8.48234 -18.4433
      vertex -2.42645 -8.94561 -19.3258
      vertex -2.32893 -8.47706 -18.4477
    endloop
  endfacet
  facet normal 0.416224 -0.820598 0.391633
    outer loop
      vertex -2.34346 -8.48234 -18.4433
      vertex -2.44098 -8.95088 -19.3214
      vertex -2.42645 -8.94561 -19.3258
    endloop
  endfacet
  facet normal 0.409286 -0.823081 0.393728
    outer loop
      vertex -2.39686 -8.50124 -18.4273
      vertex -2.44098 -8.95088 -19.3214
      vertex -2.34346 -8.48234 -18.4433
    endloop
  endfacet
  facet normal 0.409897 -0.822848 0.393581
    outer loop
      vertex -2.39686 -8.50124 -18.4273
      vertex -2.49438 -8.96978 -19.3053
      vertex -2.44098 -8.95088 -19.3214
    endloop
  endfacet
  facet normal 0.39572 -0.827757 0.397775
    outer loop
      vertex -2.44972 -8.51911 -18.4119
      vertex -2.49438 -8.96978 -19.3053
      vertex -2.39686 -8.50124 -18.4273
    endloop
  endfacet
  facet normal 0.395851 -0.827709 0.397744
    outer loop
      vertex -2.44972 -8.51911 -18.4119
      vertex -2.54724 -8.98766 -19.2899
      vertex -2.49438 -8.96978 -19.3053
    endloop
  endfacet
  facet normal 0.381628 -0.832402 0.401829
    outer loop
      vertex -2.5021 -8.53598 -18.3971
      vertex -2.54724 -8.98766 -19.2899
      vertex -2.44972 -8.51911 -18.4119
    endloop
  endfacet
  facet normal 0.381566 -0.832424 0.401843
    outer loop
      vertex -2.5021 -8.53598 -18.3971
      vertex -2.59963 -9.00453 -19.2751
      vertex -2.54724 -8.98766 -19.2899
    endloop
  endfacet
  facet normal 0.367271 -0.83691 0.405825
    outer loop
      vertex -2.55411 -8.55187 -18.3828
      vertex -2.59963 -9.00453 -19.2751
      vertex -2.5021 -8.53598 -18.3971
    endloop
  endfacet
  facet normal 0.36666 -0.837113 0.405959
    outer loop
      vertex -2.55411 -8.55187 -18.3828
      vertex -2.65163 -9.02042 -19.2609
      vertex -2.59963 -9.00453 -19.2751
    endloop
  endfacet
  facet normal 0.351391 -0.841644 0.410073
    outer loop
      vertex -2.60581 -8.56678 -18.3691
      vertex -2.65163 -9.02042 -19.2609
      vertex -2.55411 -8.55187 -18.3828
    endloop
  endfacet
  facet normal 0.351391 -0.841644 0.410073
    outer loop
      vertex -2.60581 -8.56678 -18.3691
      vertex -2.70333 -9.03533 -19.2472
      vertex -2.65163 -9.02042 -19.2609
    endloop
  endfacet
  facet normal 0.335483 -0.846095 0.414214
    outer loop
      vertex -2.65729 -8.58073 -18.3559
      vertex -2.70333 -9.03533 -19.2472
      vertex -2.60581 -8.56678 -18.3691
    endloop
  endfacet
  facet normal 0.335483 -0.846095 0.414214
    outer loop
      vertex -2.65729 -8.58073 -18.3559
      vertex -2.75481 -9.04928 -19.234
      vertex -2.70333 -9.03533 -19.2472
    endloop
  endfacet
  facet normal 0.318214 -0.850622 0.418548
    outer loop
      vertex -2.70864 -8.59374 -18.3433
      vertex -2.75481 -9.04928 -19.234
      vertex -2.65729 -8.58073 -18.3559
    endloop
  endfacet
  facet normal 0.318943 -0.850419 0.418406
    outer loop
      vertex -2.70864 -8.59374 -18.3433
      vertex -2.80616 -9.06229 -19.2213
      vertex -2.75481 -9.04928 -19.234
    endloop
  endfacet
  facet normal 0.300998 -0.854805 0.42274
    outer loop
      vertex -2.75994 -8.60582 -18.3312
      vertex -2.80616 -9.06229 -19.2213
      vertex -2.70864 -8.59374 -18.3433
    endloop
  endfacet
  facet normal 0.300998 -0.854805 0.42274
    outer loop
      vertex -2.75994 -8.60582 -18.3312
      vertex -2.85746 -9.07437 -19.2092
      vertex -2.80616 -9.06229 -19.2213
    endloop
  endfacet
  facet normal 0.284252 -0.858599 0.426625
    outer loop
      vertex -2.81127 -8.617 -18.3195
      vertex -2.85746 -9.07437 -19.2092
      vertex -2.75994 -8.60582 -18.3312
    endloop
  endfacet
  facet normal 0.284099 -0.858636 0.426652
    outer loop
      vertex -2.81127 -8.617 -18.3195
      vertex -2.90879 -9.08554 -19.1975
      vertex -2.85746 -9.07437 -19.2092
    endloop
  endfacet
  facet normal 0.265909 -0.862433 0.430698
    outer loop
      vertex -2.86272 -8.62727 -18.3083
      vertex -2.90879 -9.08554 -19.1975
      vertex -2.81127 -8.617 -18.3195
    endloop
  endfacet
  facet normal 0.266064 -0.862399 0.430672
    outer loop
      vertex -2.86272 -8.62727 -18.3083
      vertex -2.96024 -9.09582 -19.1863
      vertex -2.90879 -9.08554 -19.1975
    endloop
  endfacet
  facet normal 0.248406 -0.865772 0.434434
    outer loop
      vertex -2.91437 -8.63667 -18.2975
      vertex -2.96024 -9.09582 -19.1863
      vertex -2.86272 -8.62727 -18.3083
    endloop
  endfacet
  facet normal 0.24762 -0.865935 0.434559
    outer loop
      vertex -2.91437 -8.63667 -18.2975
      vertex -3.01189 -9.10522 -19.1756
      vertex -2.96024 -9.09582 -19.1863
    endloop
  endfacet
  facet normal 0.229779 -0.869019 0.438186
    outer loop
      vertex -2.96631 -8.64521 -18.2872
      vertex -3.01189 -9.10522 -19.1756
      vertex -2.91437 -8.63667 -18.2975
    endloop
  endfacet
  facet normal 0.229622 -0.869049 0.438209
    outer loop
      vertex -2.96631 -8.64521 -18.2872
      vertex -3.06383 -9.11375 -19.1653
      vertex -3.01189 -9.10522 -19.1756
    endloop
  endfacet
  facet normal 0.211636 -0.871844 0.441698
    outer loop
      vertex -3.01861 -8.65289 -18.2773
      vertex -3.06383 -9.11375 -19.1653
      vertex -2.96631 -8.64521 -18.2872
    endloop
  endfacet
  facet normal 0.212597 -0.871679 0.441563
    outer loop
      vertex -3.01861 -8.65289 -18.2773
      vertex -3.11613 -9.12144 -19.1553
      vertex -3.06383 -9.11375 -19.1653
    endloop
  endfacet
  facet normal 0.193846 -0.874281 0.445035
    outer loop
      vertex -3.07136 -8.65975 -18.2678
      vertex -3.11613 -9.12144 -19.1553
      vertex -3.01861 -8.65289 -18.2773
    endloop
  endfacet
  facet normal 0.193846 -0.874281 0.445035
    outer loop
      vertex -3.07136 -8.65975 -18.2678
      vertex -3.16888 -9.1283 -19.1458
      vertex -3.11613 -9.12144 -19.1553
    endloop
  endfacet
  facet normal 0.175876 -0.876464 0.448195
    outer loop
      vertex -3.12465 -8.66579 -18.2587
      vertex -3.16888 -9.1283 -19.1458
      vertex -3.07136 -8.65975 -18.2678
    endloop
  endfacet
  facet normal 0.175717 -0.876486 0.448215
    outer loop
      vertex -3.12465 -8.66579 -18.2587
      vertex -3.22217 -9.13433 -19.1367
      vertex -3.16888 -9.1283 -19.1458
    endloop
  endfacet
  facet normal 0.159014 -0.878241 0.451007
    outer loop
      vertex -3.17855 -8.67103 -18.2499
      vertex -3.22217 -9.13433 -19.1367
      vertex -3.12465 -8.66579 -18.2587
    endloop
  endfacet
  facet normal 0.158985 -0.878245 0.45101
    outer loop
      vertex -3.17855 -8.67103 -18.2499
      vertex -3.27608 -9.13957 -19.1279
      vertex -3.22217 -9.13433 -19.1367
    endloop
  endfacet
  facet normal 0.142299 -0.87974 0.453662
    outer loop
      vertex -3.23316 -8.67548 -18.2414
      vertex -3.27608 -9.13957 -19.1279
      vertex -3.17855 -8.67103 -18.2499
    endloop
  endfacet
  facet normal 0.141671 -0.879807 0.453727
    outer loop
      vertex -3.23316 -8.67548 -18.2414
      vertex -3.33068 -9.14403 -19.1195
      vertex -3.27608 -9.13957 -19.1279
    endloop
  endfacet
  facet normal 0.125246 -0.88102 0.456199
    outer loop
      vertex -3.28855 -8.67916 -18.2333
      vertex -3.33068 -9.14403 -19.1195
      vertex -3.23316 -8.67548 -18.2414
    endloop
  endfacet
  facet normal 0.126031 -0.880947 0.456123
    outer loop
      vertex -3.28855 -8.67916 -18.2333
      vertex -3.38608 -9.14771 -19.1113
      vertex -3.33068 -9.14403 -19.1195
    endloop
  endfacet
  facet normal 0.109477 -0.881932 0.458487
    outer loop
      vertex -3.34482 -8.68209 -18.2255
      vertex -3.38608 -9.14771 -19.1113
      vertex -3.28855 -8.67916 -18.2333
    endloop
  endfacet
  facet normal 0.109496 -0.881931 0.458486
    outer loop
      vertex -3.34482 -8.68209 -18.2255
      vertex -3.44234 -9.15064 -19.1035
      vertex -3.38608 -9.14771 -19.1113
    endloop
  endfacet
  facet normal 0.094164 -0.882621 0.460557
    outer loop
      vertex -3.40203 -8.68428 -18.218
      vertex -3.44234 -9.15064 -19.1035
      vertex -3.34482 -8.68209 -18.2255
    endloop
  endfacet
  facet normal 0.094164 -0.882621 0.460557
    outer loop
      vertex -3.40203 -8.68428 -18.218
      vertex -3.49955 -9.15283 -19.096
      vertex -3.44234 -9.15064 -19.1035
    endloop
  endfacet
  facet normal 0.0710902 -0.883261 0.463461
    outer loop
      vertex -3.43314 -8.68479 -18.2142
      vertex -3.49955 -9.15283 -19.096
      vertex -3.40203 -8.68428 -18.218
    endloop
  endfacet
  facet normal 0.0693366 -0.883316 0.463623
    outer loop
      vertex -3.43314 -8.68479 -18.2142
      vertex -3.53066 -9.15333 -19.0923
      vertex -3.49955 -9.15283 -19.096
    endloop
  endfacet
  facet normal 0.0487758 -0.883451 0.465978
    outer loop
      vertex -3.46722 -8.68472 -18.2105
      vertex -3.53066 -9.15333 -19.0923
      vertex -3.43314 -8.68479 -18.2142
    endloop
  endfacet
  facet normal 0.050388 -0.883428 0.46585
    outer loop
      vertex -3.46722 -8.68472 -18.2105
      vertex -3.56474 -9.15327 -19.0885
      vertex -3.53066 -9.15333 -19.0923
    endloop
  endfacet
  facet normal 0.0339663 -0.883288 0.467599
    outer loop
      vertex -3.50393 -8.68412 -18.2067
      vertex -3.56474 -9.15327 -19.0885
      vertex -3.46722 -8.68472 -18.2105
    endloop
  endfacet
  facet normal 0.0324625 -0.883289 0.467704
    outer loop
      vertex -3.50393 -8.68412 -18.2067
      vertex -3.60145 -9.15266 -19.0848
      vertex -3.56474 -9.15327 -19.0885
    endloop
  endfacet
  facet normal 0.019149 -0.882981 0.469018
    outer loop
      vertex -3.54291 -8.683 -18.203
      vertex -3.60145 -9.15266 -19.0848
      vertex -3.50393 -8.68412 -18.2067
    endloop
  endfacet
  facet normal 0.0193741 -0.882983 0.469004
    outer loop
      vertex -3.54291 -8.683 -18.203
      vertex -3.64043 -9.15155 -19.0811
      vertex -3.60145 -9.15266 -19.0848
    endloop
  endfacet
  facet normal 0.00799688 -0.882597 0.470062
    outer loop
      vertex -3.58381 -8.6814 -18.1993
      vertex -3.64043 -9.15155 -19.0811
      vertex -3.54291 -8.683 -18.203
    endloop
  endfacet
  facet normal 0.00778229 -0.882593 0.470073
    outer loop
      vertex -3.58381 -8.6814 -18.1993
      vertex -3.68133 -9.14994 -19.0774
      vertex -3.64043 -9.15155 -19.0811
    endloop
  endfacet
  facet normal -0.00286086 -0.882126 0.471006
    outer loop
      vertex -3.6263 -8.67934 -18.1957
      vertex -3.68133 -9.14994 -19.0774
      vertex -3.58381 -8.6814 -18.1993
    endloop
  endfacet
  facet normal -0.00175841 -0.882156 0.470953
    outer loop
      vertex -3.6263 -8.67934 -18.1957
      vertex -3.72382 -9.14788 -19.0737
      vertex -3.68133 -9.14994 -19.0774
    endloop
  endfacet
  facet normal -0.0124395 -0.881596 0.471841
    outer loop
      vertex -3.67001 -8.67685 -18.1922
      vertex -3.72382 -9.14788 -19.0737
      vertex -3.6263 -8.67934 -18.1957
    endloop
  endfacet
  facet normal -0.0124395 -0.881596 0.471841
    outer loop
      vertex -3.67001 -8.67685 -18.1922
      vertex -3.76753 -9.14539 -19.0702
      vertex -3.72382 -9.14788 -19.0737
    endloop
  endfacet
  facet normal -0.0212704 -0.881056 0.472533
    outer loop
      vertex -3.7146 -8.67395 -18.1888
      vertex -3.76753 -9.14539 -19.0702
      vertex -3.67001 -8.67685 -18.1922
    endloop
  endfacet
  facet normal -0.0210693 -0.881065 0.472526
    outer loop
      vertex -3.7146 -8.67395 -18.1888
      vertex -3.81213 -9.1425 -19.0668
      vertex -3.76753 -9.14539 -19.0702
    endloop
  endfacet
  facet normal -0.0292028 -0.880507 0.473132
    outer loop
      vertex -3.75973 -8.67068 -18.1855
      vertex -3.81213 -9.1425 -19.0668
      vertex -3.7146 -8.67395 -18.1888
    endloop
  endfacet
  facet normal -0.0292093 -0.880507 0.473132
    outer loop
      vertex -3.75973 -8.67068 -18.1855
      vertex -3.85725 -9.13923 -19.0635
      vertex -3.81213 -9.1425 -19.0668
    endloop
  endfacet
  facet normal -0.0376902 -0.879863 0.47373
    outer loop
      vertex -3.80504 -8.66707 -18.1824
      vertex -3.85725 -9.13923 -19.0635
      vertex -3.75973 -8.67068 -18.1855
    endloop
  endfacet
  facet normal -0.0376902 -0.879863 0.47373
    outer loop
      vertex -3.80504 -8.66707 -18.1824
      vertex -3.90256 -9.13562 -19.0604
      vertex -3.85725 -9.13923 -19.0635
    endloop
  endfacet
  facet normal -0.0462541 -0.879147 0.4743
    outer loop
      vertex -3.85019 -8.66313 -18.1795
      vertex -3.90256 -9.13562 -19.0604
      vertex -3.80504 -8.66707 -18.1824
    endloop
  endfacet
  facet normal -0.0462541 -0.879147 0.4743
    outer loop
      vertex -3.85019 -8.66313 -18.1795
      vertex -3.94771 -9.13168 -19.0575
      vertex -3.90256 -9.13562 -19.0604
    endloop
  endfacet
  facet normal -0.0545284 -0.878394 0.474817
    outer loop
      vertex -3.89482 -8.6589 -18.1768
      vertex -3.94771 -9.13168 -19.0575
      vertex -3.85019 -8.66313 -18.1795
    endloop
  endfacet
  facet normal -0.0545284 -0.878394 0.474817
    outer loop
      vertex -3.89482 -8.6589 -18.1768
      vertex -3.99234 -9.12745 -19.0548
      vertex -3.94771 -9.13168 -19.0575
    endloop
  endfacet
  facet normal -0.0628749 -0.877572 0.475305
    outer loop
      vertex -3.93859 -8.65441 -18.1743
      vertex -3.99234 -9.12745 -19.0548
      vertex -3.89482 -8.6589 -18.1768
    endloop
  endfacet
  facet normal -0.0639508 -0.877484 0.475323
    outer loop
      vertex -3.93859 -8.65441 -18.1743
      vertex -4.03611 -9.12296 -19.0524
      vertex -3.99234 -9.12745 -19.0548
    endloop
  endfacet
  facet normal -0.0728205 -0.876533 0.475801
    outer loop
      vertex -3.98115 -8.64968 -18.1721
      vertex -4.03611 -9.12296 -19.0524
      vertex -3.93859 -8.65441 -18.1743
    endloop
  endfacet
  facet normal -0.0728205 -0.876533 0.475801
    outer loop
      vertex -3.98115 -8.64968 -18.1721
      vertex -4.07867 -9.11823 -19.0502
      vertex -4.03611 -9.12296 -19.0524
    endloop
  endfacet
  facet normal -0.0833905 -0.875308 0.476321
    outer loop
      vertex -4.02215 -8.64474 -18.1702
      vertex -4.07867 -9.11823 -19.0502
      vertex -3.98115 -8.64968 -18.1721
    endloop
  endfacet
  facet normal -0.0822432 -0.875423 0.47631
    outer loop
      vertex -4.02215 -8.64474 -18.1702
      vertex -4.11967 -9.11329 -19.0482
      vertex -4.07867 -9.11823 -19.0502
    endloop
  endfacet
  facet normal -0.0949355 -0.873832 0.47687
    outer loop
      vertex -4.06124 -8.63962 -18.1686
      vertex -4.11967 -9.11329 -19.0482
      vertex -4.02215 -8.64474 -18.1702
    endloop
  endfacet
  facet normal -0.0951557 -0.873807 0.476872
    outer loop
      vertex -4.06124 -8.63962 -18.1686
      vertex -4.15876 -9.10816 -19.0466
      vertex -4.11967 -9.11329 -19.0482
    endloop
  endfacet
  facet normal -0.108136 -0.872027 0.477363
    outer loop
      vertex -4.09808 -8.63434 -18.1673
      vertex -4.15876 -9.10816 -19.0466
      vertex -4.06124 -8.63962 -18.1686
    endloop
  endfacet
  facet normal -0.109176 -0.871896 0.477365
    outer loop
      vertex -4.09808 -8.63434 -18.1673
      vertex -4.1956 -9.10289 -19.0454
      vertex -4.15876 -9.10816 -19.0466
    endloop
  endfacet
  facet normal -0.124616 -0.869565 0.477836
    outer loop
      vertex -4.13231 -8.62894 -18.1664
      vertex -4.1956 -9.10289 -19.0454
      vertex -4.09808 -8.63434 -18.1673
    endloop
  endfacet
  facet normal -0.123463 -0.869727 0.47784
    outer loop
      vertex -4.13231 -8.62894 -18.1664
      vertex -4.22984 -9.09748 -19.0444
      vertex -4.1956 -9.10289 -19.0454
    endloop
  endfacet
  facet normal -0.144927 -0.866148 0.478314
    outer loop
      vertex -4.16359 -8.62343 -18.1659
      vertex -4.22984 -9.09748 -19.0444
      vertex -4.13231 -8.62894 -18.1664
    endloop
  endfacet
  facet normal -0.144658 -0.866191 0.478317
    outer loop
      vertex -4.16359 -8.62343 -18.1659
      vertex -4.26112 -9.09198 -19.0439
      vertex -4.22984 -9.09748 -19.0444
    endloop
  endfacet
  facet normal -0.168137 -0.861796 0.478579
    outer loop
      vertex -4.19157 -8.61786 -18.1657
      vertex -4.26112 -9.09198 -19.0439
      vertex -4.16359 -8.62343 -18.1659
    endloop
  endfacet
  facet normal -0.170143 -0.861425 0.478538
    outer loop
      vertex -4.19157 -8.61786 -18.1657
      vertex -4.28909 -9.0864 -19.0438
      vertex -4.26112 -9.09198 -19.0439
    endloop
  endfacet
  facet normal -0.19018 -0.857231 0.478526
    outer loop
      vertex -4.24673 -8.60579 -18.166
      vertex -4.28909 -9.0864 -19.0438
      vertex -4.19157 -8.61786 -18.1657
    endloop
  endfacet
  facet normal -0.19018 -0.857231 0.478526
    outer loop
      vertex -4.24673 -8.60579 -18.166
      vertex -4.34425 -9.07433 -19.0441
      vertex -4.28909 -9.0864 -19.0438
    endloop
  endfacet
  facet normal -0.206612 -0.85351 0.478365
    outer loop
      vertex -4.3015 -8.59298 -18.1668
      vertex -4.34425 -9.07433 -19.0441
      vertex -4.24673 -8.60579 -18.166
    endloop
  endfacet
  facet normal -0.205631 -0.853711 0.478428
    outer loop
      vertex -4.3015 -8.59298 -18.1668
      vertex -4.39902 -9.06153 -19.0448
      vertex -4.34425 -9.07433 -19.0441
    endloop
  endfacet
  facet normal -0.221978 -0.849769 0.47814
    outer loop
      vertex -4.35588 -8.57945 -18.168
      vertex -4.39902 -9.06153 -19.0448
      vertex -4.3015 -8.59298 -18.1668
    endloop
  endfacet
  facet normal -0.221939 -0.849778 0.478143
    outer loop
      vertex -4.35588 -8.57945 -18.168
      vertex -4.45341 -9.048 -19.046
      vertex -4.39902 -9.06153 -19.0448
    endloop
  endfacet
  facet normal -0.237588 -0.845764 0.477739
    outer loop
      vertex -4.40986 -8.56519 -18.1696
      vertex -4.45341 -9.048 -19.046
      vertex -4.35588 -8.57945 -18.168
    endloop
  endfacet
  facet normal -0.237629 -0.845755 0.477736
    outer loop
      vertex -4.40986 -8.56519 -18.1696
      vertex -4.50738 -9.03374 -19.0476
      vertex -4.45341 -9.048 -19.046
    endloop
  endfacet
  facet normal -0.253126 -0.841545 0.47721
    outer loop
      vertex -4.4634 -8.55022 -18.1716
      vertex -4.50738 -9.03374 -19.0476
      vertex -4.40986 -8.56519 -18.1696
    endloop
  endfacet
  facet normal -0.254058 -0.841311 0.477128
    outer loop
      vertex -4.4634 -8.55022 -18.1716
      vertex -4.56093 -9.01876 -19.0497
      vertex -4.50738 -9.03374 -19.0476
    endloop
  endfacet
  facet normal -0.2696 -0.836837 0.476467
    outer loop
      vertex -4.51652 -8.53453 -18.1741
      vertex -4.56093 -9.01876 -19.0497
      vertex -4.4634 -8.55022 -18.1716
    endloop
  endfacet
  facet normal -0.268818 -0.837045 0.476542
    outer loop
      vertex -4.51652 -8.53453 -18.1741
      vertex -4.61404 -9.00307 -19.0521
      vertex -4.56093 -9.01876 -19.0497
    endloop
  endfacet
  facet normal -0.285515 -0.831983 0.475695
    outer loop
      vertex -4.56917 -8.51812 -18.177
      vertex -4.61404 -9.00307 -19.0521
      vertex -4.51652 -8.53453 -18.1741
    endloop
  endfacet
  facet normal -0.285321 -0.832038 0.475716
    outer loop
      vertex -4.56917 -8.51812 -18.177
      vertex -4.6667 -8.98667 -19.055
      vertex -4.61404 -9.00307 -19.0521
    endloop
  endfacet
  facet normal -0.300945 -0.827048 0.474789
    outer loop
      vertex -4.62137 -8.50102 -18.1803
      vertex -4.6667 -8.98667 -19.055
      vertex -4.56917 -8.51812 -18.177
    endloop
  endfacet
  facet normal -0.301963 -0.826743 0.474672
    outer loop
      vertex -4.62137 -8.50102 -18.1803
      vertex -4.71889 -8.96956 -19.0584
      vertex -4.6667 -8.98667 -19.055
    endloop
  endfacet
  facet normal -0.317723 -0.821439 0.473592
    outer loop
      vertex -4.67308 -8.48321 -18.1841
      vertex -4.71889 -8.96956 -19.0584
      vertex -4.62137 -8.50102 -18.1803
    endloop
  endfacet
  facet normal -0.316904 -0.821697 0.473693
    outer loop
      vertex -4.67308 -8.48321 -18.1841
      vertex -4.7706 -8.95175 -19.0621
      vertex -4.71889 -8.96956 -19.0584
    endloop
  endfacet
  facet normal -0.333618 -0.815802 0.472404
    outer loop
      vertex -4.72429 -8.4647 -18.1883
      vertex -4.7706 -8.95175 -19.0621
      vertex -4.67308 -8.48321 -18.1841
    endloop
  endfacet
  facet normal -0.333478 -0.815849 0.472422
    outer loop
      vertex -4.72429 -8.4647 -18.1883
      vertex -4.82181 -8.93325 -19.0663
      vertex -4.7706 -8.95175 -19.0621
    endloop
  endfacet
  facet normal -0.349399 -0.809959 0.471048
    outer loop
      vertex -4.775 -8.4455 -18.1929
      vertex -4.82181 -8.93325 -19.0663
      vertex -4.72429 -8.4647 -18.1883
    endloop
  endfacet
  facet normal -0.349399 -0.809959 0.471048
    outer loop
      vertex -4.775 -8.4455 -18.1929
      vertex -4.87252 -8.91405 -19.0709
      vertex -4.82181 -8.93325 -19.0663
    endloop
  endfacet
  facet normal -0.36524 -0.803827 0.469534
    outer loop
      vertex -4.82518 -8.42562 -18.1979
      vertex -4.87252 -8.91405 -19.0709
      vertex -4.775 -8.4455 -18.1929
    endloop
  endfacet
  facet normal -0.366046 -0.803531 0.469413
    outer loop
      vertex -4.82518 -8.42562 -18.1979
      vertex -4.9227 -8.89417 -19.076
      vertex -4.87252 -8.91405 -19.0709
    endloop
  endfacet
  facet normal -0.382094 -0.79702 0.467721
    outer loop
      vertex -4.87482 -8.40505 -18.2034
      vertex -4.9227 -8.89417 -19.076
      vertex -4.82518 -8.42562 -18.1979
    endloop
  endfacet
  facet normal -0.381294 -0.797328 0.467849
    outer loop
      vertex -4.87482 -8.40505 -18.2034
      vertex -4.97234 -8.8736 -19.0814
      vertex -4.9227 -8.89417 -19.076
    endloop
  endfacet
  facet normal -0.398137 -0.790197 0.465914
    outer loop
      vertex -4.9239 -8.3838 -18.2093
      vertex -4.97234 -8.8736 -19.0814
      vertex -4.87482 -8.40505 -18.2034
    endloop
  endfacet
  facet normal -0.398137 -0.790197 0.465914
    outer loop
      vertex -4.9239 -8.3838 -18.2093
      vertex -5.02142 -8.85235 -19.0873
      vertex -4.97234 -8.8736 -19.0814
    endloop
  endfacet
  facet normal -0.414047 -0.783159 0.463926
    outer loop
      vertex -4.97242 -8.36188 -18.2156
      vertex -5.02142 -8.85235 -19.0873
      vertex -4.9239 -8.3838 -18.2093
    endloop
  endfacet
  facet normal -0.414047 -0.783159 0.463926
    outer loop
      vertex -4.97242 -8.36188 -18.2156
      vertex -5.06994 -8.83043 -19.0936
      vertex -5.02142 -8.85235 -19.0873
    endloop
  endfacet
  facet normal -0.430157 -0.775727 0.461749
    outer loop
      vertex -5.02035 -8.33929 -18.2223
      vertex -5.06994 -8.83043 -19.0936
      vertex -4.97242 -8.36188 -18.2156
    endloop
  endfacet
  facet normal -0.430864 -0.775415 0.461614
    outer loop
      vertex -5.02035 -8.33929 -18.2223
      vertex -5.11788 -8.80784 -19.1004
      vertex -5.06994 -8.83043 -19.0936
    endloop
  endfacet
  facet normal -0.446889 -0.767696 0.459275
    outer loop
      vertex -5.06769 -8.31604 -18.2295
      vertex -5.11788 -8.80784 -19.1004
      vertex -5.02035 -8.33929 -18.2223
    endloop
  endfacet
  facet normal -0.446192 -0.768017 0.459416
    outer loop
      vertex -5.06769 -8.31604 -18.2295
      vertex -5.16521 -8.78459 -19.1075
      vertex -5.11788 -8.80784 -19.1004
    endloop
  endfacet
  facet normal -0.462198 -0.760001 0.456916
    outer loop
      vertex -5.11442 -8.29213 -18.237
      vertex -5.16521 -8.78459 -19.1075
      vertex -5.06769 -8.31604 -18.2295
    endloop
  endfacet
  facet normal -0.462961 -0.759634 0.456753
    outer loop
      vertex -5.11442 -8.29213 -18.237
      vertex -5.21194 -8.76068 -19.1151
      vertex -5.16521 -8.78459 -19.1075
    endloop
  endfacet
  facet normal -0.479148 -0.751177 0.454038
    outer loop
      vertex -5.16052 -8.26756 -18.245
      vertex -5.21194 -8.76068 -19.1151
      vertex -5.11442 -8.29213 -18.237
    endloop
  endfacet
  facet normal -0.479148 -0.751177 0.454038
    outer loop
      vertex -5.16052 -8.26756 -18.245
      vertex -5.25804 -8.73611 -19.1231
      vertex -5.21194 -8.76068 -19.1151
    endloop
  endfacet
  facet normal -0.495322 -0.74238 0.45114
    outer loop
      vertex -5.20597 -8.24234 -18.2534
      vertex -5.25804 -8.73611 -19.1231
      vertex -5.16052 -8.26756 -18.245
    endloop
  endfacet
  facet normal -0.495241 -0.742423 0.451159
    outer loop
      vertex -5.20597 -8.24234 -18.2534
      vertex -5.3035 -8.71089 -19.1315
      vertex -5.25804 -8.73611 -19.1231
    endloop
  endfacet
  facet normal -0.511138 -0.73343 0.448127
    outer loop
      vertex -5.22425 -8.2318 -18.257
      vertex -5.3035 -8.71089 -19.1315
      vertex -5.20597 -8.24234 -18.2534
    endloop
  endfacet
  facet normal -0.511343 -0.733315 0.448082
    outer loop
      vertex -5.22425 -8.2318 -18.257
      vertex -5.32177 -8.70035 -19.1351
      vertex -5.3035 -8.71089 -19.1315
    endloop
  endfacet
  facet normal -0.522666 -0.72669 0.445805
    outer loop
      vertex -5.2446 -8.21974 -18.2612
      vertex -5.32177 -8.70035 -19.1351
      vertex -5.22425 -8.2318 -18.257
    endloop
  endfacet
  facet normal -0.522923 -0.726541 0.445746
    outer loop
      vertex -5.2446 -8.21974 -18.2612
      vertex -5.34212 -8.68828 -19.1393
      vertex -5.32177 -8.70035 -19.1351
    endloop
  endfacet
  facet normal -0.530804 -0.721818 0.444101
    outer loop
      vertex -5.2667 -8.20638 -18.2659
      vertex -5.34212 -8.68828 -19.1393
      vertex -5.2446 -8.21974 -18.2612
    endloop
  endfacet
  facet normal -0.52914 -0.722796 0.444496
    outer loop
      vertex -5.2667 -8.20638 -18.2659
      vertex -5.36422 -8.67493 -19.1439
      vertex -5.34212 -8.68828 -19.1393
    endloop
  endfacet
  facet normal -0.536728 -0.718181 0.442876
    outer loop
      vertex -5.29023 -8.19194 -18.271
      vertex -5.36422 -8.67493 -19.1439
      vertex -5.2667 -8.20638 -18.2659
    endloop
  endfacet
  facet normal -0.536943 -0.718053 0.442824
    outer loop
      vertex -5.29023 -8.19194 -18.271
      vertex -5.38775 -8.66048 -19.149
      vertex -5.36422 -8.67493 -19.1439
    endloop
  endfacet
  facet normal -0.541675 -0.71513 0.441789
    outer loop
      vertex -5.31486 -8.17662 -18.2764
      vertex -5.38775 -8.66048 -19.149
      vertex -5.29023 -8.19194 -18.271
    endloop
  endfacet
  facet normal -0.542725 -0.714496 0.441526
    outer loop
      vertex -5.31486 -8.17662 -18.2764
      vertex -5.41238 -8.64517 -19.1545
      vertex -5.38775 -8.66048 -19.149
    endloop
  endfacet
  facet normal -0.546449 -0.712166 0.440696
    outer loop
      vertex -5.34027 -8.16065 -18.2821
      vertex -5.41238 -8.64517 -19.1545
      vertex -5.31486 -8.17662 -18.2764
    endloop
  endfacet
  facet normal -0.546449 -0.712166 0.440696
    outer loop
      vertex -5.34027 -8.16065 -18.2821
      vertex -5.43779 -8.6292 -19.1602
      vertex -5.41238 -8.64517 -19.1545
    endloop
  endfacet
  facet normal -0.550738 -0.709457 0.439726
    outer loop
      vertex -5.36612 -8.14424 -18.288
      vertex -5.43779 -8.6292 -19.1602
      vertex -5.34027 -8.16065 -18.2821
    endloop
  endfacet
  facet normal -0.550927 -0.70934 0.439677
    outer loop
      vertex -5.36612 -8.14424 -18.288
      vertex -5.46364 -8.61278 -19.1661
      vertex -5.43779 -8.6292 -19.1602
    endloop
  endfacet
  facet normal -0.55464 -0.70697 0.438825
    outer loop
      vertex -5.39209 -8.12759 -18.294
      vertex -5.46364 -8.61278 -19.1661
      vertex -5.36612 -8.14424 -18.288
    endloop
  endfacet
  facet normal -0.553294 -0.707805 0.439179
    outer loop
      vertex -5.39209 -8.12759 -18.294
      vertex -5.48961 -8.59614 -19.172
      vertex -5.46364 -8.61278 -19.1661
    endloop
  endfacet
  facet normal -0.557711 -0.704967 0.438155
    outer loop
      vertex -5.41785 -8.11094 -18.3
      vertex -5.48961 -8.59614 -19.172
      vertex -5.39209 -8.12759 -18.294
    endloop
  endfacet
  facet normal -0.558869 -0.704241 0.437847
    outer loop
      vertex -5.41785 -8.11094 -18.3
      vertex -5.51537 -8.57949 -19.1781
      vertex -5.48961 -8.59614 -19.172
    endloop
  endfacet
  facet normal -0.561895 -0.702274 0.437133
    outer loop
      vertex -5.44309 -8.09448 -18.306
      vertex -5.51537 -8.57949 -19.1781
      vertex -5.41785 -8.11094 -18.3
    endloop
  endfacet
  facet normal -0.561895 -0.702274 0.437133
    outer loop
      vertex -5.44309 -8.09448 -18.306
      vertex -5.54061 -8.56303 -19.1841
      vertex -5.51537 -8.57949 -19.1781
    endloop
  endfacet
  facet normal -0.566032 -0.699561 0.436145
    outer loop
      vertex -5.46746 -8.07844 -18.3119
      vertex -5.54061 -8.56303 -19.1841
      vertex -5.44309 -8.09448 -18.306
    endloop
  endfacet
  facet normal -0.564827 -0.700331 0.436471
    outer loop
      vertex -5.46746 -8.07844 -18.3119
      vertex -5.56498 -8.54699 -19.1899
      vertex -5.54061 -8.56303 -19.1841
    endloop
  endfacet
  facet normal -0.568802 -0.697706 0.435512
    outer loop
      vertex -5.49065 -8.06303 -18.3175
      vertex -5.56498 -8.54699 -19.1899
      vertex -5.46746 -8.07844 -18.3119
    endloop
  endfacet
  facet normal -0.570258 -0.696765 0.435114
    outer loop
      vertex -5.49065 -8.06303 -18.3175
      vertex -5.58817 -8.53157 -19.1956
      vertex -5.56498 -8.54699 -19.1899
    endloop
  endfacet
  facet normal -0.574691 -0.693797 0.434023
    outer loop
      vertex -5.51233 -8.04845 -18.3229
      vertex -5.58817 -8.53157 -19.1956
      vertex -5.49065 -8.06303 -18.3175
    endloop
  endfacet
  facet normal -0.57315 -0.694806 0.434447
    outer loop
      vertex -5.51233 -8.04845 -18.3229
      vertex -5.60985 -8.517 -19.2009
      vertex -5.58817 -8.53157 -19.1956
    endloop
  endfacet
  facet normal -0.579364 -0.690607 0.432897
    outer loop
      vertex -5.53217 -8.03494 -18.3279
      vertex -5.60985 -8.517 -19.2009
      vertex -5.51233 -8.04845 -18.3229
    endloop
  endfacet
  facet normal -0.579593 -0.690455 0.432833
    outer loop
      vertex -5.53217 -8.03494 -18.3279
      vertex -5.62969 -8.50348 -19.2059
      vertex -5.60985 -8.517 -19.2009
    endloop
  endfacet
  facet normal -0.586995 -0.685367 0.43094
    outer loop
      vertex -5.54985 -8.02269 -18.3325
      vertex -5.62969 -8.50348 -19.2059
      vertex -5.53217 -8.03494 -18.3279
    endloop
  endfacet
  facet normal -0.586744 -0.685537 0.431011
    outer loop
      vertex -5.54985 -8.02269 -18.3325
      vertex -5.64737 -8.49124 -19.2105
      vertex -5.62969 -8.50348 -19.2059
    endloop
  endfacet
  facet normal -0.594644 -0.680008 0.428938
    outer loop
      vertex -5.56504 -8.01193 -18.3365
      vertex -5.64737 -8.49124 -19.2105
      vertex -5.54985 -8.02269 -18.3325
    endloop
  endfacet
  facet normal -0.596442 -0.678757 0.428421
    outer loop
      vertex -5.56504 -8.01193 -18.3365
      vertex -5.66256 -8.48048 -19.2146
      vertex -5.64737 -8.49124 -19.2105
    endloop
  endfacet
  facet normal -0.610083 -0.668912 0.424683
    outer loop
      vertex -5.57741 -8.00287 -18.34
      vertex -5.66256 -8.48048 -19.2146
      vertex -5.56504 -8.01193 -18.3365
    endloop
  endfacet
  facet normal -0.607951 -0.67045 0.425315
    outer loop
      vertex -5.57741 -8.00287 -18.34
      vertex -5.67493 -8.47142 -19.218
      vertex -5.66256 -8.48048 -19.2146
    endloop
  endfacet
  facet normal -0.632555 -0.65193 0.418165
    outer loop
      vertex -5.58663 -7.99572 -18.3428
      vertex -5.67493 -8.47142 -19.218
      vertex -5.57741 -8.00287 -18.34
    endloop
  endfacet
  facet normal -0.63215 -0.652241 0.418293
    outer loop
      vertex -5.58663 -7.99572 -18.3428
      vertex -5.68416 -8.46427 -19.2208
      vertex -5.67493 -8.47142 -19.218
    endloop
  endfacet
  facet normal -0.676741 -0.615655 0.403721
    outer loop
      vertex -5.59239 -7.9907 -18.3448
      vertex -5.68416 -8.46427 -19.2208
      vertex -5.58663 -7.99572 -18.3428
    endloop
  endfacet
  facet normal -0.681079 -0.611893 0.402142
    outer loop
      vertex -5.59239 -7.9907 -18.3448
      vertex -5.68991 -8.45925 -19.2229
      vertex -5.68416 -8.46427 -19.2208
    endloop
  endfacet
  facet normal -0.825796 -0.454327 0.334138
    outer loop
      vertex -5.59435 -7.98802 -18.346
      vertex -5.68991 -8.45925 -19.2229
      vertex -5.59239 -7.9907 -18.3448
    endloop
  endfacet
  facet normal -0.826509 -0.453355 0.333694
    outer loop
      vertex -5.59435 -7.98802 -18.346
      vertex -5.69187 -8.45656 -19.2241
      vertex -5.68991 -8.45925 -19.2229
    endloop
  endfacet
  facet normal -0.891624 0.433087 -0.132066
    outer loop
      vertex -5.58857 -7.97795 -18.352
      vertex -5.69187 -8.45656 -19.2241
      vertex -5.59435 -7.98802 -18.346
    endloop
  endfacet
  facet normal -0.891478 0.433341 -0.132223
    outer loop
      vertex -5.58857 -7.97795 -18.352
      vertex -5.68609 -8.4465 -19.2301
      vertex -5.69187 -8.45656 -19.2241
    endloop
  endfacet
  facet normal -0.847477 0.501653 -0.173569
    outer loop
      vertex -5.62816 -9.53638 -17.516
      vertex -5.7276 -10.0076 -18.3924
      vertex -5.63008 -9.53907 -17.5144
    endloop
  endfacet
  facet normal -0.850595 0.497285 -0.170867
    outer loop
      vertex -5.62816 -9.53638 -17.516
      vertex -5.72568 -10.0049 -18.3941
      vertex -5.7276 -10.0076 -18.3924
    endloop
  endfacet
  facet normal -0.668158 0.684698 -0.291124
    outer loop
      vertex -5.62548 -9.53436 -17.5174
      vertex -5.72568 -10.0049 -18.3941
      vertex -5.62816 -9.53638 -17.516
    endloop
  endfacet
  facet normal -0.659313 0.691291 -0.295674
    outer loop
      vertex -5.62548 -9.53436 -17.5174
      vertex -5.723 -10.0029 -18.3954
      vertex -5.72568 -10.0049 -18.3941
    endloop
  endfacet
  facet normal -0.576965 0.745474 -0.333735
    outer loop
      vertex -5.61475 -9.52807 -17.5219
      vertex -5.723 -10.0029 -18.3954
      vertex -5.62548 -9.53436 -17.5174
    endloop
  endfacet
  facet normal -0.578547 0.744558 -0.33304
    outer loop
      vertex -5.61475 -9.52807 -17.5219
      vertex -5.71227 -9.99662 -18.4
      vertex -5.723 -10.0029 -18.3954
    endloop
  endfacet
  facet normal -0.563464 0.75323 -0.339343
    outer loop
      vertex -5.60196 -9.52089 -17.5272
      vertex -5.71227 -9.99662 -18.4
      vertex -5.61475 -9.52807 -17.5219
    endloop
  endfacet
  facet normal -0.561677 0.754219 -0.340108
    outer loop
      vertex -5.60196 -9.52089 -17.5272
      vertex -5.69948 -9.98944 -18.4052
      vertex -5.71227 -9.99662 -18.4
    endloop
  endfacet
  facet normal -0.552461 0.759312 -0.343849
    outer loop
      vertex -5.58732 -9.51291 -17.5331
      vertex -5.69948 -9.98944 -18.4052
      vertex -5.60196 -9.52089 -17.5272
    endloop
  endfacet
  facet normal -0.552461 0.759312 -0.343849
    outer loop
      vertex -5.58732 -9.51291 -17.5331
      vertex -5.68484 -9.98146 -18.4111
      vertex -5.69948 -9.98944 -18.4052
    endloop
  endfacet
  facet normal -0.542821 0.764499 -0.347688
    outer loop
      vertex -5.57101 -9.50424 -17.5395
      vertex -5.68484 -9.98146 -18.4111
      vertex -5.58732 -9.51291 -17.5331
    endloop
  endfacet
  facet normal -0.544298 0.763728 -0.347073
    outer loop
      vertex -5.57101 -9.50424 -17.5395
      vertex -5.66853 -9.97279 -18.4176
      vertex -5.68484 -9.98146 -18.4111
    endloop
  endfacet
  facet normal -0.536719 0.767724 -0.350047
    outer loop
      vertex -5.55325 -9.49497 -17.5464
      vertex -5.66853 -9.97279 -18.4176
      vertex -5.57101 -9.50424 -17.5395
    endloop
  endfacet
  facet normal -0.537022 0.767569 -0.349922
    outer loop
      vertex -5.55325 -9.49497 -17.5464
      vertex -5.65077 -9.96351 -18.4245
      vertex -5.66853 -9.97279 -18.4176
    endloop
  endfacet
  facet normal -0.532561 0.769883 -0.351652
    outer loop
      vertex -5.53424 -9.4852 -17.5538
      vertex -5.65077 -9.96351 -18.4245
      vertex -5.55325 -9.49497 -17.5464
    endloop
  endfacet
  facet normal -0.531255 0.77054 -0.352188
    outer loop
      vertex -5.53424 -9.4852 -17.5538
      vertex -5.63176 -9.95374 -18.4318
      vertex -5.65077 -9.96351 -18.4245
    endloop
  endfacet
  facet normal -0.525955 0.773241 -0.354218
    outer loop
      vertex -5.51417 -9.47503 -17.5614
      vertex -5.63176 -9.95374 -18.4318
      vertex -5.53424 -9.4852 -17.5538
    endloop
  endfacet
  facet normal -0.527209 0.77262 -0.353707
    outer loop
      vertex -5.51417 -9.47503 -17.5614
      vertex -5.61169 -9.94357 -18.4395
      vertex -5.63176 -9.95374 -18.4318
    endloop
  endfacet
  facet normal -0.522668 0.77491 -0.355433
    outer loop
      vertex -5.49326 -9.46455 -17.5693
      vertex -5.61169 -9.94357 -18.4395
      vertex -5.51417 -9.47503 -17.5614
    endloop
  endfacet
  facet normal -0.522402 0.77504 -0.355541
    outer loop
      vertex -5.49326 -9.46455 -17.5693
      vertex -5.59078 -9.9331 -18.4474
      vertex -5.61169 -9.94357 -18.4395
    endloop
  endfacet
  facet normal -0.518438 0.777013 -0.357034
    outer loop
      vertex -5.47169 -9.45388 -17.5774
      vertex -5.59078 -9.9331 -18.4474
      vertex -5.49326 -9.46455 -17.5693
    endloop
  endfacet
  facet normal -0.518611 0.77693 -0.356964
    outer loop
      vertex -5.47169 -9.45388 -17.5774
      vertex -5.56922 -9.92243 -18.4555
      vertex -5.59078 -9.9331 -18.4474
    endloop
  endfacet
  facet normal -0.515087 0.778665 -0.358282
    outer loop
      vertex -5.44969 -9.4431 -17.5856
      vertex -5.56922 -9.92243 -18.4555
      vertex -5.47169 -9.45388 -17.5774
    endloop
  endfacet
  facet normal -0.514918 0.778746 -0.358349
    outer loop
      vertex -5.44969 -9.4431 -17.5856
      vertex -5.54721 -9.91165 -18.4637
      vertex -5.56922 -9.92243 -18.4555
    endloop
  endfacet
  facet normal -0.510704 0.780797 -0.359912
    outer loop
      vertex -5.42743 -9.43232 -17.5938
      vertex -5.54721 -9.91165 -18.4637
      vertex -5.44969 -9.4431 -17.5856
    endloop
  endfacet
  facet normal -0.510704 0.780797 -0.359912
    outer loop
      vertex -5.42743 -9.43232 -17.5938
      vertex -5.52495 -9.90087 -18.4719
      vertex -5.54721 -9.91165 -18.4637
    endloop
  endfacet
  facet normal -0.507727 0.782232 -0.361008
    outer loop
      vertex -5.40513 -9.42163 -17.602
      vertex -5.52495 -9.90087 -18.4719
      vertex -5.42743 -9.43232 -17.5938
    endloop
  endfacet
  facet normal -0.507894 0.782154 -0.360942
    outer loop
      vertex -5.40513 -9.42163 -17.602
      vertex -5.50266 -9.89018 -18.4801
      vertex -5.52495 -9.90087 -18.4719
    endloop
  endfacet
  facet normal -0.504197 0.783918 -0.362294
    outer loop
      vertex -5.383 -9.41114 -17.6101
      vertex -5.50266 -9.89018 -18.4801
      vertex -5.40513 -9.42163 -17.602
    endloop
  endfacet
  facet normal -0.502827 0.78455 -0.362831
    outer loop
      vertex -5.383 -9.41114 -17.6101
      vertex -5.48052 -9.87969 -18.4881
      vertex -5.50266 -9.89018 -18.4801
    endloop
  endfacet
  facet normal -0.498776 0.786454 -0.364297
    outer loop
      vertex -5.36122 -9.40094 -17.6179
      vertex -5.48052 -9.87969 -18.4881
      vertex -5.383 -9.41114 -17.6101
    endloop
  endfacet
  facet normal -0.500012 0.785891 -0.363818
    outer loop
      vertex -5.36122 -9.40094 -17.6179
      vertex -5.45874 -9.86949 -18.496
      vertex -5.48052 -9.87969 -18.4881
    endloop
  endfacet
  facet normal -0.49543 0.788026 -0.365465
    outer loop
      vertex -5.34001 -9.39113 -17.6255
      vertex -5.45874 -9.86949 -18.496
      vertex -5.36122 -9.40094 -17.6179
    endloop
  endfacet
  facet normal -0.49543 0.788026 -0.365465
    outer loop
      vertex -5.34001 -9.39113 -17.6255
      vertex -5.43753 -9.85968 -18.5036
      vertex -5.45874 -9.86949 -18.496
    endloop
  endfacet
  facet normal -0.491068 0.790031 -0.36702
    outer loop
      vertex -5.31956 -9.38181 -17.6328
      vertex -5.43753 -9.85968 -18.5036
      vertex -5.34001 -9.39113 -17.6255
    endloop
  endfacet
  facet normal -0.489724 0.790628 -0.367529
    outer loop
      vertex -5.31956 -9.38181 -17.6328
      vertex -5.41708 -9.85036 -18.5108
      vertex -5.43753 -9.85968 -18.5036
    endloop
  endfacet
  facet normal -0.484361 0.793048 -0.369417
    outer loop
      vertex -5.30008 -9.37308 -17.6396
      vertex -5.41708 -9.85036 -18.5108
      vertex -5.31956 -9.38181 -17.6328
    endloop
  endfacet
  facet normal -0.484361 0.793048 -0.369417
    outer loop
      vertex -5.30008 -9.37308 -17.6396
      vertex -5.3976 -9.84163 -18.5176
      vertex -5.41708 -9.85036 -18.5108
    endloop
  endfacet
  facet normal -0.477296 0.796178 -0.371872
    outer loop
      vertex -5.28176 -9.36504 -17.6459
      vertex -5.3976 -9.84163 -18.5176
      vertex -5.30008 -9.37308 -17.6396
    endloop
  endfacet
  facet normal -0.478838 0.795517 -0.371305
    outer loop
      vertex -5.28176 -9.36504 -17.6459
      vertex -5.37928 -9.83359 -18.524
      vertex -5.3976 -9.84163 -18.5176
    endloop
  endfacet
  facet normal -0.470576 0.79911 -0.37414
    outer loop
      vertex -5.26482 -9.35778 -17.6517
      vertex -5.37928 -9.83359 -18.524
      vertex -5.28176 -9.36504 -17.6459
    endloop
  endfacet
  facet normal -0.468878 0.799822 -0.374751
    outer loop
      vertex -5.26482 -9.35778 -17.6517
      vertex -5.36234 -9.82633 -18.5297
      vertex -5.37928 -9.83359 -18.524
    endloop
  endfacet
  facet normal -0.458729 0.804092 -0.378157
    outer loop
      vertex -5.24945 -9.35141 -17.6568
      vertex -5.36234 -9.82633 -18.5297
      vertex -5.26482 -9.35778 -17.6517
    endloop
  endfacet
  facet normal -0.458729 0.804092 -0.378157
    outer loop
      vertex -5.24945 -9.35141 -17.6568
      vertex -5.34697 -9.81996 -18.5348
      vertex -5.36234 -9.82633 -18.5297
    endloop
  endfacet
  facet normal -0.441116 0.811193 -0.383903
    outer loop
      vertex -5.19206 -9.32891 -17.6752
      vertex -5.34697 -9.81996 -18.5348
      vertex -5.24945 -9.35141 -17.6568
    endloop
  endfacet
  facet normal -0.441177 0.811171 -0.38388
    outer loop
      vertex -5.19206 -9.32891 -17.6752
      vertex -5.28959 -9.79746 -18.5532
      vertex -5.34697 -9.81996 -18.5348
    endloop
  endfacet
  facet normal -0.423501 0.817914 -0.389441
    outer loop
      vertex -5.1344 -9.30753 -17.693
      vertex -5.28959 -9.79746 -18.5532
      vertex -5.19206 -9.32891 -17.6752
    endloop
  endfacet
  facet normal -0.423441 0.817934 -0.389463
    outer loop
      vertex -5.1344 -9.30753 -17.693
      vertex -5.23192 -9.77608 -18.571
      vertex -5.28959 -9.79746 -18.5532
    endloop
  endfacet
  facet normal -0.405499 0.824392 -0.394903
    outer loop
      vertex -5.07644 -9.28726 -17.7102
      vertex -5.23192 -9.77608 -18.571
      vertex -5.1344 -9.30753 -17.693
    endloop
  endfacet
  facet normal -0.406116 0.824195 -0.39468
    outer loop
      vertex -5.07644 -9.28726 -17.7102
      vertex -5.17397 -9.75581 -18.5883
      vertex -5.23192 -9.77608 -18.571
    endloop
  endfacet
  facet normal -0.387827 0.830404 -0.400024
    outer loop
      vertex -5.01819 -9.2681 -17.7269
      vertex -5.17397 -9.75581 -18.5883
      vertex -5.07644 -9.28726 -17.7102
    endloop
  endfacet
  facet normal -0.387827 0.830404 -0.400024
    outer loop
      vertex -5.01819 -9.2681 -17.7269
      vertex -5.11572 -9.73665 -18.605
      vertex -5.17397 -9.75581 -18.5883
    endloop
  endfacet
  facet normal -0.369725 0.836174 -0.405113
    outer loop
      vertex -4.95964 -9.25006 -17.7431
      vertex -5.11572 -9.73665 -18.605
      vertex -5.01819 -9.2681 -17.7269
    endloop
  endfacet
  facet normal -0.369085 0.836352 -0.40533
    outer loop
      vertex -4.95964 -9.25006 -17.7431
      vertex -5.05716 -9.71861 -18.6211
      vertex -5.11572 -9.73665 -18.605
    endloop
  endfacet
  facet normal -0.350074 0.842005 -0.410458
    outer loop
      vertex -4.90077 -9.23314 -17.7586
      vertex -5.05716 -9.71861 -18.6211
      vertex -4.95964 -9.25006 -17.7431
    endloop
  endfacet
  facet normal -0.350849 0.841806 -0.410205
    outer loop
      vertex -4.90077 -9.23314 -17.7586
      vertex -4.9983 -9.70168 -18.6367
      vertex -5.05716 -9.71861 -18.6211
    endloop
  endfacet
  facet normal -0.331558 0.847157 -0.415203
    outer loop
      vertex -4.84159 -9.21733 -17.7736
      vertex -4.9983 -9.70168 -18.6367
      vertex -4.90077 -9.23314 -17.7586
    endloop
  endfacet
  facet normal -0.331509 0.847169 -0.415219
    outer loop
      vertex -4.84159 -9.21733 -17.7736
      vertex -4.93911 -9.68587 -18.6517
      vertex -4.9983 -9.70168 -18.6367
    endloop
  endfacet
  facet normal -0.312761 0.85199 -0.419873
    outer loop
      vertex -4.78208 -9.20263 -17.7881
      vertex -4.93911 -9.68587 -18.6517
      vertex -4.84159 -9.21733 -17.7736
    endloop
  endfacet
  facet normal -0.312135 0.852126 -0.420063
    outer loop
      vertex -4.78208 -9.20263 -17.7881
      vertex -4.8796 -9.67117 -18.6661
      vertex -4.93911 -9.68587 -18.6517
    endloop
  endfacet
  facet normal -0.293164 0.856619 -0.424568
    outer loop
      vertex -4.72224 -9.18904 -17.802
      vertex -4.8796 -9.67117 -18.6661
      vertex -4.78208 -9.20263 -17.7881
    endloop
  endfacet
  facet normal -0.293036 0.856645 -0.424606
    outer loop
      vertex -4.72224 -9.18904 -17.802
      vertex -4.81976 -9.65759 -18.68
      vertex -4.8796 -9.67117 -18.6661
    endloop
  endfacet
  facet normal -0.273188 0.86095 -0.429108
    outer loop
      vertex -4.66205 -9.17657 -17.8153
      vertex -4.81976 -9.65759 -18.68
      vertex -4.72224 -9.18904 -17.802
    endloop
  endfacet
  facet normal -0.273878 0.860827 -0.428914
    outer loop
      vertex -4.66205 -9.17657 -17.8153
      vertex -4.75958 -9.64512 -18.6934
      vertex -4.81976 -9.65759 -18.68
    endloop
  endfacet
  facet normal -0.253912 0.864774 -0.433238
    outer loop
      vertex -4.60152 -9.16521 -17.8281
      vertex -4.75958 -9.64512 -18.6934
      vertex -4.66205 -9.17657 -17.8153
    endloop
  endfacet
  facet normal -0.253873 0.86478 -0.433248
    outer loop
      vertex -4.60152 -9.16521 -17.8281
      vertex -4.69904 -9.63376 -18.7062
      vertex -4.75958 -9.64512 -18.6934
    endloop
  endfacet
  facet normal -0.233711 0.868366 -0.437401
    outer loop
      vertex -4.54064 -9.15497 -17.8403
      vertex -4.69904 -9.63376 -18.7062
      vertex -4.60152 -9.16521 -17.8281
    endloop
  endfacet
  facet normal -0.233844 0.868348 -0.437366
    outer loop
      vertex -4.54064 -9.15497 -17.8403
      vertex -4.63816 -9.62351 -18.7184
      vertex -4.69904 -9.63376 -18.7062
    endloop
  endfacet
  facet normal -0.214317 0.871447 -0.441189
    outer loop
      vertex -4.47939 -9.14583 -17.852
      vertex -4.63816 -9.62351 -18.7184
      vertex -4.54064 -9.15497 -17.8403
    endloop
  endfacet
  facet normal -0.214184 0.871463 -0.441222
    outer loop
      vertex -4.47939 -9.14583 -17.852
      vertex -4.57691 -9.61438 -18.7301
      vertex -4.63816 -9.62351 -18.7184
    endloop
  endfacet
  facet normal -0.193947 0.874288 -0.444977
    outer loop
      vertex -4.41777 -9.13781 -17.8631
      vertex -4.57691 -9.61438 -18.7301
      vertex -4.47939 -9.14583 -17.852
    endloop
  endfacet
  facet normal -0.193947 0.874288 -0.444977
    outer loop
      vertex -4.41777 -9.13781 -17.8631
      vertex -4.51529 -9.60636 -18.7412
      vertex -4.57691 -9.61438 -18.7301
    endloop
  endfacet
  facet normal -0.174233 0.876669 -0.448436
    outer loop
      vertex -4.35577 -9.13091 -17.8737
      vertex -4.51529 -9.60636 -18.7412
      vertex -4.41777 -9.13781 -17.8631
    endloop
  endfacet
  facet normal -0.174368 0.876658 -0.448405
    outer loop
      vertex -4.35577 -9.13091 -17.8737
      vertex -4.45329 -9.59945 -18.7518
      vertex -4.51529 -9.60636 -18.7412
    endloop
  endfacet
  facet normal -0.154123 0.878727 -0.451758
    outer loop
      vertex -4.29339 -9.12511 -17.8837
      vertex -4.45329 -9.59945 -18.7518
      vertex -4.35577 -9.13091 -17.8737
    endloop
  endfacet
  facet normal -0.153988 0.878735 -0.451787
    outer loop
      vertex -4.29339 -9.12511 -17.8837
      vertex -4.39091 -9.59366 -18.7618
      vertex -4.45329 -9.59945 -18.7518
    endloop
  endfacet
  facet normal -0.134475 0.880369 -0.454826
    outer loop
      vertex -4.23062 -9.12043 -17.8932
      vertex -4.39091 -9.59366 -18.7618
      vertex -4.29339 -9.12511 -17.8837
    endloop
  endfacet
  facet normal -0.13391 0.880394 -0.454944
    outer loop
      vertex -4.23062 -9.12043 -17.8932
      vertex -4.32814 -9.58897 -18.7712
      vertex -4.39091 -9.59366 -18.7618
    endloop
  endfacet
  facet normal -0.114327 0.881673 -0.457802
    outer loop
      vertex -4.16745 -9.11686 -17.9021
      vertex -4.32814 -9.58897 -18.7712
      vertex -4.23062 -9.12043 -17.8932
    endloop
  endfacet
  facet normal -0.11503 0.881654 -0.457661
    outer loop
      vertex -4.16745 -9.11686 -17.9021
      vertex -4.26497 -9.5854 -18.7802
      vertex -4.32814 -9.58897 -18.7712
    endloop
  endfacet
  facet normal -0.0949765 0.882615 -0.460401
    outer loop
      vertex -4.10387 -9.1144 -17.9105
      vertex -4.26497 -9.5854 -18.7802
      vertex -4.16745 -9.11686 -17.9021
    endloop
  endfacet
  facet normal -0.0942701 0.882621 -0.460535
    outer loop
      vertex -4.10387 -9.1144 -17.9105
      vertex -4.20139 -9.58294 -18.7885
      vertex -4.26497 -9.5854 -18.7802
    endloop
  endfacet
  facet normal -0.0750546 0.883189 -0.462973
    outer loop
      vertex -4.03987 -9.11305 -17.9183
      vertex -4.20139 -9.58294 -18.7885
      vertex -4.10387 -9.1144 -17.9105
    endloop
  endfacet
  facet normal -0.0757739 0.883196 -0.462843
    outer loop
      vertex -4.03987 -9.11305 -17.9183
      vertex -4.1374 -9.58159 -18.7964
      vertex -4.20139 -9.58294 -18.7885
    endloop
  endfacet
  facet normal -0.0528833 0.883454 -0.465523
    outer loop
      vertex -4.01208 -9.11302 -17.9214
      vertex -4.1374 -9.58159 -18.7964
      vertex -4.03987 -9.11305 -17.9183
    endloop
  endfacet
  facet normal -0.0525515 0.88345 -0.465569
    outer loop
      vertex -4.01208 -9.11302 -17.9214
      vertex -4.1096 -9.58157 -18.7995
      vertex -4.1374 -9.58159 -18.7964
    endloop
  endfacet
  facet normal -0.0337761 0.883307 -0.467577
    outer loop
      vertex -3.98138 -9.11354 -17.9246
      vertex -4.1096 -9.58157 -18.7995
      vertex -4.01208 -9.11302 -17.9214
    endloop
  endfacet
  facet normal -0.0322736 0.88326 -0.467772
    outer loop
      vertex -3.98138 -9.11354 -17.9246
      vertex -4.0789 -9.58209 -18.8026
      vertex -4.1096 -9.58157 -18.7995
    endloop
  endfacet
  facet normal -0.0164028 0.882872 -0.469328
    outer loop
      vertex -3.94812 -9.11457 -17.9277
      vertex -4.0789 -9.58209 -18.8026
      vertex -3.98138 -9.11354 -17.9246
    endloop
  endfacet
  facet normal -0.0164028 0.882872 -0.469328
    outer loop
      vertex -3.94812 -9.11457 -17.9277
      vertex -4.04564 -9.58312 -18.8057
      vertex -4.0789 -9.58209 -18.8026
    endloop
  endfacet
  facet normal -0.00355411 0.882393 -0.4705
    outer loop
      vertex -3.91263 -9.11608 -17.9308
      vertex -4.04564 -9.58312 -18.8057
      vertex -3.94812 -9.11457 -17.9277
    endloop
  endfacet
  facet normal -0.00486233 0.882471 -0.470342
    outer loop
      vertex -3.91263 -9.11608 -17.9308
      vertex -4.01015 -9.58463 -18.8089
      vertex -4.04564 -9.58312 -18.8057
    endloop
  endfacet
  facet normal 0.00715205 0.881904 -0.471374
    outer loop
      vertex -3.87526 -9.11804 -17.9339
      vertex -4.01015 -9.58463 -18.8089
      vertex -3.91263 -9.11608 -17.9308
    endloop
  endfacet
  facet normal 0.00715205 0.881904 -0.471374
    outer loop
      vertex -3.87526 -9.11804 -17.9339
      vertex -3.97278 -9.58659 -18.812
      vertex -4.01015 -9.58463 -18.8089
    endloop
  endfacet
  facet normal 0.0160735 0.8814 -0.472096
    outer loop
      vertex -3.83635 -9.12041 -17.937
      vertex -3.97278 -9.58659 -18.812
      vertex -3.87526 -9.11804 -17.9339
    endloop
  endfacet
  facet normal 0.0172705 0.881305 -0.472232
    outer loop
      vertex -3.83635 -9.12041 -17.937
      vertex -3.93387 -9.58896 -18.815
      vertex -3.97278 -9.58659 -18.812
    endloop
  endfacet
  facet normal 0.0252293 0.880787 -0.47284
    outer loop
      vertex -3.79622 -9.12317 -17.94
      vertex -3.93387 -9.58896 -18.815
      vertex -3.83635 -9.12041 -17.937
    endloop
  endfacet
  facet normal 0.0252293 0.880787 -0.47284
    outer loop
      vertex -3.79622 -9.12317 -17.94
      vertex -3.89374 -9.59172 -18.818
      vertex -3.93387 -9.58896 -18.815
    endloop
  endfacet
  facet normal 0.0332888 0.880205 -0.473424
    outer loop
      vertex -3.75523 -9.12628 -17.9429
      vertex -3.89374 -9.59172 -18.818
      vertex -3.79622 -9.12317 -17.94
    endloop
  endfacet
  facet normal 0.0332888 0.880205 -0.473424
    outer loop
      vertex -3.75523 -9.12628 -17.9429
      vertex -3.85275 -9.59483 -18.8209
      vertex -3.89374 -9.59172 -18.818
    endloop
  endfacet
  facet normal 0.0406954 0.879619 -0.473934
    outer loop
      vertex -3.7137 -9.12971 -17.9457
      vertex -3.85275 -9.59483 -18.8209
      vertex -3.75523 -9.12628 -17.9429
    endloop
  endfacet
  facet normal 0.0406954 0.879619 -0.473934
    outer loop
      vertex -3.7137 -9.12971 -17.9457
      vertex -3.81122 -9.59826 -18.8237
      vertex -3.85275 -9.59483 -18.8209
    endloop
  endfacet
  facet normal 0.0488012 0.878922 -0.474462
    outer loop
      vertex -3.67198 -9.13343 -17.9483
      vertex -3.81122 -9.59826 -18.8237
      vertex -3.7137 -9.12971 -17.9457
    endloop
  endfacet
  facet normal 0.0474861 0.879066 -0.47433
    outer loop
      vertex -3.67198 -9.13343 -17.9483
      vertex -3.76951 -9.60197 -18.8264
      vertex -3.81122 -9.59826 -18.8237
    endloop
  endfacet
  facet normal 0.0553281 0.878344 -0.474816
    outer loop
      vertex -3.63041 -9.1374 -17.9508
      vertex -3.76951 -9.60197 -18.8264
      vertex -3.67198 -9.13343 -17.9483
    endloop
  endfacet
  facet normal 0.0555358 0.87832 -0.474836
    outer loop
      vertex -3.63041 -9.1374 -17.9508
      vertex -3.72794 -9.60595 -18.8289
      vertex -3.76951 -9.60197 -18.8264
    endloop
  endfacet
  facet normal 0.0631124 0.87757 -0.475277
    outer loop
      vertex -3.58933 -9.1416 -17.9531
      vertex -3.72794 -9.60595 -18.8289
      vertex -3.63041 -9.1374 -17.9508
    endloop
  endfacet
  facet normal 0.0630973 0.877572 -0.475276
    outer loop
      vertex -3.58933 -9.1416 -17.9531
      vertex -3.68685 -9.61015 -18.8312
      vertex -3.72794 -9.60595 -18.8289
    endloop
  endfacet
  facet normal 0.0696256 0.876884 -0.475633
    outer loop
      vertex -3.54907 -9.14599 -17.9553
      vertex -3.68685 -9.61015 -18.8312
      vertex -3.58933 -9.1416 -17.9531
    endloop
  endfacet
  facet normal 0.0707853 0.876735 -0.475737
    outer loop
      vertex -3.54907 -9.14599 -17.9553
      vertex -3.64659 -9.61454 -18.8333
      vertex -3.68685 -9.61015 -18.8312
    endloop
  endfacet
  facet normal 0.0787816 0.875832 -0.476143
    outer loop
      vertex -3.50997 -9.15054 -17.9572
      vertex -3.64659 -9.61454 -18.8333
      vertex -3.54907 -9.14599 -17.9553
    endloop
  endfacet
  facet normal 0.0787816 0.875832 -0.476143
    outer loop
      vertex -3.50997 -9.15054 -17.9572
      vertex -3.60749 -9.61909 -18.8352
      vertex -3.64659 -9.61454 -18.8333
    endloop
  endfacet
  facet normal 0.087339 0.874802 -0.476544
    outer loop
      vertex -3.47237 -9.15522 -17.9589
      vertex -3.60749 -9.61909 -18.8352
      vertex -3.50997 -9.15054 -17.9572
    endloop
  endfacet
  facet normal 0.087339 0.874802 -0.476544
    outer loop
      vertex -3.47237 -9.15522 -17.9589
      vertex -3.56989 -9.62377 -18.8369
      vertex -3.60749 -9.61909 -18.8352
    endloop
  endfacet
  facet normal 0.0980742 0.873416 -0.476997
    outer loop
      vertex -3.43661 -9.16 -17.9603
      vertex -3.56989 -9.62377 -18.8369
      vertex -3.47237 -9.15522 -17.9589
    endloop
  endfacet
  facet normal 0.0980742 0.873416 -0.476997
    outer loop
      vertex -3.43661 -9.16 -17.9603
      vertex -3.53413 -9.62855 -18.8383
      vertex -3.56989 -9.62377 -18.8369
    endloop
  endfacet
  facet normal 0.110009 0.871753 -0.477435
    outer loop
      vertex -3.40303 -9.16484 -17.9614
      vertex -3.53413 -9.62855 -18.8383
      vertex -3.43661 -9.16 -17.9603
    endloop
  endfacet
  facet normal 0.108623 0.871976 -0.477346
    outer loop
      vertex -3.40303 -9.16484 -17.9614
      vertex -3.50055 -9.63339 -18.8395
      vertex -3.53413 -9.62855 -18.8383
    endloop
  endfacet
  facet normal 0.122822 0.869847 -0.477787
    outer loop
      vertex -3.37197 -9.16972 -17.9623
      vertex -3.50055 -9.63339 -18.8395
      vertex -3.40303 -9.16484 -17.9614
    endloop
  endfacet
  facet normal 0.124317 0.869589 -0.47787
    outer loop
      vertex -3.37197 -9.16972 -17.9623
      vertex -3.46949 -9.63827 -18.8403
      vertex -3.50055 -9.63339 -18.8395
    endloop
  endfacet
  facet normal 0.141461 0.866751 -0.478259
    outer loop
      vertex -3.34376 -9.1746 -17.9628
      vertex -3.46949 -9.63827 -18.8403
      vertex -3.37197 -9.16972 -17.9623
    endloop
  endfacet
  facet normal 0.141164 0.866807 -0.478246
    outer loop
      vertex -3.34376 -9.1746 -17.9628
      vertex -3.44128 -9.64314 -18.8408
      vertex -3.46949 -9.63827 -18.8403
    endloop
  endfacet
  facet normal 0.163078 0.862791 -0.478537
    outer loop
      vertex -3.31874 -9.17944 -17.963
      vertex -3.44128 -9.64314 -18.8408
      vertex -3.34376 -9.1746 -17.9628
    endloop
  endfacet
  facet normal 0.163472 0.86271 -0.478549
    outer loop
      vertex -3.31874 -9.17944 -17.963
      vertex -3.41627 -9.64799 -18.841
      vertex -3.44128 -9.64314 -18.8408
    endloop
  endfacet
  facet normal 0.185353 0.858247 -0.478598
    outer loop
      vertex -3.27792 -9.1882 -17.9629
      vertex -3.41627 -9.64799 -18.841
      vertex -3.31874 -9.17944 -17.963
    endloop
  endfacet
  facet normal 0.18511 0.858304 -0.47859
    outer loop
      vertex -3.27792 -9.1882 -17.9629
      vertex -3.37544 -9.65674 -18.8409
      vertex -3.41627 -9.64799 -18.841
    endloop
  endfacet
  facet normal 0.198039 0.855459 -0.478508
    outer loop
      vertex -3.23704 -9.19744 -17.9625
      vertex -3.37544 -9.65674 -18.8409
      vertex -3.27792 -9.1882 -17.9629
    endloop
  endfacet
  facet normal 0.198039 0.855459 -0.478508
    outer loop
      vertex -3.23704 -9.19744 -17.9625
      vertex -3.33456 -9.66598 -18.8405
      vertex -3.37544 -9.65674 -18.8409
    endloop
  endfacet
  facet normal 0.21054 0.852559 -0.478348
    outer loop
      vertex -3.19613 -9.20715 -17.9618
      vertex -3.33456 -9.66598 -18.8405
      vertex -3.23704 -9.19744 -17.9625
    endloop
  endfacet
  facet normal 0.209634 0.852793 -0.478328
    outer loop
      vertex -3.19613 -9.20715 -17.9618
      vertex -3.29365 -9.6757 -18.8399
      vertex -3.33456 -9.66598 -18.8405
    endloop
  endfacet
  facet normal 0.222082 0.849767 -0.478096
    outer loop
      vertex -3.15524 -9.21733 -17.9609
      vertex -3.29365 -9.6757 -18.8399
      vertex -3.19613 -9.20715 -17.9618
    endloop
  endfacet
  facet normal 0.222082 0.849767 -0.478096
    outer loop
      vertex -3.15524 -9.21733 -17.9609
      vertex -3.25276 -9.68588 -18.839
      vertex -3.29365 -9.6757 -18.8399
    endloop
  endfacet
  facet normal 0.233307 0.846911 -0.477818
    outer loop
      vertex -3.1144 -9.22796 -17.9598
      vertex -3.25276 -9.68588 -18.839
      vertex -3.15524 -9.21733 -17.9609
    endloop
  endfacet
  facet normal 0.234397 0.846603 -0.47783
    outer loop
      vertex -3.1144 -9.22796 -17.9598
      vertex -3.21192 -9.69651 -18.8378
      vertex -3.25276 -9.68588 -18.839
    endloop
  endfacet
  facet normal 0.245636 0.843609 -0.47748
    outer loop
      vertex -3.07366 -9.23903 -17.9584
      vertex -3.21192 -9.69651 -18.8378
      vertex -3.1144 -9.22796 -17.9598
    endloop
  endfacet
  facet normal 0.244551 0.843927 -0.477475
    outer loop
      vertex -3.07366 -9.23903 -17.9584
      vertex -3.17118 -9.70758 -18.8365
      vertex -3.21192 -9.69651 -18.8378
    endloop
  endfacet
  facet normal 0.256759 0.840547 -0.477027
    outer loop
      vertex -3.03304 -9.25053 -17.9568
      vertex -3.17118 -9.70758 -18.8365
      vertex -3.07366 -9.23903 -17.9584
    endloop
  endfacet
  facet normal 0.25784 0.840217 -0.477026
    outer loop
      vertex -3.03304 -9.25053 -17.9568
      vertex -3.13056 -9.71908 -18.8348
      vertex -3.17118 -9.70758 -18.8365
    endloop
  endfacet
  facet normal 0.269029 0.836979 -0.47654
    outer loop
      vertex -2.99259 -9.26245 -17.9549
      vertex -3.13056 -9.71908 -18.8348
      vertex -3.03304 -9.25053 -17.9568
    endloop
  endfacet
  facet normal 0.267951 0.83732 -0.476548
    outer loop
      vertex -2.99259 -9.26245 -17.9549
      vertex -3.09011 -9.731 -18.833
      vertex -3.13056 -9.71908 -18.8348
    endloop
  endfacet
  facet normal 0.280017 0.8337 -0.475957
    outer loop
      vertex -2.95234 -9.27477 -17.9528
      vertex -3.09011 -9.731 -18.833
      vertex -2.99259 -9.26245 -17.9549
    endloop
  endfacet
  facet normal 0.28008 0.833679 -0.475956
    outer loop
      vertex -2.95234 -9.27477 -17.9528
      vertex -3.04987 -9.74332 -18.8309
      vertex -3.09011 -9.731 -18.833
    endloop
  endfacet
  facet normal 0.291327 0.830173 -0.475334
    outer loop
      vertex -2.91234 -9.28749 -17.9505
      vertex -3.04987 -9.74332 -18.8309
      vertex -2.95234 -9.27477 -17.9528
    endloop
  endfacet
  facet normal 0.292332 0.829831 -0.475314
    outer loop
      vertex -2.91234 -9.28749 -17.9505
      vertex -3.00986 -9.75604 -18.8285
      vertex -3.04987 -9.74332 -18.8309
    endloop
  endfacet
  facet normal 0.30374 0.82613 -0.474606
    outer loop
      vertex -2.87262 -9.3006 -17.9479
      vertex -3.00986 -9.75604 -18.8285
      vertex -2.91234 -9.28749 -17.9505
    endloop
  endfacet
  facet normal 0.30374 0.82613 -0.474606
    outer loop
      vertex -2.87262 -9.3006 -17.9479
      vertex -2.97014 -9.76915 -18.8259
      vertex -3.00986 -9.75604 -18.8285
    endloop
  endfacet
  facet normal 0.314836 0.822402 -0.473849
    outer loop
      vertex -2.83322 -9.31407 -17.9451
      vertex -2.97014 -9.76915 -18.8259
      vertex -2.87262 -9.3006 -17.9479
    endloop
  endfacet
  facet normal 0.314836 0.822402 -0.473849
    outer loop
      vertex -2.83322 -9.31407 -17.9451
      vertex -2.93074 -9.78262 -18.8231
      vertex -2.97014 -9.76915 -18.8259
    endloop
  endfacet
  facet normal 0.327457 0.818006 -0.472904
    outer loop
      vertex -2.79417 -9.32791 -17.942
      vertex -2.93074 -9.78262 -18.8231
      vertex -2.83322 -9.31407 -17.9451
    endloop
  endfacet
  facet normal 0.326392 0.818407 -0.472947
    outer loop
      vertex -2.79417 -9.32791 -17.942
      vertex -2.89169 -9.79646 -18.8201
      vertex -2.93074 -9.78262 -18.8231
    endloop
  endfacet
  facet normal 0.338014 0.814223 -0.472004
    outer loop
      vertex -2.75552 -9.3421 -17.9388
      vertex -2.89169 -9.79646 -18.8201
      vertex -2.79417 -9.32791 -17.942
    endloop
  endfacet
  facet normal 0.338895 0.81388 -0.471964
    outer loop
      vertex -2.75552 -9.3421 -17.9388
      vertex -2.85304 -9.81064 -18.8168
      vertex -2.89169 -9.79646 -18.8201
    endloop
  endfacet
  facet normal 0.351723 0.809081 -0.470828
    outer loop
      vertex -2.7173 -9.35662 -17.9352
      vertex -2.85304 -9.81064 -18.8168
      vertex -2.75552 -9.3421 -17.9388
    endloop
  endfacet
  facet normal 0.350842 0.809436 -0.470875
    outer loop
      vertex -2.7173 -9.35662 -17.9352
      vertex -2.81482 -9.82517 -18.8133
      vertex -2.85304 -9.81064 -18.8168
    endloop
  endfacet
  facet normal 0.362842 0.804797 -0.469732
    outer loop
      vertex -2.67955 -9.37148 -17.9315
      vertex -2.81482 -9.82517 -18.8133
      vertex -2.7173 -9.35662 -17.9352
    endloop
  endfacet
  facet normal 0.36266 0.804872 -0.469743
    outer loop
      vertex -2.67955 -9.37148 -17.9315
      vertex -2.77707 -9.84002 -18.8096
      vertex -2.81482 -9.82517 -18.8133
    endloop
  endfacet
  facet normal 0.374752 0.800039 -0.468507
    outer loop
      vertex -2.64231 -9.38664 -17.9276
      vertex -2.77707 -9.84002 -18.8096
      vertex -2.67955 -9.37148 -17.9315
    endloop
  endfacet
  facet normal 0.375998 0.799504 -0.468422
    outer loop
      vertex -2.64231 -9.38664 -17.9276
      vertex -2.73983 -9.85519 -18.8056
      vertex -2.77707 -9.84002 -18.8096
    endloop
  endfacet
  facet normal 0.388492 0.79432 -0.467044
    outer loop
      vertex -2.60561 -9.40212 -17.9234
      vertex -2.73983 -9.85519 -18.8056
      vertex -2.64231 -9.38664 -17.9276
    endloop
  endfacet
  facet normal 0.3884 0.794361 -0.467051
    outer loop
      vertex -2.60561 -9.40212 -17.9234
      vertex -2.70314 -9.87066 -18.8014
      vertex -2.73983 -9.85519 -18.8056
    endloop
  endfacet
  facet normal 0.401053 0.788931 -0.465559
    outer loop
      vertex -2.5695 -9.41788 -17.919
      vertex -2.70314 -9.87066 -18.8014
      vertex -2.60561 -9.40212 -17.9234
    endloop
  endfacet
  facet normal 0.401233 0.788848 -0.465543
    outer loop
      vertex -2.5695 -9.41788 -17.919
      vertex -2.66703 -9.88643 -18.797
      vertex -2.70314 -9.87066 -18.8014
    endloop
  endfacet
  facet normal 0.415425 0.782533 -0.46375
    outer loop
      vertex -2.53402 -9.43393 -17.9143
      vertex -2.66703 -9.88643 -18.797
      vertex -2.5695 -9.41788 -17.919
    endloop
  endfacet
  facet normal 0.414265 0.783084 -0.463857
    outer loop
      vertex -2.53402 -9.43393 -17.9143
      vertex -2.63154 -9.90248 -18.7924
      vertex -2.66703 -9.88643 -18.797
    endloop
  endfacet
  facet normal 0.428222 0.77666 -0.46198
    outer loop
      vertex -2.51491 -9.44292 -17.9117
      vertex -2.63154 -9.90248 -18.7924
      vertex -2.53402 -9.43393 -17.9143
    endloop
  endfacet
  facet normal 0.43002 0.775793 -0.461765
    outer loop
      vertex -2.51491 -9.44292 -17.9117
      vertex -2.61244 -9.91146 -18.7897
      vertex -2.63154 -9.90248 -18.7924
    endloop
  endfacet
  facet normal 0.43716 0.772401 -0.460748
    outer loop
      vertex -2.49498 -9.45247 -17.9088
      vertex -2.61244 -9.91146 -18.7897
      vertex -2.51491 -9.44292 -17.9117
    endloop
  endfacet
  facet normal 0.436985 0.772487 -0.46077
    outer loop
      vertex -2.49498 -9.45247 -17.9088
      vertex -2.5925 -9.92101 -18.7868
      vertex -2.61244 -9.91146 -18.7897
    endloop
  endfacet
  facet normal 0.443471 0.769351 -0.459817
    outer loop
      vertex -2.4744 -9.46248 -17.9057
      vertex -2.5925 -9.92101 -18.7868
      vertex -2.49498 -9.45247 -17.9088
    endloop
  endfacet
  facet normal 0.441997 0.770088 -0.460003
    outer loop
      vertex -2.4744 -9.46248 -17.9057
      vertex -2.57192 -9.93103 -18.7838
      vertex -2.5925 -9.92101 -18.7868
    endloop
  endfacet
  facet normal 0.44869 0.766811 -0.458997
    outer loop
      vertex -2.45337 -9.47287 -17.9025
      vertex -2.57192 -9.93103 -18.7838
      vertex -2.4744 -9.46248 -17.9057
    endloop
  endfacet
  facet normal 0.448403 0.766956 -0.459034
    outer loop
      vertex -2.45337 -9.47287 -17.9025
      vertex -2.55089 -9.94141 -18.7806
      vertex -2.57192 -9.93103 -18.7838
    endloop
  endfacet
  facet normal 0.45299 0.76468 -0.458329
    outer loop
      vertex -2.43207 -9.48351 -17.8992
      vertex -2.55089 -9.94141 -18.7806
      vertex -2.45337 -9.47287 -17.9025
    endloop
  endfacet
  facet normal 0.453271 0.764535 -0.458292
    outer loop
      vertex -2.43207 -9.48351 -17.8992
      vertex -2.52959 -9.95206 -18.7773
      vertex -2.55089 -9.94141 -18.7806
    endloop
  endfacet
  facet normal 0.458539 0.761886 -0.457463
    outer loop
      vertex -2.4107 -9.49433 -17.8958
      vertex -2.52959 -9.95206 -18.7773
      vertex -2.43207 -9.48351 -17.8992
    endloop
  endfacet
  facet normal 0.458539 0.761886 -0.457463
    outer loop
      vertex -2.4107 -9.49433 -17.8958
      vertex -2.50822 -9.96288 -18.7739
      vertex -2.52959 -9.95206 -18.7773
    endloop
  endfacet
  facet normal 0.462056 0.760097 -0.456899
    outer loop
      vertex -2.38944 -9.50521 -17.8924
      vertex -2.50822 -9.96288 -18.7739
      vertex -2.4107 -9.49433 -17.8958
    endloop
  endfacet
  facet normal 0.463719 0.759222 -0.456669
    outer loop
      vertex -2.38944 -9.50521 -17.8924
      vertex -2.48696 -9.97376 -18.7704
      vertex -2.50822 -9.96288 -18.7739
    endloop
  endfacet
  facet normal 0.468286 0.756866 -0.455919
    outer loop
      vertex -2.36848 -9.51607 -17.8889
      vertex -2.48696 -9.97376 -18.7704
      vertex -2.38944 -9.50521 -17.8924
    endloop
  endfacet
  facet normal 0.468008 0.757014 -0.455958
    outer loop
      vertex -2.36848 -9.51607 -17.8889
      vertex -2.466 -9.98461 -18.7669
      vertex -2.48696 -9.97376 -18.7704
    endloop
  endfacet
  facet normal 0.471214 0.755345 -0.455424
    outer loop
      vertex -2.34801 -9.52679 -17.8855
      vertex -2.466 -9.98461 -18.7669
      vertex -2.36848 -9.51607 -17.8889
    endloop
  endfacet
  facet normal 0.471496 0.755194 -0.455383
    outer loop
      vertex -2.34801 -9.52679 -17.8855
      vertex -2.44553 -9.99534 -18.7635
      vertex -2.466 -9.98461 -18.7669
    endloop
  endfacet
  facet normal 0.476879 0.752359 -0.454468
    outer loop
      vertex -2.32822 -9.53728 -17.8821
      vertex -2.44553 -9.99534 -18.7635
      vertex -2.34801 -9.52679 -17.8855
    endloop
  endfacet
  facet normal 0.47601 0.752831 -0.454598
    outer loop
      vertex -2.32822 -9.53728 -17.8821
      vertex -2.42574 -10.0058 -18.7601
      vertex -2.44553 -9.99534 -18.7635
    endloop
  endfacet
  facet normal 0.483861 0.748638 -0.453232
    outer loop
      vertex -2.3093 -9.54745 -17.8787
      vertex -2.42574 -10.0058 -18.7601
      vertex -2.32822 -9.53728 -17.8821
    endloop
  endfacet
  facet normal 0.482948 0.749142 -0.453374
    outer loop
      vertex -2.3093 -9.54745 -17.8787
      vertex -2.40682 -10.016 -18.7568
      vertex -2.42574 -10.0058 -18.7601
    endloop
  endfacet
  facet normal 0.488094 0.746355 -0.452458
    outer loop
      vertex -2.29144 -9.55719 -17.8755
      vertex -2.40682 -10.016 -18.7568
      vertex -2.3093 -9.54745 -17.8787
    endloop
  endfacet
  facet normal 0.486838 0.747054 -0.452658
    outer loop
      vertex -2.29144 -9.55719 -17.8755
      vertex -2.38896 -10.0257 -18.7536
      vertex -2.40682 -10.016 -18.7568
    endloop
  endfacet
  facet normal 0.495709 0.742181 -0.451043
    outer loop
      vertex -2.27483 -9.5664 -17.8724
      vertex -2.38896 -10.0257 -18.7536
      vertex -2.29144 -9.55719 -17.8755
    endloop
  endfacet
  facet normal 0.495377 0.74237 -0.451098
    outer loop
      vertex -2.27483 -9.5664 -17.8724
      vertex -2.37235 -10.0349 -18.7505
      vertex -2.38896 -10.0257 -18.7536
    endloop
  endfacet
  facet normal 0.503426 0.737859 -0.449585
    outer loop
      vertex -2.25965 -9.57499 -17.8695
      vertex -2.37235 -10.0349 -18.7505
      vertex -2.27483 -9.5664 -17.8724
    endloop
  endfacet
  facet normal 0.504027 0.737512 -0.449481
    outer loop
      vertex -2.25965 -9.57499 -17.8695
      vertex -2.35718 -10.0435 -18.7476
      vertex -2.37235 -10.0349 -18.7505
    endloop
  endfacet
  facet normal 0.511355 0.733321 -0.448059
    outer loop
      vertex -2.2461 -9.58285 -17.8669
      vertex -2.35718 -10.0435 -18.7476
      vertex -2.25965 -9.57499 -17.8695
    endloop
  endfacet
  facet normal 0.515319 0.730983 -0.447336
    outer loop
      vertex -2.2461 -9.58285 -17.8669
      vertex -2.34363 -10.0514 -18.7449
      vertex -2.35718 -10.0435 -18.7476
    endloop
  endfacet
  facet normal 0.52871 0.723052 -0.444591
    outer loop
      vertex -2.23437 -9.58989 -17.8644
      vertex -2.34363 -10.0514 -18.7449
      vertex -2.2461 -9.58285 -17.8669
    endloop
  endfacet
  facet normal 0.526636 0.724316 -0.444996
    outer loop
      vertex -2.23437 -9.58989 -17.8644
      vertex -2.33189 -10.0584 -18.7424
      vertex -2.34363 -10.0514 -18.7449
    endloop
  endfacet
  facet normal 0.546726 0.711984 -0.440647
    outer loop
      vertex -2.22464 -9.596 -17.8622
      vertex -2.33189 -10.0584 -18.7424
      vertex -2.23437 -9.58989 -17.8644
    endloop
  endfacet
  facet normal 0.54308 0.714294 -0.441416
    outer loop
      vertex -2.22464 -9.596 -17.8622
      vertex -2.32216 -10.0645 -18.7403
      vertex -2.33189 -10.0584 -18.7424
    endloop
  endfacet
  facet normal 0.576694 0.69246 -0.433501
    outer loop
      vertex -2.2171 -9.60109 -17.8603
      vertex -2.32216 -10.0645 -18.7403
      vertex -2.22464 -9.596 -17.8622
    endloop
  endfacet
  facet normal 0.577297 0.692048 -0.433356
    outer loop
      vertex -2.2171 -9.60109 -17.8603
      vertex -2.31462 -10.0696 -18.7384
      vertex -2.32216 -10.0645 -18.7403
    endloop
  endfacet
  facet normal 0.626959 0.656279 -0.419786
    outer loop
      vertex -2.21194 -9.60506 -17.8588
      vertex -2.31462 -10.0696 -18.7384
      vertex -2.2171 -9.60109 -17.8603
    endloop
  endfacet
  facet normal 0.634017 0.650797 -0.417715
    outer loop
      vertex -2.21194 -9.60506 -17.8588
      vertex -2.30946 -10.0736 -18.7368
      vertex -2.31462 -10.0696 -18.7384
    endloop
  endfacet
  facet normal 0.752284 0.542897 -0.373271
    outer loop
      vertex -2.20936 -9.60781 -17.8576
      vertex -2.30946 -10.0736 -18.7368
      vertex -2.21194 -9.60506 -17.8588
    endloop
  endfacet
  facet normal 0.750608 0.544691 -0.374031
    outer loop
      vertex -2.20936 -9.60781 -17.8576
      vertex -2.30688 -10.0764 -18.7357
      vertex -2.30946 -10.0736 -18.7368
    endloop
  endfacet
  facet normal 0.600764 -0.731084 0.323417
    outer loop
      vertex -2.21342 -9.61035 -17.8558
      vertex -2.30688 -10.0764 -18.7357
      vertex -2.20936 -9.60781 -17.8576
    endloop
  endfacet
  facet normal 0.595267 -0.734508 0.325814
    outer loop
      vertex -2.21342 -9.61035 -17.8558
      vertex -2.31095 -10.0789 -18.7339
      vertex -2.30688 -10.0764 -18.7357
    endloop
  endfacet
  facet normal 0.513274 -0.779551 0.358956
    outer loop
      vertex -2.22633 -9.61664 -17.851
      vertex -2.31095 -10.0789 -18.7339
      vertex -2.21342 -9.61035 -17.8558
    endloop
  endfacet
  facet normal 0.514003 -0.77919 0.358697
    outer loop
      vertex -2.22633 -9.61664 -17.851
      vertex -2.32385 -10.0852 -18.7291
      vertex -2.31095 -10.0789 -18.7339
    endloop
  endfacet
  facet normal 0.494244 -0.78857 0.365896
    outer loop
      vertex -2.24772 -9.62652 -17.8434
      vertex -2.32385 -10.0852 -18.7291
      vertex -2.22633 -9.61664 -17.851
    endloop
  endfacet
  facet normal 0.495899 -0.787785 0.365348
    outer loop
      vertex -2.24772 -9.62652 -17.8434
      vertex -2.34525 -10.0951 -18.7214
      vertex -2.32385 -10.0852 -18.7291
    endloop
  endfacet
  facet normal 0.487095 -0.791811 0.368474
    outer loop
      vertex -2.27724 -9.63984 -17.833
      vertex -2.34525 -10.0951 -18.7214
      vertex -2.24772 -9.62652 -17.8434
    endloop
  endfacet
  facet normal 0.486814 -0.791943 0.368563
    outer loop
      vertex -2.27724 -9.63984 -17.833
      vertex -2.37476 -10.1084 -18.711
      vertex -2.34525 -10.0951 -18.7214
    endloop
  endfacet
  facet normal 0.482598 -0.793832 0.37004
    outer loop
      vertex -2.31453 -9.65645 -17.82
      vertex -2.37476 -10.1084 -18.711
      vertex -2.27724 -9.63984 -17.833
    endloop
  endfacet
  facet normal 0.482337 -0.793954 0.370119
    outer loop
      vertex -2.31453 -9.65645 -17.82
      vertex -2.41206 -10.125 -18.698
      vertex -2.37476 -10.1084 -18.711
    endloop
  endfacet
  facet normal 0.47969 -0.795127 0.37104
    outer loop
      vertex -2.35924 -9.67619 -17.8045
      vertex -2.41206 -10.125 -18.698
      vertex -2.31453 -9.65645 -17.82
    endloop
  endfacet
  facet normal 0.479227 -0.795343 0.371175
    outer loop
      vertex -2.35924 -9.67619 -17.8045
      vertex -2.45676 -10.1447 -18.6825
      vertex -2.41206 -10.125 -18.698
    endloop
  endfacet
  facet normal 0.477824 -0.79596 0.371661
    outer loop
      vertex -2.41101 -9.69891 -17.7866
      vertex -2.45676 -10.1447 -18.6825
      vertex -2.35924 -9.67619 -17.8045
    endloop
  endfacet
  facet normal 0.478217 -0.795776 0.371549
    outer loop
      vertex -2.41101 -9.69891 -17.7866
      vertex -2.50853 -10.1675 -18.6647
      vertex -2.45676 -10.1447 -18.6825
    endloop
  endfacet
  facet normal 0.475905 -0.796789 0.372346
    outer loop
      vertex -2.46948 -9.72444 -17.7665
      vertex -2.50853 -10.1675 -18.6647
      vertex -2.41101 -9.69891 -17.7866
    endloop
  endfacet
  facet normal 0.476081 -0.796707 0.372298
    outer loop
      vertex -2.46948 -9.72444 -17.7665
      vertex -2.567 -10.193 -18.6445
      vertex -2.50853 -10.1675 -18.6647
    endloop
  endfacet
  facet normal 0.475017 -0.79717 0.372663
    outer loop
      vertex -2.5343 -9.75264 -17.7442
      vertex -2.567 -10.193 -18.6445
      vertex -2.46948 -9.72444 -17.7665
    endloop
  endfacet
  facet normal 0.474573 -0.797379 0.372782
    outer loop
      vertex -2.5343 -9.75264 -17.7442
      vertex -2.63182 -10.2212 -18.6223
      vertex -2.567 -10.193 -18.6445
    endloop
  endfacet
  facet normal 0.473624 -0.797791 0.373107
    outer loop
      vertex -2.60511 -9.78336 -17.72
      vertex -2.63182 -10.2212 -18.6223
      vertex -2.5343 -9.75264 -17.7442
    endloop
  endfacet
  facet normal 0.473857 -0.797681 0.373047
    outer loop
      vertex -2.60511 -9.78336 -17.72
      vertex -2.70263 -10.2519 -18.598
      vertex -2.63182 -10.2212 -18.6223
    endloop
  endfacet
  facet normal 0.472668 -0.798196 0.373454
    outer loop
      vertex -2.68156 -9.81642 -17.6939
      vertex -2.70263 -10.2519 -18.598
      vertex -2.60511 -9.78336 -17.72
    endloop
  endfacet
  facet normal 0.472992 -0.798043 0.373372
    outer loop
      vertex -2.68156 -9.81642 -17.6939
      vertex -2.77908 -10.285 -18.5719
      vertex -2.70263 -10.2519 -18.598
    endloop
  endfacet
  facet normal 0.472158 -0.798403 0.373657
    outer loop
      vertex -2.76328 -9.85169 -17.666
      vertex -2.77908 -10.285 -18.5719
      vertex -2.68156 -9.81642 -17.6939
    endloop
  endfacet
  facet normal 0.471582 -0.798677 0.373798
    outer loop
      vertex -2.76328 -9.85169 -17.666
      vertex -2.86081 -10.3202 -18.544
      vertex -2.77908 -10.285 -18.5719
    endloop
  endfacet
  facet normal 0.471545 -0.798693 0.373811
    outer loop
      vertex -2.84994 -9.889 -17.6364
      vertex -2.86081 -10.3202 -18.544
      vertex -2.76328 -9.85169 -17.666
    endloop
  endfacet
  facet normal 0.47118 -0.798868 0.373898
    outer loop
      vertex -2.84994 -9.889 -17.6364
      vertex -2.94746 -10.3575 -18.5145
      vertex -2.86081 -10.3202 -18.544
    endloop
  endfacet
  facet normal 0.470551 -0.799138 0.374112
    outer loop
      vertex -2.94116 -9.9282 -17.6054
      vertex -2.94746 -10.3575 -18.5145
      vertex -2.84994 -9.889 -17.6364
    endloop
  endfacet
  facet normal 0.47087 -0.798985 0.374038
    outer loop
      vertex -2.94116 -9.9282 -17.6054
      vertex -3.03868 -10.3967 -18.4834
      vertex -2.94746 -10.3575 -18.5145
    endloop
  endfacet
  facet normal 0.470318 -0.799222 0.374226
    outer loop
      vertex -3.03659 -9.96914 -17.5729
      vertex -3.03868 -10.3967 -18.4834
      vertex -2.94116 -9.9282 -17.6054
    endloop
  endfacet
  facet normal 0.470404 -0.799181 0.374206
    outer loop
      vertex -3.03659 -9.96914 -17.5729
      vertex -3.13411 -10.4377 -18.451
      vertex -3.03868 -10.3967 -18.4834
    endloop
  endfacet
  facet normal 0.469764 -0.799455 0.374424
    outer loop
      vertex -3.13588 -10.0117 -17.5392
      vertex -3.13411 -10.4377 -18.451
      vertex -3.03659 -9.96914 -17.5729
    endloop
  endfacet
  facet normal 0.469351 -0.799655 0.374516
    outer loop
      vertex -3.13588 -10.0117 -17.5392
      vertex -3.23341 -10.4802 -18.4173
      vertex -3.13411 -10.4377 -18.451
    endloop
  endfacet
  facet normal 0.468798 -0.799891 0.374704
    outer loop
      vertex -3.23868 -10.0556 -17.5043
      vertex -3.23341 -10.4802 -18.4173
      vertex -3.13588 -10.0117 -17.5392
    endloop
  endfacet
  facet normal 0.468833 -0.799874 0.374696
    outer loop
      vertex -3.23868 -10.0556 -17.5043
      vertex -3.3362 -10.5241 -18.3824
      vertex -3.23341 -10.4802 -18.4173
    endloop
  endfacet
  facet normal 0.468141 -0.80017 0.37493
    outer loop
      vertex -3.34461 -10.1008 -17.4685
      vertex -3.3362 -10.5241 -18.3824
      vertex -3.23868 -10.0556 -17.5043
    endloop
  endfacet
  facet normal 0.468973 -0.799766 0.374751
    outer loop
      vertex -3.34461 -10.1008 -17.4685
      vertex -3.44214 -10.5694 -18.3465
      vertex -3.3362 -10.5241 -18.3824
    endloop
  endfacet
  facet normal 0.467757 -0.800285 0.375163
    outer loop
      vertex -3.45334 -10.1471 -17.4317
      vertex -3.44214 -10.5694 -18.3465
      vertex -3.34461 -10.1008 -17.4685
    endloop
  endfacet
  facet normal 0.46779 -0.800269 0.375156
    outer loop
      vertex -3.45334 -10.1471 -17.4317
      vertex -3.55086 -10.6157 -18.3097
      vertex -3.44214 -10.5694 -18.3465
    endloop
  endfacet
  facet normal 0.467506 -0.80039 0.375252
    outer loop
      vertex -3.5645 -10.1944 -17.3941
      vertex -3.55086 -10.6157 -18.3097
      vertex -3.45334 -10.1471 -17.4317
    endloop
  endfacet
  facet normal 0.467506 -0.80039 0.375252
    outer loop
      vertex -3.5645 -10.1944 -17.3941
      vertex -3.66202 -10.663 -18.2721
      vertex -3.55086 -10.6157 -18.3097
    endloop
  endfacet
  facet normal 0.468386 -0.800015 0.374954
    outer loop
      vertex -3.67556 -10.2418 -17.3565
      vertex -3.66202 -10.663 -18.2721
      vertex -3.5645 -10.1944 -17.3941
    endloop
  endfacet
  facet normal 0.467823 -0.800289 0.375072
    outer loop
      vertex -3.67556 -10.2418 -17.3565
      vertex -3.77308 -10.7103 -18.2345
      vertex -3.66202 -10.663 -18.2721
    endloop
  endfacet
  facet normal 0.467749 -0.80032 0.375097
    outer loop
      vertex -3.78429 -10.2881 -17.3197
      vertex -3.77308 -10.7103 -18.2345
      vertex -3.67556 -10.2418 -17.3565
    endloop
  endfacet
  facet normal 0.467749 -0.80032 0.375097
    outer loop
      vertex -3.78429 -10.2881 -17.3197
      vertex -3.88181 -10.7566 -18.1977
      vertex -3.77308 -10.7103 -18.2345
    endloop
  endfacet
  facet normal 0.466604 -0.800807 0.375484
    outer loop
      vertex -3.89033 -10.3331 -17.2839
      vertex -3.88181 -10.7566 -18.1977
      vertex -3.78429 -10.2881 -17.3197
    endloop
  endfacet
  facet normal 0.467195 -0.800522 0.375357
    outer loop
      vertex -3.89033 -10.3331 -17.2839
      vertex -3.98785 -10.8017 -18.1619
      vertex -3.88181 -10.7566 -18.1977
    endloop
  endfacet
  facet normal 0.466696 -0.800734 0.375526
    outer loop
      vertex -3.99331 -10.3768 -17.2491
      vertex -3.98785 -10.8017 -18.1619
      vertex -3.89033 -10.3331 -17.2839
    endloop
  endfacet
  facet normal 0.465766 -0.801181 0.375728
    outer loop
      vertex -3.99331 -10.3768 -17.2491
      vertex -4.09084 -10.8453 -18.1272
      vertex -3.98785 -10.8017 -18.1619
    endloop
  endfacet
  facet normal 0.465266 -0.801392 0.375897
    outer loop
      vertex -4.09289 -10.4189 -17.2156
      vertex -4.09084 -10.8453 -18.1272
      vertex -3.99331 -10.3768 -17.2491
    endloop
  endfacet
  facet normal 0.465561 -0.801251 0.375831
    outer loop
      vertex -4.09289 -10.4189 -17.2156
      vertex -4.19042 -10.8874 -18.0936
      vertex -4.09084 -10.8453 -18.1272
    endloop
  endfacet
  facet normal 0.464485 -0.801706 0.376193
    outer loop
      vertex -4.1887 -10.4593 -17.1834
      vertex -4.19042 -10.8874 -18.0936
      vertex -4.09289 -10.4189 -17.2156
    endloop
  endfacet
  facet normal 0.465179 -0.801377 0.376037
    outer loop
      vertex -4.1887 -10.4593 -17.1834
      vertex -4.28622 -10.9279 -18.0614
      vertex -4.19042 -10.8874 -18.0936
    endloop
  endfacet
  facet normal 0.464059 -0.801849 0.376414
    outer loop
      vertex -4.28038 -10.4979 -17.1526
      vertex -4.28622 -10.9279 -18.0614
      vertex -4.1887 -10.4593 -17.1834
    endloop
  endfacet
  facet normal 0.463737 -0.802001 0.376488
    outer loop
      vertex -4.28038 -10.4979 -17.1526
      vertex -4.3779 -10.9665 -18.0307
      vertex -4.28622 -10.9279 -18.0614
    endloop
  endfacet
  facet normal 0.462967 -0.802324 0.376746
    outer loop
      vertex -4.36757 -10.5345 -17.1234
      vertex -4.3779 -10.9665 -18.0307
      vertex -4.28038 -10.4979 -17.1526
    endloop
  endfacet
  facet normal 0.463306 -0.802166 0.376667
    outer loop
      vertex -4.36757 -10.5345 -17.1234
      vertex -4.46509 -11.0031 -18.0014
      vertex -4.3779 -10.9665 -18.0307
    endloop
  endfacet
  facet normal 0.46226 -0.802605 0.377017
    outer loop
      vertex -4.4499 -10.569 -17.0959
      vertex -4.46509 -11.0031 -18.0014
      vertex -4.36757 -10.5345 -17.1234
    endloop
  endfacet
  facet normal 0.461494 -0.802959 0.3772
    outer loop
      vertex -4.4499 -10.569 -17.0959
      vertex -4.54742 -11.0375 -17.9739
      vertex -4.46509 -11.0031 -18.0014
    endloop
  endfacet
  facet normal 0.46146 -0.802973 0.377211
    outer loop
      vertex -4.52702 -10.6012 -17.0701
      vertex -4.54742 -11.0375 -17.9739
      vertex -4.4499 -10.569 -17.0959
    endloop
  endfacet
  facet normal 0.461076 -0.80315 0.377305
    outer loop
      vertex -4.52702 -10.6012 -17.0701
      vertex -4.62454 -11.0697 -17.9482
      vertex -4.54742 -11.0375 -17.9739
    endloop
  endfacet
  facet normal 0.459421 -0.803839 0.377856
    outer loop
      vertex -4.59856 -10.6309 -17.0463
      vertex -4.62454 -11.0697 -17.9482
      vertex -4.52702 -10.6012 -17.0701
    endloop
  endfacet
  facet normal 0.460668 -0.803271 0.377544
    outer loop
      vertex -4.59856 -10.6309 -17.0463
      vertex -4.69609 -11.0995 -17.9243
      vertex -4.62454 -11.0697 -17.9482
    endloop
  endfacet
  facet normal 0.458891 -0.80401 0.378136
    outer loop
      vertex -4.66418 -10.6581 -17.0245
      vertex -4.69609 -11.0995 -17.9243
      vertex -4.59856 -10.6309 -17.0463
    endloop
  endfacet
  facet normal 0.458946 -0.803985 0.378122
    outer loop
      vertex -4.66418 -10.6581 -17.0245
      vertex -4.7617 -11.1267 -17.9025
      vertex -4.69609 -11.0995 -17.9243
    endloop
  endfacet
  facet normal 0.457481 -0.804591 0.378608
    outer loop
      vertex -4.72349 -10.6826 -17.0049
      vertex -4.7617 -11.1267 -17.9025
      vertex -4.66418 -10.6581 -17.0245
    endloop
  endfacet
  facet normal 0.456412 -0.805066 0.378888
    outer loop
      vertex -4.72349 -10.6826 -17.0049
      vertex -4.82101 -11.1511 -17.8829
      vertex -4.7617 -11.1267 -17.9025
    endloop
  endfacet
  facet normal 0.454432 -0.805878 0.379542
    outer loop
      vertex -4.77615 -10.7041 -16.9875
      vertex -4.82101 -11.1511 -17.8829
      vertex -4.72349 -10.6826 -17.0049
    endloop
  endfacet
  facet normal 0.45557 -0.805379 0.379236
    outer loop
      vertex -4.77615 -10.7041 -16.9875
      vertex -4.87368 -11.1727 -17.8655
      vertex -4.82101 -11.1511 -17.8829
    endloop
  endfacet
  facet normal 0.453367 -0.80628 0.379961
    outer loop
      vertex -4.8218 -10.7227 -16.9725
      vertex -4.87368 -11.1727 -17.8655
      vertex -4.77615 -10.7041 -16.9875
    endloop
  endfacet
  facet normal 0.451391 -0.807132 0.380505
    outer loop
      vertex -4.8218 -10.7227 -16.9725
      vertex -4.91932 -11.1912 -17.8506
      vertex -4.87368 -11.1727 -17.8655
    endloop
  endfacet
  facet normal 0.447113 -0.808853 0.381899
    outer loop
      vertex -4.86007 -10.738 -16.9601
      vertex -4.91932 -11.1912 -17.8506
      vertex -4.8218 -10.7227 -16.9725
    endloop
  endfacet
  facet normal 0.449579 -0.807813 0.381205
    outer loop
      vertex -4.86007 -10.738 -16.9601
      vertex -4.95759 -11.2066 -17.8381
      vertex -4.91932 -11.1912 -17.8506
    endloop
  endfacet
  facet normal 0.443992 -0.810043 0.383016
    outer loop
      vertex -4.8906 -10.7501 -16.9503
      vertex -4.95759 -11.2066 -17.8381
      vertex -4.86007 -10.738 -16.9601
    endloop
  endfacet
  facet normal 0.441875 -0.810913 0.383623
    outer loop
      vertex -4.8906 -10.7501 -16.9503
      vertex -4.98812 -11.2186 -17.8283
      vertex -4.95759 -11.2066 -17.8381
    endloop
  endfacet
  facet normal 0.431336 -0.814988 0.386968
    outer loop
      vertex -4.91303 -10.7586 -16.9432
      vertex -4.98812 -11.2186 -17.8283
      vertex -4.8906 -10.7501 -16.9503
    endloop
  endfacet
  facet normal 0.432718 -0.814444 0.386568
    outer loop
      vertex -4.91303 -10.7586 -16.9432
      vertex -5.01056 -11.2272 -17.8213
      vertex -4.98812 -11.2186 -17.8283
    endloop
  endfacet
  facet normal 0.412066 -0.822073 0.392933
    outer loop
      vertex -4.92701 -10.7636 -16.939
      vertex -5.01056 -11.2272 -17.8213
      vertex -4.91303 -10.7586 -16.9432
    endloop
  endfacet
  facet normal 0.407456 -0.823741 0.394246
    outer loop
      vertex -4.92701 -10.7636 -16.939
      vertex -5.02453 -11.2321 -17.8171
      vertex -5.01056 -11.2272 -17.8213
    endloop
  endfacet
  facet normal 0.297478 -0.855664 0.423492
    outer loop
      vertex -4.93217 -10.7648 -16.9378
      vertex -5.02453 -11.2321 -17.8171
      vertex -4.92701 -10.7636 -16.939
    endloop
  endfacet
  facet normal 0.297478 -0.855664 0.423492
    outer loop
      vertex -4.93217 -10.7648 -16.9378
      vertex -5.02969 -11.2333 -17.8159
      vertex -5.02453 -11.2321 -17.8171
    endloop
  endfacet
  facet normal -0.847784 -0.423031 0.319856
    outer loop
      vertex -4.93397 -10.7621 -16.939
      vertex -5.02969 -11.2333 -17.8159
      vertex -4.93217 -10.7648 -16.9378
    endloop
  endfacet
  facet normal -0.839869 -0.434585 0.325201
    outer loop
      vertex -4.93397 -10.7621 -16.939
      vertex -5.0315 -11.2307 -17.8171
      vertex -5.02969 -11.2333 -17.8159
    endloop
  endfacet
  facet normal -0.864037 -0.397955 0.308337
    outer loop
      vertex -4.93807 -10.7556 -16.9421
      vertex -5.0315 -11.2307 -17.8171
      vertex -4.93397 -10.7621 -16.939
    endloop
  endfacet
  facet normal -0.865081 -0.396294 0.307547
    outer loop
      vertex -4.93807 -10.7556 -16.9421
      vertex -5.03559 -11.2241 -17.8201
      vertex -5.0315 -11.2307 -17.8171
    endloop
  endfacet
  facet normal -0.870115 -0.388121 0.303745
    outer loop
      vertex -4.94434 -10.7453 -16.9469
      vertex -5.03559 -11.2241 -17.8201
      vertex -4.93807 -10.7556 -16.9421
    endloop
  endfacet
  facet normal -0.869791 -0.388649 0.304001
    outer loop
      vertex -4.94434 -10.7453 -16.9469
      vertex -5.04187 -11.2138 -17.8249
      vertex -5.03559 -11.2241 -17.8201
    endloop
  endfacet
  facet normal -0.872252 -0.384588 0.302107
    outer loop
      vertex -4.95272 -10.7314 -16.9534
      vertex -5.04187 -11.2138 -17.8249
      vertex -4.94434 -10.7453 -16.9469
    endloop
  endfacet
  facet normal -0.872492 -0.384195 0.301914
    outer loop
      vertex -4.95272 -10.7314 -16.9534
      vertex -5.05024 -11.1999 -17.8314
      vertex -5.04187 -11.2138 -17.8249
    endloop
  endfacet
  facet normal -0.872804 -0.383676 0.301672
    outer loop
      vertex -4.96309 -10.7141 -16.9614
      vertex -5.05024 -11.1999 -17.8314
      vertex -4.95272 -10.7314 -16.9534
    endloop
  endfacet
  facet normal -0.87347 -0.382585 0.30113
    outer loop
      vertex -4.96309 -10.7141 -16.9614
      vertex -5.06061 -11.1826 -17.8395
      vertex -5.05024 -11.1999 -17.8314
    endloop
  endfacet
  facet normal -0.875028 -0.379974 0.29991
    outer loop
      vertex -4.97536 -10.6935 -16.9711
      vertex -5.06061 -11.1826 -17.8395
      vertex -4.96309 -10.7141 -16.9614
    endloop
  endfacet
  facet normal -0.874474 -0.380886 0.300369
    outer loop
      vertex -4.97536 -10.6935 -16.9711
      vertex -5.07288 -11.162 -17.8491
      vertex -5.06061 -11.1826 -17.8395
    endloop
  endfacet
  facet normal -0.875388 -0.37935 0.29965
    outer loop
      vertex -4.98943 -10.6698 -16.9822
      vertex -5.07288 -11.162 -17.8491
      vertex -4.97536 -10.6935 -16.9711
    endloop
  endfacet
  facet normal -0.875247 -0.37958 0.299768
    outer loop
      vertex -4.98943 -10.6698 -16.9822
      vertex -5.08696 -11.1383 -17.8602
      vertex -5.07288 -11.162 -17.8491
    endloop
  endfacet
  facet normal -0.875697 -0.378822 0.299413
    outer loop
      vertex -5.00522 -10.6431 -16.9946
      vertex -5.08696 -11.1383 -17.8602
      vertex -4.98943 -10.6698 -16.9822
    endloop
  endfacet
  facet normal -0.875709 -0.378803 0.299403
    outer loop
      vertex -5.00522 -10.6431 -16.9946
      vertex -5.10274 -11.1117 -17.8727
      vertex -5.08696 -11.1383 -17.8602
    endloop
  endfacet
  facet normal -0.876222 -0.377936 0.298998
    outer loop
      vertex -5.02261 -10.6137 -17.0084
      vertex -5.10274 -11.1117 -17.8727
      vertex -5.00522 -10.6431 -16.9946
    endloop
  endfacet
  facet normal -0.876211 -0.377955 0.299007
    outer loop
      vertex -5.02261 -10.6137 -17.0084
      vertex -5.12014 -11.0822 -17.8864
      vertex -5.10274 -11.1117 -17.8727
    endloop
  endfacet
  facet normal -0.876675 -0.377168 0.298639
    outer loop
      vertex -5.04153 -10.5816 -17.0234
      vertex -5.12014 -11.0822 -17.8864
      vertex -5.02261 -10.6137 -17.0084
    endloop
  endfacet
  facet normal -0.877131 -0.376418 0.298246
    outer loop
      vertex -5.04153 -10.5816 -17.0234
      vertex -5.13905 -11.0501 -17.9015
      vertex -5.12014 -11.0822 -17.8864
    endloop
  endfacet
  facet normal -0.876882 -0.376841 0.298444
    outer loop
      vertex -5.06187 -10.5471 -17.0396
      vertex -5.13905 -11.0501 -17.9015
      vertex -5.04153 -10.5816 -17.0234
    endloop
  endfacet
  facet normal -0.876554 -0.377379 0.298728
    outer loop
      vertex -5.06187 -10.5471 -17.0396
      vertex -5.15939 -11.0156 -17.9176
      vertex -5.13905 -11.0501 -17.9015
    endloop
  endfacet
  facet normal -0.877342 -0.37604 0.298102
    outer loop
      vertex -5.08353 -10.5102 -17.0568
      vertex -5.15939 -11.0156 -17.9176
      vertex -5.06187 -10.5471 -17.0396
    endloop
  endfacet
  facet normal -0.877262 -0.376172 0.298172
    outer loop
      vertex -5.08353 -10.5102 -17.0568
      vertex -5.18105 -10.9788 -17.9349
      vertex -5.15939 -11.0156 -17.9176
    endloop
  endfacet
  facet normal -0.87735 -0.376022 0.298102
    outer loop
      vertex -5.10642 -10.4713 -17.0751
      vertex -5.18105 -10.9788 -17.9349
      vertex -5.08353 -10.5102 -17.0568
    endloop
  endfacet
  facet normal -0.877426 -0.375898 0.298035
    outer loop
      vertex -5.10642 -10.4713 -17.0751
      vertex -5.20394 -10.9398 -17.9531
      vertex -5.18105 -10.9788 -17.9349
    endloop
  endfacet
  facet normal -0.87796 -0.374988 0.297609
    outer loop
      vertex -5.13044 -10.4303 -17.0943
      vertex -5.20394 -10.9398 -17.9531
      vertex -5.10642 -10.4713 -17.0751
    endloop
  endfacet
  facet normal -0.87796 -0.374988 0.297609
    outer loop
      vertex -5.13044 -10.4303 -17.0943
      vertex -5.22796 -10.8988 -17.9723
      vertex -5.20394 -10.9398 -17.9531
    endloop
  endfacet
  facet normal -0.87796 -0.374988 0.297609
    outer loop
      vertex -5.1555 -10.3875 -17.1143
      vertex -5.22796 -10.8988 -17.9723
      vertex -5.13044 -10.4303 -17.0943
    endloop
  endfacet
  facet normal -0.877891 -0.3751 0.29767
    outer loop
      vertex -5.1555 -10.3875 -17.1143
      vertex -5.25302 -10.8561 -17.9924
      vertex -5.22796 -10.8988 -17.9723
    endloop
  endfacet
  facet normal -0.878244 -0.374498 0.297388
    outer loop
      vertex -5.18151 -10.3431 -17.1352
      vertex -5.25302 -10.8561 -17.9924
      vertex -5.1555 -10.3875 -17.1143
    endloop
  endfacet
  facet normal -0.878309 -0.374391 0.297329
    outer loop
      vertex -5.18151 -10.3431 -17.1352
      vertex -5.27903 -10.8116 -18.0132
      vertex -5.25302 -10.8561 -17.9924
    endloop
  endfacet
  facet normal -0.878641 -0.373823 0.297063
    outer loop
      vertex -5.20835 -10.2971 -17.1567
      vertex -5.27903 -10.8116 -18.0132
      vertex -5.18151 -10.3431 -17.1352
    endloop
  endfacet
  facet normal -0.87826 -0.374446 0.297405
    outer loop
      vertex -5.20835 -10.2971 -17.1567
      vertex -5.30588 -10.7657 -18.0347
      vertex -5.27903 -10.8116 -18.0132
    endloop
  endfacet
  facet normal -0.878843 -0.373447 0.296937
    outer loop
      vertex -5.23595 -10.2498 -17.1789
      vertex -5.30588 -10.7657 -18.0347
      vertex -5.20835 -10.2971 -17.1567
    endloop
  endfacet
  facet normal -0.878913 -0.373332 0.296874
    outer loop
      vertex -5.23595 -10.2498 -17.1789
      vertex -5.33347 -10.7184 -18.0569
      vertex -5.30588 -10.7657 -18.0347
    endloop
  endfacet
  facet normal -0.878751 -0.37361 0.297004
    outer loop
      vertex -5.2642 -10.2014 -17.2016
      vertex -5.33347 -10.7184 -18.0569
      vertex -5.23595 -10.2498 -17.1789
    endloop
  endfacet
  facet normal -0.878975 -0.373246 0.296802
    outer loop
      vertex -5.2642 -10.2014 -17.2016
      vertex -5.36173 -10.6699 -18.0796
      vertex -5.33347 -10.7184 -18.0569
    endloop
  endfacet
  facet normal -0.879263 -0.372751 0.29657
    outer loop
      vertex -5.29301 -10.1519 -17.2248
      vertex -5.36173 -10.6699 -18.0796
      vertex -5.2642 -10.2014 -17.2016
    endloop
  endfacet
  facet normal -0.878978 -0.373217 0.296829
    outer loop
      vertex -5.29301 -10.1519 -17.2248
      vertex -5.39054 -10.6205 -18.1028
      vertex -5.36173 -10.6699 -18.0796
    endloop
  endfacet
  facet normal -0.878433 -0.37415 0.297267
    outer loop
      vertex -5.34105 -10.0697 -17.2633
      vertex -5.39054 -10.6205 -18.1028
      vertex -5.29301 -10.1519 -17.2248
    endloop
  endfacet
  facet normal -0.878474 -0.374086 0.297227
    outer loop
      vertex -5.34105 -10.0697 -17.2633
      vertex -5.43857 -10.5383 -18.1413
      vertex -5.39054 -10.6205 -18.1028
    endloop
  endfacet
  facet normal -0.878577 -0.373909 0.297144
    outer loop
      vertex -5.3845 -9.99534 -17.2982
      vertex -5.43857 -10.5383 -18.1413
      vertex -5.34105 -10.0697 -17.2633
    endloop
  endfacet
  facet normal -0.878609 -0.373858 0.297114
    outer loop
      vertex -5.3845 -9.99534 -17.2982
      vertex -5.48203 -10.4639 -18.1762
      vertex -5.43857 -10.5383 -18.1413
    endloop
  endfacet
  facet normal -0.878898 -0.373364 0.296882
    outer loop
      vertex -5.42359 -9.92829 -17.3296
      vertex -5.48203 -10.4639 -18.1762
      vertex -5.3845 -9.99534 -17.2982
    endloop
  endfacet
  facet normal -0.879053 -0.373114 0.296734
    outer loop
      vertex -5.42359 -9.92829 -17.3296
      vertex -5.52111 -10.3968 -18.2076
      vertex -5.48203 -10.4639 -18.1762
    endloop
  endfacet
  facet normal -0.879523 -0.372307 0.296356
    outer loop
      vertex -5.45852 -9.86822 -17.3578
      vertex -5.52111 -10.3968 -18.2076
      vertex -5.42359 -9.92829 -17.3296
    endloop
  endfacet
  facet normal -0.879358 -0.372574 0.29651
    outer loop
      vertex -5.45852 -9.86822 -17.3578
      vertex -5.55604 -10.3368 -18.2358
      vertex -5.52111 -10.3968 -18.2076
    endloop
  endfacet
  facet normal -0.880195 -0.371132 0.295833
    outer loop
      vertex -5.48951 -9.81473 -17.3829
      vertex -5.55604 -10.3368 -18.2358
      vertex -5.45852 -9.86822 -17.3578
    endloop
  endfacet
  facet normal -0.880222 -0.371089 0.295809
    outer loop
      vertex -5.48951 -9.81473 -17.3829
      vertex -5.58703 -10.2833 -18.2609
      vertex -5.55604 -10.3368 -18.2358
    endloop
  endfacet
  facet normal -0.881271 -0.369273 0.294956
    outer loop
      vertex -5.51676 -9.76743 -17.4051
      vertex -5.58703 -10.2833 -18.2609
      vertex -5.48951 -9.81473 -17.3829
    endloop
  endfacet
  facet normal -0.881271 -0.369273 0.294956
    outer loop
      vertex -5.51676 -9.76743 -17.4051
      vertex -5.61428 -10.236 -18.2831
      vertex -5.58703 -10.2833 -18.2609
    endloop
  endfacet
  facet normal -0.882721 -0.366746 0.293769
    outer loop
      vertex -5.5405 -9.72591 -17.4246
      vertex -5.61428 -10.236 -18.2831
      vertex -5.51676 -9.76743 -17.4051
    endloop
  endfacet
  facet normal -0.882919 -0.366414 0.293589
    outer loop
      vertex -5.5405 -9.72591 -17.4246
      vertex -5.63802 -10.1945 -18.3027
      vertex -5.61428 -10.236 -18.2831
    endloop
  endfacet
  facet normal -0.884888 -0.36295 0.291959
    outer loop
      vertex -5.56092 -9.6898 -17.4416
      vertex -5.63802 -10.1945 -18.3027
      vertex -5.5405 -9.72591 -17.4246
    endloop
  endfacet
  facet normal -0.885132 -0.362534 0.291737
    outer loop
      vertex -5.56092 -9.6898 -17.4416
      vertex -5.65845 -10.1583 -18.3197
      vertex -5.63802 -10.1945 -18.3027
    endloop
  endfacet
  facet normal -0.887701 -0.357954 0.289578
    outer loop
      vertex -5.57826 -9.65869 -17.4563
      vertex -5.65845 -10.1583 -18.3197
      vertex -5.56092 -9.6898 -17.4416
    endloop
  endfacet
  facet normal -0.887422 -0.358439 0.289833
    outer loop
      vertex -5.57826 -9.65869 -17.4563
      vertex -5.67578 -10.1272 -18.3343
      vertex -5.65845 -10.1583 -18.3197
    endloop
  endfacet
  facet normal -0.891451 -0.351138 0.286385
    outer loop
      vertex -5.59271 -9.6322 -17.4688
      vertex -5.67578 -10.1272 -18.3343
      vertex -5.57826 -9.65869 -17.4563
    endloop
  endfacet
  facet normal -0.891889 -0.350356 0.28598
    outer loop
      vertex -5.59271 -9.6322 -17.4688
      vertex -5.69023 -10.1007 -18.3469
      vertex -5.67578 -10.1272 -18.3343
    endloop
  endfacet
  facet normal -0.897168 -0.340516 0.281316
    outer loop
      vertex -5.60449 -9.60992 -17.4794
      vertex -5.69023 -10.1007 -18.3469
      vertex -5.59271 -9.6322 -17.4688
    endloop
  endfacet
  facet normal -0.896142 -0.34241 0.282286
    outer loop
      vertex -5.60449 -9.60992 -17.4794
      vertex -5.70202 -10.0785 -18.3574
      vertex -5.69023 -10.1007 -18.3469
    endloop
  endfacet
  facet normal -0.904458 -0.326377 0.274653
    outer loop
      vertex -5.61382 -9.59147 -17.4882
      vertex -5.70202 -10.0785 -18.3574
      vertex -5.60449 -9.60992 -17.4794
    endloop
  endfacet
  facet normal -0.905434 -0.324477 0.273688
    outer loop
      vertex -5.61382 -9.59147 -17.4882
      vertex -5.71134 -10.06 -18.3663
      vertex -5.70202 -10.0785 -18.3574
    endloop
  endfacet
  facet normal -0.915008 -0.304832 0.264269
    outer loop
      vertex -5.6209 -9.57646 -17.4954
      vertex -5.71134 -10.06 -18.3663
      vertex -5.61382 -9.59147 -17.4882
    endloop
  endfacet
  facet normal -0.914942 -0.30497 0.264339
    outer loop
      vertex -5.6209 -9.57646 -17.4954
      vertex -5.71842 -10.045 -18.3735
      vertex -5.71134 -10.06 -18.3663
    endloop
  endfacet
  facet normal -0.930411 -0.270286 0.24755
    outer loop
      vertex -5.62595 -9.56448 -17.5013
      vertex -5.71842 -10.045 -18.3735
      vertex -5.6209 -9.57646 -17.4954
    endloop
  endfacet
  facet normal -0.929928 -0.271419 0.248123
    outer loop
      vertex -5.62595 -9.56448 -17.5013
      vertex -5.72347 -10.033 -18.3793
      vertex -5.71842 -10.045 -18.3735
    endloop
  endfacet
  facet normal -0.950038 -0.219017 0.222393
    outer loop
      vertex -5.62918 -9.55514 -17.5059
      vertex -5.72347 -10.033 -18.3793
      vertex -5.62595 -9.56448 -17.5013
    endloop
  endfacet
  facet normal -0.949537 -0.220446 0.223121
    outer loop
      vertex -5.62918 -9.55514 -17.5059
      vertex -5.72671 -10.0237 -18.3839
      vertex -5.72347 -10.033 -18.3793
    endloop
  endfacet
  facet normal -0.974723 -0.133206 0.179362
    outer loop
      vertex -5.63081 -9.54806 -17.5095
      vertex -5.72671 -10.0237 -18.3839
      vertex -5.62918 -9.55514 -17.5059
    endloop
  endfacet
  facet normal -0.97503 -0.131877 0.178673
    outer loop
      vertex -5.63081 -9.54806 -17.5095
      vertex -5.72833 -10.0166 -18.3875
      vertex -5.72671 -10.0237 -18.3839
    endloop
  endfacet
  facet normal -0.994498 0.0119794 0.104067
    outer loop
      vertex -5.63104 -9.54283 -17.5123
      vertex -5.72833 -10.0166 -18.3875
      vertex -5.63081 -9.54806 -17.5095
    endloop
  endfacet
  facet normal -0.994501 0.012033 0.104038
    outer loop
      vertex -5.63104 -9.54283 -17.5123
      vertex -5.72856 -10.0114 -18.3903
      vertex -5.72833 -10.0166 -18.3875
    endloop
  endfacet
  facet normal -0.971218 0.237445 -0.0188456
    outer loop
      vertex -5.63008 -9.53907 -17.5144
      vertex -5.72856 -10.0114 -18.3903
      vertex -5.63104 -9.54283 -17.5123
    endloop
  endfacet
  facet normal -0.971679 0.235631 -0.0178157
    outer loop
      vertex -5.63008 -9.53907 -17.5144
      vertex -5.7276 -10.0076 -18.3924
      vertex -5.72856 -10.0114 -18.3903
    endloop
  endfacet
endsolid OpenSCAD_Model
