ISO-10303-21;
HEADER;
FILE_DESCRIPTION (( 'STEP AP214' ),
    '1' );
FILE_NAME ('lxt release button v2.STEP',
    '2026-08-09T13:27:16',
    ( '' ),
    ( '' ),
    'SwSTEP 2.0',
    'SolidWorks 2026',
    '' );
FILE_SCHEMA (( 'AUTOMOTIVE_DESIGN' ));
ENDSEC;

DATA;
#1 = CYLINDRICAL_SURFACE ( 'NONE', #2304, 1.000000000000000444 ) ;
#2 = AXIS2_PLACEMENT_3D ( 'NONE', #4574, #3869, #4630 ) ;
#3 = CARTESIAN_POINT ( 'NONE',  ( 17.40328888686448749, -12.47943115743055387, -3.420316790709421184 ) ) ;
#4 = EDGE_LOOP ( 'NONE', ( #1342, #532, #1763, #2279 ) ) ;
#5 = AXIS2_PLACEMENT_3D ( 'NONE', #3635, #3655, #2167 ) ;
#6 = ORIENTED_EDGE ( 'NONE', *, *, #724, .T. ) ;
#7 = CARTESIAN_POINT ( 'NONE',  ( 5.253906202010195869, 8.152992630023465637, -31.46702525451300403 ) ) ;
#8 = DIRECTION ( 'NONE',  ( -0.7470778262826889282, -0.2962018438469778969, -0.5950959495563576951 ) ) ;
#9 = DIRECTION ( 'NONE',  ( 0.7218293686107699614, 0.3097661803695447857, 0.6188758163882636110 ) ) ;
#10 = CIRCLE ( 'NONE', #2309, 2.841969467183057318 ) ;
#11 = CIRCLE ( 'NONE', #1613, 2.841969467183057763 ) ;
#12 = PLANE ( 'NONE',  #4679 ) ;
#13 = EDGE_LOOP ( 'NONE', ( #847, #772, #4634, #22, #2211, #4654, #4739, #2353, #2365, #301, #1596, #2695, #4629, #3971, #2095, #1932, #1816, #3745, #1951, #712, #1151, #2308, #198, #3720 ) ) ;
#14 = CARTESIAN_POINT ( 'NONE',  ( 25.53603436368496560, 15.46284505210169868, -21.53573422954854166 ) ) ;
#15 = AXIS2_PLACEMENT_3D ( 'NONE', #795, #3387, #96 ) ;
#16 = DIRECTION ( 'NONE',  ( -0.6717662746973354082, 0.000000000000000000, -0.7407631687518380081 ) ) ;
#17 = CYLINDRICAL_SURFACE ( 'NONE', #991, 11.31869210692803662 ) ;
#18 = CARTESIAN_POINT ( 'NONE',  ( 5.425170112617509588, -17.33963483050452226, -17.50773004979894765 ) ) ;
#19 = DIRECTION ( 'NONE',  ( 0.6915197032147285539, -0.3585166444257751883, -0.6271094926211021603 ) ) ;
#20 = LINE ( 'NONE', #3716, #1373 ) ;
#21 = EDGE_CURVE ( 'NONE', #3188, #1485, #2982, .T. ) ;
#22 = ORIENTED_EDGE ( 'NONE', *, *, #4360, .T. ) ;
#23 = B_SPLINE_CURVE_WITH_KNOTS ( 'NONE', 3,
 ( #2346, #807, #473, #108 ),
 .UNSPECIFIED., .F., .F.,
 ( 4, 4 ),
 ( 0.000000000000000000, 1.000000000000000000 ),
 .UNSPECIFIED. ) ;
#24 = ADVANCED_FACE ( 'NONE', ( #3549 ), #2852, .T. ) ;
#25 = CARTESIAN_POINT ( 'NONE',  ( 7.289072324442637196, 9.734014305474547157, -29.46171190886992619 ) ) ;
#26 = ORIENTED_EDGE ( 'NONE', *, *, #3717, .F. ) ;
#27 = DIRECTION ( 'NONE',  ( 0.6641625243868720663, -0.3698022965487176017, -0.6497187104180945916 ) ) ;
#28 = DIRECTION ( 'NONE',  ( 0.000000000000000000, 0.4731777794655601665, 0.8809669625020236650 ) ) ;
#29 = EDGE_CURVE ( 'NONE', #4222, #522, #4308, .T. ) ;
#30 = EDGE_LOOP ( 'NONE', ( #4528, #1630, #2289, #1227 ) ) ;
#31 = ORIENTED_EDGE ( 'NONE', *, *, #947, .T. ) ;
#32 = ORIENTED_EDGE ( 'NONE', *, *, #466, .T. ) ;
#33 = CARTESIAN_POINT ( 'NONE',  ( -18.89932264776101078, 7.223603307049451416, -23.82545954423741819 ) ) ;
#34 = CARTESIAN_POINT ( 'NONE',  ( -10.44948772435931339, 8.892278190230875623, -27.83632677023202007 ) ) ;
#35 = CARTESIAN_POINT ( 'NONE',  ( 15.65936688749835426, -7.461755610967345298, -9.825104607420435343 ) ) ;
#36 = PLANE ( 'NONE',  #918 ) ;
#37 = ORIENTED_EDGE ( 'NONE', *, *, #1010, .T. ) ;
#38 = DIRECTION ( 'NONE',  ( -0.02761996880506016952, -0.8806308699840952325, 0.4729972601974173352 ) ) ;
#39 = DIRECTION ( 'NONE',  ( -0.6641625243868698458, 0.3698022965487182678, 0.6497187104180964790 ) ) ;
#40 = PLANE ( 'NONE',  #3224 ) ;
#41 = CARTESIAN_POINT ( 'NONE',  ( -18.29986678061103333, 11.51971567719125389, -21.63253167629160956 ) ) ;
#42 = CYLINDRICAL_SURFACE ( 'NONE', #1074, 0.5000000000000011102 ) ;
#43 = CARTESIAN_POINT ( 'NONE',  ( -1.863659782343083382, -8.507006651045395884, -3.280596895174819672 ) ) ;
#44 = VERTEX_POINT ( 'NONE', #4022 ) ;
#45 = EDGE_CURVE ( 'NONE', #2886, #1180, #2610, .T. ) ;
#46 = EDGE_CURVE ( 'NONE', #1216, #3382, #1496, .T. ) ;
#47 = ORIENTED_EDGE ( 'NONE', *, *, #1548, .T. ) ;
#48 = DIRECTION ( 'NONE',  ( -0.02433435829992358981, -0.9997038756582525831, 0.000000000000000000 ) ) ;
#49 = PLANE ( 'NONE',  #852 ) ;
#50 = ORIENTED_EDGE ( 'NONE', *, *, #1270, .T. ) ;
#51 = EDGE_CURVE ( 'NONE', #4388, #1199, #2566, .T. ) ;
#52 = ORIENTED_EDGE ( 'NONE', *, *, #2839, .T. ) ;
#53 = LINE ( 'NONE', #2011, #4585 ) ;
#54 = LINE ( 'NONE', #2634, #3380 ) ;
#55 = DIRECTION ( 'NONE',  ( 0.1413116536591180750, 0.000000000000000000, 0.9899651592556808488 ) ) ;
#56 = DIRECTION ( 'NONE',  ( 0.07312074838872179017, 0.000000000000000000, 0.9973230951677963807 ) ) ;
#57 = ORIENTED_EDGE ( 'NONE', *, *, #1566, .T. ) ;
#58 = DIRECTION ( 'NONE',  ( -0.6717662746973354082, 0.000000000000000000, -0.7407631687518380081 ) ) ;
#59 = FACE_OUTER_BOUND ( 'NONE', #702, .T. ) ;
#60 = CARTESIAN_POINT ( 'NONE',  ( -10.19326865500596746, -14.52544507135554674, -8.841065042806398822 ) ) ;
#61 = CARTESIAN_POINT ( 'NONE',  ( 6.266395305154680351, -16.01319912873682583, -18.68371559602426046 ) ) ;
#62 = CARTESIAN_POINT ( 'NONE',  ( 12.31576048776263832, -6.857352447464610812, -12.04792460898670292 ) ) ;
#63 = AXIS2_PLACEMENT_3D ( 'NONE', #3235, #2442, #614 ) ;
#64 = DIRECTION ( 'NONE',  ( 0.6915197032147274436, -0.3585166444257750218, -0.6271094926211033815 ) ) ;
#65 = ORIENTED_EDGE ( 'NONE', *, *, #288, .F. ) ;
#66 = CIRCLE ( 'NONE', #2286, 0.9999999999999992228 ) ;
#67 = CARTESIAN_POINT ( 'NONE',  ( -17.79458622258349365, 11.73655200344993510, -21.19931860481982611 ) ) ;
#68 = VECTOR ( 'NONE', #1683, 1000.000000000000000 ) ;
#69 = ORIENTED_EDGE ( 'NONE', *, *, #2896, .F. ) ;
#70 = DIRECTION ( 'NONE',  ( -0.02761996880506011401, -0.8806308699840951215, 0.4729972601974173352 ) ) ;
#71 = DIRECTION ( 'NONE',  ( 0.6508913630218419177, 0.000000000000000000, -0.7591708856005799921 ) ) ;
#72 = VECTOR ( 'NONE', #4548, 1000.000000000000000 ) ;
#73 = EDGE_LOOP ( 'NONE', ( #2557, #1808, #468, #3260 ) ) ;
#74 = VECTOR ( 'NONE', #4045, 1000.000000000000227 ) ;
#75 = CARTESIAN_POINT ( 'NONE',  ( 7.158904224185188347, 2.908921496036620979, -24.41724856115813580 ) ) ;
#76 = ADVANCED_FACE ( 'NONE', ( #2249 ), #733, .F. ) ;
#77 = EDGE_CURVE ( 'NONE', #1997, #1377, #3711, .T. ) ;
#78 = LINE ( 'NONE', #1539, #3237 ) ;
#79 = CARTESIAN_POINT ( 'NONE',  ( -15.05385543656006675, -15.97058009153895597, -15.69838866847223002 ) ) ;
#80 = ORIENTED_EDGE ( 'NONE', *, *, #3399, .T. ) ;
#81 = VECTOR ( 'NONE', #2090, 1000.000000000000114 ) ;
#82 = VECTOR ( 'NONE', #4172, 1000.000000000000227 ) ;
#83 = DIRECTION ( 'NONE',  ( 0.02761996880506017993, 0.8806308699840952325, -0.4729972601974169466 ) ) ;
#84 = CARTESIAN_POINT ( 'NONE',  ( 7.359832646836903969, 6.756449552502053812, -30.77288449512999691 ) ) ;
#85 = CYLINDRICAL_SURFACE ( 'NONE', #1215, 1.000000000000000666 ) ;
#86 = AXIS2_PLACEMENT_3D ( 'NONE', #4400, #1111, #2586 ) ;
#87 = VECTOR ( 'NONE', #4262, 1000.000000000000114 ) ;
#88 = DIRECTION ( 'NONE',  ( 0.000000000000000000, 0.8844535131362523117, -0.4666283136511771290 ) ) ;
#89 = PLANE ( 'NONE',  #1224 ) ;
#90 = VECTOR ( 'NONE', #1058, 999.9999999999998863 ) ;
#91 = DIRECTION ( 'NONE',  ( 0.7470778262826895944, 0.2962018438469778414, 0.5950959495563569179 ) ) ;
#92 = ORIENTED_EDGE ( 'NONE', *, *, #3334, .T. ) ;
#93 = AXIS2_PLACEMENT_3D ( 'NONE', #4412, #3248, #3272 ) ;
#94 = ORIENTED_EDGE ( 'NONE', *, *, #4102, .F. ) ;
#95 = CYLINDRICAL_SURFACE ( 'NONE', #4673, 1.397629479600044355 ) ;
#96 = DIRECTION ( 'NONE',  ( 0.000000000000000000, -0.4731777794655595559, -0.8809669625020238870 ) ) ;
#97 = ORIENTED_EDGE ( 'NONE', *, *, #2991, .F. ) ;
#98 = CARTESIAN_POINT ( 'NONE',  ( 8.203744377228472828, 36.22244547077202981, -42.31033646512339885 ) ) ;
#99 = CARTESIAN_POINT ( 'NONE',  ( 13.97401415781262024, -12.45012621190181434, -13.07980111724991623 ) ) ;
#100 = CARTESIAN_POINT ( 'NONE',  ( -14.97009161796013998, -16.30425553678566075, -16.16971342744540863 ) ) ;
#101 = EDGE_LOOP ( 'NONE', ( #122, #1995, #816, #2936 ) ) ;
#102 = ORIENTED_EDGE ( 'NONE', *, *, #4699, .T. ) ;
#103 = ADVANCED_FACE ( 'NONE', ( #3301 ), #4402, .T. ) ;
#104 = ADVANCED_FACE ( 'NONE', ( #2222 ), #443, .F. ) ;
#105 = CARTESIAN_POINT ( 'NONE',  ( 20.56809946960872537, -19.15618867939280534, -15.66636407914516127 ) ) ;
#106 = PLANE ( 'NONE',  #1835 ) ;
#107 = CARTESIAN_POINT ( 'NONE',  ( 20.13322755097098593, 13.32884354139683403, -19.69321396401901936 ) ) ;
#108 = CARTESIAN_POINT ( 'NONE',  ( -13.19908863629879292, -14.54387053756380865, -16.98165711425369295 ) ) ;
#109 = ORIENTED_EDGE ( 'NONE', *, *, #2517, .F. ) ;
#110 = EDGE_CURVE ( 'NONE', #1264, #3414, #2948, .T. ) ;
#111 = LINE ( 'NONE', #3788, #1915 ) ;
#112 = ORIENTED_EDGE ( 'NONE', *, *, #600, .F. ) ;
#113 = VERTEX_POINT ( 'NONE', #4728 ) ;
#114 = CARTESIAN_POINT ( 'NONE',  ( 8.239842159393884202, -16.34191111973357380, -15.65245926072427274 ) ) ;
#115 = DIRECTION ( 'NONE',  ( 0.7218293686107700724, 0.3097661803695450078, 0.6188758163882634999 ) ) ;
#116 = ORIENTED_EDGE ( 'NONE', *, *, #2034, .F. ) ;
#117 = ORIENTED_EDGE ( 'NONE', *, *, #3405, .F. ) ;
#118 = FACE_OUTER_BOUND ( 'NONE', #3858, .T. ) ;
#119 = CARTESIAN_POINT ( 'NONE',  ( -12.32681592936105019, -14.08470267841006240, -16.17894507782972369 ) ) ;
#120 = CARTESIAN_POINT ( 'NONE',  ( 13.93263960008566826, -15.74696098643454256, -9.706498786387085076 ) ) ;
#121 = ORIENTED_EDGE ( 'NONE', *, *, #4425, .T. ) ;
#122 = ORIENTED_EDGE ( 'NONE', *, *, #1744, .F. ) ;
#123 = DIRECTION ( 'NONE',  ( -0.7218293686107689622, -0.3097661803695453964, -0.6188758163882644991 ) ) ;
#124 = CARTESIAN_POINT ( 'NONE',  ( -18.66065530925386895, 0.01638929396907828212, -15.45395896452757789 ) ) ;
#125 = DIRECTION ( 'NONE',  ( -0.2593423818113965162, -0.4506628343277029880, -0.8541923312416902503 ) ) ;
#126 = CARTESIAN_POINT ( 'NONE',  ( 39.68866457483495935, -7.978260607429052520, -3.252469901568237454 ) ) ;
#127 = ORIENTED_EDGE ( 'NONE', *, *, #1395, .T. ) ;
#128 = CARTESIAN_POINT ( 'NONE',  ( -23.44230826771697096, 20.18283814749043970, -15.60802266280922623 ) ) ;
#129 = EDGE_LOOP ( 'NONE', ( #883, #3316, #1257, #155 ) ) ;
#130 = EDGE_CURVE ( 'NONE', #780, #3873, #66, .T. ) ;
#131 = EDGE_CURVE ( 'NONE', #1485, #2765, #713, .T. ) ;
#132 = EDGE_CURVE ( 'NONE', #3414, #381, #3999, .T. ) ;
#133 = CARTESIAN_POINT ( 'NONE',  ( 6.242126200454157114, -16.78699155902522477, -18.26810252593676509 ) ) ;
#134 = ORIENTED_EDGE ( 'NONE', *, *, #542, .T. ) ;
#135 = VECTOR ( 'NONE', #3630, 1000.000000000000114 ) ;
#136 = CARTESIAN_POINT ( 'NONE',  ( 5.181009080103110342, -11.20519417619876990, -20.55940151217087930 ) ) ;
#137 = CARTESIAN_POINT ( 'NONE',  ( 23.30129411984555077, 11.57950610364064481, -28.89626653156555491 ) ) ;
#138 = VECTOR ( 'NONE', #4017, 1000.000000000000000 ) ;
#139 = EDGE_LOOP ( 'NONE', ( #828, #3794, #4300, #1455 ) ) ;
#140 = APPLICATION_CONTEXT ( 'automotive_design' ) ;
#141 = EDGE_LOOP ( 'NONE', ( #4320, #1739, #1561, #4269 ) ) ;
#142 = DIRECTION ( 'NONE',  ( 0.7218293686107698504, 0.3097661803695450633, 0.6188758163882636110 ) ) ;
#143 = VECTOR ( 'NONE', #2783, 1000.000000000000114 ) ;
#144 = CARTESIAN_POINT ( 'NONE',  ( -23.44230826771697096, 20.18283814749043970, -15.60802266280922623 ) ) ;
#145 = CARTESIAN_POINT ( 'NONE',  ( 17.48338679639940807, -9.925601634468785406, -4.792008845286169993 ) ) ;
#146 = ORIENTED_EDGE ( 'NONE', *, *, #1082, .F. ) ;
#147 = VERTEX_POINT ( 'NONE', #4093 ) ;
#148 = CIRCLE ( 'NONE', #4131, 0.5000000000000003331 ) ;
#149 = ORIENTED_EDGE ( 'NONE', *, *, #3097, .T. ) ;
#150 = CARTESIAN_POINT ( 'NONE',  ( -2.008642582135548693, -9.650593942037454909, -18.08486074724518744 ) ) ;
#151 = CARTESIAN_POINT ( 'NONE',  ( -15.07622879913761693, -15.82722914124162017, -16.41247981877731377 ) ) ;
#152 = CARTESIAN_POINT ( 'NONE',  ( 14.75774297267382984, 12.43497263654481877, -26.36226435807936852 ) ) ;
#153 = VECTOR ( 'NONE', #1196, 1000.000000000000114 ) ;
#154 = LINE ( 'NONE', #4638, #2543 ) ;
#155 = ORIENTED_EDGE ( 'NONE', *, *, #978, .T. ) ;
#156 = VECTOR ( 'NONE', #3596, 1000.000000000000114 ) ;
#157 = DIRECTION ( 'NONE',  ( -0.6641625243868696238, 0.3698022965487184899, 0.6497187104180968120 ) ) ;
#158 = VECTOR ( 'NONE', #4489, 1000.000000000000114 ) ;
#159 = AXIS2_PLACEMENT_3D ( 'NONE', #2967, #1177, #1246 ) ;
#160 = EDGE_CURVE ( 'NONE', #872, #3673, #3327, .T. ) ;
#161 = EDGE_CURVE ( 'NONE', #663, #3050, #2178, .T. ) ;
#162 = CIRCLE ( 'NONE', #4080, 1.397629479600044355 ) ;
#163 = FACE_OUTER_BOUND ( 'NONE', #4121, .T. ) ;
#164 = ORIENTED_EDGE ( 'NONE', *, *, #2015, .F. ) ;
#165 = CIRCLE ( 'NONE', #3930, 2.000000000000001776 ) ;
#166 = CARTESIAN_POINT ( 'NONE',  ( 4.977816842356920013, -16.36333326330047555, -18.35375475130899403 ) ) ;
#167 = CARTESIAN_POINT ( 'NONE',  ( -13.68821506459705972, -15.04283698516356615, -16.98521708372935279 ) ) ;
#168 = EDGE_LOOP ( 'NONE', ( #4108, #1200, #3896, #342 ) ) ;
#169 = ADVANCED_FACE ( 'NONE', ( #354 ), #4424, .F. ) ;
#170 = ORIENTED_EDGE ( 'NONE', *, *, #723, .T. ) ;
#171 = DIRECTION ( 'NONE',  ( 0.6641625243868706230, -0.3698022965487179348, -0.6497187104180959238 ) ) ;
#172 = CARTESIAN_POINT ( 'NONE',  ( -11.93717265299429009, -13.97961909761344046, -15.96054681422623744 ) ) ;
#173 = CARTESIAN_POINT ( 'NONE',  ( -11.43141820811570319, 12.61503659761419804, -28.58345384184987736 ) ) ;
#174 = EDGE_LOOP ( 'NONE', ( #1616, #1581, #2156, #2052, #1083 ) ) ;
#175 = VERTEX_POINT ( 'NONE', #1905 ) ;
#176 = CARTESIAN_POINT ( 'NONE',  ( 13.87734426699490697, -15.53233425684614311, -11.42431070655896086 ) ) ;
#177 = CYLINDRICAL_SURFACE ( 'NONE', #3300, 2.841969467183057763 ) ;
#178 = CARTESIAN_POINT ( 'NONE',  ( -18.93451048266814496, -10.00954859676292230, -5.753510129757722247 ) ) ;
#179 = DIRECTION ( 'NONE',  ( 0.7218293686107699614, 0.3097661803695451188, 0.6188758163882633889 ) ) ;
#180 = ORIENTED_EDGE ( 'NONE', *, *, #4425, .F. ) ;
#181 = CARTESIAN_POINT ( 'NONE',  ( 22.72577010106174811, 16.00912846344634843, -18.56858252990248914 ) ) ;
#182 = DIRECTION ( 'NONE',  ( -0.02761996880506041932, -0.8806308699840952325, 0.4729972601974169466 ) ) ;
#183 = CARTESIAN_POINT ( 'NONE',  ( 20.35158229141128672, -15.64503805077873544, -18.65571028465133097 ) ) ;
#184 = LINE ( 'NONE', #1126, #305 ) ;
#185 = ORIENTED_EDGE ( 'NONE', *, *, #1361, .F. ) ;
#186 = CARTESIAN_POINT ( 'NONE',  ( -17.27737399124013962, 12.24021298148930903, -23.18575285091989002 ) ) ;
#187 =( BOUNDED_CURVE ( )  B_SPLINE_CURVE ( 3, ( #3964, #1573, #1945, #4483 ),
 .UNSPECIFIED., .F., .T. ) 
 B_SPLINE_CURVE_WITH_KNOTS ( ( 4, 4 ),
 ( 1.570796326794899000, 3.141592653589794892 ),
 .UNSPECIFIED. ) 
 CURVE ( )  GEOMETRIC_REPRESENTATION_ITEM ( )  RATIONAL_B_SPLINE_CURVE ( ( 1.000000000000000000, 0.8047378541243652705, 0.8047378541243652705, 1.000000000000000000 ) ) 
 REPRESENTATION_ITEM ( '' )  );
#188 = LINE ( 'NONE', #4647, #81 ) ;
#189 = ADVANCED_FACE ( 'NONE', ( #3371 ), #3280, .F. ) ;
#190 = EDGE_CURVE ( 'NONE', #3099, #4142, #3516, .T. ) ;
#191 = ORIENTED_EDGE ( 'NONE', *, *, #4677, .F. ) ;
#192 = DIRECTION ( 'NONE',  ( -0.02761996880506026320, -0.8806308699840952325, 0.4729972601974170576 ) ) ;
#193 = CARTESIAN_POINT ( 'NONE',  ( -11.43624980274926273, 13.95832744500459555, -26.49580098256492278 ) ) ;
#194 = EDGE_CURVE ( 'NONE', #1733, #726, #2970, .T. ) ;
#195 = ADVANCED_FACE ( 'NONE', ( #1793 ), #1097, .T. ) ;
#196 = DIRECTION ( 'NONE',  ( -0.7218293686107699614, -0.3097661803695451188, -0.6188758163882637220 ) ) ;
#197 = ORIENTED_EDGE ( 'NONE', *, *, #3739, .T. ) ;
#198 = ORIENTED_EDGE ( 'NONE', *, *, #1036, .F. ) ;
#199 = VERTEX_POINT ( 'NONE', #2859 ) ;
#200 = CARTESIAN_POINT ( 'NONE',  ( -12.43641006389492176, -15.17156737058103921, -13.98052554878757903 ) ) ;
#201 = DIRECTION ( 'NONE',  ( -0.7470778262826894833, -0.2962018438469779524, -0.5950959495563569179 ) ) ;
#202 = PLANE ( 'NONE',  #2854 ) ;
#203 = CARTESIAN_POINT ( 'NONE',  ( 7.259067980713504120, 7.366279005144835246, -30.70047070467070682 ) ) ;
#204 = VERTEX_POINT ( 'NONE', #4333 ) ;
#205 = ORIENTED_EDGE ( 'NONE', *, *, #3580, .F. ) ;
#206 = CARTESIAN_POINT ( 'NONE',  ( -14.14524994663099910, 9.994870423422041128, -30.29528516102486790 ) ) ;
#207 = CARTESIAN_POINT ( 'NONE',  ( 10.40111270950780487, 11.99232134085486301, -28.88096996651889370 ) ) ;
#208 = CARTESIAN_POINT ( 'NONE',  ( 24.15270160218946316, -13.99555289129031088, -5.848925007954650646 ) ) ;
#209 = CARTESIAN_POINT ( 'NONE',  ( -20.69153562518335931, -20.62040759748718344, -1.624802003366596859 ) ) ;
#210 = ORIENTED_EDGE ( 'NONE', *, *, #696, .F. ) ;
#211 = DIRECTION ( 'NONE',  ( 0.000000000000000000, 0.4731777794655594449, 0.8809669625020239980 ) ) ;
#212 = CARTESIAN_POINT ( 'NONE',  ( 9.711474535095680594, 11.62674404546086748, -29.60187569948439190 ) ) ;
#213 = VECTOR ( 'NONE', #83, 1000.000000000000227 ) ;
#214 = ORIENTED_EDGE ( 'NONE', *, *, #3518, .T. ) ;
#215 =( BOUNDED_CURVE ( )  B_SPLINE_CURVE ( 3, ( #4732, #2924, #1038, #2180 ),
 .UNSPECIFIED., .F., .T. ) 
 B_SPLINE_CURVE_WITH_KNOTS ( ( 4, 4 ),
 ( 3.306816626080801145E-15, 1.570796326794899445 ),
 .UNSPECIFIED. ) 
 CURVE ( )  GEOMETRIC_REPRESENTATION_ITEM ( )  RATIONAL_B_SPLINE_CURVE ( ( 1.000000000000000000, 0.8047378541243650485, 0.8047378541243650485, 1.000000000000000000 ) ) 
 REPRESENTATION_ITEM ( '' )  );
#216 = LINE ( 'NONE', #1729, #1147 ) ;
#217 = LINE ( 'NONE', #4609, #3166 ) ;
#218 = DIRECTION ( 'NONE',  ( 0.9948500600418255235, -0.07037895403468660827, -0.07293943284506483604 ) ) ;
#219 = VERTEX_POINT ( 'NONE', #686 ) ;
#220 = EDGE_LOOP ( 'NONE', ( #2868, #2016, #3946, #1204 ) ) ;
#221 = EDGE_CURVE ( 'NONE', #1964, #4653, #2499, .T. ) ;
#222 = ORIENTED_EDGE ( 'NONE', *, *, #2084, .T. ) ;
#223 = DIRECTION ( 'NONE',  ( 0.000000000000000000, 0.4731777794655628311, 0.8809669625020221106 ) ) ;
#224 = AXIS2_PLACEMENT_3D ( 'NONE', #827, #2709, #2297 ) ;
#225 = EDGE_CURVE ( 'NONE', #2347, #2102, #2157, .T. ) ;
#226 = DIRECTION ( 'NONE',  ( 0.6915197032147275547, -0.3585166444257752993, -0.6271094926211032705 ) ) ;
#227 = DIRECTION ( 'NONE',  ( 0.6915197032147276657, -0.3585166444257750218, -0.6271094926211030485 ) ) ;
#228 = LINE ( 'NONE', #1688, #1388 ) ;
#229 = VECTOR ( 'NONE', #3349, 1000.000000000000114 ) ;
#230 = ORIENTED_EDGE ( 'NONE', *, *, #3360, .F. ) ;
#231 = CARTESIAN_POINT ( 'NONE',  ( -13.93910896530795895, 10.19967377453228252, -29.83433056121660698 ) ) ;
#232 = CARTESIAN_POINT ( 'NONE',  ( -10.11317074547129380, -11.97161554840168307, -10.21275709737890658 ) ) ;
#233 = VECTOR ( 'NONE', #1176, 1000.000000000000114 ) ;
#234 = DIRECTION ( 'NONE',  ( -0.02761996880506021809, -0.8806308699840952325, 0.4729972601974168911 ) ) ;
#235 = AXIS2_PLACEMENT_3D ( 'NONE', #4476, #3000, #1185 ) ;
#236 = AXIS2_PLACEMENT_3D ( 'NONE', #4122, #414, #2302 ) ;
#237 = CARTESIAN_POINT ( 'NONE',  ( 12.81444367119953931, -12.50327279518510437, -9.863777885267262846 ) ) ;
#238 = ORIENTED_EDGE ( 'NONE', *, *, #2401, .F. ) ;
#239 = FACE_OUTER_BOUND ( 'NONE', #3967, .T. ) ;
#240 = VECTOR ( 'NONE', #4227, 1000.000000000000114 ) ;
#241 = VECTOR ( 'NONE', #2416, 1000.000000000000114 ) ;
#242 = CARTESIAN_POINT ( 'NONE',  ( -15.30168208919966411, 12.40556772544546149, -29.61246018111117095 ) ) ;
#243 = B_SPLINE_CURVE_WITH_KNOTS ( 'NONE', 3,
 ( #2653, #1928, #530, #4110 ),
 .UNSPECIFIED., .F., .F.,
 ( 4, 4 ),
 ( 0.000000000000000000, 1.000000000000000000 ),
 .UNSPECIFIED. ) ;
#244 = AXIS2_PLACEMENT_3D ( 'NONE', #1574, #3049, #2305 ) ;
#245 = ORIENTED_EDGE ( 'NONE', *, *, #4477, .F. ) ;
#246 = DIRECTION ( 'NONE',  ( -0.09752176863646266902, -0.4685467678471798014, -0.8780395383933330411 ) ) ;
#247 = LINE ( 'NONE', #4631, #1088 ) ;
#248 = AXIS2_PLACEMENT_3D ( 'NONE', #1726, #1360, #2033 ) ;
#249 = CARTESIAN_POINT ( 'NONE',  ( -13.06233828904848515, -14.40809827242617480, -16.82399585002675479 ) ) ;
#250 = ORIENTED_EDGE ( 'NONE', *, *, #690, .T. ) ;
#251 = VERTEX_POINT ( 'NONE', #3598 ) ;
#252 = CARTESIAN_POINT ( 'NONE',  ( -7.816283842434228468, -14.07956109689504487, -26.66988313713981285 ) ) ;
#253 = CARTESIAN_POINT ( 'NONE',  ( -18.66065530925386895, 0.01638929396907828212, -15.45395896452757789 ) ) ;
#254 = DIRECTION ( 'NONE',  ( -0.07312074838872247018, 0.000000000000000000, -0.9973230951677962697 ) ) ;
#255 = CARTESIAN_POINT ( 'NONE',  ( 22.50307702137930832, -13.87072603889970246, -15.22664571186019700 ) ) ;
#256 = ORIENTED_EDGE ( 'NONE', *, *, #1720, .T. ) ;
#257 = EDGE_CURVE ( 'NONE', #3899, #1467, #1068, .T. ) ;
#258 = ORIENTED_EDGE ( 'NONE', *, *, #2811, .T. ) ;
#259 = EDGE_CURVE ( 'NONE', #44, #3313, #3650, .T. ) ;
#260 = PLANE ( 'NONE',  #596 ) ;
#261 = LINE ( 'NONE', #3883, #4514 ) ;
#262 = CARTESIAN_POINT ( 'NONE',  ( 10.46256446552179220, -1.434161980198201958, -18.56817955901781048 ) ) ;
#263 = EDGE_CURVE ( 'NONE', #4535, #3899, #4284, .T. ) ;
#264 = DIRECTION ( 'NONE',  ( -0.6915197032147273326, 0.3585166444257757989, 0.6271094926211031595 ) ) ;
#265 = ORIENTED_EDGE ( 'NONE', *, *, #3775, .F. ) ;
#266 = CARTESIAN_POINT ( 'NONE',  ( 3.782502704739728383, -9.480867572881329863, -17.43069727033807936 ) ) ;
#267 = LINE ( 'NONE', #4221, #314 ) ;
#268 = ORIENTED_EDGE ( 'NONE', *, *, #1954, .F. ) ;
#269 = DIRECTION ( 'NONE',  ( 0.02761996880506007931, 0.8806308699840953436, -0.4729972601974167801 ) ) ;
#270 = PLANE ( 'NONE',  #4463 ) ;
#271 = ORIENTED_EDGE ( 'NONE', *, *, #1274, .F. ) ;
#272 = EDGE_LOOP ( 'NONE', ( #4693, #3017, #4573, #3047, #191 ) ) ;
#273 = VERTEX_POINT ( 'NONE', #2585 ) ;
#274 = CARTESIAN_POINT ( 'NONE',  ( -12.77769450283873809, 12.72657336668983241, -27.45478351852505128 ) ) ;
#275 = CARTESIAN_POINT ( 'NONE',  ( -13.79140734804515844, 10.17933582201164988, -29.86357114234579768 ) ) ;
#276 = FACE_OUTER_BOUND ( 'NONE', #2708, .T. ) ;
#277 = CARTESIAN_POINT ( 'NONE',  ( 6.978990500325235047, 6.707077316852824822, -30.88704490911761269 ) ) ;
#278 = ORIENTED_EDGE ( 'NONE', *, *, #221, .F. ) ;
#279 = ORIENTED_EDGE ( 'NONE', *, *, #4451, .F. ) ;
#280 = CARTESIAN_POINT ( 'NONE',  ( -1.261811074699792590, 11.52044543916877117, -28.32637495053813481 ) ) ;
#281 = CARTESIAN_POINT ( 'NONE',  ( 8.816587545811719551, -17.37887392148937238, -15.15773143159010594 ) ) ;
#282 = PLANE ( 'NONE',  #694 ) ;
#283 = CARTESIAN_POINT ( 'NONE',  ( 4.192332060820229245, -17.19035029240335533, -17.82519310826221925 ) ) ;
#284 = EDGE_CURVE ( 'NONE', #2851, #2861, #776, .T. ) ;
#285 = VERTEX_POINT ( 'NONE', #2697 ) ;
#286 = ADVANCED_FACE ( 'NONE', ( #3434 ), #1845, .T. ) ;
#287 = CARTESIAN_POINT ( 'NONE',  ( 5.833730807883659608, -16.79617541866972630, -18.21784225084709874 ) ) ;
#288 = EDGE_CURVE ( 'NONE', #1216, #3724, #2396, .T. ) ;
#289 = CARTESIAN_POINT ( 'NONE',  ( -14.64943331835165985, -15.85742205244593173, -16.44377118775813784 ) ) ;
#290 = EDGE_LOOP ( 'NONE', ( #3064, #3466, #3084, #4266, #2358, #2208 ) ) ;
#291 = CARTESIAN_POINT ( 'NONE',  ( -12.48157971745565753, -15.14814927772094855, -13.93956313167254635 ) ) ;
#292 = DIRECTION ( 'NONE',  ( -0.6641625243868698458, 0.3698022965487182678, 0.6497187104180964790 ) ) ;
#293 = EDGE_CURVE ( 'NONE', #1124, #4261, #993, .T. ) ;
#294 = VERTEX_POINT ( 'NONE', #1696 ) ;
#295 = EDGE_LOOP ( 'NONE', ( #4176, #4395, #3592, #651, #222, #2830 ) ) ;
#296 = ORIENTED_EDGE ( 'NONE', *, *, #636, .T. ) ;
#297 = CARTESIAN_POINT ( 'NONE',  ( 4.987787162405959762, 8.171818763138583464, -31.44751420194782909 ) ) ;
#298 = FILL_AREA_STYLE_COLOUR ( '', #2379 ) ;
#299 = PLANE ( 'NONE',  #3625 ) ;
#300 = FACE_OUTER_BOUND ( 'NONE', #4175, .T. ) ;
#301 = ORIENTED_EDGE ( 'NONE', *, *, #3507, .F. ) ;
#302 = AXIS2_PLACEMENT_3D ( 'NONE', #3782, #1228, #3440 ) ;
#303 = CARTESIAN_POINT ( 'NONE',  ( -11.43624980274926273, 13.95832744500459555, -26.49580098256492278 ) ) ;
#304 = DIRECTION ( 'NONE',  ( 0.02761996880506091545, 0.8806308699840955656, -0.4729972601974166690 ) ) ;
#305 = VECTOR ( 'NONE', #2731, 1000.000000000000227 ) ;
#306 = CARTESIAN_POINT ( 'NONE',  ( 25.41174450406219520, 11.50000613717328335, -19.40724655866016946 ) ) ;
#307 = ORIENTED_EDGE ( 'NONE', *, *, #484, .F. ) ;
#308 = AXIS2_PLACEMENT_3D ( 'NONE', #2126, #304, #1662 ) ;
#309 = CARTESIAN_POINT ( 'NONE',  ( -19.37623878225982565, -8.979250541532239893, -14.69624321740568185 ) ) ;
#310 = ORIENTED_EDGE ( 'NONE', *, *, #4272, .T. ) ;
#311 = CARTESIAN_POINT ( 'NONE',  ( -14.77523543182850929, -15.84852239860112810, -16.43454775281426095 ) ) ;
#312 = ADVANCED_FACE ( 'NONE', ( #3135 ), #3859, .T. ) ;
#313 = EDGE_CURVE ( 'NONE', #910, #2301, #3974, .T. ) ;
#314 = VECTOR ( 'NONE', #4551, 1000.000000000000114 ) ;
#315 = ORIENTED_EDGE ( 'NONE', *, *, #4120, .F. ) ;
#316 = VECTOR ( 'NONE', #3769, 999.9999999999998863 ) ;
#317 = CARTESIAN_POINT ( 'NONE',  ( 8.816587545811719551, -16.90569614202381743, -14.27676446908808039 ) ) ;
#318 = DIRECTION ( 'NONE',  ( 0.6992911315723376875, 0.000000000000000000, 0.7148369837272545713 ) ) ;
#319 = ORIENTED_EDGE ( 'NONE', *, *, #4533, .F. ) ;
#320 = AXIS2_PLACEMENT_3D ( 'NONE', #1289, #3538, #1709 ) ;
#321 = VECTOR ( 'NONE', #2918, 1000.000000000000000 ) ;
#322 = EDGE_CURVE ( 'NONE', #3066, #1264, #3112, .T. ) ;
#323 = EDGE_LOOP ( 'NONE', ( #1947, #3806, #1423, #2352, #205 ) ) ;
#324 = DIRECTION ( 'NONE',  ( -0.6841204119660996286, 0.1842157159324126214, 0.7057222059244294687 ) ) ;
#325 = CARTESIAN_POINT ( 'NONE',  ( -11.17146318903321855, 8.753255222985080408, -28.13731975346057368 ) ) ;
#326 = FACE_OUTER_BOUND ( 'NONE', #2627, .T. ) ;
#327 = DIRECTION ( 'NONE',  ( -0.02761996880506085300, -0.8806308699840948995, 0.4729972601974177238 ) ) ;
#328 = ORIENTED_EDGE ( 'NONE', *, *, #347, .F. ) ;
#329 = ORIENTED_EDGE ( 'NONE', *, *, #1953, .T. ) ;
#330 = PLANE ( 'NONE',  #1281 ) ;
#331 = DIRECTION ( 'NONE',  ( 0.6508913630218426949, 0.000000000000000000, -0.7591708856005792150 ) ) ;
#332 = DIRECTION ( 'NONE',  ( -0.7470778262826883731, -0.2962018438469783965, -0.5950959495563581392 ) ) ;
#333 = CARTESIAN_POINT ( 'NONE',  ( 8.228510781914479821, 9.667555349826450595, -29.53058872863707407 ) ) ;
#334 = ORIENTED_EDGE ( 'NONE', *, *, #3040, .T. ) ;
#335 = DIRECTION ( 'NONE',  ( -0.6735986396415518662, 0.5196902988816967106, 0.5255348379710937934 ) ) ;
#336 = LINE ( 'NONE', #1482, #1162 ) ;
#337 = ORIENTED_EDGE ( 'NONE', *, *, #1451, .T. ) ;
#338 = CARTESIAN_POINT ( 'NONE',  ( 22.37837404361018301, 9.975735156103629819, -31.93607532009810157 ) ) ;
#339 = EDGE_CURVE ( 'NONE', #3050, #1379, #1979, .T. ) ;
#340 = LINE ( 'NONE', #3656, #2165 ) ;
#341 = ORIENTED_EDGE ( 'NONE', *, *, #1425, .F. ) ;
#342 = ORIENTED_EDGE ( 'NONE', *, *, #2015, .T. ) ;
#343 = ORIENTED_EDGE ( 'NONE', *, *, #2277, .T. ) ;
#344 = LINE ( 'NONE', #33, #3749 ) ;
#345 = EDGE_CURVE ( 'NONE', #4112, #2159, #1303, .T. ) ;
#346 = DIRECTION ( 'NONE',  ( 0.000000000000000000, 0.4731777794655594449, 0.8809669625020239980 ) ) ;
#347 = EDGE_CURVE ( 'NONE', #1033, #3781, #4236, .T. ) ;
#348 = ADVANCED_FACE ( 'NONE', ( #3167 ), #567, .F. ) ;
#349 = CARTESIAN_POINT ( 'NONE',  ( -13.09678399110443436, 10.05042219668845149, -25.83466797991854591 ) ) ;
#350 = ADVANCED_FACE ( 'NONE', ( #639 ), #260, .T. ) ;
#351 =( BOUNDED_CURVE ( )  B_SPLINE_CURVE ( 3, ( #275, #1323, #2819, #2389 ),
 .UNSPECIFIED., .F., .T. ) 
 B_SPLINE_CURVE_WITH_KNOTS ( ( 4, 4 ),
 ( 4.712388980384687898, 4.904033952297988108 ),
 .UNSPECIFIED. ) 
 CURVE ( )  GEOMETRIC_REPRESENTATION_ITEM ( )  RATIONAL_B_SPLINE_CURVE ( ( 1.000000000000000000, 0.9969416915723761097, 0.9969416915723761097, 1.000000000000000000 ) ) 
 REPRESENTATION_ITEM ( '' )  );
#352 = CARTESIAN_POINT ( 'NONE',  ( -17.23760123616084883, 13.50832143426640641, -23.86686890560417496 ) ) ;
#353 = ORIENTED_EDGE ( 'NONE', *, *, #1270, .F. ) ;
#354 = FACE_OUTER_BOUND ( 'NONE', #13, .T. ) ;
#355 = PLANE ( 'NONE',  #3059 ) ;
#356 = CARTESIAN_POINT ( 'NONE',  ( -19.96199227291579348, -9.209411381311785050, -9.318343103783991666 ) ) ;
#357 = FACE_OUTER_BOUND ( 'NONE', #4552, .T. ) ;
#358 = FACE_OUTER_BOUND ( 'NONE', #1854, .T. ) ;
#359 = ORIENTED_EDGE ( 'NONE', *, *, #1522, .T. ) ;
#360 = ORIENTED_EDGE ( 'NONE', *, *, #3255, .F. ) ;
#361 = DIRECTION ( 'NONE',  ( 0.7470778262826890392, 0.2962018438469778414, 0.5950959495563576951 ) ) ;
#362 = LINE ( 'NONE', #3318, #3314 ) ;
#363 = EDGE_LOOP ( 'NONE', ( #4217, #593, #1514, #2004 ) ) ;
#364 = ORIENTED_EDGE ( 'NONE', *, *, #3483, .F. ) ;
#365 = ORIENTED_EDGE ( 'NONE', *, *, #893, .T. ) ;
#366 = CARTESIAN_POINT ( 'NONE',  ( 5.359954242413248693, 8.803373582125200159, -31.30703577127114201 ) ) ;
#367 = DIRECTION ( 'NONE',  ( 0.7218293686107699614, 0.3097661803695448968, 0.6188758163882634999 ) ) ;
#368 = CARTESIAN_POINT ( 'NONE',  ( 25.45593645415029371, 12.90901552914781369, -20.16404217497602502 ) ) ;
#369 = PLANE ( 'NONE',  #1847 ) ;
#370 = ORIENTED_EDGE ( 'NONE', *, *, #1484, .F. ) ;
#371 = DIRECTION ( 'NONE',  ( 0.02761996880506053728, 0.8806308699840950105, -0.4729972601974177793 ) ) ;
#372 = EDGE_CURVE ( 'NONE', #1199, #1327, #898, .T. ) ;
#373 = ADVANCED_FACE ( 'NONE', ( #3934 ), #943, .T. ) ;
#374 = PLANE ( 'NONE',  #2607 ) ;
#375 = AXIS2_PLACEMENT_3D ( 'NONE', #2079, #2491, #4688 ) ;
#376 = CARTESIAN_POINT ( 'NONE',  ( 22.67329216033213513, 14.33592981047655890, -17.66988773552739644 ) ) ;
#377 = DIRECTION ( 'NONE',  ( 0.000000000000000000, -0.4731777794655588898, -0.8809669625020241090 ) ) ;
#378 = CARTESIAN_POINT ( 'NONE',  ( -11.04220141683572720, -14.34677019405894427, -9.879339310095700100 ) ) ;
#379 = AXIS2_PLACEMENT_3D ( 'NONE', #1832, #2567, #4023 ) ;
#380 = DIRECTION ( 'NONE',  ( -0.02761996880506016258, -0.8806308699840951215, 0.4729972601974172242 ) ) ;
#381 = VERTEX_POINT ( 'NONE', #2495 ) ;
#382 = VECTOR ( 'NONE', #3501, 1000.000000000000000 ) ;
#383 = EDGE_CURVE ( 'NONE', #3673, #1290, #3361, .T. ) ;
#384 = DIRECTION ( 'NONE',  ( 0.000000000000000000, 0.000000000000000000, 1.000000000000000000 ) ) ;
#385 = VECTOR ( 'NONE', #2444, 1000.000000000000227 ) ;
#386 = VERTEX_POINT ( 'NONE', #3474 ) ;
#387 = CARTESIAN_POINT ( 'NONE',  ( 8.719065777175256216, -17.37424290987099695, -15.15480400748141498 ) ) ;
#388 = VECTOR ( 'NONE', #2533, 1000.000000000000114 ) ;
#389 = DIRECTION ( 'NONE',  ( -0.6641625243868696238, 0.3698022965487184899, 0.6497187104180968120 ) ) ;
#390 = ORIENTED_EDGE ( 'NONE', *, *, #4699, .F. ) ;
#391 = VECTOR ( 'NONE', #1203, 1000.000000000000000 ) ;
#392 = CIRCLE ( 'NONE', #4522, 0.9999999999999993339 ) ;
#393 = ORIENTED_EDGE ( 'NONE', *, *, #110, .F. ) ;
#394 = LINE ( 'NONE', #2216, #2218 ) ;
#395 = CARTESIAN_POINT ( 'NONE',  ( -11.19079630395751579, 8.748707974844608160, -28.14691479237306382 ) ) ;
#396 = DIRECTION ( 'NONE',  ( -0.9606841784629962522, 0.1541575037498907896, 0.2309142119673027183 ) ) ;
#397 = AXIS2_PLACEMENT_3D ( 'NONE', #203, #941, #3497 ) ;
#398 = VECTOR ( 'NONE', #4373, 1000.000000000000000 ) ;
#399 = CARTESIAN_POINT ( 'NONE',  ( -14.77504601718371724, -15.84853579841115767, -16.43456164013134924 ) ) ;
#400 = VERTEX_POINT ( 'NONE', #181 ) ;
#401 = CARTESIAN_POINT ( 'NONE',  ( -19.00336920339151447, 2.909266203253092264, -21.08170623007084288 ) ) ;
#402 = AXIS2_PLACEMENT_3D ( 'NONE', #1621, #900, #4263 ) ;
#403 = FACE_OUTER_BOUND ( 'NONE', #669, .T. ) ;
#404 = LINE ( 'NONE', #2898, #74 ) ;
#405 = CARTESIAN_POINT ( 'NONE',  ( 6.413546409213304322, -16.44096083066435554, -18.47179355973088732 ) ) ;
#406 = EDGE_CURVE ( 'NONE', #1788, #2243, #1593, .T. ) ;
#407 = EDGE_CURVE ( 'NONE', #3215, #2118, #1037, .T. ) ;
#408 = DIRECTION ( 'NONE',  ( 0.2593423818113964607, 0.4506628343277030990, 0.8541923312416900282 ) ) ;
#409 = ORIENTED_EDGE ( 'NONE', *, *, #2666, .F. ) ;
#410 = CARTESIAN_POINT ( 'NONE',  ( -16.83838151914278569, 15.95423112694341050, -18.28550461695433782 ) ) ;
#411 = EDGE_LOOP ( 'NONE', ( #2808, #810, #4205, #1475 ) ) ;
#412 = ADVANCED_FACE ( 'NONE', ( #403 ), #330, .F. ) ;
#413 = VERTEX_POINT ( 'NONE', #2202 ) ;
#414 = DIRECTION ( 'NONE',  ( -0.02761996880506026320, -0.8806308699840952325, 0.4729972601974172242 ) ) ;
#415 = LINE ( 'NONE', #1920, #709 ) ;
#416 = EDGE_LOOP ( 'NONE', ( #2498, #3747, #2912, #3787, #1732 ) ) ;
#417 = DIRECTION ( 'NONE',  ( -0.6641625243868691797, 0.3698022965487187674, 0.6497187104180969230 ) ) ;
#418 = CARTESIAN_POINT ( 'NONE',  ( -15.05385543656006675, -15.97058009153895597, -15.69838866847222647 ) ) ;
#419 = CARTESIAN_POINT ( 'NONE',  ( 13.93983689206591414, -13.12988598445070920, -10.96469671962876546 ) ) ;
#420 = CARTESIAN_POINT ( 'NONE',  ( 21.09788251384008007, 8.984465554176464863, -32.56078603615301859 ) ) ;
#421 = ORIENTED_EDGE ( 'NONE', *, *, #2806, .T. ) ;
#422 = CARTESIAN_POINT ( 'NONE',  ( -19.41305406753513196, -9.156130874654778040, -15.02771050456542845 ) ) ;
#423 = DIRECTION ( 'NONE',  ( -0.09752176863646266902, -0.4685467678471798014, -0.8780395383933330411 ) ) ;
#424 = LINE ( 'NONE', #1790, #1989 ) ;
#425 = CARTESIAN_POINT ( 'NONE',  ( -18.79898143423409351, 9.425934641135381042, -24.58188595553170686 ) ) ;
#426 = DIRECTION ( 'NONE',  ( 0.6508913630218420288, 0.000000000000000000, -0.7591708856005798811 ) ) ;
#427 = LINE ( 'NONE', #4461, #4438 ) ;
#428 = VERTEX_POINT ( 'NONE', #3626 ) ;
#429 = LINE ( 'NONE', #3269, #3545 ) ;
#430 = EDGE_CURVE ( 'NONE', #1997, #812, #714, .T. ) ;
#431 = EDGE_CURVE ( 'NONE', #2393, #1788, #2613, .T. ) ;
#432 = EDGE_CURVE ( 'NONE', #4578, #251, #2179, .T. ) ;
#433 = ORIENTED_EDGE ( 'NONE', *, *, #2187, .F. ) ;
#434 = DIRECTION ( 'NONE',  ( -0.6230553284272449810, 0.000000000000000000, 0.7821777660598759896 ) ) ;
#435 = LINE ( 'NONE', #4484, #2934 ) ;
#436 = EDGE_LOOP ( 'NONE', ( #1572, #3286, #2429, #3425 ) ) ;
#437 = VERTEX_POINT ( 'NONE', #2590 ) ;
#438 = CARTESIAN_POINT ( 'NONE',  ( 17.14060254766158309, 39.76573610951675875, -35.19154922250488937 ) ) ;
#439 = ADVANCED_FACE ( 'NONE', ( #3594 ), #355, .T. ) ;
#440 = DIRECTION ( 'NONE',  ( -0.02761996880506026666, -0.8806308699840952325, 0.4729972601974171131 ) ) ;
#441 = CARTESIAN_POINT ( 'NONE',  ( 13.86116486386123015, -16.04819587703840966, -11.14723532650062054 ) ) ;
#442 = ORIENTED_EDGE ( 'NONE', *, *, #2530, .F. ) ;
#443 = PLANE ( 'NONE',  #4501 ) ;
#444 = DIRECTION ( 'NONE',  ( 0.6717662746973362964, 0.000000000000000000, 0.7407631687518372310 ) ) ;
#445 = DIRECTION ( 'NONE',  ( -0.02761996880506038116, -0.8806308699840952325, 0.4729972601974169466 ) ) ;
#446 = CARTESIAN_POINT ( 'NONE',  ( 14.74461128747380201, 12.11947506065443925, -26.27642467675785554 ) ) ;
#447 = CARTESIAN_POINT ( 'NONE',  ( -19.27219222662932196, -4.664913437735812352, -17.43999653157229801 ) ) ;
#448 = VECTOR ( 'NONE', #1061, 1000.000000000000227 ) ;
#449 = LINE ( 'NONE', #3381, #2836 ) ;
#450 = EDGE_LOOP ( 'NONE', ( #1990, #2264, #1358, #627 ) ) ;
#451 = VECTOR ( 'NONE', #848, 1000.000000000000000 ) ;
#452 = AXIS2_PLACEMENT_3D ( 'NONE', #969, #2446, #999 ) ;
#453 = ORIENTED_EDGE ( 'NONE', *, *, #3867, .F. ) ;
#454 = CARTESIAN_POINT ( 'NONE',  ( 8.816587545811721327, -16.90569614202381032, -14.27676446908808394 ) ) ;
#455 = PLANE ( 'NONE',  #15 ) ;
#456 = ADVANCED_FACE ( 'NONE', ( #3688 ), #4426, .F. ) ;
#457 = EDGE_CURVE ( 'NONE', #273, #4189, #4689, .T. ) ;
#458 = ORIENTED_EDGE ( 'NONE', *, *, #4737, .T. ) ;
#459 = ORIENTED_EDGE ( 'NONE', *, *, #2223, .T. ) ;
#460 = VECTOR ( 'NONE', #3100, 1000.000000000000114 ) ;
#461 = CARTESIAN_POINT ( 'NONE',  ( -14.60067243403342729, -15.62314866852234374, -16.00475141856147232 ) ) ;
#462 = LINE ( 'NONE', #144, #2001 ) ;
#463 = CARTESIAN_POINT ( 'NONE',  ( -1.021250733788744869, 18.35223488346951370, -17.70701333119604470 ) ) ;
#464 = ORIENTED_EDGE ( 'NONE', *, *, #1590, .T. ) ;
#465 = VECTOR ( 'NONE', #408, 1000.000000000000114 ) ;
#466 = EDGE_CURVE ( 'NONE', #482, #867, #4661, .T. ) ;
#467 = AXIS2_PLACEMENT_3D ( 'NONE', #1470, #367, #4398 ) ;
#468 = ORIENTED_EDGE ( 'NONE', *, *, #4642, .F. ) ;
#469 = CARTESIAN_POINT ( 'NONE',  ( -2.519615133460420875, 36.98105107016100845, -41.52413179738634597 ) ) ;
#470 = VECTOR ( 'NONE', #2274, 1000.000000000000114 ) ;
#471 = AXIS2_PLACEMENT_3D ( 'NONE', #1336, #4571, #2713 ) ;
#472 = CARTESIAN_POINT ( 'NONE',  ( 14.76177203118934678, 12.51237946325123396, -26.36246953876438326 ) ) ;
#473 = CARTESIAN_POINT ( 'NONE',  ( -12.96065890680006483, -6.941813431658556688, -21.06481193600560076 ) ) ;
#474 = VERTEX_POINT ( 'NONE', #1789 ) ;
#475 = AXIS2_PLACEMENT_3D ( 'NONE', #4323, #2391, #3855 ) ;
#476 = CARTESIAN_POINT ( 'NONE',  ( 6.315156189472912907, -16.01551463454601887, -18.68517930807859884 ) ) ;
#477 = VERTEX_POINT ( 'NONE', #2876 ) ;
#478 = AXIS2_PLACEMENT_3D ( 'NONE', #601, #3101, #2114 ) ;
#479 = ORIENTED_EDGE ( 'NONE', *, *, #4242, .T. ) ;
#480 = LINE ( 'NONE', #857, #1225 ) ;
#481 = CARTESIAN_POINT ( 'NONE',  ( -15.09710844370537508, -14.53302240512007337, -17.17539817270396441 ) ) ;
#482 = VERTEX_POINT ( 'NONE', #4330 ) ;
#483 = VERTEX_POINT ( 'NONE', #2514 ) ;
#484 = EDGE_CURVE ( 'NONE', #1078, #4540, #4576, .T. ) ;
#485 = DIRECTION ( 'NONE',  ( 0.6641625243868698458, -0.3698022965487187674, -0.6497187104180962569 ) ) ;
#486 = CARTESIAN_POINT ( 'NONE',  ( -9.350859606451654926, 12.33379646315935929, -23.26748147882764783 ) ) ;
#487 = CARTESIAN_POINT ( 'NONE',  ( -18.66065530925386895, 0.01638929396907828212, -15.45395896452757789 ) ) ;
#488 = EDGE_LOOP ( 'NONE', ( #2263, #3789, #1881 ) ) ;
#489 = EDGE_LOOP ( 'NONE', ( #1631, #4495, #2842, #4652 ) ) ;
#490 = EDGE_CURVE ( 'NONE', #3873, #3917, #2756, .T. ) ;
#491 = EDGE_LOOP ( 'NONE', ( #1904, #3120, #2123, #2408, #2975, #2298 ) ) ;
#492 = EDGE_CURVE ( 'NONE', #1319, #400, #2539, .T. ) ;
#493 =( BOUNDED_CURVE ( )  B_SPLINE_CURVE ( 3, ( #641, #3526, #569, #4568 ),
 .UNSPECIFIED., .F., .F. ) 
 B_SPLINE_CURVE_WITH_KNOTS ( ( 4, 4 ),
 ( 3.586937626353698505, 4.712388980384692339 ),
 .UNSPECIFIED. ) 
 CURVE ( )  GEOMETRIC_REPRESENTATION_ITEM ( )  RATIONAL_B_SPLINE_CURVE ( ( 1.000000000000000000, 0.8972027490232354907, 0.8972027490232354907, 1.000000000000000000 ) ) 
 REPRESENTATION_ITEM ( '' )  );
#494 = CYLINDRICAL_SURFACE ( 'NONE', #533, 2.000000000000001332 ) ;
#495 = ADVANCED_FACE ( 'NONE', ( #2150, #1810 ), #374, .F. ) ;
#496 = DIRECTION ( 'NONE',  ( -0.02761996880506029095, -0.8806308699840953436, 0.4729972601974171686 ) ) ;
#497 = CARTESIAN_POINT ( 'NONE',  ( 9.693453996810356799, 12.78455814683765723, -27.44729849909076691 ) ) ;
#498 = ORIENTED_EDGE ( 'NONE', *, *, #3776, .T. ) ;
#499 = CYLINDRICAL_SURFACE ( 'NONE', #224, 0.5000000000000011102 ) ;
#500 = ORIENTED_EDGE ( 'NONE', *, *, #2306, .F. ) ;
#501 = VERTEX_POINT ( 'NONE', #4380 ) ;
#502 = CARTESIAN_POINT ( 'NONE',  ( 8.203744377228472828, 36.22244547077202981, -42.31033646512339885 ) ) ;
#503 = FACE_OUTER_BOUND ( 'NONE', #2333, .T. ) ;
#504 = ORIENTED_EDGE ( 'NONE', *, *, #313, .T. ) ;
#505 = CARTESIAN_POINT ( 'NONE',  ( -10.15421941975304421, 13.96551227592972744, -25.08620122544266096 ) ) ;
#506 = CARTESIAN_POINT ( 'NONE',  ( -10.98217172886447379, -13.80720989632990481, -15.58378784404009032 ) ) ;
#507 = DIRECTION ( 'NONE',  ( -0.7470778262826889282, -0.2962018438469780635, -0.5950959495563576951 ) ) ;
#508 = ORIENTED_EDGE ( 'NONE', *, *, #610, .T. ) ;
#509 = ORIENTED_EDGE ( 'NONE', *, *, #457, .T. ) ;
#510 = ORIENTED_EDGE ( 'NONE', *, *, #599, .T. ) ;
#511 = CARTESIAN_POINT ( 'NONE',  ( -13.68821506459705972, -15.04283698516356615, -16.98521708372935279 ) ) ;
#512 = LINE ( 'NONE', #4181, #1450 ) ;
#513 = CYLINDRICAL_SURFACE ( 'NONE', #2694, 0.5000000000000011102 ) ;
#514 = FACE_OUTER_BOUND ( 'NONE', #2419, .T. ) ;
#515 = ADVANCED_FACE ( 'NONE', ( #4403 ), #1093, .T. ) ;
#516 = ORIENTED_EDGE ( 'NONE', *, *, #3018, .F. ) ;
#517 = EDGE_CURVE ( 'NONE', #2118, #44, #754, .T. ) ;
#518 = LINE ( 'NONE', #808, #2224 ) ;
#519 = ADVANCED_FACE ( 'NONE', ( #59 ), #1906, .T. ) ;
#520 = EDGE_CURVE ( 'NONE', #1124, #4534, #2675, .T. ) ;
#521 = DIRECTION ( 'NONE',  ( 0.7470778262826885951, 0.2962018438469782300, 0.5950959495563579171 ) ) ;
#522 = VERTEX_POINT ( 'NONE', #2704 ) ;
#523 = CARTESIAN_POINT ( 'NONE',  ( 6.526195078084600532, -19.32239823613670637, 2.381183116529248522 ) ) ;
#524 = DIRECTION ( 'NONE',  ( -0.2341836609077576070, 0.4657100369512228166, 0.8533886420891310109 ) ) ;
#525 = VECTOR ( 'NONE', #123, 1000.000000000000000 ) ;
#526 = EDGE_LOOP ( 'NONE', ( #3577, #3502, #3273, #3962 ) ) ;
#527 = VERTEX_POINT ( 'NONE', #1611 ) ;
#528 = CARTESIAN_POINT ( 'NONE',  ( -13.85397821676592045, 9.504747003096012392, -30.06609228144375123 ) ) ;
#529 = VECTOR ( 'NONE', #927, 999.9999999999998863 ) ;
#530 = CARTESIAN_POINT ( 'NONE',  ( -13.11643678039029481, -14.44173254091647074, -16.88977545676731751 ) ) ;
#531 = FACE_OUTER_BOUND ( 'NONE', #3613, .T. ) ;
#532 = ORIENTED_EDGE ( 'NONE', *, *, #4327, .F. ) ;
#533 = AXIS2_PLACEMENT_3D ( 'NONE', #1956, #3060, #3442 ) ;
#534 = DIRECTION ( 'NONE',  ( -0.6956610734545393138, 0.3567285703321866341, 0.6235386098621578110 ) ) ;
#535 = DIRECTION ( 'NONE',  ( 0.09752176863646251637, 0.4685467678471800790, 0.8780395383933329301 ) ) ;
#536 = CARTESIAN_POINT ( 'NONE',  ( 8.462108973151028835, -8.385250404028692373, -15.11760801634742712 ) ) ;
#537 = CARTESIAN_POINT ( 'NONE',  ( -15.05385543656006675, -15.97058009153895597, -15.69838866847222647 ) ) ;
#538 = EDGE_LOOP ( 'NONE', ( #37, #581, #3486, #2674 ) ) ;
#539 = AXIS2_PLACEMENT_3D ( 'NONE', #3218, #2161, #4669 ) ;
#540 = VECTOR ( 'NONE', #3503, 1000.000000000000114 ) ;
#541 = LINE ( 'NONE', #1912, #909 ) ;
#542 = EDGE_CURVE ( 'NONE', #4246, #3868, #2271, .T. ) ;
#543 = EDGE_CURVE ( 'NONE', #3259, #2580, #2676, .T. ) ;
#544 = DIRECTION ( 'NONE',  ( 0.6641625243868705120, -0.3698022965487179348, -0.6497187104180959238 ) ) ;
#545 = VECTOR ( 'NONE', #4588, 1000.000000000000114 ) ;
#546 = AXIS2_PLACEMENT_3D ( 'NONE', #3435, #3750, #881 ) ;
#547 = LINE ( 'NONE', #2759, #2758 ) ;
#548 = ORIENTED_EDGE ( 'NONE', *, *, #2428, .F. ) ;
#549 = AXIS2_PLACEMENT_3D ( 'NONE', #1415, #2938, #4012 ) ;
#550 = EDGE_CURVE ( 'NONE', #413, #3264, #1545, .T. ) ;
#551 = CARTESIAN_POINT ( 'NONE',  ( 16.10379173064674418, 11.01739003100998104, -19.58080360346284365 ) ) ;
#552 = EDGE_CURVE ( 'NONE', #3609, #2508, #1193, .T. ) ;
#553 = LINE ( 'NONE', #4572, #3004 ) ;
#554 = ORIENTED_EDGE ( 'NONE', *, *, #3551, .F. ) ;
#555 = ORIENTED_EDGE ( 'NONE', *, *, #2718, .T. ) ;
#556 = DIRECTION ( 'NONE',  ( -0.6915197032147273326, 0.3585166444257747997, 0.6271094926211036036 ) ) ;
#557 = CARTESIAN_POINT ( 'NONE',  ( -7.100238658111126533, 1.396562478423698739, -23.41442482218481302 ) ) ;
#558 = DIRECTION ( 'NONE',  ( -0.6915197032147283318, 0.3585166444257753549, 0.6271094926211020493 ) ) ;
#559 = ORIENTED_EDGE ( 'NONE', *, *, #1243, .T. ) ;
#560 = ORIENTED_EDGE ( 'NONE', *, *, #3001, .T. ) ;
#561 = CARTESIAN_POINT ( 'NONE',  ( 9.683854566290616361, 10.74611317547677203, -29.12887843928697151 ) ) ;
#562 = DIRECTION ( 'NONE',  ( -0.6717662746973364074, 0.000000000000000000, -0.7407631687518371200 ) ) ;
#563 = LINE ( 'NONE', #3590, #3460 ) ;
#564 = CARTESIAN_POINT ( 'NONE',  ( 7.560398534307928742, -11.28021778537699582, -12.54467410214249767 ) ) ;
#565 = ORIENTED_EDGE ( 'NONE', *, *, #4503, .T. ) ;
#566 = ORIENTED_EDGE ( 'NONE', *, *, #3282, .T. ) ;
#567 = PLANE ( 'NONE',  #1135 ) ;
#568 = CARTESIAN_POINT ( 'NONE',  ( -14.02359856422943629, 8.342137130654354138, -29.06928957760319676 ) ) ;
#569 = CARTESIAN_POINT ( 'NONE',  ( -12.75628885546503177, 8.369574243524040114, -29.58224969697940310 ) ) ;
#570 = CARTESIAN_POINT ( 'NONE',  ( 4.192332060820229245, -17.19035029240335533, -17.82519310826221925 ) ) ;
#571 = VERTEX_POINT ( 'NONE', #2342 ) ;
#572 = LINE ( 'NONE', #1669, #4603 ) ;
#573 = CARTESIAN_POINT ( 'NONE',  ( -11.61333499350411813, 11.07123255494498615, -28.07584390267060925 ) ) ;
#574 = EDGE_CURVE ( 'NONE', #3028, #3659, #1955, .T. ) ;
#575 = EDGE_CURVE ( 'NONE', #630, #1553, #3603, .T. ) ;
#576 = EDGE_LOOP ( 'NONE', ( #4464, #2977, #2459, #1591 ) ) ;
#577 = LINE ( 'NONE', #3177, #1382 ) ;
#578 = CARTESIAN_POINT ( 'NONE',  ( -11.49908523178078212, 11.95489221579079242, -25.41973221561579521 ) ) ;
#579 = CARTESIAN_POINT ( 'NONE',  ( 22.14987627320433461, 6.288144746146227426, -29.30121238807310036 ) ) ;
#580 = ORIENTED_EDGE ( 'NONE', *, *, #1927, .F. ) ;
#581 = ORIENTED_EDGE ( 'NONE', *, *, #2406, .F. ) ;
#582 = DIRECTION ( 'NONE',  ( 0.000000000000000000, -0.4731777794655587233, -0.8809669625020244421 ) ) ;
#583 = ADVANCED_FACE ( 'NONE', ( #3058 ), #3416, .T. ) ;
#584 = CARTESIAN_POINT ( 'NONE',  ( 17.60819781202908274, -5.946146260955798013, -6.929421412691996629 ) ) ;
#585 = CYLINDRICAL_SURFACE ( 'NONE', #4075, 0.9999999999999988898 ) ;
#586 = CARTESIAN_POINT ( 'NONE',  ( 9.558085982852759344, -14.80973200261706246, -16.25087550805894665 ) ) ;
#587 = EDGE_LOOP ( 'NONE', ( #4583, #1072, #2655, #3852, #245, #2042 ) ) ;
#588 = ORIENTED_EDGE ( 'NONE', *, *, #2743, .T. ) ;
#589 = DIRECTION ( 'NONE',  ( -0.07312074838872192895, 0.000000000000000000, -0.9973230951677963807 ) ) ;
#590 = DIRECTION ( 'NONE',  ( 0.02761996880505928134, 0.8806308699840956766, -0.4729972601974164470 ) ) ;
#591 = CARTESIAN_POINT ( 'NONE',  ( 10.47015856470819095, 11.05786743448673626, -28.50253629912926812 ) ) ;
#592 = DIRECTION ( 'NONE',  ( -0.6641625243868697348, 0.3698022965487188229, 0.6497187104180962569 ) ) ;
#593 = ORIENTED_EDGE ( 'NONE', *, *, #3979, .F. ) ;
#594 = CARTESIAN_POINT ( 'NONE',  ( 4.514399216336453691, -15.79078913836688969, -18.37193572243400297 ) ) ;
#595 = DIRECTION ( 'NONE',  ( -0.6641625243868694017, 0.3698022965487185454, 0.6497187104180969230 ) ) ;
#596 = AXIS2_PLACEMENT_3D ( 'NONE', #1718, #4620, #1328 ) ;
#597 = ORIENTED_EDGE ( 'NONE', *, *, #339, .F. ) ;
#598 = LINE ( 'NONE', #2017, #3614 ) ;
#599 = EDGE_CURVE ( 'NONE', #3382, #2596, #3037, .T. ) ;
#600 = EDGE_CURVE ( 'NONE', #3921, #3250, #4115, .T. ) ;
#601 = CARTESIAN_POINT ( 'NONE',  ( -19.23537694135401921, -4.488033104613275981, -17.10852924441255851 ) ) ;
#602 = AXIS2_PLACEMENT_3D ( 'NONE', #3802, #1883, #1974 ) ;
#603 = CARTESIAN_POINT ( 'NONE',  ( 22.00562112614811383, 16.59328347494716027, -19.63722625952496514 ) ) ;
#604 = ORIENTED_EDGE ( 'NONE', *, *, #1394, .F. ) ;
#605 = ORIENTED_EDGE ( 'NONE', *, *, #2558, .F. ) ;
#606 = DIRECTION ( 'NONE',  ( -0.02761996880506026320, -0.8806308699840952325, 0.4729972601974170576 ) ) ;
#607 = AXIS2_PLACEMENT_3D ( 'NONE', #1238, #417, #1595 ) ;
#608 = CARTESIAN_POINT ( 'NONE',  ( -8.168187459123398497, 9.035125848372281609, -27.43715849693958475 ) ) ;
#609 = FACE_OUTER_BOUND ( 'NONE', #4270, .T. ) ;
#610 = EDGE_CURVE ( 'NONE', #1801, #1876, #2828, .T. ) ;
#611 = CARTESIAN_POINT ( 'NONE',  ( 15.53507702787558564, -11.42459452589577928, -7.696616936532049813 ) ) ;
#612 = VERTEX_POINT ( 'NONE', #2250 ) ;
#613 = AXIS2_PLACEMENT_3D ( 'NONE', #682, #1427, #2151 ) ;
#614 = DIRECTION ( 'NONE',  ( 0.000000000000000000, -0.4731777794655596114, -0.8809669625020237760 ) ) ;
#615 = DIRECTION ( 'NONE',  ( 0.9996184958889102745, -0.02433228002259592640, 0.01306915550808714771 ) ) ;
#616 = LINE ( 'NONE', #1329, #4212 ) ;
#617 = MECHANICAL_DESIGN_GEOMETRIC_PRESENTATION_REPRESENTATION (  '', ( #4670 ), #1453 ) ;
#618 = PLANE ( 'NONE',  #4151 ) ;
#619 = AXIS2_PLACEMENT_3D ( 'NONE', #2481, #3942, #2111 ) ;
#620 = AXIS2_PLACEMENT_3D ( 'NONE', #1007, #4032, #1463 ) ;
#621 = FACE_OUTER_BOUND ( 'NONE', #2863, .T. ) ;
#622 = ORIENTED_EDGE ( 'NONE', *, *, #1361, .T. ) ;
#623 = FACE_OUTER_BOUND ( 'NONE', #538, .T. ) ;
#624 = AXIS2_PLACEMENT_3D ( 'NONE', #463, #4129, #1560 ) ;
#625 = LINE ( 'NONE', #4245, #2630 ) ;
#626 = AXIS2_PLACEMENT_3D ( 'NONE', #3675, #668, #318 ) ;
#627 = ORIENTED_EDGE ( 'NONE', *, *, #2579, .T. ) ;
#628 = LINE ( 'NONE', #1261, #767 ) ;
#629 = PLANE ( 'NONE',  #478 ) ;
#630 = VERTEX_POINT ( 'NONE', #2639 ) ;
#631 = ORIENTED_EDGE ( 'NONE', *, *, #2751, .F. ) ;
#632 = CARTESIAN_POINT ( 'NONE',  ( 6.315156189472914683, -15.77892574481323429, -18.24469582682758784 ) ) ;
#633 = DIRECTION ( 'NONE',  ( -0.6915197032147275547, 0.3585166444257758545, 0.6271094926211029374 ) ) ;
#634 = LINE ( 'NONE', #3903, #241 ) ;
#635 = ORIENTED_EDGE ( 'NONE', *, *, #3739, .F. ) ;
#636 = EDGE_CURVE ( 'NONE', #867, #3155, #1181, .T. ) ;
#637 = EDGE_CURVE ( 'NONE', #2026, #910, #4473, .T. ) ;
#638 = ADVANCED_FACE ( 'NONE', ( #1935 ), #4094, .F. ) ;
#639 = FACE_OUTER_BOUND ( 'NONE', #139, .T. ) ;
#640 = DIRECTION ( 'NONE',  ( -0.7470778262826894833, -0.2962018438469768977, -0.5950959495563573620 ) ) ;
#641 = CARTESIAN_POINT ( 'NONE',  ( -12.48379944780259798, 8.262300780152386892, -29.23112157950965440 ) ) ;
#642 = CARTESIAN_POINT ( 'NONE',  ( -10.19979236828139335, 12.51247134045597242, -24.30575574611692247 ) ) ;
#643 = CARTESIAN_POINT ( 'NONE',  ( -15.02320090158827703, -15.80674328131162909, -16.42930133667829296 ) ) ;
#644 = VERTEX_POINT ( 'NONE', #3398 ) ;
#645 = CARTESIAN_POINT ( 'NONE',  ( -17.94858402446244128, -19.44329611208291197, 0.7269260989088039970 ) ) ;
#646 = ORIENTED_EDGE ( 'NONE', *, *, #1896, .T. ) ;
#647 = CARTESIAN_POINT ( 'NONE',  ( -18.06067630655164891, -12.73447849125962428, -9.771550551721150057 ) ) ;
#648 = CARTESIAN_POINT ( 'NONE',  ( -12.02030277471246933, -16.31421102146614643, -12.27809370457363691 ) ) ;
#649 = ORIENTED_EDGE ( 'NONE', *, *, #2009, .F. ) ;
#650 = VERTEX_POINT ( 'NONE', #105 ) ;
#651 = ORIENTED_EDGE ( 'NONE', *, *, #45, .F. ) ;
#652 = CARTESIAN_POINT ( 'NONE',  ( 6.946991499070001908, 7.516872111817417768, -31.31562029570167027 ) ) ;
#653 = LINE ( 'NONE', #3950, #3527 ) ;
#654 = CARTESIAN_POINT ( 'NONE',  ( 8.420919491823815051, -9.698529540272037508, -14.41223025309827932 ) ) ;
#655 = CARTESIAN_POINT ( 'NONE',  ( 21.08072177012454773, 8.591561151579673705, -32.47474117414648731 ) ) ;
#656 = ORIENTED_EDGE ( 'NONE', *, *, #2171, .T. ) ;
#657 = DIRECTION ( 'NONE',  ( 0.6915197032147274436, -0.3585166444257750218, -0.6271094926211033815 ) ) ;
#658 = DIRECTION ( 'NONE',  ( 0.000000000000000000, 0.4731777794655590008, 0.8809669625020241090 ) ) ;
#659 = EDGE_CURVE ( 'NONE', #44, #2067, #3127, .T. ) ;
#660 = EDGE_CURVE ( 'NONE', #3873, #3250, #4230, .T. ) ;
#661 = FACE_OUTER_BOUND ( 'NONE', #1776, .T. ) ;
#662 = DIRECTION ( 'NONE',  ( -0.6717662746973348531, 0.000000000000000000, -0.7407631687518385633 ) ) ;
#663 = VERTEX_POINT ( 'NONE', #2096 ) ;
#664 = CARTESIAN_POINT ( 'NONE',  ( 20.26875008273641754, -19.27487489550931343, -15.90481528377572396 ) ) ;
#665 = ADVANCED_FACE ( 'NONE', ( #1712 ), #2046, .T. ) ;
#666 = VERTEX_POINT ( 'NONE', #200 ) ;
#667 = DIRECTION ( 'NONE',  ( -0.6717662746973366295, 0.000000000000000000, -0.7407631687518372310 ) ) ;
#668 = DIRECTION ( 'NONE',  ( -0.6641625243868694017, 0.3698022965487185454, 0.6497187104180969230 ) ) ;
#669 = EDGE_LOOP ( 'NONE', ( #1716, #1435, #3003, #1556 ) ) ;
#670 = AXIS2_PLACEMENT_3D ( 'NONE', #3938, #2571, #4357 ) ;
#671 = VERTEX_POINT ( 'NONE', #938 ) ;
#672 = ORIENTED_EDGE ( 'NONE', *, *, #4119, .T. ) ;
#673 = CARTESIAN_POINT ( 'NONE',  ( -11.20900216089413881, 8.744392776532658118, -28.15601197412515333 ) ) ;
#674 = VECTOR ( 'NONE', #3261, 1000.000000000000114 ) ;
#675 = LINE ( 'NONE', #2145, #3923 ) ;
#676 =( BOUNDED_CURVE ( )  B_SPLINE_CURVE ( 3, ( #1116, #2110, #2569, #2592 ),
 .UNSPECIFIED., .F., .T. ) 
 B_SPLINE_CURVE_WITH_KNOTS ( ( 4, 4 ),
 ( 4.712388980384691450, 5.885617809866178440 ),
 .UNSPECIFIED. ) 
 CURVE ( )  GEOMETRIC_REPRESENTATION_ITEM ( )  RATIONAL_B_SPLINE_CURVE ( ( 1.000000000000000000, 0.8885463473235886145, 0.8885463473235886145, 1.000000000000000000 ) ) 
 REPRESENTATION_ITEM ( '' )  );
#677 = CARTESIAN_POINT ( 'NONE',  ( -13.55738368773412184, -11.56611217956815096, -8.337545959614876878 ) ) ;
#678 = VERTEX_POINT ( 'NONE', #1345 ) ;
#679 = ORIENTED_EDGE ( 'NONE', *, *, #2427, .F. ) ;
#680 = AXIS2_PLACEMENT_3D ( 'NONE', #150, #423, #4068 ) ;
#681 = DIRECTION ( 'NONE',  ( -0.6717662746973356303, 0.000000000000000000, -0.7407631687518378971 ) ) ;
#682 = CARTESIAN_POINT ( 'NONE',  ( 18.12174544027520184, 10.42772793979947821, -15.72402298728258963 ) ) ;
#683 = AXIS2_PLACEMENT_3D ( 'NONE', #1900, #2965, #3093 ) ;
#684 = CARTESIAN_POINT ( 'NONE',  ( 40.36259181367844917, 13.50913262018287675, -14.79360305038523293 ) ) ;
#685 = VERTEX_POINT ( 'NONE', #2414 ) ;
#686 = CARTESIAN_POINT ( 'NONE',  ( -19.65644368188307567, 0.5326532619421951997, -14.55092129515318788 ) ) ;
#687 = B_SPLINE_CURVE_WITH_KNOTS ( 'NONE', 3,
 ( #1863, #1064, #2614, #1136 ),
 .UNSPECIFIED., .F., .F.,
 ( 4, 4 ),
 ( 0.000000000000000000, 0.0001486024859106729293 ),
 .UNSPECIFIED. ) ;
#688 = EDGE_CURVE ( 'NONE', #3917, #483, #1322, .T. ) ;
#689 = AXIS2_PLACEMENT_3D ( 'NONE', #568, #2877, #331 ) ;
#690 = EDGE_CURVE ( 'NONE', #3155, #4313, #911, .T. ) ;
#691 = CARTESIAN_POINT ( 'NONE',  ( -2.519615133460420875, 36.98105107016100845, -41.52413179738634597 ) ) ;
#692 = ORIENTED_EDGE ( 'NONE', *, *, #2900, .T. ) ;
#693 = CARTESIAN_POINT ( 'NONE',  ( -19.29565515324024005, 12.03597964516437102, -20.72949400691722133 ) ) ;
#694 = AXIS2_PLACEMENT_3D ( 'NONE', #1742, #4664, #4641 ) ;
#695 = ADVANCED_FACE ( 'NONE', ( #4179 ), #4584, .T. ) ;
#696 = EDGE_CURVE ( 'NONE', #1645, #1417, #1208, .T. ) ;
#697 = AXIS2_PLACEMENT_3D ( 'NONE', #1565, #4618, #2440 ) ;
#698 = EDGE_CURVE ( 'NONE', #1327, #4401, #1982, .T. ) ;
#699 = ORIENTED_EDGE ( 'NONE', *, *, #3800, .F. ) ;
#700 = CARTESIAN_POINT ( 'NONE',  ( 21.09788251384008007, 8.984465554176464863, -32.56078603615301859 ) ) ;
#701 = DIRECTION ( 'NONE',  ( -0.6992911315723363552, 0.000000000000000000, -0.7148369837272560146 ) ) ;
#702 = EDGE_LOOP ( 'NONE', ( #2296, #1842, #2434, #3173, #1321 ) ) ;
#703 = VECTOR ( 'NONE', #2832, 1000.000000000000114 ) ;
#704 = EDGE_CURVE ( 'NONE', #2189, #4261, #3205, .T. ) ;
#705 = ORIENTED_EDGE ( 'NONE', *, *, #2589, .F. ) ;
#706 = VERTEX_POINT ( 'NONE', #3469 ) ;
#707 = CARTESIAN_POINT ( 'NONE',  ( -7.716611482855623372, -10.90162279621948294, -28.37679140089750618 ) ) ;
#708 = CARTESIAN_POINT ( 'NONE',  ( -13.00081521742535351, -15.80586682079484717, -11.38890911937690298 ) ) ;
#709 = VECTOR ( 'NONE', #815, 1000.000000000000114 ) ;
#710 = DIRECTION ( 'NONE',  ( 0.6230553284272440928, 0.000000000000000000, -0.7821777660598766557 ) ) ;
#711 = DIRECTION ( 'NONE',  ( -0.05862997223466667740, -0.4709360439721134162, -0.8802168873883629008 ) ) ;
#712 = ORIENTED_EDGE ( 'NONE', *, *, #3861, .T. ) ;
#713 = LINE ( 'NONE', #1133, #213 ) ;
#714 = LINE ( 'NONE', #2125, #4124 ) ;
#715 = CARTESIAN_POINT ( 'NONE',  ( 3.782502704739712840, -9.480867572881292560, -17.43069727033809357 ) ) ;
#716 = CARTESIAN_POINT ( 'NONE',  ( -1.381428818380297407, 10.34739397533432559, -28.82601668077354162 ) ) ;
#717 = DIRECTION ( 'NONE',  ( -0.7218293686107685181, -0.3097661803695455629, -0.6188758163882649432 ) ) ;
#718 = ORIENTED_EDGE ( 'NONE', *, *, #4533, .T. ) ;
#719 = CARTESIAN_POINT ( 'NONE',  ( -18.09210143411381111, 16.84969293775198551, -20.17992656577894550 ) ) ;
#720 = ORIENTED_EDGE ( 'NONE', *, *, #3287, .T. ) ;
#721 = CYLINDRICAL_SURFACE ( 'NONE', #5, 11.31869210692803662 ) ;
#722 = LINE ( 'NONE', #2188, #3771 ) ;
#723 = EDGE_CURVE ( 'NONE', #285, #4682, #1826, .T. ) ;
#724 = EDGE_CURVE ( 'NONE', #4313, #2723, #3566, .T. ) ;
#725 = ORIENTED_EDGE ( 'NONE', *, *, #430, .F. ) ;
#726 = VERTEX_POINT ( 'NONE', #3927 ) ;
#727 = VERTEX_POINT ( 'NONE', #4615 ) ;
#728 = DIRECTION ( 'NONE',  ( -0.6992911315723370214, 0.000000000000000000, -0.7148369837272553484 ) ) ;
#729 = PRESENTATION_STYLE_ASSIGNMENT (( #4018 ) ) ;
#730 = LINE ( 'NONE', #3708, #321 ) ;
#731 = DIRECTION ( 'NONE',  ( -0.02761996880506026320, -0.8806308699840952325, 0.4729972601974170576 ) ) ;
#732 = ORIENTED_EDGE ( 'NONE', *, *, #1403, .F. ) ;
#733 = PLANE ( 'NONE',  #4351 ) ;
#734 = PRODUCT ( 'lxt release button v2', 'lxt release button v2', '', ( #1459 ) ) ;
#735 = DIRECTION ( 'NONE',  ( -0.02761996880506026666, -0.8806308699840952325, 0.4729972601974171131 ) ) ;
#736 = FACE_OUTER_BOUND ( 'NONE', #526, .T. ) ;
#737 = CARTESIAN_POINT ( 'NONE',  ( 4.227282960735927908, -17.39639234347180974, -17.14967470896684887 ) ) ;
#738 = PLANE ( 'NONE',  #4070 ) ;
#739 = CARTESIAN_POINT ( 'NONE',  ( 15.95277742455476755, -3.220348838965580551, -53.07436627544135632 ) ) ;
#740 = EDGE_LOOP ( 'NONE', ( #1207, #3438, #1006, #4394, #4678, #2149, #509 ) ) ;
#741 = ORIENTED_EDGE ( 'NONE', *, *, #2553, .T. ) ;
#742 = LINE ( 'NONE', #3583, #3620 ) ;
#743 = LINE ( 'NONE', #1851, #3464 ) ;
#744 = ORIENTED_EDGE ( 'NONE', *, *, #1543, .F. ) ;
#745 = ADVANCED_FACE ( 'NONE', ( #3156 ), #2724, .F. ) ;
#746 = ORIENTED_EDGE ( 'NONE', *, *, #1625, .T. ) ;
#747 = CARTESIAN_POINT ( 'NONE',  ( 6.984414646033574314, 6.880019951401943779, -30.97993444444882627 ) ) ;
#748 = EDGE_CURVE ( 'NONE', #2601, #4029, #2773, .T. ) ;
#749 = CARTESIAN_POINT ( 'NONE',  ( 4.987787162405960650, 8.171818763138583464, -31.44751420194782909 ) ) ;
#750 = LINE ( 'NONE', #1512, #3768 ) ;
#751 = FACE_OUTER_BOUND ( 'NONE', #3985, .T. ) ;
#752 = EDGE_LOOP ( 'NONE', ( #3933, #69, #2109, #146, #2796, #2411, #4229, #3484 ) ) ;
#753 = CARTESIAN_POINT ( 'NONE',  ( 12.84491552218766408, -2.749376809335241756, -11.99820137062016734 ) ) ;
#754 = LINE ( 'NONE', #3302, #4735 ) ;
#755 = VECTOR ( 'NONE', #2420, 1000.000000000000000 ) ;
#756 = DIRECTION ( 'NONE',  ( -0.05862997223466587249, -0.4709360439721141933, -0.8802168873883625677 ) ) ;
#757 = EDGE_CURVE ( 'NONE', #501, #1626, #1998, .T. ) ;
#758 = CARTESIAN_POINT ( 'NONE',  ( 6.183853889545575910, -16.81489095918698240, -18.24674244843130211 ) ) ;
#759 = DIRECTION ( 'NONE',  ( -0.9948500600418254125, 0.07037895403468678868, 0.07293943284506473890 ) ) ;
#760 = VECTOR ( 'NONE', #3087, 1000.000000000000000 ) ;
#761 = CARTESIAN_POINT ( 'NONE',  ( -2.519615133460420875, 36.98105107016100845, -41.52413179738634597 ) ) ;
#762 = ORIENTED_EDGE ( 'NONE', *, *, #4710, .T. ) ;
#763 = AXIS2_PLACEMENT_3D ( 'NONE', #438, #1877, #3115 ) ;
#764 = CIRCLE ( 'NONE', #689, 1.999999999999999334 ) ;
#765 = ORIENTED_EDGE ( 'NONE', *, *, #1896, .F. ) ;
#766 = DIRECTION ( 'NONE',  ( 0.000000000000000000, -0.4731777794655587233, -0.8809669625020244421 ) ) ;
#767 = VECTOR ( 'NONE', #3149, 1000.000000000000227 ) ;
#768 = FACE_OUTER_BOUND ( 'NONE', #3012, .T. ) ;
#769 = ORIENTED_EDGE ( 'NONE', *, *, #383, .T. ) ;
#770 = VECTOR ( 'NONE', #924, 1000.000000000000227 ) ;
#771 = CIRCLE ( 'NONE', #1150, 1.999999999999999334 ) ;
#772 = ORIENTED_EDGE ( 'NONE', *, *, #322, .T. ) ;
#773 = CARTESIAN_POINT ( 'NONE',  ( -12.34974309387767200, 8.312178173163463413, -29.02732516312014255 ) ) ;
#774 = CARTESIAN_POINT ( 'NONE',  ( 9.711474535095677041, 11.62674404546086926, -29.60187569948439190 ) ) ;
#775 = CARTESIAN_POINT ( 'NONE',  ( -14.18050189504236869, 9.741332019824994859, -29.58662409887407918 ) ) ;
#776 = LINE ( 'NONE', #1153, #3902 ) ;
#777 = VECTOR ( 'NONE', #1198, 1000.000000000000114 ) ;
#778 = VECTOR ( 'NONE', #2726, 1000.000000000000227 ) ;
#779 = CARTESIAN_POINT ( 'NONE',  ( 7.619135102901102741, 15.52473470914955023, -16.33562431171050378 ) ) ;
#780 = VERTEX_POINT ( 'NONE', #2022 ) ;
#781 = DIRECTION ( 'NONE',  ( 0.000000000000000000, -0.4731777794655601665, -0.8809669625020235539 ) ) ;
#782 = VECTOR ( 'NONE', #3945, 1000.000000000000227 ) ;
#783 = CARTESIAN_POINT ( 'NONE',  ( -11.55568096677922085, 12.09302353383005268, -28.56297506391684848 ) ) ;
#784 = CARTESIAN_POINT ( 'NONE',  ( 7.619135102901102741, 15.52473470914955023, -16.33562431171050378 ) ) ;
#785 = CARTESIAN_POINT ( 'NONE',  ( 6.477401191394375424, -16.23585439616198656, -18.58833636192785477 ) ) ;
#786 = LINE ( 'NONE', #447, #3916 ) ;
#787 = EDGE_CURVE ( 'NONE', #3055, #1379, #4560, .T. ) ;
#788 = ADVANCED_FACE ( 'NONE', ( #2745 ), #2071, .F. ) ;
#789 = EDGE_CURVE ( 'NONE', #2760, #706, #394, .T. ) ;
#790 = ORIENTED_EDGE ( 'NONE', *, *, #4305, .F. ) ;
#791 = CARTESIAN_POINT ( 'NONE',  ( 7.289072324442637196, 9.734014305474547157, -29.46171190886992619 ) ) ;
#792 = ORIENTED_EDGE ( 'NONE', *, *, #1546, .F. ) ;
#793 = ORIENTED_EDGE ( 'NONE', *, *, #2579, .F. ) ;
#794 = DIRECTION ( 'NONE',  ( 0.000000000000000000, 0.4731777794655594449, 0.8809669625020238870 ) ) ;
#795 = CARTESIAN_POINT ( 'NONE',  ( -18.93984327513988219, 4.934717204216501507, -22.16959992852488881 ) ) ;
#796 = ORIENTED_EDGE ( 'NONE', *, *, #2343, .T. ) ;
#797 = ORIENTED_EDGE ( 'NONE', *, *, #1190, .T. ) ;
#798 = CARTESIAN_POINT ( 'NONE',  ( 8.816587545811719551, -16.90569614202381743, -14.27676446908808039 ) ) ;
#799 = CARTESIAN_POINT ( 'NONE',  ( -2.204503888771100151, -15.89540595019171221, -14.73069832689051317 ) ) ;
#800 = CARTESIAN_POINT ( 'NONE',  ( 7.027751384643466714, 6.941350700776414584, -30.44802513992094717 ) ) ;
#801 = CARTESIAN_POINT ( 'NONE',  ( 21.08311416805910099, -12.81978758252161654, -3.839117768931240349 ) ) ;
#802 = ORIENTED_EDGE ( 'NONE', *, *, #830, .T. ) ;
#803 = DIRECTION ( 'NONE',  ( -0.02761996880506026320, -0.8806308699840952325, 0.4729972601974170576 ) ) ;
#804 = CARTESIAN_POINT ( 'NONE',  ( -18.06067630655164891, -12.73447849125962428, -9.771550551721150057 ) ) ;
#805 = CARTESIAN_POINT ( 'NONE',  ( -11.85231054315067034, -14.63360027894188065, -14.33247457477772002 ) ) ;
#806 = CARTESIAN_POINT ( 'NONE',  ( 4.178522076417696240, -17.63066572739539950, -17.58869447816351439 ) ) ;
#807 = CARTESIAN_POINT ( 'NONE',  ( -12.72222917730133140, 0.6602436742469122155, -25.14796675775762935 ) ) ;
#808 = CARTESIAN_POINT ( 'NONE',  ( 9.508996884999985966, 7.811799971674127541, -28.68252564912754110 ) ) ;
#809 = EDGE_CURVE ( 'NONE', #3672, #2772, #1469, .T. ) ;
#810 = ORIENTED_EDGE ( 'NONE', *, *, #4040, .F. ) ;
#811 = EDGE_CURVE ( 'NONE', #1035, #381, #1399, .T. ) ;
#812 = VERTEX_POINT ( 'NONE', #1055 ) ;
#813 = CARTESIAN_POINT ( 'NONE',  ( -17.33345732364051983, 11.01868313387582532, -22.50892686996091285 ) ) ;
#814 = EDGE_CURVE ( 'NONE', #3634, #4130, #1753, .T. ) ;
#815 = DIRECTION ( 'NONE',  ( -0.9948500600418254125, 0.07037895403468684419, 0.07293943284506472502 ) ) ;
#816 = ORIENTED_EDGE ( 'NONE', *, *, #1101, .T. ) ;
#817 = ORIENTED_EDGE ( 'NONE', *, *, #2838, .F. ) ;
#818 = FACE_OUTER_BOUND ( 'NONE', #2319, .T. ) ;
#819 = CARTESIAN_POINT ( 'NONE',  ( 5.036548046724192318, 8.406092147062175002, -31.00849443275116357 ) ) ;
#820 = ORIENTED_EDGE ( 'NONE', *, *, #1484, .T. ) ;
#821 = CARTESIAN_POINT ( 'NONE',  ( -11.54659727765124799, 12.14218511726119587, -28.57121267110821350 ) ) ;
#822 =( BOUNDED_CURVE ( )  B_SPLINE_CURVE ( 3, ( #2293, #1714, #988, #4617 ),
 .UNSPECIFIED., .F., .T. ) 
 B_SPLINE_CURVE_WITH_KNOTS ( ( 4, 4 ),
 ( 3.141592653589795781, 4.712388980384687898 ),
 .UNSPECIFIED. ) 
 CURVE ( )  GEOMETRIC_REPRESENTATION_ITEM ( )  RATIONAL_B_SPLINE_CURVE ( ( 1.000000000000000000, 0.8047378541243661587, 0.8047378541243661587, 1.000000000000000000 ) ) 
 REPRESENTATION_ITEM ( '' )  );
#823 = FACE_OUTER_BOUND ( 'NONE', #3208, .T. ) ;
#824 = LINE ( 'NONE', #1324, #1849 ) ;
#825 = PLANE ( 'NONE',  #697 ) ;
#826 = ORIENTED_EDGE ( 'NONE', *, *, #1308, .T. ) ;
#827 = CARTESIAN_POINT ( 'NONE',  ( -1.609786693783045619, 8.876275651078481488, -30.52120503514016292 ) ) ;
#828 = ORIENTED_EDGE ( 'NONE', *, *, #3069, .T. ) ;
#829 = AXIS2_PLACEMENT_3D ( 'NONE', #2388, #4252, #2436 ) ;
#830 = EDGE_CURVE ( 'NONE', #1392, #3932, #2845, .T. ) ;
#831 = VECTOR ( 'NONE', #1118, 1000.000000000000114 ) ;
#832 = VERTEX_POINT ( 'NONE', #3680 ) ;
#833 = LINE ( 'NONE', #2687, #316 ) ;
#834 = DIRECTION ( 'NONE',  ( 0.9948500600418254125, -0.07037895403468674704, -0.07293943284506475278 ) ) ;
#835 = VECTOR ( 'NONE', #445, 1000.000000000000227 ) ;
#836 = ADVANCED_FACE ( 'NONE', ( #2192 ), #971, .T. ) ;
#837 = ADVANCED_FACE ( 'NONE', ( #3616 ), #3230, .F. ) ;
#838 = ORIENTED_EDGE ( 'NONE', *, *, #3227, .T. ) ;
#839 = EDGE_CURVE ( 'NONE', #474, #3634, #2611, .T. ) ;
#840 = ORIENTED_EDGE ( 'NONE', *, *, #4206, .T. ) ;
#841 = CIRCLE ( 'NONE', #3532, 1.397629479600046132 ) ;
#842 = LINE ( 'NONE', #1878, #2843 ) ;
#843 = CARTESIAN_POINT ( 'NONE',  ( 14.74461128747380201, 12.11947506065443925, -26.27642467675785554 ) ) ;
#844 = CARTESIAN_POINT ( 'NONE',  ( 14.70214803108559387, 11.17552602711032605, -24.01942110107747297 ) ) ;
#845 = ORIENTED_EDGE ( 'NONE', *, *, #29, .F. ) ;
#846 = VECTOR ( 'NONE', #3139, 1000.000000000000114 ) ;
#847 = ORIENTED_EDGE ( 'NONE', *, *, #1981, .T. ) ;
#848 = DIRECTION ( 'NONE',  ( -0.7470778262826895944, -0.2962018438469778414, -0.5950959495563569179 ) ) ;
#849 = DIRECTION ( 'NONE',  ( 0.000000000000000000, -0.8844535131362519786, 0.4666283136511777951 ) ) ;
#850 = LINE ( 'NONE', #3089, #1930 ) ;
#851 = DIRECTION ( 'NONE',  ( -0.02761996880506027013, -0.8806308699840952325, 0.4729972601974169466 ) ) ;
#852 = AXIS2_PLACEMENT_3D ( 'NONE', #2262, #1174, #4437 ) ;
#853 = CARTESIAN_POINT ( 'NONE',  ( 39.80995196569685390, -4.111151948231875686, -5.329539719389871699 ) ) ;
#854 = ORIENTED_EDGE ( 'NONE', *, *, #599, .F. ) ;
#855 = CIRCLE ( 'NONE', #1456, 1.500000000000000666 ) ;
#856 = EDGE_LOOP ( 'NONE', ( #2554, #1107, #3702, #2386 ) ) ;
#857 = CARTESIAN_POINT ( 'NONE',  ( 3.405856851019676057, -10.03363337886560203, -18.48183566201542405 ) ) ;
#858 =( BOUNDED_CURVE ( )  B_SPLINE_CURVE ( 3, ( #4078, #2930, #3266, #1430 ),
 .UNSPECIFIED., .F., .F. ) 
 B_SPLINE_CURVE_WITH_KNOTS ( ( 4, 4 ),
 ( 0.3975674973134110113, 1.570796326794897890 ),
 .UNSPECIFIED. ) 
 CURVE ( )  GEOMETRIC_REPRESENTATION_ITEM ( )  RATIONAL_B_SPLINE_CURVE ( ( 1.000000000000000000, 0.8885463473235886145, 0.8885463473235886145, 1.000000000000000000 ) ) 
 REPRESENTATION_ITEM ( '' )  );
#859 = ORIENTED_EDGE ( 'NONE', *, *, #1665, .T. ) ;
#860 = ORIENTED_EDGE ( 'NONE', *, *, #131, .T. ) ;
#861 = CYLINDRICAL_SURFACE ( 'NONE', #3836, 0.5000000000000011102 ) ;
#862 = ADVANCED_FACE ( 'NONE', ( #3252 ), #4701, .F. ) ;
#863 = EDGE_CURVE ( 'NONE', #3382, #3106, #344, .T. ) ;
#864 = CARTESIAN_POINT ( 'NONE',  ( -11.72736376808335912, -13.92925383367379588, -15.85452480252265417 ) ) ;
#865 = DIRECTION ( 'NONE',  ( 0.02761996880506050259, 0.8806308699840952325, -0.4729972601974169466 ) ) ;
#866 = ORIENTED_EDGE ( 'NONE', *, *, #3661, .F. ) ;
#867 = VERTEX_POINT ( 'NONE', #3071 ) ;
#868 = CARTESIAN_POINT ( 'NONE',  ( -15.76755265496427505, 8.904287329321135758, -28.12450850055511964 ) ) ;
#869 = CARTESIAN_POINT ( 'NONE',  ( 6.863370557971045116, -6.513828812793200029, -19.35617787704576642 ) ) ;
#870 = DIRECTION ( 'NONE',  ( -0.6641625243868696238, 0.3698022965487184899, 0.6497187104180968120 ) ) ;
#871 = CARTESIAN_POINT ( 'NONE',  ( 8.867049317851856571, -15.76995848320988181, -16.02189895073616555 ) ) ;
#872 = VERTEX_POINT ( 'NONE', #2265 ) ;
#873 = DIRECTION ( 'NONE',  ( -0.09752176863646269678, -0.4685467678471798569, -0.8780395383933329301 ) ) ;
#874 = CARTESIAN_POINT ( 'NONE',  ( 8.788967577006657095, -17.78632701200791288, -13.80376720889066355 ) ) ;
#875 = ORIENTED_EDGE ( 'NONE', *, *, #1779, .F. ) ;
#876 = CARTESIAN_POINT ( 'NONE',  ( 24.69362531513063175, -11.39639648241320558, -7.109317793527317519 ) ) ;
#877 = DIRECTION ( 'NONE',  ( -0.02761996880506015564, -0.8806308699840951215, 0.4729972601974172797 ) ) ;
#878 = EDGE_LOOP ( 'NONE', ( #3242, #3431, #1542, #3321 ) ) ;
#879 = EDGE_LOOP ( 'NONE', ( #3229, #1852, #504 ) ) ;
#880 = DIRECTION ( 'NONE',  ( -0.6641625243868694017, 0.3698022965487185454, 0.6497187104180969230 ) ) ;
#881 = DIRECTION ( 'NONE',  ( -0.6717662746973347421, 0.000000000000000000, -0.7407631687518387853 ) ) ;
#882 = LINE ( 'NONE', #3180, #1460 ) ;
#883 = ORIENTED_EDGE ( 'NONE', *, *, #704, .F. ) ;
#884 = ORIENTED_EDGE ( 'NONE', *, *, #2401, .T. ) ;
#885 = EDGE_CURVE ( 'NONE', #3396, #3881, #3727, .T. ) ;
#886 = EDGE_CURVE ( 'NONE', #3091, #3199, #3342, .T. ) ;
#887 = VERTEX_POINT ( 'NONE', #1985 ) ;
#888 = CARTESIAN_POINT ( 'NONE',  ( -18.86250736248570448, 7.400483640171980682, -23.49399225707768935 ) ) ;
#889 = CARTESIAN_POINT ( 'NONE',  ( 3.514137035065740822, 21.54209902490590522, -31.31523381508511505 ) ) ;
#890 = CARTESIAN_POINT ( 'NONE',  ( 14.75902529293374954, 12.46049126617950087, -26.36351879119630226 ) ) ;
#891 = CYLINDRICAL_SURFACE ( 'NONE', #397, 0.5000000000000011102 ) ;
#892 = ORIENTED_EDGE ( 'NONE', *, *, #1515, .T. ) ;
#893 = EDGE_CURVE ( 'NONE', #4107, #4178, #184, .T. ) ;
#894 = DIRECTION ( 'NONE',  ( -0.6508913630218420288, 0.000000000000000000, 0.7591708856005797701 ) ) ;
#895 = CARTESIAN_POINT ( 'NONE',  ( 23.50099550112052782, -14.05965478810308333, -6.006325943656434241 ) ) ;
#896 = CARTESIAN_POINT ( 'NONE',  ( 2.615917947097203378, -2.260051867917437285, 3.960432410438418316 ) ) ;
#897 = ORIENTED_EDGE ( 'NONE', *, *, #4206, .F. ) ;
#898 = CIRCLE ( 'NONE', #1139, 0.5000000000000011102 ) ;
#899 = DIRECTION ( 'NONE',  ( 0.6508913630218422508, 0.000000000000000000, -0.7591708856005795480 ) ) ;
#900 = DIRECTION ( 'NONE',  ( -0.09752176863646266902, -0.4685467678471798014, -0.8780395383933330411 ) ) ;
#901 = AXIS2_PLACEMENT_3D ( 'NONE', #3666, #2949, #681 ) ;
#902 = ORIENTED_EDGE ( 'NONE', *, *, #2107, .T. ) ;
#903 = ORIENTED_EDGE ( 'NONE', *, *, #1184, .F. ) ;
#904 = LINE ( 'NONE', #2813, #4598 ) ;
#905 = DIRECTION ( 'NONE',  ( 0.7470778262826895944, 0.2962018438469778969, 0.5950959495563569179 ) ) ;
#906 = CARTESIAN_POINT ( 'NONE',  ( -11.09779581662346182, 13.09886003600263393, -28.07620219516736171 ) ) ;
#907 = ORIENTED_EDGE ( 'NONE', *, *, #3925, .T. ) ;
#908 = ORIENTED_EDGE ( 'NONE', *, *, #1691, .F. ) ;
#909 = VECTOR ( 'NONE', #2007, 999.9999999999998863 ) ;
#910 = VERTEX_POINT ( 'NONE', #874 ) ;
#911 = LINE ( 'NONE', #1654, #4356 ) ;
#912 = FACE_OUTER_BOUND ( 'NONE', #576, .T. ) ;
#913 = CYLINDRICAL_SURFACE ( 'NONE', #1084, 1.000000000000000222 ) ;
#914 = VECTOR ( 'NONE', #3774, 1000.000000000000000 ) ;
#915 = LINE ( 'NONE', #2392, #3996 ) ;
#916 = ORIENTED_EDGE ( 'NONE', *, *, #1890, .T. ) ;
#917 = ORIENTED_EDGE ( 'NONE', *, *, #4590, .T. ) ;
#918 = AXIS2_PLACEMENT_3D ( 'NONE', #3035, #3684, #1131 ) ;
#919 = CIRCLE ( 'NONE', #3918, 2.837515432283241434 ) ;
#920 = DIRECTION ( 'NONE',  ( 0.6300624072003384590, -0.6641072484698244960, -0.4024710245008376042 ) ) ;
#921 = DIRECTION ( 'NONE',  ( -0.9948500600418255235, 0.07037895403468660827, 0.07293943284506484992 ) ) ;
#922 = EDGE_CURVE ( 'NONE', #4534, #2772, #4188, .T. ) ;
#923 = EDGE_CURVE ( 'NONE', #2736, #2723, #547, .T. ) ;
#924 = DIRECTION ( 'NONE',  ( -0.02761996880506026666, -0.8806308699840952325, 0.4729972601974169466 ) ) ;
#925 = VECTOR ( 'NONE', #865, 1000.000000000000227 ) ;
#926 = AXIS2_PLACEMENT_3D ( 'NONE', #4399, #3324, #710 ) ;
#927 = DIRECTION ( 'NONE',  ( 0.7470778262826892613, 0.2962018438469781190, 0.5950959495563572510 ) ) ;
#928 = ORIENTED_EDGE ( 'NONE', *, *, #77, .T. ) ;
#929 = AXIS2_PLACEMENT_3D ( 'NONE', #1396, #4393, #2885 ) ;
#930 = PLANE ( 'NONE',  #1302 ) ;
#931 = DIRECTION ( 'NONE',  ( 0.000000000000000000, -0.4731777794655597225, -0.8809669625020237760 ) ) ;
#932 = ORIENTED_EDGE ( 'NONE', *, *, #704, .T. ) ;
#933 = CARTESIAN_POINT ( 'NONE',  ( 3.308497322067621926, 19.19921578004882079, -13.76308978865275812 ) ) ;
#934 = FACE_OUTER_BOUND ( 'NONE', #3790, .T. ) ;
#935 = CARTESIAN_POINT ( 'NONE',  ( 4.757510572056987463, -14.62275207810369970, -16.18307691132317672 ) ) ;
#936 = ORIENTED_EDGE ( 'NONE', *, *, #2494, .F. ) ;
#937 = ORIENTED_EDGE ( 'NONE', *, *, #161, .F. ) ;
#938 = CARTESIAN_POINT ( 'NONE',  ( -11.43624980274926273, 13.95832744500459555, -26.49580098256492278 ) ) ;
#939 = LINE ( 'NONE', #3495, #4135 ) ;
#940 = DIRECTION ( 'NONE',  ( -0.02761996880506042973, -0.8806308699840953436, 0.4729972601974170576 ) ) ;
#941 = DIRECTION ( 'NONE',  ( 0.9948500600418255235, -0.07037895403468685807, -0.07293943284506472502 ) ) ;
#942 = ORIENTED_EDGE ( 'NONE', *, *, #2589, .T. ) ;
#943 = CYLINDRICAL_SURFACE ( 'NONE', #2988, 0.9999999999999988898 ) ;
#944 = LINE ( 'NONE', #1765, #3611 ) ;
#945 = CARTESIAN_POINT ( 'NONE',  ( 5.612500674929922440, -17.58893817200839038, -17.42727067302574540 ) ) ;
#946 = ADVANCED_FACE ( 'NONE', ( #1256 ), #4058, .T. ) ;
#947 = EDGE_CURVE ( 'NONE', #3810, #2955, #4527, .T. ) ;
#948 = CARTESIAN_POINT ( 'NONE',  ( 2.332803042509055569, -16.12337369700319556, -11.08466274525046913 ) ) ;
#949 = ORIENTED_EDGE ( 'NONE', *, *, #636, .F. ) ;
#950 = DIRECTION ( 'NONE',  ( -0.02761996880506017646, -0.8806308699840952325, 0.4729972601974171131 ) ) ;
#951 = CARTESIAN_POINT ( 'NONE',  ( 9.711474535095677041, 11.62674404546086926, -29.60187569948439190 ) ) ;
#952 = EDGE_CURVE ( 'NONE', #3491, #2801, #53, .T. ) ;
#953 = ORIENTED_EDGE ( 'NONE', *, *, #3281, .F. ) ;
#954 = DIRECTION ( 'NONE',  ( 0.6300624072003387921, -0.6641072484698239409, -0.4024710245008376597 ) ) ;
#955 = CARTESIAN_POINT ( 'NONE',  ( -13.55738368773412184, -11.56611217956815096, -8.337545959614876878 ) ) ;
#956 = FACE_OUTER_BOUND ( 'NONE', #1326, .T. ) ;
#957 = ORIENTED_EDGE ( 'NONE', *, *, #259, .T. ) ;
#958 = ORIENTED_EDGE ( 'NONE', *, *, #1301, .F. ) ;
#959 = ORIENTED_EDGE ( 'NONE', *, *, #1694, .F. ) ;
#960 = DIRECTION ( 'NONE',  ( -0.6915197032147273326, 0.3585166444257747997, 0.6271094926211036036 ) ) ;
#961 = CARTESIAN_POINT ( 'NONE',  ( 12.27457100643542631, -8.170631583707953283, -11.34254684573755689 ) ) ;
#962 = CARTESIAN_POINT ( 'NONE',  ( 10.27068117802331848, 7.910544442972587298, -28.45420482115230243 ) ) ;
#963 = CARTESIAN_POINT ( 'NONE',  ( -14.61448241843595852, -16.06346410351438436, -15.76825278846276746 ) ) ;
#964 = ORIENTED_EDGE ( 'NONE', *, *, #2987, .T. ) ;
#965 = ORIENTED_EDGE ( 'NONE', *, *, #4209, .T. ) ;
#966 = CARTESIAN_POINT ( 'NONE',  ( -14.08713379441275393, 10.20919601163411272, -29.79928506637321917 ) ) ;
#967 = LINE ( 'NONE', #207, #2455 ) ;
#968 = LINE ( 'NONE', #2826, #846 ) ;
#969 = CARTESIAN_POINT ( 'NONE',  ( -12.42633977984553262, -13.38688753775275764, -14.88555765206738890 ) ) ;
#970 = ORIENTED_EDGE ( 'NONE', *, *, #3580, .T. ) ;
#971 =( BOUNDED_SURFACE ( )  B_SPLINE_SURFACE ( 3, 2, ( 
 ( #4371, #2143, #1856 ),
 ( #747, #1086, #3322 ),
 ( #2889, #2119, #2943 ),
 ( #1756, #652, #1783 ),
 ( #4397, #3275, #3660 ),
 ( #1372, #2561, #3588 ),
 ( #4301, #1108, #4344 ),
 ( #1012, #1030, #4723 ),
 ( #7, #3949, #366 ),
 ( #297, #1824, #2509 ) ),
 .UNSPECIFIED., .F., .F., .T. ) 
 B_SPLINE_SURFACE_WITH_KNOTS ( ( 4, 2, 2, 2, 4 ),
 ( 3, 3 ),
 ( -8.881784197001252323E-16, 0.3926990816987234734, 0.7853981633974478349, 1.178097245096172196, 1.570796326794896558 ),
 ( 0.000000000000000000, 1.000000000000000000 ),
 .UNSPECIFIED. ) 
 GEOMETRIC_REPRESENTATION_ITEM ( )  RATIONAL_B_SPLINE_SURFACE ( (
 ( 1.000000000000000000, 0.9162363459640519014, 1.000000000000000000),
 ( 1.000000000000000000, 0.9162454825456975982, 1.000000000000000000),
 ( 1.000000000000000000, 0.9114504437102821655, 1.000000000000000000),
 ( 1.000000000000000000, 0.8925972021202601692, 1.000000000000000000),
 ( 1.000000000000000000, 0.8785281383611307504, 1.000000000000000000),
 ( 1.000000000000000000, 0.8420008541295360693, 1.000000000000000000),
 ( 1.000000000000000000, 0.8195377410013514607, 1.000000000000000000),
 ( 1.000000000000000000, 0.7678082599888625959, 1.000000000000000000),
 ( 1.000000000000000000, 0.7385479417975754357, 1.000000000000000000),
 ( 1.000000000000000000, 0.7071067811865462405, 1.000000000000000000) ) ) 
 REPRESENTATION_ITEM ( '' )  SURFACE ( )  );
#972 = CARTESIAN_POINT ( 'NONE',  ( 9.711474535095677041, 11.15356626599530898, -30.48284266198641390 ) ) ;
#973 = FACE_OUTER_BOUND ( 'NONE', #4256, .T. ) ;
#974 = VERTEX_POINT ( 'NONE', #3478 ) ;
#975 = DIRECTION ( 'NONE',  ( -0.6641625243868719553, 0.3698022965487173241, 0.6497187104180947026 ) ) ;
#976 = B_SPLINE_CURVE_WITH_KNOTS ( 'NONE', 3,
 ( #4128, #2635, #3412, #119, #1577, #3817, #3053, #4510, #1220, #172, #864, #3796, #506, #1970, #4469, #4090, #1605, #2267, #3081, #3729, #1902, #3367 ),
 .UNSPECIFIED., .F., .F.,
 ( 4, 1, 1, 1, 1, 1, 2, 2, 1, 1, 1, 1, 1, 2, 2, 4 ),
 ( 0.000000000000000000, 0.1250000000000091038, 0.1875000000000131561, 0.2187500000000151823, 0.2343750000000165701, 0.2421875000000168754, 0.2460937500000171252, 0.2500000000000173195, 0.3750000000000263123, 0.4375000000000308087, 0.4687500000000331402, 0.4843750000000342504, 0.4921875000000344169, 0.4960937500000348610, 0.5000000000000353051, 1.000000000000000000 ),
 .UNSPECIFIED. ) ;
#977 = LINE ( 'NONE', #3509, #3011 ) ;
#978 = EDGE_CURVE ( 'NONE', #3534, #4261, #1279, .T. ) ;
#979 = AXIS2_PLACEMENT_3D ( 'NONE', #252, #4635, #728 ) ;
#980 = EDGE_CURVE ( 'NONE', #1199, #1120, #4604, .T. ) ;
#981 = ORIENTED_EDGE ( 'NONE', *, *, #2729, .T. ) ;
#982 = ADVANCED_FACE ( 'NONE', ( #2985 ), #2030, .F. ) ;
#983 = VERTEX_POINT ( 'NONE', #773 ) ;
#984 = ORIENTED_EDGE ( 'NONE', *, *, #1839, .T. ) ;
#985 = DIRECTION ( 'NONE',  ( -0.02761996880506026666, -0.8806308699840952325, 0.4729972601974171131 ) ) ;
#986 = CIRCLE ( 'NONE', #1911, 11.31869210692803840 ) ;
#987 = CARTESIAN_POINT ( 'NONE',  ( -9.766871479112836596, 8.965585418386003980, -27.65998230795943158 ) ) ;
#988 = CARTESIAN_POINT ( 'NONE',  ( 21.08814169877460998, -19.32088090900068522, -15.94262257425314111 ) ) ;
#989 = CARTESIAN_POINT ( 'NONE',  ( -14.10525893672067710, 9.514419565000508783, -30.04334468097279398 ) ) ;
#990 = ORIENTED_EDGE ( 'NONE', *, *, #1535, .T. ) ;
#991 = AXIS2_PLACEMENT_3D ( 'NONE', #1478, #2951, #2972 ) ;
#992 = EDGE_LOOP ( 'NONE', ( #3203, #2969, #2378, #958, #4007, #3119, #4164, #3563, #4376, #790, #341, #2603, #3154, #2529, #2908 ) ) ;
#993 = LINE ( 'NONE', #4662, #1517 ) ;
#994 = CARTESIAN_POINT ( 'NONE',  ( 9.558085982852759344, -14.80973200261706246, -16.25087550805894665 ) ) ;
#995 = VECTOR ( 'NONE', #4126, 1000.000000000000227 ) ;
#996 = DIRECTION ( 'NONE',  ( -0.6641625243868695128, 0.3698022965487184899, 0.6497187104180968120 ) ) ;
#997 = VECTOR ( 'NONE', #1051, 1000.000000000000000 ) ;
#998 = CARTESIAN_POINT ( 'NONE',  ( -18.02090355147236167, -11.46637003848252689, -10.45266660640542966 ) ) ;
#999 = DIRECTION ( 'NONE',  ( 0.6508913630218423618, 0.000000000000000000, -0.7591708856005796591 ) ) ;
#1000 = ORIENTED_EDGE ( 'NONE', *, *, #2522, .T. ) ;
#1001 = DIRECTION ( 'NONE',  ( 0.6956610734545393138, -0.3567285703321865231, -0.6235386098621578110 ) ) ;
#1002 = AXIS2_PLACEMENT_3D ( 'NONE', #3489, #196, #3123 ) ;
#1003 = VECTOR ( 'NONE', #3471, 1000.000000000000114 ) ;
#1004 = DIRECTION ( 'NONE',  ( -0.02761996880506032565, -0.8806308699840952325, 0.4729972601974170021 ) ) ;
#1005 = AXIS2_PLACEMENT_3D ( 'NONE', #3531, #3481, #931 ) ;
#1006 = ORIENTED_EDGE ( 'NONE', *, *, #3401, .T. ) ;
#1007 = CARTESIAN_POINT ( 'NONE',  ( -17.49451388528853713, -10.00987156634164421, -10.66456289535590152 ) ) ;
#1008 = DIRECTION ( 'NONE',  ( 0.000000000000000000, -0.4731777794655559477, -0.8809669625020258854 ) ) ;
#1009 = ORIENTED_EDGE ( 'NONE', *, *, #2839, .F. ) ;
#1010 = EDGE_CURVE ( 'NONE', #4246, #4142, #2451, .T. ) ;
#1011 = ORIENTED_EDGE ( 'NONE', *, *, #3423, .T. ) ;
#1012 = CARTESIAN_POINT ( 'NONE',  ( 5.518746325684827703, 8.099799988958221064, -31.46805531885831542 ) ) ;
#1013 = EDGE_CURVE ( 'NONE', #3529, #1300, #3445, .T. ) ;
#1014 = CARTESIAN_POINT ( 'NONE',  ( -13.37464186628097451, -5.739599834656335275, -11.46703468137578419 ) ) ;
#1015 = DIRECTION ( 'NONE',  ( -0.9653904217049180669, 0.1462610015922801709, 0.2159376138925862831 ) ) ;
#1016 = ORIENTED_EDGE ( 'NONE', *, *, #2719, .T. ) ;
#1017 = DIRECTION ( 'NONE',  ( 0.9948500600418256345, -0.07037895403468660827, -0.07293943284506483604 ) ) ;
#1018 = LINE ( 'NONE', #3239, #4442 ) ;
#1019 = ADVANCED_FACE ( 'NONE', ( #2633 ), #4088, .T. ) ;
#1020 = ADVANCED_FACE ( 'NONE', ( #163 ), #4166, .F. ) ;
#1021 = CARTESIAN_POINT ( 'NONE',  ( 21.91098102131246961, -9.969482201084471029, -4.615163354078686275 ) ) ;
#1022 = CARTESIAN_POINT ( 'NONE',  ( 24.73781726521872315, -9.987387090438655690, -7.866113409843184634 ) ) ;
#1023 = ORIENTED_EDGE ( 'NONE', *, *, #1043, .F. ) ;
#1024 = FACE_OUTER_BOUND ( 'NONE', #2750, .T. ) ;
#1025 = ORIENTED_EDGE ( 'NONE', *, *, #1694, .T. ) ;
#1026 = SPHERICAL_SURFACE ( 'NONE', #4610, 1.000000000000000000 ) ;
#1027 = ORIENTED_EDGE ( 'NONE', *, *, #430, .T. ) ;
#1028 = ORIENTED_EDGE ( 'NONE', *, *, #3423, .F. ) ;
#1029 = VERTEX_POINT ( 'NONE', #2500 ) ;
#1030 = CARTESIAN_POINT ( 'NONE',  ( 5.604078488310152650, 8.459552763610401982, -31.66950723016054781 ) ) ;
#1031 = CARTESIAN_POINT ( 'NONE',  ( 5.255557876227318737, 7.066721478222162567, -30.31809320888186932 ) ) ;
#1032 = FACE_OUTER_BOUND ( 'NONE', #491, .T. ) ;
#1033 = VERTEX_POINT ( 'NONE', #4334 ) ;
#1034 = ADVANCED_FACE ( 'NONE', ( #4599 ), #4644, .T. ) ;
#1035 = VERTEX_POINT ( 'NONE', #3939 ) ;
#1036 = EDGE_CURVE ( 'NONE', #3439, #386, #1666, .T. ) ;
#1037 = LINE ( 'NONE', #1134, #4279 ) ;
#1038 = CARTESIAN_POINT ( 'NONE',  ( 5.418557468443285785, 7.000256760561083702, -30.87018016930619169 ) ) ;
#1039 = DIRECTION ( 'NONE',  ( 0.07312074838872179017, 0.000000000000000000, 0.9973230951677963807 ) ) ;
#1040 =( BOUNDED_CURVE ( )  B_SPLINE_CURVE ( 3, ( #1541, #441, #2247, #120 ),
 .UNSPECIFIED., .F., .T. ) 
 B_SPLINE_CURVE_WITH_KNOTS ( ( 4, 4 ),
 ( 3.141592653589794448, 4.712388980384689674 ),
 .UNSPECIFIED. ) 
 CURVE ( )  GEOMETRIC_REPRESENTATION_ITEM ( )  RATIONAL_B_SPLINE_CURVE ( ( 1.000000000000000000, 0.8047378541243652705, 0.8047378541243652705, 1.000000000000000000 ) ) 
 REPRESENTATION_ITEM ( '' )  );
#1041 = ADVANCED_FACE ( 'NONE', ( #3528 ), #4312, .T. ) ;
#1042 = EDGE_CURVE ( 'NONE', #3724, #2575, #1386, .T. ) ;
#1043 = EDGE_CURVE ( 'NONE', #3881, #1952, #2087, .T. ) ;
#1044 = ORIENTED_EDGE ( 'NONE', *, *, #3696, .T. ) ;
#1045 = CARTESIAN_POINT ( 'NONE',  ( 21.59723642522274645, -11.33213982226852856, -19.83714905707772402 ) ) ;
#1046 = CARTESIAN_POINT ( 'NONE',  ( -1.436668755990417878, 8.586132235366134680, -27.88002216037870795 ) ) ;
#1047 = EDGE_LOOP ( 'NONE', ( #2317, #2485, #3838, #953 ) ) ;
#1048 = CARTESIAN_POINT ( 'NONE',  ( 14.64794139665609407, 9.037267015710119367, -24.62093426606690016 ) ) ;
#1049 = FACE_OUTER_BOUND ( 'NONE', #1755, .T. ) ;
#1050 = ORIENTED_EDGE ( 'NONE', *, *, #2399, .T. ) ;
#1051 = DIRECTION ( 'NONE',  ( 0.6915197032147273326, -0.3585166444257757434, -0.6271094926211030485 ) ) ;
#1052 = LINE ( 'NONE', #2910, #1311 ) ;
#1053 = ORIENTED_EDGE ( 'NONE', *, *, #1506, .F. ) ;
#1054 = ORIENTED_EDGE ( 'NONE', *, *, #4038, .F. ) ;
#1055 = CARTESIAN_POINT ( 'NONE',  ( 16.09576239461830482, 6.452212134781350805, -17.29846131853962987 ) ) ;
#1056 = CARTESIAN_POINT ( 'NONE',  ( 4.542962681056770258, -15.65355496736749252, -18.11476389578850643 ) ) ;
#1057 = VECTOR ( 'NONE', #2656, 1000.000000000000227 ) ;
#1058 = DIRECTION ( 'NONE',  ( -0.6641625243868698458, 0.3698022965487191560, 0.6497187104180961459 ) ) ;
#1059 = PLANE ( 'NONE',  #2626 ) ;
#1060 = EDGE_LOOP ( 'NONE', ( #3940, #3872, #3966, #3290 ) ) ;
#1061 = DIRECTION ( 'NONE',  ( -0.9978976218425265055, 0.05204337920380031068, 0.03862412461246628181 ) ) ;
#1062 = VECTOR ( 'NONE', #2546, 999.9999999999998863 ) ;
#1063 = DIRECTION ( 'NONE',  ( 2.695179460605589825E-15, 0.4731777794655593894, 0.8809669625020238870 ) ) ;
#1064 = CARTESIAN_POINT ( 'NONE',  ( 9.571027528122556305, 8.733301787267132354, -29.18115471552415130 ) ) ;
#1065 = VECTOR ( 'NONE', #4517, 1000.000000000000114 ) ;
#1066 = CARTESIAN_POINT ( 'NONE',  ( -14.64943331835165985, -15.85742205244593173, -16.44377118775813784 ) ) ;
#1067 = ORIENTED_EDGE ( 'NONE', *, *, #2743, .F. ) ;
#1068 = LINE ( 'NONE', #3265, #3212 ) ;
#1069 = VECTOR ( 'NONE', #1316, 1000.000000000000114 ) ;
#1070 = CARTESIAN_POINT ( 'NONE',  ( -7.780137411107261869, -12.92707379718290461, -27.28889770244343893 ) ) ;
#1071 = EDGE_CURVE ( 'NONE', #2349, #4189, #1701, .T. ) ;
#1072 = ORIENTED_EDGE ( 'NONE', *, *, #1268, .F. ) ;
#1073 = ADVANCED_FACE ( 'NONE', ( #3601 ), #4286, .F. ) ;
#1074 = AXIS2_PLACEMENT_3D ( 'NONE', #4026, #759, #1039 ) ;
#1075 = VECTOR ( 'NONE', #2973, 1000.000000000000000 ) ;
#1076 = PLANE ( 'NONE',  #4378 ) ;
#1077 = AXIS2_PLACEMENT_3D ( 'NONE', #4111, #1931, #56 ) ;
#1078 = VERTEX_POINT ( 'NONE', #948 ) ;
#1079 = AXIS2_PLACEMENT_3D ( 'NONE', #136, #4053, #766 ) ;
#1080 = DIRECTION ( 'NONE',  ( -0.02761996880506045748, -0.8806308699840952325, 0.4729972601974171131 ) ) ;
#1081 = FACE_OUTER_BOUND ( 'NONE', #1047, .T. ) ;
#1082 = EDGE_CURVE ( 'NONE', #3593, #4251, #3141, .T. ) ;
#1083 = ORIENTED_EDGE ( 'NONE', *, *, #4680, .T. ) ;
#1084 = AXIS2_PLACEMENT_3D ( 'NONE', #2748, #125, #88 ) ;
#1085 = ORIENTED_EDGE ( 'NONE', *, *, #4643, .F. ) ;
#1086 = CARTESIAN_POINT ( 'NONE',  ( 7.202997837385441748, 6.898958323033387074, -31.01431801251338882 ) ) ;
#1087 = CARTESIAN_POINT ( 'NONE',  ( -12.34974309387767200, 8.312178173163463413, -29.02732516312014255 ) ) ;
#1088 = VECTOR ( 'NONE', #2814, 1000.000000000000114 ) ;
#1089 = CARTESIAN_POINT ( 'NONE',  ( -1.863659782343083160, -13.86276024865595957, -13.25199070011084501 ) ) ;
#1090 = PLANE ( 'NONE',  #1922 ) ;
#1091 = ORIENTED_EDGE ( 'NONE', *, *, #194, .T. ) ;
#1092 = CARTESIAN_POINT ( 'NONE',  ( 3.782502704739724830, -9.480867572881328087, -17.43069727033807226 ) ) ;
#1093 = PLANE ( 'NONE',  #379 ) ;
#1094 = CARTESIAN_POINT ( 'NONE',  ( 3.255310000598069298, 13.28969736046558658, -26.88277123584419925 ) ) ;
#1095 = CARTESIAN_POINT ( 'NONE',  ( -16.11923316582944921, -13.66110602608375046, -15.61174127926762978 ) ) ;
#1096 = LINE ( 'NONE', #2205, #1296 ) ;
#1097 = CYLINDRICAL_SURFACE ( 'NONE', #670, 1.000000000000000222 ) ;
#1098 = CYLINDRICAL_SURFACE ( 'NONE', #1984, 1.500000000000000444 ) ;
#1099 = ORIENTED_EDGE ( 'NONE', *, *, #1954, .T. ) ;
#1100 = ADVANCED_FACE ( 'NONE', ( #621 ), #2108, .T. ) ;
#1101 = EDGE_CURVE ( 'NONE', #3752, #3274, #1332, .T. ) ;
#1102 = ORIENTED_EDGE ( 'NONE', *, *, #3391, .T. ) ;
#1103 = LINE ( 'NONE', #4340, #2689 ) ;
#1104 = DIRECTION ( 'NONE',  ( -0.02761996880506015564, -0.8806308699840951215, 0.4729972601974172797 ) ) ;
#1105 = ORIENTED_EDGE ( 'NONE', *, *, #3170, .F. ) ;
#1106 = ADVANCED_FACE ( 'NONE', ( #3241 ), #2807, .T. ) ;
#1107 = ORIENTED_EDGE ( 'NONE', *, *, #659, .F. ) ;
#1108 = CARTESIAN_POINT ( 'NONE',  ( 6.145370766595144474, 8.211124672914838385, -31.59705901361793678 ) ) ;
#1109 = DIRECTION ( 'NONE',  ( 0.7470778262826918148, 0.2962018438469763426, 0.5950959495563546975 ) ) ;
#1110 = LINE ( 'NONE', #2584, #3697 ) ;
#1111 = DIRECTION ( 'NONE',  ( 0.02761996880505626639, 0.8806308699840935672, -0.4729972601974207769 ) ) ;
#1112 = ORIENTED_EDGE ( 'NONE', *, *, #4590, .F. ) ;
#1113 = DIRECTION ( 'NONE',  ( 0.02761996880506015911, 0.8806308699840951215, -0.4729972601974173352 ) ) ;
#1114 = DIRECTION ( 'NONE',  ( -0.02761996880506027707, -0.8806308699840953436, 0.4729972601974168911 ) ) ;
#1115 = CARTESIAN_POINT ( 'NONE',  ( 14.46884046181585326, -8.434916630781122748, -14.85932296029338673 ) ) ;
#1116 = CARTESIAN_POINT ( 'NONE',  ( 21.19125704082542327, 10.13819616195946516, -31.70292377436944520 ) ) ;
#1117 = DIRECTION ( 'NONE',  ( -0.02761996880506052340, -0.8806308699840952325, 0.4729972601974170576 ) ) ;
#1118 = DIRECTION ( 'NONE',  ( -0.6915197032147283318, 0.3585166444257753549, 0.6271094926211020493 ) ) ;
#1119 = ORIENTED_EDGE ( 'NONE', *, *, #814, .T. ) ;
#1120 = VERTEX_POINT ( 'NONE', #283 ) ;
#1121 = DIRECTION ( 'NONE',  ( -0.9996184958889104966, 0.02433228002259593334, -0.01306915550808714424 ) ) ;
#1122 = DIRECTION ( 'NONE',  ( 0.6992911315723374654, 0.000000000000000000, 0.7148369837272550154 ) ) ;
#1123 = VERTEX_POINT ( 'NONE', #3885 ) ;
#1124 = VERTEX_POINT ( 'NONE', #4260 ) ;
#1125 = ORIENTED_EDGE ( 'NONE', *, *, #4702, .T. ) ;
#1126 = CARTESIAN_POINT ( 'NONE',  ( -19.45671171488825379, -8.992575055053102062, -8.885130032312206438 ) ) ;
#1127 = CARTESIAN_POINT ( 'NONE',  ( -12.71497463917978621, 15.29312935494676395, -22.76396239563610635 ) ) ;
#1128 = EDGE_CURVE ( 'NONE', #1967, #4388, #3171, .T. ) ;
#1129 = EDGE_CURVE ( 'NONE', #1260, #4277, #1757, .T. ) ;
#1130 = PLANE ( 'NONE',  #3541 ) ;
#1131 = DIRECTION ( 'NONE',  ( 0.000000000000000000, -0.4731777794655597225, -0.8809669625020237760 ) ) ;
#1132 = EDGE_LOOP ( 'NONE', ( #4396, #1339, #1575, #2647 ) ) ;
#1133 = CARTESIAN_POINT ( 'NONE',  ( 4.751849288127719895, -10.84202196168840260, -19.90830411887301921 ) ) ;
#1134 = CARTESIAN_POINT ( 'NONE',  ( -12.71497463917978621, 15.29312935494676395, -22.76396239563610635 ) ) ;
#1135 = AXIS2_PLACEMENT_3D ( 'NONE', #3190, #1638, #4594 ) ;
#1136 = CARTESIAN_POINT ( 'NONE',  ( 9.633392794244480584, 8.664019957729921728, -29.14567788264666248 ) ) ;
#1137 = CARTESIAN_POINT ( 'NONE',  ( 4.192332060820226580, -17.19035029240335533, -17.82519310826222281 ) ) ;
#1138 = CARTESIAN_POINT ( 'NONE',  ( -19.15116312385552533, 0.7494895882008724142, -14.11770822368140266 ) ) ;
#1139 = AXIS2_PLACEMENT_3D ( 'NONE', #2104, #2802, #4257 ) ;
#1140 = ORIENTED_EDGE ( 'NONE', *, *, #160, .T. ) ;
#1141 = VERTEX_POINT ( 'NONE', #643 ) ;
#1142 = AXIS2_PLACEMENT_3D ( 'NONE', #1046, #2129, #1770 ) ;
#1143 = FACE_OUTER_BOUND ( 'NONE', #141, .T. ) ;
#1144 = AXIS2_PLACEMENT_3D ( 'NONE', #1980, #157, #1617 ) ;
#1145 = ORIENTED_EDGE ( 'NONE', *, *, #575, .T. ) ;
#1146 = DIRECTION ( 'NONE',  ( 0.6300624072003386811, -0.6641072484698247180, -0.4024710245008365495 ) ) ;
#1147 = VECTOR ( 'NONE', #880, 1000.000000000000114 ) ;
#1148 = DIRECTION ( 'NONE',  ( 0.6508913630218422508, 0.000000000000000000, -0.7591708856005796591 ) ) ;
#1149 = AXIS2_PLACEMENT_3D ( 'NONE', #591, #1305, #4624 ) ;
#1150 = AXIS2_PLACEMENT_3D ( 'NONE', #1819, #4674, #2864 ) ;
#1151 = ORIENTED_EDGE ( 'NONE', *, *, #2692, .F. ) ;
#1152 = LINE ( 'NONE', #2313, #914 ) ;
#1153 = CARTESIAN_POINT ( 'NONE',  ( 20.44417921454273923, 9.841994318112490703, -32.29801972392579756 ) ) ;
#1154 = CARTESIAN_POINT ( 'NONE',  ( -16.79280857061442944, 17.40727206241715663, -19.06595009628006920 ) ) ;
#1155 = VECTOR ( 'NONE', #3730, 1000.000000000000114 ) ;
#1156 = VECTOR ( 'NONE', #2706, 1000.000000000000000 ) ;
#1157 = CARTESIAN_POINT ( 'NONE',  ( -18.02090355147236167, -11.46637003848252689, -10.45266660640542966 ) ) ;
#1158 = EDGE_LOOP ( 'NONE', ( #112, #2141, #1659, #516, #792 ) ) ;
#1159 = DIRECTION ( 'NONE',  ( -0.02761996880506026320, -0.8806308699840952325, 0.4729972601974171131 ) ) ;
#1160 = ADVANCED_FACE ( 'NONE', ( #2879 ), #3978, .F. ) ;
#1161 = ADVANCED_FACE ( 'NONE', ( #2954 ), #1815, .T. ) ;
#1162 = VECTOR ( 'NONE', #1526, 1000.000000000000227 ) ;
#1163 = CIRCLE ( 'NONE', #2551, 2.841969467183057318 ) ;
#1164 = CARTESIAN_POINT ( 'NONE',  ( 7.196785604012491788, 7.464005569937329554, -31.10219105625541047 ) ) ;
#1165 = CARTESIAN_POINT ( 'NONE',  ( -7.087868172723541527, 1.790981145738503422, -23.62627175530040091 ) ) ;
#1166 = CARTESIAN_POINT ( 'NONE',  ( 15.56772386394820629, -6.074516015414319625, -10.40053862858594869 ) ) ;
#1167 = CARTESIAN_POINT ( 'NONE',  ( 15.04107297508793728, 21.98175721450451192, -29.82357573489089475 ) ) ;
#1168 = PRODUCT_RELATED_PRODUCT_CATEGORY ( 'part', '', ( #734 ) ) ;
#1169 = EDGE_CURVE ( 'NONE', #3215, #4718, #20, .T. ) ;
#1170 = CARTESIAN_POINT ( 'NONE',  ( -13.80937918627498817, -12.66985424890120626, -13.63133866682518125 ) ) ;
#1171 = ORIENTED_EDGE ( 'NONE', *, *, #2225, .T. ) ;
#1172 = VERTEX_POINT ( 'NONE', #3651 ) ;
#1173 = CARTESIAN_POINT ( 'NONE',  ( 17.14060254766158309, 39.76573610951675875, -35.19154922250488937 ) ) ;
#1174 = DIRECTION ( 'NONE',  ( 0.7470778262826885951, 0.2962018438469782300, 0.5950959495563579171 ) ) ;
#1175 = ORIENTED_EDGE ( 'NONE', *, *, #1337, .F. ) ;
#1176 = DIRECTION ( 'NONE',  ( 0.6915197032147276657, -0.3585166444257750218, -0.6271094926211030485 ) ) ;
#1177 = DIRECTION ( 'NONE',  ( -0.7470778262826919258, -0.2962018438469763981, -0.5950959495563546975 ) ) ;
#1178 = CARTESIAN_POINT ( 'NONE',  ( 15.96292988974093063, 6.526172594091095291, -17.16851757645600784 ) ) ;
#1179 = ORIENTED_EDGE ( 'NONE', *, *, #3335, .F. ) ;
#1180 = VERTEX_POINT ( 'NONE', #2595 ) ;
#1181 = LINE ( 'NONE', #4113, #1521 ) ;
#1182 = FACE_OUTER_BOUND ( 'NONE', #4507, .T. ) ;
#1183 = CARTESIAN_POINT ( 'NONE',  ( 6.647237451666346608, -15.96382689308759417, -18.56955518203664468 ) ) ;
#1184 = EDGE_CURVE ( 'NONE', #3657, #3491, #427, .T. ) ;
#1185 = DIRECTION ( 'NONE',  ( 0.000000000000000000, -0.4731777794655615543, -0.8809669625020227768 ) ) ;
#1186 = DIRECTION ( 'NONE',  ( -0.02761996880506027013, -0.8806308699840952325, 0.4729972601974169466 ) ) ;
#1187 = ORIENTED_EDGE ( 'NONE', *, *, #2133, .F. ) ;
#1188 = EDGE_CURVE ( 'NONE', #3226, #2067, #4713, .T. ) ;
#1189 = EDGE_CURVE ( 'NONE', #1495, #3099, #986, .T. ) ;
#1190 = EDGE_CURVE ( 'NONE', #3664, #726, #4006, .T. ) ;
#1191 = ORIENTED_EDGE ( 'NONE', *, *, #1598, .T. ) ;
#1192 = CARTESIAN_POINT ( 'NONE',  ( 2.082272066246892539, -24.11126510777454612, -6.794271753031940086 ) ) ;
#1193 =( BOUNDED_CURVE ( )  B_SPLINE_CURVE ( 3, ( #511, #4516, #1201, #4160 ),
 .UNSPECIFIED., .F., .T. ) 
 B_SPLINE_CURVE_WITH_KNOTS ( ( 4, 4 ),
 ( 1.570796326794894116, 2.696247680837426497 ),
 .UNSPECIFIED. ) 
 CURVE ( )  GEOMETRIC_REPRESENTATION_ITEM ( )  RATIONAL_B_SPLINE_CURVE ( ( 1.000000000000000000, 0.8972027490211835765, 0.8972027490211835765, 1.000000000000000000 ) ) 
 REPRESENTATION_ITEM ( '' )  );
#1194 = CARTESIAN_POINT ( 'NONE',  ( 3.767245142027813021, -17.36384776032557298, -17.11594611112925435 ) ) ;
#1195 = ORIENTED_EDGE ( 'NONE', *, *, #3281, .T. ) ;
#1196 = DIRECTION ( 'NONE',  ( 0.02761996880506026666, 0.8806308699840952325, -0.4729972601974171131 ) ) ;
#1197 = DIRECTION ( 'NONE',  ( 0.7218293686107687401, 0.3097661803695448968, 0.6188758163882650543 ) ) ;
#1198 = DIRECTION ( 'NONE',  ( -0.02761996880506025973, -0.8806308699840952325, 0.4729972601974171686 ) ) ;
#1199 = VERTEX_POINT ( 'NONE', #3352 ) ;
#1200 = ORIENTED_EDGE ( 'NONE', *, *, #3893, .F. ) ;
#1201 = CARTESIAN_POINT ( 'NONE',  ( -13.30383237781032335, -14.69686143974362480, -17.09210252808860275 ) ) ;
#1202 = LINE ( 'NONE', #4095, #4741 ) ;
#1203 = DIRECTION ( 'NONE',  ( -0.6641625243868706230, 0.3698022965487178793, 0.6497187104180959238 ) ) ;
#1204 = ORIENTED_EDGE ( 'NONE', *, *, #4008, .T. ) ;
#1205 = VECTOR ( 'NONE', #2895, 999.9999999999998863 ) ;
#1206 = CARTESIAN_POINT ( 'NONE',  ( 2.679443875348841431, -0.2346008669540434466, 2.872538711984371496 ) ) ;
#1207 = ORIENTED_EDGE ( 'NONE', *, *, #1071, .F. ) ;
#1208 = CIRCLE ( 'NONE', #3907, 11.31869210692803662 ) ;
#1209 = EDGE_CURVE ( 'NONE', #4718, #2940, #3699, .T. ) ;
#1210 = VECTOR ( 'NONE', #1641, 999.9999999999998863 ) ;
#1211 = ADVANCED_FACE ( 'NONE', ( #4430 ), #1098, .F. ) ;
#1212 = ORIENTED_EDGE ( 'NONE', *, *, #1846, .T. ) ;
#1213 = CARTESIAN_POINT ( 'NONE',  ( -7.575302121560831381, -13.75028848530255310, -15.27887194678904770 ) ) ;
#1214 = LINE ( 'NONE', #4504, #1466 ) ;
#1215 = AXIS2_PLACEMENT_3D ( 'NONE', #3470, #2725, #849 ) ;
#1216 = VERTEX_POINT ( 'NONE', #1523 ) ;
#1217 = AXIS2_PLACEMENT_3D ( 'NONE', #3108, #226, #562 ) ;
#1218 = DIRECTION ( 'NONE',  ( 0.2593423818113965162, 0.4506628343277031545, 0.8541923312416901393 ) ) ;
#1219 = EDGE_CURVE ( 'NONE', #2580, #2393, #3631, .T. ) ;
#1220 = CARTESIAN_POINT ( 'NONE',  ( -11.94571855958630202, -13.98168345757980191, -15.96488928501721460 ) ) ;
#1221 =( BOUNDED_CURVE ( )  B_SPLINE_CURVE ( 3, ( #1615, #2363, #4564, #2417 ),
 .UNSPECIFIED., .F., .T. ) 
 B_SPLINE_CURVE_WITH_KNOTS ( ( 4, 4 ),
 ( 6.505213034913032521E-16, 1.570796326794897446 ),
 .UNSPECIFIED. ) 
 CURVE ( )  GEOMETRIC_REPRESENTATION_ITEM ( )  RATIONAL_B_SPLINE_CURVE ( ( 1.000000000000000000, 0.8047378541243649375, 0.8047378541243649375, 1.000000000000000000 ) ) 
 REPRESENTATION_ITEM ( '' )  );
#1222 = PLANE ( 'NONE',  #624 ) ;
#1223 = EDGE_LOOP ( 'NONE', ( #3056, #134, #3793, #2479, #52, #3905, #2091 ) ) ;
#1224 = AXIS2_PLACEMENT_3D ( 'NONE', #1167, #3062, #2294 ) ;
#1225 = VECTOR ( 'NONE', #2960, 1000.000000000000114 ) ;
#1226 = ORIENTED_EDGE ( 'NONE', *, *, #4554, .T. ) ;
#1227 = ORIENTED_EDGE ( 'NONE', *, *, #688, .F. ) ;
#1228 = DIRECTION ( 'NONE',  ( 0.7470778262826889282, 0.2962018438469778969, 0.5950959495563576951 ) ) ;
#1229 = LINE ( 'NONE', #3038, #3753 ) ;
#1230 = CIRCLE ( 'NONE', #3076, 0.5000000000000012212 ) ;
#1231 = CIRCLE ( 'NONE', #2548, 0.4999999999999997780 ) ;
#1232 = CARTESIAN_POINT ( 'NONE',  ( 14.74761170199782612, 12.21513981941096993, -26.32780735062449651 ) ) ;
#1233 = DIRECTION ( 'NONE',  ( 0.9948500600418254125, -0.07037895403468817646, -0.07293943284506379521 ) ) ;
#1234 = VERTEX_POINT ( 'NONE', #1480 ) ;
#1235 = AXIS2_PLACEMENT_3D ( 'NONE', #2981, #1505, #3792 ) ;
#1236 = CARTESIAN_POINT ( 'NONE',  ( 25.50841439487990669, 14.58221418211759968, -21.06273696935112127 ) ) ;
#1237 = ORIENTED_EDGE ( 'NONE', *, *, #4736, .T. ) ;
#1238 = CARTESIAN_POINT ( 'NONE',  ( 10.79464572771523123, -1.619063128472563839, -18.89303891422686377 ) ) ;
#1239 = ORIENTED_EDGE ( 'NONE', *, *, #4329, .F. ) ;
#1240 = DIRECTION ( 'NONE',  ( -0.6641625243868668482, 0.3698022965487194336, 0.6497187104180989214 ) ) ;
#1241 = CARTESIAN_POINT ( 'NONE',  ( 9.711474535095677041, 11.15356626599530898, -30.48284266198641390 ) ) ;
#1242 = EDGE_CURVE ( 'NONE', #4540, #4246, #3671, .T. ) ;
#1243 = EDGE_CURVE ( 'NONE', #3881, #4199, #4048, .T. ) ;
#1244 = ORIENTED_EDGE ( 'NONE', *, *, #1299, .F. ) ;
#1245 = DIRECTION ( 'NONE',  ( 0.000000000000000000, 0.4731777794655593894, 0.8809669625020238870 ) ) ;
#1246 = DIRECTION ( 'NONE',  ( -0.6230553284272403181, 0.000000000000000000, 0.7821777660598796533 ) ) ;
#1247 = CARTESIAN_POINT ( 'NONE',  ( 7.847849926780583019, -15.96090788203353661, -14.26565826410525339 ) ) ;
#1248 = ORIENTED_EDGE ( 'NONE', *, *, #2040, .F. ) ;
#1249 = EDGE_CURVE ( 'NONE', #2051, #4743, #3963, .T. ) ;
#1250 = DIRECTION ( 'NONE',  ( 0.7470778262826892613, 0.2962018438469780079, 0.5950959495563572510 ) ) ;
#1251 = CARTESIAN_POINT ( 'NONE',  ( -11.32776513823588260, 2.090925354064339547, -23.31541518260232237 ) ) ;
#1252 = CARTESIAN_POINT ( 'NONE',  ( -14.11621747711170194, 11.79096658995285729, -30.68750707847472015 ) ) ;
#1253 = CARTESIAN_POINT ( 'NONE',  ( -14.90931307252180815, -16.01203925466707290, -15.71560876205469981 ) ) ;
#1254 = ORIENTED_EDGE ( 'NONE', *, *, #4622, .T. ) ;
#1255 = CARTESIAN_POINT ( 'NONE',  ( 24.42350245920953355, 15.35341626936569703, -21.80443443425015815 ) ) ;
#1256 = FACE_OUTER_BOUND ( 'NONE', #3164, .T. ) ;
#1257 = ORIENTED_EDGE ( 'NONE', *, *, #1590, .F. ) ;
#1258 = DIRECTION ( 'NONE',  ( 0.02761996880506027013, 0.8806308699840953436, -0.4729972601974171131 ) ) ;
#1259 = CARTESIAN_POINT ( 'NONE',  ( 8.794190235344460760, -8.570151552303052256, -15.44246737155647509 ) ) ;
#1260 = VERTEX_POINT ( 'NONE', #1170 ) ;
#1261 = CARTESIAN_POINT ( 'NONE',  ( 9.952281031278037204, 21.03695981127798476, -31.87976107833168271 ) ) ;
#1262 = CARTESIAN_POINT ( 'NONE',  ( -18.29986678061103333, 11.51971567719125389, -21.63253167629160956 ) ) ;
#1263 = FACE_OUTER_BOUND ( 'NONE', #1602, .T. ) ;
#1264 = VERTEX_POINT ( 'NONE', #2232 ) ;
#1265 = ADVANCED_FACE ( 'NONE', ( #3285 ), #2158, .T. ) ;
#1266 = ORIENTED_EDGE ( 'NONE', *, *, #3483, .T. ) ;
#1267 = CARTESIAN_POINT ( 'NONE',  ( -1.021250733788744869, 12.99648128585895179, -27.67840713613206916 ) ) ;
#1268 = EDGE_CURVE ( 'NONE', #1876, #428, #858, .T. ) ;
#1269 = DIRECTION ( 'NONE',  ( -0.02761996880506020421, -0.8806308699840952325, 0.4729972601974171131 ) ) ;
#1270 = EDGE_CURVE ( 'NONE', #2112, #3414, #3312, .T. ) ;
#1271 = CARTESIAN_POINT ( 'NONE',  ( 17.14060254766158309, 39.76573610951675875, -35.19154922250488937 ) ) ;
#1272 = CARTESIAN_POINT ( 'NONE',  ( 8.867049317851856571, -15.76995848320988181, -16.02189895073616555 ) ) ;
#1273 = ORIENTED_EDGE ( 'NONE', *, *, #1727, .F. ) ;
#1274 = EDGE_CURVE ( 'NONE', #251, #1319, #2793, .T. ) ;
#1275 = CARTESIAN_POINT ( 'NONE',  ( 20.21345474964565625, -19.06024816592091398, -17.62262720394759086 ) ) ;
#1276 = CARTESIAN_POINT ( 'NONE',  ( 4.177708730532452286, 3.119821036624052635, -24.19867621820813142 ) ) ;
#1277 = ADVANCED_FACE ( 'NONE', ( #358 ), #499, .T. ) ;
#1278 = CARTESIAN_POINT ( 'NONE',  ( 24.62496797126733483, -13.58545675557524568, -5.933547619093893388 ) ) ;
#1279 = LINE ( 'NONE', #2604, #529 ) ;
#1280 = EDGE_LOOP ( 'NONE', ( #2686, #1689, #4415, #4125, #3814 ) ) ;
#1281 = AXIS2_PLACEMENT_3D ( 'NONE', #1862, #4044, #3238 ) ;
#1282 = DIRECTION ( 'NONE',  ( 0.7218293686107700724, 0.3097661803695448968, 0.6188758163882637220 ) ) ;
#1283 = CARTESIAN_POINT ( 'NONE',  ( -15.42179280335690983, 8.725029007108247470, -28.43806324686567422 ) ) ;
#1284 = AXIS2_PLACEMENT_3D ( 'NONE', #691, #4692, #2860 ) ;
#1285 = ORIENTED_EDGE ( 'NONE', *, *, #2811, .F. ) ;
#1286 = CARTESIAN_POINT ( 'NONE',  ( 3.818649136066682548, -8.328380273169186054, -18.04971183564170545 ) ) ;
#1287 = VECTOR ( 'NONE', #3960, 1000.000000000000114 ) ;
#1288 = CARTESIAN_POINT ( 'NONE',  ( -12.47468544207266206, -16.39193368676058427, -13.32505236057130915 ) ) ;
#1289 = CARTESIAN_POINT ( 'NONE',  ( -14.18050189504236869, 9.741332019824993083, -29.58662409887408273 ) ) ;
#1290 = VERTEX_POINT ( 'NONE', #2327 ) ;
#1291 = AXIS2_PLACEMENT_3D ( 'NONE', #128, #4567, #894 ) ;
#1292 = ORIENTED_EDGE ( 'NONE', *, *, #257, .F. ) ;
#1293 = DIRECTION ( 'NONE',  ( 0.000000000000000000, 0.4731777794655602776, 0.8809669625020234429 ) ) ;
#1294 = DIRECTION ( 'NONE',  ( -0.6551386683665532118, 0.000000000000000000, 0.7555086532998145366 ) ) ;
#1295 = DIRECTION ( 'NONE',  ( 0.7218293686107689622, 0.3097661803695453409, 0.6188758163882644991 ) ) ;
#1296 = VECTOR ( 'NONE', #3692, 1000.000000000000114 ) ;
#1297 = VECTOR ( 'NONE', #2670, 1000.000000000000000 ) ;
#1298 = CARTESIAN_POINT ( 'NONE',  ( 3.977830677164798878, 8.203092798537987562, -28.27699707514894101 ) ) ;
#1299 = EDGE_CURVE ( 'NONE', #2765, #3036, #4496, .T. ) ;
#1300 = VERTEX_POINT ( 'NONE', #1589 ) ;
#1301 = EDGE_CURVE ( 'NONE', #3182, #3917, #2368, .T. ) ;
#1302 = AXIS2_PLACEMENT_3D ( 'NONE', #4530, #1240, #3453 ) ;
#1303 = LINE ( 'NONE', #1275, #2672 ) ;
#1304 = DIRECTION ( 'NONE',  ( 0.02761996880506091198, 0.8806308699840954546, -0.4729972601974166135 ) ) ;
#1305 = DIRECTION ( 'NONE',  ( 0.7470778262826889282, 0.2962018438469780635, 0.5950959495563576951 ) ) ;
#1306 = PRODUCT_DEFINITION_FORMATION_WITH_SPECIFIED_SOURCE ( 'ANY', '', #734, .NOT_KNOWN. ) ;
#1307 = AXIS2_PLACEMENT_3D ( 'NONE', #3034, #3015, #4173 ) ;
#1308 = EDGE_CURVE ( 'NONE', #2904, #2189, #1551, .T. ) ;
#1309 = DIRECTION ( 'NONE',  ( -0.9606841784629962522, 0.1541575037498911505, 0.2309142119673024685 ) ) ;
#1310 = EDGE_LOOP ( 'NONE', ( #2190, #4645, #3320, #1501, #1916, #2703 ) ) ;
#1311 = VECTOR ( 'NONE', #4366, 1000.000000000000114 ) ;
#1312 =( BOUNDED_CURVE ( )  B_SPLINE_CURVE ( 3, ( #4183, #1614, #1232, #446 ),
 .UNSPECIFIED., .F., .T. ) 
 B_SPLINE_CURVE_WITH_KNOTS ( ( 4, 4 ),
 ( 5.958720530316950814, 6.283185307179586232 ),
 .UNSPECIFIED. ) 
 CURVE ( )  GEOMETRIC_REPRESENTATION_ITEM ( )  RATIONAL_B_SPLINE_CURVE ( ( 1.000000000000000000, 0.9912461090656312646, 0.9912461090656312646, 1.000000000000000000 ) ) 
 REPRESENTATION_ITEM ( '' )  );
#1313 = DIRECTION ( 'NONE',  ( 0.000000000000000000, -0.4731777794655593894, -0.8809669625020239980 ) ) ;
#1314 = PLANE ( 'NONE',  #1005 ) ;
#1315 = ORIENTED_EDGE ( 'NONE', *, *, #3799, .F. ) ;
#1316 = DIRECTION ( 'NONE',  ( -0.7470778262826894833, -0.2962018438469768977, -0.5950959495563573620 ) ) ;
#1317 = CARTESIAN_POINT ( 'NONE',  ( -15.77347331422208221, -13.84036434829663875, -15.92529602557818080 ) ) ;
#1318 = CARTESIAN_POINT ( 'NONE',  ( -18.66065530925386895, 0.01638929396907828212, -15.45395896452757789 ) ) ;
#1319 = VERTEX_POINT ( 'NONE', #1236 ) ;
#1320 =( BOUNDED_CURVE ( )  B_SPLINE_CURVE ( 3, ( #4147, #2628, #114, #2599 ),
 .UNSPECIFIED., .F., .T. ) 
 B_SPLINE_CURVE_WITH_KNOTS ( ( 4, 4 ),
 ( 4.712388980384692339, 5.708731179371845599 ),
 .UNSPECIFIED. ) 
 CURVE ( )  GEOMETRIC_REPRESENTATION_ITEM ( )  RATIONAL_B_SPLINE_CURVE ( ( 1.000000000000000000, 0.9189719435396176417, 0.9189719435396176417, 1.000000000000000000 ) ) 
 REPRESENTATION_ITEM ( '' )  );
#1321 = ORIENTED_EDGE ( 'NONE', *, *, #1983, .F. ) ;
#1322 = LINE ( 'NONE', #2797, #4051 ) ;
#1323 = CARTESIAN_POINT ( 'NONE',  ( -13.93933104263065559, 10.19970435373743278, -29.83428659643063341 ) ) ;
#1324 = CARTESIAN_POINT ( 'NONE',  ( 16.37748607642991416, 15.43464700861912142, -22.12303337255328728 ) ) ;
#1325 = CARTESIAN_POINT ( 'NONE',  ( 14.66727537481963317, 9.653708624698973395, -24.95203234820508698 ) ) ;
#1326 = EDGE_LOOP ( 'NONE', ( #3319, #1099, #656, #1871, #3513, #296, #2329, #328, #2182, #1352, #2387, #3132 ) ) ;
#1327 = VERTEX_POINT ( 'NONE', #476 ) ;
#1328 = DIRECTION ( 'NONE',  ( 0.6992911315723375765, 0.000000000000000000, 0.7148369837272547933 ) ) ;
#1329 = CARTESIAN_POINT ( 'NONE',  ( 3.256701223374584231, 18.17058431571357957, -7.013104026141645519 ) ) ;
#1330 = EDGE_CURVE ( 'NONE', #3104, #3294, #4186, .T. ) ;
#1331 = LINE ( 'NONE', #2804, #4368 ) ;
#1332 = LINE ( 'NONE', #1723, #3984 ) ;
#1333 = ADVANCED_FACE ( 'NONE', ( #1942 ), #2682, .T. ) ;
#1334 = EDGE_LOOP ( 'NONE', ( #510, #3623, #65, #3326 ) ) ;
#1335 = EDGE_CURVE ( 'NONE', #4682, #2051, #518, .T. ) ;
#1336 = CARTESIAN_POINT ( 'NONE',  ( -15.06087811905152840, 8.879912097293017226, -28.12862533867154369 ) ) ;
#1337 = EDGE_CURVE ( 'NONE', #147, #1319, #111, .T. ) ;
#1338 = DIRECTION ( 'NONE',  ( -0.02761996880506042973, -0.8806308699840952325, 0.4729972601974170021 ) ) ;
#1339 = ORIENTED_EDGE ( 'NONE', *, *, #3391, .F. ) ;
#1340 = CARTESIAN_POINT ( 'NONE',  ( 7.623924462559564574, -9.254766784413574143, -13.63256780059655782 ) ) ;
#1341 = CARTESIAN_POINT ( 'NONE',  ( 19.29081850242625862, -13.53039799311208746, -5.266797527986108562 ) ) ;
#1342 = ORIENTED_EDGE ( 'NONE', *, *, #787, .F. ) ;
#1343 = EDGE_LOOP ( 'NONE', ( #1897, #2844, #4035, #3249, #2520 ) ) ;
#1344 = EDGE_LOOP ( 'NONE', ( #365, #1502, #1869, #3032 ) ) ;
#1345 = CARTESIAN_POINT ( 'NONE',  ( -15.33535470157543301, -15.72735298757281441, -16.29971947567576507 ) ) ;
#1346 = CARTESIAN_POINT ( 'NONE',  ( -9.010869273767905696, 9.015359677754004153, -27.52316649082083089 ) ) ;
#1347 = FACE_OUTER_BOUND ( 'NONE', #4513, .T. ) ;
#1348 = ADVANCED_FACE ( 'NONE', ( #1639 ), #3424, .F. ) ;
#1349 =( BOUNDED_CURVE ( )  B_SPLINE_CURVE ( 3, ( #289, #311, #1412, #4716 ),
 .UNSPECIFIED., .F., .T. ) 
 B_SPLINE_CURVE_WITH_KNOTS ( ( 4, 4 ),
 ( 4.712388980384687898, 4.904033952297986332 ),
 .UNSPECIFIED. ) 
 CURVE ( )  GEOMETRIC_REPRESENTATION_ITEM ( )  RATIONAL_B_SPLINE_CURVE ( ( 1.000000000000000000, 0.9969416915723761097, 0.9969416915723761097, 1.000000000000000000 ) ) 
 REPRESENTATION_ITEM ( '' )  );
#1350 = CARTESIAN_POINT ( 'NONE',  ( -14.76240611302145567, -16.04309557178860146, -15.73896824254760318 ) ) ;
#1351 = ORIENTED_EDGE ( 'NONE', *, *, #4389, .T. ) ;
#1352 = ORIENTED_EDGE ( 'NONE', *, *, #2958, .T. ) ;
#1353 = CARTESIAN_POINT ( 'NONE',  ( -14.29587355931724346, 10.00632419200395873, -30.28466780901287692 ) ) ;
#1354 = LINE ( 'NONE', #3524, #2377 ) ;
#1355 = FACE_OUTER_BOUND ( 'NONE', #4224, .T. ) ;
#1356 = DIRECTION ( 'NONE',  ( -0.7218293686107700724, -0.3097661803695447857, -0.6188758163882634999 ) ) ;
#1357 = DIRECTION ( 'NONE',  ( 0.6717662746973366295, 0.000000000000000000, 0.7407631687518372310 ) ) ;
#1358 = ORIENTED_EDGE ( 'NONE', *, *, #3334, .F. ) ;
#1359 = CARTESIAN_POINT ( 'NONE',  ( 3.115839382468790664, 13.67936687879469915, -4.600817999134837244 ) ) ;
#1360 = DIRECTION ( 'NONE',  ( 0.7470778262826919258, 0.2962018438469763981, 0.5950959495563546975 ) ) ;
#1361 = EDGE_CURVE ( 'NONE', #678, #1141, #148, .T. ) ;
#1362 = ADVANCED_FACE ( 'NONE', ( #3808 ), #2275, .T. ) ;
#1363 = VECTOR ( 'NONE', #4280, 1000.000000000000000 ) ;
#1364 = ORIENTED_EDGE ( 'NONE', *, *, #4481, .F. ) ;
#1365 = FACE_OUTER_BOUND ( 'NONE', #4010, .T. ) ;
#1366 = DIRECTION ( 'NONE',  ( -0.6915197032147273326, 0.3585166444257765206, 0.6271094926211026044 ) ) ;
#1367 = AXIS2_PLACEMENT_3D ( 'NONE', #1734, #3853, #2360 ) ;
#1368 = ORIENTED_EDGE ( 'NONE', *, *, #4008, .F. ) ;
#1369 = ORIENTED_EDGE ( 'NONE', *, *, #814, .F. ) ;
#1370 = EDGE_CURVE ( 'NONE', #910, #612, #3092, .T. ) ;
#1371 = EDGE_LOOP ( 'NONE', ( #2932, #936, #3505, #4416, #3490, #4549, #4326, #916 ) ) ;
#1372 = CARTESIAN_POINT ( 'NONE',  ( 6.228635500597077268, 7.818820579365792334, -31.39696245390938856 ) ) ;
#1373 = VECTOR ( 'NONE', #717, 1000.000000000000000 ) ;
#1374 = CARTESIAN_POINT ( 'NONE',  ( 7.958060046903449702, 21.00123897072029422, -32.06271604141029741 ) ) ;
#1375 = DIRECTION ( 'NONE',  ( -0.02761996880506034646, -0.8806308699840952325, 0.4729972601974171131 ) ) ;
#1376 = CARTESIAN_POINT ( 'NONE',  ( 2.609206190495285682, 19.19921578004882079, -14.47792677238001424 ) ) ;
#1377 = VERTEX_POINT ( 'NONE', #1276 ) ;
#1378 = AXIS2_PLACEMENT_3D ( 'NONE', #2825, #4621, #2803 ) ;
#1379 = VERTEX_POINT ( 'NONE', #3736 ) ;
#1380 = CARTESIAN_POINT ( 'NONE',  ( 8.816587545811717774, -16.90569614202381743, -14.27676446908808039 ) ) ;
#1381 = CARTESIAN_POINT ( 'NONE',  ( 4.611227919102292461, -15.32557222987447254, -17.50013621891318394 ) ) ;
#1382 = VECTOR ( 'NONE', #4650, 1000.000000000000114 ) ;
#1383 = CARTESIAN_POINT ( 'NONE',  ( 9.560500455109330886, 22.08023222331040714, -8.034109144577380235 ) ) ;
#1384 = VECTOR ( 'NONE', #1004, 1000.000000000000114 ) ;
#1385 = CIRCLE ( 'NONE', #620, 2.837515432283242323 ) ;
#1386 = LINE ( 'NONE', #3911, #143 ) ;
#1387 = ORIENTED_EDGE ( 'NONE', *, *, #4451, .T. ) ;
#1388 = VECTOR ( 'NONE', #2146, 1000.000000000000000 ) ;
#1389 = CIRCLE ( 'NONE', #2775, 0.5000000000000011102 ) ;
#1390 = DIRECTION ( 'NONE',  ( 0.02761996880506032565, 0.8806308699840952325, -0.4729972601974171686 ) ) ;
#1391 = VECTOR ( 'NONE', #3504, 1000.000000000000227 ) ;
#1392 = VERTEX_POINT ( 'NONE', #1569 ) ;
#1393 = FACE_OUTER_BOUND ( 'NONE', #1978, .T. ) ;
#1394 = EDGE_CURVE ( 'NONE', #3188, #2452, #541, .T. ) ;
#1395 = EDGE_CURVE ( 'NONE', #3106, #2669, #449, .T. ) ;
#1396 = CARTESIAN_POINT ( 'NONE',  ( -23.44230826771697096, 20.18283814749043970, -15.60802266280922623 ) ) ;
#1397 = ORIENTED_EDGE ( 'NONE', *, *, #372, .T. ) ;
#1398 = ORIENTED_EDGE ( 'NONE', *, *, #3308, .F. ) ;
#1399 = LINE ( 'NONE', #707, #3824 ) ;
#1400 = DIRECTION ( 'NONE',  ( -0.02761996880506042973, -0.8806308699840952325, 0.4729972601974170021 ) ) ;
#1401 = ADVANCED_FACE ( 'NONE', ( #3026 ), #4117, .F. ) ;
#1402 = CARTESIAN_POINT ( 'NONE',  ( -11.43624980274926273, 13.95832744500459555, -26.49580098256492278 ) ) ;
#1403 = EDGE_CURVE ( 'NONE', #4200, #3396, #944, .T. ) ;
#1404 = CARTESIAN_POINT ( 'NONE',  ( 12.74524316260906964, -5.927315110010801469, -10.29129310686247045 ) ) ;
#1405 = ORIENTED_EDGE ( 'NONE', *, *, #4481, .T. ) ;
#1406 = CARTESIAN_POINT ( 'NONE',  ( -1.436668755990417878, 8.586132235366134680, -27.88002216037870795 ) ) ;
#1407 = DIRECTION ( 'NONE',  ( -0.7470778262826911487, -0.2962018438469775639, -0.5950959495563550306 ) ) ;
#1408 = LINE ( 'NONE', #3572, #3140 ) ;
#1409 = DIRECTION ( 'NONE',  ( -0.02761996880506026666, -0.8806308699840952325, 0.4729972601974171131 ) ) ;
#1410 = DIRECTION ( 'NONE',  ( 0.6508913630218422508, 0.000000000000000000, -0.7591708856005796591 ) ) ;
#1411 = ORIENTED_EDGE ( 'NONE', *, *, #1101, .F. ) ;
#1412 = CARTESIAN_POINT ( 'NONE',  ( -14.90020682731273816, -15.83157765263028871, -16.42970967278003513 ) ) ;
#1413 = ORIENTED_EDGE ( 'NONE', *, *, #543, .F. ) ;
#1414 = CYLINDRICAL_SURFACE ( 'NONE', #2624, 1.000000000000000222 ) ;
#1415 = CARTESIAN_POINT ( 'NONE',  ( 3.831548024210105652, 7.500272646767218276, -29.59405638273894468 ) ) ;
#1416 = ORIENTED_EDGE ( 'NONE', *, *, #4295, .T. ) ;
#1417 = VERTEX_POINT ( 'NONE', #2421 ) ;
#1418 = DIRECTION ( 'NONE',  ( 0.6300624072003385701, -0.6641072484698244960, -0.4024710245008370491 ) ) ;
#1419 = LINE ( 'NONE', #3994, #1530 ) ;
#1420 = LINE ( 'NONE', #4346, #90 ) ;
#1421 = DIRECTION ( 'NONE',  ( 0.000000000000000000, 0.4731777794655594449, 0.8809669625020239980 ) ) ;
#1422 = VERTEX_POINT ( 'NONE', #3595 ) ;
#1423 = ORIENTED_EDGE ( 'NONE', *, *, #4295, .F. ) ;
#1424 = EDGE_CURVE ( 'NONE', #437, #780, #261, .T. ) ;
#1425 = EDGE_CURVE ( 'NONE', #3226, #2801, #1018, .T. ) ;
#1426 = CARTESIAN_POINT ( 'NONE',  ( -16.73232067813331270, 13.72515776052508762, -23.43365583413238795 ) ) ;
#1427 = DIRECTION ( 'NONE',  ( 0.02761996880506027707, 0.8806308699840953436, -0.4729972601974171686 ) ) ;
#1428 = DIRECTION ( 'NONE',  ( -0.6915197032147273326, 0.3585166444257757434, 0.6271094926211031595 ) ) ;
#1429 = DIRECTION ( 'NONE',  ( 0.7218293686107689622, 0.3097661803695453964, 0.6188758163882644991 ) ) ;
#1430 = CARTESIAN_POINT ( 'NONE',  ( 5.050358031126721770, 8.846407582054220953, -31.24499306284986844 ) ) ;
#1431 = ORIENTED_EDGE ( 'NONE', *, *, #432, .F. ) ;
#1432 = ORIENTED_EDGE ( 'NONE', *, *, #4238, .T. ) ;
#1433 = CARTESIAN_POINT ( 'NONE',  ( 21.09513577558448461, 8.932577357104737104, -32.56183528858491627 ) ) ;
#1434 = DIRECTION ( 'NONE',  ( -0.02761996880506026320, -0.8806308699840952325, 0.4729972601974170576 ) ) ;
#1435 = ORIENTED_EDGE ( 'NONE', *, *, #1812, .T. ) ;
#1436 = VERTEX_POINT ( 'NONE', #2856 ) ;
#1437 = ORIENTED_EDGE ( 'NONE', *, *, #345, .T. ) ;
#1438 = DIRECTION ( 'NONE',  ( -0.7180103515956235416, 0.000000000000000000, -0.6960324238148171139 ) ) ;
#1439 =( LENGTH_UNIT ( ) NAMED_UNIT ( * ) SI_UNIT ( .MILLI., .METRE. ) );
#1440 = VECTOR ( 'NONE', #4730, 1000.000000000000114 ) ;
#1441 = DIRECTION ( 'NONE',  ( 0.000000000000000000, -0.4731777794655590563, -0.8809669625020239980 ) ) ;
#1442 = CARTESIAN_POINT ( 'NONE',  ( 25.53603436368496560, 15.46284505210169868, -21.53573422954854166 ) ) ;
#1443 = EDGE_LOOP ( 'NONE', ( #3385, #2147, #1179, #3679 ) ) ;
#1444 = DIRECTION ( 'NONE',  ( 0.000000000000000000, 0.4731777794655601665, 0.8809669625020236650 ) ) ;
#1445 = AXIS2_PLACEMENT_3D ( 'NONE', #209, #3214, #662 ) ;
#1446 = CARTESIAN_POINT ( 'NONE',  ( 17.14060254766158309, 39.76573610951675875, -35.19154922250488937 ) ) ;
#1447 = LINE ( 'NONE', #715, #2148 ) ;
#1448 = LINE ( 'NONE', #1166, #3762 ) ;
#1449 = EDGE_CURVE ( 'NONE', #2312, #1823, #1408, .T. ) ;
#1450 = VECTOR ( 'NONE', #1908, 1000.000000000000000 ) ;
#1451 = EDGE_CURVE ( 'NONE', #706, #4578, #967, .T. ) ;
#1452 = DIRECTION ( 'NONE',  ( 0.6674515310355102482, 0.000000000000000000, 0.7446532439453636965 ) ) ;
#1453 =( GEOMETRIC_REPRESENTATION_CONTEXT ( 3 ) GLOBAL_UNCERTAINTY_ASSIGNED_CONTEXT ( ( #3417 ) ) GLOBAL_UNIT_ASSIGNED_CONTEXT ( ( #1439, #2871, #1825 ) ) REPRESENTATION_CONTEXT ( 'NONE', 'WORKASPACE' ) );
#1454 = CARTESIAN_POINT ( 'NONE',  ( 9.539012975473765366, 8.768828419244398376, -29.19655695220904690 ) ) ;
#1455 = ORIENTED_EDGE ( 'NONE', *, *, #4244, .T. ) ;
#1456 = AXIS2_PLACEMENT_3D ( 'NONE', #3457, #3914, #2881 ) ;
#1457 = EDGE_CURVE ( 'NONE', #400, #1673, #1719, .T. ) ;
#1458 = VECTOR ( 'NONE', #4046, 1000.000000000000227 ) ;
#1459 = PRODUCT_CONTEXT ( 'NONE', #140, 'mechanical' ) ;
#1460 = VECTOR ( 'NONE', #2066, 1000.000000000000114 ) ;
#1461 = ORIENTED_EDGE ( 'NONE', *, *, #2039, .T. ) ;
#1462 = AXIS2_PLACEMENT_3D ( 'NONE', #3643, #1879, #4039 ) ;
#1463 = DIRECTION ( 'NONE',  ( 0.6508913630218420288, 0.000000000000000000, -0.7591708856005798811 ) ) ;
#1464 = CYLINDRICAL_SURFACE ( 'NONE', #93, 0.9999999999999986677 ) ;
#1465 = VERTEX_POINT ( 'NONE', #281 ) ;
#1466 = VECTOR ( 'NONE', #3075, 999.9999999999998863 ) ;
#1467 = VERTEX_POINT ( 'NONE', #3210 ) ;
#1468 = ORIENTED_EDGE ( 'NONE', *, *, #51, .F. ) ;
#1469 = LINE ( 'NONE', #2486, #138 ) ;
#1470 = CARTESIAN_POINT ( 'NONE',  ( -12.94328940916127735, 8.013576074561187923, -18.85402819454946766 ) ) ;
#1471 = VECTOR ( 'NONE', #2862, 1000.000000000000227 ) ;
#1472 = DIRECTION ( 'NONE',  ( 0.02761996880506026320, 0.8806308699840951215, -0.4729972601974171686 ) ) ;
#1473 =( BOUNDED_CURVE ( )  B_SPLINE_CURVE ( 3, ( #3192, #945, #3884, #2370 ),
 .UNSPECIFIED., .F., .T. ) 
 B_SPLINE_CURVE_WITH_KNOTS ( ( 4, 4 ),
 ( 4.712388980384689674, 6.283185307179586232 ),
 .UNSPECIFIED. ) 
 CURVE ( )  GEOMETRIC_REPRESENTATION_ITEM ( )  RATIONAL_B_SPLINE_CURVE ( ( 1.000000000000000000, 0.8047378541243649375, 0.8047378541243649375, 1.000000000000000000 ) ) 
 REPRESENTATION_ITEM ( '' )  );
#1474 = CARTESIAN_POINT ( 'NONE',  ( -18.10013481361620791, 1.994487360195959624, -15.96674041345062101 ) ) ;
#1475 = ORIENTED_EDGE ( 'NONE', *, *, #2578, .F. ) ;
#1476 = DIRECTION ( 'NONE',  ( -0.02761996880506036034, -0.8806308699840951215, 0.4729972601974172797 ) ) ;
#1477 = CARTESIAN_POINT ( 'NONE',  ( 7.301452993451972517, 10.03808749216875817, -32.70038143251884577 ) ) ;
#1478 = CARTESIAN_POINT ( 'NONE',  ( -1.021250733788744869, 18.35223488346951370, -17.70701333119604470 ) ) ;
#1479 = CARTESIAN_POINT ( 'NONE',  ( 14.78568135208322332, 12.95669045547692022, -26.34342421373929710 ) ) ;
#1480 = CARTESIAN_POINT ( 'NONE',  ( -17.63521761916876684, -9.451969472097745850, -4.639533660258848613 ) ) ;
#1481 = ORIENTED_EDGE ( 'NONE', *, *, #3959, .T. ) ;
#1482 = CARTESIAN_POINT ( 'NONE',  ( 8.203744377228472828, 36.22244547077202981, -42.31033646512339885 ) ) ;
#1483 = EDGE_CURVE ( 'NONE', #1899, #3700, #4211, .T. ) ;
#1484 = EDGE_CURVE ( 'NONE', #4540, #2581, #1354, .T. ) ;
#1485 = VERTEX_POINT ( 'NONE', #1381 ) ;
#1486 = PLANE ( 'NONE',  #2467 ) ;
#1487 = DIRECTION ( 'NONE',  ( -0.02761996880506045748, -0.8806308699840952325, 0.4729972601974171686 ) ) ;
#1488 = ORIENTED_EDGE ( 'NONE', *, *, #2403, .T. ) ;
#1489 = ORIENTED_EDGE ( 'NONE', *, *, #4097, .T. ) ;
#1490 = ORIENTED_EDGE ( 'NONE', *, *, #1370, .T. ) ;
#1491 = CARTESIAN_POINT ( 'NONE',  ( -3.362829514226778560, 10.09613244630950746, -27.08392389286222368 ) ) ;
#1492 = PLANE ( 'NONE',  #4290 ) ;
#1493 = CYLINDRICAL_SURFACE ( 'NONE', #159, 1.000000000000001332 ) ;
#1494 = CARTESIAN_POINT ( 'NONE',  ( -14.64943331835166163, -15.85742205244593173, -16.44377118775814139 ) ) ;
#1495 = VERTEX_POINT ( 'NONE', #232 ) ;
#1496 = LINE ( 'NONE', #1092, #4274 ) ;
#1497 = CARTESIAN_POINT ( 'NONE',  ( 32.93462667869143701, -21.11257477700245389, -24.71777146707394834 ) ) ;
#1498 = CARTESIAN_POINT ( 'NONE',  ( -12.45850603893897102, -15.87607206656832126, -13.60212774062964236 ) ) ;
#1499 = CARTESIAN_POINT ( 'NONE',  ( 6.139559184281129234, -16.98035575969778677, -17.89326227635239874 ) ) ;
#1500 = PLANE ( 'NONE',  #2234 ) ;
#1501 = ORIENTED_EDGE ( 'NONE', *, *, #2900, .F. ) ;
#1502 = ORIENTED_EDGE ( 'NONE', *, *, #4209, .F. ) ;
#1503 = VERTEX_POINT ( 'NONE', #994 ) ;
#1504 = DIRECTION ( 'NONE',  ( 0.02761996880506026320, 0.8806308699840952325, -0.4729972601974170021 ) ) ;
#1505 = DIRECTION ( 'NONE',  ( -0.02761996880506091545, -0.8806308699840955656, 0.4729972601974166690 ) ) ;
#1506 = EDGE_CURVE ( 'NONE', #3155, #3781, #3191, .T. ) ;
#1507 = ADVANCED_FACE ( 'NONE', ( #2397 ), #3168, .F. ) ;
#1508 = ORIENTED_EDGE ( 'NONE', *, *, #4296, .T. ) ;
#1509 = ORIENTED_EDGE ( 'NONE', *, *, #4214, .F. ) ;
#1510 = CARTESIAN_POINT ( 'NONE',  ( 6.266395305154683015, -16.01319912873682583, -18.68371559602425336 ) ) ;
#1511 = LINE ( 'NONE', #505, #3068 ) ;
#1512 = CARTESIAN_POINT ( 'NONE',  ( -19.29565515324024005, 12.03597964516437102, -20.72949400691722133 ) ) ;
#1513 = CARTESIAN_POINT ( 'NONE',  ( 14.93167843485984747, -9.117404315382055202, -8.087492198548281053 ) ) ;
#1514 = ORIENTED_EDGE ( 'NONE', *, *, #1042, .F. ) ;
#1515 = EDGE_CURVE ( 'NONE', #1417, #1078, #2229, .T. ) ;
#1516 = CARTESIAN_POINT ( 'NONE',  ( -18.82428829102648038, 16.20969018113840221, -20.62142840959317169 ) ) ;
#1517 = VECTOR ( 'NONE', #1740, 1000.000000000000000 ) ;
#1518 = LINE ( 'NONE', #151, #2763 ) ;
#1519 = LINE ( 'NONE', #266, #1686 ) ;
#1520 = FACE_OUTER_BOUND ( 'NONE', #436, .T. ) ;
#1521 = VECTOR ( 'NONE', #3020, 1000.000000000000114 ) ;
#1522 = EDGE_CURVE ( 'NONE', #2760, #4241, #3449, .T. ) ;
#1523 = CARTESIAN_POINT ( 'NONE',  ( 4.318570571438269390, 7.611038473542942384, -26.61096224521496367 ) ) ;
#1524 = ORIENTED_EDGE ( 'NONE', *, *, #372, .F. ) ;
#1525 = AXIS2_PLACEMENT_3D ( 'NONE', #3993, #324, #1438 ) ;
#1526 = DIRECTION ( 'NONE',  ( -0.02761996880506010360, -0.8806308699840951215, 0.4729972601974172797 ) ) ;
#1527 = VECTOR ( 'NONE', #921, 1000.000000000000000 ) ;
#1528 = ORIENTED_EDGE ( 'NONE', *, *, #863, .F. ) ;
#1529 = DIRECTION ( 'NONE',  ( 0.7218293686107699614, 0.3097661803695448968, 0.6188758163882636110 ) ) ;
#1530 = VECTOR ( 'NONE', #8, 1000.000000000000000 ) ;
#1531 = DIRECTION ( 'NONE',  ( 0.6508913630218423618, 0.000000000000000000, -0.7591708856005796591 ) ) ;
#1532 = ORIENTED_EDGE ( 'NONE', *, *, #809, .T. ) ;
#1533 = VECTOR ( 'NONE', #2636, 1000.000000000000114 ) ;
#1534 = VECTOR ( 'NONE', #70, 1000.000000000000227 ) ;
#1535 = EDGE_CURVE ( 'NONE', #2851, #3337, #4456, .T. ) ;
#1536 = ORIENTED_EDGE ( 'NONE', *, *, #3482, .F. ) ;
#1537 = EDGE_CURVE ( 'NONE', #2575, #294, #616, .T. ) ;
#1538 = CARTESIAN_POINT ( 'NONE',  ( -19.15116312385553954, 0.7494895882008767440, -14.11770822368140266 ) ) ;
#1539 = CARTESIAN_POINT ( 'NONE',  ( -6.255453929204526808, -11.71518784862666429, -29.80617256381730940 ) ) ;
#1540 = VECTOR ( 'NONE', #1656, 1000.000000000000114 ) ;
#1541 = CARTESIAN_POINT ( 'NONE',  ( 13.87734426699490875, -15.53233425684614666, -11.42431070655895908 ) ) ;
#1542 = ORIENTED_EDGE ( 'NONE', *, *, #1566, .F. ) ;
#1543 = EDGE_CURVE ( 'NONE', #2301, #1580, #3554, .T. ) ;
#1544 = AXIS2_PLACEMENT_3D ( 'NONE', #1317, #3562, #1008 ) ;
#1545 = LINE ( 'NONE', #2290, #1057 ) ;
#1546 = EDGE_CURVE ( 'NONE', #3250, #483, #2311, .T. ) ;
#1547 = DIRECTION ( 'NONE',  ( 0.9948500600418254125, -0.07037895403468683031, -0.07293943284506472502 ) ) ;
#1548 = EDGE_CURVE ( 'NONE', #474, #3659, #764, .T. ) ;
#1549 = DIRECTION ( 'NONE',  ( 0.6915197032147276657, -0.3585166444257760210, -0.6271094926211023823 ) ) ;
#1550 = LINE ( 'NONE', #4099, #391 ) ;
#1551 = LINE ( 'NONE', #2730, #2911 ) ;
#1552 = ORIENTED_EDGE ( 'NONE', *, *, #923, .T. ) ;
#1553 = VERTEX_POINT ( 'NONE', #356 ) ;
#1554 = CARTESIAN_POINT ( 'NONE',  ( -17.33337845767385232, 11.01864224601450637, -22.50899839011588810 ) ) ;
#1555 = LINE ( 'NONE', #1194, #4684 ) ;
#1556 = ORIENTED_EDGE ( 'NONE', *, *, #2663, .F. ) ;
#1557 = VERTEX_POINT ( 'NONE', #4427 ) ;
#1558 = DIRECTION ( 'NONE',  ( -0.07312074838872179017, 0.000000000000000000, -0.9973230951677963807 ) ) ;
#1559 = DIRECTION ( 'NONE',  ( 0.000000000000000000, -0.4731777794655594449, -0.8809669625020239980 ) ) ;
#1560 = DIRECTION ( 'NONE',  ( 0.000000000000000000, 0.4731777794655595004, 0.8809669625020239980 ) ) ;
#1561 = ORIENTED_EDGE ( 'NONE', *, *, #259, .F. ) ;
#1562 = CARTESIAN_POINT ( 'NONE',  ( 9.223980800341678332, -17.81710127325516879, -13.83566107819276247 ) ) ;
#1563 = CARTESIAN_POINT ( 'NONE',  ( -16.73232067813331270, 13.72515776052508762, -23.43365583413238795 ) ) ;
#1564 = CARTESIAN_POINT ( 'NONE',  ( 17.14552989130428173, 15.73916145961417534, -21.51123665307656907 ) ) ;
#1565 = CARTESIAN_POINT ( 'NONE',  ( -19.60120374427295786, 2.293915001910390661, -15.49691581554802511 ) ) ;
#1566 = EDGE_CURVE ( 'NONE', #2051, #832, #687, .T. ) ;
#1567 = VERTEX_POINT ( 'NONE', #1811 ) ;
#1568 = EDGE_CURVE ( 'NONE', #4034, #2159, #4404, .T. ) ;
#1569 = CARTESIAN_POINT ( 'NONE',  ( -17.68079056769711599, -10.90501040757150264, -3.859088180933110568 ) ) ;
#1570 = ORIENTED_EDGE ( 'NONE', *, *, #4157, .F. ) ;
#1571 = EDGE_CURVE ( 'NONE', #3124, #4112, #2540, .T. ) ;
#1572 = ORIENTED_EDGE ( 'NONE', *, *, #2340, .T. ) ;
#1573 = CARTESIAN_POINT ( 'NONE',  ( 22.44365403185712182, 16.76695501193046312, -19.28830463611541646 ) ) ;
#1574 = CARTESIAN_POINT ( 'NONE',  ( 0.1553357283892022322, 17.46276120384530728, -9.780541834296572645 ) ) ;
#1575 = ORIENTED_EDGE ( 'NONE', *, *, #2867, .F. ) ;
#1576 = CARTESIAN_POINT ( 'NONE',  ( -12.02030277471246933, -16.31421102146614643, -12.27809370457363691 ) ) ;
#1577 = CARTESIAN_POINT ( 'NONE',  ( -12.13431315529490995, -14.02983040801268011, -16.06554244245240426 ) ) ;
#1578 = CARTESIAN_POINT ( 'NONE',  ( 22.35075407480512411, 9.095104286119530812, -31.46307805990068118 ) ) ;
#1579 = ORIENTED_EDGE ( 'NONE', *, *, #3760, .T. ) ;
#1580 = VERTEX_POINT ( 'NONE', #1498 ) ;
#1581 = ORIENTED_EDGE ( 'NONE', *, *, #3606, .T. ) ;
#1582 = DIRECTION ( 'NONE',  ( 0.6300624072003387921, -0.6641072484698239409, -0.4024710245008376597 ) ) ;
#1583 = CARTESIAN_POINT ( 'NONE',  ( -12.71030769084361367, 1.040346529527882646, -25.35212449886984487 ) ) ;
#1584 =( BOUNDED_CURVE ( )  B_SPLINE_CURVE ( 3, ( #537, #1253, #1350, #963 ),
 .UNSPECIFIED., .F., .T. ) 
 B_SPLINE_CURVE_WITH_KNOTS ( ( 4, 4 ),
 ( 1.379151354881599012, 1.570796326794896558 ),
 .UNSPECIFIED. ) 
 CURVE ( )  GEOMETRIC_REPRESENTATION_ITEM ( )  RATIONAL_B_SPLINE_CURVE ( ( 1.000000000000000000, 0.9969416915723761097, 0.9969416915723761097, 1.000000000000000000 ) ) 
 REPRESENTATION_ITEM ( '' )  );
#1585 = CARTESIAN_POINT ( 'NONE',  ( 14.76036891073096591, 12.48630503621740218, -26.36358721522612569 ) ) ;
#1586 = CARTESIAN_POINT ( 'NONE',  ( -17.99979444331607326, -10.22670789260032542, -11.09777596682768674 ) ) ;
#1587 = ORIENTED_EDGE ( 'NONE', *, *, #885, .F. ) ;
#1588 = VECTOR ( 'NONE', #4377, 999.9999999999998863 ) ;
#1589 = CARTESIAN_POINT ( 'NONE',  ( 10.67864185873397709, -5.317712782405769723, -16.90645042139770737 ) ) ;
#1590 = EDGE_CURVE ( 'NONE', #3534, #2886, #1447, .T. ) ;
#1591 = ORIENTED_EDGE ( 'NONE', *, *, #3421, .F. ) ;
#1592 = EDGE_CURVE ( 'NONE', #2955, #1033, #3713, .T. ) ;
#1593 = CIRCLE ( 'NONE', #2907, 2.837515432283242767 ) ;
#1594 = VECTOR ( 'NONE', #3451, 1000.000000000000000 ) ;
#1595 = DIRECTION ( 'NONE',  ( 0.6992911315723376875, 0.000000000000000000, 0.7148369837272545713 ) ) ;
#1596 = ORIENTED_EDGE ( 'NONE', *, *, #2130, .T. ) ;
#1597 = CARTESIAN_POINT ( 'NONE',  ( 9.686453332443779374, 8.605007368470662499, -29.11398152269599748 ) ) ;
#1598 = EDGE_CURVE ( 'NONE', #4049, #3410, #4596, .T. ) ;
#1599 = CARTESIAN_POINT ( 'NONE',  ( 10.91064959669648360, 2.079586525460639379, -20.87962740705602371 ) ) ;
#1600 = VECTOR ( 'NONE', #2846, 1000.000000000000227 ) ;
#1601 = ORIENTED_EDGE ( 'NONE', *, *, #2841, .T. ) ;
#1602 = EDGE_LOOP ( 'NONE', ( #1860, #560, #1369 ) ) ;
#1603 = AXIS2_PLACEMENT_3D ( 'NONE', #3079, #1901, #2334 ) ;
#1604 = CARTESIAN_POINT ( 'NONE',  ( -18.46092334225904352, -9.508839023026219195, -9.788167701686591116 ) ) ;
#1605 = CARTESIAN_POINT ( 'NONE',  ( -10.57109128908541251, -13.76299891621072291, -15.47747098548727962 ) ) ;
#1606 = CARTESIAN_POINT ( 'NONE',  ( 9.558085982852759344, -14.80973200261706246, -16.25087550805894665 ) ) ;
#1607 = ORIENTED_EDGE ( 'NONE', *, *, #1727, .T. ) ;
#1608 = VECTOR ( 'NONE', #3351, 1000.000000000000000 ) ;
#1609 = CIRCLE ( 'NONE', #3384, 0.9999999999999993339 ) ;
#1610 = ORIENTED_EDGE ( 'NONE', *, *, #4443, .F. ) ;
#1611 = CARTESIAN_POINT ( 'NONE',  ( 21.85850308058285307, -11.64268085405423747, -3.716468559703593577 ) ) ;
#1612 = VECTOR ( 'NONE', #218, 1000.000000000000114 ) ;
#1613 = AXIS2_PLACEMENT_3D ( 'NONE', #2439, #940, #3344 ) ;
#1614 = CARTESIAN_POINT ( 'NONE',  ( 14.75202758656975455, 12.32123441859104318, -26.35667326681370426 ) ) ;
#1615 = CARTESIAN_POINT ( 'NONE',  ( 21.85850308058285307, -11.64268085405423747, -3.716468559703593577 ) ) ;
#1616 = ORIENTED_EDGE ( 'NONE', *, *, #4677, .T. ) ;
#1617 = DIRECTION ( 'NONE',  ( 0.6992911315723374654, 0.000000000000000000, 0.7148369837272550154 ) ) ;
#1618 = DIRECTION ( 'NONE',  ( 0.6230553284272448700, 0.000000000000000000, -0.7821777660598759896 ) ) ;
#1619 = EDGE_LOOP ( 'NONE', ( #3740, #3602, #2531, #2715, #458 ) ) ;
#1620 = CARTESIAN_POINT ( 'NONE',  ( 4.694521707601353455, -16.08478893482039851, -18.47092897607374695 ) ) ;
#1621 = CARTESIAN_POINT ( 'NONE',  ( -2.008642582135548693, -9.650593942037454909, -18.08486074724518744 ) ) ;
#1622 = EDGE_CURVE ( 'NONE', #3036, #571, #215, .T. ) ;
#1623 = EDGE_CURVE ( 'NONE', #4440, #3264, #3262, .T. ) ;
#1624 = ORIENTED_EDGE ( 'NONE', *, *, #3401, .F. ) ;
#1625 = EDGE_CURVE ( 'NONE', #887, #4422, #424, .T. ) ;
#1626 = VERTEX_POINT ( 'NONE', #1884 ) ;
#1627 = FACE_OUTER_BOUND ( 'NONE', #4462, .T. ) ;
#1628 = CARTESIAN_POINT ( 'NONE',  ( 24.64114737440101166, -13.06959513538298445, -6.210622999152226598 ) ) ;
#1629 = DIRECTION ( 'NONE',  ( 0.000000000000000000, -0.4731777794655594449, -0.8809669625020238870 ) ) ;
#1630 = ORIENTED_EDGE ( 'NONE', *, *, #660, .T. ) ;
#1631 = ORIENTED_EDGE ( 'NONE', *, *, #3862, .F. ) ;
#1632 = DIRECTION ( 'NONE',  ( -0.7470778262826889282, -0.2962018438469780635, -0.5950959495563576951 ) ) ;
#1633 = PLANE ( 'NONE',  #1217 ) ;
#1634 = CARTESIAN_POINT ( 'NONE',  ( 17.14060254766158309, 39.76573610951675875, -35.19154922250488937 ) ) ;
#1635 = ADVANCED_BREP_SHAPE_REPRESENTATION ( 'lxt release button v2', ( #1941, #1929 ), #2476 ) ;
#1636 = CARTESIAN_POINT ( 'NONE',  ( 8.851044948256030054, -14.07468338767725058, -13.02088206306954277 ) ) ;
#1637 = ORIENTED_EDGE ( 'NONE', *, *, #3044, .F. ) ;
#1638 = DIRECTION ( 'NONE',  ( 0.02761996880506091198, 0.8806308699840954546, -0.4729972601974166135 ) ) ;
#1639 = FACE_OUTER_BOUND ( 'NONE', #1310, .T. ) ;
#1640 = LINE ( 'NONE', #2475, #4453 ) ;
#1641 = DIRECTION ( 'NONE',  ( 0.7470778262826895944, 0.2962018438469779524, 0.5950959495563569179 ) ) ;
#1642 = ORIENTED_EDGE ( 'NONE', *, *, #3833, .F. ) ;
#1643 = CARTESIAN_POINT ( 'NONE',  ( -12.94799990062144346, 8.558070330410187054, -29.66154365702013607 ) ) ;
#1644 = LINE ( 'NONE', #2762, #1391 ) ;
#1645 = VERTEX_POINT ( 'NONE', #60 ) ;
#1646 = CARTESIAN_POINT ( 'NONE',  ( -16.82809789964631619, 11.23547857227318758, -22.07578531864410465 ) ) ;
#1647 = EDGE_CURVE ( 'NONE', #1123, #113, #4709, .T. ) ;
#1648 = ADVANCED_FACE ( 'NONE', ( #736 ), #3648, .F. ) ;
#1649 = LINE ( 'NONE', #955, #4379 ) ;
#1650 = CARTESIAN_POINT ( 'NONE',  ( 15.12970235416396747, -29.46314876449160991, -38.97904792155831899 ) ) ;
#1651 = ORIENTED_EDGE ( 'NONE', *, *, #2838, .T. ) ;
#1652 = ORIENTED_EDGE ( 'NONE', *, *, #4454, .T. ) ;
#1653 = ORIENTED_EDGE ( 'NONE', *, *, #2751, .T. ) ;
#1654 = CARTESIAN_POINT ( 'NONE',  ( 21.08072177012454773, 8.591561151579673705, -32.47474117414648731 ) ) ;
#1655 = CARTESIAN_POINT ( 'NONE',  ( 18.57942362913957268, 19.03013075542356347, -15.30034813092695956 ) ) ;
#1656 = DIRECTION ( 'NONE',  ( -0.02761996880506026320, -0.8806308699840952325, 0.4729972601974170576 ) ) ;
#1657 = EDGE_CURVE ( 'NONE', #2861, #872, #404, .T. ) ;
#1658 = CARTESIAN_POINT ( 'NONE',  ( -19.65644368188307567, 0.5326532619421951997, -14.55092129515318788 ) ) ;
#1659 = ORIENTED_EDGE ( 'NONE', *, *, #3070, .T. ) ;
#1660 = VERTEX_POINT ( 'NONE', #1094 ) ;
#1661 = CARTESIAN_POINT ( 'NONE',  ( 15.02148030979743787, 9.185367937633607482, -24.32338629128872043 ) ) ;
#1662 = DIRECTION ( 'NONE',  ( 0.000000000000000000, 0.4731777794655588898, 0.8809669625020243311 ) ) ;
#1663 = LINE ( 'NONE', #2400, #4671 ) ;
#1664 = CLOSED_SHELL ( 'NONE', ( #1868, #4076, #3608, #312, #2371, #2901, #3098, #1939, #3359, #3668, #2466, #1802, #3508, #4037, #2398, #4623, #1348, #4098, #169, #3743, #1507, #1681, #4497, #3638, #1837, #4478, #348, #3897, #24, #4015, #104, #456, #3426, #439, #946, #1362, #1780, #3340, #3194, #4354, #495, #3573, #2894, #1805, #4734, #76, #2605, #1020, #4591, #2645, #2103, #3550, #1875, #3894, #1333, #2545, #519, #3981, #2195, #1034, #2366, #2933, #3637, #2878, #1106, #2752, #1041, #4353, #3247, #665, #515, #3600, #982, #189, #2691, #788, #745, #3455, #350, #4336, #412, #2963, #1926, #4729, #1898, #1265, #4066, #583, #2198, #836, #4067, #1277, #2742, #286, #2035, #4593, #4439, #2782, #2049, #3125, #4414, #2164, #3744, #4240, #4009, #2516, #1759, #3370, #2163, #103, #3807, #3397, #373, #195, #2805, #3105, #1100, #1161, #2307, #4648, #1019, #695, #1721, #1211, #837, #3019, #1895, #1073, #638, #4103, #4386, #3786, #2957, #1873, #2550, #3889, #4182, #862, #3025, #2643, #1401, #3722, #4177, #1648, #2612, #1160, #2043, #4328, #1671 ) ) ;
#1665 = EDGE_CURVE ( 'NONE', #2723, #3781, #4352, .T. ) ;
#1666 = LINE ( 'NONE', #4239, #3372 ) ;
#1667 = EDGE_LOOP ( 'NONE', ( #92, #2057, #3151, #725, #928 ) ) ;
#1668 = VECTOR ( 'NONE', #3875, 1000.000000000000114 ) ;
#1669 = CARTESIAN_POINT ( 'NONE',  ( -1.381428818380297407, 10.34739397533432559, -28.82601668077354162 ) ) ;
#1670 = DIRECTION ( 'NONE',  ( 0.000000000000000000, -0.4731777794655601665, -0.8809669625020235539 ) ) ;
#1671 = ADVANCED_FACE ( 'NONE', ( #4024 ), #40, .F. ) ;
#1672 = VECTOR ( 'NONE', #4100, 1000.000000000000114 ) ;
#1673 = VERTEX_POINT ( 'NONE', #376 ) ;
#1674 = DIRECTION ( 'NONE',  ( 0.7470778262826890392, 0.2962018438469778414, 0.5950959495563576951 ) ) ;
#1675 = VECTOR ( 'NONE', #4663, 999.9999999999998863 ) ;
#1676 = DIRECTION ( 'NONE',  ( -0.02761996880506026320, -0.8806308699840952325, 0.4729972601974170576 ) ) ;
#1677 = DIRECTION ( 'NONE',  ( -0.7218293686107700724, -0.3097661803695450078, -0.6188758163882634999 ) ) ;
#1678 = EDGE_LOOP ( 'NONE', ( #2374, #2598, #31, #1829 ) ) ;
#1679 = ORIENTED_EDGE ( 'NONE', *, *, #2107, .F. ) ;
#1680 = VECTOR ( 'NONE', #192, 1000.000000000000114 ) ;
#1681 = ADVANCED_FACE ( 'NONE', ( #3303 ), #17, .F. ) ;
#1682 = ORIENTED_EDGE ( 'NONE', *, *, #1395, .F. ) ;
#1683 = DIRECTION ( 'NONE',  ( -0.02761996880505932297, -0.8806308699840956766, 0.4729972601974165025 ) ) ;
#1684 = DIRECTION ( 'NONE',  ( -0.7218293686107684071, -0.3097661803695459515, -0.6188758163882649432 ) ) ;
#1685 = CARTESIAN_POINT ( 'NONE',  ( -11.45351228325242943, 13.40793315126454743, -26.20017769494153370 ) ) ;
#1686 = VECTOR ( 'NONE', #2641, 1000.000000000000227 ) ;
#1687 =( BOUNDED_CURVE ( )  B_SPLINE_CURVE ( 3, ( #648, #2093, #1288, #4297 ),
 .UNSPECIFIED., .F., .T. ) 
 B_SPLINE_CURVE_WITH_KNOTS ( ( 4, 4 ),
 ( 1.570796326794899000, 3.141592653589794004 ),
 .UNSPECIFIED. ) 
 CURVE ( )  GEOMETRIC_REPRESENTATION_ITEM ( )  RATIONAL_B_SPLINE_CURVE ( ( 1.000000000000000000, 0.8047378541243653816, 0.8047378541243653816, 1.000000000000000000 ) ) 
 REPRESENTATION_ITEM ( '' )  );
#1688 = CARTESIAN_POINT ( 'NONE',  ( -17.63521761916877395, -9.451969472097742297, -4.639533660258853942 ) ) ;
#1689 = ORIENTED_EDGE ( 'NONE', *, *, #550, .T. ) ;
#1690 = ORIENTED_EDGE ( 'NONE', *, *, #2010, .T. ) ;
#1691 = EDGE_CURVE ( 'NONE', #1120, #4057, #1518, .T. ) ;
#1692 = EDGE_CURVE ( 'NONE', #4687, #2347, #2361, .T. ) ;
#1693 = CIRCLE ( 'NONE', #2928, 0.9999999999999991118 ) ;
#1694 = EDGE_CURVE ( 'NONE', #1660, #3410, #3803, .T. ) ;
#1695 = CIRCLE ( 'NONE', #546, 1.000000000000000444 ) ;
#1696 = CARTESIAN_POINT ( 'NONE',  ( 16.23662423552411482, 10.94342957170024100, -19.71074734554645858 ) ) ;
#1697 = DIRECTION ( 'NONE',  ( -0.02761996880506026320, -0.8806308699840952325, 0.4729972601974170576 ) ) ;
#1698 = DIRECTION ( 'NONE',  ( -0.02761996880506011401, -0.8806308699840951215, 0.4729972601974173352 ) ) ;
#1699 = VECTOR ( 'NONE', #1472, 1000.000000000000000 ) ;
#1700 = EDGE_CURVE ( 'NONE', #2601, #3124, #1936, .T. ) ;
#1701 = LINE ( 'NONE', #237, #382 ) ;
#1702 = EDGE_LOOP ( 'NONE', ( #932, #3346, #1067, #826 ) ) ;
#1703 = VECTOR ( 'NONE', #877, 1000.000000000000227 ) ;
#1704 = CARTESIAN_POINT ( 'NONE',  ( 3.782502704739742150, -9.480867572881289007, -17.43069727033810068 ) ) ;
#1705 = CARTESIAN_POINT ( 'NONE',  ( -15.40663797065889185, 9.059170419505905514, -27.81507059236098911 ) ) ;
#1706 = ORIENTED_EDGE ( 'NONE', *, *, #1622, .F. ) ;
#1707 = CARTESIAN_POINT ( 'NONE',  ( 13.33895032604589126, 10.39331321779641470, -23.65259492736889513 ) ) ;
#1708 = LINE ( 'NONE', #4226, #2005 ) ;
#1709 = DIRECTION ( 'NONE',  ( 0.000000000000000000, 0.3467921338033098655, 0.9379420109645089099 ) ) ;
#1710 = ORIENTED_EDGE ( 'NONE', *, *, #3893, .T. ) ;
#1711 = VERTEX_POINT ( 'NONE', #869 ) ;
#1712 = FACE_OUTER_BOUND ( 'NONE', #4649, .T. ) ;
#1713 = CARTESIAN_POINT ( 'NONE',  ( -6.862706926386277217, 8.969987960286823991, -27.48220125988270013 ) ) ;
#1714 = CARTESIAN_POINT ( 'NONE',  ( 21.46730765119254514, -19.07256665157332165, -16.33388870964346040 ) ) ;
#1715 = CARTESIAN_POINT ( 'NONE',  ( -4.125140653246418765, -14.20927956525154023, -14.02919951141350019 ) ) ;
#1716 = ORIENTED_EDGE ( 'NONE', *, *, #830, .F. ) ;
#1717 = ORIENTED_EDGE ( 'NONE', *, *, #574, .F. ) ;
#1718 = CARTESIAN_POINT ( 'NONE',  ( 13.31200427434293942, -7.412055892287717995, -13.02250267461384681 ) ) ;
#1719 = LINE ( 'NONE', #2054, #385 ) ;
#1720 = EDGE_CURVE ( 'NONE', #2207, #1967, #1229, .T. ) ;
#1721 = ADVANCED_FACE ( 'NONE', ( #2657 ), #3475, .T. ) ;
#1722 = FACE_OUTER_BOUND ( 'NONE', #1678, .T. ) ;
#1723 = CARTESIAN_POINT ( 'NONE',  ( -19.29565515324024005, 12.03597964516437102, -20.72949400691722133 ) ) ;
#1724 = EDGE_LOOP ( 'NONE', ( #4410, #4318, #1601, #2482 ) ) ;
#1725 = FACE_OUTER_BOUND ( 'NONE', #1619, .T. ) ;
#1726 = CARTESIAN_POINT ( 'NONE',  ( 16.80626904735882121, 7.529953525411938742, -34.70085279651795673 ) ) ;
#1727 = EDGE_CURVE ( 'NONE', #2580, #2866, #1202, .T. ) ;
#1728 = ORIENTED_EDGE ( 'NONE', *, *, #4532, .T. ) ;
#1729 = CARTESIAN_POINT ( 'NONE',  ( 11.24273085888991730, 1.894685377186280606, -21.20448676226506990 ) ) ;
#1730 = CARTESIAN_POINT ( 'NONE',  ( -19.60120374427295786, 2.293915001910390661, -15.49691581554802511 ) ) ;
#1731 = ORIENTED_EDGE ( 'NONE', *, *, #2069, .F. ) ;
#1732 = ORIENTED_EDGE ( 'NONE', *, *, #3227, .F. ) ;
#1733 = VERTEX_POINT ( 'NONE', #2705 ) ;
#1734 = CARTESIAN_POINT ( 'NONE',  ( -7.816283842434217810, -14.07956109689504487, -26.66988313713980929 ) ) ;
#1735 = LINE ( 'NONE', #1374, #1600 ) ;
#1736 = DIRECTION ( 'NONE',  ( 0.6992911315723400190, 0.000000000000000000, 0.7148369837272524618 ) ) ;
#1737 = LINE ( 'NONE', #4306, #3844 ) ;
#1738 = VERTEX_POINT ( 'NONE', #4543 ) ;
#1739 = ORIENTED_EDGE ( 'NONE', *, *, #2140, .F. ) ;
#1740 = DIRECTION ( 'NONE',  ( -0.6641625243868696238, 0.3698022965487173797, 0.6497187104180972561 ) ) ;
#1741 = DIRECTION ( 'NONE',  ( 0.000000000000000000, -0.4731777794655592229, -0.8809669625020238870 ) ) ;
#1742 = CARTESIAN_POINT ( 'NONE',  ( -0.3973041195923824875, -0.1575233645694285589, -0.3164785033012302295 ) ) ;
#1743 = EDGE_CURVE ( 'NONE', #3195, #501, #4161, .T. ) ;
#1744 = EDGE_CURVE ( 'NONE', #2243, #887, #4114, .T. ) ;
#1745 = ORIENTED_EDGE ( 'NONE', *, *, #4563, .F. ) ;
#1746 = CARTESIAN_POINT ( 'NONE',  ( 6.013836111432980580, -16.98649835440207667, -18.13628441032818372 ) ) ;
#1747 = LINE ( 'NONE', #645, #1471 ) ;
#1748 = VECTOR ( 'NONE', #1356, 1000.000000000000000 ) ;
#1749 = EDGE_CURVE ( 'NONE', #251, #2851, #512, .T. ) ;
#1750 = ORIENTED_EDGE ( 'NONE', *, *, #2788, .F. ) ;
#1751 = LINE ( 'NONE', #3223, #2076 ) ;
#1752 = DIRECTION ( 'NONE',  ( 0.6641625243868706230, -0.3698022965487179348, -0.6497187104180959238 ) ) ;
#1753 = CIRCLE ( 'NONE', #3605, 0.5000000000000003331 ) ;
#1754 = ORIENTED_EDGE ( 'NONE', *, *, #3221, .F. ) ;
#1755 = EDGE_LOOP ( 'NONE', ( #3341, #3622, #981, #4498 ) ) ;
#1756 = CARTESIAN_POINT ( 'NONE',  ( 6.743309428664878702, 7.390479841221258894, -31.22555131571161269 ) ) ;
#1757 = CIRCLE ( 'NONE', #452, 2.000000000000000444 ) ;
#1758 = SURFACE_STYLE_FILL_AREA ( #3276 ) ;
#1759 = ADVANCED_FACE ( 'NONE', ( #823 ), #85, .T. ) ;
#1760 = DIRECTION ( 'NONE',  ( -0.7470778262826897054, -0.2962018438469776194, -0.5950959495563569179 ) ) ;
#1761 = DIRECTION ( 'NONE',  ( 0.02761996880505929175, 0.8806308699840956766, -0.4729972601974165025 ) ) ;
#1762 = ORIENTED_EDGE ( 'NONE', *, *, #2187, .T. ) ;
#1763 = ORIENTED_EDGE ( 'NONE', *, *, #161, .T. ) ;
#1764 = CARTESIAN_POINT ( 'NONE',  ( 24.81819537881211701, 15.15102138728485137, -22.15820767786332723 ) ) ;
#1765 = CARTESIAN_POINT ( 'NONE',  ( 16.29738816689522451, 12.88081748566522933, -20.75134131798078840 ) ) ;
#1766 = CARTESIAN_POINT ( 'NONE',  ( 14.82071029843160659, 13.38950622295983450, -26.02160184834156809 ) ) ;
#1767 = VECTOR ( 'NONE', #1428, 1000.000000000000000 ) ;
#1768 = VECTOR ( 'NONE', #3338, 1000.000000000000114 ) ;
#1769 = ORIENTED_EDGE ( 'NONE', *, *, #4268, .F. ) ;
#1770 = DIRECTION ( 'NONE',  ( 0.000000000000000000, -0.4731777794655594449, -0.8809669625020238870 ) ) ;
#1771 = ORIENTED_EDGE ( 'NONE', *, *, #132, .F. ) ;
#1772 = VECTOR ( 'NONE', #2316, 1000.000000000000000 ) ;
#1773 = VECTOR ( 'NONE', #1549, 1000.000000000000114 ) ;
#1774 = CARTESIAN_POINT ( 'NONE',  ( -14.97444001727004803, -15.57246989738804288, -15.99028156748162566 ) ) ;
#1775 = VECTOR ( 'NONE', #2768, 1000.000000000000227 ) ;
#1776 = EDGE_LOOP ( 'NONE', ( #3954, #3094, #892, #4541 ) ) ;
#1777 = CARTESIAN_POINT ( 'NONE',  ( 7.299766065091004563, 7.400138932955512061, -26.82953458816497161 ) ) ;
#1778 = CARTESIAN_POINT ( 'NONE',  ( 7.027751384643467603, 6.704761811043633557, -30.88850862117195817 ) ) ;
#1779 = EDGE_CURVE ( 'NONE', #1392, #1234, #3021, .T. ) ;
#1780 = ADVANCED_FACE ( 'NONE', ( #1182 ), #106, .T. ) ;
#1781 = ORIENTED_EDGE ( 'NONE', *, *, #1846, .F. ) ;
#1782 = ORIENTED_EDGE ( 'NONE', *, *, #4329, .T. ) ;
#1783 = CARTESIAN_POINT ( 'NONE',  ( 7.089193370964071761, 7.684940324888787089, -31.18949442736401068 ) ) ;
#1784 = FACE_OUTER_BOUND ( 'NONE', #856, .T. ) ;
#1785 = CARTESIAN_POINT ( 'NONE',  ( 9.683854566290616361, 10.74611317547676670, -29.12887843928697151 ) ) ;
#1786 = DIRECTION ( 'NONE',  ( -0.6641625243868698458, 0.3698022965487172686, 0.6497187104180971451 ) ) ;
#1787 = ORIENTED_EDGE ( 'NONE', *, *, #1720, .F. ) ;
#1788 = VERTEX_POINT ( 'NONE', #1563 ) ;
#1789 = CARTESIAN_POINT ( 'NONE',  ( -14.23280300531334497, 10.20773031621520666, -29.75906893929770547 ) ) ;
#1790 = CARTESIAN_POINT ( 'NONE',  ( -19.09592318624541818, 2.510751328169071872, -15.06370274407623988 ) ) ;
#1791 = CARTESIAN_POINT ( 'NONE',  ( 5.809177903389230124, 10.14365592322078768, -32.59097228325125428 ) ) ;
#1792 = ORIENTED_EDGE ( 'NONE', *, *, #1749, .T. ) ;
#1793 = FACE_OUTER_BOUND ( 'NONE', #3654, .T. ) ;
#1794 = DIRECTION ( 'NONE',  ( -0.6508913630218432500, 0.000000000000000000, 0.7591708856005789929 ) ) ;
#1795 = ORIENTED_EDGE ( 'NONE', *, *, #543, .T. ) ;
#1796 = CYLINDRICAL_SURFACE ( 'NONE', #3233, 0.5000000000000011102 ) ;
#1797 =( NAMED_UNIT ( * ) PLANE_ANGLE_UNIT ( ) SI_UNIT ( $, .RADIAN. ) );
#1798 = EDGE_LOOP ( 'NONE', ( #500, #4063, #329, #2458, #1490, #3645, #3726, #1102, #3947, #3362, #1011, #1461, #370, #307, #1821, #210, #3251 ) ) ;
#1799 = LINE ( 'NONE', #2504, #997 ) ;
#1800 = ORIENTED_EDGE ( 'NONE', *, *, #2663, .T. ) ;
#1801 = VERTEX_POINT ( 'NONE', #3783 ) ;
#1802 = ADVANCED_FACE ( 'NONE', ( #1975 ), #494, .T. ) ;
#1803 = ORIENTED_EDGE ( 'NONE', *, *, #3599, .T. ) ;
#1804 = CARTESIAN_POINT ( 'NONE',  ( -17.33337845767385232, 11.01864224601450637, -22.50899839011588810 ) ) ;
#1805 = ADVANCED_FACE ( 'NONE', ( #912 ), #2073, .F. ) ;
#1806 = LINE ( 'NONE', #3297, #2472 ) ;
#1807 = DIRECTION ( 'NONE',  ( 0.7218293686107699614, 0.3097661803695447857, 0.6188758163882636110 ) ) ;
#1808 = ORIENTED_EDGE ( 'NONE', *, *, #4272, .F. ) ;
#1809 = DIRECTION ( 'NONE',  ( -0.6230553284272440928, 0.000000000000000000, 0.7821777660598765447 ) ) ;
#1810 = FACE_BOUND ( 'NONE', #4319, .T. ) ;
#1811 = CARTESIAN_POINT ( 'NONE',  ( 10.34656059654053806, -5.132811634131408063, -16.58159106618865408 ) ) ;
#1812 = EDGE_CURVE ( 'NONE', #1392, #1123, #653, .T. ) ;
#1813 = DIRECTION ( 'NONE',  ( 0.9978976218425265055, -0.05204337920380165683, -0.03862412461246555323 ) ) ;
#1814 =( BOUNDED_CURVE ( )  B_SPLINE_CURVE ( 3, ( #166, #1620, #594, #3095 ),
 .UNSPECIFIED., .F., .T. ) 
 B_SPLINE_CURVE_WITH_KNOTS ( ( 4, 4 ),
 ( 1.570796326794895226, 3.141592653589798445 ),
 .UNSPECIFIED. ) 
 CURVE ( )  GEOMETRIC_REPRESENTATION_ITEM ( )  RATIONAL_B_SPLINE_CURVE ( ( 1.000000000000000000, 0.8047378541243634942, 0.8047378541243634942, 1.000000000000000000 ) ) 
 REPRESENTATION_ITEM ( '' )  );
#1815 = CYLINDRICAL_SURFACE ( 'NONE', #4127, 1.000000000000000666 ) ;
#1816 = ORIENTED_EDGE ( 'NONE', *, *, #1537, .F. ) ;
#1817 = CARTESIAN_POINT ( 'NONE',  ( 0.000000000000000000, 0.000000000000000000, 0.000000000000000000 ) ) ;
#1818 = ORIENTED_EDGE ( 'NONE', *, *, #3953, .F. ) ;
#1819 = CARTESIAN_POINT ( 'NONE',  ( -14.73619375939999188, -14.37813931493530362, -16.86596026450983388 ) ) ;
#1820 = CARTESIAN_POINT ( 'NONE',  ( 17.48338679639940807, -9.925601634468785406, -4.792008845286169993 ) ) ;
#1821 = ORIENTED_EDGE ( 'NONE', *, *, #1515, .F. ) ;
#1822 = AXIS2_PLACEMENT_3D ( 'NONE', #1380, #3553, #589 ) ;
#1823 = VERTEX_POINT ( 'NONE', #3876 ) ;
#1824 = CARTESIAN_POINT ( 'NONE',  ( 5.001597146808490990, 8.612134198130631191, -31.68401283204654106 ) ) ;
#1825 =( NAMED_UNIT ( * ) SI_UNIT ( $, .STERADIAN. ) SOLID_ANGLE_UNIT ( ) );
#1826 = CIRCLE ( 'NONE', #4505, 1.000000000000000888 ) ;
#1827 = DIRECTION ( 'NONE',  ( -0.07312074838872203997, 0.000000000000000000, -0.9973230951677962697 ) ) ;
#1828 = LINE ( 'NONE', #352, #3619 ) ;
#1829 = ORIENTED_EDGE ( 'NONE', *, *, #1592, .T. ) ;
#1830 = DIRECTION ( 'NONE',  ( 0.000000000000000000, 0.4731777794655596114, 0.8809669625020237760 ) ) ;
#1831 = VECTOR ( 'NONE', #4738, 1000.000000000000227 ) ;
#1832 = CARTESIAN_POINT ( 'NONE',  ( -19.29890286960566570, -6.513484105576731409, -16.02063554595846995 ) ) ;
#1833 = CARTESIAN_POINT ( 'NONE',  ( 13.85973898253125292, -15.68371550740458176, -9.593004665056252378 ) ) ;
#1834 = LINE ( 'NONE', #2926, #703 ) ;
#1835 = AXIS2_PLACEMENT_3D ( 'NONE', #469, #535, #2323 ) ;
#1836 = FACE_OUTER_BOUND ( 'NONE', #2215, .T. ) ;
#1837 = ADVANCED_FACE ( 'NONE', ( #3157 ), #3567, .F. ) ;
#1838 = EDGE_CURVE ( 'NONE', #1553, #4107, #3129, .T. ) ;
#1839 = EDGE_CURVE ( 'NONE', #3333, #4049, #1735, .T. ) ;
#1840 = AXIS2_PLACEMENT_3D ( 'NONE', #4060, #4419, #346 ) ;
#1841 = CARTESIAN_POINT ( 'NONE',  ( 9.044618631868708292, 9.317459102595901044, -29.43441061767843792 ) ) ;
#1842 = ORIENTED_EDGE ( 'NONE', *, *, #4715, .T. ) ;
#1843 = VECTOR ( 'NONE', #1917, 1000.000000000000227 ) ;
#1844 = APPLICATION_PROTOCOL_DEFINITION ( 'draft international standard', 'automotive_design', 1998, #140 ) ;
#1845 =( BOUNDED_SURFACE ( )  B_SPLINE_SURFACE ( 3, 2, ( 
 ( #2978, #4432, #3813 ),
 ( #4309, #3908, #231 ),
 ( #2053, #206, #966 ),
 ( #2027, #1353, #4210 ) ),
 .UNSPECIFIED., .F., .F., .T. ) 
 B_SPLINE_SURFACE_WITH_KNOTS ( ( 4, 4 ),
 ( 3, 3 ),
 ( 4.712388980384689674, 4.904033952297986332 ),
 ( 0.000000000000000000, 1.000000000000000000 ),
 .UNSPECIFIED. ) 
 GEOMETRIC_REPRESENTATION_ITEM ( )  RATIONAL_B_SPLINE_SURFACE ( (
 ( 1.000000000000000000, 0.7071067811865440200, 1.000000000000000000),
 ( 1.000000000000000000, 0.6924005261104924092, 1.000000000000000000),
 ( 1.000000000000000000, 0.6772309181342540674, 1.000000000000000000),
 ( 1.000000000000000000, 0.6618039517531500993, 1.000000000000000000) ) ) 
 REPRESENTATION_ITEM ( '' )  SURFACE ( )  );
#1846 = EDGE_CURVE ( 'NONE', #1733, #474, #351, .T. ) ;
#1847 = AXIS2_PLACEMENT_3D ( 'NONE', #3591, #711, #1761 ) ;
#1848 = ORIENTED_EDGE ( 'NONE', *, *, #688, .T. ) ;
#1849 = VECTOR ( 'NONE', #1760, 1000.000000000000000 ) ;
#1850 = DIRECTION ( 'NONE',  ( 0.02761996880506050259, 0.8806308699840952325, -0.4729972601974169466 ) ) ;
#1851 = CARTESIAN_POINT ( 'NONE',  ( 23.04780477283404849, -14.84717056810832325, -7.498993829207303286 ) ) ;
#1852 = ORIENTED_EDGE ( 'NONE', *, *, #2405, .T. ) ;
#1853 = CIRCLE ( 'NONE', #4529, 2.841969467183057763 ) ;
#1854 = EDGE_LOOP ( 'NONE', ( #1652, #1787, #319, #631 ) ) ;
#1855 = EDGE_LOOP ( 'NONE', ( #1397, #2834, #1642, #1536, #2959 ) ) ;
#1856 = CARTESIAN_POINT ( 'NONE',  ( 7.359832646836898640, 6.756449552502055589, -30.77288449512999691 ) ) ;
#1857 = PLANE ( 'NONE',  #467 ) ;
#1858 = FACE_OUTER_BOUND ( 'NONE', #2233, .T. ) ;
#1859 = CARTESIAN_POINT ( 'NONE',  ( -14.81673668642454977, -16.30562569785153215, -16.18601503914672790 ) ) ;
#1860 = ORIENTED_EDGE ( 'NONE', *, *, #839, .F. ) ;
#1861 = DIRECTION ( 'NONE',  ( 0.6915197032147283318, -0.3585166444257752993, -0.6271094926211022713 ) ) ;
#1862 = CARTESIAN_POINT ( 'NONE',  ( -13.60295663626247276, -13.01915311504190775, -7.557100480289141942 ) ) ;
#1863 = CARTESIAN_POINT ( 'NONE',  ( 9.539012975473765366, 8.768828419244398376, -29.19655695220904690 ) ) ;
#1864 = CARTESIAN_POINT ( 'NONE',  ( 5.596550602082546177, -17.27529453302446782, -17.93582767772984710 ) ) ;
#1865 = CARTESIAN_POINT ( 'NONE',  ( 14.76177203118934678, 12.51237946325123396, -26.36246953876438326 ) ) ;
#1866 = ORIENTED_EDGE ( 'NONE', *, *, #3551, .T. ) ;
#1867 = CARTESIAN_POINT ( 'NONE',  ( -17.27737399124013962, 12.24021298148930903, -23.18575285091989002 ) ) ;
#1868 = ADVANCED_FACE ( 'NONE', ( #4231 ), #177, .F. ) ;
#1869 = ORIENTED_EDGE ( 'NONE', *, *, #2194, .F. ) ;
#1870 = EDGE_CURVE ( 'NONE', #2288, #294, #2120, .T. ) ;
#1871 = ORIENTED_EDGE ( 'NONE', *, *, #4214, .T. ) ;
#1872 = CARTESIAN_POINT ( 'NONE',  ( -12.85685400356474339, 11.46415220135769530, -31.22243461567160949 ) ) ;
#1873 = ADVANCED_FACE ( 'NONE', ( #4203 ), #1633, .T. ) ;
#1874 = DIRECTION ( 'NONE',  ( 0.7218293686107699614, 0.3097661803695451188, 0.6188758163882634999 ) ) ;
#1875 = ADVANCED_FACE ( 'NONE', ( #2774 ), #4561, .F. ) ;
#1876 = VERTEX_POINT ( 'NONE', #3544 ) ;
#1877 = DIRECTION ( 'NONE',  ( -0.6641625243868696238, 0.3698022965487184899, 0.6497187104180968120 ) ) ;
#1878 = CARTESIAN_POINT ( 'NONE',  ( 24.69362531513063175, -11.39639648241320735, -7.109317793527312190 ) ) ;
#1879 = DIRECTION ( 'NONE',  ( -0.6641625243868700679, 0.3698022965487182678, 0.6497187104180963679 ) ) ;
#1880 = CARTESIAN_POINT ( 'NONE',  ( 11.09321389313543449, 11.05786743448673626, -29.28471406518914577 ) ) ;
#1881 = ORIENTED_EDGE ( 'NONE', *, *, #2530, .T. ) ;
#1882 = CARTESIAN_POINT ( 'NONE',  ( -18.97665856041518850, 4.757836871093961584, -22.50106721568463897 ) ) ;
#1883 = DIRECTION ( 'NONE',  ( -0.7218293686107699614, -0.3097661803695451188, -0.6188758163882634999 ) ) ;
#1884 = CARTESIAN_POINT ( 'NONE',  ( 9.480750070198590507, -17.27549843857253009, -14.92648317950617987 ) ) ;
#1885 = LINE ( 'NONE', #1359, #1075 ) ;
#1886 = CARTESIAN_POINT ( 'NONE',  ( 2.412900952043730118, -13.56954417404932478, -12.45635479982297511 ) ) ;
#1887 = CARTESIAN_POINT ( 'NONE',  ( 20.96053257592834385, -18.76404632207393774, -17.02753125439123139 ) ) ;
#1888 = EDGE_LOOP ( 'NONE', ( #4579, #4250, #1398, #3183 ) ) ;
#1889 = CARTESIAN_POINT ( 'NONE',  ( -12.76054758770813358, 13.84008841947300894, -21.98351691631036786 ) ) ;
#1890 = EDGE_CURVE ( 'NONE', #3396, #2288, #939, .T. ) ;
#1891 = EDGE_CURVE ( 'NONE', #3294, #2904, #2746, .T. ) ;
#1892 = ORIENTED_EDGE ( 'NONE', *, *, #2254, .F. ) ;
#1893 = CARTESIAN_POINT ( 'NONE',  ( -2.204503888771100151, -15.89540595019171221, -14.73069832689051317 ) ) ;
#1894 = DIRECTION ( 'NONE',  ( -0.7218293686107689622, -0.3097661803695453964, -0.6188758163882644991 ) ) ;
#1895 = ADVANCED_FACE ( 'NONE', ( #2415 ), #3901, .F. ) ;
#1896 = EDGE_CURVE ( 'NONE', #522, #983, #3725, .T. ) ;
#1897 = ORIENTED_EDGE ( 'NONE', *, *, #789, .F. ) ;
#1898 = ADVANCED_FACE ( 'NONE', ( #1784 ), #1857, .T. ) ;
#1899 = VERTEX_POINT ( 'NONE', #3323 ) ;
#1900 = CARTESIAN_POINT ( 'NONE',  ( -7.816283842434214257, -14.07956109689502533, -26.66988313713983061 ) ) ;
#1901 = DIRECTION ( 'NONE',  ( 0.05862997223466307611, 0.4709360439721143599, 0.8802168873883626787 ) ) ;
#1902 = CARTESIAN_POINT ( 'NONE',  ( -8.649929853099902033, -13.67426579730120650, -15.20008345352074208 ) ) ;
#1903 = CARTESIAN_POINT ( 'NONE',  ( -19.71917528031042721, -12.32275000634627737, -5.296317179196861957 ) ) ;
#1904 = ORIENTED_EDGE ( 'NONE', *, *, #4423, .F. ) ;
#1905 = CARTESIAN_POINT ( 'NONE',  ( -12.27865885130359835, -12.90091408951031937, -12.06938454654369508 ) ) ;
#1906 = PLANE ( 'NONE',  #680 ) ;
#1907 = VECTOR ( 'NONE', #39, 1000.000000000000114 ) ;
#1908 = DIRECTION ( 'NONE',  ( -0.2593423818113964607, -0.4506628343277029325, -0.8541923312416901393 ) ) ;
#1909 = CARTESIAN_POINT ( 'NONE',  ( -19.60120374427295786, 2.293915001910390661, -15.49691581554802511 ) ) ;
#1910 = CARTESIAN_POINT ( 'NONE',  ( -19.45671171488825379, -8.992575055053103839, -8.885130032312206438 ) ) ;
#1911 = AXIS2_PLACEMENT_3D ( 'NONE', #43, #2903, #4028 ) ;
#1912 = CARTESIAN_POINT ( 'NONE',  ( -2.149263951160980124, -14.13414421022352307, -15.67669284728534862 ) ) ;
#1913 = ORIENTED_EDGE ( 'NONE', *, *, #3717, .T. ) ;
#1914 = VECTOR ( 'NONE', #4069, 1000.000000000000114 ) ;
#1915 = VECTOR ( 'NONE', #1961, 1000.000000000000114 ) ;
#1916 = ORIENTED_EDGE ( 'NONE', *, *, #4097, .F. ) ;
#1917 = DIRECTION ( 'NONE',  ( -0.02761996880506010360, -0.8806308699840951215, 0.4729972601974172797 ) ) ;
#1918 = AXIS2_PLACEMENT_3D ( 'NONE', #1383, #3114, #1452 ) ;
#1919 = AXIS2_PLACEMENT_3D ( 'NONE', #2696, #4153, #4194 ) ;
#1920 = CARTESIAN_POINT ( 'NONE',  ( -12.45057487060053170, 8.522880853392843292, -29.69801337344266656 ) ) ;
#1921 = EDGE_LOOP ( 'NONE', ( #2648, #453, #2490, #315 ) ) ;
#1922 = AXIS2_PLACEMENT_3D ( 'NONE', #2892, #1786, #4686 ) ;
#1923 = AXIS2_PLACEMENT_3D ( 'NONE', #3530, #2733, #899 ) ;
#1924 = ORIENTED_EDGE ( 'NONE', *, *, #2223, .F. ) ;
#1925 = CARTESIAN_POINT ( 'NONE',  ( -12.40384158522098801, 8.278543904672289955, -29.09310476986242477 ) ) ;
#1926 = ADVANCED_FACE ( 'NONE', ( #2562 ), #1492, .T. ) ;
#1927 = EDGE_CURVE ( 'NONE', #3055, #1660, #2300, .T. ) ;
#1928 = CARTESIAN_POINT ( 'NONE',  ( -13.16227822644896683, -14.49010448212968249, -16.94284294845635230 ) ) ;
#1929 = AXIS2_PLACEMENT_3D ( 'NONE', #1817, #384, #4717 ) ;
#1930 = VECTOR ( 'NONE', #3804, 1000.000000000000227 ) ;
#1931 = DIRECTION ( 'NONE',  ( -0.9948500600418255235, 0.07037895403468666378, 0.07293943284506579361 ) ) ;
#1932 = ORIENTED_EDGE ( 'NONE', *, *, #2494, .T. ) ;
#1933 = ORIENTED_EDGE ( 'NONE', *, *, #2260, .T. ) ;
#1934 = VECTOR ( 'NONE', #4248, 1000.000000000000114 ) ;
#1935 = FACE_OUTER_BOUND ( 'NONE', #4342, .T. ) ;
#1936 = LINE ( 'NONE', #3088, #1065 ) ;
#1937 = CARTESIAN_POINT ( 'NONE',  ( -1.595976709380515057, 9.316591086070530991, -30.75770366523887134 ) ) ;
#1938 = DIRECTION ( 'NONE',  ( -0.6641625243868697348, 0.3698022965487173797, 0.6497187104180972561 ) ) ;
#1939 = ADVANCED_FACE ( 'NONE', ( #3231 ), #2606, .T. ) ;
#1940 = ORIENTED_EDGE ( 'NONE', *, *, #130, .F. ) ;
#1941 = MANIFOLD_SOLID_BREP ( 'Chamfer1', #1664 ) ;
#1942 = FACE_OUTER_BOUND ( 'NONE', #2021, .T. ) ;
#1943 = EDGE_LOOP ( 'NONE', ( #4639, #3737, #820, #1239, #2942, #1750, #3678, #917 ) ) ;
#1944 = EDGE_LOOP ( 'NONE', ( #1411, #2238, #1273, #1413, #1679, #3912 ) ) ;
#1945 = CARTESIAN_POINT ( 'NONE',  ( 22.74194950419543204, 16.52499008363861321, -18.84565790996082058 ) ) ;
#1946 = DIRECTION ( 'NONE',  ( -0.7218293686107690732, -0.3097661803695454519, -0.6188758163882644991 ) ) ;
#1947 = ORIENTED_EDGE ( 'NONE', *, *, #552, .T. ) ;
#1948 = FACE_BOUND ( 'NONE', #2170, .T. ) ;
#1949 = CARTESIAN_POINT ( 'NONE',  ( -19.33571815488097201, -6.690364438699268668, -16.35210283311821655 ) ) ;
#1950 = CARTESIAN_POINT ( 'NONE',  ( -14.61448241843595852, -16.06346410351439147, -15.76825278846276746 ) ) ;
#1951 = ORIENTED_EDGE ( 'NONE', *, *, #3097, .F. ) ;
#1952 = VERTEX_POINT ( 'NONE', #4703 ) ;
#1953 = EDGE_CURVE ( 'NONE', #4524, #2026, #3589, .T. ) ;
#1954 = EDGE_CURVE ( 'NONE', #1503, #4401, #1419, .T. ) ;
#1955 = LINE ( 'NONE', #868, #525 ) ;
#1956 = CARTESIAN_POINT ( 'NONE',  ( 13.33895032604589126, 10.39331321779641470, -23.65259492736889513 ) ) ;
#1957 = DIRECTION ( 'NONE',  ( 0.6992911315723374654, 0.000000000000000000, 0.7148369837272550154 ) ) ;
#1958 = CYLINDRICAL_SURFACE ( 'NONE', #2303, 11.26368810438061274 ) ;
#1959 = ORIENTED_EDGE ( 'NONE', *, *, #3282, .F. ) ;
#1960 = EDGE_CURVE ( 'NONE', #4539, #650, #4345, .T. ) ;
#1961 = DIRECTION ( 'NONE',  ( 0.2593423818113965162, 0.4506628343277029325, 0.8541923312416901393 ) ) ;
#1962 = VERTEX_POINT ( 'NONE', #1056 ) ;
#1963 =( BOUNDED_SURFACE ( )  B_SPLINE_SURFACE ( 3, 2, ( 
 ( #1137, #806, #737 ),
 ( #2273, #4288, #4646 ),
 ( #2480, #4428, #2204 ),
 ( #3306, #3941, #18 ),
 ( #4072, #1864, #2952 ),
 ( #287, #1746, #1499 ),
 ( #4406, #758, #2228 ),
 ( #3691, #405, #3330 ),
 ( #3350, #785, #2252 ),
 ( #61, #1976, #1183 ) ),
 .UNSPECIFIED., .F., .F., .T. ) 
 B_SPLINE_SURFACE_WITH_KNOTS ( ( 4, 2, 2, 2, 4 ),
 ( 3, 3 ),
 ( 4.712388980384689674, 5.105088062083414258, 5.497787143782138841, 5.890486225480863425, 6.283185307179587120 ),
 ( 0.000000000000000000, 1.000000000000000000 ),
 .UNSPECIFIED. ) 
 GEOMETRIC_REPRESENTATION_ITEM ( )  RATIONAL_B_SPLINE_SURFACE ( (
 ( 1.000000000000000000, 0.7071067811865481278, 1.000000000000000000),
 ( 1.000000000000000000, 0.7385479417973606076, 1.000000000000000000),
 ( 1.000000000000000000, 0.7678082599891484783, 1.000000000000000000),
 ( 1.000000000000000000, 0.8195377410010700192, 1.000000000000000000),
 ( 1.000000000000000000, 0.8420008541294590199, 1.000000000000000000),
 ( 1.000000000000000000, 0.8785281383612100203, 1.000000000000000000),
 ( 1.000000000000000000, 0.8925972021204723328, 1.000000000000000000),
 ( 1.000000000000000000, 0.9114504437100697798, 1.000000000000000000),
 ( 1.000000000000000000, 0.9162454825458584695, 1.000000000000000000),
 ( 1.000000000000000000, 0.9162363459640527896, 1.000000000000000000) ) ) 
 REPRESENTATION_ITEM ( '' )  SURFACE ( )  );
#1964 = VERTEX_POINT ( 'NONE', #2583 ) ;
#1965 = CYLINDRICAL_SURFACE ( 'NONE', #1079, 0.5000000000000011102 ) ;
#1966 = CARTESIAN_POINT ( 'NONE',  ( 22.33466331991324694, 9.335154645375419946, -31.57560989748298752 ) ) ;
#1967 = VERTEX_POINT ( 'NONE', #749 ) ;
#1968 = VERTEX_POINT ( 'NONE', #418 ) ;
#1969 = CARTESIAN_POINT ( 'NONE',  ( 6.491232847932824512, -17.11525918041301253, -17.55114687118251027 ) ) ;
#1970 = CARTESIAN_POINT ( 'NONE',  ( -10.76350403428864588, -13.78223184421882230, -15.52451469169190901 ) ) ;
#1971 = DIRECTION ( 'NONE',  ( -0.6508913630218420288, 0.000000000000000000, 0.7591708856005797701 ) ) ;
#1972 = EDGE_LOOP ( 'NONE', ( #1125, #4198, #4278, #2716 ) ) ;
#1973 = ORIENTED_EDGE ( 'NONE', *, *, #4680, .F. ) ;
#1974 = DIRECTION ( 'NONE',  ( 0.6508913630218420288, 0.000000000000000000, -0.7591708856005798811 ) ) ;
#1975 = FACE_OUTER_BOUND ( 'NONE', #4614, .T. ) ;
#1976 = CARTESIAN_POINT ( 'NONE',  ( 6.483901916822188305, -16.02858625936045911, -18.69966253067531170 ) ) ;
#1977 = DIRECTION ( 'NONE',  ( 0.6992911315723375765, 0.000000000000000000, 0.7148369837272547933 ) ) ;
#1978 = EDGE_LOOP ( 'NONE', ( #580, #4086, #214, #959 ) ) ;
#1979 = CIRCLE ( 'NONE', #2367, 11.31869210692803662 ) ;
#1980 = CARTESIAN_POINT ( 'NONE',  ( 17.14060254766158309, 39.76573610951675875, -35.19154922250488937 ) ) ;
#1981 = EDGE_CURVE ( 'NONE', #3415, #3066, #2245, .T. ) ;
#1982 = CIRCLE ( 'NONE', #3216, 0.5000000000000011102 ) ;
#1983 = EDGE_CURVE ( 'NONE', #4031, #666, #2717, .T. ) ;
#1984 = AXIS2_PLACEMENT_3D ( 'NONE', #4387, #2621, #2206 ) ;
#1985 = CARTESIAN_POINT ( 'NONE',  ( -19.09592318624541818, 2.510751328169071872, -15.06370274407623988 ) ) ;
#1986 = EDGE_LOOP ( 'NONE', ( #3467, #3422, #353, #2036, #3815 ) ) ;
#1987 = FACE_OUTER_BOUND ( 'NONE', #2815, .T. ) ;
#1988 = DIRECTION ( 'NONE',  ( -0.7470778262826895944, -0.2962018438469777859, -0.5950959495563570290 ) ) ;
#1989 = VECTOR ( 'NONE', #3329, 1000.000000000000114 ) ;
#1990 = ORIENTED_EDGE ( 'NONE', *, *, #2454, .T. ) ;
#1991 = CIRCLE ( 'NONE', #3686, 0.4999999999999994449 ) ;
#1992 = CARTESIAN_POINT ( 'NONE',  ( 5.255557876227319625, 7.066721478222162567, -30.31809320888186932 ) ) ;
#1993 = DIRECTION ( 'NONE',  ( -0.02761996880506512736, -0.8806308699840950105, 0.4729972601974172797 ) ) ;
#1994 = LINE ( 'NONE', #4632, #2771 ) ;
#1995 = ORIENTED_EDGE ( 'NONE', *, *, #3040, .F. ) ;
#1996 = VECTOR ( 'NONE', #544, 1000.000000000000227 ) ;
#1997 = VERTEX_POINT ( 'NONE', #75 ) ;
#1998 = LINE ( 'NONE', #176, #2369 ) ;
#1999 = CARTESIAN_POINT ( 'NONE',  ( -11.59003784066638509, -6.271337462439694477, -18.82394487869014199 ) ) ;
#2000 = CIRCLE ( 'NONE', #86, 1.000000000000000888 ) ;
#2001 = VECTOR ( 'NONE', #2698, 1000.000000000000000 ) ;
#2002 = CARTESIAN_POINT ( 'NONE',  ( 15.59584095924671665, -9.487206611930771416, -8.737210908966376977 ) ) ;
#2003 = CARTESIAN_POINT ( 'NONE',  ( 16.03263763101901063, -6.333377622998383139, -10.85534172587862933 ) ) ;
#2004 = ORIENTED_EDGE ( 'NONE', *, *, #4390, .F. ) ;
#2005 = VECTOR ( 'NONE', #1676, 1000.000000000000114 ) ;
#2006 = DIRECTION ( 'NONE',  ( -0.07312074838872203997, -1.214306433183766386E-14, -0.9973230951677962697 ) ) ;
#2007 = DIRECTION ( 'NONE',  ( -0.9948500600418255235, 0.07037895403468677480, 0.07293943284506475278 ) ) ;
#2008 = CARTESIAN_POINT ( 'NONE',  ( -18.60541537164374759, 1.777651033937272862, -16.39995348492241334 ) ) ;
#2009 = EDGE_CURVE ( 'NONE', #983, #2560, #2117, .T. ) ;
#2010 = EDGE_CURVE ( 'NONE', #2118, #2940, #1511, .T. ) ;
#2011 = CARTESIAN_POINT ( 'NONE',  ( -14.85667655123350883, -12.12369130423333274, -9.451522429113751400 ) ) ;
#2012 = ORIENTED_EDGE ( 'NONE', *, *, #886, .F. ) ;
#2013 = LINE ( 'NONE', #3174, #2925 ) ;
#2014 = DIRECTION ( 'NONE',  ( 8.673617379884029161E-15, -0.4731777794655594449, -0.8809669625020241090 ) ) ;
#2015 = EDGE_CURVE ( 'NONE', #1899, #1711, #4089, .T. ) ;
#2016 = ORIENTED_EDGE ( 'NONE', *, *, #3693, .F. ) ;
#2017 = CARTESIAN_POINT ( 'NONE',  ( -18.60541537164374759, 1.777651033937272862, -16.39995348492241334 ) ) ;
#2018 = CARTESIAN_POINT ( 'NONE',  ( -6.862706926386277217, 8.969987960286823991, -27.48220125988270013 ) ) ;
#2019 = CARTESIAN_POINT ( 'NONE',  ( 9.586332797654154803, 10.27756640762958718, -30.00691797768030611 ) ) ;
#2020 = ORIENTED_EDGE ( 'NONE', *, *, #1299, .T. ) ;
#2021 = EDGE_LOOP ( 'NONE', ( #278, #672, #1637, #3176 ) ) ;
#2022 = CARTESIAN_POINT ( 'NONE',  ( -18.79666832222141792, 17.09032105112250122, -21.09442566979059563 ) ) ;
#2023 = CARTESIAN_POINT ( 'NONE',  ( -0.5185915104542698773, -4.024632023766631761, 1.760591314520418171 ) ) ;
#2024 = DIRECTION ( 'NONE',  ( 0.7218293686107699614, 0.3097661803695451188, 0.6188758163882634999 ) ) ;
#2025 = CARTESIAN_POINT ( 'NONE',  ( 9.126813971056987995, -15.48787592244110201, -16.14548855216119350 ) ) ;
#2026 = VERTEX_POINT ( 'NONE', #1576 ) ;
#2027 = CARTESIAN_POINT ( 'NONE',  ( -14.22926277936060124, 9.507058635901403321, -30.02564386807074825 ) ) ;
#2028 = CARTESIAN_POINT ( 'NONE',  ( -11.57614354981960503, 11.98227855244813966, -28.54441842697863763 ) ) ;
#2029 = CARTESIAN_POINT ( 'NONE',  ( 24.64114737440101166, -13.06959513538298445, -6.210622999152226598 ) ) ;
#2030 = PLANE ( 'NONE',  #683 ) ;
#2031 = ORIENTED_EDGE ( 'NONE', *, *, #1249, .F. ) ;
#2032 = LINE ( 'NONE', #3714, #3535 ) ;
#2033 = DIRECTION ( 'NONE',  ( 0.6230553284272418724, 0.000000000000000000, -0.7821777660598782100 ) ) ;
#2034 = EDGE_CURVE ( 'NONE', #4178, #1172, #3392, .T. ) ;
#2035 = ADVANCED_FACE ( 'NONE', ( #3364 ), #861, .T. ) ;
#2036 = ORIENTED_EDGE ( 'NONE', *, *, #3196, .F. ) ;
#2037 = FACE_OUTER_BOUND ( 'NONE', #3992, .T. ) ;
#2038 = CARTESIAN_POINT ( 'NONE',  ( -7.421077816641489022, -1.478872487389659929, -33.43786208500986135 ) ) ;
#2039 = EDGE_CURVE ( 'NONE', #4056, #2581, #2766, .T. ) ;
#2040 = EDGE_CURVE ( 'NONE', #4057, #3764, #1991, .T. ) ;
#2041 = CARTESIAN_POINT ( 'NONE',  ( -17.49443501932186962, -10.00991245420297382, -10.66463441551087143 ) ) ;
#2042 = ORIENTED_EDGE ( 'NONE', *, *, #1128, .F. ) ;
#2043 = ADVANCED_FACE ( 'NONE', ( #2652 ), #4109, .T. ) ;
#2044 = ORIENTED_EDGE ( 'NONE', *, *, #3799, .T. ) ;
#2045 = ORIENTED_EDGE ( 'NONE', *, *, #21, .F. ) ;
#2046 = PLANE ( 'NONE',  #1367 ) ;
#2047 = CARTESIAN_POINT ( 'NONE',  ( -9.418166518273427101, 8.992576061074187166, -27.58936876301304508 ) ) ;
#2048 = DIRECTION ( 'NONE',  ( 0.9948500600418256345, -0.07037895403468660827, -0.07293943284506483604 ) ) ;
#2049 = ADVANCED_FACE ( 'NONE', ( #818 ), #2231, .T. ) ;
#2050 = LINE ( 'NONE', #3110, #3459 ) ;
#2051 = VERTEX_POINT ( 'NONE', #3707 ) ;
#2052 = ORIENTED_EDGE ( 'NONE', *, *, #1983, .T. ) ;
#2053 = CARTESIAN_POINT ( 'NONE',  ( -14.10544625179621647, 9.514408445882649445, -30.04331794285547019 ) ) ;
#2054 = CARTESIAN_POINT ( 'NONE',  ( 23.01221710433448209, 25.14216099787076075, -23.47404236934083244 ) ) ;
#2055 = AXIS2_PLACEMENT_3D ( 'NONE', #401, #371, #1444 ) ;
#2056 = DIRECTION ( 'NONE',  ( 0.02761996880505845214, 0.8806308699840961207, -0.4729972601974156143 ) ) ;
#2057 = ORIENTED_EDGE ( 'NONE', *, *, #2278, .T. ) ;
#2058 = VECTOR ( 'NONE', #3754, 1000.000000000000000 ) ;
#2059 = LINE ( 'NONE', #1704, #4220 ) ;
#2060 = DIRECTION ( 'NONE',  ( 0.02761996880505330348, 0.8806308699840962317, -0.4729972601974158364 ) ) ;
#2061 = VECTOR ( 'NONE', #380, 1000.000000000000114 ) ;
#2062 = ORIENTED_EDGE ( 'NONE', *, *, #517, .T. ) ;
#2063 = LINE ( 'NONE', #2737, #2537 ) ;
#2064 = AXIS2_PLACEMENT_3D ( 'NONE', #4616, #2463, #4656 ) ;
#2065 = CARTESIAN_POINT ( 'NONE',  ( 21.08813806922048784, 8.793320509516275862, -32.55498976420232538 ) ) ;
#2066 = DIRECTION ( 'NONE',  ( 0.6956610734545393138, -0.3567285703321865786, -0.6235386098621578110 ) ) ;
#2067 = VERTEX_POINT ( 'NONE', #2284 ) ;
#2068 = PRESENTATION_LAYER_ASSIGNMENT (  '', '', ( #4670 ) ) ;
#2069 = EDGE_CURVE ( 'NONE', #1141, #4130, #4487, .T. ) ;
#2070 = ORIENTED_EDGE ( 'NONE', *, *, #2989, .T. ) ;
#2071 = PLANE ( 'NONE',  #979 ) ;
#2072 = EDGE_CURVE ( 'NONE', #273, #2601, #842, .T. ) ;
#2073 = PLANE ( 'NONE',  #2916 ) ;
#2074 = CARTESIAN_POINT ( 'NONE',  ( 14.34755307095396404, -12.30202528997832623, -12.78225314247173827 ) ) ;
#2075 = CIRCLE ( 'NONE', #3454, 1.999999999999999334 ) ;
#2076 = VECTOR ( 'NONE', #361, 1000.000000000000000 ) ;
#2077 = CARTESIAN_POINT ( 'NONE',  ( -13.85397821676592045, 9.504747003096012392, -30.06609228144375123 ) ) ;
#2078 = ORIENTED_EDGE ( 'NONE', *, *, #4737, .F. ) ;
#2079 = CARTESIAN_POINT ( 'NONE',  ( 16.96669765498277016, -9.814133096877966977, -0.5977103488454347247 ) ) ;
#2080 = AXIS2_PLACEMENT_3D ( 'NONE', #4421, #4091, #3325 ) ;
#2081 = VECTOR ( 'NONE', #4488, 1000.000000000000227 ) ;
#2082 = DIRECTION ( 'NONE',  ( -0.7470778262826884841, -0.2962018438469783965, -0.5950959495563581392 ) ) ;
#2083 = DIRECTION ( 'NONE',  ( 0.6641625243868698458, -0.3698022965487173797, -0.6497187104180970341 ) ) ;
#2084 = EDGE_CURVE ( 'NONE', #2886, #2189, #1152, .T. ) ;
#2085 = CARTESIAN_POINT ( 'NONE',  ( 8.766385599355647429, -15.86550492148579217, -15.96516503295267952 ) ) ;
#2086 = AXIS2_PLACEMENT_3D ( 'NONE', #2351, #1874, #1148 ) ;
#2087 = LINE ( 'NONE', #4625, #2995 ) ;
#2088 = ORIENTED_EDGE ( 'NONE', *, *, #347, .T. ) ;
#2089 = CARTESIAN_POINT ( 'NONE',  ( 16.22302293318498556, -13.67390959784482973, -5.713128162447454805 ) ) ;
#2090 = DIRECTION ( 'NONE',  ( -0.7470778262826883731, -0.2962018438469783965, -0.5950959495563581392 ) ) ;
#2091 = ORIENTED_EDGE ( 'NONE', *, *, #190, .T. ) ;
#2092 = CARTESIAN_POINT ( 'NONE',  ( 20.21345474964565625, -19.06024816592091398, -17.62262720394759086 ) ) ;
#2093 = CARTESIAN_POINT ( 'NONE',  ( -12.29317570695388184, -16.57341678408323560, -12.77661950579332562 ) ) ;
#2094 = EDGE_LOOP ( 'NONE', ( #149, #3390, #854, #2276, #127 ) ) ;
#2095 = ORIENTED_EDGE ( 'NONE', *, *, #3255, .T. ) ;
#2096 = CARTESIAN_POINT ( 'NONE',  ( -9.270761696916954619, 14.88762598611323185, -24.63917353340012895 ) ) ;
#2097 = CARTESIAN_POINT ( 'NONE',  ( -9.787985656467206752, 8.963716961341019029, -27.66469395020446598 ) ) ;
#2098 = DIRECTION ( 'NONE',  ( -0.07312074838872247018, 0.000000000000000000, -0.9973230951677961587 ) ) ;
#2099 = DIRECTION ( 'NONE',  ( 0.7470778262826888172, 0.2962018438469778969, 0.5950959495563578061 ) ) ;
#2100 = ORIENTED_EDGE ( 'NONE', *, *, #3405, .T. ) ;
#2101 = EDGE_CURVE ( 'NONE', #1264, #3199, #54, .T. ) ;
#2102 = VERTEX_POINT ( 'NONE', #1604 ) ;
#2103 = ADVANCED_FACE ( 'NONE', ( #1948, #3411, #118 ), #3052, .F. ) ;
#2104 = CARTESIAN_POINT ( 'NONE',  ( 6.315156189472914683, -15.77892574481323429, -18.24469582682758784 ) ) ;
#2105 = DIRECTION ( 'NONE',  ( -0.02761996880506017646, -0.8806308699840952325, 0.4729972601974170021 ) ) ;
#2106 = CARTESIAN_POINT ( 'NONE',  ( 8.867049317851856571, -15.76995848320988181, -16.02189895073616555 ) ) ;
#2107 = EDGE_CURVE ( 'NONE', #199, #3259, #598, .T. ) ;
#2108 = CYLINDRICAL_SURFACE ( 'NONE', #3292, 1.000000000000000222 ) ;
#2109 = ORIENTED_EDGE ( 'NONE', *, *, #2130, .F. ) ;
#2110 = CARTESIAN_POINT ( 'NONE',  ( 21.15682078108234165, 9.861592313885063632, -32.21991834573019275 ) ) ;
#2111 = DIRECTION ( 'NONE',  ( 0.6717662746973364074, 0.000000000000000000, 0.7407631687518371200 ) ) ;
#2112 = VERTEX_POINT ( 'NONE', #1286 ) ;
#2113 = DIRECTION ( 'NONE',  ( -0.07312074838872235916, 0.000000000000000000, -0.9973230951677963807 ) ) ;
#2114 = DIRECTION ( 'NONE',  ( 0.000000000000000000, 0.4731777794655614433, 0.8809669625020227768 ) ) ;
#2115 = ORIENTED_EDGE ( 'NONE', *, *, #2718, .F. ) ;
#2116 = ORIENTED_EDGE ( 'NONE', *, *, #3170, .T. ) ;
#2117 = B_SPLINE_CURVE_WITH_KNOTS ( 'NONE', 3,
 ( #3433, #1925, #2266, #4468 ),
 .UNSPECIFIED., .F., .F.,
 ( 4, 4 ),
 ( 0.000000000000000000, 1.000000000000000000 ),
 .UNSPECIFIED. ) ;
#2118 = VERTEX_POINT ( 'NONE', #3891 ) ;
#2119 = CARTESIAN_POINT ( 'NONE',  ( 7.152263156370236352, 7.112171191748193344, -31.12245945777120326 ) ) ;
#2120 = LINE ( 'NONE', #3854, #4448 ) ;
#2121 = CARTESIAN_POINT ( 'NONE',  ( -14.47713216141708514, 11.63608349976808398, -30.99694498666885067 ) ) ;
#2122 = DIRECTION ( 'NONE',  ( -0.02761996880506026666, -0.8806308699840952325, 0.4729972601974169466 ) ) ;
#2123 = ORIENTED_EDGE ( 'NONE', *, *, #3421, .T. ) ;
#2124 = ORIENTED_EDGE ( 'NONE', *, *, #3128, .F. ) ;
#2125 = CARTESIAN_POINT ( 'NONE',  ( 16.09576239461830482, 6.452212134781351693, -17.29846131853962632 ) ) ;
#2126 = CARTESIAN_POINT ( 'NONE',  ( 18.24569793541627760, 14.37981037708246745, -17.84673322675323703 ) ) ;
#2127 = CARTESIAN_POINT ( 'NONE',  ( -11.52368042333961107, 12.24123091047678180, -28.57668945199682398 ) ) ;
#2128 = DIRECTION ( 'NONE',  ( 0.02761996880506054769, 0.8806308699840946774, -0.4729972601974180568 ) ) ;
#2129 = DIRECTION ( 'NONE',  ( -0.02761996880506053728, -0.8806308699840952325, 0.4729972601974170576 ) ) ;
#2130 = EDGE_CURVE ( 'NONE', #4251, #2993, #3506, .T. ) ;
#2131 = ORIENTED_EDGE ( 'NONE', *, *, #2254, .T. ) ;
#2132 = EDGE_CURVE ( 'NONE', #3529, #3700, #216, .T. ) ;
#2133 = EDGE_CURVE ( 'NONE', #4145, #4200, #628, .T. ) ;
#2134 = DIRECTION ( 'NONE',  ( 0.000000000000000000, 0.4731777794655587233, 0.8809669625020244421 ) ) ;
#2135 = AXIS2_PLACEMENT_3D ( 'NONE', #2994, #4043, #781 ) ;
#2136 = ORIENTED_EDGE ( 'NONE', *, *, #3694, .F. ) ;
#2137 = FACE_OUTER_BOUND ( 'NONE', #4292, .T. ) ;
#2138 = CYLINDRICAL_SURFACE ( 'NONE', #4385, 0.9999999999999997780 ) ;
#2139 = VECTOR ( 'NONE', #606, 1000.000000000000114 ) ;
#2140 = EDGE_CURVE ( 'NONE', #3313, #3226, #3121, .T. ) ;
#2141 = ORIENTED_EDGE ( 'NONE', *, *, #4582, .T. ) ;
#2142 = EDGE_LOOP ( 'NONE', ( #897, #409, #3585, #990 ) ) ;
#2143 = CARTESIAN_POINT ( 'NONE',  ( 7.196497111992736784, 6.691690186229195092, -30.90299184376866037 ) ) ;
#2144 = AXIS2_PLACEMENT_3D ( 'NONE', #1804, #3641, #1418 ) ;
#2145 = CARTESIAN_POINT ( 'NONE',  ( -0.8921304235956141193, -4.172732945690120765, 1.463043339742239102 ) ) ;
#2146 = DIRECTION ( 'NONE',  ( 0.7218293686107685181, 0.3097661803695458405, 0.6188758163882648322 ) ) ;
#2147 = ORIENTED_EDGE ( 'NONE', *, *, #4305, .T. ) ;
#2148 = VECTOR ( 'NONE', #3975, 1000.000000000000227 ) ;
#2149 = ORIENTED_EDGE ( 'NONE', *, *, #2072, .F. ) ;
#2150 = FACE_OUTER_BOUND ( 'NONE', #2547, .T. ) ;
#2151 = DIRECTION ( 'NONE',  ( 0.000000000000000000, 0.4731777794655593894, 0.8809669625020239980 ) ) ;
#2152 = TOROIDAL_SURFACE ( 'NONE', #2, 1.500000000000000000, 0.5000000000000000000 ) ;
#2153 = DIRECTION ( 'NONE',  ( -0.7470778262826890392, -0.2962018438469778414, -0.5950959495563576951 ) ) ;
#2154 = VECTOR ( 'NONE', #179, 1000.000000000000114 ) ;
#2155 = VECTOR ( 'NONE', #2186, 1000.000000000000227 ) ;
#2156 = ORIENTED_EDGE ( 'NONE', *, *, #4676, .T. ) ;
#2157 = LINE ( 'NONE', #3213, #135 ) ;
#2158 = CYLINDRICAL_SURFACE ( 'NONE', #3137, 2.000000000000000000 ) ;
#2159 = VERTEX_POINT ( 'NONE', #2092 ) ;
#2160 = VECTOR ( 'NONE', #1295, 1000.000000000000114 ) ;
#2161 = DIRECTION ( 'NONE',  ( -0.02761996880505959706, -0.8806308699840954546, 0.4729972601974167246 ) ) ;
#2162 = LINE ( 'NONE', #2597, #4000 ) ;
#2163 = ADVANCED_FACE ( 'NONE', ( #1627 ), #3200, .T. ) ;
#2164 = ADVANCED_FACE ( 'NONE', ( #1365 ), #2152, .T. ) ;
#2165 = VECTOR ( 'NONE', #1487, 1000.000000000000114 ) ;
#2166 = ORIENTED_EDGE ( 'NONE', *, *, #432, .T. ) ;
#2167 = DIRECTION ( 'NONE',  ( 0.000000000000000000, -0.4731777794655594449, -0.8809669625020239980 ) ) ;
#2168 = DIRECTION ( 'NONE',  ( 0.9996184958889102745, -0.02433228002259738704, 0.01306915550808795956 ) ) ;
#2169 = EDGE_LOOP ( 'NONE', ( #3924, #3126, #1959, #769 ) ) ;
#2170 = EDGE_LOOP ( 'NONE', ( #3432, #3961, #746, #80, #2131, #3427 ) ) ;
#2171 = EDGE_CURVE ( 'NONE', #4401, #1801, #577, .T. ) ;
#2172 = ORIENTED_EDGE ( 'NONE', *, *, #46, .F. ) ;
#2173 = DIRECTION ( 'NONE',  ( -0.6717662746973364074, 0.000000000000000000, -0.7407631687518371200 ) ) ;
#2174 = CARTESIAN_POINT ( 'NONE',  ( -11.12606022339918432, 8.763735593048298966, -28.11515606080697438 ) ) ;
#2175 = DIRECTION ( 'NONE',  ( -0.6641625243868707340, 0.3698022965487178793, 0.6497187104180958128 ) ) ;
#2176 = LINE ( 'NONE', #3644, #3695 ) ;
#2177 = ORIENTED_EDGE ( 'NONE', *, *, #1449, .F. ) ;
#2178 = LINE ( 'NONE', #2588, #4731 ) ;
#2179 = LINE ( 'NONE', #1764, #1440 ) ;
#2180 = CARTESIAN_POINT ( 'NONE',  ( 5.718032006332530948, 7.237574052273275882, -31.03008132459977375 ) ) ;
#2181 = CARTESIAN_POINT ( 'NONE',  ( -15.66259677350504553, 12.25068463526068996, -29.92189808930530148 ) ) ;
#2182 = ORIENTED_EDGE ( 'NONE', *, *, #1592, .F. ) ;
#2183 = DIRECTION ( 'NONE',  ( 0.000000000000000000, -0.4731777794655586677, -0.8809669625020243311 ) ) ;
#2184 =( BOUNDED_CURVE ( )  B_SPLINE_CURVE ( 3, ( #2927, #1766, #1479, #1865 ),
 .UNSPECIFIED., .F., .T. ) 
 B_SPLINE_CURVE_WITH_KNOTS ( ( 4, 4 ),
 ( 4.712388980384687898, 5.885617809866178440 ),
 .UNSPECIFIED. ) 
 CURVE ( )  GEOMETRIC_REPRESENTATION_ITEM ( )  RATIONAL_B_SPLINE_CURVE ( ( 1.000000000000000000, 0.8885463473235879484, 0.8885463473235879484, 1.000000000000000000 ) ) 
 REPRESENTATION_ITEM ( '' )  );
#2185 = ORIENTED_EDGE ( 'NONE', *, *, #3360, .T. ) ;
#2186 = DIRECTION ( 'NONE',  ( -0.02761996880506090504, -0.8806308699840953436, 0.4729972601974168356 ) ) ;
#2187 = EDGE_CURVE ( 'NONE', #386, #2312, #2063, .T. ) ;
#2188 = CARTESIAN_POINT ( 'NONE',  ( 23.30129411984555077, 11.57950610364064481, -28.89626653156555491 ) ) ;
#2189 = VERTEX_POINT ( 'NONE', #1340 ) ;
#2190 = ORIENTED_EDGE ( 'NONE', *, *, #2140, .T. ) ;
#2191 = ORIENTED_EDGE ( 'NONE', *, *, #4180, .F. ) ;
#2192 = FACE_OUTER_BOUND ( 'NONE', #587, .T. ) ;
#2193 = DIRECTION ( 'NONE',  ( 0.000000000000000000, 0.4731777794655587788, 0.8809669625020242201 ) ) ;
#2194 = EDGE_CURVE ( 'NONE', #1553, #219, #904, .T. ) ;
#2195 = ADVANCED_FACE ( 'NONE', ( #2835 ), #2380, .T. ) ;
#2196 = DIRECTION ( 'NONE',  ( -0.02761996880505975319, -0.8806308699840954546, 0.4729972601974167246 ) ) ;
#2197 = DIRECTION ( 'NONE',  ( 0.7218293686107699614, 0.3097661803695451188, 0.6188758163882633889 ) ) ;
#2198 = ADVANCED_FACE ( 'NONE', ( #2037 ), #3462, .T. ) ;
#2199 = DIRECTION ( 'NONE',  ( -0.02761996880506011401, -0.8806308699840951215, 0.4729972601974173352 ) ) ;
#2200 = ORIENTED_EDGE ( 'NONE', *, *, #2870, .F. ) ;
#2201 = DIRECTION ( 'NONE',  ( 0.2182850434275869778, 0.000000000000000000, 0.9758850546123843950 ) ) ;
#2202 = CARTESIAN_POINT ( 'NONE',  ( 19.37091641199670633, -10.97656847016763493, -6.638489582574067960 ) ) ;
#2203 = CARTESIAN_POINT ( 'NONE',  ( 12.74524316260907320, -5.927315110010803245, -10.29129310686246690 ) ) ;
#2204 = CARTESIAN_POINT ( 'NONE',  ( 4.847679752260782848, -17.43658697101369981, -17.29833506424168021 ) ) ;
#2205 = CARTESIAN_POINT ( 'NONE',  ( 15.56772386394819563, -6.074516015414277881, -10.40053862858595757 ) ) ;
#2206 = DIRECTION ( 'NONE',  ( 0.000000000000000000, -0.4731777794655596114, -0.8809669625020237760 ) ) ;
#2207 = VERTEX_POINT ( 'NONE', #528 ) ;
#2208 = ORIENTED_EDGE ( 'NONE', *, *, #2072, .T. ) ;
#2209 = CARTESIAN_POINT ( 'NONE',  ( 16.30312084271990614, -11.12008007488306127, -7.084820217024202726 ) ) ;
#2210 = CYLINDRICAL_SURFACE ( 'NONE', #626, 4.200000000000000178 ) ;
#2211 = ORIENTED_EDGE ( 'NONE', *, *, #1330, .T. ) ;
#2212 =( BOUNDED_SURFACE ( )  B_SPLINE_SURFACE ( 3, 2, ( 
 ( #4659, #2850, #79 ),
 ( #3368, #100, #2968 ),
 ( #399, #1859, #4062 ),
 ( #1494, #2700, #1950 ) ),
 .UNSPECIFIED., .F., .F., .T. ) 
 B_SPLINE_SURFACE_WITH_KNOTS ( ( 4, 4 ),
 ( 3, 3 ),
 ( 1.379151354881598346, 1.570796326794897002 ),
 ( 0.000000000000000000, 1.000000000000000000 ),
 .UNSPECIFIED. ) 
 GEOMETRIC_REPRESENTATION_ITEM ( )  RATIONAL_B_SPLINE_SURFACE ( (
 ( 1.000000000000000000, 0.6618039517531504323, 1.000000000000000000),
 ( 1.000000000000000000, 0.6772309181342526241, 1.000000000000000000),
 ( 1.000000000000000000, 0.6924005261104887454, 1.000000000000000000),
 ( 1.000000000000000000, 0.7071067811865476838, 1.000000000000000000) ) ) 
 REPRESENTATION_ITEM ( '' )  SURFACE ( )  );
#2213 = VECTOR ( 'NONE', #3646, 1000.000000000000000 ) ;
#2214 = ORIENTED_EDGE ( 'NONE', *, *, #1960, .F. ) ;
#2215 = EDGE_LOOP ( 'NONE', ( #4409, #1044, #3057, #705 ) ) ;
#2216 = CARTESIAN_POINT ( 'NONE',  ( 20.00927505582991373, 9.376761104113853662, -17.57050372454835951 ) ) ;
#2217 = CARTESIAN_POINT ( 'NONE',  ( -11.03408483555501896, 8.784176830783254175, -28.07172760140194967 ) ) ;
#2218 = VECTOR ( 'NONE', #2582, 1000.000000000000227 ) ;
#2219 = CARTESIAN_POINT ( 'NONE',  ( 15.66739622352678829, -2.896577714738725717, -12.10744689234364202 ) ) ;
#2220 = CARTESIAN_POINT ( 'NONE',  ( 7.132707266102696231, 10.05115911698319664, -32.68589820992214356 ) ) ;
#2221 = ORIENTED_EDGE ( 'NONE', *, *, #132, .T. ) ;
#2222 = FACE_OUTER_BOUND ( 'NONE', #2874, .T. ) ;
#2223 = EDGE_CURVE ( 'NONE', #983, #3036, #4608, .T. ) ;
#2224 = VECTOR ( 'NONE', #182, 1000.000000000000114 ) ;
#2225 = EDGE_CURVE ( 'NONE', #4241, #477, #4553, .T. ) ;
#2226 = DIRECTION ( 'NONE',  ( 0.6915197032147283318, -0.3585166444257752993, -0.6271094926211022713 ) ) ;
#2227 = CARTESIAN_POINT ( 'NONE',  ( 21.10834173892960663, 9.472192021563769160, -32.94773843434390415 ) ) ;
#2228 = CARTESIAN_POINT ( 'NONE',  ( 6.320958414563026651, -16.80934577595627388, -18.03332353773737751 ) ) ;
#2229 = CIRCLE ( 'NONE', #1378, 11.31869210692803662 ) ;
#2230 = CARTESIAN_POINT ( 'NONE',  ( -17.51562299344481843, -11.24953371222384391, -10.01945353493364621 ) ) ;
#2231 = TOROIDAL_SURFACE ( 'NONE', #2921, 1.500000000000000000, 0.5000000000000000000 ) ;
#2232 = CARTESIAN_POINT ( 'NONE',  ( 15.60387029527515423, -4.922028715702150059, -11.01955319388958365 ) ) ;
#2233 = EDGE_LOOP ( 'NONE', ( #3874, #2214, #265, #2341 ) ) ;
#2234 = AXIS2_PLACEMENT_3D ( 'NONE', #62, #1938, #1977 ) ;
#2235 = B_SPLINE_CURVE_WITH_KNOTS ( 'NONE', 3,
 ( #4168, #1597, #3143, #2425 ),
 .UNSPECIFIED., .F., .F.,
 ( 4, 4 ),
 ( 0.0001486024859106729293, 0.0004036929479052750892 ),
 .UNSPECIFIED. ) ;
#2236 = AXIS2_PLACEMENT_3D ( 'NONE', #1893, #3357, #3009 ) ;
#2237 = AXIS2_PLACEMENT_3D ( 'NONE', #4020, #3298, #3970 ) ;
#2238 = ORIENTED_EDGE ( 'NONE', *, *, #2456, .F. ) ;
#2239 = AXIS2_PLACEMENT_3D ( 'NONE', #2799, #4637, #2098 ) ;
#2240 = LINE ( 'NONE', #1872, #1768 ) ;
#2241 = CARTESIAN_POINT ( 'NONE',  ( 16.13230999059760151, -3.155439322322832751, -12.56224998963631379 ) ) ;
#2242 = CIRCLE ( 'NONE', #3849, 2.000000000000000444 ) ;
#2243 = VERTEX_POINT ( 'NONE', #3919 ) ;
#2244 = CARTESIAN_POINT ( 'NONE',  ( 6.856823963881438999, -8.780677302411481477, -3.280899930261788278 ) ) ;
#2245 = LINE ( 'NONE', #3795, #1297 ) ;
#2246 = PLANE ( 'NONE',  #1462 ) ;
#2247 = CARTESIAN_POINT ( 'NONE',  ( 13.88406894076335796, -16.13709717928170662, -10.43569433155926518 ) ) ;
#2248 = ORIENTED_EDGE ( 'NONE', *, *, #2522, .F. ) ;
#2249 = FACE_OUTER_BOUND ( 'NONE', #290, .T. ) ;
#2250 = CARTESIAN_POINT ( 'NONE',  ( 13.93263960008566826, -15.74696098643454256, -9.706498786387085076 ) ) ;
#2251 = DIRECTION ( 'NONE',  ( -0.02761996880506026320, -0.8806308699840952325, 0.4729972601974170576 ) ) ;
#2252 = CARTESIAN_POINT ( 'NONE',  ( 6.640005257352910029, -16.19441707248837758, -18.44570246826742022 ) ) ;
#2253 = EDGE_CURVE ( 'NONE', #3313, #1952, #3487, .T. ) ;
#2254 = EDGE_CURVE ( 'NONE', #4707, #2393, #841, .T. ) ;
#2255 = CARTESIAN_POINT ( 'NONE',  ( -15.09710844370537508, -14.53302240512007337, -17.17539817270396441 ) ) ;
#2256 = DIRECTION ( 'NONE',  ( 0.02761996880506026320, 0.8806308699840952325, -0.4729972601974170021 ) ) ;
#2257 = ORIENTED_EDGE ( 'NONE', *, *, #3080, .T. ) ;
#2258 = EDGE_CURVE ( 'NONE', #2947, #867, #2430, .T. ) ;
#2259 = ORIENTED_EDGE ( 'NONE', *, *, #2931, .T. ) ;
#2260 = EDGE_CURVE ( 'NONE', #3593, #4112, #3674, .T. ) ;
#2261 = CARTESIAN_POINT ( 'NONE',  ( 21.02550953025478009, 5.842355176833191166, -30.19684343346833089 ) ) ;
#2262 = CARTESIAN_POINT ( 'NONE',  ( 21.10834173892960663, 9.472192021563769160, -32.94773843434390415 ) ) ;
#2263 = ORIENTED_EDGE ( 'NONE', *, *, #2405, .F. ) ;
#2264 = ORIENTED_EDGE ( 'NONE', *, *, #1449, .T. ) ;
#2265 = CARTESIAN_POINT ( 'NONE',  ( 14.85514655817468466, 13.66611007103423248, -25.50460727698081698 ) ) ;
#2266 = CARTESIAN_POINT ( 'NONE',  ( -12.44864655406726506, 8.263218844744562475, -29.16392213251403120 ) ) ;
#2267 = CARTESIAN_POINT ( 'NONE',  ( -10.55485798070751358, -13.76148306252085263, -15.47370083463283486 ) ) ;
#2268 = DIRECTION ( 'NONE',  ( 0.07312074838872351101, 0.000000000000000000, 0.9973230951677961587 ) ) ;
#2269 = ORIENTED_EDGE ( 'NONE', *, *, #637, .F. ) ;
#2270 = CARTESIAN_POINT ( 'NONE',  ( 7.083946381784465451, 10.05347462279238613, -32.68443449786779809 ) ) ;
#2271 = LINE ( 'NONE', #4132, #451 ) ;
#2272 = CARTESIAN_POINT ( 'NONE',  ( -12.44803498837543465, 9.402609346038284244, -29.84359480276797072 ) ) ;
#2273 = CARTESIAN_POINT ( 'NONE',  ( 4.458451100424734470, -17.20917642550970683, -17.84470416083210509 ) ) ;
#2274 = DIRECTION ( 'NONE',  ( 0.7218293686107690732, 0.3097661803695459515, 0.6188758163882641661 ) ) ;
#2275 = PLANE ( 'NONE',  #1144 ) ;
#2276 = ORIENTED_EDGE ( 'NONE', *, *, #863, .T. ) ;
#2277 = EDGE_CURVE ( 'NONE', #4482, #1738, #2339, .T. ) ;
#2278 = EDGE_CURVE ( 'NONE', #1823, #4546, #1103, .T. ) ;
#2279 = ORIENTED_EDGE ( 'NONE', *, *, #339, .T. ) ;
#2280 = FACE_OUTER_BOUND ( 'NONE', #2512, .T. ) ;
#2281 = CARTESIAN_POINT ( 'NONE',  ( 21.58015694514392990, -15.47449698643671745, -18.26645450039274010 ) ) ;
#2282 = VERTEX_POINT ( 'NONE', #291 ) ;
#2283 = ORIENTED_EDGE ( 'NONE', *, *, #1657, .F. ) ;
#2284 = CARTESIAN_POINT ( 'NONE',  ( -16.83838151914277859, 15.95423112694339984, -18.28550461695433071 ) ) ;
#2285 = DIRECTION ( 'NONE',  ( 0.000000000000000000, -0.4731777794655587233, -0.8809669625020244421 ) ) ;
#2286 = AXIS2_PLACEMENT_3D ( 'NONE', #1516, #2538, #4449 ) ;
#2287 = LINE ( 'NONE', #1880, #1772 ) ;
#2288 = VERTEX_POINT ( 'NONE', #1777 ) ;
#2289 = ORIENTED_EDGE ( 'NONE', *, *, #1546, .T. ) ;
#2290 = CARTESIAN_POINT ( 'NONE',  ( 19.49572742762662614, -6.997113096646750741, -8.775902149984135647 ) ) ;
#2291 = AXIS2_PLACEMENT_3D ( 'NONE', #804, #3733, #444 ) ;
#2292 = DIRECTION ( 'NONE',  ( 0.02761996880506026320, 0.8806308699840952325, -0.4729972601974170021 ) ) ;
#2293 = CARTESIAN_POINT ( 'NONE',  ( 21.48348705432623262, -18.55670503138105332, -16.61096408970178828 ) ) ;
#2294 = DIRECTION ( 'NONE',  ( 0.6992911315723369103, 0.000000000000000000, 0.7148369837272554594 ) ) ;
#2295 = VECTOR ( 'NONE', #2348, 1000.000000000000227 ) ;
#2296 = ORIENTED_EDGE ( 'NONE', *, *, #2492, .T. ) ;
#2297 = DIRECTION ( 'NONE',  ( 0.07312074838872222038, 0.000000000000000000, 0.9973230951677963807 ) ) ;
#2298 = ORIENTED_EDGE ( 'NONE', *, *, #3936, .F. ) ;
#2299 =( BOUNDED_CURVE ( )  B_SPLINE_CURVE ( 3, ( #4556, #2065, #3537, #3178 ),
 .UNSPECIFIED., .F., .T. ) 
 B_SPLINE_CURVE_WITH_KNOTS ( ( 4, 4 ),
 ( 5.958720530316949038, 6.283185307179586232 ),
 .UNSPECIFIED. ) 
 CURVE ( )  GEOMETRIC_REPRESENTATION_ITEM ( )  RATIONAL_B_SPLINE_CURVE ( ( 1.000000000000000000, 0.9912461090656311535, 0.9912461090656311535, 1.000000000000000000 ) ) 
 REPRESENTATION_ITEM ( '' )  );
#2300 = CIRCLE ( 'NONE', #1840, 11.31869210692803662 ) ;
#2301 = VERTEX_POINT ( 'NONE', #387 ) ;
#2302 = DIRECTION ( 'NONE',  ( 0.000000000000000000, -0.4731777794655615543, -0.8809669625020227768 ) ) ;
#2303 = AXIS2_PLACEMENT_3D ( 'NONE', #4073, #851, #3805 ) ;
#2304 = AXIS2_PLACEMENT_3D ( 'NONE', #2909, #2937, #2113 ) ;
#2305 = DIRECTION ( 'NONE',  ( 0.000000000000000000, -0.4731777794655597225, -0.8809669625020237760 ) ) ;
#2306 = EDGE_CURVE ( 'NONE', #113, #2622, #1799, .T. ) ;
#2307 = ADVANCED_FACE ( 'NONE', ( #2137 ), #1, .T. ) ;
#2308 = ORIENTED_EDGE ( 'NONE', *, *, #2693, .T. ) ;
#2309 = AXIS2_PLACEMENT_3D ( 'NONE', #145, #2739, #1629 ) ;
#2310 = AXIS2_PLACEMENT_3D ( 'NONE', #1785, #3618, #1827 ) ;
#2311 =( BOUNDED_CURVE ( )  B_SPLINE_CURVE ( 3, ( #4595, #2028, #3136, #2780 ),
 .UNSPECIFIED., .F., .F. ) 
 B_SPLINE_CURVE_WITH_KNOTS ( ( 4, 4 ),
 ( 5.944948002450102464, 6.283185307179586232 ),
 .UNSPECIFIED. ) 
 CURVE ( )  GEOMETRIC_REPRESENTATION_ITEM ( )  RATIONAL_B_SPLINE_CURVE ( ( 1.000000000000000000, 0.9904889950436125412, 0.9904889950436125412, 1.000000000000000000 ) ) 
 REPRESENTATION_ITEM ( '' )  );
#2312 = VERTEX_POINT ( 'NONE', #3317 ) ;
#2313 = CARTESIAN_POINT ( 'NONE',  ( -7.857473323761437811, -15.39284023313836158, -25.96450537389066682 ) ) ;
#2314 = SPHERICAL_SURFACE ( 'NONE', #1307, 0.5000000000000000000 ) ;
#2315 = CIRCLE ( 'NONE', #1235, 11.31869210692803840 ) ;
#2316 = DIRECTION ( 'NONE',  ( 0.7470778262826889282, 0.2962018438469780635, 0.5950959495563576951 ) ) ;
#2317 = ORIENTED_EDGE ( 'NONE', *, *, #2781, .F. ) ;
#2318 = EDGE_CURVE ( 'NONE', #630, #1467, #2576, .T. ) ;
#2319 = EDGE_LOOP ( 'NONE', ( #3111, #390, #605, #4698 ) ) ;
#2320 = ORIENTED_EDGE ( 'NONE', *, *, #811, .F. ) ;
#2321 = AXIS2_PLACEMENT_3D ( 'NONE', #4169, #3409, #2690 ) ;
#2322 = DIRECTION ( 'NONE',  ( -0.7218293686107699614, -0.3097661803695448968, -0.6188758163882636110 ) ) ;
#2323 = DIRECTION ( 'NONE',  ( 0.000000000000000000, -0.8822448537311107231, 0.4707908432254933051 ) ) ;
#2324 = LINE ( 'NONE', #3784, #1003 ) ;
#2325 = DIRECTION ( 'NONE',  ( -0.7470778262826883731, -0.2962018438469783965, -0.5950959495563581392 ) ) ;
#2326 = EDGE_LOOP ( 'NONE', ( #4042, #3446, #902, #1016 ) ) ;
#2327 = CARTESIAN_POINT ( 'NONE',  ( 9.610733817901897069, 10.74611317547676848, -30.12620153445476845 ) ) ;
#2328 = ORIENTED_EDGE ( 'NONE', *, *, #2277, .F. ) ;
#2329 = ORIENTED_EDGE ( 'NONE', *, *, #1506, .T. ) ;
#2330 = DIRECTION ( 'NONE',  ( 0.9948500600418254125, -0.07037895403468680255, -0.07293943284506453073 ) ) ;
#2331 = LINE ( 'NONE', #137, #1703 ) ;
#2332 = ORIENTED_EDGE ( 'NONE', *, *, #225, .F. ) ;
#2333 = EDGE_LOOP ( 'NONE', ( #4363, #2668, #3085, #97 ) ) ;
#2334 = DIRECTION ( 'NONE',  ( 0.02761996880506017993, 0.8806308699840951215, -0.4729972601974172797 ) ) ;
#2335 = CARTESIAN_POINT ( 'NONE',  ( -1.021250733788744869, 18.35223488346951370, -17.70701333119604470 ) ) ;
#2336 = LINE ( 'NONE', #935, #240 ) ;
#2337 = ORIENTED_EDGE ( 'NONE', *, *, #1219, .F. ) ;
#2338 = ORIENTED_EDGE ( 'NONE', *, *, #4676, .F. ) ;
#2339 =( BOUNDED_CURVE ( )  B_SPLINE_CURVE ( 3, ( #700, #4696, #1433, #4364 ),
 .UNSPECIFIED., .F., .T. ) 
 B_SPLINE_CURVE_WITH_KNOTS ( ( 4, 4 ),
 ( 5.885617809866178440, 5.958720530316949038 ),
 .UNSPECIFIED. ) 
 CURVE ( )  GEOMETRIC_REPRESENTATION_ITEM ( )  RATIONAL_B_SPLINE_CURVE ( ( 1.000000000000000000, 0.9995547156002714262, 0.9995547156002714262, 1.000000000000000000 ) ) 
 REPRESENTATION_ITEM ( '' )  );
#2340 = EDGE_CURVE ( 'NONE', #1467, #4107, #1385, .T. ) ;
#2341 = ORIENTED_EDGE ( 'NONE', *, *, #345, .F. ) ;
#2342 = CARTESIAN_POINT ( 'NONE',  ( 5.718032006332530948, 7.237574052273275882, -31.03008132459977375 ) ) ;
#2343 = EDGE_CURVE ( 'NONE', #4535, #630, #4392, .T. ) ;
#2344 = CARTESIAN_POINT ( 'NONE',  ( 14.77223125627886091, 13.00010593063853648, -26.74942193695527237 ) ) ;
#2345 = CARTESIAN_POINT ( 'NONE',  ( 20.82263438458881311, 8.927568293435522051, -24.46461042934141616 ) ) ;
#2346 = CARTESIAN_POINT ( 'NONE',  ( -12.48379944780259798, 8.262300780152386892, -29.23112157950965440 ) ) ;
#2347 = VERTEX_POINT ( 'NONE', #4011 ) ;
#2348 = DIRECTION ( 'NONE',  ( 0.02761996880506026320, 0.8806308699840952325, -0.4729972601974170021 ) ) ;
#2349 = VERTEX_POINT ( 'NONE', #2209 ) ;
#2350 = CYLINDRICAL_SURFACE ( 'NONE', #4455, 11.26368810438060741 ) ;
#2351 = CARTESIAN_POINT ( 'NONE',  ( -17.99971557734940575, -10.22674878046165503, -11.09784748698265666 ) ) ;
#2352 = ORIENTED_EDGE ( 'NONE', *, *, #2644, .F. ) ;
#2353 = ORIENTED_EDGE ( 'NONE', *, *, #2788, .T. ) ;
#2354 = DIRECTION ( 'NONE',  ( 0.000000000000000000, 0.8822448537311108341, -0.4707908432254930275 ) ) ;
#2355 = LINE ( 'NONE', #486, #4144 ) ;
#2356 = CARTESIAN_POINT ( 'NONE',  ( 14.77223125627886091, 13.00010593063853648, -26.74942193695527237 ) ) ;
#2357 = ORIENTED_EDGE ( 'NONE', *, *, #4360, .F. ) ;
#2358 = ORIENTED_EDGE ( 'NONE', *, *, #3507, .T. ) ;
#2359 = ORIENTED_EDGE ( 'NONE', *, *, #3861, .F. ) ;
#2360 = DIRECTION ( 'NONE',  ( 0.6992911315723371324, 0.000000000000000000, 0.7148369837272553484 ) ) ;
#2361 = LINE ( 'NONE', #124, #2617 ) ;
#2362 = CARTESIAN_POINT ( 'NONE',  ( 23.22119621031087888, 9.025676580686768702, -27.52457447699303472 ) ) ;
#2363 = CARTESIAN_POINT ( 'NONE',  ( 21.84232367744916559, -12.15854247424650225, -3.439393179645262144 ) ) ;
#2364 = EDGE_CURVE ( 'NONE', #2770, #685, #742, .T. ) ;
#2365 = ORIENTED_EDGE ( 'NONE', *, *, #457, .F. ) ;
#2366 = ADVANCED_FACE ( 'NONE', ( #3610 ), #1486, .F. ) ;
#2367 = AXIS2_PLACEMENT_3D ( 'NONE', #2824, #2754, #3882 ) ;
#2368 = LINE ( 'NONE', #2755, #2295 ) ;
#2369 = VECTOR ( 'NONE', #1632, 1000.000000000000114 ) ;
#2370 = CARTESIAN_POINT ( 'NONE',  ( 6.647237451666346608, -15.96382689308759417, -18.56955518203663758 ) ) ;
#2371 = ADVANCED_FACE ( 'NONE', ( #2555 ), #1414, .T. ) ;
#2372 = VECTOR ( 'NONE', #2256, 1000.000000000000227 ) ;
#2373 = CARTESIAN_POINT ( 'NONE',  ( 15.73670280015252665, -4.995989175011892769, -11.14949693597318969 ) ) ;
#2374 = ORIENTED_EDGE ( 'NONE', *, *, #4238, .F. ) ;
#2375 = DIRECTION ( 'NONE',  ( -0.9948500600418255235, 0.07037895403468683031, 0.07293943284506472502 ) ) ;
#2376 = CARTESIAN_POINT ( 'NONE',  ( 6.658982788813601950, -13.03049725067550213, -15.85599815158488290 ) ) ;
#2377 = VECTOR ( 'NONE', #4237, 1000.000000000000000 ) ;
#2378 = ORIENTED_EDGE ( 'NONE', *, *, #490, .T. ) ;
#2379 = COLOUR_RGB ( '',0.7921568627450980005, 0.8196078431372548767, 0.9333333333333333481 ) ;
#2380 = PLANE ( 'NONE',  #3757 ) ;
#2381 = CARTESIAN_POINT ( 'NONE',  ( -7.575302121560831381, -13.75028848530255310, -15.27887194678904770 ) ) ;
#2382 = DIRECTION ( 'NONE',  ( -0.7218293686107690732, -0.3097661803695453964, -0.6188758163882643881 ) ) ;
#2383 = ORIENTED_EDGE ( 'NONE', *, *, #1189, .F. ) ;
#2384 = VECTOR ( 'NONE', #1813, 1000.000000000000000 ) ;
#2385 = AXIS2_PLACEMENT_3D ( 'NONE', #3117, #4550, #3839 ) ;
#2386 = ORIENTED_EDGE ( 'NONE', *, *, #407, .F. ) ;
#2387 = ORIENTED_EDGE ( 'NONE', *, *, #1743, .T. ) ;
#2388 = CARTESIAN_POINT ( 'NONE',  ( 9.711474535095677041, 11.62674404546086926, -29.60187569948439190 ) ) ;
#2389 = CARTESIAN_POINT ( 'NONE',  ( -14.23280300531334497, 10.20773031621520666, -29.75906893929770547 ) ) ;
#2390 = AXIS2_PLACEMENT_3D ( 'NONE', #2356, #2432, #3819 ) ;
#2391 = DIRECTION ( 'NONE',  ( 0.7218293686107700724, 0.3097661803695448968, 0.6188758163882637220 ) ) ;
#2392 = CARTESIAN_POINT ( 'NONE',  ( -6.396315770110331478, -16.20640528554553939, -27.39388653681048424 ) ) ;
#2393 = VERTEX_POINT ( 'NONE', #3944 ) ;
#2394 = ORIENTED_EDGE ( 'NONE', *, *, #3776, .F. ) ;
#2395 = AXIS2_PLACEMENT_3D ( 'NONE', #481, #1946, #3030 ) ;
#2396 = LINE ( 'NONE', #2443, #755 ) ;
#2397 = FACE_OUTER_BOUND ( 'NONE', #2503, .T. ) ;
#2398 = ADVANCED_FACE ( 'NONE', ( #1393 ), #721, .F. ) ;
#2399 = EDGE_CURVE ( 'NONE', #1876, #3395, #1751, .T. ) ;
#2400 = CARTESIAN_POINT ( 'NONE',  ( 16.94147948662853054, 9.233249499377309988, -18.01683435903341035 ) ) ;
#2401 = EDGE_CURVE ( 'NONE', #2735, #4315, #771, .T. ) ;
#2402 = CARTESIAN_POINT ( 'NONE',  ( -0.5185915104542698773, -4.024632023766631761, 1.760591314520418171 ) ) ;
#2403 = EDGE_CURVE ( 'NONE', #4578, #400, #187, .T. ) ;
#2404 = ORIENTED_EDGE ( 'NONE', *, *, #3196, .T. ) ;
#2405 = EDGE_CURVE ( 'NONE', #1465, #910, #1609, .T. ) ;
#2406 = EDGE_CURVE ( 'NONE', #1078, #4142, #4502, .T. ) ;
#2407 = DIRECTION ( 'NONE',  ( -0.9978976218425262834, 0.05204337920380194826, 0.03862412461246858553 ) ) ;
#2408 = ORIENTED_EDGE ( 'NONE', *, *, #3046, .T. ) ;
#2409 = CARTESIAN_POINT ( 'NONE',  ( -14.05984045120752057, 13.28250929480782894, -23.09749338580924416 ) ) ;
#2410 = DIRECTION ( 'NONE',  ( -0.02761996880506026320, -0.8806308699840952325, 0.4729972601974170576 ) ) ;
#2411 = ORIENTED_EDGE ( 'NONE', *, *, #2991, .T. ) ;
#2412 = ORIENTED_EDGE ( 'NONE', *, *, #2492, .F. ) ;
#2413 = ORIENTED_EDGE ( 'NONE', *, *, #2427, .T. ) ;
#2414 = CARTESIAN_POINT ( 'NONE',  ( 23.17700426022277682, 7.616667188712233028, -26.76777886067717915 ) ) ;
#2415 = FACE_OUTER_BOUND ( 'NONE', #3222, .T. ) ;
#2416 = DIRECTION ( 'NONE',  ( 0.2341836609077576348, -0.4657100369512225946, -0.8533886420891312330 ) ) ;
#2417 = CARTESIAN_POINT ( 'NONE',  ( 21.08311416805910099, -12.81978758252161654, -3.839117768931240349 ) ) ;
#2418 = ORIENTED_EDGE ( 'NONE', *, *, #1043, .T. ) ;
#2419 = EDGE_LOOP ( 'NONE', ( #3829, #588, #3972, #4613 ) ) ;
#2420 = DIRECTION ( 'NONE',  ( 0.7470778262826892613, 0.2962018438469780079, 0.5950959495563572510 ) ) ;
#2421 = CARTESIAN_POINT ( 'NONE',  ( -1.943757691877757710, -16.41658977160982857, -11.88029864553833903 ) ) ;
#2422 = CYLINDRICAL_SURFACE ( 'NONE', #1149, 1.000000000000000666 ) ;
#2423 = DIRECTION ( 'NONE',  ( -0.02761996880506038116, -0.8806308699840952325, 0.4729972601974169466 ) ) ;
#2424 = ORIENTED_EDGE ( 'NONE', *, *, #2010, .F. ) ;
#2425 = CARTESIAN_POINT ( 'NONE',  ( 9.787789694567733179, 8.491288353655129129, -29.03828822668603848 ) ) ;
#2426 = CARTESIAN_POINT ( 'NONE',  ( -14.54141657934775189, 9.586448929640219774, -29.89606200706821681 ) ) ;
#2427 = EDGE_CURVE ( 'NONE', #4222, #3188, #480, .T. ) ;
#2428 = EDGE_CURVE ( 'NONE', #1300, #3415, #4436, .T. ) ;
#2429 = ORIENTED_EDGE ( 'NONE', *, *, #575, .F. ) ;
#2430 = LINE ( 'NONE', #4719, #4293 ) ;
#2431 = CARTESIAN_POINT ( 'NONE',  ( -15.31683692189768209, 12.07142631304779989, -30.23545283561585251 ) ) ;
#2432 = DIRECTION ( 'NONE',  ( -0.6641625243868702899, 0.3698022965487181568, 0.6497187104180962569 ) ) ;
#2433 = ORIENTED_EDGE ( 'NONE', *, *, #313, .F. ) ;
#2434 = ORIENTED_EDGE ( 'NONE', *, *, #1543, .T. ) ;
#2435 = ORIENTED_EDGE ( 'NONE', *, *, #1692, .T. ) ;
#2436 = DIRECTION ( 'NONE',  ( 0.000000000000000000, -0.4731777794655601665, -0.8809669625020235539 ) ) ;
#2437 = EDGE_CURVE ( 'NONE', #644, #1899, #3703, .T. ) ;
#2438 = DIRECTION ( 'NONE',  ( 0.6717662746973362964, 0.000000000000000000, 0.7407631687518372310 ) ) ;
#2439 = CARTESIAN_POINT ( 'NONE',  ( 18.32579584495095304, 16.93363990003634356, -19.21842528132574657 ) ) ;
#2440 = DIRECTION ( 'NONE',  ( 0.000000000000000000, -0.4731777794655597225, -0.8809669625020237760 ) ) ;
#2441 = ORIENTED_EDGE ( 'NONE', *, *, #4702, .F. ) ;
#2442 = DIRECTION ( 'NONE',  ( 0.02761996880506046442, 0.8806308699840953436, -0.4729972601974171686 ) ) ;
#2443 = CARTESIAN_POINT ( 'NONE',  ( -7.280215975735680800, 3.012344949529223825, -35.85014811201669716 ) ) ;
#2444 = DIRECTION ( 'NONE',  ( -0.02761996880506027013, -0.8806308699840952325, 0.4729972601974170576 ) ) ;
#2445 = DIRECTION ( 'NONE',  ( 0.02761996880506027013, 0.8806308699840952325, -0.4729972601974170576 ) ) ;
#2446 = DIRECTION ( 'NONE',  ( 0.7218293686107700724, 0.3097661803695450078, 0.6188758163882634999 ) ) ;
#2447 = VERTEX_POINT ( 'NONE', #2261 ) ;
#2448 = VECTOR ( 'NONE', #534, 1000.000000000000114 ) ;
#2449 = DIRECTION ( 'NONE',  ( -0.02761996880506027360, -0.8806308699840953436, 0.4729972601974170576 ) ) ;
#2450 = CARTESIAN_POINT ( 'NONE',  ( 9.683854566290619914, 10.74611317547677203, -29.12887843928697151 ) ) ;
#2451 = CIRCLE ( 'NONE', #3828, 11.26368810438060741 ) ;
#2452 = VERTEX_POINT ( 'NONE', #1213 ) ;
#2453 = DIRECTION ( 'NONE',  ( 0.02761996880506015217, 0.8806308699840952325, -0.4729972601974169466 ) ) ;
#2454 = EDGE_CURVE ( 'NONE', #644, #2312, #833, .T. ) ;
#2455 = VECTOR ( 'NONE', #3957, 999.9999999999998863 ) ;
#2456 = EDGE_CURVE ( 'NONE', #2866, #3752, #919, .T. ) ;
#2457 = CARTESIAN_POINT ( 'NONE',  ( 22.29220691807339350, 9.457991977046747323, -31.60942917558062248 ) ) ;
#2458 = ORIENTED_EDGE ( 'NONE', *, *, #637, .T. ) ;
#2459 = ORIENTED_EDGE ( 'NONE', *, *, #4580, .T. ) ;
#2460 = AXIS2_PLACEMENT_3D ( 'NONE', #774, #1400, #3682 ) ;
#2461 = EDGE_LOOP ( 'NONE', ( #1933, #1437, #4640, #2136 ) ) ;
#2462 = DIRECTION ( 'NONE',  ( 0.02761996880505626639, 0.8806308699840935672, -0.4729972601974207769 ) ) ;
#2463 = DIRECTION ( 'NONE',  ( 0.02761996880506027013, 0.8806308699840952325, -0.4729972601974170576 ) ) ;
#2464 = CARTESIAN_POINT ( 'NONE',  ( -1.261811074699792590, 11.52044543916877117, -28.32637495053813481 ) ) ;
#2465 = AXIS2_PLACEMENT_3D ( 'NONE', #1586, #3758, #426 ) ;
#2466 = ADVANCED_FACE ( 'NONE', ( #3791 ), #3428, .T. ) ;
#2467 = AXIS2_PLACEMENT_3D ( 'NONE', #2526, #1080, #3271 ) ;
#2468 = DIRECTION ( 'NONE',  ( -0.6641625243868708450, 0.3698022965487181013, 0.6497187104180957018 ) ) ;
#2469 = ORIENTED_EDGE ( 'NONE', *, *, #2454, .F. ) ;
#2470 = ORIENTED_EDGE ( 'NONE', *, *, #3336, .T. ) ;
#2471 = VECTOR ( 'NONE', #558, 1000.000000000000114 ) ;
#2472 = VECTOR ( 'NONE', #4725, 1000.000000000000000 ) ;
#2473 = DIRECTION ( 'NONE',  ( 0.000000000000000000, -0.4731777794655593339, -0.8809669625020238870 ) ) ;
#2474 = CARTESIAN_POINT ( 'NONE',  ( 22.29220691807339350, 9.457991977046747323, -31.60942917558062248 ) ) ;
#2475 = CARTESIAN_POINT ( 'NONE',  ( 17.14060254766158309, 39.76573610951675875, -35.19154922250488937 ) ) ;
#2476 =( GEOMETRIC_REPRESENTATION_CONTEXT ( 3 ) GLOBAL_UNCERTAINTY_ASSIGNED_CONTEXT ( ( #4381 ) ) GLOBAL_UNIT_ASSIGNED_CONTEXT ( ( #3653, #1797, #4433 ) ) REPRESENTATION_CONTEXT ( 'NONE', 'WORKASPACE' ) );
#2477 = AXIS2_PLACEMENT_3D ( 'NONE', #3770, #2060, #2014 ) ;
#2478 = CARTESIAN_POINT ( 'NONE',  ( -13.16488573031838705, -14.82585450448713260, -11.68807052188414808 ) ) ;
#2479 = ORIENTED_EDGE ( 'NONE', *, *, #3102, .T. ) ;
#2480 = CARTESIAN_POINT ( 'NONE',  ( 4.725447845852313478, -17.19360766775035998, -17.88266678609474880 ) ) ;
#2481 = CARTESIAN_POINT ( 'NONE',  ( -19.29565515324024005, 12.03597964516437102, -20.72949400691722133 ) ) ;
#2482 = ORIENTED_EDGE ( 'NONE', *, *, #2753, .T. ) ;
#2483 = DIRECTION ( 'NONE',  ( 0.6915197032147273326, -0.3585166444257757989, -0.6271094926211031595 ) ) ;
#2484 = ORIENTED_EDGE ( 'NONE', *, *, #3165, .F. ) ;
#2485 = ORIENTED_EDGE ( 'NONE', *, *, #1647, .T. ) ;
#2486 = CARTESIAN_POINT ( 'NONE',  ( 15.59584095924671843, -9.487206611930767863, -8.737210908966373424 ) ) ;
#2487 = DIRECTION ( 'NONE',  ( -0.02761996880506027360, -0.8806308699840953436, 0.4729972601974170576 ) ) ;
#2488 = CARTESIAN_POINT ( 'NONE',  ( 9.787789694567733179, 8.491288353655129129, -29.03828822668603848 ) ) ;
#2489 = DIRECTION ( 'NONE',  ( 0.6641625243868706230, -0.3698022965487179348, -0.6497187104180959238 ) ) ;
#2490 = ORIENTED_EDGE ( 'NONE', *, *, #4503, .F. ) ;
#2491 = DIRECTION ( 'NONE',  ( 0.6956610734545393138, -0.3567285703321865231, -0.6235386098621578110 ) ) ;
#2492 = EDGE_CURVE ( 'NONE', #4031, #1422, #1320, .T. ) ;
#2493 = EDGE_CURVE ( 'NONE', #3106, #1997, #4465, .T. ) ;
#2494 = EDGE_CURVE ( 'NONE', #477, #294, #3048, .T. ) ;
#2495 = CARTESIAN_POINT ( 'NONE',  ( 12.84491552218767119, -2.749376809335240868, -11.99820137062016379 ) ) ;
#2496 = CARTESIAN_POINT ( 'NONE',  ( 21.85931275227301640, 10.14011673240479716, -31.66033792191872465 ) ) ;
#2497 = CARTESIAN_POINT ( 'NONE',  ( 6.465997254051843335, -16.50878562005148709, -15.36639355498689952 ) ) ;
#2498 = ORIENTED_EDGE ( 'NONE', *, *, #3018, .T. ) ;
#2499 = LINE ( 'NONE', #1045, #3356 ) ;
#2500 = CARTESIAN_POINT ( 'NONE',  ( 16.04026580239510480, 8.991939030046561143, -18.49290990500878351 ) ) ;
#2501 = EDGE_LOOP ( 'NONE', ( #1924, #2536, #2044, #554, #1706 ) ) ;
#2502 = PLANE ( 'NONE',  #539 ) ;
#2503 = EDGE_LOOP ( 'NONE', ( #359, #1171, #360, #4490, #3652, #1610 ) ) ;
#2504 = CARTESIAN_POINT ( 'NONE',  ( -24.36481522580598735, -9.230232909978340672, 0.1900858277845028366 ) ) ;
#2505 = CARTESIAN_POINT ( 'NONE',  ( 17.14060254766158309, 39.76573610951675875, -35.19154922250488937 ) ) ;
#2506 = ORIENTED_EDGE ( 'NONE', *, *, #45, .T. ) ;
#2507 = ORIENTED_EDGE ( 'NONE', *, *, #1483, .T. ) ;
#2508 = VERTEX_POINT ( 'NONE', #4084 ) ;
#2509 = CARTESIAN_POINT ( 'NONE',  ( 5.050358031126722658, 8.846407582054219176, -31.24499306284987199 ) ) ;
#2510 = DIRECTION ( 'NONE',  ( -0.7470778262826890392, -0.2962018438469781190, -0.5950959495563573620 ) ) ;
#2511 = CARTESIAN_POINT ( 'NONE',  ( -17.99971557734940575, -10.22674878046165503, -11.09784748698265666 ) ) ;
#2512 = EDGE_LOOP ( 'NONE', ( #1892, #3857, #1795, #4619 ) ) ;
#2513 = EDGE_LOOP ( 'NONE', ( #3779, #1000, #1025, #2789 ) ) ;
#2514 = CARTESIAN_POINT ( 'NONE',  ( -11.59123901846007954, 11.77573725093226997, -28.45424171082853348 ) ) ;
#2515 = DIRECTION ( 'NONE',  ( -0.02761996880506017646, -0.8806308699840952325, 0.4729972601974170021 ) ) ;
#2516 = ADVANCED_FACE ( 'NONE', ( #3741 ), #1965, .T. ) ;
#2517 = EDGE_CURVE ( 'NONE', #2565, #3609, #2240, .T. ) ;
#2518 = DIRECTION ( 'NONE',  ( 0.000000000000000000, -0.4731777794655594449, -0.8809669625020239980 ) ) ;
#2519 = CARTESIAN_POINT ( 'NONE',  ( 6.978990500325235047, 6.707077316852824822, -30.88704490911761269 ) ) ;
#2520 = ORIENTED_EDGE ( 'NONE', *, *, #1451, .F. ) ;
#2521 = VECTOR ( 'NONE', #1159, 1000.000000000000227 ) ;
#2522 = EDGE_CURVE ( 'NONE', #3333, #1660, #3074, .T. ) ;
#2523 = DIRECTION ( 'NONE',  ( 0.7218293686107690732, 0.3097661803695459515, 0.6188758163882641661 ) ) ;
#2524 = VECTOR ( 'NONE', #960, 1000.000000000000114 ) ;
#2525 = ORIENTED_EDGE ( 'NONE', *, *, #1169, .F. ) ;
#2526 = CARTESIAN_POINT ( 'NONE',  ( -2.149263951160980124, -14.13414421022352307, -15.67669284728534862 ) ) ;
#2527 = CARTESIAN_POINT ( 'NONE',  ( 3.308497322067621926, 19.19921578004882079, -13.76308978865275812 ) ) ;
#2528 = AXIS2_PLACEMENT_3D ( 'NONE', #309, #2056, #4666 ) ;
#2529 = ORIENTED_EDGE ( 'NONE', *, *, #1169, .T. ) ;
#2530 = EDGE_CURVE ( 'NONE', #1626, #910, #392, .T. ) ;
#2531 = ORIENTED_EDGE ( 'NONE', *, *, #1537, .T. ) ;
#2532 = DIRECTION ( 'NONE',  ( -0.02761996880506139770, -0.8806308699840961207, 0.4729972601974157809 ) ) ;
#2533 = DIRECTION ( 'NONE',  ( 0.6915197032147273326, -0.3585166444257757434, -0.6271094926211031595 ) ) ;
#2534 = FACE_OUTER_BOUND ( 'NONE', #3279, .T. ) ;
#2535 = DIRECTION ( 'NONE',  ( 0.000000000000000000, -0.4731777794655601665, -0.8809669625020236650 ) ) ;
#2536 = ORIENTED_EDGE ( 'NONE', *, *, #2009, .T. ) ;
#2537 = VECTOR ( 'NONE', #3536, 1000.000000000000227 ) ;
#2538 = DIRECTION ( 'NONE',  ( -0.6915197032147289979, 0.3585166444257749663, 0.6271094926211017162 ) ) ;
#2539 = LINE ( 'NONE', #4002, #3977 ) ;
#2540 = LINE ( 'NONE', #4003, #229 ) ;
#2541 = CIRCLE ( 'NONE', #2623, 4.200000000000000178 ) ;
#2542 = CARTESIAN_POINT ( 'NONE',  ( -13.88671509892915523, -15.13562068485667034, -12.30694633827241624 ) ) ;
#2543 = VECTOR ( 'NONE', #4233, 1000.000000000000114 ) ;
#2544 = AXIS2_PLACEMENT_3D ( 'NONE', #425, #3669, #377 ) ;
#2545 = ADVANCED_FACE ( 'NONE', ( #2649 ), #4105, .T. ) ;
#2546 = DIRECTION ( 'NONE',  ( 0.7470778262826892613, 0.2962018438469781190, 0.5950959495563572510 ) ) ;
#2547 = EDGE_LOOP ( 'NONE', ( #3473, #498, #3698, #479, #256, #2559, #4016, #4197 ) ) ;
#2548 = AXIS2_PLACEMENT_3D ( 'NONE', #775, #4061, #55 ) ;
#2549 = LINE ( 'NONE', #3354, #2699 ) ;
#2550 = ADVANCED_FACE ( 'NONE', ( #2280 ), #95, .F. ) ;
#2551 = AXIS2_PLACEMENT_3D ( 'NONE', #1820, #4317, #3612 ) ;
#2552 = EDGE_CURVE ( 'NONE', #2770, #2993, #2013, .T. ) ;
#2553 = EDGE_CURVE ( 'NONE', #1141, #1968, #3148, .T. ) ;
#2554 = ORIENTED_EDGE ( 'NONE', *, *, #3746, .F. ) ;
#2555 = FACE_OUTER_BOUND ( 'NONE', #30, .T. ) ;
#2556 = CARTESIAN_POINT ( 'NONE',  ( 16.36431772856010625, 4.241859985543568357, -16.53542697529462657 ) ) ;
#2557 = ORIENTED_EDGE ( 'NONE', *, *, #2602, .F. ) ;
#2558 = EDGE_CURVE ( 'NONE', #3659, #3639, #3153, .T. ) ;
#2559 = ORIENTED_EDGE ( 'NONE', *, *, #1128, .T. ) ;
#2560 = VERTEX_POINT ( 'NONE', #3480 ) ;
#2561 = CARTESIAN_POINT ( 'NONE',  ( 6.391104751332665757, 8.058148695741527590, -31.54271978996034065 ) ) ;
#2562 = FACE_OUTER_BOUND ( 'NONE', #2962, .T. ) ;
#2563 = CARTESIAN_POINT ( 'NONE',  ( 13.64368437188404037, 3.163181716254242826, -18.70258792402984938 ) ) ;
#2564 = DIRECTION ( 'NONE',  ( 0.6508913630218421398, 0.000000000000000000, -0.7591708856005796591 ) ) ;
#2565 = VERTEX_POINT ( 'NONE', #1643 ) ;
#2566 = LINE ( 'NONE', #2270, #2521 ) ;
#2567 = DIRECTION ( 'NONE',  ( -0.02761996880506047136, -0.8806308699840950105, 0.4729972601974176682 ) ) ;
#2568 = DIRECTION ( 'NONE',  ( -0.6641625243868708450, 0.3698022965487181013, 0.6497187104180957018 ) ) ;
#2569 = CARTESIAN_POINT ( 'NONE',  ( 21.12179183473395838, 9.428776546402151126, -32.54174071112792888 ) ) ;
#2570 = LINE ( 'NONE', #3331, #2384 ) ;
#2571 = DIRECTION ( 'NONE',  ( 0.6915197032147273326, -0.3585166444257757989, -0.6271094926211031595 ) ) ;
#2572 = CARTESIAN_POINT ( 'NONE',  ( -14.01426750267917143, 14.73555023028158395, -23.87793886513497910 ) ) ;
#2573 = EDGE_LOOP ( 'NONE', ( #565, #3880, #442, #2883 ) ) ;
#2574 = CARTESIAN_POINT ( 'NONE',  ( 18.57942362913957268, 19.03013075542356347, -15.30034813092695956 ) ) ;
#2575 = VERTEX_POINT ( 'NONE', #551 ) ;
#2576 = LINE ( 'NONE', #4316, #2849 ) ;
#2577 = DIRECTION ( 'NONE',  ( 0.02761996880506007931, 0.8806308699840953436, -0.4729972601974167801 ) ) ;
#2578 = EDGE_CURVE ( 'NONE', #3036, #1962, #3558, .T. ) ;
#2579 = EDGE_CURVE ( 'NONE', #1377, #644, #2059, .T. ) ;
#2580 = VERTEX_POINT ( 'NONE', #186 ) ;
#2581 = VERTEX_POINT ( 'NONE', #2089 ) ;
#2582 = DIRECTION ( 'NONE',  ( 0.02761996880506027013, 0.8806308699840952325, -0.4729972601974170576 ) ) ;
#2583 = CARTESIAN_POINT ( 'NONE',  ( 21.47594903436085900, -15.19924848146569651, -17.76007923925609333 ) ) ;
#2584 = CARTESIAN_POINT ( 'NONE',  ( -4.125140653246418765, -14.20927956525154023, -14.02919951141350019 ) ) ;
#2585 = CARTESIAN_POINT ( 'NONE',  ( 22.45888507129121336, -15.27973543087425767, -14.46985009554432189 ) ) ;
#2586 = DIRECTION ( 'NONE',  ( 0.000000000000000000, 0.4731777794655628311, 0.8809669625020221106 ) ) ;
#2587 = ORIENTED_EDGE ( 'NONE', *, *, #4477, .T. ) ;
#2588 = CARTESIAN_POINT ( 'NONE',  ( -9.270761696916954619, 14.88762598611323185, -24.63917353340012895 ) ) ;
#2589 = EDGE_CURVE ( 'NONE', #3028, #1260, #4627, .T. ) ;
#2590 = CARTESIAN_POINT ( 'NONE',  ( -18.07483895361064796, 17.40008723149204073, -20.47554985340233102 ) ) ;
#2591 = CARTESIAN_POINT ( 'NONE',  ( -0.2182031847521420098, 17.31466028192181739, -10.07808980907475238 ) ) ;
#2592 = CARTESIAN_POINT ( 'NONE',  ( 21.09788251384008007, 8.984465554176464863, -32.56078603615301859 ) ) ;
#2593 = LINE ( 'NONE', #306, #465 ) ;
#2594 = B_SPLINE_CURVE_WITH_KNOTS ( 'NONE', 3,
 ( #2106, #3860, #3169, #2085 ),
 .UNSPECIFIED., .F., .F.,
 ( 4, 4 ),
 ( 0.001207548978632443657, 0.001357202303593588264 ),
 .UNSPECIFIED. ) ;
#2595 = CARTESIAN_POINT ( 'NONE',  ( 6.722508717065236006, -11.00504624971207690, -16.94389185003894838 ) ) ;
#2596 = VERTEX_POINT ( 'NONE', #4218 ) ;
#2597 = CARTESIAN_POINT ( 'NONE',  ( 8.691445808370195536, -18.25487377985509241, -14.68180674728399637 ) ) ;
#2598 = ORIENTED_EDGE ( 'NONE', *, *, #3044, .T. ) ;
#2599 = CARTESIAN_POINT ( 'NONE',  ( 8.766385599355647429, -15.86550492148579217, -15.96516503295267952 ) ) ;
#2600 = DIRECTION ( 'NONE',  ( 0.2593423818113964607, 0.4506628343277029325, 0.8541923312416901393 ) ) ;
#2601 = VERTEX_POINT ( 'NONE', #876 ) ;
#2602 = EDGE_CURVE ( 'NONE', #4156, #1465, #3811, .T. ) ;
#2603 = ORIENTED_EDGE ( 'NONE', *, *, #1188, .T. ) ;
#2604 = CARTESIAN_POINT ( 'NONE',  ( -7.920999252013073644, -17.41829123410178326, -24.87661167543660667 ) ) ;
#2605 = ADVANCED_FACE ( 'NONE', ( #3913 ), #930, .F. ) ;
#2606 = CYLINDRICAL_SURFACE ( 'NONE', #2460, 0.9999999999999992228 ) ;
#2607 = AXIS2_PLACEMENT_3D ( 'NONE', #1477, #3283, #2923 ) ;
#2608 = FACE_OUTER_BOUND ( 'NONE', #1343, .T. ) ;
#2609 = ORIENTED_EDGE ( 'NONE', *, *, #3719, .F. ) ;
#2610 = LINE ( 'NONE', #422, #1588 ) ;
#2611 = CIRCLE ( 'NONE', #1525, 0.4999999999999990563 ) ;
#2612 = ADVANCED_FACE ( 'NONE', ( #239 ), #2809, .F. ) ;
#2613 = LINE ( 'NONE', #1426, #674 ) ;
#2614 = CARTESIAN_POINT ( 'NONE',  ( 9.602482473966100329, 8.698397634558112657, -29.16414253963718295 ) ) ;
#2615 = EDGE_CURVE ( 'NONE', #832, #3395, #2235, .T. ) ;
#2616 = PLANE ( 'NONE',  #2544 ) ;
#2617 = VECTOR ( 'NONE', #3418, 1000.000000000000114 ) ;
#2618 = FACE_OUTER_BOUND ( 'NONE', #4559, .T. ) ;
#2619 = VECTOR ( 'NONE', #556, 1000.000000000000114 ) ;
#2620 = ORIENTED_EDGE ( 'NONE', *, *, #1657, .T. ) ;
#2621 = DIRECTION ( 'NONE',  ( -0.02761996880506018687, -0.8806308699840952325, 0.4729972601974170021 ) ) ;
#2622 = VERTEX_POINT ( 'NONE', #3887 ) ;
#2623 = AXIS2_PLACEMENT_3D ( 'NONE', #262, #996, #3937 ) ;
#2624 = AXIS2_PLACEMENT_3D ( 'NONE', #3986, #2483, #667 ) ;
#2625 = PLANE ( 'NONE',  #3158 ) ;
#2626 = AXIS2_PLACEMENT_3D ( 'NONE', #1442, #1015, #3258 ) ;
#2627 = EDGE_LOOP ( 'NONE', ( #3767, #3640, #2702, #965 ) ) ;
#2628 = CARTESIAN_POINT ( 'NONE',  ( 7.405435711523683295, -16.57524457569958543, -15.43527037475405272 ) ) ;
#2629 = CARTESIAN_POINT ( 'NONE',  ( 22.35443865623208382, 9.212582917991051445, -31.52617722312667325 ) ) ;
#2630 = VECTOR ( 'NONE', #595, 1000.000000000000114 ) ;
#2631 = ORIENTED_EDGE ( 'NONE', *, *, #407, .T. ) ;
#2632 = ORIENTED_EDGE ( 'NONE', *, *, #3661, .T. ) ;
#2633 = FACE_OUTER_BOUND ( 'NONE', #488, .T. ) ;
#2634 = CARTESIAN_POINT ( 'NONE',  ( 2.756779788003009379, 2.231165569001465787, 1.548146383431582951 ) ) ;
#2635 = CARTESIAN_POINT ( 'NONE',  ( -12.92401651983758271, -14.32210046715841933, -16.65580721192105074 ) ) ;
#2636 = DIRECTION ( 'NONE',  ( 0.7218293686107699614, 0.3097661803695451188, 0.6188758163882633889 ) ) ;
#2637 = ORIENTED_EDGE ( 'NONE', *, *, #893, .F. ) ;
#2638 = CARTESIAN_POINT ( 'NONE',  ( -18.87689256881578714, -3.123752642392312762, -9.684958088695800882 ) ) ;
#2639 = CARTESIAN_POINT ( 'NONE',  ( -18.06067630655164891, -12.73447849125962428, -9.771550551721150057 ) ) ;
#2640 = DIRECTION ( 'NONE',  ( -0.02761996880506027013, -0.8806308699840952325, 0.4729972601974169466 ) ) ;
#2641 = DIRECTION ( 'NONE',  ( 0.02761996880506020768, 0.8806308699840951215, -0.4729972601974172797 ) ) ;
#2642 = DIRECTION ( 'NONE',  ( -0.02761996880506016258, -0.8806308699840951215, 0.4729972601974172242 ) ) ;
#2643 = ADVANCED_FACE ( 'NONE', ( #623 ), #2350, .F. ) ;
#2644 = EDGE_CURVE ( 'NONE', #3820, #1962, #1814, .T. ) ;
#2645 = ADVANCED_FACE ( 'NONE', ( #1987 ), #2785, .F. ) ;
#2646 = DIRECTION ( 'NONE',  ( -0.6641625243868706230, 0.3698022965487179348, 0.6497187104180959238 ) ) ;
#2647 = ORIENTED_EDGE ( 'NONE', *, *, #1571, .F. ) ;
#2648 = ORIENTED_EDGE ( 'NONE', *, *, #3775, .T. ) ;
#2649 = FACE_OUTER_BOUND ( 'NONE', #174, .T. ) ;
#2650 = CARTESIAN_POINT ( 'NONE',  ( -12.42633977984553262, -13.38688753775275764, -14.88555765206738890 ) ) ;
#2651 = ORIENTED_EDGE ( 'NONE', *, *, #2437, .T. ) ;
#2652 = FACE_OUTER_BOUND ( 'NONE', #4370, .T. ) ;
#2653 = CARTESIAN_POINT ( 'NONE',  ( -13.19908863629879292, -14.54387053756380865, -16.98165711425369295 ) ) ;
#2654 = CARTESIAN_POINT ( 'NONE',  ( -16.13438799852746897, -13.99524743848140851, -16.23473393377231133 ) ) ;
#2655 = ORIENTED_EDGE ( 'NONE', *, *, #610, .F. ) ;
#2656 = DIRECTION ( 'NONE',  ( -0.02761996880506026666, -0.8806308699840952325, 0.4729972601974169466 ) ) ;
#2657 = FACE_OUTER_BOUND ( 'NONE', #4700, .T. ) ;
#2658 = CARTESIAN_POINT ( 'NONE',  ( -17.23760123616084883, 13.50832143426640641, -23.86686890560417496 ) ) ;
#2659 = CARTESIAN_POINT ( 'NONE',  ( -11.43624980274926273, 13.95832744500459555, -26.49580098256492278 ) ) ;
#2660 = CARTESIAN_POINT ( 'NONE',  ( -14.97444001727004625, -15.57246989738804288, -15.99028156748163276 ) ) ;
#2661 = EDGE_CURVE ( 'NONE', #4743, #3664, #572, .T. ) ;
#2662 = ORIENTED_EDGE ( 'NONE', *, *, #383, .F. ) ;
#2663 = EDGE_CURVE ( 'NONE', #3932, #1436, #2032, .T. ) ;
#2664 = ORIENTED_EDGE ( 'NONE', *, *, #2040, .T. ) ;
#2665 = CARTESIAN_POINT ( 'NONE',  ( -19.04018448866682078, 2.732385870130555006, -21.41317351723058948 ) ) ;
#2666 = EDGE_CURVE ( 'NONE', #2861, #4482, #676, .T. ) ;
#2667 = CARTESIAN_POINT ( 'NONE',  ( -11.71374458467497703, 9.333388907836898341, -27.08888696516075356 ) ) ;
#2668 = ORIENTED_EDGE ( 'NONE', *, *, #4120, .T. ) ;
#2669 = VERTEX_POINT ( 'NONE', #4457 ) ;
#2670 = DIRECTION ( 'NONE',  ( -0.6641625243868698458, 0.3698022965487206548, 0.6497187104180952577 ) ) ;
#2671 = CARTESIAN_POINT ( 'NONE',  ( 15.73670280015252665, -4.995989175011892769, -11.14949693597320213 ) ) ;
#2672 = VECTOR ( 'NONE', #3523, 1000.000000000000114 ) ;
#2673 = CARTESIAN_POINT ( 'NONE',  ( 20.26875008273641754, -19.27487489550931343, -15.90481528377572396 ) ) ;
#2674 = ORIENTED_EDGE ( 'NONE', *, *, #1242, .T. ) ;
#2675 = LINE ( 'NONE', #3373, #760 ) ;
#2676 = CIRCLE ( 'NONE', #3366, 1.397629479600046132 ) ;
#2677 = DIRECTION ( 'NONE',  ( 0.02761996880505962829, 0.8806308699840952325, -0.4729972601974171131 ) ) ;
#2678 = PLANE ( 'NONE',  #4223 ) ;
#2679 = CARTESIAN_POINT ( 'NONE',  ( -4.125140653246418765, -14.20927956525154023, -14.02919951141350019 ) ) ;
#2680 = AXIS2_PLACEMENT_3D ( 'NONE', #798, #3363, #2711 ) ;
#2681 = ORIENTED_EDGE ( 'NONE', *, *, #3165, .T. ) ;
#2682 = PLANE ( 'NONE',  #4282 ) ;
#2683 = ORIENTED_EDGE ( 'NONE', *, *, #1981, .F. ) ;
#2684 = AXIS2_PLACEMENT_3D ( 'NONE', #4690, #1304, #658 ) ;
#2685 = VECTOR ( 'NONE', #1109, 1000.000000000000114 ) ;
#2686 = ORIENTED_EDGE ( 'NONE', *, *, #3045, .T. ) ;
#2687 = CARTESIAN_POINT ( 'NONE',  ( -7.484603744893126631, -3.504323488353082272, -32.34996838655580120 ) ) ;
#2688 = VECTOR ( 'NONE', #524, 1000.000000000000000 ) ;
#2689 = VECTOR ( 'NONE', #4294, 1000.000000000000114 ) ;
#2690 = DIRECTION ( 'NONE',  ( 0.07312074838872179017, 0.000000000000000000, 0.9973230951677963807 ) ) ;
#2691 = ADVANCED_FACE ( 'NONE', ( #1725 ), #2616, .F. ) ;
#2692 = EDGE_CURVE ( 'NONE', #4546, #812, #1885, .T. ) ;
#2693 = EDGE_CURVE ( 'NONE', #4546, #386, #1448, .T. ) ;
#2694 = AXIS2_PLACEMENT_3D ( 'NONE', #1252, #496, #4204 ) ;
#2695 = ORIENTED_EDGE ( 'NONE', *, *, #2552, .F. ) ;
#2696 = CARTESIAN_POINT ( 'NONE',  ( -12.99182810964520485, 13.39681950262800569, -27.63205756866872420 ) ) ;
#2697 = CARTESIAN_POINT ( 'NONE',  ( 9.683854566290616361, 10.27293539601120820, -30.00984540178899351 ) ) ;
#2698 = DIRECTION ( 'NONE',  ( 0.6915197032147273326, -0.3585166444257757434, -0.6271094926211030485 ) ) ;
#2699 = VECTOR ( 'NONE', #3983, 1000.000000000000000 ) ;
#2700 = CARTESIAN_POINT ( 'NONE',  ( -14.66324330275419285, -16.29773748743797768, -16.20727255765943653 ) ) ;
#2701 = EDGE_LOOP ( 'NONE', ( #903, #3133, #1800, #1195, #1237, #4607, #1009, #692 ) ) ;
#2702 = ORIENTED_EDGE ( 'NONE', *, *, #2902, .F. ) ;
#2703 = ORIENTED_EDGE ( 'NONE', *, *, #2253, .F. ) ;
#2704 = CARTESIAN_POINT ( 'NONE',  ( -6.862706926386277217, 8.969987960286823991, -27.48220125988270013 ) ) ;
#2705 = CARTESIAN_POINT ( 'NONE',  ( -13.79140734804515844, 10.17933582201164988, -29.86357114234579768 ) ) ;
#2706 = DIRECTION ( 'NONE',  ( 0.7218293686107688512, 0.3097661803695460070, 0.6188758163882643881 ) ) ;
#2707 = CARTESIAN_POINT ( 'NONE',  ( -19.60120374427295786, 2.293915001910390661, -15.49691581554802511 ) ) ;
#2708 = EDGE_LOOP ( 'NONE', ( #875, #802, #2257, #3539 ) ) ;
#2709 = DIRECTION ( 'NONE',  ( -0.9948500600418255235, 0.07037895403468684419, 0.07293943284506472502 ) ) ;
#2710 = ORIENTED_EDGE ( 'NONE', *, *, #2493, .T. ) ;
#2711 = DIRECTION ( 'NONE',  ( 0.000000000000000000, -0.4731777794655593339, -0.8809669625020238870 ) ) ;
#2712 = ORIENTED_EDGE ( 'NONE', *, *, #660, .F. ) ;
#2713 = DIRECTION ( 'NONE',  ( 0.000000000000000000, -0.4731777794655587233, -0.8809669625020244421 ) ) ;
#2714 = CARTESIAN_POINT ( 'NONE',  ( 22.35075407480512411, 9.095104286119530812, -31.46307805990068118 ) ) ;
#2715 = ORIENTED_EDGE ( 'NONE', *, *, #1870, .F. ) ;
#2716 = ORIENTED_EDGE ( 'NONE', *, *, #225, .T. ) ;
#2717 = LINE ( 'NONE', #799, #82 ) ;
#2718 = EDGE_CURVE ( 'NONE', #2112, #1035, #1519, .T. ) ;
#2719 = EDGE_CURVE ( 'NONE', #3259, #4707, #3197, .T. ) ;
#2720 = CARTESIAN_POINT ( 'NONE',  ( 3.265235481994248179, -14.51718364705167197, -16.07366776205558523 ) ) ;
#2721 = CARTESIAN_POINT ( 'NONE',  ( -15.15234838131549466, -16.29428414508825895, -16.22940365230913073 ) ) ;
#2722 = ORIENTED_EDGE ( 'NONE', *, *, #1209, .T. ) ;
#2723 = VERTEX_POINT ( 'NONE', #4668 ) ;
#2724 = PLANE ( 'NONE',  #3522 ) ;
#2725 = DIRECTION ( 'NONE',  ( 0.2593423818113965162, 0.4506628343277029880, 0.8541923312416902503 ) ) ;
#2726 = DIRECTION ( 'NONE',  ( -0.02761996880506011401, -0.8806308699840951215, 0.4729972601974173352 ) ) ;
#2727 = EDGE_CURVE ( 'NONE', #3099, #1417, #1834, .T. ) ;
#2728 = LINE ( 'NONE', #1325, #3383 ) ;
#2729 = EDGE_CURVE ( 'NONE', #527, #3124, #3217, .T. ) ;
#2730 = CARTESIAN_POINT ( 'NONE',  ( 8.753000754017250529, -9.883430688546397391, -14.73708960830732906 ) ) ;
#2731 = DIRECTION ( 'NONE',  ( 0.02761996880506015217, 0.8806308699840952325, -0.4729972601974169466 ) ) ;
#2732 = EDGE_LOOP ( 'NONE', ( #3189, #4335, #1248, #908 ) ) ;
#2733 = DIRECTION ( 'NONE',  ( 0.7218293686107698504, 0.3097661803695451188, 0.6188758163882637220 ) ) ;
#2734 = CARTESIAN_POINT ( 'NONE',  ( 13.28131102930761820, 11.16459093641346634, -19.47155808173935654 ) ) ;
#2735 = VERTEX_POINT ( 'NONE', #1095 ) ;
#2736 = VERTEX_POINT ( 'NONE', #4096 ) ;
#2737 = CARTESIAN_POINT ( 'NONE',  ( 13.07692326015018480, 4.647922498531159796, -15.97137835627846236 ) ) ;
#2738 = CARTESIAN_POINT ( 'NONE',  ( 14.99520436311148330, -7.091953314418629972, -9.175385897002335867 ) ) ;
#2739 = DIRECTION ( 'NONE',  ( -0.02761996880506023891, -0.8806308699840952325, 0.4729972601974173352 ) ) ;
#2740 = ORIENTED_EDGE ( 'NONE', *, *, #3574, .F. ) ;
#2741 = ORIENTED_EDGE ( 'NONE', *, *, #2343, .F. ) ;
#2742 = ADVANCED_FACE ( 'NONE', ( #4025 ), #1963, .T. ) ;
#2743 = EDGE_CURVE ( 'NONE', #2904, #1124, #4134, .T. ) ;
#2744 = ORIENTED_EDGE ( 'NONE', *, *, #131, .F. ) ;
#2745 = FACE_OUTER_BOUND ( 'NONE', #1334, .T. ) ;
#2746 = LINE ( 'NONE', #961, #3915 ) ;
#2747 = VECTOR ( 'NONE', #1429, 1000.000000000000000 ) ;
#2748 = CARTESIAN_POINT ( 'NONE',  ( 23.67575695269609781, -12.92333413379070350, -5.994685385259641563 ) ) ;
#2749 = CARTESIAN_POINT ( 'NONE',  ( -14.22926277936059947, 9.507058635901405097, -30.02564386807074470 ) ) ;
#2750 = EDGE_LOOP ( 'NONE', ( #1315, #4570, #3458, #109 ) ) ;
#2751 = EDGE_CURVE ( 'NONE', #428, #1733, #4162, .T. ) ;
#2752 = ADVANCED_FACE ( 'NONE', ( #3402 ), #2678, .T. ) ;
#2753 = EDGE_CURVE ( 'NONE', #199, #4422, #850, .T. ) ;
#2754 = DIRECTION ( 'NONE',  ( -0.02761996880506091545, -0.8806308699840955656, 0.4729972601974166690 ) ) ;
#2755 = CARTESIAN_POINT ( 'NONE',  ( -20.69153562518335931, -20.62040759748718344, -1.624802003366596859 ) ) ;
#2756 = CIRCLE ( 'NONE', #901, 0.9999999999999992228 ) ;
#2757 = CARTESIAN_POINT ( 'NONE',  ( 6.598218857442473606, -14.96788516464052066, -14.81540417915056196 ) ) ;
#2758 = VECTOR ( 'NONE', #4569, 1000.000000000000114 ) ;
#2759 = CARTESIAN_POINT ( 'NONE',  ( 40.69467307587186156, 13.32423147190852752, -15.11846240559425603 ) ) ;
#2760 = VERTEX_POINT ( 'NONE', #107 ) ;
#2761 = DIRECTION ( 'NONE',  ( -0.02761996880505841051, -0.8806308699840952325, 0.4729972601974171686 ) ) ;
#2762 = CARTESIAN_POINT ( 'NONE',  ( 23.01221710433448209, 25.14216099787076075, -23.47404236934083244 ) ) ;
#2763 = VECTOR ( 'NONE', #2997, 1000.000000000000227 ) ;
#2764 = CIRCLE ( 'NONE', #3840, 0.5000000000000011102 ) ;
#2765 = VERTEX_POINT ( 'NONE', #3109 ) ;
#2766 = CIRCLE ( 'NONE', #3228, 2.841969467183057763 ) ;
#2767 = DIRECTION ( 'NONE',  ( -0.6992911315723363552, 0.000000000000000000, -0.7148369837272560146 ) ) ;
#2768 = DIRECTION ( 'NONE',  ( 0.02761996880506025626, 0.8806308699840952325, -0.4729972601974170576 ) ) ;
#2769 = DIRECTION ( 'NONE',  ( -0.02761996880506010360, -0.8806308699840951215, 0.4729972601974172797 ) ) ;
#2770 = VERTEX_POINT ( 'NONE', #2345 ) ;
#2771 = VECTOR ( 'NONE', #2769, 1000.000000000000227 ) ;
#2772 = VERTEX_POINT ( 'NONE', #2002 ) ;
#2773 = LINE ( 'NONE', #3900, #2448 ) ;
#2774 = FACE_OUTER_BOUND ( 'NONE', #752, .T. ) ;
#2775 = AXIS2_PLACEMENT_3D ( 'NONE', #800, #1993, #2285 ) ;
#2776 = PLANE ( 'NONE',  #4460 ) ;
#2777 = CARTESIAN_POINT ( 'NONE',  ( 23.50099550112052782, -14.05965478810308333, -6.006325943656434241 ) ) ;
#2778 = ORIENTED_EDGE ( 'NONE', *, *, #2666, .T. ) ;
#2779 = DIRECTION ( 'NONE',  ( -0.9948500600418254125, 0.07037895403468939770, 0.07293943284506385072 ) ) ;
#2780 = CARTESIAN_POINT ( 'NONE',  ( -11.59123901846007954, 11.77573725093226997, -28.45424171082853348 ) ) ;
#2781 = EDGE_CURVE ( 'NONE', #1123, #1436, #2324, .T. ) ;
#2782 = ADVANCED_FACE ( 'NONE', ( #4562 ), #513, .T. ) ;
#2783 = DIRECTION ( 'NONE',  ( 0.9978976218425263944, -0.05204337920380067845, -0.03862412461246927248 ) ) ;
#2784 = ORIENTED_EDGE ( 'NONE', *, *, #3800, .T. ) ;
#2785 = PLANE ( 'NONE',  #1923 ) ;
#2786 = CYLINDRICAL_SURFACE ( 'NONE', #3082, 0.9999999999999992228 ) ;
#2787 = PRODUCT_DEFINITION ( 'UNKNOWN', '', #1306, #2950 ) ;
#2788 = EDGE_CURVE ( 'NONE', #2772, #4189, #3419, .T. ) ;
#2789 = ORIENTED_EDGE ( 'NONE', *, *, #1598, .F. ) ;
#2790 = CARTESIAN_POINT ( 'NONE',  ( -11.43624980274926273, 13.95832744500459555, -26.49580098256492278 ) ) ;
#2791 = LINE ( 'NONE', #2038, #1934 ) ;
#2792 = DIRECTION ( 'NONE',  ( 0.7218293686107699614, 0.3097661803695451188, 0.6188758163882634999 ) ) ;
#2793 =( BOUNDED_CURVE ( )  B_SPLINE_CURVE ( 3, ( #1255, #4141, #4523, #3042 ),
 .UNSPECIFIED., .F., .T. ) 
 B_SPLINE_CURVE_WITH_KNOTS ( ( 4, 4 ),
 ( 4.712388980384689674, 6.283185307179586232 ),
 .UNSPECIFIED. ) 
 CURVE ( )  GEOMETRIC_REPRESENTATION_ITEM ( )  RATIONAL_B_SPLINE_CURVE ( ( 1.000000000000000000, 0.8047378541243649375, 0.8047378541243649375, 1.000000000000000000 ) ) 
 REPRESENTATION_ITEM ( '' )  );
#2794 = ORIENTED_EDGE ( 'NONE', *, *, #2902, .T. ) ;
#2795 = ORIENTED_EDGE ( 'NONE', *, *, #2729, .F. ) ;
#2796 = ORIENTED_EDGE ( 'NONE', *, *, #3694, .T. ) ;
#2797 = CARTESIAN_POINT ( 'NONE',  ( -11.59123901846008131, 11.77573725093226287, -28.45424171082853704 ) ) ;
#2798 = DIRECTION ( 'NONE',  ( -0.7178389848728512490, -0.3118236648168477565, -0.6224734483147892350 ) ) ;
#2799 = CARTESIAN_POINT ( 'NONE',  ( 4.898131941082414009, -10.13920180991763154, -18.59124481128301909 ) ) ;
#2800 = CARTESIAN_POINT ( 'NONE',  ( -13.97978033024277522, 9.513646656940814239, -30.05686884649987078 ) ) ;
#2801 = VERTEX_POINT ( 'NONE', #178 ) ;
#2802 = DIRECTION ( 'NONE',  ( -0.02761996880505734886, -0.8806308699840947884, 0.4729972601974181123 ) ) ;
#2803 = DIRECTION ( 'NONE',  ( 0.000000000000000000, 0.4731777794655594449, 0.8809669625020239980 ) ) ;
#2804 = CARTESIAN_POINT ( 'NONE',  ( -12.24054875725937386, -8.926755362426783691, -17.33468796914225152 ) ) ;
#2805 = ADVANCED_FACE ( 'NONE', ( #3375 ), #913, .T. ) ;
#2806 = EDGE_CURVE ( 'NONE', #4145, #3333, #3766, .T. ) ;
#2807 = PLANE ( 'NONE',  #1284 ) ;
#2808 = ORIENTED_EDGE ( 'NONE', *, *, #1622, .T. ) ;
#2809 = CYLINDRICAL_SURFACE ( 'NONE', #4369, 2.841969467183057763 ) ;
#2810 = FACE_OUTER_BOUND ( 'NONE', #3270, .T. ) ;
#2811 = EDGE_CURVE ( 'NONE', #3710, #727, #4592, .T. ) ;
#2812 = ORIENTED_EDGE ( 'NONE', *, *, #1665, .F. ) ;
#2813 = CARTESIAN_POINT ( 'NONE',  ( -19.96199227291579348, -9.209411381311783273, -9.318343103783991666 ) ) ;
#2814 = DIRECTION ( 'NONE',  ( -0.6915197032147273326, 0.3585166444257757434, 0.6271094926211031595 ) ) ;
#2815 = EDGE_LOOP ( 'NONE', ( #197, #2983, #102, #2259 ) ) ;
#2816 = ORIENTED_EDGE ( 'NONE', *, *, #4180, .T. ) ;
#2817 = ORIENTED_EDGE ( 'NONE', *, *, #2039, .F. ) ;
#2818 = DIRECTION ( 'NONE',  ( 0.6915197032147273326, -0.3585166444257757434, -0.6271094926211031595 ) ) ;
#2819 = CARTESIAN_POINT ( 'NONE',  ( -14.08691428345591135, 10.20919822031077118, -29.79934566861392753 ) ) ;
#2820 = CARTESIAN_POINT ( 'NONE',  ( 9.974113101754266353, 8.281154536819133938, -28.88986954656543205 ) ) ;
#2821 = DIRECTION ( 'NONE',  ( 0.7470778262826895944, 0.2962018438469778969, 0.5950959495563568069 ) ) ;
#2822 = ORIENTED_EDGE ( 'NONE', *, *, #1209, .F. ) ;
#2823 = VERTEX_POINT ( 'NONE', #1564 ) ;
#2824 = CARTESIAN_POINT ( 'NONE',  ( -1.101348643323422527, 15.79840536051563937, -16.33532127662354227 ) ) ;
#2825 = CARTESIAN_POINT ( 'NONE',  ( -1.943757691877757710, -11.06083617399926133, -1.908904840602313691 ) ) ;
#2826 = CARTESIAN_POINT ( 'NONE',  ( 8.665613465825380501, -6.452207964174274224, 7.291002085818930389 ) ) ;
#2827 = VECTOR ( 'NONE', #2197, 1000.000000000000114 ) ;
#2828 =( BOUNDED_CURVE ( )  B_SPLINE_CURVE ( 3, ( #84, #3712, #4450, #1164 ),
 .UNSPECIFIED., .F., .T. ) 
 B_SPLINE_CURVE_WITH_KNOTS ( ( 4, 4 ),
 ( -8.881784197001252323E-16, 0.3975674973134110113 ),
 .UNSPECIFIED. ) 
 CURVE ( )  GEOMETRIC_REPRESENTATION_ITEM ( )  RATIONAL_B_SPLINE_CURVE ( ( 1.000000000000000000, 0.9868716564879825848, 0.9868716564879825848, 1.000000000000000000 ) ) 
 REPRESENTATION_ITEM ( '' )  );
#2829 = CARTESIAN_POINT ( 'NONE',  ( 7.003259605025754730, 7.480869747141221104, -31.30265797920511162 ) ) ;
#2830 = ORIENTED_EDGE ( 'NONE', *, *, #1308, .F. ) ;
#2831 = AXIS2_PLACEMENT_3D ( 'NONE', #4708, #735, #1063 ) ;
#2832 = DIRECTION ( 'NONE',  ( -0.02761996880506026320, -0.8806308699840952325, 0.4729972601974170576 ) ) ;
#2833 = CARTESIAN_POINT ( 'NONE',  ( 14.76177203118934678, 12.51237946325123396, -26.36246953876438326 ) ) ;
#2834 = ORIENTED_EDGE ( 'NONE', *, *, #698, .T. ) ;
#2835 = FACE_OUTER_BOUND ( 'NONE', #416, .T. ) ;
#2836 = VECTOR ( 'NONE', #91, 1000.000000000000000 ) ;
#2837 = CARTESIAN_POINT ( 'NONE',  ( -18.13767438264216025, 15.39665200227823050, -19.39948108645321057 ) ) ;
#2838 = EDGE_CURVE ( 'NONE', #727, #3155, #1312, .T. ) ;
#2839 = EDGE_CURVE ( 'NONE', #175, #1495, #3756, .T. ) ;
#2840 = VERTEX_POINT ( 'NONE', #2362 ) ;
#2841 = EDGE_CURVE ( 'NONE', #3274, #199, #4544, .T. ) ;
#2842 = ORIENTED_EDGE ( 'NONE', *, *, #4265, .T. ) ;
#2843 = VECTOR ( 'NONE', #1218, 999.9999999999998863 ) ;
#2844 = ORIENTED_EDGE ( 'NONE', *, *, #4443, .T. ) ;
#2845 = LINE ( 'NONE', #2915, #4740 ) ;
#2846 = DIRECTION ( 'NONE',  ( -0.02761996880506027013, -0.8806308699840952325, 0.4729972601974169466 ) ) ;
#2847 = CARTESIAN_POINT ( 'NONE',  ( 14.34755307095396404, -12.30202528997832623, -12.78225314247173827 ) ) ;
#2848 = AXIS2_PLACEMENT_3D ( 'NONE', #1259, #1988, #3118 ) ;
#2849 = VECTOR ( 'NONE', #3245, 1000.000000000000114 ) ;
#2850 = CARTESIAN_POINT ( 'NONE',  ( -15.12076518656830437, -16.29439455520935098, -16.15824057068608965 ) ) ;
#2851 = VERTEX_POINT ( 'NONE', #3022 ) ;
#2852 = CYLINDRICAL_SURFACE ( 'NONE', #375, 1.000000000000000222 ) ;
#2853 = CIRCLE ( 'NONE', #2080, 0.5000000000000011102 ) ;
#2854 = AXIS2_PLACEMENT_3D ( 'NONE', #3232, #3931, #1736 ) ;
#2855 = DIRECTION ( 'NONE',  ( -0.07312074838872247018, 0.000000000000000000, -0.9973230951677962697 ) ) ;
#2856 = CARTESIAN_POINT ( 'NONE',  ( -12.34149428033511242, -14.90434931872412427, -10.99331577959457640 ) ) ;
#2857 = DIRECTION ( 'NONE',  ( -0.6717662746973352972, 0.000000000000000000, -0.7407631687518381192 ) ) ;
#2858 = CIRCLE ( 'NONE', #2477, 1.000000000000000666 ) ;
#2859 = CARTESIAN_POINT ( 'NONE',  ( -18.60541537164374759, 1.777651033937272862, -16.39995348492241334 ) ) ;
#2860 = DIRECTION ( 'NONE',  ( 0.000000000000000000, -0.8846973849210604257, 0.4661657828646769142 ) ) ;
#2861 = VERTEX_POINT ( 'NONE', #4475 ) ;
#2862 = DIRECTION ( 'NONE',  ( 0.02761996880506026320, 0.8806308699840952325, -0.4729972601974170021 ) ) ;
#2863 = EDGE_LOOP ( 'NONE', ( #3822, #3116, #4600, #4021 ) ) ;
#2864 = DIRECTION ( 'NONE',  ( 0.6508913630218426949, 0.000000000000000000, -0.7591708856005792150 ) ) ;
#2865 = FACE_OUTER_BOUND ( 'NONE', #4307, .T. ) ;
#2866 = VERTEX_POINT ( 'NONE', #2658 ) ;
#2867 = EDGE_CURVE ( 'NONE', #4112, #650, #822, .T. ) ;
#2868 = ORIENTED_EDGE ( 'NONE', *, *, #4499, .F. ) ;
#2869 = DIRECTION ( 'NONE',  ( 0.7470778262826892613, 0.2962018438469780635, 0.5950959495563572510 ) ) ;
#2870 = EDGE_CURVE ( 'NONE', #2823, #4145, #824, .T. ) ;
#2871 =( NAMED_UNIT ( * ) PLANE_ANGLE_UNIT ( ) SI_UNIT ( $, .RADIAN. ) );
#2872 = CARTESIAN_POINT ( 'NONE',  ( 10.27068117802331848, 7.910544442972587298, -28.45420482115230243 ) ) ;
#2873 = CYLINDRICAL_SURFACE ( 'NONE', #2237, 0.5000000000000011102 ) ;
#2874 = EDGE_LOOP ( 'NONE', ( #2424, #2062, #957, #4343, #2116, #937, #2191, #2100 ) ) ;
#2875 = ORIENTED_EDGE ( 'NONE', *, *, #2517, .T. ) ;
#2876 = CARTESIAN_POINT ( 'NONE',  ( 16.29738816689524938, 12.88081748566524709, -20.75134131798075998 ) ) ;
#2877 = DIRECTION ( 'NONE',  ( 0.7218293686107699614, 0.3097661803695451188, 0.6188758163882637220 ) ) ;
#2878 = ADVANCED_FACE ( 'NONE', ( #3878 ), #299, .F. ) ;
#2879 = FACE_OUTER_BOUND ( 'NONE', #992, .T. ) ;
#2880 = ORIENTED_EDGE ( 'NONE', *, *, #2578, .T. ) ;
#2881 = DIRECTION ( 'NONE',  ( 0.6508913630218421398, 1.156482317317870936E-15, -0.7591708856005797701 ) ) ;
#2882 = LINE ( 'NONE', #3510, #1612 ) ;
#2883 = ORIENTED_EDGE ( 'NONE', *, *, #757, .F. ) ;
#2884 = DIRECTION ( 'NONE',  ( -0.02761996880506026320, -0.8806308699840952325, 0.4729972601974170576 ) ) ;
#2885 = DIRECTION ( 'NONE',  ( -0.6508913630218420288, 0.000000000000000000, 0.7591708856005797701 ) ) ;
#2886 = VERTEX_POINT ( 'NONE', #3186 ) ;
#2887 =( BOUNDED_CURVE ( )  B_SPLINE_CURVE ( 3, ( #906, #3103, #173, #4249 ),
 .UNSPECIFIED., .F., .T. ) 
 B_SPLINE_CURVE_WITH_KNOTS ( ( 4, 4 ),
 ( 4.712388980384690562, 5.794221352688593285 ),
 .UNSPECIFIED. ) 
 CURVE ( )  GEOMETRIC_REPRESENTATION_ITEM ( )  RATIONAL_B_SPLINE_CURVE ( ( 1.000000000000000000, 0.9048248514499338535, 0.9048248514499338535, 1.000000000000000000 ) ) 
 REPRESENTATION_ITEM ( '' )  );
#2888 = ORIENTED_EDGE ( 'NONE', *, *, #2931, .F. ) ;
#2889 = CARTESIAN_POINT ( 'NONE',  ( 6.936930692670600251, 7.056574831159085015, -31.06887519908380213 ) ) ;
#2890 = CARTESIAN_POINT ( 'NONE',  ( -12.07257911635465852, 8.484497352582543783, -28.69031507297011885 ) ) ;
#2891 = CARTESIAN_POINT ( 'NONE',  ( 20.14870714574534105, -12.55982493417641344, -12.92347728052443578 ) ) ;
#2892 = CARTESIAN_POINT ( 'NONE',  ( -7.816283842434224916, -14.07956109689502000, -26.66988313713980929 ) ) ;
#2893 = ORIENTED_EDGE ( 'NONE', *, *, #698, .F. ) ;
#2894 = ADVANCED_FACE ( 'NONE', ( #4275 ), #202, .F. ) ;
#2895 = DIRECTION ( 'NONE',  ( -0.9948500600418255235, 0.07037895403468684419, 0.07293943284506469726 ) ) ;
#2896 = EDGE_CURVE ( 'NONE', #2993, #1964, #634, .T. ) ;
#2897 = CARTESIAN_POINT ( 'NONE',  ( 9.683854566290619914, 10.74611317547677203, -29.12887843928697151 ) ) ;
#2898 = CARTESIAN_POINT ( 'NONE',  ( 15.51930908256155561, 13.29630777448551449, -26.15432598739891290 ) ) ;
#2899 = CARTESIAN_POINT ( 'NONE',  ( 7.619135102901102741, 10.19500778332609947, -26.25856140759687207 ) ) ;
#2900 = EDGE_CURVE ( 'NONE', #175, #3491, #4658, .T. ) ;
#2901 = ADVANCED_FACE ( 'NONE', ( #3130 ), #585, .T. ) ;
#2902 = EDGE_CURVE ( 'NONE', #219, #4687, #563, .T. ) ;
#2903 = DIRECTION ( 'NONE',  ( -0.02761996880506016952, -0.8806308699840952325, 0.4729972601974173352 ) ) ;
#2904 = VERTEX_POINT ( 'NONE', #654 ) ;
#2905 = AXIS2_PLACEMENT_3D ( 'NONE', #2922, #38, #1830 ) ;
#2906 = DIRECTION ( 'NONE',  ( -0.7178389848728512490, -0.3118236648168477565, -0.6224734483147892350 ) ) ;
#2907 = AXIS2_PLACEMENT_3D ( 'NONE', #3498, #4566, #920 ) ;
#2908 = ORIENTED_EDGE ( 'NONE', *, *, #3925, .F. ) ;
#2909 = CARTESIAN_POINT ( 'NONE',  ( -2.129078095178684737, -16.13136387833181118, -13.47426098033924546 ) ) ;
#2910 = CARTESIAN_POINT ( 'NONE',  ( 25.53603436368496560, 15.46284505210169868, -21.53573422954854166 ) ) ;
#2911 = VECTOR ( 'NONE', #3447, 1000.000000000000000 ) ;
#2912 = ORIENTED_EDGE ( 'NONE', *, *, #1249, .T. ) ;
#2913 = ORIENTED_EDGE ( 'NONE', *, *, #1535, .F. ) ;
#2914 = EDGE_LOOP ( 'NONE', ( #3759, #2681, #2816, #3846, #4467, #2248, #4626, #2200, #2070, #337, #2166, #1792, #3587, #2620, #1140, #566, #2470 ) ) ;
#2915 = CARTESIAN_POINT ( 'NONE',  ( -13.60295663626247276, -13.01915311504190775, -7.557100480289141942 ) ) ;
#2916 = AXIS2_PLACEMENT_3D ( 'NONE', #1655, #2798, #1294 ) ;
#2917 = DIRECTION ( 'NONE',  ( 0.02761996880505984686, 0.8806308699840955656, -0.4729972601974163915 ) ) ;
#2918 = DIRECTION ( 'NONE',  ( -0.02761996880506084606, -0.8806308699840947884, 0.4729972601974178348 ) ) ;
#2919 = LINE ( 'NONE', #4375, #4602 ) ;
#2920 = ORIENTED_EDGE ( 'NONE', *, *, #3308, .T. ) ;
#2921 = AXIS2_PLACEMENT_3D ( 'NONE', #4508, #142, #2986 ) ;
#2922 = CARTESIAN_POINT ( 'NONE',  ( -1.863659782343083382, -8.507006651045395884, -3.280596895174819672 ) ) ;
#2923 = DIRECTION ( 'NONE',  ( 0.000000000000000000, -0.8822448537311108341, 0.4707908432254931386 ) ) ;
#2924 = CARTESIAN_POINT ( 'NONE',  ( 5.226994411507006610, 6.929487307222758297, -30.57526503552736585 ) ) ;
#2925 = VECTOR ( 'NONE', #4601, 1000.000000000000227 ) ;
#2926 = CARTESIAN_POINT ( 'NONE',  ( -1.021250733788744869, 12.99648128585895179, -27.67840713613206916 ) ) ;
#2927 = CARTESIAN_POINT ( 'NONE',  ( 14.85514655817468466, 13.66611007103423248, -25.50460727698081698 ) ) ;
#2928 = AXIS2_PLACEMENT_3D ( 'NONE', #3090, #3879, #4545 ) ;
#2929 = VECTOR ( 'NONE', #3443, 999.9999999999998863 ) ;
#2930 = CARTESIAN_POINT ( 'NONE',  ( 6.837688398001633416, 8.191293326322748314, -31.38823527450959716 ) ) ;
#2931 = EDGE_CURVE ( 'NONE', #3634, #678, #4587, .T. ) ;
#2932 = ORIENTED_EDGE ( 'NONE', *, *, #1870, .T. ) ;
#2933 = ADVANCED_FACE ( 'NONE', ( #609 ), #4232, .F. ) ;
#2934 = VECTOR ( 'NONE', #1894, 1000.000000000000114 ) ;
#2935 = CIRCLE ( 'NONE', #3690, 0.9999999999999986677 ) ;
#2936 = ORIENTED_EDGE ( 'NONE', *, *, #4150, .T. ) ;
#2937 = DIRECTION ( 'NONE',  ( 0.9948500600418256345, -0.07037895403468660827, -0.07293943284506483604 ) ) ;
#2938 = DIRECTION ( 'NONE',  ( -0.02761996880506054075, -0.8806308699840953436, 0.4729972601974171686 ) ) ;
#2939 = EDGE_CURVE ( 'NONE', #2735, #1260, #3951, .T. ) ;
#2940 = VERTEX_POINT ( 'NONE', #1685 ) ;
#2941 = ORIENTED_EDGE ( 'NONE', *, *, #550, .F. ) ;
#2942 = ORIENTED_EDGE ( 'NONE', *, *, #1071, .T. ) ;
#2943 = CARTESIAN_POINT ( 'NONE',  ( 7.312744386014066400, 7.226011186453874302, -31.00816258251460411 ) ) ;
#2944 = CARTESIAN_POINT ( 'NONE',  ( 15.91138205807486905, -21.00248666207274439, -19.37574156612164700 ) ) ;
#2945 = CARTESIAN_POINT ( 'NONE',  ( 6.799844629719411060, -8.539279813756619930, -18.26828417859170628 ) ) ;
#2946 = DIRECTION ( 'NONE',  ( 0.02761996880506022503, 0.8806308699840950105, -0.4729972601974173352 ) ) ;
#2947 = VERTEX_POINT ( 'NONE', #2872 ) ;
#2948 = LINE ( 'NONE', #2638, #448 ) ;
#2949 = DIRECTION ( 'NONE',  ( -0.6915197032147289979, 0.3585166444257749663, 0.6271094926211017162 ) ) ;
#2950 = PRODUCT_DEFINITION_CONTEXT ( 'detailed design', #3031, 'design' ) ;
#2951 = DIRECTION ( 'NONE',  ( -0.02761996880506026666, -0.8806308699840952325, 0.4729972601974171131 ) ) ;
#2952 = CARTESIAN_POINT ( 'NONE',  ( 5.691576935904682166, -17.24555243749267675, -17.63041384298897540 ) ) ;
#2953 = LINE ( 'NONE', #2542, #1767 ) ;
#2954 = FACE_OUTER_BOUND ( 'NONE', #1921, .T. ) ;
#2955 = VERTEX_POINT ( 'NONE', #2847 ) ;
#2956 = APPLICATION_PROTOCOL_DEFINITION ( 'draft international standard', 'automotive_design', 1998, #3031 ) ;
#2957 = ADVANCED_FACE ( 'NONE', ( #1347 ), #3517, .T. ) ;
#2958 = EDGE_CURVE ( 'NONE', #2955, #3195, #4254, .T. ) ;
#2959 = ORIENTED_EDGE ( 'NONE', *, *, #980, .F. ) ;
#2960 = DIRECTION ( 'NONE',  ( -0.02761996880506018340, -0.8806308699840952325, 0.4729972601974169466 ) ) ;
#2961 = CARTESIAN_POINT ( 'NONE',  ( 4.255044643186635334, 5.585587472579525148, -25.52306854676090353 ) ) ;
#2962 = EDGE_LOOP ( 'NONE', ( #2525, #2631, #1690, #2822 ) ) ;
#2963 = ADVANCED_FACE ( 'NONE', ( #276 ), #2776, .T. ) ;
#2964 = ORIENTED_EDGE ( 'NONE', *, *, #696, .T. ) ;
#2965 = DIRECTION ( 'NONE',  ( 0.6641625243868698458, -0.3698022965487172131, -0.6497187104180971451 ) ) ;
#2966 = CARTESIAN_POINT ( 'NONE',  ( -10.84545623356229349, 8.822981296687146369, -27.98846638620049987 ) ) ;
#2967 = CARTESIAN_POINT ( 'NONE',  ( 19.54929222525878885, -18.69044586937219066, -16.97290849352949138 ) ) ;
#2968 = CARTESIAN_POINT ( 'NONE',  ( -14.90953055768600954, -16.01197687328153663, -15.71558285190057269 ) ) ;
#2969 = ORIENTED_EDGE ( 'NONE', *, *, #130, .T. ) ;
#2970 = LINE ( 'NONE', #3024, #2747 ) ;
#2971 = DIRECTION ( 'NONE',  ( 0.7470778262826895944, 0.2962018438469778414, 0.5950959495563569179 ) ) ;
#2972 = DIRECTION ( 'NONE',  ( 0.000000000000000000, -0.4731777794655594449, -0.8809669625020239980 ) ) ;
#2973 = DIRECTION ( 'NONE',  ( 0.6641625243868698458, -0.3698022965487182123, -0.6497187104180965900 ) ) ;
#2974 = LINE ( 'NONE', #2679, #1608 ) ;
#2975 = ORIENTED_EDGE ( 'NONE', *, *, #3450, .T. ) ;
#2976 = DIRECTION ( 'NONE',  ( -0.7218293686107689622, -0.3097661803695453964, -0.6188758163882644991 ) ) ;
#2977 = ORIENTED_EDGE ( 'NONE', *, *, #1457, .T. ) ;
#2978 = CARTESIAN_POINT ( 'NONE',  ( -13.85397821676592400, 9.504747003096012392, -30.06609228144375479 ) ) ;
#2979 = ORIENTED_EDGE ( 'NONE', *, *, #3693, .T. ) ;
#2980 = DIRECTION ( 'NONE',  ( 0.7470778262826898164, 0.2962018438469778414, 0.5950959495563565849 ) ) ;
#2981 = CARTESIAN_POINT ( 'NONE',  ( -1.101348643323422527, 15.79840536051563937, -16.33532127662354227 ) ) ;
#2982 = CIRCLE ( 'NONE', #63, 1.500000000000000444 ) ;
#2983 = ORIENTED_EDGE ( 'NONE', *, *, #3254, .T. ) ;
#2984 = ORIENTED_EDGE ( 'NONE', *, *, #4242, .F. ) ;
#2985 = FACE_OUTER_BOUND ( 'NONE', #450, .T. ) ;
#2986 = DIRECTION ( 'NONE',  ( 0.6508913630218422508, -1.679245828595987563E-16, -0.7591708856005796591 ) ) ;
#2987 = EDGE_CURVE ( 'NONE', #3395, #2947, #4405, .T. ) ;
#2988 = AXIS2_PLACEMENT_3D ( 'NONE', #280, #1017, #2855 ) ;
#2989 = EDGE_CURVE ( 'NONE', #2823, #706, #11, .T. ) ;
#2990 = CARTESIAN_POINT ( 'NONE',  ( -9.350859606451631834, 12.33379646315936284, -23.26748147882763362 ) ) ;
#2991 = EDGE_CURVE ( 'NONE', #4034, #3195, #675, .T. ) ;
#2992 = CARTESIAN_POINT ( 'NONE',  ( 8.770947038721351063, -16.62851291063111958, -11.64919000849703679 ) ) ;
#2993 = VERTEX_POINT ( 'NONE', #2891 ) ;
#2994 = CARTESIAN_POINT ( 'NONE',  ( 9.711474535095677041, 11.62674404546086926, -29.60187569948439190 ) ) ;
#2995 = VECTOR ( 'NONE', #1309, 1000.000000000000000 ) ;
#2996 = CARTESIAN_POINT ( 'NONE',  ( -11.52368042333961107, 12.24123091047678180, -28.57668945199682398 ) ) ;
#2997 = DIRECTION ( 'NONE',  ( -0.9948500600418254125, 0.07037895403468676092, 0.07293943284506475278 ) ) ;
#2998 = DIRECTION ( 'NONE',  ( -0.7218293686107700724, -0.3097661803695450078, -0.6188758163882633889 ) ) ;
#2999 = AXIS2_PLACEMENT_3D ( 'NONE', #784, #3689, #3627 ) ;
#3000 = DIRECTION ( 'NONE',  ( -0.02761996880506026320, -0.8806308699840952325, 0.4729972601974172242 ) ) ;
#3001 = EDGE_CURVE ( 'NONE', #474, #4130, #1231, .T. ) ;
#3002 = CARTESIAN_POINT ( 'NONE',  ( 8.770947038721351063, -16.62851291063111958, -11.64919000849703679 ) ) ;
#3003 = ORIENTED_EDGE ( 'NONE', *, *, #2781, .T. ) ;
#3004 = VECTOR ( 'NONE', #2407, 1000.000000000000227 ) ;
#3005 = AXIS2_PLACEMENT_3D ( 'NONE', #3386, #3029, #794 ) ;
#3006 = AXIS2_PLACEMENT_3D ( 'NONE', #4538, #1677, #1971 ) ;
#3007 = ORIENTED_EDGE ( 'NONE', *, *, #2456, .T. ) ;
#3008 = VECTOR ( 'NONE', #2510, 1000.000000000000114 ) ;
#3009 = DIRECTION ( 'NONE',  ( 0.000000000000000000, -0.4731777794655595004, -0.8809669625020238870 ) ) ;
#3010 = CARTESIAN_POINT ( 'NONE',  ( -12.29592133180676150, -13.45130838325037814, -11.77376125892030956 ) ) ;
#3011 = VECTOR ( 'NONE', #292, 1000.000000000000114 ) ;
#3012 = EDGE_LOOP ( 'NONE', ( #2979, #32, #121, #170, #3493, #2662 ) ) ;
#3013 = ORIENTED_EDGE ( 'NONE', *, *, #3257, .T. ) ;
#3014 = DIRECTION ( 'NONE',  ( -0.7218293686107700724, -0.3097661803695447857, -0.6188758163882634999 ) ) ;
#3015 = DIRECTION ( 'NONE',  ( 0.9873058111426069594, -0.1280903551273005203, 0.09391536725904321703 ) ) ;
#3016 = LINE ( 'NONE', #4470, #3765 ) ;
#3017 = ORIENTED_EDGE ( 'NONE', *, *, #3552, .T. ) ;
#3018 = EDGE_CURVE ( 'NONE', #483, #4682, #1806, .T. ) ;
#3019 = ADVANCED_FACE ( 'NONE', ( #326 ), #1130, .F. ) ;
#3020 = DIRECTION ( 'NONE',  ( 0.7470778262826889282, 0.2962018438469780635, 0.5950959495563576951 ) ) ;
#3021 = LINE ( 'NONE', #3755, #3681 ) ;
#3022 = CARTESIAN_POINT ( 'NONE',  ( 21.49060642769773466, 10.25688237807597325, -31.46447256973888784 ) ) ;
#3023 = LINE ( 'NONE', #2659, #470 ) ;
#3024 = CARTESIAN_POINT ( 'NONE',  ( -6.824264761323442841, 13.16921852979398722, -23.89014273425910417 ) ) ;
#3025 = ADVANCED_FACE ( 'NONE', ( #2608 ), #2246, .T. ) ;
#3026 = FACE_OUTER_BOUND ( 'NONE', #2513, .T. ) ;
#3027 = ORIENTED_EDGE ( 'NONE', *, *, #4413, .F. ) ;
#3028 = VERTEX_POINT ( 'NONE', #349 ) ;
#3029 = DIRECTION ( 'NONE',  ( 0.02761996880506026666, 0.8806308699840952325, -0.4729972601974171131 ) ) ;
#3030 = DIRECTION ( 'NONE',  ( -0.6508913630218432500, 0.000000000000000000, 0.7591708856005789929 ) ) ;
#3031 = APPLICATION_CONTEXT ( 'automotive_design' ) ;
#3032 = ORIENTED_EDGE ( 'NONE', *, *, #1838, .T. ) ;
#3033 = DIRECTION ( 'NONE',  ( 0.07312074838872203997, 0.000000000000000000, 0.9973230951677962697 ) ) ;
#3034 = CARTESIAN_POINT ( 'NONE',  ( -14.97444001727004625, -15.57246989738804288, -15.99028156748162921 ) ) ;
#3035 = CARTESIAN_POINT ( 'NONE',  ( 30.21399332201537291, -22.19125304629178075, -26.88493241580916404 ) ) ;
#3036 = VERTEX_POINT ( 'NONE', #1031 ) ;
#3037 = LINE ( 'NONE', #3348, #3289 ) ;
#3038 = CARTESIAN_POINT ( 'NONE',  ( 7.237927065200334020, 8.012636491205340050, -31.61248773406478918 ) ) ;
#3039 = CARTESIAN_POINT ( 'NONE',  ( 7.699233012435778178, 18.07856423210342456, -17.70731636628301331 ) ) ;
#3040 = EDGE_CURVE ( 'NONE', #3752, #2243, #750, .T. ) ;
#3041 = FACE_OUTER_BOUND ( 'NONE', #4712, .T. ) ;
#3042 = CARTESIAN_POINT ( 'NONE',  ( 25.50841439487990669, 14.58221418211759968, -21.06273696935112127 ) ) ;
#3043 = ORIENTED_EDGE ( 'NONE', *, *, #3336, .F. ) ;
#3044 = EDGE_CURVE ( 'NONE', #2447, #3810, #730, .T. ) ;
#3045 = EDGE_CURVE ( 'NONE', #4029, #413, #3662, .T. ) ;
#3046 = EDGE_CURVE ( 'NONE', #204, #2840, #3277, .T. ) ;
#3047 = ORIENTED_EDGE ( 'NONE', *, *, #4268, .T. ) ;
#3048 = LINE ( 'NONE', #1173, #1534 ) ;
#3049 = DIRECTION ( 'NONE',  ( -0.02761996880506039503, -0.8806308699840951215, 0.4729972601974173352 ) ) ;
#3050 = VERTEX_POINT ( 'NONE', #2990 ) ;
#3051 = EDGE_LOOP ( 'NONE', ( #2637, #4171, #1292, #2441, #230, #116 ) ) ;
#3052 = PLANE ( 'NONE',  #1919 ) ;
#3053 = CARTESIAN_POINT ( 'NONE',  ( -11.98272022981194596, -13.99073337826007801, -15.98389917208415234 ) ) ;
#3054 = FACE_OUTER_BOUND ( 'NONE', #2914, .T. ) ;
#3055 = VERTEX_POINT ( 'NONE', #4420 ) ;
#3056 = ORIENTED_EDGE ( 'NONE', *, *, #1010, .F. ) ;
#3057 = ORIENTED_EDGE ( 'NONE', *, *, #2939, .T. ) ;
#3058 = FACE_OUTER_BOUND ( 'NONE', #4079, .T. ) ;
#3059 = AXIS2_PLACEMENT_3D ( 'NONE', #1446, #3328, #3647 ) ;
#3060 = DIRECTION ( 'NONE',  ( 0.7470778262826890392, 0.2962018438469778414, 0.5950959495563576951 ) ) ;
#3061 = CARTESIAN_POINT ( 'NONE',  ( -10.11317074547129380, -11.97161554840168129, -10.21275709737890303 ) ) ;
#3062 = DIRECTION ( 'NONE',  ( -0.6641625243868700679, 0.3698022965487182678, 0.6497187104180963679 ) ) ;
#3063 = VECTOR ( 'NONE', #3837, 999.9999999999998863 ) ;
#3064 = ORIENTED_EDGE ( 'NONE', *, *, #1700, .T. ) ;
#3065 = DIRECTION ( 'NONE',  ( -0.02761996880505636354, -0.8806308699840962317, 0.4729972601974155588 ) ) ;
#3066 = VERTEX_POINT ( 'NONE', #2219 ) ;
#3067 = VECTOR ( 'NONE', #1697, 1000.000000000000114 ) ;
#3068 = VECTOR ( 'NONE', #3014, 1000.000000000000000 ) ;
#3069 = EDGE_CURVE ( 'NONE', #3439, #3529, #3683, .T. ) ;
#3070 = EDGE_CURVE ( 'NONE', #1290, #4682, #4001, .T. ) ;
#3071 = CARTESIAN_POINT ( 'NONE',  ( 10.34801709067748732, 10.37631087892805226, -29.77859714970506744 ) ) ;
#3072 = ORIENTED_EDGE ( 'NONE', *, *, #3069, .F. ) ;
#3073 = DIRECTION ( 'NONE',  ( 0.6508913630218422508, 0.000000000000000000, -0.7591708856005796591 ) ) ;
#3074 = CIRCLE ( 'NONE', #3005, 11.26368810438060741 ) ;
#3075 = DIRECTION ( 'NONE',  ( 0.9948500600418255235, -0.07037895403468678868, -0.07293943284506475278 ) ) ;
#3076 = AXIS2_PLACEMENT_3D ( 'NONE', #819, #4446, #2268 ) ;
#3077 = VECTOR ( 'NONE', #3969, 1000.000000000000114 ) ;
#3078 = ORIENTED_EDGE ( 'NONE', *, *, #3833, .T. ) ;
#3079 = CARTESIAN_POINT ( 'NONE',  ( 15.56772386394819563, -6.074516015414279657, -10.40053862858595579 ) ) ;
#3080 = EDGE_CURVE ( 'NONE', #3932, #3657, #3256, .T. ) ;
#3081 = CARTESIAN_POINT ( 'NONE',  ( -10.54562102027993475, -13.76062993407084178, -15.47157309332713204 ) ) ;
#3082 = AXIS2_PLACEMENT_3D ( 'NONE', #951, #1338, #1670 ) ;
#3083 = SPHERICAL_SURFACE ( 'NONE', #320, 0.5000000000000000000 ) ;
#3084 = ORIENTED_EDGE ( 'NONE', *, *, #2260, .F. ) ;
#3085 = ORIENTED_EDGE ( 'NONE', *, *, #1743, .F. ) ;
#3086 = EDGE_LOOP ( 'NONE', ( #1244, #4714, #4520, #646, #459 ) ) ;
#3087 = DIRECTION ( 'NONE',  ( 0.7470778262826894833, 0.2962018438469779524, 0.5950959495563570290 ) ) ;
#3088 = CARTESIAN_POINT ( 'NONE',  ( 25.53603436368496560, 15.46284505210169868, -21.53573422954854166 ) ) ;
#3089 = CARTESIAN_POINT ( 'NONE',  ( -18.60541537164374759, 1.777651033937272862, -16.39995348492241334 ) ) ;
#3090 = CARTESIAN_POINT ( 'NONE',  ( 8.816587545811719551, -16.90569614202381743, -14.27676446908808394 ) ) ;
#3091 = VERTEX_POINT ( 'NONE', #2945 ) ;
#3092 = LINE ( 'NONE', #4547, #3831 ) ;
#3093 = DIRECTION ( 'NONE',  ( -0.6992911315723374654, 0.000000000000000000, -0.7148369837272550154 ) ) ;
#3094 = ORIENTED_EDGE ( 'NONE', *, *, #2727, .T. ) ;
#3095 = CARTESIAN_POINT ( 'NONE',  ( 4.542962681056770258, -15.65355496736749252, -18.11476389578850643 ) ) ;
#3096 = CARTESIAN_POINT ( 'NONE',  ( 10.57856833450304102, 2.264487673735002371, -20.55476805184696687 ) ) ;
#3097 = EDGE_CURVE ( 'NONE', #2669, #1029, #1420, .T. ) ;
#3098 = ADVANCED_FACE ( 'NONE', ( #2534 ), #3995, .T. ) ;
#3099 = VERTEX_POINT ( 'NONE', #1089 ) ;
#3100 = DIRECTION ( 'NONE',  ( 0.9948500600418254125, -0.07037895403468684419, -0.07293943284506473890 ) ) ;
#3101 = DIRECTION ( 'NONE',  ( 0.02761996880506191465, 0.8806308699840941223, -0.4729972601974190560 ) ) ;
#3102 = EDGE_CURVE ( 'NONE', #4199, #175, #1110, .T. ) ;
#3103 = CARTESIAN_POINT ( 'NONE',  ( -11.27452426853771783, 12.93098324156101242, -28.39907662747243933 ) ) ;
#3104 = VERTEX_POINT ( 'NONE', #35 ) ;
#3105 = ADVANCED_FACE ( 'NONE', ( #1858 ), #1493, .T. ) ;
#3106 = VERTEX_POINT ( 'NONE', #3393 ) ;
#3107 = DIRECTION ( 'NONE',  ( 0.6641625243868706230, -0.3698022965487178793, -0.6497187104180959238 ) ) ;
#3108 = CARTESIAN_POINT ( 'NONE',  ( -17.23760123616084883, 13.50832143426640641, -23.86686890560417496 ) ) ;
#3109 = CARTESIAN_POINT ( 'NONE',  ( 5.323823114272842716, 7.394704215715186102, -29.70346553200653972 ) ) ;
#3110 = CARTESIAN_POINT ( 'NONE',  ( -2.363811842161196886, -15.16494709948731590, -17.60837983175067123 ) ) ;
#3111 = ORIENTED_EDGE ( 'NONE', *, *, #839, .T. ) ;
#3112 = LINE ( 'NONE', #3209, #1363 ) ;
#3113 = DIRECTION ( 'NONE',  ( -0.6992911315723359111, 0.000000000000000000, -0.7148369837272565697 ) ) ;
#3114 = DIRECTION ( 'NONE',  ( -0.6956610734545393138, 0.3567285703321865231, 0.6235386098621578110 ) ) ;
#3115 = DIRECTION ( 'NONE',  ( 0.6992911315723374654, 0.000000000000000000, 0.7148369837272550154 ) ) ;
#3116 = ORIENTED_EDGE ( 'NONE', *, *, #3955, .F. ) ;
#3117 = CARTESIAN_POINT ( 'NONE',  ( -14.97444001727004625, -15.57246989738803933, -15.99028156748162566 ) ) ;
#3118 = DIRECTION ( 'NONE',  ( -0.6230553284272437597, 0.000000000000000000, 0.7821777660598768778 ) ) ;
#3119 = ORIENTED_EDGE ( 'NONE', *, *, #3307, .F. ) ;
#3120 = ORIENTED_EDGE ( 'NONE', *, *, #1337, .T. ) ;
#3121 = LINE ( 'NONE', #2409, #2619 ) ;
#3122 = LINE ( 'NONE', #2431, #1775 ) ;
#3123 = DIRECTION ( 'NONE',  ( 0.6508913630218432500, -2.312964634635745817E-15, -0.7591708856005788819 ) ) ;
#3124 = VERTEX_POINT ( 'NONE', #1628 ) ;
#3125 = ADVANCED_FACE ( 'NONE', ( #4537 ), #2314, .T. ) ;
#3126 = ORIENTED_EDGE ( 'NONE', *, *, #4622, .F. ) ;
#3127 = LINE ( 'NONE', #4271, #2524 ) ;
#3128 = EDGE_CURVE ( 'NONE', #2508, #4558, #243, .T. ) ;
#3129 = LINE ( 'NONE', #4302, #3296 ) ;
#3130 = FACE_OUTER_BOUND ( 'NONE', #1158, .T. ) ;
#3131 = LINE ( 'NONE', #3904, #3152 ) ;
#3132 = ORIENTED_EDGE ( 'NONE', *, *, #757, .T. ) ;
#3133 = ORIENTED_EDGE ( 'NONE', *, *, #3080, .F. ) ;
#3134 = AXIS2_PLACEMENT_3D ( 'NONE', #303, #2226, #16 ) ;
#3135 = FACE_OUTER_BOUND ( 'NONE', #879, .T. ) ;
#3136 = CARTESIAN_POINT ( 'NONE',  ( -11.58811004712844372, 11.87550089532272857, -28.50782594466857844 ) ) ;
#3137 = AXIS2_PLACEMENT_3D ( 'NONE', #4358, #2976, #1794 ) ;
#3138 = EDGE_CURVE ( 'NONE', #3404, #1801, #1389, .T. ) ;
#3139 = DIRECTION ( 'NONE',  ( -0.6956610734545392027, 0.3567285703321865231, 0.6235386098621579221 ) ) ;
#3140 = VECTOR ( 'NONE', #590, 1000.000000000000000 ) ;
#3141 = LINE ( 'NONE', #1022, #1287 ) ;
#3142 = ORIENTED_EDGE ( 'NONE', *, *, #77, .F. ) ;
#3143 = CARTESIAN_POINT ( 'NONE',  ( 9.737912323693993955, 8.547539591616606813, -29.07801878799739370 ) ) ;
#3144 = LINE ( 'NONE', #242, #1384 ) ;
#3145 = AXIS2_PLACEMENT_3D ( 'NONE', #1707, #1674, #3816 ) ;
#3146 = VECTOR ( 'NONE', #2153, 1000.000000000000114 ) ;
#3147 = ORIENTED_EDGE ( 'NONE', *, *, #406, .F. ) ;
#3148 = CIRCLE ( 'NONE', #2385, 0.4999999999999987788 ) ;
#3149 = DIRECTION ( 'NONE',  ( -0.02761996880506027013, -0.8806308699840952325, 0.4729972601974169466 ) ) ;
#3150 = FACE_OUTER_BOUND ( 'NONE', #2573, .T. ) ;
#3151 = ORIENTED_EDGE ( 'NONE', *, *, #2692, .T. ) ;
#3152 = VECTOR ( 'NONE', #2468, 1000.000000000000114 ) ;
#3153 = CIRCLE ( 'NONE', #471, 0.5000000000000011102 ) ;
#3154 = ORIENTED_EDGE ( 'NONE', *, *, #3746, .T. ) ;
#3155 = VERTEX_POINT ( 'NONE', #843 ) ;
#3156 = FACE_OUTER_BOUND ( 'NONE', #2094, .T. ) ;
#3157 = FACE_OUTER_BOUND ( 'NONE', #1798, .T. ) ;
#3158 = AXIS2_PLACEMENT_3D ( 'NONE', #1889, #3288, #2183 ) ;
#3159 = VECTOR ( 'NONE', #3826, 1000.000000000000114 ) ;
#3160 = DIRECTION ( 'NONE',  ( -0.7470778262826884841, -0.2962018438469783965, -0.5950959495563581392 ) ) ;
#3161 = LINE ( 'NONE', #1658, #2154 ) ;
#3162 = ORIENTED_EDGE ( 'NONE', *, *, #1890, .F. ) ;
#3163 = EDGE_CURVE ( 'NONE', #3182, #4524, #1695, .T. ) ;
#3164 = EDGE_LOOP ( 'NONE', ( #1682, #2710, #1027, #2359 ) ) ;
#3165 = EDGE_CURVE ( 'NONE', #437, #671, #462, .T. ) ;
#3166 = VECTOR ( 'NONE', #3870, 1000.000000000000000 ) ;
#3167 = FACE_OUTER_BOUND ( 'NONE', #3705, .T. ) ;
#3168 = PLANE ( 'NONE',  #2684 ) ;
#3169 = CARTESIAN_POINT ( 'NONE',  ( 8.800481969790656223, -15.83465519289707224, -15.98541432491582626 ) ) ;
#3170 = EDGE_CURVE ( 'NONE', #1952, #3050, #2355, .T. ) ;
#3171 =( BOUNDED_CURVE ( )  B_SPLINE_CURVE ( 3, ( #3193, #3576, #2829, #2519 ),
 .UNSPECIFIED., .F., .T. ) 
 B_SPLINE_CURVE_WITH_KNOTS ( ( 4, 4 ),
 ( 4.712388980384689674, 6.283185307179586232 ),
 .UNSPECIFIED. ) 
 CURVE ( )  GEOMETRIC_REPRESENTATION_ITEM ( )  RATIONAL_B_SPLINE_CURVE ( ( 1.000000000000000000, 0.8047378541243649375, 0.8047378541243649375, 1.000000000000000000 ) ) 
 REPRESENTATION_ITEM ( '' )  );
#3172 = CARTESIAN_POINT ( 'NONE',  ( -17.99971557734940575, -10.22674878046165503, -11.09784748698265666 ) ) ;
#3173 = ORIENTED_EDGE ( 'NONE', *, *, #3843, .F. ) ;
#3174 = CARTESIAN_POINT ( 'NONE',  ( 20.98800327078885530, 14.20016462221789055, -27.29658430471335606 ) ) ;
#3175 = CARTESIAN_POINT ( 'NONE',  ( 22.15238772049187332, 6.283150348994239742, -29.31036435274083729 ) ) ;
#3176 = ORIENTED_EDGE ( 'NONE', *, *, #3959, .F. ) ;
#3177 = CARTESIAN_POINT ( 'NONE',  ( 7.464788528296129044, 10.10284685844161245, -32.57027408388018586 ) ) ;
#3178 = CARTESIAN_POINT ( 'NONE',  ( 21.08072177012454773, 8.591561151579673705, -32.47474117414648731 ) ) ;
#3179 = B_SPLINE_CURVE_WITH_KNOTS ( 'NONE', 3,
 ( #586, #4184, #3827, #2025, #4255, #1272 ),
 .UNSPECIFIED., .F., .F.,
 ( 4, 2, 4 ),
 ( -8.944281848235845602E-06, 0.0005993023483921039191, 0.001207548978632443657 ),
 .UNSPECIFIED. ) ;
#3180 = CARTESIAN_POINT ( 'NONE',  ( 18.49932571960489724, 16.47630123246968026, -13.92865607635444647 ) ) ;
#3181 = ORIENTED_EDGE ( 'NONE', *, *, #257, .T. ) ;
#3182 = VERTEX_POINT ( 'NONE', #4445 ) ;
#3183 = ORIENTED_EDGE ( 'NONE', *, *, #3696, .F. ) ;
#3184 = DIRECTION ( 'NONE',  ( 0.000000000000000000, 0.4731777794655594449, 0.8809669625020239980 ) ) ;
#3185 = CARTESIAN_POINT ( 'NONE',  ( -7.397739059770721326, 9.007837887059915616, -27.44297430304686358 ) ) ;
#3186 = CARTESIAN_POINT ( 'NONE',  ( 3.741313223412499944, -10.79414670912464835, -16.72531950708894044 ) ) ;
#3187 = CARTESIAN_POINT ( 'NONE',  ( 9.613356087275686690, 10.23072862388378645, -26.07560644451826803 ) ) ;
#3188 = VERTEX_POINT ( 'NONE', #2720 ) ;
#3189 = ORIENTED_EDGE ( 'NONE', *, *, #3482, .T. ) ;
#3190 = CARTESIAN_POINT ( 'NONE',  ( 30.97630446103505264, 2.114158965269256729, -39.93965679725787510 ) ) ;
#3191 = LINE ( 'NONE', #4310, #3067 ) ;
#3192 = CARTESIAN_POINT ( 'NONE',  ( 4.227282960735930573, -17.39639234347181329, -17.14967470896684176 ) ) ;
#3193 = CARTESIAN_POINT ( 'NONE',  ( 4.987787162405960650, 8.171818763138583464, -31.44751420194782909 ) ) ;
#3194 = ADVANCED_FACE ( 'NONE', ( #4154 ), #3777, .F. ) ;
#3195 = VERTEX_POINT ( 'NONE', #99 ) ;
#3196 = EDGE_CURVE ( 'NONE', #3091, #2112, #3463, .T. ) ;
#3197 = LINE ( 'NONE', #41, #1458 ) ;
#3198 = CARTESIAN_POINT ( 'NONE',  ( -10.99662846830737806, -12.89372925858520169, -10.65978478942143148 ) ) ;
#3199 = VERTEX_POINT ( 'NONE', #2671 ) ;
#3200 = CYLINDRICAL_SURFACE ( 'NONE', #4064, 0.9999999999999997780 ) ;
#3201 = LINE ( 'NONE', #193, #3701 ) ;
#3202 = ORIENTED_EDGE ( 'NONE', *, *, #1036, .T. ) ;
#3203 = ORIENTED_EDGE ( 'NONE', *, *, #1424, .T. ) ;
#3204 = ORIENTED_EDGE ( 'NONE', *, *, #3581, .F. ) ;
#3205 = LINE ( 'NONE', #3514, #68 ) ;
#3206 = DIRECTION ( 'NONE',  ( 0.7218293686107699614, 0.3097661803695451188, 0.6188758163882633889 ) ) ;
#3207 = DIRECTION ( 'NONE',  ( -0.2199299644332054771, 0.000000000000000000, 0.9755156640179638572 ) ) ;
#3208 = EDGE_LOOP ( 'NONE', ( #3369, #1175, #364, #2913, #4367 ) ) ;
#3209 = CARTESIAN_POINT ( 'NONE',  ( 15.60387029527515423, -4.922028715702147394, -11.01955319388958188 ) ) ;
#3210 = CARTESIAN_POINT ( 'NONE',  ( -17.55539574852410922, -12.51764216500094129, -9.338337480249363054 ) ) ;
#3211 = CARTESIAN_POINT ( 'NONE',  ( 4.977816842356920013, -16.36333326330047555, -18.35375475130899403 ) ) ;
#3212 = VECTOR ( 'NONE', #4027, 1000.000000000000227 ) ;
#3213 = CARTESIAN_POINT ( 'NONE',  ( -18.96620390028658676, -9.725675349284902182, -10.22138077315837812 ) ) ;
#3214 = DIRECTION ( 'NONE',  ( 0.6915197032147289979, -0.3585166444257749108, -0.6271094926211018272 ) ) ;
#3215 = VERTEX_POINT ( 'NONE', #1154 ) ;
#3216 = AXIS2_PLACEMENT_3D ( 'NONE', #632, #4201, #582 ) ;
#3217 = LINE ( 'NONE', #4383, #3845 ) ;
#3218 = CARTESIAN_POINT ( 'NONE',  ( -19.43976471051146859, -11.00470154249563315, -13.60834951895163414 ) ) ;
#3219 = EDGE_CURVE ( 'NONE', #4558, #2452, #976, .T. ) ;
#3220 = VECTOR ( 'NONE', #873, 1000.000000000000114 ) ;
#3221 = EDGE_CURVE ( 'NONE', #1711, #1567, #78, .T. ) ;
#3222 = EDGE_LOOP ( 'NONE', ( #2185, #2332, #4152, #1226 ) ) ;
#3223 = CARTESIAN_POINT ( 'NONE',  ( 14.58506098290038189, 10.39331321779641470, -25.21695045948865044 ) ) ;
#3224 = AXIS2_PLACEMENT_3D ( 'NONE', #2203, #756, #3667 ) ;
#3225 = DIRECTION ( 'NONE',  ( 0.000000000000000000, 0.4731777794655593894, 0.8809669625020238870 ) ) ;
#3226 = VERTEX_POINT ( 'NONE', #2837 ) ;
#3227 = EDGE_CURVE ( 'NONE', #483, #3664, #3892, .T. ) ;
#3228 = AXIS2_PLACEMENT_3D ( 'NONE', #3748, #3343, #1245 ) ;
#3229 = ORIENTED_EDGE ( 'NONE', *, *, #4265, .F. ) ;
#3230 = PLANE ( 'NONE',  #4207 ) ;
#3231 = FACE_OUTER_BOUND ( 'NONE', #878, .T. ) ;
#3232 = CARTESIAN_POINT ( 'NONE',  ( 21.10834173892960663, 9.472192021563769160, -32.94773843434390415 ) ) ;
#3233 = AXIS2_PLACEMENT_3D ( 'NONE', #3579, #1390, #2134 ) ;
#3234 = FACE_OUTER_BOUND ( 'NONE', #1443, .T. ) ;
#3235 = CARTESIAN_POINT ( 'NONE',  ( 3.118952829039552732, -15.22000379882244125, -17.39072706964558179 ) ) ;
#3236 = VECTOR ( 'NONE', #2489, 1000.000000000000000 ) ;
#3237 = VECTOR ( 'NONE', #905, 1000.000000000000000 ) ;
#3238 = DIRECTION ( 'NONE',  ( 0.000000000000000000, 0.4731777794655600000, 0.8809669625020236650 ) ) ;
#3239 = CARTESIAN_POINT ( 'NONE',  ( -18.07483895361064796, 17.40008723149204428, -20.47554985340233102 ) ) ;
#3240 = CYLINDRICAL_SURFACE ( 'NONE', #3761, 11.31869210692803662 ) ;
#3241 = FACE_OUTER_BOUND ( 'NONE', #4612, .T. ) ;
#3242 = ORIENTED_EDGE ( 'NONE', *, *, #723, .F. ) ;
#3243 = CARTESIAN_POINT ( 'NONE',  ( 20.21345474964565625, -19.06024816592091398, -17.62262720394759086 ) ) ;
#3244 = ORIENTED_EDGE ( 'NONE', *, *, #4038, .T. ) ;
#3245 = DIRECTION ( 'NONE',  ( 0.7218293686107699614, 0.3097661803695451188, 0.6188758163882633889 ) ) ;
#3246 = EDGE_CURVE ( 'NONE', #2026, #1580, #1687, .T. ) ;
#3247 = ADVANCED_FACE ( 'NONE', ( #934 ), #629, .T. ) ;
#3248 = DIRECTION ( 'NONE',  ( 0.7470778262826919258, 0.2962018438469763981, 0.5950959495563546975 ) ) ;
#3249 = ORIENTED_EDGE ( 'NONE', *, *, #2403, .F. ) ;
#3250 = VERTEX_POINT ( 'NONE', #3584 ) ;
#3251 = ORIENTED_EDGE ( 'NONE', *, *, #4736, .F. ) ;
#3252 = FACE_OUTER_BOUND ( 'NONE', #1944, .T. ) ;
#3253 = SURFACE_SIDE_STYLE ('',( #1758 ) ) ;
#3254 = EDGE_CURVE ( 'NONE', #4506, #3639, #3122, .T. ) ;
#3255 = EDGE_CURVE ( 'NONE', #2840, #477, #977, .T. ) ;
#3256 = LINE ( 'NONE', #4704, #1699 ) ;
#3257 = EDGE_CURVE ( 'NONE', #1495, #1645, #1708, .T. ) ;
#3258 = DIRECTION ( 'NONE',  ( 0.2182850434275869778, 0.000000000000000000, 0.9758850546123843950 ) ) ;
#3259 = VERTEX_POINT ( 'NONE', #1262 ) ;
#3260 = ORIENTED_EDGE ( 'NONE', *, *, #3607, .T. ) ;
#3261 = DIRECTION ( 'NONE',  ( 0.02761996880505962829, 0.8806308699840952325, -0.4729972601974171131 ) ) ;
#3262 = LINE ( 'NONE', #1833, #4059 ) ;
#3263 = DIRECTION ( 'NONE',  ( 0.02761996880506015564, 0.8806308699840952325, -0.4729972601974171131 ) ) ;
#3264 = VERTEX_POINT ( 'NONE', #1341 ) ;
#3265 = CARTESIAN_POINT ( 'NONE',  ( -17.55539574852411278, -12.51764216500094307, -9.338337480249364830 ) ) ;
#3266 = CARTESIAN_POINT ( 'NONE',  ( 6.032467758939088043, 8.709893928411336361, -31.44180667121635508 ) ) ;
#3267 = EDGE_LOOP ( 'NONE', ( #604, #3564, #3989, #1416, #3948 ) ) ;
#3268 = DIRECTION ( 'NONE',  ( -0.6151248698348814603, 0.000000000000000000, -0.7884297016923068613 ) ) ;
#3269 = CARTESIAN_POINT ( 'NONE',  ( -12.35875676083827379, -15.45474361246418304, -10.69769249197119088 ) ) ;
#3270 = EDGE_LOOP ( 'NONE', ( #845, #2413, #4325, #4192 ) ) ;
#3271 = DIRECTION ( 'NONE',  ( 0.000000000000000000, -0.4731777794655595004, -0.8809669625020238870 ) ) ;
#3272 = DIRECTION ( 'NONE',  ( 0.6230553284272418724, 0.000000000000000000, -0.7821777660598782100 ) ) ;
#3273 = ORIENTED_EDGE ( 'NONE', *, *, #2989, .F. ) ;
#3274 = VERTEX_POINT ( 'NONE', #1730 ) ;
#3275 = CARTESIAN_POINT ( 'NONE',  ( 6.788467218844674633, 7.711721649090461206, -31.40199061208315712 ) ) ;
#3276 = FILL_AREA_STYLE ('',( #298 ) ) ;
#3277 = LINE ( 'NONE', #368, #398 ) ;
#3278 = FACE_OUTER_BOUND ( 'NONE', #1888, .T. ) ;
#3279 = EDGE_LOOP ( 'NONE', ( #3479, #4435, #258, #1651, #949 ) ) ;
#3280 = PLANE ( 'NONE',  #2055 ) ;
#3281 = EDGE_CURVE ( 'NONE', #1436, #2622, #3201, .T. ) ;
#3282 = EDGE_CURVE ( 'NONE', #3673, #3492, #4651, .T. ) ;
#3283 = DIRECTION ( 'NONE',  ( 0.09752176863646269678, 0.4685467678471799124, 0.8780395383933330411 ) ) ;
#3284 = CARTESIAN_POINT ( 'NONE',  ( 2.868197972532900764, 7.981223513962041771, -32.98322510035310273 ) ) ;
#3285 = FACE_OUTER_BOUND ( 'NONE', #3353, .T. ) ;
#3286 = ORIENTED_EDGE ( 'NONE', *, *, #1838, .F. ) ;
#3287 = EDGE_CURVE ( 'NONE', #1738, #4313, #2299, .T. ) ;
#3288 = DIRECTION ( 'NONE',  ( -0.02761996880505967339, -0.8806308699840956766, 0.4729972601974162805 ) ) ;
#3289 = VECTOR ( 'NONE', #1250, 1000.000000000000000 ) ;
#3290 = ORIENTED_EDGE ( 'NONE', *, *, #2896, .T. ) ;
#3291 = FACE_OUTER_BOUND ( 'NONE', #2142, .T. ) ;
#3292 = AXIS2_PLACEMENT_3D ( 'NONE', #2478, #264, #1357 ) ;
#3293 = ORIENTED_EDGE ( 'NONE', *, *, #4710, .F. ) ;
#3294 = VERTEX_POINT ( 'NONE', #2738 ) ;
#3295 = DIRECTION ( 'NONE',  ( 0.6915197032147274436, -0.3585166444257755769, -0.6271094926211031595 ) ) ;
#3296 = VECTOR ( 'NONE', #3206, 1000.000000000000114 ) ;
#3297 = CARTESIAN_POINT ( 'NONE',  ( -1.359332843336255037, 11.05189867132159165, -29.20441448893146941 ) ) ;
#3298 = DIRECTION ( 'NONE',  ( -0.02761996880506027013, -0.8806308699840952325, 0.4729972601974170576 ) ) ;
#3299 = ORIENTED_EDGE ( 'NONE', *, *, #3843, .T. ) ;
#3300 = AXIS2_PLACEMENT_3D ( 'NONE', #584, #2487, #3929 ) ;
#3301 = FACE_OUTER_BOUND ( 'NONE', #4158, .T. ) ;
#3302 = CARTESIAN_POINT ( 'NONE',  ( -10.38253418973453890, 6.685958995544152295, -21.17626702435601871 ) ) ;
#3303 = FACE_OUTER_BOUND ( 'NONE', #4, .T. ) ;
#3304 = VECTOR ( 'NONE', #2642, 1000.000000000000114 ) ;
#3305 = VECTOR ( 'NONE', #1504, 1000.000000000000227 ) ;
#3306 = CARTESIAN_POINT ( 'NONE',  ( 5.221233779776482287, -17.09604685299937543, -17.98979376779490735 ) ) ;
#3307 = EDGE_CURVE ( 'NONE', #113, #4524, #217, .T. ) ;
#3308 = EDGE_CURVE ( 'NONE', #2735, #4506, #3388, .T. ) ;
#3309 = DIRECTION ( 'NONE',  ( 0.7218293686107699614, 0.3097661803695451188, 0.6188758163882637220 ) ) ;
#3310 = CIRCLE ( 'NONE', #3540, 11.26368810438060741 ) ;
#3311 = VECTOR ( 'NONE', #3160, 1000.000000000000114 ) ;
#3312 = LINE ( 'NONE', #1070, #1062 ) ;
#3313 = VERTEX_POINT ( 'NONE', #578 ) ;
#3314 = VECTOR ( 'NONE', #2577, 1000.000000000000114 ) ;
#3315 = EDGE_CURVE ( 'NONE', #2452, #522, #4581, .T. ) ;
#3316 = ORIENTED_EDGE ( 'NONE', *, *, #2084, .F. ) ;
#3317 = CARTESIAN_POINT ( 'NONE',  ( 13.07692326015017237, 4.647922498531161573, -15.97137835627845881 ) ) ;
#3318 = CARTESIAN_POINT ( 'NONE',  ( -18.10013481361620791, 1.994487360195954295, -15.96674041345062811 ) ) ;
#3319 = ORIENTED_EDGE ( 'NONE', *, *, #4642, .T. ) ;
#3320 = ORIENTED_EDGE ( 'NONE', *, *, #952, .F. ) ;
#3321 = ORIENTED_EDGE ( 'NONE', *, *, #1335, .F. ) ;
#3322 = CARTESIAN_POINT ( 'NONE',  ( 7.367064841129999486, 6.987039731894744143, -30.89673720891540398 ) ) ;
#3323 = CARTESIAN_POINT ( 'NONE',  ( 7.095378295933558732, 0.8834704950732024109, -23.32935486270407921 ) ) ;
#3324 = DIRECTION ( 'NONE',  ( 0.7470778262826889282, 0.2962018438469780635, 0.5950959495563576951 ) ) ;
#3325 = DIRECTION ( 'NONE',  ( 0.000000000000000000, -0.4731777794655587233, -0.8809669625020244421 ) ) ;
#3326 = ORIENTED_EDGE ( 'NONE', *, *, #46, .T. ) ;
#3327 = LINE ( 'NONE', #3665, #2213 ) ;
#3328 = DIRECTION ( 'NONE',  ( -0.6641625243868696238, 0.3698022965487184899, 0.6497187104180968120 ) ) ;
#3329 = DIRECTION ( 'NONE',  ( 0.6915197032147276657, -0.3585166444257760210, -0.6271094926211023823 ) ) ;
#3330 = CARTESIAN_POINT ( 'NONE',  ( 6.571231316360906405, -16.41627835565771676, -18.30960912570147059 ) ) ;
#3331 = CARTESIAN_POINT ( 'NONE',  ( -18.81336664056414065, -1.098301641428845787, -10.77285178714988945 ) ) ;
#3332 = DIRECTION ( 'NONE',  ( -0.7218293686107700724, -0.3097661803695450078, -0.6188758163882633889 ) ) ;
#3333 = VERTEX_POINT ( 'NONE', #3488 ) ;
#3334 = EDGE_CURVE ( 'NONE', #1377, #1823, #2791, .T. ) ;
#3335 = EDGE_CURVE ( 'NONE', #3657, #1234, #1649, .T. ) ;
#3336 = EDGE_CURVE ( 'NONE', #3492, #780, #247, .T. ) ;
#3337 = VERTEX_POINT ( 'NONE', #2457 ) ;
#3338 = DIRECTION ( 'NONE',  ( -0.02761996880506032218, -0.8806308699840952325, 0.4729972601974171131 ) ) ;
#3339 = DIRECTION ( 'NONE',  ( 0.7218293686107700724, 0.3097661803695450078, 0.6188758163882634999 ) ) ;
#3340 = ADVANCED_FACE ( 'NONE', ( #3920 ), #270, .T. ) ;
#3341 = ORIENTED_EDGE ( 'NONE', *, *, #748, .T. ) ;
#3342 = LINE ( 'NONE', #2373, #1210 ) ;
#3343 = DIRECTION ( 'NONE',  ( 0.02761996880506026666, 0.8806308699840952325, -0.4729972601974171131 ) ) ;
#3344 = DIRECTION ( 'NONE',  ( 2.441579328712850616E-15, 0.4731777794655593894, 0.8809669625020239980 ) ) ;
#3345 = DIRECTION ( 'NONE',  ( 0.02761996880506091545, 0.8806308699840955656, -0.4729972601974166690 ) ) ;
#3346 = ORIENTED_EDGE ( 'NONE', *, *, #293, .F. ) ;
#3347 = CARTESIAN_POINT ( 'NONE',  ( -11.43624980274926273, 13.95832744500459555, -26.49580098256492278 ) ) ;
#3348 = CARTESIAN_POINT ( 'NONE',  ( -7.343741903987319297, 0.9868939485658083655, -34.76225441356264412 ) ) ;
#3349 = DIRECTION ( 'NONE',  ( -0.2593423818113965162, -0.4506628343277029325, -0.8541923312416901393 ) ) ;
#3350 = CARTESIAN_POINT ( 'NONE',  ( 6.260971159407286990, -16.18614176328310705, -18.59082606069023313 ) ) ;
#3351 = DIRECTION ( 'NONE',  ( -0.9948500600418255235, 0.07037895403468649724, 0.07293943284506471114 ) ) ;
#3352 = CARTESIAN_POINT ( 'NONE',  ( 6.266395305154683015, -16.01319912873682583, -18.68371559602425336 ) ) ;
#3353 = EDGE_LOOP ( 'NONE', ( #1212, #47, #1717, #3204, #4052 ) ) ;
#3354 = CARTESIAN_POINT ( 'NONE',  ( -18.83579671950939982, 9.249054308012839343, -24.91335324269146412 ) ) ;
#3355 = ORIENTED_EDGE ( 'NONE', *, *, #3287, .F. ) ;
#3356 = VECTOR ( 'NONE', #2128, 1000.000000000000227 ) ;
#3357 = DIRECTION ( 'NONE',  ( -0.02761996880506043667, -0.8806308699840952325, 0.4729972601974171131 ) ) ;
#3358 = CYLINDRICAL_SURFACE ( 'NONE', #2395, 2.000000000000000000 ) ;
#3359 = ADVANCED_FACE ( 'NONE', ( #3636 ), #2138, .T. ) ;
#3360 = EDGE_CURVE ( 'NONE', #1172, #2102, #340, .T. ) ;
#3361 = CIRCLE ( 'NONE', #3441, 0.9999999999999988898 ) ;
#3362 = ORIENTED_EDGE ( 'NONE', *, *, #1623, .T. ) ;
#3363 = DIRECTION ( 'NONE',  ( 0.9996184958889102745, -0.02433228002259592640, 0.01306915550808714771 ) ) ;
#3364 = FACE_OUTER_BOUND ( 'NONE', #2732, .T. ) ;
#3365 = DIRECTION ( 'NONE',  ( -0.7470778262826918148, -0.2962018438469763426, -0.5950959495563546975 ) ) ;
#3366 = AXIS2_PLACEMENT_3D ( 'NONE', #4542, #2322, #1582 ) ;
#3367 = CARTESIAN_POINT ( 'NONE',  ( -7.575302121560831381, -13.75028848530255310, -15.27887194678904770 ) ) ;
#3368 = CARTESIAN_POINT ( 'NONE',  ( -14.90039261707373086, -15.83154013885322264, -16.42970905596602549 ) ) ;
#3369 = ORIENTED_EDGE ( 'NONE', *, *, #1274, .T. ) ;
#3370 = ADVANCED_FACE ( 'NONE', ( #3291 ), #1464, .T. ) ;
#3371 = FACE_OUTER_BOUND ( 'NONE', #4137, .T. ) ;
#3372 = VECTOR ( 'NONE', #592, 1000.000000000000114 ) ;
#3373 = CARTESIAN_POINT ( 'NONE',  ( 12.21104507818378870, -10.19608258467137674, -10.25465314728349675 ) ) ;
#3374 = CARTESIAN_POINT ( 'NONE',  ( -6.825595470300403811, 10.15324396223672565, -28.11774205922377945 ) ) ;
#3375 = FACE_OUTER_BOUND ( 'NONE', #1132, .T. ) ;
#3376 = VECTOR ( 'NONE', #2640, 1000.000000000000227 ) ;
#3377 = DIRECTION ( 'NONE',  ( -0.7218293686107690732, -0.3097661803695454519, -0.6188758163882644991 ) ) ;
#3378 =( BOUNDED_CURVE ( )  B_SPLINE_CURVE ( 3, ( #2749, #989, #2800, #2077 ),
 .UNSPECIFIED., .F., .T. ) 
 B_SPLINE_CURVE_WITH_KNOTS ( ( 4, 4 ),
 ( 1.379151354881599234, 1.570796326794898778 ),
 .UNSPECIFIED. ) 
 CURVE ( )  GEOMETRIC_REPRESENTATION_ITEM ( )  RATIONAL_B_SPLINE_CURVE ( ( 1.000000000000000000, 0.9969416915723761097, 0.9969416915723761097, 1.000000000000000000 ) ) 
 REPRESENTATION_ITEM ( '' )  );
#3379 = VECTOR ( 'NONE', #332, 1000.000000000000114 ) ;
#3380 = VECTOR ( 'NONE', #485, 1000.000000000000000 ) ;
#3381 = CARTESIAN_POINT ( 'NONE',  ( -5.882584350336225398, 0.1733288961586259835, -36.19163557648244733 ) ) ;
#3382 = VERTEX_POINT ( 'NONE', #2961 ) ;
#3383 = VECTOR ( 'NONE', #2099, 1000.000000000000114 ) ;
#3384 = AXIS2_PLACEMENT_3D ( 'NONE', #317, #1121, #48 ) ;
#3385 = ORIENTED_EDGE ( 'NONE', *, *, #952, .T. ) ;
#3386 = CARTESIAN_POINT ( 'NONE',  ( 7.699233012435778178, 18.07856423210342456, -17.70731636628301331 ) ) ;
#3387 = DIRECTION ( 'NONE',  ( -0.02761996880506006544, -0.8806308699840952325, 0.4729972601974171686 ) ) ;
#3388 = CIRCLE ( 'NONE', #1544, 0.5000000000000003331 ) ;
#3389 = ORIENTED_EDGE ( 'NONE', *, *, #3485, .T. ) ;
#3390 = ORIENTED_EDGE ( 'NONE', *, *, #3738, .T. ) ;
#3391 = EDGE_CURVE ( 'NONE', #650, #4208, #743, .T. ) ;
#3392 = LINE ( 'NONE', #1538, #233 ) ;
#3393 = CARTESIAN_POINT ( 'NONE',  ( 7.236240136839367842, 5.374687931992091272, -25.74164088971090436 ) ) ;
#3394 = DIRECTION ( 'NONE',  ( 0.02761996880505933338, 0.8806308699840956766, -0.4729972601974165025 ) ) ;
#3395 = VERTEX_POINT ( 'NONE', #4675 ) ;
#3396 = VERTEX_POINT ( 'NONE', #3988 ) ;
#3397 = ADVANCED_FACE ( 'NONE', ( #768 ), #1026, .T. ) ;
#3398 = CARTESIAN_POINT ( 'NONE',  ( 4.114182802280819118, 1.094370035660635843, -23.11078251975407483 ) ) ;
#3399 = EDGE_CURVE ( 'NONE', #4422, #4707, #362, .T. ) ;
#3400 = CARTESIAN_POINT ( 'NONE',  ( -7.612413577649457253, -14.93354448725229489, -14.64333114744774811 ) ) ;
#3401 = EDGE_CURVE ( 'NONE', #974, #413, #1163, .T. ) ;
#3402 = FACE_OUTER_BOUND ( 'NONE', #1943, .T. ) ;
#3403 = CYLINDRICAL_SURFACE ( 'NONE', #235, 0.4999999999999981126 ) ;
#3404 = VERTEX_POINT ( 'NONE', #1778 ) ;
#3405 = EDGE_CURVE ( 'NONE', #671, #2940, #4054, .T. ) ;
#3406 = DIRECTION ( 'NONE',  ( 0.6641625243868708450, -0.3698022965487187674, -0.6497187104180952577 ) ) ;
#3407 = ORIENTED_EDGE ( 'NONE', *, *, #690, .F. ) ;
#3408 = ORIENTED_EDGE ( 'NONE', *, *, #3581, .T. ) ;
#3409 = DIRECTION ( 'NONE',  ( -0.9948500600418256345, 0.07037895403468663602, 0.07293943284506521074 ) ) ;
#3410 = VERTEX_POINT ( 'NONE', #4341 ) ;
#3411 = FACE_BOUND ( 'NONE', #3051, .T. ) ;
#3412 = CARTESIAN_POINT ( 'NONE',  ( -12.67883475779797031, -14.20385143884108992, -16.42133300533753015 ) ) ;
#3413 = LINE ( 'NONE', #844, #1155 ) ;
#3414 = VERTEX_POINT ( 'NONE', #3704 ) ;
#3415 = VERTEX_POINT ( 'NONE', #2241 ) ;
#3416 = CYLINDRICAL_SURFACE ( 'NONE', #302, 2.000000000000000000 ) ;
#3417 = UNCERTAINTY_MEASURE_WITH_UNIT (LENGTH_MEASURE( 1.000000000000000082E-05 ), #1439, 'distance_accuracy_value', 'NONE');
#3418 = DIRECTION ( 'NONE',  ( -0.02761996880506045748, -0.8806308699840952325, 0.4729972601974171686 ) ) ;
#3419 = LINE ( 'NONE', #1634, #778 ) ;
#3420 = CARTESIAN_POINT ( 'NONE',  ( -14.22926277936059947, 9.507058635901405097, -30.02564386807074470 ) ) ;
#3421 = EDGE_CURVE ( 'NONE', #1319, #204, #1052, .T. ) ;
#3422 = ORIENTED_EDGE ( 'NONE', *, *, #110, .T. ) ;
#3423 = EDGE_CURVE ( 'NONE', #3264, #4056, #1853, .T. ) ;
#3424 = PLANE ( 'NONE',  #1291 ) ;
#3425 = ORIENTED_EDGE ( 'NONE', *, *, #2318, .T. ) ;
#3426 = ADVANCED_FACE ( 'NONE', ( #1081 ), #4033, .F. ) ;
#3427 = ORIENTED_EDGE ( 'NONE', *, *, #431, .T. ) ;
#3428 = CYLINDRICAL_SURFACE ( 'NONE', #236, 0.4999999999999981126 ) ;
#3429 = FACE_OUTER_BOUND ( 'NONE', #272, .T. ) ;
#3430 =( BOUNDED_CURVE ( )  B_SPLINE_CURVE ( 3, ( #2029, #1278, #208, #895 ),
 .UNSPECIFIED., .F., .T. ) 
 B_SPLINE_CURVE_WITH_KNOTS ( ( 4, 4 ),
 ( 3.141592653589793560, 4.712388980384689674 ),
 .UNSPECIFIED. ) 
 CURVE ( )  GEOMETRIC_REPRESENTATION_ITEM ( )  RATIONAL_B_SPLINE_CURVE ( ( 1.000000000000000000, 0.8047378541243650485, 0.8047378541243650485, 1.000000000000000000 ) ) 
 REPRESENTATION_ITEM ( '' )  );
#3431 = ORIENTED_EDGE ( 'NONE', *, *, #3574, .T. ) ;
#3432 = ORIENTED_EDGE ( 'NONE', *, *, #406, .T. ) ;
#3433 = CARTESIAN_POINT ( 'NONE',  ( -12.34974309387767200, 8.312178173163463413, -29.02732516312014255 ) ) ;
#3434 = FACE_OUTER_BOUND ( 'NONE', #3798, .T. ) ;
#3435 = CARTESIAN_POINT ( 'NONE',  ( -19.69155531150536831, -11.44211913636218370, -5.769314439394280569 ) ) ;
#3436 = AXIS2_PLACEMENT_3D ( 'NONE', #3571, #615, #2473 ) ;
#3437 = DIRECTION ( 'NONE',  ( -0.6230553284272449810, 0.000000000000000000, 0.7821777660598759896 ) ) ;
#3438 = ORIENTED_EDGE ( 'NONE', *, *, #4563, .T. ) ;
#3439 = VERTEX_POINT ( 'NONE', #2556 ) ;
#3440 = DIRECTION ( 'NONE',  ( 0.6230553284272445369, 0.000000000000000000, -0.7821777660598763227 ) ) ;
#3441 = AXIS2_PLACEMENT_3D ( 'NONE', #3956, #2779, #2006 ) ;
#3442 = DIRECTION ( 'NONE',  ( 0.6230553284272440928, 0.000000000000000000, -0.7821777660598766557 ) ) ;
#3443 = DIRECTION ( 'NONE',  ( -0.02761996880505944094, -0.8806308699840955656, 0.4729972601974164470 ) ) ;
#3444 = CYLINDRICAL_SURFACE ( 'NONE', #2465, 2.837515432283242323 ) ;
#3445 = CIRCLE ( 'NONE', #607, 4.200000000000000178 ) ;
#3446 = ORIENTED_EDGE ( 'NONE', *, *, #2753, .F. ) ;
#3447 = DIRECTION ( 'NONE',  ( -0.6641625243868696238, 0.3698022965487173797, 0.6497187104180972561 ) ) ;
#3448 = EDGE_CURVE ( 'NONE', #2765, #4222, #4005, .T. ) ;
#3449 = CIRCLE ( 'NONE', #308, 2.841969467183056874 ) ;
#3450 = EDGE_CURVE ( 'NONE', #2840, #685, #722, .T. ) ;
#3451 = DIRECTION ( 'NONE',  ( -0.6641625243868707340, 0.3698022965487178793, 0.6497187104180958128 ) ) ;
#3452 = ORIENTED_EDGE ( 'NONE', *, *, #4264, .T. ) ;
#3453 = DIRECTION ( 'NONE',  ( 0.6992911315723400190, 0.000000000000000000, 0.7148369837272524618 ) ) ;
#3454 = AXIS2_PLACEMENT_3D ( 'NONE', #4311, #3309, #3958 ) ;
#3455 = ADVANCED_FACE ( 'NONE', ( #2865 ), #2210, .F. ) ;
#3456 = VECTOR ( 'NONE', #2330, 1000.000000000000114 ) ;
#3457 = CARTESIAN_POINT ( 'NONE',  ( -15.09710844370537686, -14.53302240512007337, -17.17539817270396796 ) ) ;
#3458 = ORIENTED_EDGE ( 'NONE', *, *, #552, .F. ) ;
#3459 = VECTOR ( 'NONE', #3519, 1000.000000000000114 ) ;
#3460 = VECTOR ( 'NONE', #227, 1000.000000000000114 ) ;
#3461 = ORIENTED_EDGE ( 'NONE', *, *, #2132, .T. ) ;
#3462 = CYLINDRICAL_SURFACE ( 'NONE', #3145, 2.000000000000001332 ) ;
#3463 = LINE ( 'NONE', #1949, #2081 ) ;
#3464 = VECTOR ( 'NONE', #2600, 1000.000000000000000 ) ;
#3465 = CARTESIAN_POINT ( 'NONE',  ( 13.21318174260803602, -15.16253196029742512, -10.77459199614086494 ) ) ;
#3466 = ORIENTED_EDGE ( 'NONE', *, *, #1571, .T. ) ;
#3467 = ORIENTED_EDGE ( 'NONE', *, *, #2101, .F. ) ;
#3468 = ORIENTED_EDGE ( 'NONE', *, *, #3760, .F. ) ;
#3469 = CARTESIAN_POINT ( 'NONE',  ( 20.21332546050566137, 15.88267306435071902, -21.06490601859151823 ) ) ;
#3470 = CARTESIAN_POINT ( 'NONE',  ( 23.94269176211799888, 13.68526961937635811, -22.82410505960361391 ) ) ;
#3471 = DIRECTION ( 'NONE',  ( 0.6915197032147273326, -0.3585166444257762985, -0.6271094926211027154 ) ) ;
#3472 = CARTESIAN_POINT ( 'NONE',  ( -13.72812250588921756, -13.38688753775275764, -13.36721588086622958 ) ) ;
#3473 = ORIENTED_EDGE ( 'NONE', *, *, #1691, .T. ) ;
#3474 = CARTESIAN_POINT ( 'NONE',  ( 15.89940396148929658, 4.500721593127673614, -16.08062387800195481 ) ) ;
#3475 =( BOUNDED_SURFACE ( )  B_SPLINE_SURFACE ( 2, 3, ( 
 ( #3400, #4452, #1165, #3374 ),
 ( #805, #1999, #1251, #4492 ),
 ( #3825, #4474, #1583, #2272 ) ),
 .UNSPECIFIED., .F., .F., .F. ) 
 B_SPLINE_SURFACE_WITH_KNOTS ( ( 3, 3 ),
 ( 4, 4 ),
 ( 0.000000000000000000, 1.000000000000000000 ),
 ( -0.006434939386394795263, 0.02205235228661015998 ),
 .UNSPECIFIED. ) 
 GEOMETRIC_REPRESENTATION_ITEM ( )  RATIONAL_B_SPLINE_SURFACE ( (
 ( 1.000000000000000000, 1.000000000000000000, 1.000000000000000000, 1.000000000000000000),
 ( 0.8458041235325207685, 0.8458041235325207685, 0.8458041235325205465, 0.8458041235325205465),
 ( 1.000000000000000000, 1.000000000000000000, 1.000000000000000000, 1.000000000000000000) ) ) 
 REPRESENTATION_ITEM ( '' )  SURFACE ( )  );
#3476 = DIRECTION ( 'NONE',  ( 0.000000000000000000, -0.4731777794655559477, -0.8809669625020258854 ) ) ;
#3477 = CYLINDRICAL_SURFACE ( 'NONE', #1918, 0.9999999999999998890 ) ;
#3478 = CARTESIAN_POINT ( 'NONE',  ( 17.48338679639940807, -11.27035843625938405, -7.295690054313923589 ) ) ;
#3479 = ORIENTED_EDGE ( 'NONE', *, *, #466, .F. ) ;
#3480 = CARTESIAN_POINT ( 'NONE',  ( -12.48379944780259798, 8.262300780152386892, -29.23112157950965440 ) ) ;
#3481 = DIRECTION ( 'NONE',  ( -0.02761996880506023544, -0.8806308699840951215, 0.4729972601974173352 ) ) ;
#3482 = EDGE_CURVE ( 'NONE', #1120, #1557, #4303, .T. ) ;
#3483 = EDGE_CURVE ( 'NONE', #3337, #147, #4140, .T. ) ;
#3484 = ORIENTED_EDGE ( 'NONE', *, *, #947, .F. ) ;
#3485 = EDGE_CURVE ( 'NONE', #4277, #2282, #2242, .T. ) ;
#3486 = ORIENTED_EDGE ( 'NONE', *, *, #484, .T. ) ;
#3487 = LINE ( 'NONE', #2790, #1680 ) ;
#3488 = CARTESIAN_POINT ( 'NONE',  ( 7.699233012435778178, 12.74883730627997025, -27.63025346216937805 ) ) ;
#3489 = CARTESIAN_POINT ( 'NONE',  ( -14.38451324853481950, 8.187254040469582606, -29.37872748579732729 ) ) ;
#3490 = ORIENTED_EDGE ( 'NONE', *, *, #2870, .T. ) ;
#3491 = VERTEX_POINT ( 'NONE', #3010 ) ;
#3492 = VERTEX_POINT ( 'NONE', #4466 ) ;
#3493 = ORIENTED_EDGE ( 'NONE', *, *, #3070, .F. ) ;
#3494 = CARTESIAN_POINT ( 'NONE',  ( -1.943757691877757710, -11.06083617399926133, -1.908904840602313691 ) ) ;
#3495 = CARTESIAN_POINT ( 'NONE',  ( 8.203744377228472828, 36.22244547077202981, -42.31033646512339885 ) ) ;
#3496 = CARTESIAN_POINT ( 'NONE',  ( 22.31775660669191552, 11.55574667777660913, -32.14233822811277719 ) ) ;
#3497 = DIRECTION ( 'NONE',  ( -0.07312074838872179017, 0.000000000000000000, -0.9973230951677963807 ) ) ;
#3498 = CARTESIAN_POINT ( 'NONE',  ( -16.82817676561298370, 11.23551946013450653, -22.07571379848912940 ) ) ;
#3499 = CARTESIAN_POINT ( 'NONE',  ( 22.16002881988546847, 9.840417340082503017, -31.71471760482378599 ) ) ;
#3500 = CARTESIAN_POINT ( 'NONE',  ( 2.413610332783668433, -9.333224407435864123, 1.562021441743552064 ) ) ;
#3501 = DIRECTION ( 'NONE',  ( -0.7470778262826895944, -0.2962018438469778414, -0.5950959495563569179 ) ) ;
#3502 = ORIENTED_EDGE ( 'NONE', *, *, #789, .T. ) ;
#3503 = DIRECTION ( 'NONE',  ( -0.02761996880506026320, -0.8806308699840952325, 0.4729972601974170576 ) ) ;
#3504 = DIRECTION ( 'NONE',  ( -0.02761996880506027013, -0.8806308699840952325, 0.4729972601974170576 ) ) ;
#3505 = ORIENTED_EDGE ( 'NONE', *, *, #2225, .F. ) ;
#3506 = LINE ( 'NONE', #4225, #4215 ) ;
#3507 = EDGE_CURVE ( 'NONE', #4251, #273, #2331, .T. ) ;
#3508 = ADVANCED_FACE ( 'NONE', ( #3429 ), #3358, .T. ) ;
#3509 = CARTESIAN_POINT ( 'NONE',  ( 33.69693781771110253, 3.192837234558572490, -37.77249584852265940 ) ) ;
#3510 = CARTESIAN_POINT ( 'NONE',  ( -1.334931823088514991, 11.52044543916877117, -29.32369804570593175 ) ) ;
#3511 = EDGE_LOOP ( 'NONE', ( #1119, #1731, #185, #2888 ) ) ;
#3512 = ORIENTED_EDGE ( 'NONE', *, *, #4423, .T. ) ;
#3513 = ORIENTED_EDGE ( 'NONE', *, *, #2258, .T. ) ;
#3514 = CARTESIAN_POINT ( 'NONE',  ( 7.665113943886777470, -7.941487648170231672, -14.33794556384570029 ) ) ;
#3515 = CARTESIAN_POINT ( 'NONE',  ( -9.618304224821986992, 8.977959119891607997, -27.62826946792204197 ) ) ;
#3516 = CIRCLE ( 'NONE', #2905, 11.31869210692803840 ) ;
#3517 = CYLINDRICAL_SURFACE ( 'NONE', #475, 2.837515432283240990 ) ;
#3518 = EDGE_CURVE ( 'NONE', #1379, #3410, #2315, .T. ) ;
#3519 = DIRECTION ( 'NONE',  ( -0.9948500600418254125, 0.07037895403468676092, 0.07293943284506476665 ) ) ;
#3520 = ORIENTED_EDGE ( 'NONE', *, *, #3518, .F. ) ;
#3521 = ORIENTED_EDGE ( 'NONE', *, *, #3862, .T. ) ;
#3522 = AXIS2_PLACEMENT_3D ( 'NONE', #888, #3823, #1293 ) ;
#3523 = DIRECTION ( 'NONE',  ( -0.7470778262826918148, -0.2962018438469763981, -0.5950959495563546975 ) ) ;
#3524 = CARTESIAN_POINT ( 'NONE',  ( 8.353212530552385218, -16.79413652734831075, -11.98194264156367339 ) ) ;
#3525 = AXIS2_PLACEMENT_3D ( 'NONE', #3172, #3556, #1410 ) ;
#3526 = CARTESIAN_POINT ( 'NONE',  ( -12.58382673980454669, 8.259688434331788898, -29.42233709529262953 ) ) ;
#3527 = VECTOR ( 'NONE', #1684, 1000.000000000000114 ) ;
#3528 = FACE_OUTER_BOUND ( 'NONE', #295, .T. ) ;
#3529 = VERTEX_POINT ( 'NONE', #1599 ) ;
#3530 = CARTESIAN_POINT ( 'NONE',  ( -14.34912909362748579, 11.56972063240972304, -31.11302546640400735 ) ) ;
#3531 = CARTESIAN_POINT ( 'NONE',  ( 30.21399332201537291, -22.19125304629178075, -26.88493241580916404 ) ) ;
#3532 = AXIS2_PLACEMENT_3D ( 'NONE', #1646, #4247, #954 ) ;
#3533 = VECTOR ( 'NONE', #3263, 1000.000000000000227 ) ;
#3534 = VERTEX_POINT ( 'NONE', #4531 ) ;
#3535 = VECTOR ( 'NONE', #2998, 1000.000000000000000 ) ;
#3536 = DIRECTION ( 'NONE',  ( -0.9978976218425262834, 0.05204337920380207316, 0.03862412461246943207 ) ) ;
#3537 = CARTESIAN_POINT ( 'NONE',  ( 21.08372218464856473, 8.687225910336202617, -32.52612384801311407 ) ) ;
#3538 = DIRECTION ( 'NONE',  ( 0.9945141404010765518, 0.09811081708647441391, -0.03627522726230901495 ) ) ;
#3539 = ORIENTED_EDGE ( 'NONE', *, *, #3335, .T. ) ;
#3540 = AXIS2_PLACEMENT_3D ( 'NONE', #779, #3345, #3778 ) ;
#3541 = AXIS2_PLACEMENT_3D ( 'NONE', #4019, #2196, #1441 ) ;
#3542 = ORIENTED_EDGE ( 'NONE', *, *, #3955, .T. ) ;
#3543 = CARTESIAN_POINT ( 'NONE',  ( 21.10834173892960663, 9.472192021563769160, -32.94773843434390415 ) ) ;
#3544 = CARTESIAN_POINT ( 'NONE',  ( 7.196785604012491788, 7.464005569937329554, -31.10219105625541047 ) ) ;
#3545 = VECTOR ( 'NONE', #2523, 1000.000000000000114 ) ;
#3546 = VECTOR ( 'NONE', #3723, 1000.000000000000114 ) ;
#3547 = DIRECTION ( 'NONE',  ( 0.6508913630218421398, 0.000000000000000000, -0.7591708856005796591 ) ) ;
#3548 = LINE ( 'NONE', #2003, #545 ) ;
#3549 = FACE_OUTER_BOUND ( 'NONE', #4339, .T. ) ;
#3550 = ADVANCED_FACE ( 'NONE', ( #3742 ), #4123, .T. ) ;
#3551 = EDGE_CURVE ( 'NONE', #571, #2565, #415, .T. ) ;
#3552 = EDGE_CURVE ( 'NONE', #4277, #4315, #435, .T. ) ;
#3553 = DIRECTION ( 'NONE',  ( 0.9948500600418256345, -0.07037895403468577560, -0.07293943284506383684 ) ) ;
#3554 = LINE ( 'NONE', #3935, #1527 ) ;
#3555 = DIRECTION ( 'NONE',  ( 0.6915197032147275547, -0.3585166444257752993, -0.6271094926211032705 ) ) ;
#3556 = DIRECTION ( 'NONE',  ( 0.7218293686107700724, 0.3097661803695451743, 0.6188758163882634999 ) ) ;
#3557 = ORIENTED_EDGE ( 'NONE', *, *, #2364, .F. ) ;
#3558 = LINE ( 'NONE', #4243, #3841 ) ;
#3559 = FACE_OUTER_BOUND ( 'NONE', #740, .T. ) ;
#3560 = ORIENTED_EDGE ( 'NONE', *, *, #3936, .T. ) ;
#3561 = CARTESIAN_POINT ( 'NONE',  ( -2.008642582135548693, -9.650593942037454909, -18.08486074724518744 ) ) ;
#3562 = DIRECTION ( 'NONE',  ( -0.02761996880506477348, -0.8806308699840963428, 0.4729972601974150592 ) ) ;
#3563 = ORIENTED_EDGE ( 'NONE', *, *, #1812, .F. ) ;
#3564 = ORIENTED_EDGE ( 'NONE', *, *, #21, .T. ) ;
#3565 = ORIENTED_EDGE ( 'NONE', *, *, #520, .F. ) ;
#3566 = LINE ( 'NONE', #3543, #4202 ) ;
#3567 = PLANE ( 'NONE',  #2064 ) ;
#3568 = CARTESIAN_POINT ( 'NONE',  ( -13.80937918627498817, -12.66985424890120626, -13.63133866682518480 ) ) ;
#3569 = PLANE ( 'NONE',  #4374 ) ;
#3570 = ORIENTED_EDGE ( 'NONE', *, *, #922, .F. ) ;
#3571 = CARTESIAN_POINT ( 'NONE',  ( 8.816587545811719551, -16.90569614202381743, -14.27676446908808039 ) ) ;
#3572 = CARTESIAN_POINT ( 'NONE',  ( 12.74524316260907675, -5.927315110010785482, -10.29129310686249177 ) ) ;
#3573 = ADVANCED_FACE ( 'NONE', ( #503 ), #49, .F. ) ;
#3574 = EDGE_CURVE ( 'NONE', #285, #832, #4106, .T. ) ;
#3575 = DIRECTION ( 'NONE',  ( -0.6717662746973364074, 0.000000000000000000, -0.7407631687518371200 ) ) ;
#3576 = CARTESIAN_POINT ( 'NONE',  ( 6.178476177017015125, 8.087585519562766834, -31.53481196158904609 ) ) ;
#3577 = ORIENTED_EDGE ( 'NONE', *, *, #1522, .F. ) ;
#3578 = DIRECTION ( 'NONE',  ( -0.02761996880505920501, -0.8806308699840956766, 0.4729972601974164470 ) ) ;
#3579 = CARTESIAN_POINT ( 'NONE',  ( -13.48502282685086762, -9.884697898061862276, -19.19086384459123451 ) ) ;
#3580 = EDGE_CURVE ( 'NONE', #3609, #3820, #1214, .T. ) ;
#3581 = EDGE_CURVE ( 'NONE', #726, #3028, #165, .T. ) ;
#3582 = ORIENTED_EDGE ( 'NONE', *, *, #2987, .F. ) ;
#3583 = CARTESIAN_POINT ( 'NONE',  ( 23.17700426022277682, 7.616667188712233028, -26.76777886067717915 ) ) ;
#3584 = CARTESIAN_POINT ( 'NONE',  ( -11.55568096677922085, 12.09302353383005268, -28.56297506391684848 ) ) ;
#3585 = ORIENTED_EDGE ( 'NONE', *, *, #284, .F. ) ;
#3586 = ORIENTED_EDGE ( 'NONE', *, *, #3835, .F. ) ;
#3587 = ORIENTED_EDGE ( 'NONE', *, *, #284, .T. ) ;
#3588 = CARTESIAN_POINT ( 'NONE',  ( 6.492519223510473836, 8.291569219654501666, -31.34670404909652675 ) ) ;
#3589 = LINE ( 'NONE', #708, #388 ) ;
#3590 = CARTESIAN_POINT ( 'NONE',  ( -19.65644368188307567, 0.5326532619421951997, -14.55092129515318788 ) ) ;
#3591 = CARTESIAN_POINT ( 'NONE',  ( 12.74524316260908030, -5.927315110010784593, -10.29129310686248822 ) ) ;
#3592 = ORIENTED_EDGE ( 'NONE', *, *, #4296, .F. ) ;
#3593 = VERTEX_POINT ( 'NONE', #2281 ) ;
#3594 = FACE_OUTER_BOUND ( 'NONE', #1371, .T. ) ;
#3595 = CARTESIAN_POINT ( 'NONE',  ( 8.766385599355647429, -15.86550492148579217, -15.96516503295267952 ) ) ;
#3596 = DIRECTION ( 'NONE',  ( -0.02761996880506017646, -0.8806308699840952325, 0.4729972601974170021 ) ) ;
#3597 = VECTOR ( 'NONE', #4065, 1000.000000000000000 ) ;
#3598 = CARTESIAN_POINT ( 'NONE',  ( 24.42350245920953355, 15.35341626936569703, -21.80443443425015815 ) ) ;
#3599 = EDGE_CURVE ( 'NONE', #2347, #4535, #4146, .T. ) ;
#3600 = ADVANCED_FACE ( 'NONE', ( #4085 ), #455, .F. ) ;
#3601 = FACE_OUTER_BOUND ( 'NONE', #1972, .T. ) ;
#3602 = ORIENTED_EDGE ( 'NONE', *, *, #1042, .T. ) ;
#3603 = CIRCLE ( 'NONE', #602, 2.837515432283242323 ) ;
#3604 = CARTESIAN_POINT ( 'NONE',  ( 20.19727534651197587, -19.57610978611317876, -17.34555182388925942 ) ) ;
#3605 = AXIS2_PLACEMENT_3D ( 'NONE', #4321, #2532, #4036 ) ;
#3606 = EDGE_CURVE ( 'NONE', #3764, #1557, #1555, .T. ) ;
#3607 = EDGE_CURVE ( 'NONE', #1626, #1465, #2858, .T. ) ;
#3608 = ADVANCED_FACE ( 'NONE', ( #4191 ), #2786, .T. ) ;
#3609 = VERTEX_POINT ( 'NONE', #167 ) ;
#3610 = FACE_OUTER_BOUND ( 'NONE', #3267, .T. ) ;
#3611 = VECTOR ( 'NONE', #640, 1000.000000000000114 ) ;
#3612 = DIRECTION ( 'NONE',  ( 0.000000000000000000, -0.4731777794655594449, -0.8809669625020238870 ) ) ;
#3613 = EDGE_LOOP ( 'NONE', ( #2484, #907, #2722, #117 ) ) ;
#3614 = VECTOR ( 'NONE', #269, 1000.000000000000114 ) ;
#3615 = ORIENTED_EDGE ( 'NONE', *, *, #322, .F. ) ;
#3616 = FACE_OUTER_BOUND ( 'NONE', #1344, .T. ) ;
#3617 = CARTESIAN_POINT ( 'NONE',  ( -9.807916686497629044, 8.961934770492435476, -27.66917589308988568 ) ) ;
#3618 = DIRECTION ( 'NONE',  ( -0.9948500600418254125, 0.07037895403468939770, 0.07293943284506385072 ) ) ;
#3619 = VECTOR ( 'NONE', #1807, 1000.000000000000227 ) ;
#3620 = VECTOR ( 'NONE', #27, 1000.000000000000000 ) ;
#3621 = DIRECTION ( 'NONE',  ( -0.02761996880506026666, -0.8806308699840952325, 0.4729972601974171131 ) ) ;
#3622 = ORIENTED_EDGE ( 'NONE', *, *, #3658, .T. ) ;
#3623 = ORIENTED_EDGE ( 'NONE', *, *, #4390, .T. ) ;
#3624 = VECTOR ( 'NONE', #2382, 1000.000000000000000 ) ;
#3625 = AXIS2_PLACEMENT_3D ( 'NONE', #3496, #4685, #3207 ) ;
#3626 = CARTESIAN_POINT ( 'NONE',  ( 5.050358031126721770, 8.846407582054220953, -31.24499306284986844 ) ) ;
#3627 = DIRECTION ( 'NONE',  ( 0.000000000000000000, 0.4731777794655588343, 0.8809669625020242201 ) ) ;
#3628 = LINE ( 'NONE', #1791, #3533 ) ;
#3629 = VECTOR ( 'NONE', #3848, 1000.000000000000000 ) ;
#3630 = DIRECTION ( 'NONE',  ( 0.7218293686107699614, 0.3097661803695451188, 0.6188758163882633889 ) ) ;
#3631 = LINE ( 'NONE', #1867, #1831 ) ;
#3632 = ORIENTED_EDGE ( 'NONE', *, *, #2553, .F. ) ;
#3633 = PLANE ( 'NONE',  #619 ) ;
#3634 = VERTEX_POINT ( 'NONE', #2426 ) ;
#3635 = CARTESIAN_POINT ( 'NONE',  ( -1.021250733788744869, 18.35223488346951370, -17.70701333119604470 ) ) ;
#3636 = FACE_OUTER_BOUND ( 'NONE', #3685, .T. ) ;
#3637 = ADVANCED_FACE ( 'NONE', ( #2810 ), #3888, .T. ) ;
#3638 = ADVANCED_FACE ( 'NONE', ( #3559 ), #1314, .F. ) ;
#3639 = VERTEX_POINT ( 'NONE', #1283 ) ;
#3640 = ORIENTED_EDGE ( 'NONE', *, *, #4554, .F. ) ;
#3641 = DIRECTION ( 'NONE',  ( 0.7218293686107699614, 0.3097661803695448968, 0.6188758163882634999 ) ) ;
#3642 = CARTESIAN_POINT ( 'NONE',  ( -11.69482353033161992, 8.627971856680725082, -28.40113438129057855 ) ) ;
#3643 = CARTESIAN_POINT ( 'NONE',  ( 15.04107297508793728, 21.98175721450451192, -29.82357573489089475 ) ) ;
#3644 = CARTESIAN_POINT ( 'NONE',  ( 17.14060254766158309, 39.76573610951675875, -35.19154922250488937 ) ) ;
#3645 = ORIENTED_EDGE ( 'NONE', *, *, #3867, .T. ) ;
#3646 = DIRECTION ( 'NONE',  ( -0.7470778262826889282, -0.2962018438469780635, -0.5950959495563576951 ) ) ;
#3647 = DIRECTION ( 'NONE',  ( 0.6992911315723374654, 0.000000000000000000, 0.7148369837272550154 ) ) ;
#3648 = CYLINDRICAL_SURFACE ( 'NONE', #613, 2.841969467183057763 ) ;
#3649 = CARTESIAN_POINT ( 'NONE',  ( -19.54611765963724324, 15.89992400076885382, -21.24030422598143630 ) ) ;
#3650 = LINE ( 'NONE', #642, #1748 ) ;
#3651 = CARTESIAN_POINT ( 'NONE',  ( -18.15537475122632216, 0.2332256202277581403, -15.02074589305578733 ) ) ;
#3652 = ORIENTED_EDGE ( 'NONE', *, *, #4580, .F. ) ;
#3653 =( LENGTH_UNIT ( ) NAMED_UNIT ( * ) SI_UNIT ( .MILLI., .METRE. ) );
#3654 = EDGE_LOOP ( 'NONE', ( #2712, #1940, #3043, #1254, #4298 ) ) ;
#3655 = DIRECTION ( 'NONE',  ( -0.02761996880506026666, -0.8806308699840952325, 0.4729972601974171131 ) ) ;
#3656 = CARTESIAN_POINT ( 'NONE',  ( -18.15537475122632927, 0.2332256202277598889, -15.02074589305579266 ) ) ;
#3657 = VERTEX_POINT ( 'NONE', #3198 ) ;
#3658 = EDGE_CURVE ( 'NONE', #4029, #527, #1644, .T. ) ;
#3659 = VERTEX_POINT ( 'NONE', #1705 ) ;
#3660 = CARTESIAN_POINT ( 'NONE',  ( 6.920049424922207315, 7.904675953438037084, -31.25930725777757146 ) ) ;
#3661 = EDGE_CURVE ( 'NONE', #1300, #1567, #625, .T. ) ;
#3662 = LINE ( 'NONE', #419, #3008 ) ;
#3663 = DIRECTION ( 'NONE',  ( 0.7218293686107699614, 0.3097661803695451188, 0.6188758163882634999 ) ) ;
#3664 = VERTEX_POINT ( 'NONE', #573 ) ;
#3665 = CARTESIAN_POINT ( 'NONE',  ( 9.384803465407363987, 11.49722531291514827, -29.86209039676172594 ) ) ;
#3666 = CARTESIAN_POINT ( 'NONE',  ( -18.82428829102648038, 16.20969018113840221, -20.62142840959317169 ) ) ;
#3667 = DIRECTION ( 'NONE',  ( 0.02761996880506023891, 0.8806308699840951215, -0.4729972601974172797 ) ) ;
#3668 = ADVANCED_FACE ( 'NONE', ( #973 ), #3866, .T. ) ;
#3669 = DIRECTION ( 'NONE',  ( -0.02761996880505947216, -0.8806308699840955656, 0.4729972601974165580 ) ) ;
#3670 = FACE_OUTER_BOUND ( 'NONE', #3926, .T. ) ;
#3671 = LINE ( 'NONE', #3002, #2372 ) ;
#3672 = VERTEX_POINT ( 'NONE', #2376 ) ;
#3673 = VERTEX_POINT ( 'NONE', #212 ) ;
#3674 = LINE ( 'NONE', #338, #4139 ) ;
#3675 = CARTESIAN_POINT ( 'NONE',  ( 11.12672698990866316, -1.803964276746922168, -19.21789826943590995 ) ) ;
#3676 = VECTOR ( 'NONE', #4165, 999.9999999999998863 ) ;
#3677 = ORIENTED_EDGE ( 'NONE', *, *, #2661, .F. ) ;
#3678 = ORIENTED_EDGE ( 'NONE', *, *, #809, .F. ) ;
#3679 = ORIENTED_EDGE ( 'NONE', *, *, #1184, .T. ) ;
#3680 = CARTESIAN_POINT ( 'NONE',  ( 9.633392794244480584, 8.664019957729921728, -29.14567788264666248 ) ) ;
#3681 = VECTOR ( 'NONE', #2292, 1000.000000000000227 ) ;
#3682 = DIRECTION ( 'NONE',  ( 0.000000000000000000, -0.4731777794655601665, -0.8809669625020235539 ) ) ;
#3683 = LINE ( 'NONE', #2563, #3077 ) ;
#3684 = DIRECTION ( 'NONE',  ( -0.02761996880506023544, -0.8806308699840951215, 0.4729972601974173352 ) ) ;
#3685 = EDGE_LOOP ( 'NONE', ( #817, #1351, #720, #3407 ) ) ;
#3686 = AXIS2_PLACEMENT_3D ( 'NONE', #461, #3728, #3033 ) ;
#3687 = CARTESIAN_POINT ( 'NONE',  ( 33.10010601964141586, -15.83645672583069697, -27.55163690121146303 ) ) ;
#3688 = FACE_OUTER_BOUND ( 'NONE', #2701, .T. ) ;
#3689 = DIRECTION ( 'NONE',  ( 0.02761996880506091545, 0.8806308699840955656, -0.4729972601974166690 ) ) ;
#3690 = AXIS2_PLACEMENT_3D ( 'NONE', #2450, #4605, #3812 ) ;
#3691 = CARTESIAN_POINT ( 'NONE',  ( 6.202647091638080035, -16.35521143682207423, -18.49412777820063880 ) ) ;
#3692 = DIRECTION ( 'NONE',  ( -0.02761996880506030830, -0.8806308699840950105, 0.4729972601974173352 ) ) ;
#3693 = EDGE_CURVE ( 'NONE', #3673, #482, #2935, .T. ) ;
#3694 = EDGE_CURVE ( 'NONE', #3593, #4034, #188, .T. ) ;
#3695 = VECTOR ( 'NONE', #2199, 1000.000000000000227 ) ;
#3696 = EDGE_CURVE ( 'NONE', #3659, #2735, #3144, .T. ) ;
#3697 = VECTOR ( 'NONE', #396, 1000.000000000000000 ) ;
#3698 = ORIENTED_EDGE ( 'NONE', *, *, #2069, .T. ) ;
#3699 = LINE ( 'NONE', #2572, #4055 ) ;
#3700 = VERTEX_POINT ( 'NONE', #3096 ) ;
#3701 = VECTOR ( 'NONE', #2410, 1000.000000000000114 ) ;
#3702 = ORIENTED_EDGE ( 'NONE', *, *, #517, .F. ) ;
#3703 = LINE ( 'NONE', #2665, #3456 ) ;
#3704 = CARTESIAN_POINT ( 'NONE',  ( 12.78138959393603713, -4.774827810298662101, -10.91030767216609831 ) ) ;
#3705 = EDGE_LOOP ( 'NONE', ( #732, #1728, #1191, #3520, #597, #1105, #1023, #1587 ) ) ;
#3706 = DIRECTION ( 'NONE',  ( 0.02761996880506023891, 0.8806308699840952325, -0.4729972601974173352 ) ) ;
#3707 = CARTESIAN_POINT ( 'NONE',  ( 9.539012975473765366, 8.768828419244398376, -29.19655695220904690 ) ) ;
#3708 = CARTESIAN_POINT ( 'NONE',  ( 20.47286968227317416, -11.77792939158156393, -20.73278010247296166 ) ) ;
#3709 = FACE_OUTER_BOUND ( 'NONE', #1223, .T. ) ;
#3710 = VERTEX_POINT ( 'NONE', #2833 ) ;
#3711 = LINE ( 'NONE', #1882, #3597 ) ;
#3712 = CARTESIAN_POINT ( 'NONE',  ( 7.367201809690822500, 6.991406816245098632, -30.89908282158197039 ) ) ;
#3713 = LINE ( 'NONE', #1115, #1914 ) ;
#3714 = CARTESIAN_POINT ( 'NONE',  ( -11.04220141683573075, -14.34677019405894605, -9.879339310095694771 ) ) ;
#3715 = FACE_OUTER_BOUND ( 'NONE', #1280, .T. ) ;
#3716 = CARTESIAN_POINT ( 'NONE',  ( -16.79280857061443655, 17.40727206241716374, -19.06595009628007631 ) ) ;
#3717 = EDGE_CURVE ( 'NONE', #3672, #3534, #267, .T. ) ;
#3718 = ORIENTED_EDGE ( 'NONE', *, *, #2437, .F. ) ;
#3719 = EDGE_CURVE ( 'NONE', #4653, #2770, #4289, .T. ) ;
#3720 = ORIENTED_EDGE ( 'NONE', *, *, #4244, .F. ) ;
#3721 = DIRECTION ( 'NONE',  ( -0.7470778262826890392, -0.2962018438469754544, -0.5950959495563586943 ) ) ;
#3722 = ADVANCED_FACE ( 'NONE', ( #3842 ), #4628, .F. ) ;
#3723 = DIRECTION ( 'NONE',  ( -0.02761996880506042626, -0.8806308699840952325, 0.4729972601974169466 ) ) ;
#3724 = VERTEX_POINT ( 'NONE', #2734 ) ;
#3725 = B_SPLINE_CURVE_WITH_KNOTS ( 'NONE', 3,
 ( #1713, #3185, #608, #1346, #2047, #3515, #4273, #987, #2097, #4322, #3617, #4724, #34, #2966, #2217, #2174, #325, #395, #4372, #673, #3642, #2890, #1087 ),
 .UNSPECIFIED., .F., .F.,
 ( 4, 1, 1, 1, 1, 1, 1, 2, 2, 1, 1, 1, 1, 1, 2, 2, 4 ),
 ( 0.000000000000000000, 0.2499999999999675815, 0.3749999999999513722, 0.4374999999999428235, 0.4687499999999388267, 0.4843749999999367173, 0.4921874999999356071, 0.4960937499999352740, 0.4999999999999349409, 0.6249999999999397149, 0.6874999999999419353, 0.7187499999999426015, 0.7343749999999433786, 0.7421874999999437117, 0.7460937499999438227, 0.7499999999999438227, 1.000000000000000000 ),
 .UNSPECIFIED. ) ;
#3726 = ORIENTED_EDGE ( 'NONE', *, *, #1960, .T. ) ;
#3727 = LINE ( 'NONE', #1491, #3063 ) ;
#3728 = DIRECTION ( 'NONE',  ( -0.9948500600418255235, 0.07037895403468653888, 0.07293943284506555769 ) ) ;
#3729 = CARTESIAN_POINT ( 'NONE',  ( -9.637690077886388096, -13.67749813604302211, -15.26378023658707939 ) ) ;
#3730 = DIRECTION ( 'NONE',  ( 0.7470778262826890392, 0.2962018438469771753, 0.5950959495563579171 ) ) ;
#3731 = ORIENTED_EDGE ( 'NONE', *, *, #263, .T. ) ;
#3732 = DIRECTION ( 'NONE',  ( -0.7470778262826891503, -0.2962018438469781190, -0.5950959495563572510 ) ) ;
#3733 = DIRECTION ( 'NONE',  ( -0.6915197032147274436, 0.3585166444257759100, 0.6271094926211028264 ) ) ;
#3734 = DIRECTION ( 'NONE',  ( -0.02761996880506026320, -0.8806308699840952325, 0.4729972601974170576 ) ) ;
#3735 = CARTESIAN_POINT ( 'NONE',  ( -10.67313333151759913, 38.28941654590223465, -39.56431683251653908 ) ) ;
#3736 = CARTESIAN_POINT ( 'NONE',  ( -1.101348643323419418, 10.44265176290508457, -26.30671508155956673 ) ) ;
#3737 = ORIENTED_EDGE ( 'NONE', *, *, #1242, .F. ) ;
#3738 = EDGE_CURVE ( 'NONE', #1029, #2596, #553, .T. ) ;
#3739 = EDGE_CURVE ( 'NONE', #678, #4506, #855, .T. ) ;
#3740 = ORIENTED_EDGE ( 'NONE', *, *, #288, .T. ) ;
#3741 = FACE_OUTER_BOUND ( 'NONE', #411, .T. ) ;
#3742 = FACE_OUTER_BOUND ( 'NONE', #4706, .T. ) ;
#3743 = ADVANCED_FACE ( 'NONE', ( #4337 ), #2502, .T. ) ;
#3744 = ADVANCED_FACE ( 'NONE', ( #1024 ), #1796, .T. ) ;
#3745 = ORIENTED_EDGE ( 'NONE', *, *, #3979, .T. ) ;
#3746 = EDGE_CURVE ( 'NONE', #2067, #3215, #1747, .T. ) ;
#3747 = ORIENTED_EDGE ( 'NONE', *, *, #1335, .T. ) ;
#3748 = CARTESIAN_POINT ( 'NONE',  ( 17.40328888686448749, -12.47943115743055387, -3.420316790709421184 ) ) ;
#3749 = VECTOR ( 'NONE', #4216, 1000.000000000000114 ) ;
#3750 = DIRECTION ( 'NONE',  ( -0.6915197032147289979, 0.3585166444257749663, 0.6271094926211017162 ) ) ;
#3751 = LINE ( 'NONE', #487, #1533 ) ;
#3752 = VERTEX_POINT ( 'NONE', #693 ) ;
#3753 = VECTOR ( 'NONE', #1547, 1000.000000000000114 ) ;
#3754 = DIRECTION ( 'NONE',  ( 0.9948500600418255235, -0.07037895403468659439, -0.07293943284506482216 ) ) ;
#3755 = CARTESIAN_POINT ( 'NONE',  ( -17.94858402446244128, -19.44329611208291197, 0.7269260989088039970 ) ) ;
#3756 = LINE ( 'NONE', #3061, #1156 ) ;
#3757 = AXIS2_PLACEMENT_3D ( 'NONE', #3561, #246, #2354 ) ;
#3758 = DIRECTION ( 'NONE',  ( 0.7218293686107700724, 0.3097661803695451743, 0.6188758163882634999 ) ) ;
#3759 = ORIENTED_EDGE ( 'NONE', *, *, #1424, .F. ) ;
#3760 = EDGE_CURVE ( 'NONE', #678, #1968, #2764, .T. ) ;
#3761 = AXIS2_PLACEMENT_3D ( 'NONE', #4691, #1409, #2518 ) ;
#3762 = VECTOR ( 'NONE', #3578, 1000.000000000000000 ) ;
#3763 = CARTESIAN_POINT ( 'NONE',  ( 5.470105767227536830, 8.097524367485956276, -28.38640622441653960 ) ) ;
#3764 = VERTEX_POINT ( 'NONE', #4314 ) ;
#3765 = VECTOR ( 'NONE', #3394, 1000.000000000000000 ) ;
#3766 = CIRCLE ( 'NONE', #4606, 11.26368810438060741 ) ;
#3767 = ORIENTED_EDGE ( 'NONE', *, *, #2034, .T. ) ;
#3768 = VECTOR ( 'NONE', #9, 1000.000000000000227 ) ;
#3769 = DIRECTION ( 'NONE',  ( 0.7470778262826892613, 0.2962018438469781190, 0.5950959495563572510 ) ) ;
#3770 = CARTESIAN_POINT ( 'NONE',  ( 8.816587545811719551, -16.90569614202381743, -14.27676446908808394 ) ) ;
#3771 = VECTOR ( 'NONE', #1104, 1000.000000000000227 ) ;
#3772 = ORIENTED_EDGE ( 'NONE', *, *, #3219, .F. ) ;
#3773 = ORIENTED_EDGE ( 'NONE', *, *, #2493, .F. ) ;
#3774 = DIRECTION ( 'NONE',  ( 0.7470778262826892613, 0.2962018438469780635, 0.5950959495563572510 ) ) ;
#3775 = EDGE_CURVE ( 'NONE', #2159, #4539, #4742, .T. ) ;
#3776 = EDGE_CURVE ( 'NONE', #4057, #1141, #1349, .T. ) ;
#3777 = CYLINDRICAL_SURFACE ( 'NONE', #4681, 11.31869210692803662 ) ;
#3778 = DIRECTION ( 'NONE',  ( 0.000000000000000000, 0.4731777794655588343, 0.8809669625020242201 ) ) ;
#3779 = ORIENTED_EDGE ( 'NONE', *, *, #1839, .F. ) ;
#3780 = ORIENTED_EDGE ( 'NONE', *, *, #1013, .F. ) ;
#3781 = VERTEX_POINT ( 'NONE', #1048 ) ;
#3782 = CARTESIAN_POINT ( 'NONE',  ( 12.62635513087533390, -12.32696322779323950, -11.44926561427554113 ) ) ;
#3783 = CARTESIAN_POINT ( 'NONE',  ( 7.359832646836903969, 6.756449552502053812, -30.77288449512999691 ) ) ;
#3784 = CARTESIAN_POINT ( 'NONE',  ( -14.90224949976185798, -13.57673223970708776, -8.671076949788014687 ) ) ;
#3785 = CARTESIAN_POINT ( 'NONE',  ( 21.48348705432623262, -18.55670503138105332, -16.61096408970178828 ) ) ;
#3786 = ADVANCED_FACE ( 'NONE', ( #3982 ), #3633, .T. ) ;
#3787 = ORIENTED_EDGE ( 'NONE', *, *, #2661, .T. ) ;
#3788 = CARTESIAN_POINT ( 'NONE',  ( 25.50841439487990669, 14.58221418211760145, -21.06273696935111772 ) ) ;
#3789 = ORIENTED_EDGE ( 'NONE', *, *, #3607, .F. ) ;
#3790 = EDGE_LOOP ( 'NONE', ( #4512, #4633, #2683, #548, #2632, #1754, #94 ) ) ;
#3791 = FACE_OUTER_BOUND ( 'NONE', #4391, .T. ) ;
#3792 = DIRECTION ( 'NONE',  ( 0.000000000000000000, 0.4731777794655590563, 0.8809669625020241090 ) ) ;
#3793 = ORIENTED_EDGE ( 'NONE', *, *, #4149, .T. ) ;
#3794 = ORIENTED_EDGE ( 'NONE', *, *, #1013, .T. ) ;
#3795 = CARTESIAN_POINT ( 'NONE',  ( 2.820305716254654982, 4.256616569964920771, 0.4602526849774959405 ) ) ;
#3796 = CARTESIAN_POINT ( 'NONE',  ( -11.40074648663855683, -13.86536112881285199, -15.71649641866946290 ) ) ;
#3797 = CYLINDRICAL_SURFACE ( 'NONE', #3922, 0.9999999999999993339 ) ;
#3798 = EDGE_LOOP ( 'NONE', ( #718, #2984, #4695, #1781 ) ) ;
#3799 = EDGE_CURVE ( 'NONE', #2560, #2565, #493, .T. ) ;
#3800 = EDGE_CURVE ( 'NONE', #974, #4056, #4283, .T. ) ;
#3801 = ORIENTED_EDGE ( 'NONE', *, *, #2132, .F. ) ;
#3802 = CARTESIAN_POINT ( 'NONE',  ( -17.99979444331607326, -10.22670789260032542, -11.09777596682768674 ) ) ;
#3803 = LINE ( 'NONE', #889, #3376 ) ;
#3804 = DIRECTION ( 'NONE',  ( 0.7218293686107699614, 0.3097661803695447857, 0.6188758163882636110 ) ) ;
#3805 = DIRECTION ( 'NONE',  ( 0.000000000000000000, -0.4731777794655592229, -0.8809669625020238870 ) ) ;
#3806 = ORIENTED_EDGE ( 'NONE', *, *, #3128, .T. ) ;
#3807 = ADVANCED_FACE ( 'NONE', ( #4597 ), #2422, .T. ) ;
#3808 = FACE_OUTER_BOUND ( 'NONE', #168, .T. ) ;
#3809 = CARTESIAN_POINT ( 'NONE',  ( 21.10834173892960663, 9.472192021563769160, -32.94773843434390415 ) ) ;
#3810 = VERTEX_POINT ( 'NONE', #183 ) ;
#3811 = LINE ( 'NONE', #972, #87 ) ;
#3812 = DIRECTION ( 'NONE',  ( -0.6230553284272418724, 0.000000000000000000, 0.7821777660598782100 ) ) ;
#3813 = CARTESIAN_POINT ( 'NONE',  ( -13.79140734804516200, 10.17933582201164988, -29.86357114234579768 ) ) ;
#3814 = ORIENTED_EDGE ( 'NONE', *, *, #3658, .F. ) ;
#3815 = ORIENTED_EDGE ( 'NONE', *, *, #886, .T. ) ;
#3816 = DIRECTION ( 'NONE',  ( 0.6230553284272440928, 0.000000000000000000, -0.7821777660598766557 ) ) ;
#3817 = CARTESIAN_POINT ( 'NONE',  ( -12.03393842829991911, -14.00356980026852227, -16.01078895685787629 ) ) ;
#3818 = AXIS2_PLACEMENT_3D ( 'NONE', #3687, #3732, #1809 ) ;
#3819 = DIRECTION ( 'NONE',  ( 0.6992911315723367993, 0.000000000000000000, 0.7148369837272556815 ) ) ;
#3820 = VERTEX_POINT ( 'NONE', #3211 ) ;
#3821 = ORIENTED_EDGE ( 'NONE', *, *, #978, .F. ) ;
#3822 = ORIENTED_EDGE ( 'NONE', *, *, #3163, .F. ) ;
#3823 = DIRECTION ( 'NONE',  ( 0.02761996880506082178, 0.8806308699840947884, -0.4729972601974178903 ) ) ;
#3824 = VECTOR ( 'NONE', #2869, 1000.000000000000000 ) ;
#3825 = CARTESIAN_POINT ( 'NONE',  ( -13.23485309572448543, -15.68417910345075050, -16.36918389099192339 ) ) ;
#3826 = DIRECTION ( 'NONE',  ( -0.9948500600418254125, 0.07037895403468683031, 0.07293943284506472502 ) ) ;
#3827 = CARTESIAN_POINT ( 'NONE',  ( 9.360186223783227177, -15.16357280005226116, -16.22031314969110483 ) ) ;
#3828 = AXIS2_PLACEMENT_3D ( 'NONE', #2244, #3706, #4441 ) ;
#3829 = ORIENTED_EDGE ( 'NONE', *, *, #1891, .T. ) ;
#3830 = DIRECTION ( 'NONE',  ( 0.7470778262826889282, 0.2962018438469780635, 0.5950959495563576951 ) ) ;
#3831 = VECTOR ( 'NONE', #3830, 1000.000000000000000 ) ;
#3832 = EDGE_CURVE ( 'NONE', #4241, #2823, #1663, .T. ) ;
#3833 = EDGE_CURVE ( 'NONE', #1557, #4401, #1473, .T. ) ;
#3834 = FACE_OUTER_BOUND ( 'NONE', #2326, .T. ) ;
#3835 = EDGE_CURVE ( 'NONE', #3124, #4208, #3430, .T. ) ;
#3836 = AXIS2_PLACEMENT_3D ( 'NONE', #1969, #4536, #1558 ) ;
#3837 = DIRECTION ( 'NONE',  ( -0.9948500600418255235, 0.07037895403468706623, 0.07293943284506440583 ) ) ;
#3838 = ORIENTED_EDGE ( 'NONE', *, *, #2306, .T. ) ;
#3839 = DIRECTION ( 'NONE',  ( -0.1979208982890415802, -0.9802179951523329882, 0.000000000000000000 ) ) ;
#3840 = AXIS2_PLACEMENT_3D ( 'NONE', #1774, #335, #3268 ) ;
#3841 = VECTOR ( 'NONE', #950, 1000.000000000000114 ) ;
#3842 = FACE_OUTER_BOUND ( 'NONE', #1702, .T. ) ;
#3843 = EDGE_CURVE ( 'NONE', #666, #1580, #1331, .T. ) ;
#3844 = VECTOR ( 'NONE', #2122, 1000.000000000000227 ) ;
#3845 = VECTOR ( 'NONE', #1001, 1000.000000000000000 ) ;
#3846 = ORIENTED_EDGE ( 'NONE', *, *, #4327, .T. ) ;
#3847 = CARTESIAN_POINT ( 'NONE',  ( 16.29738816689522451, 12.88081748566522933, -20.75134131798078840 ) ) ;
#3848 = DIRECTION ( 'NONE',  ( -0.9948500600418255235, 0.07037895403468659439, 0.07293943284506482216 ) ) ;
#3849 = AXIS2_PLACEMENT_3D ( 'NONE', #2650, #3339, #1531 ) ;
#3850 = LINE ( 'NONE', #2721, #3624 ) ;
#3851 = ORIENTED_EDGE ( 'NONE', *, *, #3315, .F. ) ;
#3852 = ORIENTED_EDGE ( 'NONE', *, *, #3138, .F. ) ;
#3853 = DIRECTION ( 'NONE',  ( -0.6641625243868698458, 0.3698022965487183789, 0.6497187104180965900 ) ) ;
#3854 = CARTESIAN_POINT ( 'NONE',  ( 16.23662423552411127, 10.94342957170024455, -19.71074734554645147 ) ) ;
#3855 = DIRECTION ( 'NONE',  ( 0.6508913630218423618, 0.000000000000000000, -0.7591708856005796591 ) ) ;
#3856 = CARTESIAN_POINT ( 'NONE',  ( 17.06543198176960630, 13.18533193666029568, -20.13954459850405598 ) ) ;
#3857 = ORIENTED_EDGE ( 'NONE', *, *, #2719, .F. ) ;
#3858 = EDGE_LOOP ( 'NONE', ( #3542, #4727, #1848, #838, #797, #3408, #942, #4083, #3389, #1973, #3299 ) ) ;
#3859 = SPHERICAL_SURFACE ( 'NONE', #3436, 1.000000000000000000 ) ;
#3860 = CARTESIAN_POINT ( 'NONE',  ( 8.834031371141238154, -15.80278004587833784, -16.00427010106839631 ) ) ;
#3861 = EDGE_CURVE ( 'NONE', #2669, #812, #1640, .T. ) ;
#3862 = EDGE_CURVE ( 'NONE', #4156, #1422, #2594, .T. ) ;
#3863 = CARTESIAN_POINT ( 'NONE',  ( 5.383021075431284608, -17.27458353597917196, -17.91249086790343625 ) ) ;
#3864 = ORIENTED_EDGE ( 'NONE', *, *, #293, .T. ) ;
#3865 = CARTESIAN_POINT ( 'NONE',  ( -12.99182810964520485, 13.39681950262800569, -27.63205756866872420 ) ) ;
#3866 = CYLINDRICAL_SURFACE ( 'NONE', #248, 0.9999999999999986677 ) ;
#3867 = EDGE_CURVE ( 'NONE', #612, #4539, #4259, .T. ) ;
#3868 = VERTEX_POINT ( 'NONE', #2757 ) ;
#3869 = DIRECTION ( 'NONE',  ( 0.7218293686107698504, 0.3097661803695450633, 0.6188758163882636110 ) ) ;
#3870 = DIRECTION ( 'NONE',  ( -0.7218293686107685181, -0.3097661803695458405, -0.6188758163882648322 ) ) ;
#3871 = PLANE ( 'NONE',  #3006 ) ;
#3872 = ORIENTED_EDGE ( 'NONE', *, *, #3719, .T. ) ;
#3873 = VERTEX_POINT ( 'NONE', #4213 ) ;
#3874 = ORIENTED_EDGE ( 'NONE', *, *, #2867, .T. ) ;
#3875 = DIRECTION ( 'NONE',  ( 0.6915197032147272216, -0.3585166444257757434, -0.6271094926211031595 ) ) ;
#3876 = CARTESIAN_POINT ( 'NONE',  ( 13.14044918840180998, 6.673373499494583250, -17.05927205473251718 ) ) ;
#3877 = EDGE_CURVE ( 'NONE', #4208, #4440, #968, .T. ) ;
#3878 = FACE_OUTER_BOUND ( 'NONE', #1060, .T. ) ;
#3879 = DIRECTION ( 'NONE',  ( 0.02761996880505330348, 0.8806308699840962317, -0.4729972601974158364 ) ) ;
#3880 = ORIENTED_EDGE ( 'NONE', *, *, #1370, .F. ) ;
#3881 = VERTEX_POINT ( 'NONE', #3910 ) ;
#3882 = DIRECTION ( 'NONE',  ( 1.781668784495597051E-15, 0.4731777794655588343, 0.8809669625020242201 ) ) ;
#3883 = CARTESIAN_POINT ( 'NONE',  ( -19.51849769083218078, 16.78055487075295105, -21.71330148617885669 ) ) ;
#3884 = CARTESIAN_POINT ( 'NONE',  ( 6.614878645398981405, -16.99555013347212551, -18.01540442191997471 ) ) ;
#3885 = CARTESIAN_POINT ( 'NONE',  ( -18.98008343119649766, -11.46258953223667731, -4.973064650431987310 ) ) ;
#3886 = EDGE_LOOP ( 'NONE', ( #2012, #762, #1508, #2357 ) ) ;
#3887 = CARTESIAN_POINT ( 'NONE',  ( -12.35875676083827379, -15.45474361246418304, -10.69769249197119088 ) ) ;
#3888 = PLANE ( 'NONE',  #402 ) ;
#3889 = ADVANCED_FACE ( 'NONE', ( #3834 ), #618, .T. ) ;
#3890 = ORIENTED_EDGE ( 'NONE', *, *, #1129, .F. ) ;
#3891 = CARTESIAN_POINT ( 'NONE',  ( -10.15421941975304421, 13.96551227592972744, -25.08620122544266096 ) ) ;
#3892 = LINE ( 'NONE', #4575, #782 ) ;
#3893 = EDGE_CURVE ( 'NONE', #3700, #1567, #2541, .T. ) ;
#3894 = ADVANCED_FACE ( 'NONE', ( #1722 ), #282, .T. ) ;
#3895 = DIRECTION ( 'NONE',  ( 0.6508913630218422508, 0.000000000000000000, -0.7591708856005796591 ) ) ;
#3896 = ORIENTED_EDGE ( 'NONE', *, *, #1483, .F. ) ;
#3897 = ADVANCED_FACE ( 'NONE', ( #1355 ), #3477, .T. ) ;
#3898 = ORIENTED_EDGE ( 'NONE', *, *, #923, .F. ) ;
#3899 = VERTEX_POINT ( 'NONE', #2230 ) ;
#3900 = CARTESIAN_POINT ( 'NONE',  ( 17.73701458058523173, -7.829110779091343453, -0.8739316949057333028 ) ) ;
#3901 = PLANE ( 'NONE',  #4365 ) ;
#3902 = VECTOR ( 'NONE', #3365, 1000.000000000000114 ) ;
#3903 = CARTESIAN_POINT ( 'NONE',  ( 21.47846048164840127, -15.20424287861769486, -17.76923120392385513 ) ) ;
#3904 = CARTESIAN_POINT ( 'NONE',  ( 0.1553357283892022322, 17.46276120384530728, -9.780541834296572645 ) ) ;
#3905 = ORIENTED_EDGE ( 'NONE', *, *, #1189, .T. ) ;
#3906 = EDGE_LOOP ( 'NONE', ( #1624, #2784, #1028, #2941 ) ) ;
#3907 = AXIS2_PLACEMENT_3D ( 'NONE', #3494, #985, #3184 ) ;
#3908 = CARTESIAN_POINT ( 'NONE',  ( -13.99248827379534532, 9.974584892546330295, -30.30142710378726889 ) ) ;
#3909 = CARTESIAN_POINT ( 'NONE',  ( -6.023446191242020298, -4.317888540760263183, -33.77934954947561863 ) ) ;
#3910 = CARTESIAN_POINT ( 'NONE',  ( -3.362829514226757688, 10.09613244630951101, -27.08392389286222723 ) ) ;
#3911 = CARTESIAN_POINT ( 'NONE',  ( 13.28131102930760399, 11.16459093641346811, -19.47155808173935654 ) ) ;
#3912 = ORIENTED_EDGE ( 'NONE', *, *, #2841, .F. ) ;
#3913 = FACE_OUTER_BOUND ( 'NONE', #4667, .T. ) ;
#3914 = DIRECTION ( 'NONE',  ( -0.7218293686107699614, -0.3097661803695451188, -0.6188758163882637220 ) ) ;
#3915 = VECTOR ( 'NONE', #201, 1000.000000000000114 ) ;
#3916 = VECTOR ( 'NONE', #1233, 1000.000000000000114 ) ;
#3917 = VERTEX_POINT ( 'NONE', #3649 ) ;
#3918 = AXIS2_PLACEMENT_3D ( 'NONE', #813, #1529, #1146 ) ;
#3919 = CARTESIAN_POINT ( 'NONE',  ( -18.79037459521270037, 12.25281597142305223, -20.29628093544543788 ) ) ;
#3920 = FACE_OUTER_BOUND ( 'NONE', #3886, .T. ) ;
#3921 = VERTEX_POINT ( 'NONE', #2127 ) ;
#3922 = AXIS2_PLACEMENT_3D ( 'NONE', #3465, #507, #3437 ) ;
#3923 = VECTOR ( 'NONE', #2175, 1000.000000000000000 ) ;
#3924 = ORIENTED_EDGE ( 'NONE', *, *, #4582, .F. ) ;
#3925 = EDGE_CURVE ( 'NONE', #437, #4718, #4407, .T. ) ;
#3926 = EDGE_LOOP ( 'NONE', ( #3244, #1653, #1091, #4672, #3677 ) ) ;
#3927 = CARTESIAN_POINT ( 'NONE',  ( -11.65850464706485923, 11.09465064780508392, -28.03488148555558013 ) ) ;
#3928 = EDGE_CURVE ( 'NONE', #381, #3066, #2570, .T. ) ;
#3929 = DIRECTION ( 'NONE',  ( 0.000000000000000000, -0.4731777794655593894, -0.8809669625020239980 ) ) ;
#3930 = AXIS2_PLACEMENT_3D ( 'NONE', #2667, #115, #71 ) ;
#3931 = DIRECTION ( 'NONE',  ( -0.6641625243868668482, 0.3698022965487194336, 0.6497187104180989214 ) ) ;
#3932 = VERTEX_POINT ( 'NONE', #378 ) ;
#3933 = ORIENTED_EDGE ( 'NONE', *, *, #4119, .F. ) ;
#3934 = FACE_OUTER_BOUND ( 'NONE', #2169, .T. ) ;
#3935 = CARTESIAN_POINT ( 'NONE',  ( -12.45850603893897102, -15.87607206656832126, -13.60212774062964414 ) ) ;
#3936 = EDGE_CURVE ( 'NONE', #2736, #685, #2593, .T. ) ;
#3937 = DIRECTION ( 'NONE',  ( 0.6992911315723373544, 0.000000000000000000, 0.7148369837272550154 ) ) ;
#3938 = CARTESIAN_POINT ( 'NONE',  ( -12.10592822814140135, 12.72657336668983241, -26.71402034977321449 ) ) ;
#3939 = CARTESIAN_POINT ( 'NONE',  ( 3.882175064318326374, -6.302929272205763489, -19.13760553409576914 ) ) ;
#3940 = ORIENTED_EDGE ( 'NONE', *, *, #221, .T. ) ;
#3941 = CARTESIAN_POINT ( 'NONE',  ( 5.342330077735808480, -17.39290208954075112, -17.84483328380527567 ) ) ;
#3942 = DIRECTION ( 'NONE',  ( -0.6915197032147274436, 0.3585166444257756879, 0.6271094926211030485 ) ) ;
#3943 = ORIENTED_EDGE ( 'NONE', *, *, #724, .F. ) ;
#3944 = CARTESIAN_POINT ( 'NONE',  ( -16.77209343321260349, 12.45704930774799024, -22.75253977944810657 ) ) ;
#3945 = DIRECTION ( 'NONE',  ( -0.02761996880506021809, -0.8806308699840952325, 0.4729972601974168911 ) ) ;
#3946 = ORIENTED_EDGE ( 'NONE', *, *, #160, .F. ) ;
#3947 = ORIENTED_EDGE ( 'NONE', *, *, #3877, .T. ) ;
#3948 = ORIENTED_EDGE ( 'NONE', *, *, #3219, .T. ) ;
#3949 = CARTESIAN_POINT ( 'NONE',  ( 5.300885882466993770, 8.553416085759989684, -31.68592047401271472 ) ) ;
#3950 = CARTESIAN_POINT ( 'NONE',  ( -17.68079056769712309, -10.90501040757149909, -3.859088180933117229 ) ) ;
#3951 = LINE ( 'NONE', #3568, #2160 ) ;
#3952 = CARTESIAN_POINT ( 'NONE',  ( 6.647237451666346608, -15.96382689308759417, -18.56955518203663758 ) ) ;
#3953 = EDGE_CURVE ( 'NONE', #4315, #1968, #2075, .T. ) ;
#3954 = ORIENTED_EDGE ( 'NONE', *, *, #190, .F. ) ;
#3955 = EDGE_CURVE ( 'NONE', #1580, #3182, #2953, .T. ) ;
#3956 = CARTESIAN_POINT ( 'NONE',  ( 9.683854566290616361, 10.74611317547676670, -29.12887843928697151 ) ) ;
#3957 = DIRECTION ( 'NONE',  ( 0.7470778262826890392, 0.2962018438469780079, 0.5950959495563575841 ) ) ;
#3958 = DIRECTION ( 'NONE',  ( 0.6508913630218426949, 0.000000000000000000, -0.7591708856005792150 ) ) ;
#3959 = EDGE_CURVE ( 'NONE', #4653, #2447, #4004, .T. ) ;
#3960 = DIRECTION ( 'NONE',  ( 0.2593423818113965162, 0.4506628343277029325, 0.8541923312416901393 ) ) ;
#3961 = ORIENTED_EDGE ( 'NONE', *, *, #1744, .T. ) ;
#3962 = ORIENTED_EDGE ( 'NONE', *, *, #3832, .F. ) ;
#3963 =( BOUNDED_CURVE ( )  B_SPLINE_CURVE ( 3, ( #1454, #1841, #333, #791 ),
 .UNSPECIFIED., .F., .T. ) 
 B_SPLINE_CURVE_WITH_KNOTS ( ( 4, 4 ),
 ( 0.5744541278077415214, 1.570796326794897002 ),
 .UNSPECIFIED. ) 
 CURVE ( )  GEOMETRIC_REPRESENTATION_ITEM ( )  RATIONAL_B_SPLINE_CURVE ( ( 1.000000000000000000, 0.9189719435396173086, 0.9189719435396173086, 1.000000000000000000 ) ) 
 REPRESENTATION_ITEM ( '' )  );
#3964 = CARTESIAN_POINT ( 'NONE',  ( 22.00562112614811383, 16.59328347494716027, -19.63722625952496514 ) ) ;
#3965 = DIRECTION ( 'NONE',  ( 0.02761996880506026666, 0.8806308699840952325, -0.4729972601974171131 ) ) ;
#3966 = ORIENTED_EDGE ( 'NONE', *, *, #2552, .T. ) ;
#3967 = EDGE_LOOP ( 'NONE', ( #699, #1745, #1782, #2817 ) ) ;
#3968 = DIRECTION ( 'NONE',  ( 0.6915197032147273326, -0.3585166444257762985, -0.6271094926211027154 ) ) ;
#3969 = DIRECTION ( 'NONE',  ( -0.7470778262826898164, -0.2962018438469777859, -0.5950959495563564738 ) ) ;
#3970 = DIRECTION ( 'NONE',  ( 0.000000000000000000, -0.4731777794655587233, -0.8809669625020244421 ) ) ;
#3971 = ORIENTED_EDGE ( 'NONE', *, *, #3450, .F. ) ;
#3972 = ORIENTED_EDGE ( 'NONE', *, *, #520, .T. ) ;
#3973 = DIRECTION ( 'NONE',  ( -0.6956610734545393138, 0.3567285703321865231, 0.6235386098621578110 ) ) ;
#3974 = CIRCLE ( 'NONE', #1822, 1.000000000000000444 ) ;
#3975 = DIRECTION ( 'NONE',  ( 0.02761996880505842786, 0.8806308699840952325, -0.4729972601974171131 ) ) ;
#3976 = LINE ( 'NONE', #3284, #3146 ) ;
#3977 = VECTOR ( 'NONE', #3973, 1000.000000000000000 ) ;
#3978 = PLANE ( 'NONE',  #1445 ) ;
#3979 = EDGE_CURVE ( 'NONE', #2575, #1029, #1096, .T. ) ;
#3980 = ORIENTED_EDGE ( 'NONE', *, *, #3138, .T. ) ;
#3981 = ADVANCED_FACE ( 'NONE', ( #3670 ), #4332, .F. ) ;
#3982 = FACE_OUTER_BOUND ( 'NONE', #101, .T. ) ;
#3983 = DIRECTION ( 'NONE',  ( -0.9948500600418255235, 0.07037895403468577560, 0.07293943284506508584 ) ) ;
#3984 = VECTOR ( 'NONE', #2423, 1000.000000000000227 ) ;
#3985 = EDGE_LOOP ( 'NONE', ( #2664, #1769, #3632, #2394 ) ) ;
#3986 = CARTESIAN_POINT ( 'NONE',  ( -12.10592822814140135, 12.72657336668983241, -26.71402034977321449 ) ) ;
#3987 = VECTOR ( 'NONE', #3734, 1000.000000000000114 ) ;
#3988 = CARTESIAN_POINT ( 'NONE',  ( 7.360529996462138236, 9.337526846920519930, -27.87012856059928367 ) ) ;
#3989 = ORIENTED_EDGE ( 'NONE', *, *, #4643, .T. ) ;
#3990 = AXIS2_PLACEMENT_3D ( 'NONE', #716, #1117, #4047 ) ;
#3991 = AXIS2_PLACEMENT_3D ( 'NONE', #2023, #1269, #4636 ) ;
#3992 = EDGE_LOOP ( 'NONE', ( #4722, #4228, #1054, #2031, #57, #4660 ) ) ;
#3993 = CARTESIAN_POINT ( 'NONE',  ( -14.18050189504236691, 9.741332019824993083, -29.58662409887408629 ) ) ;
#3994 = CARTESIAN_POINT ( 'NONE',  ( 6.483901916822190081, -16.02858625936045200, -18.69966253067530459 ) ) ;
#3995 = CYLINDRICAL_SURFACE ( 'NONE', #926, 1.000000000000000666 ) ;
#3996 = VECTOR ( 'NONE', #2821, 1000.000000000000114 ) ;
#3997 = LINE ( 'NONE', #1404, #4074 ) ;
#3998 = ORIENTED_EDGE ( 'NONE', *, *, #492, .F. ) ;
#3999 = LINE ( 'NONE', #753, #4050 ) ;
#4000 = VECTOR ( 'NONE', #4338, 1000.000000000000114 ) ;
#4001 = CIRCLE ( 'NONE', #2310, 0.9999999999999988898 ) ;
#4002 = CARTESIAN_POINT ( 'NONE',  ( 18.55180366033450667, 18.14949988543946802, -14.82735087072954094 ) ) ;
#4003 = CARTESIAN_POINT ( 'NONE',  ( 24.64114737440101521, -13.06959513538298445, -6.210622999152226598 ) ) ;
#4004 = LINE ( 'NONE', #684, #3379 ) ;
#4005 = CIRCLE ( 'NONE', #549, 1.500000000000000444 ) ;
#4006 = LINE ( 'NONE', #739, #831 ) ;
#4007 = ORIENTED_EDGE ( 'NONE', *, *, #3163, .T. ) ;
#4008 = EDGE_CURVE ( 'NONE', #872, #3710, #2184, .T. ) ;
#4009 = ADVANCED_FACE ( 'NONE', ( #4733 ), #42, .T. ) ;
#4010 = EDGE_LOOP ( 'NONE', ( #1579, #1818, #238, #2920, #635 ) ) ;
#4011 = CARTESIAN_POINT ( 'NONE',  ( -18.96620390028658676, -9.725675349284902182, -10.22138077315837812 ) ) ;
#4012 = DIRECTION ( 'NONE',  ( 0.000000000000000000, -0.4731777794655596114, -0.8809669625020237760 ) ) ;
#4013 = EDGE_LOOP ( 'NONE', ( #4359, #2337, #1607, #4500 ) ) ;
#4014 = ORIENTED_EDGE ( 'NONE', *, *, #3246, .T. ) ;
#4015 = ADVANCED_FACE ( 'NONE', ( #1836 ), #738, .F. ) ;
#4016 = ORIENTED_EDGE ( 'NONE', *, *, #51, .T. ) ;
#4017 = DIRECTION ( 'NONE',  ( 0.7470778262826895944, 0.2962018438469778969, 0.5950959495563569179 ) ) ;
#4018 = SURFACE_STYLE_USAGE ( .BOTH. , #3253 ) ;
#4019 = CARTESIAN_POINT ( 'NONE',  ( -19.65644368188307567, 0.5326532619421951997, -14.55092129515318788 ) ) ;
#4020 = CARTESIAN_POINT ( 'NONE',  ( -14.95592223759229888, 12.22630940323257320, -29.92601492742172198 ) ) ;
#4021 = ORIENTED_EDGE ( 'NONE', *, *, #1953, .F. ) ;
#4022 = CARTESIAN_POINT ( 'NONE',  ( -10.19979236828138980, 12.51247134045597242, -24.30575574611692602 ) ) ;
#4023 = DIRECTION ( 'NONE',  ( 0.000000000000000000, -0.4731777794655600000, -0.8809669625020235539 ) ) ;
#4024 = FACE_OUTER_BOUND ( 'NONE', #363, .T. ) ;
#4025 = FACE_OUTER_BOUND ( 'NONE', #1855, .T. ) ;
#4026 = CARTESIAN_POINT ( 'NONE',  ( -2.377621826563727225, -15.60526253447936362, -17.37188120165196636 ) ) ;
#4027 = DIRECTION ( 'NONE',  ( -0.02761996880506090504, -0.8806308699840953436, 0.4729972601974168356 ) ) ;
#4028 = DIRECTION ( 'NONE',  ( 0.000000000000000000, 0.4731777794655596114, 0.8809669625020237760 ) ) ;
#4029 = VERTEX_POINT ( 'NONE', #1021 ) ;
#4030 = PRODUCT_DEFINITION_SHAPE ( 'NONE', 'NONE',  #2787 ) ;
#4031 = VERTEX_POINT ( 'NONE', #2497 ) ;
#4032 = DIRECTION ( 'NONE',  ( -0.7218293686107699614, -0.3097661803695451188, -0.6188758163882634999 ) ) ;
#4033 = PLANE ( 'NONE',  #929 ) ;
#4034 = VERTEX_POINT ( 'NONE', #4711 ) ;
#4035 = ORIENTED_EDGE ( 'NONE', *, *, #1457, .F. ) ;
#4036 = DIRECTION ( 'NONE',  ( 2.081668171172167251E-14, 0.4731777794655559477, 0.8809669625020258854 ) ) ;
#4037 = ADVANCED_FACE ( 'NONE', ( #661 ), #3240, .F. ) ;
#4038 = EDGE_CURVE ( 'NONE', #4743, #428, #3976, .T. ) ;
#4039 = DIRECTION ( 'NONE',  ( 0.6992911315723369103, 0.000000000000000000, 0.7148369837272554594 ) ) ;
#4040 = EDGE_CURVE ( 'NONE', #3820, #571, #3628, .T. ) ;
#4041 = LINE ( 'NONE', #1376, #3236 ) ;
#4042 = ORIENTED_EDGE ( 'NONE', *, *, #3399, .F. ) ;
#4043 = DIRECTION ( 'NONE',  ( -0.02761996880506042973, -0.8806308699840952325, 0.4729972601974170021 ) ) ;
#4044 = DIRECTION ( 'NONE',  ( 0.02761996880506069341, 0.8806308699840950105, -0.4729972601974176127 ) ) ;
#4045 = DIRECTION ( 'NONE',  ( -0.6641625243868705120, 0.3698022965487179348, 0.6497187104180959238 ) ) ;
#4046 = DIRECTION ( 'NONE',  ( 0.7218293686107699614, 0.3097661803695447857, 0.6188758163882636110 ) ) ;
#4047 = DIRECTION ( 'NONE',  ( 0.000000000000000000, -0.4731777794655594449, -0.8809669625020238870 ) ) ;
#4048 = LINE ( 'NONE', #761, #2061 ) ;
#4049 = VERTEX_POINT ( 'NONE', #2899 ) ;
#4050 = VECTOR ( 'NONE', #1113, 1000.000000000000227 ) ;
#4051 = VECTOR ( 'NONE', #2818, 1000.000000000000000 ) ;
#4052 = ORIENTED_EDGE ( 'NONE', *, *, #194, .F. ) ;
#4053 = DIRECTION ( 'NONE',  ( -0.02761996880506017299, -0.8806308699840953436, 0.4729972601974172242 ) ) ;
#4054 = LINE ( 'NONE', #4697, #4081 ) ;
#4055 = VECTOR ( 'NONE', #64, 1000.000000000000114 ) ;
#4056 = VERTEX_POINT ( 'NONE', #4355 ) ;
#4057 = VERTEX_POINT ( 'NONE', #1066 ) ;
#4058 = PLANE ( 'NONE',  #763 ) ;
#4059 = VECTOR ( 'NONE', #4382, 1000.000000000000114 ) ;
#4060 = CARTESIAN_POINT ( 'NONE',  ( -1.021250733788744869, 18.35223488346951370, -17.70701333119604470 ) ) ;
#4061 = DIRECTION ( 'NONE',  ( -0.9882602483797334747, -0.05866361448905720727, 0.1410682877457116735 ) ) ;
#4062 = CARTESIAN_POINT ( 'NONE',  ( -14.76218403569871995, -16.04312615099364336, -15.73901220733336181 ) ) ;
#4063 = ORIENTED_EDGE ( 'NONE', *, *, #3307, .T. ) ;
#4064 = AXIS2_PLACEMENT_3D ( 'NONE', #933, #171, #2767 ) ;
#4065 = DIRECTION ( 'NONE',  ( -0.9948500600418255235, 0.07037895403468635847, 0.07293943284506478053 ) ) ;
#4066 = ADVANCED_FACE ( 'NONE', ( #357 ), #4136, .T. ) ;
#4067 = ADVANCED_FACE ( 'NONE', ( #2618 ), #3403, .T. ) ;
#4068 = DIRECTION ( 'NONE',  ( 0.000000000000000000, 0.8822448537311108341, -0.4707908432254930275 ) ) ;
#4069 = DIRECTION ( 'NONE',  ( 0.02761996880506024238, 0.8806308699840952325, -0.4729972601974171686 ) ) ;
#4070 = AXIS2_PLACEMENT_3D ( 'NONE', #2181, #19, #2857 ) ;
#4071 = VECTOR ( 'NONE', #2980, 999.9999999999998863 ) ;
#4072 = CARTESIAN_POINT ( 'NONE',  ( 5.449779986099978046, -17.01408977489199970, -18.05891247105544650 ) ) ;
#4073 = CARTESIAN_POINT ( 'NONE',  ( 7.958060046903449702, 26.33096589654374853, -22.13977894552392911 ) ) ;
#4074 = VECTOR ( 'NONE', #2946, 1000.000000000000000 ) ;
#4075 = AXIS2_PLACEMENT_3D ( 'NONE', #2464, #2048, #254 ) ;
#4076 = ADVANCED_FACE ( 'NONE', ( #3041 ), #1958, .F. ) ;
#4077 = ORIENTED_EDGE ( 'NONE', *, *, #2278, .F. ) ;
#4078 = CARTESIAN_POINT ( 'NONE',  ( 7.196785604012491788, 7.464005569937329554, -31.10219105625541047 ) ) ;
#4079 = EDGE_LOOP ( 'NONE', ( #2338, #3078, #268, #310, #3521, #2412 ) ) ;
#4080 = AXIS2_PLACEMENT_3D ( 'NONE', #2041, #2792, #3895 ) ;
#4081 = VECTOR ( 'NONE', #1434, 1000.000000000000114 ) ;
#4082 = DIRECTION ( 'NONE',  ( -0.6551386683665532118, 0.000000000000000000, 0.7555086532998145366 ) ) ;
#4083 = ORIENTED_EDGE ( 'NONE', *, *, #1129, .T. ) ;
#4084 = CARTESIAN_POINT ( 'NONE',  ( -13.19908863629879292, -14.54387053756380865, -16.98165711425369295 ) ) ;
#4085 = FACE_OUTER_BOUND ( 'NONE', #1667, .T. ) ;
#4086 = ORIENTED_EDGE ( 'NONE', *, *, #787, .T. ) ;
#4087 = ORIENTED_EDGE ( 'NONE', *, *, #2693, .F. ) ;
#4088 = SPHERICAL_SURFACE ( 'NONE', #2680, 1.000000000000000000 ) ;
#4089 = LINE ( 'NONE', #98, #995 ) ;
#4090 = CARTESIAN_POINT ( 'NONE',  ( -10.59539937524293229, -13.76529098944254947, -15.48315782397861895 ) ) ;
#4091 = DIRECTION ( 'NONE',  ( -0.02761996880506512736, -0.8806308699840950105, 0.4729972601974172797 ) ) ;
#4092 = ORIENTED_EDGE ( 'NONE', *, *, #3928, .F. ) ;
#4093 = CARTESIAN_POINT ( 'NONE',  ( 22.35075407480512411, 9.095104286119530812, -31.46307805990068118 ) ) ;
#4094 = PLANE ( 'NONE',  #2291 ) ;
#4095 = CARTESIAN_POINT ( 'NONE',  ( -17.23760123616084883, 13.50832143426640641, -23.86686890560417496 ) ) ;
#4096 = CARTESIAN_POINT ( 'NONE',  ( 22.25408418398741262, 6.012896241175213596, -29.80758764920972936 ) ) ;
#4097 = EDGE_CURVE ( 'NONE', #1952, #175, #4458, .T. ) ;
#4098 = ADVANCED_FACE ( 'NONE', ( #3715 ), #89, .T. ) ;
#4099 = CARTESIAN_POINT ( 'NONE',  ( 20.21345474964565625, -19.06024816592091398, -17.62262720394759796 ) ) ;
#4100 = DIRECTION ( 'NONE',  ( 0.7218293686107684071, 0.3097661803695456184, 0.6188758163882650543 ) ) ;
#4101 = ORIENTED_EDGE ( 'NONE', *, *, #4102, .T. ) ;
#4102 = EDGE_CURVE ( 'NONE', #1035, #1711, #786, .T. ) ;
#4103 = ADVANCED_FACE ( 'NONE', ( #1520 ), #3444, .T. ) ;
#4104 = ORIENTED_EDGE ( 'NONE', *, *, #1243, .F. ) ;
#4105 = PLANE ( 'NONE',  #2236 ) ;
#4106 = LINE ( 'NONE', #1241, #3546 ) ;
#4107 = VERTEX_POINT ( 'NONE', #1910 ) ;
#4108 = ORIENTED_EDGE ( 'NONE', *, *, #3221, .T. ) ;
#4109 = PLANE ( 'NONE',  #1603 ) ;
#4110 = CARTESIAN_POINT ( 'NONE',  ( -13.06233828904848515, -14.40809827242617480, -16.82399585002675479 ) ) ;
#4111 = CARTESIAN_POINT ( 'NONE',  ( -13.80521733244768967, 9.739020387019602154, -29.62707251224708926 ) ) ;
#4112 = VERTEX_POINT ( 'NONE', #3785 ) ;
#4113 = CARTESIAN_POINT ( 'NONE',  ( 14.74461128747380378, 12.11947506065443925, -26.27642467675785554 ) ) ;
#4114 = LINE ( 'NONE', #4133, #835 ) ;
#4115 =( BOUNDED_CURVE ( )  B_SPLINE_CURVE ( 3, ( #2996, #4491, #821, #783 ),
 .UNSPECIFIED., .F., .T. ) 
 B_SPLINE_CURVE_WITH_KNOTS ( ( 4, 4 ),
 ( 5.794221352688593285, 5.944948002450102464 ),
 .UNSPECIFIED. ) 
 CURVE ( )  GEOMETRIC_REPRESENTATION_ITEM ( )  RATIONAL_B_SPLINE_CURVE ( ( 1.000000000000000000, 0.9981076856459385471, 0.9981076856459385471, 1.000000000000000000 ) ) 
 REPRESENTATION_ITEM ( '' )  );
#4116 = FACE_OUTER_BOUND ( 'NONE', #1724, .T. ) ;
#4117 = CYLINDRICAL_SURFACE ( 'NONE', #4285, 11.26368810438061274 ) ;
#4118 = ORIENTED_EDGE ( 'NONE', *, *, #2615, .F. ) ;
#4119 = EDGE_CURVE ( 'NONE', #1964, #3810, #4494, .T. ) ;
#4120 = EDGE_CURVE ( 'NONE', #2159, #501, #1550, .T. ) ;
#4121 = EDGE_LOOP ( 'NONE', ( #1053, #250, #6, #859 ) ) ;
#4122 = CARTESIAN_POINT ( 'NONE',  ( 7.132707266102696231, 10.28774800671597589, -32.24541472867113612 ) ) ;
#4123 = PLANE ( 'NONE',  #244 ) ;
#4124 = VECTOR ( 'NONE', #2971, 1000.000000000000000 ) ;
#4125 = ORIENTED_EDGE ( 'NONE', *, *, #4264, .F. ) ;
#4126 = DIRECTION ( 'NONE',  ( -0.02761996880506010360, -0.8806308699840951215, 0.4729972601974172797 ) ) ;
#4127 = AXIS2_PLACEMENT_3D ( 'NONE', #1887, #2646, #4408 ) ;
#4128 = CARTESIAN_POINT ( 'NONE',  ( -13.06233828904848515, -14.40809827242617480, -16.82399585002675479 ) ) ;
#4129 = DIRECTION ( 'NONE',  ( 0.02761996880506027013, 0.8806308699840952325, -0.4729972601974170576 ) ) ;
#4130 = VERTEX_POINT ( 'NONE', #3420 ) ;
#4131 = AXIS2_PLACEMENT_3D ( 'NONE', #2660, #3065, #3476 ) ;
#4132 = CARTESIAN_POINT ( 'NONE',  ( 12.81444367119953931, -12.50327279518510437, -9.863777885267262846 ) ) ;
#4133 = CARTESIAN_POINT ( 'NONE',  ( -18.79037459521270037, 12.25281597142305223, -20.29628093544543788 ) ) ;
#4134 = LINE ( 'NONE', #536, #2929 ) ;
#4135 = VECTOR ( 'NONE', #4586, 1000.000000000000227 ) ;
#4136 = CYLINDRICAL_SURFACE ( 'NONE', #4138, 2.000000000000000000 ) ;
#4137 = EDGE_LOOP ( 'NONE', ( #3202, #1762, #2469, #2651, #2507, #3801, #3072 ) ) ;
#4138 = AXIS2_PLACEMENT_3D ( 'NONE', #2255, #3377, #4429 ) ;
#4139 = VECTOR ( 'NONE', #2884, 1000.000000000000114 ) ;
#4140 =( BOUNDED_CURVE ( )  B_SPLINE_CURVE ( 3, ( #4148, #1966, #2629, #2714 ),
 .UNSPECIFIED., .F., .T. ) 
 B_SPLINE_CURVE_WITH_KNOTS ( ( 4, 4 ),
 ( 2.744025156276383992, 3.141592653589794004 ),
 .UNSPECIFIED. ) 
 CURVE ( )  GEOMETRIC_REPRESENTATION_ITEM ( )  RATIONAL_B_SPLINE_CURVE ( ( 1.000000000000000000, 0.9868716564879825848, 0.9868716564879825848, 1.000000000000000000 ) ) 
 REPRESENTATION_ITEM ( '' )  );
#4141 = CARTESIAN_POINT ( 'NONE',  ( 25.07520856027846889, 15.41751816617846238, -21.64703349854836745 ) ) ;
#4142 = VERTEX_POINT ( 'NONE', #1886 ) ;
#4143 = CIRCLE ( 'NONE', #4299, 11.31869210692803662 ) ;
#4144 = VECTOR ( 'NONE', #1197, 999.9999999999998863 ) ;
#4145 = VERTEX_POINT ( 'NONE', #497 ) ;
#4146 = CIRCLE ( 'NONE', #2086, 1.397629479600044355 ) ;
#4147 = CARTESIAN_POINT ( 'NONE',  ( 6.465997254051843335, -16.50878562005148709, -15.36639355498689952 ) ) ;
#4148 = CARTESIAN_POINT ( 'NONE',  ( 22.29220691807339350, 9.457991977046747323, -31.60942917558062248 ) ) ;
#4149 = EDGE_CURVE ( 'NONE', #3868, #4199, #2974, .T. ) ;
#4150 = EDGE_CURVE ( 'NONE', #3274, #887, #4519, .T. ) ;
#4151 = AXIS2_PLACEMENT_3D ( 'NONE', #2008, #3555, #3575 ) ;
#4152 = ORIENTED_EDGE ( 'NONE', *, *, #1692, .F. ) ;
#4153 = DIRECTION ( 'NONE',  ( 0.7218293686107700724, 0.3097661803695450078, 0.6188758163882634999 ) ) ;
#4154 = FACE_OUTER_BOUND ( 'NONE', #4159, .T. ) ;
#4155 = LINE ( 'NONE', #2220, #777 ) ;
#4156 = VERTEX_POINT ( 'NONE', #871 ) ;
#4157 = EDGE_CURVE ( 'NONE', #2560, #2508, #23, .T. ) ;
#4158 = EDGE_LOOP ( 'NONE', ( #2740, #180, #4472, #3582, #4118 ) ) ;
#4159 = EDGE_LOOP ( 'NONE', ( #4486, #2383, #3013, #2964 ) ) ;
#4160 = CARTESIAN_POINT ( 'NONE',  ( -13.19908863629879292, -14.54387053756380865, -16.98165711425369295 ) ) ;
#4161 = LINE ( 'NONE', #2344, #3987 ) ;
#4162 = LINE ( 'NONE', #1937, #3159 ) ;
#4163 = DIRECTION ( 'NONE',  ( 0.7218293686107699614, 0.3097661803695447857, 0.6188758163882636110 ) ) ;
#4164 = ORIENTED_EDGE ( 'NONE', *, *, #1647, .F. ) ;
#4165 = DIRECTION ( 'NONE',  ( -0.6641625243868699568, 0.3698022965487161029, 0.6497187104180977002 ) ) ;
#4166 = PLANE ( 'NONE',  #4509 ) ;
#4167 = ORIENTED_EDGE ( 'NONE', *, *, #885, .T. ) ;
#4168 = CARTESIAN_POINT ( 'NONE',  ( 9.633392794244480584, 8.664019957729921728, -29.14567788264666248 ) ) ;
#4169 = CARTESIAN_POINT ( 'NONE',  ( 4.241092945138460912, -16.95607690847976556, -17.38617333906555018 ) ) ;
#4170 = EDGE_LOOP ( 'NONE', ( #3565, #3864, #3821, #26, #1532, #3570 ) ) ;
#4171 = ORIENTED_EDGE ( 'NONE', *, *, #2340, .F. ) ;
#4172 = DIRECTION ( 'NONE',  ( -0.9948500600418254125, 0.07037895403468676092, 0.07293943284506475278 ) ) ;
#4173 = DIRECTION ( 'NONE',  ( 0.000000000000000000, -0.5912917673837996269, -0.8064577148394965755 ) ) ;
#4174 = LINE ( 'NONE', #1606, #925 ) ;
#4175 = EDGE_LOOP ( 'NONE', ( #433, #4087, #4077, #2177 ) ) ;
#4176 = ORIENTED_EDGE ( 'NONE', *, *, #1891, .F. ) ;
#4177 = ADVANCED_FACE ( 'NONE', ( #514 ), #1500, .T. ) ;
#4178 = VERTEX_POINT ( 'NONE', #1138 ) ;
#4179 = FACE_OUTER_BOUND ( 'NONE', #73, .T. ) ;
#4180 = EDGE_CURVE ( 'NONE', #671, #663, #3023, .T. ) ;
#4181 = CARTESIAN_POINT ( 'NONE',  ( 21.41298362190526205, 10.12199615769590721, -31.72013770620551298 ) ) ;
#4182 = ADVANCED_FACE ( 'NONE', ( #4116 ), #825, .T. ) ;
#4183 = CARTESIAN_POINT ( 'NONE',  ( 14.75774297267382984, 12.43497263654481877, -26.36226435807936852 ) ) ;
#4184 = CARTESIAN_POINT ( 'NONE',  ( 9.466062883841562581, -14.99018772939253452, -16.24223384766695233 ) ) ;
#4185 = EDGE_LOOP ( 'NONE', ( #622, #741, #3468 ) ) ;
#4186 = LINE ( 'NONE', #1206, #3676 ) ;
#4187 = CARTESIAN_POINT ( 'NONE',  ( 17.60819781202908274, -7.290903062746396657, -9.433102621719751113 ) ) ;
#4188 = LINE ( 'NONE', #896, #72 ) ;
#4189 = VERTEX_POINT ( 'NONE', #611 ) ;
#4190 = CARTESIAN_POINT ( 'NONE',  ( 17.60819781202908274, -5.946146260955798013, -6.929421412691996629 ) ) ;
#4191 = FACE_OUTER_BOUND ( 'NONE', #489, .T. ) ;
#4192 = ORIENTED_EDGE ( 'NONE', *, *, #3315, .T. ) ;
#4193 = ORIENTED_EDGE ( 'NONE', *, *, #2171, .F. ) ;
#4194 = DIRECTION ( 'NONE',  ( 0.6508913630218420288, 0.000000000000000000, -0.7591708856005797701 ) ) ;
#4195 = CARTESIAN_POINT ( 'NONE',  ( -7.337770389835975848, -6.176863003439425626, -19.34664838448693303 ) ) ;
#4196 = PLANE ( 'NONE',  #2390 ) ;
#4197 = ORIENTED_EDGE ( 'NONE', *, *, #980, .T. ) ;
#4198 = ORIENTED_EDGE ( 'NONE', *, *, #263, .F. ) ;
#4199 = VERTEX_POINT ( 'NONE', #1715 ) ;
#4200 = VERTEX_POINT ( 'NONE', #3187 ) ;
#4201 = DIRECTION ( 'NONE',  ( -0.02761996880505734886, -0.8806308699840947884, 0.4729972601974181123 ) ) ;
#4202 = VECTOR ( 'NONE', #4655, 1000.000000000000114 ) ;
#4203 = FACE_OUTER_BOUND ( 'NONE', #4013, .T. ) ;
#4204 = DIRECTION ( 'NONE',  ( 0.000000000000000000, -0.4731777794655587233, -0.8809669625020244421 ) ) ;
#4205 = ORIENTED_EDGE ( 'NONE', *, *, #2644, .T. ) ;
#4206 = EDGE_CURVE ( 'NONE', #4482, #3337, #154, .T. ) ;
#4207 = AXIS2_PLACEMENT_3D ( 'NONE', #4683, #3295, #2173 ) ;
#4208 = VERTEX_POINT ( 'NONE', #2777 ) ;
#4209 = EDGE_CURVE ( 'NONE', #219, #4178, #3161, .T. ) ;
#4210 = CARTESIAN_POINT ( 'NONE',  ( -14.23280300531334674, 10.20773031621520488, -29.75906893929770902 ) ) ;
#4211 = LINE ( 'NONE', #3909, #1675 ) ;
#4212 = VECTOR ( 'NONE', #2083, 1000.000000000000000 ) ;
#4213 = CARTESIAN_POINT ( 'NONE',  ( -19.49605456572381357, 16.20969018113840221, -21.36219157834500848 ) ) ;
#4214 = EDGE_CURVE ( 'NONE', #1801, #2947, #2728, .T. ) ;
#4215 = VECTOR ( 'NONE', #975, 1000.000000000000114 ) ;
#4216 = DIRECTION ( 'NONE',  ( 0.9948500600418254125, -0.07037895403468709399, -0.07293943284506437807 ) ) ;
#4217 = ORIENTED_EDGE ( 'NONE', *, *, #3738, .F. ) ;
#4218 = CARTESIAN_POINT ( 'NONE',  ( 13.21778510105597881, 9.139139935450049990, -18.38366438328529640 ) ) ;
#4219 = CIRCLE ( 'NONE', #1002, 1.499999999999998002 ) ;
#4220 = VECTOR ( 'NONE', #2761, 1000.000000000000227 ) ;
#4221 = CARTESIAN_POINT ( 'NONE',  ( -19.47657999578677490, -11.18158187561817307, -13.93981680611138074 ) ) ;
#4222 = VERTEX_POINT ( 'NONE', #1298 ) ;
#4223 = AXIS2_PLACEMENT_3D ( 'NONE', #1271, #870, #1957 ) ;
#4224 = EDGE_LOOP ( 'NONE', ( #1431, #1488, #3998, #271 ) ) ;
#4225 = CARTESIAN_POINT ( 'NONE',  ( 22.50307702137930832, -13.87072603889970246, -15.22664571186019700 ) ) ;
#4226 = CARTESIAN_POINT ( 'NONE',  ( -9.270761696916954619, 14.88762598611323185, -24.63917353340012895 ) ) ;
#4227 = DIRECTION ( 'NONE',  ( -0.09752176863646269678, -0.4685467678471798569, -0.8780395383933329301 ) ) ;
#4228 = ORIENTED_EDGE ( 'NONE', *, *, #1268, .T. ) ;
#4229 = ORIENTED_EDGE ( 'NONE', *, *, #2958, .F. ) ;
#4230 = LINE ( 'NONE', #274, #1668 ) ;
#4231 = FACE_OUTER_BOUND ( 'NONE', #3906, .T. ) ;
#4232 = PLANE ( 'NONE',  #2239 ) ;
#4233 = DIRECTION ( 'NONE',  ( 0.7470778262826918148, 0.2962018438469763426, 0.5950959495563546975 ) ) ;
#4234 = ORIENTED_EDGE ( 'NONE', *, *, #3448, .F. ) ;
#4235 = EDGE_LOOP ( 'NONE', ( #4480, #2794, #2435, #1803, #796, #1145 ) ) ;
#4236 = LINE ( 'NONE', #1661, #4657 ) ;
#4237 = DIRECTION ( 'NONE',  ( 0.7470778262826895944, 0.2962018438469776749, 0.5950959495563570290 ) ) ;
#4238 = EDGE_CURVE ( 'NONE', #2447, #1033, #3131, .T. ) ;
#4239 = CARTESIAN_POINT ( 'NONE',  ( 3.052313454217158384, 11.65391587783128990, -3.512924300680790424 ) ) ;
#4240 = ADVANCED_FACE ( 'NONE', ( #4276 ), #891, .T. ) ;
#4241 = VERTEX_POINT ( 'NONE', #3856 ) ;
#4242 = EDGE_CURVE ( 'NONE', #4130, #2207, #3378, .T. ) ;
#4243 = CARTESIAN_POINT ( 'NONE',  ( 4.683584050082197692, -11.17000469918142613, -20.52293179574834525 ) ) ;
#4244 = EDGE_CURVE ( 'NONE', #3415, #3439, #3548, .T. ) ;
#4245 = CARTESIAN_POINT ( 'NONE',  ( 11.01072312092741079, -5.502613930680128718, -17.23130977660675356 ) ) ;
#4246 = VERTEX_POINT ( 'NONE', #1636 ) ;
#4247 = DIRECTION ( 'NONE',  ( -0.7218293686107699614, -0.3097661803695448968, -0.6188758163882636110 ) ) ;
#4248 = DIRECTION ( 'NONE',  ( 0.7470778262826892613, 0.2962018438469780635, 0.5950959495563571400 ) ) ;
#4249 = CARTESIAN_POINT ( 'NONE',  ( -11.52368042333961107, 12.24123091047678180, -28.57668945199682398 ) ) ;
#4250 = ORIENTED_EDGE ( 'NONE', *, *, #3254, .F. ) ;
#4251 = VERTEX_POINT ( 'NONE', #255 ) ;
#4252 = DIRECTION ( 'NONE',  ( -0.02761996880506042973, -0.8806308699840952325, 0.4729972601974170021 ) ) ;
#4253 = DIRECTION ( 'NONE',  ( 0.7470778262826895944, 0.2962018438469778414, 0.5950959495563568069 ) ) ;
#4254 = LINE ( 'NONE', #2074, #3311 ) ;
#4255 = CARTESIAN_POINT ( 'NONE',  ( 9.001246502106342362, -15.63655947655145617, -16.09354913563369394 ) ) ;
#4256 = EDGE_LOOP ( 'NONE', ( #2328, #840, #1266, #279, #3355 ) ) ;
#4257 = DIRECTION ( 'NONE',  ( 0.000000000000000000, -0.4731777794655587233, -0.8809669625020244421 ) ) ;
#4258 = DIRECTION ( 'NONE',  ( -0.7218293686107684071, -0.3097661803695464511, -0.6188758163882647212 ) ) ;
#4259 = LINE ( 'NONE', #3500, #1996 ) ;
#4260 = CARTESIAN_POINT ( 'NONE',  ( 8.357393563572179218, -11.72398054123546096, -13.32433655464422095 ) ) ;
#4261 = VERTEX_POINT ( 'NONE', #564 ) ;
#4262 = DIRECTION ( 'NONE',  ( -0.02761996880506042626, -0.8806308699840952325, 0.4729972601974169466 ) ) ;
#4263 = DIRECTION ( 'NONE',  ( 0.000000000000000000, 0.8822448537311108341, -0.4707908432254930275 ) ) ;
#4264 = EDGE_CURVE ( 'NONE', #527, #4440, #1221, .T. ) ;
#4265 = EDGE_CURVE ( 'NONE', #1465, #2301, #1693, .T. ) ;
#4266 = ORIENTED_EDGE ( 'NONE', *, *, #1082, .T. ) ;
#4267 = CARTESIAN_POINT ( 'NONE',  ( -2.245021382130785614, 12.47258575605896525, -28.72526115620319942 ) ) ;
#4268 = EDGE_CURVE ( 'NONE', #1968, #3764, #1584, .T. ) ;
#4269 = ORIENTED_EDGE ( 'NONE', *, *, #659, .T. ) ;
#4270 = EDGE_LOOP ( 'NONE', ( #1085, #860, #2020, #2880 ) ) ;
#4271 = CARTESIAN_POINT ( 'NONE',  ( -12.76054758770813358, 13.84008841947300894, -21.98351691631036786 ) ) ;
#4272 = EDGE_CURVE ( 'NONE', #1503, #4156, #3179, .T. ) ;
#4273 = CARTESIAN_POINT ( 'NONE',  ( -9.717495349170231833, 8.969844366089654741, -27.64916971257977707 ) ) ;
#4274 = VECTOR ( 'NONE', #1476, 1000.000000000000227 ) ;
#4275 = FACE_OUTER_BOUND ( 'NONE', #2461, .T. ) ;
#4276 = FACE_OUTER_BOUND ( 'NONE', #2501, .T. ) ;
#4277 = VERTEX_POINT ( 'NONE', #3472 ) ;
#4278 = ORIENTED_EDGE ( 'NONE', *, *, #3599, .F. ) ;
#4279 = VECTOR ( 'NONE', #657, 1000.000000000000114 ) ;
#4280 = DIRECTION ( 'NONE',  ( -0.02761996880506019034, -0.8806308699840950105, 0.4729972601974172797 ) ) ;
#4281 = CARTESIAN_POINT ( 'NONE',  ( 21.49060642769773466, 10.25688237807597325, -31.46447256973888784 ) ) ;
#4282 = AXIS2_PLACEMENT_3D ( 'NONE', #853, #3406, #3113 ) ;
#4283 = LINE ( 'NONE', #4187, #770 ) ;
#4284 = LINE ( 'NONE', #998, #2827 ) ;
#4285 = AXIS2_PLACEMENT_3D ( 'NONE', #4479, #1186, #1741 ) ;
#4286 = CYLINDRICAL_SURFACE ( 'NONE', #3525, 1.397629479600044355 ) ;
#4287 = ORIENTED_EDGE ( 'NONE', *, *, #4389, .F. ) ;
#4288 = CARTESIAN_POINT ( 'NONE',  ( 4.480160737108886515, -17.61445918868362881, -17.63084503675786863 ) ) ;
#4289 = LINE ( 'NONE', #3175, #2688 ) ;
#4290 = AXIS2_PLACEMENT_3D ( 'NONE', #1127, #2917, #2193 ) ;
#4291 = VECTOR ( 'NONE', #4163, 1000.000000000000227 ) ;
#4292 = EDGE_LOOP ( 'NONE', ( #4014, #744, #2433, #2269 ) ) ;
#4293 = VECTOR ( 'NONE', #1850, 1000.000000000000227 ) ;
#4294 = DIRECTION ( 'NONE',  ( 0.9978976218425262834, -0.05204337920380161520, -0.03862412461246968881 ) ) ;
#4295 = EDGE_CURVE ( 'NONE', #1962, #4558, #2050, .T. ) ;
#4296 = EDGE_CURVE ( 'NONE', #1180, #3104, #915, .T. ) ;
#4297 = CARTESIAN_POINT ( 'NONE',  ( -12.45850603893897102, -15.87607206656832126, -13.60212774062964236 ) ) ;
#4298 = ORIENTED_EDGE ( 'NONE', *, *, #600, .T. ) ;
#4299 = AXIS2_PLACEMENT_3D ( 'NONE', #4705, #3621, #1421 ) ;
#4300 = ORIENTED_EDGE ( 'NONE', *, *, #2428, .T. ) ;
#4301 = CARTESIAN_POINT ( 'NONE',  ( 6.006230833490651122, 7.932679400326830610, -31.43301878699990937 ) ) ;
#4302 = CARTESIAN_POINT ( 'NONE',  ( -19.96199227291579348, -9.209411381311785050, -9.318343103783991666 ) ) ;
#4303 = CIRCLE ( 'NONE', #2321, 0.5000000000000011102 ) ;
#4304 = CARTESIAN_POINT ( 'NONE',  ( 10.14083773361254970, 8.084618516565202029, -28.68601304767262050 ) ) ;
#4305 = EDGE_CURVE ( 'NONE', #2801, #1234, #228, .T. ) ;
#4306 = CARTESIAN_POINT ( 'NONE',  ( 16.42793185834957725, -7.140624701370072991, -9.222232784430030250 ) ) ;
#4307 = EDGE_LOOP ( 'NONE', ( #1710, #866, #3780, #3461 ) ) ;
#4308 = LINE ( 'NONE', #1406, #1205 ) ;
#4309 = CARTESIAN_POINT ( 'NONE',  ( -13.97959091559813061, 9.513633257125079012, -30.05688273381390374 ) ) ;
#4310 = CARTESIAN_POINT ( 'NONE',  ( 14.77223125627886091, 13.00010593063853648, -26.74942193695527237 ) ) ;
#4311 = CARTESIAN_POINT ( 'NONE',  ( -14.73619375939999188, -14.37813931493530362, -16.86596026450983388 ) ) ;
#4312 = PLANE ( 'NONE',  #2528 ) ;
#4313 = VERTEX_POINT ( 'NONE', #655 ) ;
#4314 = CARTESIAN_POINT ( 'NONE',  ( -14.61448241843595852, -16.06346410351438436, -15.76825278846276746 ) ) ;
#4315 = VERTEX_POINT ( 'NONE', #4347 ) ;
#4316 = CARTESIAN_POINT ( 'NONE',  ( -18.06067630655164891, -12.73447849125962428, -9.771550551721150057 ) ) ;
#4317 = DIRECTION ( 'NONE',  ( -0.02761996880506023891, -0.8806308699840952325, 0.4729972601974173352 ) ) ;
#4318 = ORIENTED_EDGE ( 'NONE', *, *, #4150, .F. ) ;
#4319 = EDGE_LOOP ( 'NONE', ( #970, #4471, #1866, #2875 ) ) ;
#4320 = ORIENTED_EDGE ( 'NONE', *, *, #1188, .F. ) ;
#4321 = CARTESIAN_POINT ( 'NONE',  ( -14.18050189504236869, 9.741332019824994859, -29.58662409887407918 ) ) ;
#4322 = CARTESIAN_POINT ( 'NONE',  ( -9.802051325549568261, 8.962461724701377364, -27.66785230565596621 ) ) ;
#4323 = CARTESIAN_POINT ( 'NONE',  ( -17.33345732364051983, 11.01868313387582532, -22.50892686996091285 ) ) ;
#4324 = FACE_OUTER_BOUND ( 'NONE', #4235, .T. ) ;
#4325 = ORIENTED_EDGE ( 'NONE', *, *, #1394, .T. ) ;
#4326 = ORIENTED_EDGE ( 'NONE', *, *, #1403, .T. ) ;
#4327 = EDGE_CURVE ( 'NONE', #663, #3055, #4143, .T. ) ;
#4328 = ADVANCED_FACE ( 'NONE', ( #300 ), #369, .F. ) ;
#4329 = EDGE_CURVE ( 'NONE', #2349, #2581, #1737, .T. ) ;
#4330 = CARTESIAN_POINT ( 'NONE',  ( 10.30690989471786345, 10.74611317547677025, -29.91105620534684917 ) ) ;
#4331 = CARTESIAN_POINT ( 'NONE',  ( -18.07483895361064796, 17.40008723149204428, -20.47554985340233102 ) ) ;
#4332 = PLANE ( 'NONE',  #3990 ) ;
#4333 = CARTESIAN_POINT ( 'NONE',  ( 25.45593645415029371, 12.90901552914781547, -20.16404217497602502 ) ) ;
#4334 = CARTESIAN_POINT ( 'NONE',  ( 15.02148030979743787, 9.185367937633607482, -24.32338629128872043 ) ) ;
#4335 = ORIENTED_EDGE ( 'NONE', *, *, #3606, .F. ) ;
#4336 = ADVANCED_FACE ( 'NONE', ( #3234 ), #12, .F. ) ;
#4337 = FACE_OUTER_BOUND ( 'NONE', #4170, .T. ) ;
#4338 = DIRECTION ( 'NONE',  ( -0.02761996880506041932, -0.8806308699840952325, 0.4729972601974169466 ) ) ;
#4339 = EDGE_LOOP ( 'NONE', ( #2795, #3452, #4721, #3586 ) ) ;
#4340 = CARTESIAN_POINT ( 'NONE',  ( 13.14044918840181708, 6.673373499494577032, -17.05927205473252073 ) ) ;
#4341 = CARTESIAN_POINT ( 'NONE',  ( 3.175212091063407183, 10.73586783751171225, -25.51107918127169683 ) ) ;
#4342 = EDGE_LOOP ( 'NONE', ( #3181, #4417, #2741, #3731 ) ) ;
#4343 = ORIENTED_EDGE ( 'NONE', *, *, #2253, .T. ) ;
#4344 = CARTESIAN_POINT ( 'NONE',  ( 6.234301119179474604, 8.458574692066980205, -31.36425363770706198 ) ) ;
#4345 = LINE ( 'NONE', #2944, #2685 ) ;
#4346 = CARTESIAN_POINT ( 'NONE',  ( 3.193175295122971935, 16.14513331475017921, -5.925210327687628897 ) ) ;
#4347 = CARTESIAN_POINT ( 'NONE',  ( -16.03797648544367860, -14.37813931493530184, -15.34761849330867456 ) ) ;
#4348 = ORIENTED_EDGE ( 'NONE', *, *, #4532, .F. ) ;
#4349 = DIRECTION ( 'NONE',  ( -0.9653904217049180669, 0.1462610015922801709, 0.2159376138925862831 ) ) ;
#4350 = DIRECTION ( 'NONE',  ( -0.6230553284272418724, 0.000000000000000000, 0.7821777660598782100 ) ) ;
#4351 = AXIS2_PLACEMENT_3D ( 'NONE', #14, #4349, #2201 ) ;
#4352 = LINE ( 'NONE', #2591, #4589 ) ;
#4353 = ADVANCED_FACE ( 'NONE', ( #4726 ), #1090, .T. ) ;
#4354 = ADVANCED_FACE ( 'NONE', ( #1032 ), #1059, .F. ) ;
#4355 = CARTESIAN_POINT ( 'NONE',  ( 17.40328888686448749, -13.82418795922115251, -5.923997999737176556 ) ) ;
#4356 = VECTOR ( 'NONE', #3107, 1000.000000000000000 ) ;
#4357 = DIRECTION ( 'NONE',  ( -0.6717662746973366295, 0.000000000000000000, -0.7407631687518372310 ) ) ;
#4358 = CARTESIAN_POINT ( 'NONE',  ( -14.38451324853481772, 8.187254040469584382, -29.37872748579732729 ) ) ;
#4359 = ORIENTED_EDGE ( 'NONE', *, *, #431, .F. ) ;
#4360 = EDGE_CURVE ( 'NONE', #3199, #3104, #2176, .T. ) ;
#4361 = SHAPE_DEFINITION_REPRESENTATION ( #4030, #1635 ) ;
#4362 = VECTOR ( 'NONE', #2251, 1000.000000000000114 ) ;
#4363 = ORIENTED_EDGE ( 'NONE', *, *, #1568, .T. ) ;
#4364 = CARTESIAN_POINT ( 'NONE',  ( 21.09385345532456668, 8.907058727470055004, -32.56058085546799674 ) ) ;
#4365 = AXIS2_PLACEMENT_3D ( 'NONE', #253, #633, #2438 ) ;
#4366 = DIRECTION ( 'NONE',  ( -0.02761996880506026320, -0.8806308699840952325, 0.4729972601974170576 ) ) ;
#4367 = ORIENTED_EDGE ( 'NONE', *, *, #1749, .F. ) ;
#4368 = VECTOR ( 'NONE', #234, 1000.000000000000227 ) ;
#4369 = AXIS2_PLACEMENT_3D ( 'NONE', #4190, #2449, #1313 ) ;
#4370 = EDGE_LOOP ( 'NONE', ( #4092, #1771, #393, #3615 ) ) ;
#4371 = CARTESIAN_POINT ( 'NONE',  ( 6.978990500325231494, 6.707077316852824822, -30.88704490911761624 ) ) ;
#4372 = CARTESIAN_POINT ( 'NONE',  ( -11.20365720303618318, 8.745664106979727848, -28.15333288797904387 ) ) ;
#4373 = DIRECTION ( 'NONE',  ( -0.2593423818113964052, -0.4506628343277023219, -0.8541923312416904723 ) ) ;
#4374 = AXIS2_PLACEMENT_3D ( 'NONE', #2511, #3663, #2564 ) ;
#4375 = CARTESIAN_POINT ( 'NONE',  ( 22.37837404361018301, 9.975735156103629819, -31.93607532009810157 ) ) ;
#4376 = ORIENTED_EDGE ( 'NONE', *, *, #1779, .T. ) ;
#4377 = DIRECTION ( 'NONE',  ( 0.9948500600418256345, -0.07037895403468480415, -0.07293943284506562708 ) ) ;
#4378 = AXIS2_PLACEMENT_3D ( 'NONE', #2574, #2906, #4082 ) ;
#4379 = VECTOR ( 'NONE', #1366, 1000.000000000000000 ) ;
#4380 = CARTESIAN_POINT ( 'NONE',  ( 13.87734426699490875, -15.53233425684614666, -11.42431070655895908 ) ) ;
#4381 = UNCERTAINTY_MEASURE_WITH_UNIT (LENGTH_MEASURE( 1.000000000000000082E-05 ), #3653, 'distance_accuracy_value', 'NONE');
#4382 = DIRECTION ( 'NONE',  ( -0.7470778262826890392, -0.2962018438469780079, -0.5950959495563574730 ) ) ;
#4383 = CARTESIAN_POINT ( 'NONE',  ( 17.68453663985562230, -9.502309432061119665, 0.02476309946935345563 ) ) ;
#4384 = CARTESIAN_POINT ( 'NONE',  ( -18.07483895361064796, 17.40008723149204428, -20.47554985340233102 ) ) ;
#4385 = AXIS2_PLACEMENT_3D ( 'NONE', #2527, #1752, #701 ) ;
#4386 = ADVANCED_FACE ( 'NONE', ( #4324 ), #3569, .F. ) ;
#4387 = CARTESIAN_POINT ( 'NONE',  ( 3.259574198064982387, -10.73645353063637131, -19.79889496960542417 ) ) ;
#4388 = VERTEX_POINT ( 'NONE', #277 ) ;
#4389 = EDGE_CURVE ( 'NONE', #727, #1738, #4041, .T. ) ;
#4390 = EDGE_CURVE ( 'NONE', #2596, #3724, #3997, .T. ) ;
#4391 = EDGE_LOOP ( 'NONE', ( #2587, #1405, #1524, #1468 ) ) ;
#4392 = LINE ( 'NONE', #647, #2155 ) ;
#4393 = DIRECTION ( 'NONE',  ( -0.7218293686107700724, -0.3097661803695450078, -0.6188758163882634999 ) ) ;
#4394 = ORIENTED_EDGE ( 'NONE', *, *, #3045, .F. ) ;
#4395 = ORIENTED_EDGE ( 'NONE', *, *, #1330, .F. ) ;
#4396 = ORIENTED_EDGE ( 'NONE', *, *, #3835, .T. ) ;
#4397 = CARTESIAN_POINT ( 'NONE',  ( 6.597247287156988271, 7.547667477579562245, -31.29320831518938562 ) ) ;
#4398 = DIRECTION ( 'NONE',  ( 0.6300624072003385701, -0.6641072484698244960, -0.4024710245008370491 ) ) ;
#4399 = CARTESIAN_POINT ( 'NONE',  ( 10.47015856470819095, 11.05786743448673626, -28.50253629912926812 ) ) ;
#4400 = CARTESIAN_POINT ( 'NONE',  ( 9.683854566290616361, 10.74611317547677203, -29.12887843928697151 ) ) ;
#4401 = VERTEX_POINT ( 'NONE', #3952 ) ;
#4402 = CYLINDRICAL_SURFACE ( 'NONE', #2135, 0.9999999999999992228 ) ;
#4403 = FACE_OUTER_BOUND ( 'NONE', #1986, .T. ) ;
#4404 = LINE ( 'NONE', #2227, #4362 ) ;
#4405 = B_SPLINE_CURVE_WITH_KNOTS ( 'NONE', 3,
 ( #2488, #2820, #4304, #962 ),
 .UNSPECIFIED., .F., .F.,
 ( 4, 4 ),
 ( 0.0004036929479052750892, 0.001356616552077231962 ),
 .UNSPECIFIED. ) ;
#4406 = CARTESIAN_POINT ( 'NONE',  ( 5.988984412571470628, -16.66030384580990287, -18.30759082021826600 ) ) ;
#4407 = LINE ( 'NONE', #4384, #156 ) ;
#4408 = DIRECTION ( 'NONE',  ( 0.6992911315723371324, 0.000000000000000000, 0.7148369837272554594 ) ) ;
#4409 = ORIENTED_EDGE ( 'NONE', *, *, #574, .T. ) ;
#4410 = ORIENTED_EDGE ( 'NONE', *, *, #1625, .F. ) ;
#4411 = CARTESIAN_POINT ( 'NONE',  ( -5.923372667011098436, -11.90008899690102595, -30.13103191902635913 ) ) ;
#4412 = CARTESIAN_POINT ( 'NONE',  ( 16.80626904735882121, 7.529953525411938742, -34.70085279651795673 ) ) ;
#4413 = EDGE_CURVE ( 'NONE', #2866, #1788, #1828, .T. ) ;
#4414 = ADVANCED_FACE ( 'NONE', ( #3278 ), #2873, .T. ) ;
#4415 = ORIENTED_EDGE ( 'NONE', *, *, #1623, .F. ) ;
#4416 = ORIENTED_EDGE ( 'NONE', *, *, #3832, .T. ) ;
#4417 = ORIENTED_EDGE ( 'NONE', *, *, #2318, .F. ) ;
#4418 = DIRECTION ( 'NONE',  ( -0.6915197032147273326, 0.3585166444257765206, 0.6271094926211026044 ) ) ;
#4419 = DIRECTION ( 'NONE',  ( -0.02761996880506026666, -0.8806308699840952325, 0.4729972601974171131 ) ) ;
#4420 = CARTESIAN_POINT ( 'NONE',  ( -1.021250733788744869, 12.99648128585895179, -27.67840713613206916 ) ) ;
#4421 = CARTESIAN_POINT ( 'NONE',  ( 7.027751384643466714, 6.941350700776414584, -30.44802513992094717 ) ) ;
#4422 = VERTEX_POINT ( 'NONE', #1474 ) ;
#4423 = EDGE_CURVE ( 'NONE', #147, #2736, #2919, .T. ) ;
#4424 = PLANE ( 'NONE',  #3818 ) ;
#4425 = EDGE_CURVE ( 'NONE', #867, #285, #2000, .T. ) ;
#4426 = PLANE ( 'NONE',  #3134 ) ;
#4427 = CARTESIAN_POINT ( 'NONE',  ( 4.227282960735930573, -17.39639234347181329, -17.14967470896684176 ) ) ;
#4428 = CARTESIAN_POINT ( 'NONE',  ( 4.787885679743477674, -17.56381417629673436, -17.69204892926010331 ) ) ;
#4429 = DIRECTION ( 'NONE',  ( -0.6508913630218432500, 0.000000000000000000, 0.7591708856005789929 ) ) ;
#4430 = FACE_OUTER_BOUND ( 'NONE', #4447, .T. ) ;
#4431 = ORIENTED_EDGE ( 'NONE', *, *, #3552, .F. ) ;
#4432 = CARTESIAN_POINT ( 'NONE',  ( -13.84016823236339100, 9.945062438088063672, -30.30259091154247031 ) ) ;
#4433 =( NAMED_UNIT ( * ) SI_UNIT ( $, .STERADIAN. ) SOLID_ANGLE_UNIT ( ) );
#4434 = AXIS2_PLACEMENT_3D ( 'NONE', #2897, #1407, #4350 ) ;
#4435 = ORIENTED_EDGE ( 'NONE', *, *, #4499, .T. ) ;
#4436 = LINE ( 'NONE', #4411, #4071 ) ;
#4437 = DIRECTION ( 'NONE',  ( 0.6230553284272448700, 0.000000000000000000, -0.7821777660598759896 ) ) ;
#4438 = VECTOR ( 'NONE', #3332, 1000.000000000000000 ) ;
#4439 = ADVANCED_FACE ( 'NONE', ( #751 ), #2212, .T. ) ;
#4440 = VERTEX_POINT ( 'NONE', #801 ) ;
#4441 = DIRECTION ( 'NONE',  ( 0.000000000000000000, -0.4731777794655597780, -0.8809669625020236650 ) ) ;
#4442 = VECTOR ( 'NONE', #2105, 1000.000000000000114 ) ;
#4443 = EDGE_CURVE ( 'NONE', #2760, #1673, #3413, .T. ) ;
#4444 = CARTESIAN_POINT ( 'NONE',  ( -14.16497836142993627, 11.55669320602926931, -31.12652684767138211 ) ) ;
#4445 = CARTESIAN_POINT ( 'NONE',  ( -20.41338468011613827, -11.75188531673172321, -6.388190255782546956 ) ) ;
#4446 = DIRECTION ( 'NONE',  ( -0.9948500600418255235, 0.07037895403468642785, 0.07293943284506533564 ) ) ;
#4447 = EDGE_LOOP ( 'NONE', ( #4234, #2744, #2045, #679 ) ) ;
#4448 = VECTOR ( 'NONE', #4253, 1000.000000000000114 ) ;
#4449 = DIRECTION ( 'NONE',  ( -0.6717662746973356303, -6.938893903907233900E-15, -0.7407631687518378971 ) ) ;
#4450 = CARTESIAN_POINT ( 'NONE',  ( 7.312129791037234483, 7.230396358868193651, -31.01031192922410895 ) ) ;
#4451 = EDGE_CURVE ( 'NONE', #4313, #147, #4511, .T. ) ;
#4452 = CARTESIAN_POINT ( 'NONE',  ( -7.350140875205900315, -6.571281670755532822, -19.13480145137264543 ) ) ;
#4453 = VECTOR ( 'NONE', #1698, 1000.000000000000227 ) ;
#4454 = EDGE_CURVE ( 'NONE', #428, #1967, #1230, .T. ) ;
#4455 = AXIS2_PLACEMENT_3D ( 'NONE', #523, #1258, #211 ) ;
#4456 =( BOUNDED_CURVE ( )  B_SPLINE_CURVE ( 3, ( #4281, #2496, #3499, #2474 ),
 .UNSPECIFIED., .F., .T. ) 
 B_SPLINE_CURVE_WITH_KNOTS ( ( 4, 4 ),
 ( 1.570796326794892783, 2.744025156276383992 ),
 .UNSPECIFIED. ) 
 CURVE ( )  GEOMETRIC_REPRESENTATION_ITEM ( )  RATIONAL_B_SPLINE_CURVE ( ( 1.000000000000000000, 0.8885463473235877263, 0.8885463473235877263, 1.000000000000000000 ) ) 
 REPRESENTATION_ITEM ( '' )  );
#4457 = CARTESIAN_POINT ( 'NONE',  ( 16.17309830727247189, 8.917978570736821098, -18.62285364709239488 ) ) ;
#4458 = LINE ( 'NONE', #3735, #3304 ) ;
#4459 = CIRCLE ( 'NONE', #1077, 0.5000000000000011102 ) ;
#4460 = AXIS2_PLACEMENT_3D ( 'NONE', #1014, #2024, #3547 ) ;
#4461 = CARTESIAN_POINT ( 'NONE',  ( -10.99662846830738339, -12.89372925858519281, -10.65978478942143148 ) ) ;
#4462 = EDGE_LOOP ( 'NONE', ( #4287, #1285, #1368, #2283, #2778, #343 ) ) ;
#4463 = AXIS2_PLACEMENT_3D ( 'NONE', #2505, #389, #1122 ) ;
#4464 = ORIENTED_EDGE ( 'NONE', *, *, #492, .T. ) ;
#4465 = LINE ( 'NONE', #502, #1843 ) ;
#4466 = CARTESIAN_POINT ( 'NONE',  ( -11.09779581662346182, 13.09886003600263393, -28.07620219516736171 ) ) ;
#4467 = ORIENTED_EDGE ( 'NONE', *, *, #1927, .T. ) ;
#4468 = CARTESIAN_POINT ( 'NONE',  ( -12.48379944780259798, 8.262300780152386892, -29.23112157950965440 ) ) ;
#4469 = CARTESIAN_POINT ( 'NONE',  ( -10.65182510807853156, -13.77076720919587416, -15.49664839925943660 ) ) ;
#4470 = CARTESIAN_POINT ( 'NONE',  ( 15.03639384443869531, -5.778674178175334575, -9.880763660251455249 ) ) ;
#4471 = ORIENTED_EDGE ( 'NONE', *, *, #4040, .T. ) ;
#4472 = ORIENTED_EDGE ( 'NONE', *, *, #2258, .F. ) ;
#4473 = LINE ( 'NONE', #1562, #2058 ) ;
#4474 = CARTESIAN_POINT ( 'NONE',  ( -12.97258039326809431, -7.321916286949313069, -20.86065419490738648 ) ) ;
#4475 = CARTESIAN_POINT ( 'NONE',  ( 21.19125704082542327, 10.13819616195946516, -31.70292377436944520 ) ) ;
#4476 = CARTESIAN_POINT ( 'NONE',  ( 7.132707266102696231, 10.28774800671597589, -32.24541472867113612 ) ) ;
#4477 = EDGE_CURVE ( 'NONE', #4388, #3404, #2853, .T. ) ;
#4478 = ADVANCED_FACE ( 'NONE', ( #3054 ), #1222, .T. ) ;
#4479 = CARTESIAN_POINT ( 'NONE',  ( 7.958060046903449702, 26.33096589654374853, -22.13977894552392911 ) ) ;
#4480 = ORIENTED_EDGE ( 'NONE', *, *, #2194, .T. ) ;
#4481 = EDGE_CURVE ( 'NONE', #3404, #1327, #4155, .T. ) ;
#4482 = VERTEX_POINT ( 'NONE', #420 ) ;
#4483 = CARTESIAN_POINT ( 'NONE',  ( 22.72577010106174811, 16.00912846344634843, -18.56858252990248914 ) ) ;
#4484 = CARTESIAN_POINT ( 'NONE',  ( -16.39889116974906003, -14.53302240512007337, -15.65705640150280509 ) ) ;
#4485 = ORIENTED_EDGE ( 'NONE', *, *, #2939, .F. ) ;
#4486 = ORIENTED_EDGE ( 'NONE', *, *, #2727, .F. ) ;
#4487 = LINE ( 'NONE', #4444, #153 ) ;
#4488 = DIRECTION ( 'NONE',  ( -0.9948500600418254125, 0.07037895403468674704, 0.07293943284506457236 ) ) ;
#4489 = DIRECTION ( 'NONE',  ( 0.7470778262826918148, 0.2962018438469763981, 0.5950959495563546975 ) ) ;
#4490 = ORIENTED_EDGE ( 'NONE', *, *, #3046, .F. ) ;
#4491 = CARTESIAN_POINT ( 'NONE',  ( -11.53591020653997745, 12.19168123836387174, -28.57579280084678786 ) ) ;
#4492 = CARTESIAN_POINT ( 'NONE',  ( -11.06549243580161956, 10.45318817054715588, -27.80688548655375669 ) ) ;
#4493 = DIRECTION ( 'NONE',  ( 0.000000000000000000, 0.4731777794655594449, 0.8809669625020238870 ) ) ;
#4494 = LINE ( 'NONE', #126, #4521 ) ;
#4495 = ORIENTED_EDGE ( 'NONE', *, *, #2602, .T. ) ;
#4496 = LINE ( 'NONE', #3763, #3220 ) ;
#4497 = ADVANCED_FACE ( 'NONE', ( #3709 ), #36, .F. ) ;
#4498 = ORIENTED_EDGE ( 'NONE', *, *, #1700, .F. ) ;
#4499 = EDGE_CURVE ( 'NONE', #482, #3710, #2287, .T. ) ;
#4500 = ORIENTED_EDGE ( 'NONE', *, *, #4413, .T. ) ;
#4501 = AXIS2_PLACEMENT_3D ( 'NONE', #3347, #1861, #58 ) ;
#4502 = LINE ( 'NONE', #1192, #3305 ) ;
#4503 = EDGE_CURVE ( 'NONE', #501, #612, #1040, .T. ) ;
#4504 = CARTESIAN_POINT ( 'NONE',  ( 6.470091932419652636, -16.46890169435250328, -18.46316390057659262 ) ) ;
#4505 = AXIS2_PLACEMENT_3D ( 'NONE', #561, #2462, #223 ) ;
#4506 = VERTEX_POINT ( 'NONE', #2654 ) ;
#4507 = EDGE_LOOP ( 'NONE', ( #1528, #2172, #2078, #3162, #4167, #559, #4565, #1112, #1913, #464, #2506, #3293, #2404, #555, #4101, #164, #3718, #793, #3142, #3773 ) ) ;
#4508 = CARTESIAN_POINT ( 'NONE',  ( -14.02359856422943629, 8.342137130654354138, -29.06928957760319676 ) ) ;
#4509 = AXIS2_PLACEMENT_3D ( 'NONE', #3809, #521, #1618 ) ;
#4510 = CARTESIAN_POINT ( 'NONE',  ( -11.96054868010485883, -13.98529502922723999, -15.97247932675760218 ) ) ;
#4511 = LINE ( 'NONE', #1578, #158 ) ;
#4512 = ORIENTED_EDGE ( 'NONE', *, *, #811, .T. ) ;
#4513 = EDGE_LOOP ( 'NONE', ( #3147, #3027, #3007, #334 ) ) ;
#4514 = VECTOR ( 'NONE', #4258, 1000.000000000000114 ) ;
#4515 = ORIENTED_EDGE ( 'NONE', *, *, #3102, .F. ) ;
#4516 = CARTESIAN_POINT ( 'NONE',  ( -13.48555511878939583, -14.88223999479305171, -17.09342514607342522 ) ) ;
#4517 = DIRECTION ( 'NONE',  ( -0.02761996880506026320, -0.8806308699840952325, 0.4729972601974170576 ) ) ;
#4518 = DIRECTION ( 'NONE',  ( 0.02761996880506026666, 0.8806308699840952325, -0.4729972601974171131 ) ) ;
#4519 = LINE ( 'NONE', #2707, #4291 ) ;
#4520 = ORIENTED_EDGE ( 'NONE', *, *, #29, .T. ) ;
#4521 = VECTOR ( 'NONE', #2325, 1000.000000000000114 ) ;
#4522 = AXIS2_PLACEMENT_3D ( 'NONE', #454, #3721, #434 ) ;
#4523 = CARTESIAN_POINT ( 'NONE',  ( 25.52459379801357997, 15.09807580230986801, -21.33981234940944560 ) ) ;
#4524 = VERTEX_POINT ( 'NONE', #1903 ) ;
#4525 = VECTOR ( 'NONE', #4611, 1000.000000000000000 ) ;
#4526 = VECTOR ( 'NONE', #1375, 1000.000000000000114 ) ;
#4527 = LINE ( 'NONE', #2402, #1594 ) ;
#4528 = ORIENTED_EDGE ( 'NONE', *, *, #490, .F. ) ;
#4529 = AXIS2_PLACEMENT_3D ( 'NONE', #3, #3965, #3225 ) ;
#4530 = CARTESIAN_POINT ( 'NONE',  ( 21.10834173892960663, 9.472192021563769160, -32.94773843434390415 ) ) ;
#4531 = CARTESIAN_POINT ( 'NONE',  ( 3.677787295160866332, -12.81959771008807003, -15.63742580863487852 ) ) ;
#4532 = EDGE_CURVE ( 'NONE', #4200, #4049, #3310, .T. ) ;
#4533 = EDGE_CURVE ( 'NONE', #1733, #2207, #4459, .T. ) ;
#4534 = VERTEX_POINT ( 'NONE', #1513 ) ;
#4535 = VERTEX_POINT ( 'NONE', #1157 ) ;
#4536 = DIRECTION ( 'NONE',  ( 0.9948500600418256345, -0.07037895403468677480, -0.07293943284506476665 ) ) ;
#4537 = FACE_OUTER_BOUND ( 'NONE', #4185, .T. ) ;
#4538 = CARTESIAN_POINT ( 'NONE',  ( -23.44230826771697096, 20.18283814749043970, -15.60802266280922623 ) ) ;
#4539 = VERTEX_POINT ( 'NONE', #2673 ) ;
#4540 = VERTEX_POINT ( 'NONE', #2992 ) ;
#4541 = ORIENTED_EDGE ( 'NONE', *, *, #2406, .T. ) ;
#4542 = CARTESIAN_POINT ( 'NONE',  ( -17.33337845767385232, 11.01864224601450637, -22.50899839011588810 ) ) ;
#4543 = CARTESIAN_POINT ( 'NONE',  ( 21.09385345532456668, 8.907058727470055004, -32.56058085546799674 ) ) ;
#4544 = LINE ( 'NONE', #1909, #1773 ) ;
#4545 = DIRECTION ( 'NONE',  ( 0.000000000000000000, -0.4731777794655567249, -0.8809669625020254413 ) ) ;
#4546 = VERTEX_POINT ( 'NONE', #1178 ) ;
#4547 = CARTESIAN_POINT ( 'NONE',  ( 9.575271575424233461, -17.47457275299794333, -13.17742506873295660 ) ) ;
#4548 = DIRECTION ( 'NONE',  ( 0.6641625243868698458, -0.3698022965487176017, -0.6497187104180969230 ) ) ;
#4549 = ORIENTED_EDGE ( 'NONE', *, *, #2133, .T. ) ;
#4550 = DIRECTION ( 'NONE',  ( -0.9802128047413292133, 0.1979198502662405101, 0.003254272841365033093 ) ) ;
#4551 = DIRECTION ( 'NONE',  ( -0.9948500600418255235, 0.07037895403468591438, 0.07293943284506501645 ) ) ;
#4552 = EDGE_LOOP ( 'NONE', ( #4431, #3890, #4485, #884 ) ) ;
#4553 = LINE ( 'NONE', #3847, #1069 ) ;
#4554 = EDGE_CURVE ( 'NONE', #4687, #1172, #3751, .T. ) ;
#4555 = EDGE_CURVE ( 'NONE', #4534, #3294, #3016, .T. ) ;
#4556 = CARTESIAN_POINT ( 'NONE',  ( 21.09385345532456668, 8.907058727470055004, -32.56058085546799674 ) ) ;
#4557 = LINE ( 'NONE', #1650, #2471 ) ;
#4558 = VERTEX_POINT ( 'NONE', #249 ) ;
#4559 = EDGE_LOOP ( 'NONE', ( #1364, #3980, #4193, #2893 ) ) ;
#4560 = LINE ( 'NONE', #1267, #2139 ) ;
#4561 = PLANE ( 'NONE',  #3991 ) ;
#4562 = FACE_OUTER_BOUND ( 'NONE', #3511, .T. ) ;
#4563 = EDGE_CURVE ( 'NONE', #2349, #974, #10, .T. ) ;
#4564 = CARTESIAN_POINT ( 'NONE',  ( 21.52114707376810543, -12.64611604553831548, -3.490196145521687665 ) ) ;
#4565 = ORIENTED_EDGE ( 'NONE', *, *, #4149, .F. ) ;
#4566 = DIRECTION ( 'NONE',  ( 0.7218293686107699614, 0.3097661803695448968, 0.6188758163882636110 ) ) ;
#4567 = DIRECTION ( 'NONE',  ( -0.7218293686107700724, -0.3097661803695450078, -0.6188758163882634999 ) ) ;
#4568 = CARTESIAN_POINT ( 'NONE',  ( -12.94799990062144346, 8.558070330410187054, -29.66154365702013607 ) ) ;
#4569 = DIRECTION ( 'NONE',  ( -0.7470778262826883731, -0.2962018438469783965, -0.5950959495563581392 ) ) ;
#4570 = ORIENTED_EDGE ( 'NONE', *, *, #4157, .T. ) ;
#4571 = DIRECTION ( 'NONE',  ( -0.02761996880506139423, -0.8806308699840958987, 0.4729972601974161139 ) ) ;
#4572 = CARTESIAN_POINT ( 'NONE',  ( 13.21778510105599302, 9.139139935450051766, -18.38366438328529995 ) ) ;
#4573 = ORIENTED_EDGE ( 'NONE', *, *, #3953, .T. ) ;
#4574 = CARTESIAN_POINT ( 'NONE',  ( -14.73619375939999188, -14.37813931493530184, -16.86596026450983388 ) ) ;
#4575 = CARTESIAN_POINT ( 'NONE',  ( -12.24054875725937386, -8.926755362426783691, -17.33468796914225152 ) ) ;
#4576 = CIRCLE ( 'NONE', #2831, 11.26368810438060741 ) ;
#4577 = LINE ( 'NONE', #1247, #4525 ) ;
#4578 = VERTEX_POINT ( 'NONE', #603 ) ;
#4579 = ORIENTED_EDGE ( 'NONE', *, *, #2558, .T. ) ;
#4580 = EDGE_CURVE ( 'NONE', #1673, #204, #882, .T. ) ;
#4581 = B_SPLINE_CURVE_WITH_KNOTS ( 'NONE', 3,
 ( #2381, #4195, #557, #2018 ),
 .UNSPECIFIED., .F., .F.,
 ( 4, 4 ),
 ( 0.000000000000000000, 1.000000000000000000 ),
 .UNSPECIFIED. ) ;
#4582 = EDGE_CURVE ( 'NONE', #3921, #1290, #2882, .T. ) ;
#4583 = ORIENTED_EDGE ( 'NONE', *, *, #4454, .F. ) ;
#4584 = CYLINDRICAL_SURFACE ( 'NONE', #829, 0.9999999999999992228 ) ;
#4585 = VECTOR ( 'NONE', #4418, 1000.000000000000000 ) ;
#4586 = DIRECTION ( 'NONE',  ( -0.02761996880506010360, -0.8806308699840951215, 0.4729972601974172797 ) ) ;
#4587 = LINE ( 'NONE', #2121, #4526 ) ;
#4588 = DIRECTION ( 'NONE',  ( 0.02761996880506030483, 0.8806308699840950105, -0.4729972601974173352 ) ) ;
#4589 = VECTOR ( 'NONE', #2568, 1000.000000000000114 ) ;
#4590 = EDGE_CURVE ( 'NONE', #3672, #3868, #1994, .T. ) ;
#4591 = ADVANCED_FACE ( 'NONE', ( #956 ), #4196, .F. ) ;
#4592 =( BOUNDED_CURVE ( )  B_SPLINE_CURVE ( 3, ( #472, #1585, #890, #152 ),
 .UNSPECIFIED., .F., .F. ) 
 B_SPLINE_CURVE_WITH_KNOTS ( ( 4, 4 ),
 ( 5.885617809866178440, 5.958720530316950814 ),
 .UNSPECIFIED. ) 
 CURVE ( )  GEOMETRIC_REPRESENTATION_ITEM ( )  RATIONAL_B_SPLINE_CURVE ( ( 1.000000000000000000, 0.9995547156002714262, 0.9995547156002714262, 1.000000000000000000 ) ) 
 REPRESENTATION_ITEM ( '' )  );
#4593 = ADVANCED_FACE ( 'NONE', ( #1263 ), #3083, .T. ) ;
#4594 = DIRECTION ( 'NONE',  ( 0.000000000000000000, 0.4731777794655590008, 0.8809669625020241090 ) ) ;
#4595 = CARTESIAN_POINT ( 'NONE',  ( -11.55568096677922085, 12.09302353383005268, -28.56297506391684848 ) ) ;
#4596 = CIRCLE ( 'NONE', #2999, 11.26368810438060741 ) ;
#4597 = FACE_OUTER_BOUND ( 'NONE', #220, .T. ) ;
#4598 = VECTOR ( 'NONE', #2453, 1000.000000000000227 ) ;
#4599 = FACE_OUTER_BOUND ( 'NONE', #3086, .T. ) ;
#4600 = ORIENTED_EDGE ( 'NONE', *, *, #3246, .F. ) ;
#4601 = DIRECTION ( 'NONE',  ( -0.02761996880506027013, -0.8806308699840952325, 0.4729972601974170576 ) ) ;
#4602 = VECTOR ( 'NONE', #731, 1000.000000000000114 ) ;
#4603 = VECTOR ( 'NONE', #2375, 999.9999999999998863 ) ;
#4604 =( BOUNDED_CURVE ( )  B_SPLINE_CURVE ( 3, ( #1510, #133, #3863, #570 ),
 .UNSPECIFIED., .F., .F. ) 
 B_SPLINE_CURVE_WITH_KNOTS ( ( 4, 4 ),
 ( -8.881784197001252323E-16, 1.570796326794895892 ),
 .UNSPECIFIED. ) 
 CURVE ( )  GEOMETRIC_REPRESENTATION_ITEM ( )  RATIONAL_B_SPLINE_CURVE ( ( 1.000000000000000000, 0.8047378541243649375, 0.8047378541243649375, 1.000000000000000000 ) ) 
 REPRESENTATION_ITEM ( '' )  );
#4605 = DIRECTION ( 'NONE',  ( -0.7470778262826911487, -0.2962018438469775639, -0.5950959495563550306 ) ) ;
#4606 = AXIS2_PLACEMENT_3D ( 'NONE', #3039, #4518, #4493 ) ;
#4607 = ORIENTED_EDGE ( 'NONE', *, *, #3257, .F. ) ;
#4608 = LINE ( 'NONE', #1992, #460 ) ;
#4609 = CARTESIAN_POINT ( 'NONE',  ( -8.662117754762872934, -7.577719359550687983, 4.183687099577734436 ) ) ;
#4610 = AXIS2_PLACEMENT_3D ( 'NONE', #4720, #2168, #28 ) ;
#4611 = DIRECTION ( 'NONE',  ( 0.7470778262826889282, 0.2962018438469778969, 0.5950959495563576951 ) ) ;
#4612 = EDGE_LOOP ( 'NONE', ( #2418, #1489, #4515, #4104 ) ) ;
#4613 = ORIENTED_EDGE ( 'NONE', *, *, #4555, .T. ) ;
#4614 = EDGE_LOOP ( 'NONE', ( #508, #1050, #964, #1509 ) ) ;
#4615 = CARTESIAN_POINT ( 'NONE',  ( 14.75774297267382984, 12.43497263654481877, -26.36226435807936852 ) ) ;
#4616 = CARTESIAN_POINT ( 'NONE',  ( -1.943757691877757710, -11.06083617399926133, -1.908904840602313691 ) ) ;
#4617 = CARTESIAN_POINT ( 'NONE',  ( 20.56809946960872537, -19.15618867939280534, -15.66636407914516127 ) ) ;
#4618 = DIRECTION ( 'NONE',  ( -0.02761996880506079749, -0.8806308699840951215, 0.4729972601974173352 ) ) ;
#4619 = ORIENTED_EDGE ( 'NONE', *, *, #1219, .T. ) ;
#4620 = DIRECTION ( 'NONE',  ( -0.6641625243868692907, 0.3698022965487187119, 0.6497187104180969230 ) ) ;
#4621 = DIRECTION ( 'NONE',  ( -0.02761996880506026666, -0.8806308699840952325, 0.4729972601974171131 ) ) ;
#4622 = EDGE_CURVE ( 'NONE', #3492, #3921, #2887, .T. ) ;
#4623 = ADVANCED_FACE ( 'NONE', ( #531 ), #3871, .F. ) ;
#4624 = DIRECTION ( 'NONE',  ( 0.6230553284272440928, 0.000000000000000000, -0.7821777660598766557 ) ) ;
#4625 = CARTESIAN_POINT ( 'NONE',  ( -3.362829514226773231, 10.09613244630951101, -27.08392389286222368 ) ) ;
#4626 = ORIENTED_EDGE ( 'NONE', *, *, #2806, .F. ) ;
#4627 = LINE ( 'NONE', #3865, #540 ) ;
#4628 = PLANE ( 'NONE',  #2848 ) ;
#4629 = ORIENTED_EDGE ( 'NONE', *, *, #2364, .T. ) ;
#4630 = DIRECTION ( 'NONE',  ( 0.6508913630218422508, -1.679245828595987563E-16, -0.7591708856005796591 ) ) ;
#4631 = CARTESIAN_POINT ( 'NONE',  ( -24.16413763632774447, 19.87307196712089308, -16.22689847919748729 ) ) ;
#4632 = CARTESIAN_POINT ( 'NONE',  ( 8.203744377228472828, 36.22244547077202981, -42.31033646512339885 ) ) ;
#4633 = ORIENTED_EDGE ( 'NONE', *, *, #3928, .T. ) ;
#4634 = ORIENTED_EDGE ( 'NONE', *, *, #2101, .T. ) ;
#4635 = DIRECTION ( 'NONE',  ( 0.6641625243868698458, -0.3698022965487184899, -0.6497187104180964790 ) ) ;
#4636 = DIRECTION ( 'NONE',  ( 0.000000000000000000, -0.4731777794655595004, -0.8809669625020238870 ) ) ;
#4637 = DIRECTION ( 'NONE',  ( 0.9948500600418255235, -0.07037895403468655275, -0.07293943284506493319 ) ) ;
#4638 = CARTESIAN_POINT ( 'NONE',  ( 17.42932437578606297, 7.529953525411938742, -35.48303056257783794 ) ) ;
#4639 = ORIENTED_EDGE ( 'NONE', *, *, #542, .F. ) ;
#4640 = ORIENTED_EDGE ( 'NONE', *, *, #1568, .F. ) ;
#4641 = DIRECTION ( 'NONE',  ( -0.6230553284272449810, 0.000000000000000000, 0.7821777660598758786 ) ) ;
#4642 = EDGE_CURVE ( 'NONE', #1626, #1503, #4174, .T. ) ;
#4643 = EDGE_CURVE ( 'NONE', #1485, #1962, #2336, .T. ) ;
#4644 = PLANE ( 'NONE',  #1142 ) ;
#4645 = ORIENTED_EDGE ( 'NONE', *, *, #1425, .T. ) ;
#4646 = CARTESIAN_POINT ( 'NONE',  ( 4.536879172022396212, -17.43942634340125153, -17.21171741738891470 ) ) ;
#4647 = CARTESIAN_POINT ( 'NONE',  ( 40.02074583702837884, -8.163161755703404410, -3.577329256777273869 ) ) ;
#4648 = ADVANCED_FACE ( 'NONE', ( #3150 ), #3797, .T. ) ;
#4649 = EDGE_LOOP ( 'NONE', ( #50, #2221, #2320, #2115 ) ) ;
#4650 = DIRECTION ( 'NONE',  ( 0.02761996880506016605, 0.8806308699840952325, -0.4729972601974171131 ) ) ;
#4651 = LINE ( 'NONE', #4267, #3629 ) ;
#4652 = ORIENTED_EDGE ( 'NONE', *, *, #4715, .F. ) ;
#4653 = VERTEX_POINT ( 'NONE', #579 ) ;
#4654 = ORIENTED_EDGE ( 'NONE', *, *, #4555, .F. ) ;
#4655 = DIRECTION ( 'NONE',  ( -0.02761996880506026320, -0.8806308699840952325, 0.4729972601974170576 ) ) ;
#4656 = DIRECTION ( 'NONE',  ( 0.000000000000000000, 0.4731777794655595004, 0.8809669625020239980 ) ) ;
#4657 = VECTOR ( 'NONE', #2082, 1000.000000000000114 ) ;
#4658 = LINE ( 'NONE', #1402, #1540 ) ;
#4659 = CARTESIAN_POINT ( 'NONE',  ( -15.02320090158828059, -15.80674328131163264, -16.42930133667829651 ) ) ;
#4660 = ORIENTED_EDGE ( 'NONE', *, *, #2615, .T. ) ;
#4661 = CIRCLE ( 'NONE', #4434, 0.9999999999999986677 ) ;
#4662 = CARTESIAN_POINT ( 'NONE',  ( 8.689474825765612920, -11.90888168950981907, -13.64919590985326892 ) ) ;
#4663 = DIRECTION ( 'NONE',  ( 0.7470778262826895944, 0.2962018438469779524, 0.5950959495563569179 ) ) ;
#4664 = DIRECTION ( 'NONE',  ( -0.7470778262826884841, -0.2962018438469784520, -0.5950959495563581392 ) ) ;
#4665 = VECTOR ( 'NONE', #2515, 1000.000000000000114 ) ;
#4666 = DIRECTION ( 'NONE',  ( 0.000000000000000000, 0.4731777794655579461, 0.8809669625020246642 ) ) ;
#4667 = EDGE_LOOP ( 'NONE', ( #3943, #1387, #3512, #1552 ) ) ;
#4668 = CARTESIAN_POINT ( 'NONE',  ( 20.98405187930683979, 5.509353106635349384, -30.81925076345552839 ) ) ;
#4669 = DIRECTION ( 'NONE',  ( 0.000000000000000000, -0.4731777794655591118, -0.8809669625020241090 ) ) ;
#4670 = STYLED_ITEM ( 'NONE', ( #729 ), #1941 ) ;
#4671 = VECTOR ( 'NONE', #2445, 1000.000000000000227 ) ;
#4672 = ORIENTED_EDGE ( 'NONE', *, *, #1190, .F. ) ;
#4673 = AXIS2_PLACEMENT_3D ( 'NONE', #1554, #1282, #3073 ) ;
#4674 = DIRECTION ( 'NONE',  ( 0.7218293686107699614, 0.3097661803695451188, 0.6188758163882637220 ) ) ;
#4675 = CARTESIAN_POINT ( 'NONE',  ( 9.787789694567733179, 8.491288353655129129, -29.03828822668603848 ) ) ;
#4676 = EDGE_CURVE ( 'NONE', #1557, #4031, #4577, .T. ) ;
#4677 = EDGE_CURVE ( 'NONE', #2282, #3764, #3850, .T. ) ;
#4678 = ORIENTED_EDGE ( 'NONE', *, *, #748, .F. ) ;
#4679 = AXIS2_PLACEMENT_3D ( 'NONE', #677, #327, #2535 ) ;
#4680 = EDGE_CURVE ( 'NONE', #666, #2282, #4557, .T. ) ;
#4681 = AXIS2_PLACEMENT_3D ( 'NONE', #2335, #440, #1559 ) ;
#4682 = VERTEX_POINT ( 'NONE', #2019 ) ;
#4683 = CARTESIAN_POINT ( 'NONE',  ( -19.96199227291579348, -9.209411381311783273, -9.318343103783991666 ) ) ;
#4684 = VECTOR ( 'NONE', #834, 1000.000000000000114 ) ;
#4685 = DIRECTION ( 'NONE',  ( -0.9717999538418634620, -0.08719766231927582323, -0.2190922577340552180 ) ) ;
#4686 = DIRECTION ( 'NONE',  ( 0.6992911315723374654, 0.000000000000000000, 0.7148369837272550154 ) ) ;
#4687 = VERTEX_POINT ( 'NONE', #1318 ) ;
#4688 = DIRECTION ( 'NONE',  ( -0.6674515310355100262, 0.000000000000000000, -0.7446532439453639185 ) ) ;
#4689 = LINE ( 'NONE', #1497, #1907 ) ;
#4690 = CARTESIAN_POINT ( 'NONE',  ( 30.97630446103505264, 2.114158965269256729, -39.93965679725787510 ) ) ;
#4691 = CARTESIAN_POINT ( 'NONE',  ( -1.021250733788744869, 18.35223488346951370, -17.70701333119604470 ) ) ;
#4692 = DIRECTION ( 'NONE',  ( 0.2762662602890288976, 0.4480231409968219447, 0.8502659693044620770 ) ) ;
#4693 = ORIENTED_EDGE ( 'NONE', *, *, #3485, .F. ) ;
#4694 = CARTESIAN_POINT ( 'NONE',  ( 20.22017942341410546, -19.66501108835647216, -16.63401082894790406 ) ) ;
#4695 = ORIENTED_EDGE ( 'NONE', *, *, #3001, .F. ) ;
#4696 = CARTESIAN_POINT ( 'NONE',  ( 21.09647939338169564, 8.958391127142636634, -32.56190371261475747 ) ) ;
#4697 = CARTESIAN_POINT ( 'NONE',  ( -11.43624980274926273, 13.95832744500459555, -26.49580098256492278 ) ) ;
#4698 = ORIENTED_EDGE ( 'NONE', *, *, #1548, .F. ) ;
#4699 = EDGE_CURVE ( 'NONE', #3639, #3634, #4219, .T. ) ;
#4700 = EDGE_LOOP ( 'NONE', ( #2124, #1570, #649, #765, #3851, #3772 ) ) ;
#4701 = PLANE ( 'NONE',  #2144 ) ;
#4702 = EDGE_CURVE ( 'NONE', #2102, #3899, #162, .T. ) ;
#4703 = CARTESIAN_POINT ( 'NONE',  ( -11.51634771228393639, 11.40449792205073365, -25.12410892799242390 ) ) ;
#4704 = CARTESIAN_POINT ( 'NONE',  ( -10.81388664685423429, -7.067216913673371792, -13.78927351118233524 ) ) ;
#4705 = CARTESIAN_POINT ( 'NONE',  ( -1.021250733788744869, 18.35223488346951370, -17.70701333119604470 ) ) ;
#4706 = EDGE_LOOP ( 'NONE', ( #2609, #1481, #1432, #2088, #2812, #3898, #3560, #3557 ) ) ;
#4707 = VERTEX_POINT ( 'NONE', #67 ) ;
#4708 = CARTESIAN_POINT ( 'NONE',  ( 6.776726054346764450, -11.33450682536535403, -1.909207875689280964 ) ) ;
#4709 = LINE ( 'NONE', #4331, #4665 ) ;
#4710 = EDGE_CURVE ( 'NONE', #3091, #1180, #336, .T. ) ;
#4711 = CARTESIAN_POINT ( 'NONE',  ( 20.31012464046336063, -15.97804012097658166, -19.27811761463854623 ) ) ;
#4712 = EDGE_LOOP ( 'NONE', ( #421, #984, #4348, #1187 ) ) ;
#4713 = LINE ( 'NONE', #410, #1672 ) ;
#4714 = ORIENTED_EDGE ( 'NONE', *, *, #3448, .T. ) ;
#4715 = EDGE_CURVE ( 'NONE', #1422, #2301, #2162, .T. ) ;
#4716 = CARTESIAN_POINT ( 'NONE',  ( -15.02320090158827703, -15.80674328131162909, -16.42930133667829296 ) ) ;
#4717 = DIRECTION ( 'NONE',  ( 1.000000000000000000, 0.000000000000000000, 0.000000000000000000 ) ) ;
#4718 = VERTEX_POINT ( 'NONE', #719 ) ;
#4719 = CARTESIAN_POINT ( 'NONE',  ( 10.37563705948254977, 11.25694174891215660, -30.25159440990249138 ) ) ;
#4720 = CARTESIAN_POINT ( 'NONE',  ( 9.683854566290616361, 10.74611317547677025, -29.12887843928697151 ) ) ;
#4721 = ORIENTED_EDGE ( 'NONE', *, *, #3877, .F. ) ;
#4722 = ORIENTED_EDGE ( 'NONE', *, *, #2399, .F. ) ;
#4723 = CARTESIAN_POINT ( 'NONE',  ( 5.667879326980695076, 8.714531089401408082, -31.34441000356276419 ) ) ;
#4724 = CARTESIAN_POINT ( 'NONE',  ( -10.07800962181240578, 8.937426319101414052, -27.73057763843230106 ) ) ;
#4725 = DIRECTION ( 'NONE',  ( 0.9948500600418255235, -0.07037895403468660827, -0.07293943284506484992 ) ) ;
#4726 = FACE_OUTER_BOUND ( 'NONE', #129, .T. ) ;
#4727 = ORIENTED_EDGE ( 'NONE', *, *, #1301, .T. ) ;
#4728 = CARTESIAN_POINT ( 'NONE',  ( -18.99734591169966080, -12.01298382597673253, -4.677441362808598235 ) ) ;
#4729 = ADVANCED_FACE ( 'NONE', ( #1143 ), #2625, .T. ) ;
#4730 = DIRECTION ( 'NONE',  ( 0.6956610734545392027, -0.3567285703321865231, -0.6235386098621579221 ) ) ;
#4731 = VECTOR ( 'NONE', #803, 1000.000000000000114 ) ;
#4732 = CARTESIAN_POINT ( 'NONE',  ( 5.255557876227318737, 7.066721478222162567, -30.31809320888186932 ) ) ;
#4733 = FACE_OUTER_BOUND ( 'NONE', #323, .T. ) ;
#4734 = ADVANCED_FACE ( 'NONE', ( #1049 ), #1076, .F. ) ;
#4735 = VECTOR ( 'NONE', #1114, 1000.000000000000114 ) ;
#4736 = EDGE_CURVE ( 'NONE', #2622, #1645, #429, .T. ) ;
#4737 = EDGE_CURVE ( 'NONE', #2288, #1216, #2549, .T. ) ;
#4738 = DIRECTION ( 'NONE',  ( 0.7218293686107699614, 0.3097661803695447857, 0.6188758163882636110 ) ) ;
#4739 = ORIENTED_EDGE ( 'NONE', *, *, #922, .T. ) ;
#4740 = VECTOR ( 'NONE', #3968, 1000.000000000000114 ) ;
#4741 = VECTOR ( 'NONE', #2677, 1000.000000000000114 ) ;
#4742 =( BOUNDED_CURVE ( )  B_SPLINE_CURVE ( 3, ( #3243, #3604, #4694, #664 ),
 .UNSPECIFIED., .F., .T. ) 
 B_SPLINE_CURVE_WITH_KNOTS ( ( 4, 4 ),
 ( 3.141592653589794892, 4.712388980384687898 ),
 .UNSPECIFIED. ) 
 CURVE ( )  GEOMETRIC_REPRESENTATION_ITEM ( )  RATIONAL_B_SPLINE_CURVE ( ( 1.000000000000000000, 0.8047378541243658256, 0.8047378541243658256, 1.000000000000000000 ) ) 
 REPRESENTATION_ITEM ( '' )  );
#4743 = VERTEX_POINT ( 'NONE', #25 ) ;
ENDSEC;
END-ISO-10303-21;
