solid OpenSCAD_Model
  facet normal 0.0974711 0.468537 0.878051
    outer loop
      vertex -2.54447 2.73676 -24.4078
      vertex -2.88283 2.77829 -24.3924
      vertex -3.02636 1.22647 -23.5484
    endloop
  endfacet
  facet normal 0.0975957 0.468504 0.878054
    outer loop
      vertex -2.23969 2.6624 -24.402
      vertex -2.54447 2.73676 -24.4078
      vertex -2.91304 1.19557 -23.5445
    endloop
  endfacet
  facet normal 0.0974949 0.468554 0.878039
    outer loop
      vertex -2.88283 2.77829 -24.3924
      vertex -3.32628 2.78511 -24.3468
      vertex -3.15222 1.243 -23.5432
    endloop
  endfacet
  facet normal 0.0974117 0.468518 0.878067
    outer loop
      vertex -4.07444 2.64162 -24.1871
      vertex -4.37914 2.49132 -24.0731
      vertex -3.42098 1.2171 -23.4995
    endloop
  endfacet
  facet normal 0.097597 0.468314 0.878155
    outer loop
      vertex -2.45827 0.638047 -23.2974
      vertex -2.4028 0.451724 -23.2042
      vertex -0.855578 0.711888 -23.5149
    endloop
  endfacet
  facet normal 0.0975598 0.468486 0.878068
    outer loop
      vertex -1.06069 1.4644 -23.8936
      vertex -2.51771 0.794323 -23.3742
      vertex -0.947547 1.11153 -23.7179
    endloop
  endfacet
  facet normal 0.0972659 0.468956 0.877849
    outer loop
      vertex -1.06069 1.4644 -23.8936
      vertex -2.58112 0.920539 -23.4346
      vertex -2.51771 0.794323 -23.3742
    endloop
  endfacet
  facet normal 0.0975865 0.468317 0.878155
    outer loop
      vertex -2.6485 1.01671 -23.4784
      vertex -2.58112 0.920539 -23.4346
      vertex -1.06069 1.4644 -23.8936
    endloop
  endfacet
  facet normal 0.0974427 0.468669 0.877983
    outer loop
      vertex -1.19496 1.77051 -24.0421
      vertex -2.6485 1.01671 -23.4784
      vertex -1.06069 1.4644 -23.8936
    endloop
  endfacet
  facet normal 0.0975285 0.468587 0.878018
    outer loop
      vertex -2.51771 0.794323 -23.3742
      vertex -2.45827 0.638047 -23.2974
      vertex -0.947547 1.11153 -23.7179
    endloop
  endfacet
  facet normal 0.0975782 0.468476 0.878071
    outer loop
      vertex -0.947547 1.11153 -23.7179
      vertex -2.45827 0.638047 -23.2974
      vertex -0.855578 0.711888 -23.5149
    endloop
  endfacet
  facet normal 0.0974871 0.468723 0.87795
    outer loop
      vertex -0.855578 0.711888 -23.5149
      vertex -2.4028 0.451724 -23.2042
      vertex -2.35132 0.235354 -23.0944
    endloop
  endfacet
  facet normal 0.0975619 0.468517 0.878051
    outer loop
      vertex -1.96853 2.55524 -24.3749
      vertex -2.8123 1.15032 -23.5315
      vertex -1.73096 2.41525 -24.3266
    endloop
  endfacet
  facet normal 0.0975346 0.468618 0.878
    outer loop
      vertex -2.35132 0.235354 -23.0944
      vertex -0.721287 0.0152517 -23.158
      vertex -0.855578 0.711888 -23.5149
    endloop
  endfacet
  facet normal 0.0975192 0.468579 0.878023
    outer loop
      vertex -3.42098 1.2171 -23.4995
      vertex -4.37914 2.49132 -24.0731
      vertex -3.53603 1.16909 -23.4611
    endloop
  endfacet
  facet normal 0.0975262 0.468512 0.878057
    outer loop
      vertex -0.721287 0.0152517 -23.158
      vertex -2.21508 -0.398528 -22.7713
      vertex -0.679877 -0.171599 -23.0629
    endloop
  endfacet
  facet normal 0.0975294 0.468529 0.878048
    outer loop
      vertex -0.634095 -0.334451 -22.9811
      vertex -2.21508 -0.398528 -22.7713
      vertex -2.1247 -0.760106 -22.5884
    endloop
  endfacet
  facet normal 0.0974045 0.468799 0.877918
    outer loop
      vertex -0.583969 -0.473328 -22.9126
      vertex -2.0115 -1.08292 -22.4287
      vertex -0.529501 -0.588205 -22.8573
    endloop
  endfacet
  facet normal 0.0975596 0.468406 0.87811
    outer loop
      vertex -2.0115 -1.08292 -22.4287
      vertex -1.87551 -1.36695 -22.2923
      vertex -0.470659 -0.679096 -22.8153
    endloop
  endfacet
  facet normal 0.0975694 0.468502 0.878058
    outer loop
      vertex -1.71672 -1.61222 -22.179
      vertex -1.5351 -1.81872 -22.089
      vertex -0.404418 -0.750889 -22.7844
    endloop
  endfacet
  facet normal 0.0975287 0.468549 0.878037
    outer loop
      vertex -1.5351 -1.81872 -22.089
      vertex -1.32773 -1.9895 -22.0209
      vertex -0.327676 -0.808504 -22.7622
    endloop
  endfacet
  facet normal 0.0975035 0.46857 0.878029
    outer loop
      vertex -0.327676 -0.808504 -22.7622
      vertex -1.09166 -2.12762 -21.9734
      vertex -0.240448 -0.851952 -22.7487
    endloop
  endfacet
  facet normal 0.0976799 0.468513 0.87804
    outer loop
      vertex -0.240448 -0.851952 -22.7487
      vertex -0.826932 -2.23308 -21.9465
      vertex -0.533533 -2.30587 -21.9403
    endloop
  endfacet
  facet normal 0.0971197 0.468593 0.878059
    outer loop
      vertex -0.14275 -0.881232 -22.7439
      vertex -0.211451 -2.346 -21.9546
      vertex -0.0345665 -0.896346 -22.7478
    endloop
  endfacet
  facet normal 0.0979258 0.46857 0.877982
    outer loop
      vertex -0.0345665 -0.896346 -22.7478
      vertex 0.191352 -2.35037 -21.997
      vertex 0.109096 -0.895453 -22.7643
    endloop
  endfacet
  facet normal 0.0974702 0.468516 0.878062
    outer loop
      vertex 0.556713 -2.30381 -22.0625
      vertex 0.884647 -2.20636 -22.1509
      vertex 0.237572 -0.871359 -22.7914
    endloop
  endfacet
  facet normal 0.0973565 0.468501 0.878082
    outer loop
      vertex 0.109096 -0.895453 -22.7643
      vertex 0.556713 -2.30381 -22.0625
      vertex 0.237572 -0.871359 -22.7914
    endloop
  endfacet
  facet normal 0.0974461 0.468513 0.878066
    outer loop
      vertex 0.350847 -0.824076 -22.8292
      vertex 0.237572 -0.871359 -22.7914
      vertex 1.17514 -2.05798 -22.2623
    endloop
  endfacet
  facet normal 0.0975391 0.468531 0.878046
    outer loop
      vertex 0.448935 -0.753605 -22.8777
      vertex 0.350847 -0.824076 -22.8292
      vertex 1.42822 -1.8587 -22.3968
    endloop
  endfacet
  facet normal 0.0975182 0.468508 0.87806
    outer loop
      vertex 1.80885 -1.31854 -22.7273
      vertex 0.448935 -0.753605 -22.8777
      vertex 1.64055 -1.6113 -22.5524
    endloop
  endfacet
  facet normal 0.0974979 0.468498 0.878068
    outer loop
      vertex 1.9331 -0.980424 -22.9215
      vertex 0.531837 -0.659948 -22.9369
      vertex 1.80885 -1.31854 -22.7273
    endloop
  endfacet
  facet normal 0.0975376 0.468659 0.877978
    outer loop
      vertex 0.655245 -0.399186 -23.0898
      vertex 1.9331 -0.980424 -22.9215
      vertex 2.01332 -0.596965 -23.1351
    endloop
  endfacet
  facet normal 0.0975273 0.468414 0.87811
    outer loop
      vertex 2.0495 -0.168157 -23.3679
      vertex 2.05249 0.038931 -23.4787
      vertex 0.724201 -0.0380672 -23.2901
    endloop
  endfacet
  facet normal 0.0975074 0.468488 0.878073
    outer loop
      vertex 2.03769 0.461595 -23.7026
      vertex 0.738466 0.356589 -23.5023
      vertex 2.04855 0.248854 -23.5903
    endloop
  endfacet
  facet normal 0.0975449 0.468545 0.878038
    outer loop
      vertex 0.707461 0.724794 -23.6953
      vertex 0.728201 0.538139 -23.598
      vertex 2.01992 0.677183 -23.8157
    endloop
  endfacet
  facet normal 0.0975453 0.468515 0.878054
    outer loop
      vertex 1.9952 0.895605 -23.9295
      vertex 0.707461 0.724794 -23.6953
      vertex 2.01992 0.677183 -23.8157
    endloop
  endfacet
  facet normal 0.0975009 0.468712 0.877954
    outer loop
      vertex 1.9952 0.895605 -23.9295
      vertex 0.676246 0.916539 -23.7942
      vertex 0.707461 0.724794 -23.6953
    endloop
  endfacet
  facet normal 0.0975004 0.468723 0.877948
    outer loop
      vertex 1.9952 0.895605 -23.9295
      vertex 1.96358 1.11721 -24.0443
      vertex 0.676246 0.916539 -23.7942
    endloop
  endfacet
  facet normal 0.0975528 0.468517 0.878052
    outer loop
      vertex 0.676246 0.916539 -23.7942
      vertex 1.96358 1.11721 -24.0443
      vertex 0.634557 1.11338 -23.8946
    endloop
  endfacet
  facet normal 0.0975592 0.468414 0.878106
    outer loop
      vertex 0.634557 1.11338 -23.8946
      vertex 1.96358 1.11721 -24.0443
      vertex 1.92504 1.34232 -24.1601
    endloop
  endfacet
  facet normal 0.0974741 0.468717 0.877954
    outer loop
      vertex 0.582539 1.31413 -23.996
      vertex 0.634557 1.11338 -23.8946
      vertex 1.92504 1.34232 -24.1601
    endloop
  endfacet
  facet normal 0.0974752 0.468705 0.87796
    outer loop
      vertex 1.8796 1.57093 -24.2771
      vertex 0.582539 1.31413 -23.996
      vertex 1.92504 1.34232 -24.1601
    endloop
  endfacet
  facet normal 0.0976032 0.468287 0.878169
    outer loop
      vertex 1.8796 1.57093 -24.2771
      vertex 0.520352 1.51762 -24.0976
      vertex 0.582539 1.31413 -23.996
    endloop
  endfacet
  facet normal 0.097591 0.4684 0.87811
    outer loop
      vertex 1.8796 1.57093 -24.2771
      vertex 1.82726 1.80305 -24.3951
      vertex 0.520352 1.51762 -24.0976
    endloop
  endfacet
  facet normal 0.097544 0.468542 0.87804
    outer loop
      vertex 0.520352 1.51762 -24.0976
      vertex 1.82726 1.80305 -24.3951
      vertex 0.447996 1.72383 -24.1996
    endloop
  endfacet
  facet normal 0.0975267 0.468674 0.877971
    outer loop
      vertex 0.447996 1.72383 -24.1996
      vertex 1.82726 1.80305 -24.3951
      vertex 1.768 2.03868 -24.5143
    endloop
  endfacet
  facet normal 0.0974981 0.468754 0.877932
    outer loop
      vertex 0.365472 1.93278 -24.302
      vertex 0.447996 1.72383 -24.1996
      vertex 1.768 2.03868 -24.5143
    endloop
  endfacet
  facet normal 0.0975594 0.468355 0.878138
    outer loop
      vertex 0.272765 2.14446 -24.4046
      vertex 0.365472 1.93278 -24.302
      vertex 1.768 2.03868 -24.5143
    endloop
  endfacet
  facet normal 0.0975261 0.468642 0.877988
    outer loop
      vertex 2.01992 0.677183 -23.8157
      vertex 0.728201 0.538139 -23.598
      vertex 2.03769 0.461595 -23.7026
    endloop
  endfacet
  facet normal 0.0975222 0.468395 0.87812
    outer loop
      vertex 2.03769 0.461595 -23.7026
      vertex 0.728201 0.538139 -23.598
      vertex 0.738466 0.356589 -23.5023
    endloop
  endfacet
  facet normal 0.0975123 0.468594 0.878016
    outer loop
      vertex 2.04855 0.248854 -23.5903
      vertex 0.738466 0.356589 -23.5023
      vertex 0.738241 0.180131 -23.4081
    endloop
  endfacet
  facet normal 0.0975113 0.468602 0.878011
    outer loop
      vertex 2.05249 0.038931 -23.4787
      vertex 2.04855 0.248854 -23.5903
      vertex 0.738241 0.180131 -23.4081
    endloop
  endfacet
  facet normal 0.0975081 0.46856 0.878034
    outer loop
      vertex 0.724201 -0.0380672 -23.2901
      vertex 2.05249 0.038931 -23.4787
      vertex 0.738241 0.180131 -23.4081
    endloop
  endfacet
  facet normal 0.0975321 0.468486 0.878071
    outer loop
      vertex 0.696541 -0.231169 -23.184
      vertex 2.0495 -0.168157 -23.3679
      vertex 0.724201 -0.0380672 -23.2901
    endloop
  endfacet
  facet normal 0.0975331 0.468478 0.878075
    outer loop
      vertex 0.696541 -0.231169 -23.184
      vertex 2.01332 -0.596965 -23.1351
      vertex 2.0495 -0.168157 -23.3679
    endloop
  endfacet
  facet normal 0.0975007 0.46837 0.878136
    outer loop
      vertex 0.696541 -0.231169 -23.184
      vertex 0.655245 -0.399186 -23.0898
      vertex 2.01332 -0.596965 -23.1351
    endloop
  endfacet
  facet normal 0.0975587 0.468699 0.877954
    outer loop
      vertex 0.655245 -0.399186 -23.0898
      vertex 0.600344 -0.542108 -23.0074
      vertex 1.9331 -0.980424 -22.9215
    endloop
  endfacet
  facet normal 0.0975205 0.468594 0.878014
    outer loop
      vertex 1.9331 -0.980424 -22.9215
      vertex 0.600344 -0.542108 -23.0074
      vertex 0.531837 -0.659948 -22.9369
    endloop
  endfacet
  facet normal 0.0975686 0.468613 0.877999
    outer loop
      vertex 1.80885 -1.31854 -22.7273
      vertex 0.531837 -0.659948 -22.9369
      vertex 0.448935 -0.753605 -22.8777
    endloop
  endfacet
  facet normal 0.0975369 0.468529 0.878047
    outer loop
      vertex 1.64055 -1.6113 -22.5524
      vertex 0.448935 -0.753605 -22.8777
      vertex 1.42822 -1.8587 -22.3968
    endloop
  endfacet
  facet normal 0.0976275 0.468603 0.877998
    outer loop
      vertex 1.42822 -1.8587 -22.3968
      vertex 0.350847 -0.824076 -22.8292
      vertex 1.17514 -2.05798 -22.2623
    endloop
  endfacet
  facet normal 0.0975593 0.468522 0.878049
    outer loop
      vertex 0.418912 -4.16243 -21.0553
      vertex 0.333167 -6.89629 -19.587
      vertex 1.79164 -4.25955 -21.156
    endloop
  endfacet
  facet normal 0.0974256 0.4685 0.878075
    outer loop
      vertex 1.17514 -2.05798 -22.2623
      vertex 0.237572 -0.871359 -22.7914
      vertex 0.884647 -2.20636 -22.1509
    endloop
  endfacet
  facet normal 0.0976921 0.468571 0.878008
    outer loop
      vertex 0.109096 -0.895453 -22.7643
      vertex 0.191352 -2.35037 -21.997
      vertex 0.556713 -2.30381 -22.0625
    endloop
  endfacet
  facet normal 0.0975575 0.468541 0.878039
    outer loop
      vertex -2.27372 -4.13536 -20.7707
      vertex -2.35435 -6.70617 -19.3899
      vertex -0.981636 -6.80328 -19.4906
    endloop
  endfacet
  facet normal 0.0975083 0.468538 0.878046
    outer loop
      vertex -0.0345665 -0.896346 -22.7478
      vertex -0.211451 -2.346 -21.9546
      vertex 0.191352 -2.35037 -21.997
    endloop
  endfacet
  facet normal 0.097366 0.468573 0.878043
    outer loop
      vertex -0.14275 -0.881232 -22.7439
      vertex -0.533533 -2.30587 -21.9403
      vertex -0.211451 -2.346 -21.9546
    endloop
  endfacet
  facet normal 0.0972971 0.46859 0.878041
    outer loop
      vertex -0.14275 -0.881232 -22.7439
      vertex -0.240448 -0.851952 -22.7487
      vertex -0.533533 -2.30587 -21.9403
    endloop
  endfacet
  facet normal 0.0974563 0.468596 0.87802
    outer loop
      vertex -0.240448 -0.851952 -22.7487
      vertex -1.09166 -2.12762 -21.9734
      vertex -0.826932 -2.23308 -21.9465
    endloop
  endfacet
  facet normal 0.097487 0.468578 0.878027
    outer loop
      vertex -0.327676 -0.808504 -22.7622
      vertex -1.32773 -1.9895 -22.0209
      vertex -1.09166 -2.12762 -21.9734
    endloop
  endfacet
  facet normal 0.0975574 0.468541 0.878039
    outer loop
      vertex -2.27372 -4.13536 -20.7707
      vertex -0.981636 -6.80328 -19.4906
      vertex -0.901005 -4.23247 -20.8714
    endloop
  endfacet
  facet normal 0.0976615 0.468425 0.878089
    outer loop
      vertex -0.404418 -0.750889 -22.7844
      vertex -1.5351 -1.81872 -22.089
      vertex -0.327676 -0.808504 -22.7622
    endloop
  endfacet
  facet normal 0.0978116 0.46822 0.878181
    outer loop
      vertex -0.470659 -0.679096 -22.8153
      vertex -1.71672 -1.61222 -22.179
      vertex -0.404418 -0.750889 -22.7844
    endloop
  endfacet
  facet normal 0.0974028 0.468643 0.878001
    outer loop
      vertex -0.470659 -0.679096 -22.8153
      vertex -1.87551 -1.36695 -22.2923
      vertex -1.71672 -1.61222 -22.179
    endloop
  endfacet
  facet normal 0.0975835 0.468701 0.87795
    outer loop
      vertex -3.63819 1.09771 -23.4117
      vertex -5.02042 1.72116 -23.5909
      vertex -3.72746 1.00297 -23.3512
    endloop
  endfacet
  facet normal 0.0975215 0.468488 0.878071
    outer loop
      vertex -5.12658 -0.98525 -22.1349
      vertex -3.86148 -0.652767 -22.4528
      vertex -5.17507 -0.742185 -22.2592
    endloop
  endfacet
  facet normal 0.0974237 0.468759 0.877937
    outer loop
      vertex -0.529501 -0.588205 -22.8573
      vertex -2.0115 -1.08292 -22.4287
      vertex -0.470659 -0.679096 -22.8153
    endloop
  endfacet
  facet normal 0.0975376 0.468572 0.878024
    outer loop
      vertex -0.583969 -0.473328 -22.9126
      vertex -2.1247 -0.760106 -22.5884
      vertex -2.0115 -1.08292 -22.4287
    endloop
  endfacet
  facet normal 0.0975998 0.468359 0.878131
    outer loop
      vertex -0.583969 -0.473328 -22.9126
      vertex -0.634095 -0.334451 -22.9811
      vertex -2.1247 -0.760106 -22.5884
    endloop
  endfacet
  facet normal 0.0975282 0.468705 0.877954
    outer loop
      vertex -5.24179 -0.258828 -22.5097
      vertex -5.21352 -0.499978 -22.3841
      vertex -3.93509 -0.212853 -22.6794
    endloop
  endfacet
  facet normal 0.0975354 0.468475 0.878077
    outer loop
      vertex -0.634095 -0.334451 -22.9811
      vertex -0.679877 -0.171599 -23.0629
      vertex -2.21508 -0.398528 -22.7713
    endloop
  endfacet
  facet normal 0.0975291 0.468616 0.878002
    outer loop
      vertex -5.2677 0.220282 -22.7625
      vertex -5.25985 -0.0187374 -22.6358
      vertex -3.95023 0.000797646 -22.7917
    endloop
  endfacet
  facet normal 0.0975234 0.468519 0.878054
    outer loop
      vertex -0.721287 0.0152517 -23.158
      vertex -2.35132 0.235354 -23.0944
      vertex -2.21508 -0.398528 -22.7713
    endloop
  endfacet
  facet normal 0.0975709 0.468484 0.878067
    outer loop
      vertex -1.35041 2.02986 -24.1632
      vertex -2.6485 1.01671 -23.4784
      vertex -1.19496 1.77051 -24.0421
    endloop
  endfacet
  facet normal 0.0975054 0.468658 0.877982
    outer loop
      vertex -5.22761 0.934101 -23.1479
      vertex -5.26535 0.458242 -22.8897
      vertex -3.90726 0.589896 -23.1108
    endloop
  endfacet
  facet normal 0.0974289 0.468626 0.878008
    outer loop
      vertex -1.35041 2.02986 -24.1632
      vertex -2.72412 1.0907 -23.5095
      vertex -2.6485 1.01671 -23.4784
    endloop
  endfacet
  facet normal 0.0974335 0.468421 0.878116
    outer loop
      vertex -3.86257 0.748435 -23.2004
      vertex -3.80263 0.886125 -23.2805
      vertex -5.14597 1.35507 -23.3816
    endloop
  endfacet
  facet normal 0.0975432 0.468497 0.878064
    outer loop
      vertex -1.35041 2.02986 -24.1632
      vertex -1.52701 2.24243 -24.257
      vertex -2.72412 1.0907 -23.5095
    endloop
  endfacet
  facet normal 0.0974871 0.468557 0.878038
    outer loop
      vertex -3.72746 1.00297 -23.3512
      vertex -5.02042 1.72116 -23.5909
      vertex -5.14597 1.35507 -23.3816
    endloop
  endfacet
  facet normal 0.0976335 0.468423 0.878093
    outer loop
      vertex -2.72412 1.0907 -23.5095
      vertex -1.52701 2.24243 -24.257
      vertex -2.8123 1.15032 -23.5315
    endloop
  endfacet
  facet normal 0.0974417 0.4686 0.87802
    outer loop
      vertex -2.8123 1.15032 -23.5315
      vertex -1.52701 2.24243 -24.257
      vertex -1.73096 2.41525 -24.3266
    endloop
  endfacet
  facet normal 0.097207 0.468659 0.878015
    outer loop
      vertex -2.91304 1.19557 -23.5445
      vertex -2.8123 1.15032 -23.5315
      vertex -2.23969 2.6624 -24.402
    endloop
  endfacet
  facet normal 0.097429 0.468584 0.87803
    outer loop
      vertex -2.8123 1.15032 -23.5315
      vertex -1.96853 2.55524 -24.3749
      vertex -2.23969 2.6624 -24.402
    endloop
  endfacet
  facet normal 0.0975361 0.468518 0.878053
    outer loop
      vertex -2.91304 1.19557 -23.5445
      vertex -2.54447 2.73676 -24.4078
      vertex -3.02636 1.22647 -23.5484
    endloop
  endfacet
  facet normal 0.0978073 0.468497 0.878034
    outer loop
      vertex -3.02636 1.22647 -23.5484
      vertex -2.88283 2.77829 -24.3924
      vertex -3.15222 1.243 -23.5432
    endloop
  endfacet
  facet normal 0.0974351 0.468551 0.878047
    outer loop
      vertex -3.15222 1.243 -23.5432
      vertex -3.32628 2.78511 -24.3468
      vertex -3.29305 1.24174 -23.5269
    endloop
  endfacet
  facet normal 0.0977884 0.468608 0.877977
    outer loop
      vertex -3.42098 1.2171 -23.4995
      vertex -3.29305 1.24174 -23.5269
      vertex -3.72348 2.73956 -24.2784
    endloop
  endfacet
  facet normal 0.0974715 0.46855 0.878043
    outer loop
      vertex -3.29305 1.24174 -23.5269
      vertex -3.32628 2.78511 -24.3468
      vertex -3.72348 2.73956 -24.2784
    endloop
  endfacet
  facet normal 0.09764 0.468592 0.878002
    outer loop
      vertex -4.07444 2.64162 -24.1871
      vertex -3.42098 1.2171 -23.4995
      vertex -3.72348 2.73956 -24.2784
    endloop
  endfacet
  facet normal 0.0975833 0.468609 0.877999
    outer loop
      vertex -3.53603 1.16909 -23.4611
      vertex -4.37914 2.49132 -24.0731
      vertex -4.63759 2.28864 -23.9362
    endloop
  endfacet
  facet normal 0.0973827 0.468367 0.878151
    outer loop
      vertex -4.85096 2.03234 -23.7757
      vertex -3.63819 1.09771 -23.4117
      vertex -3.53603 1.16909 -23.4611
    endloop
  endfacet
  facet normal 0.0975691 0.468598 0.878007
    outer loop
      vertex -4.85096 2.03234 -23.7757
      vertex -3.53603 1.16909 -23.4611
      vertex -4.63759 2.28864 -23.9362
    endloop
  endfacet
  facet normal 0.097437 0.468423 0.878115
    outer loop
      vertex -4.85096 2.03234 -23.7757
      vertex -5.02042 1.72116 -23.5909
      vertex -3.63819 1.09771 -23.4117
    endloop
  endfacet
  facet normal 0.0974881 0.468561 0.878036
    outer loop
      vertex -3.80263 0.886125 -23.2805
      vertex -3.72746 1.00297 -23.3512
      vertex -5.14597 1.35507 -23.3816
    endloop
  endfacet
  facet normal 0.0974982 0.468538 0.878047
    outer loop
      vertex -5.22761 0.934101 -23.1479
      vertex -3.86257 0.748435 -23.2004
      vertex -5.14597 1.35507 -23.3816
    endloop
  endfacet
  facet normal 0.0975168 0.468699 0.877959
    outer loop
      vertex -5.22761 0.934101 -23.1479
      vertex -3.90726 0.589896 -23.1108
      vertex -3.86257 0.748435 -23.2004
    endloop
  endfacet
  facet normal 0.0975295 0.468524 0.878051
    outer loop
      vertex -3.90726 0.589896 -23.1108
      vertex -5.26535 0.458242 -22.8897
      vertex -3.93673 0.410497 -23.0118
    endloop
  endfacet
  facet normal 0.0975309 0.46842 0.878106
    outer loop
      vertex -5.26535 0.458242 -22.8897
      vertex -3.95095 0.21025 -22.9034
      vertex -3.93673 0.410497 -23.0118
    endloop
  endfacet
  facet normal 0.0975346 0.468535 0.878044
    outer loop
      vertex -3.73032 -1.10949 -22.2236
      vertex -3.80302 -0.879031 -22.3385
      vertex -5.06828 -1.22901 -22.0112
    endloop
  endfacet
  facet normal 0.0975659 0.468337 0.878146
    outer loop
      vertex -3.64356 -1.34413 -22.1081
      vertex -3.73032 -1.10949 -22.2236
      vertex -5.00012 -1.47347 -21.8884
    endloop
  endfacet
  facet normal 0.0975067 0.468669 0.877976
    outer loop
      vertex -4.92212 -1.71862 -21.7662
      vertex -3.64356 -1.34413 -22.1081
      vertex -5.00012 -1.47347 -21.8884
    endloop
  endfacet
  facet normal 0.0974862 0.468717 0.877952
    outer loop
      vertex -4.92212 -1.71862 -21.7662
      vertex -3.54274 -1.58294 -21.9918
      vertex -3.64356 -1.34413 -22.1081
    endloop
  endfacet
  facet normal 0.097536 0.468444 0.878093
    outer loop
      vertex -4.92212 -1.71862 -21.7662
      vertex -4.83429 -1.96447 -21.6448
      vertex -3.54274 -1.58294 -21.9918
    endloop
  endfacet
  facet normal 0.0975 0.468529 0.878052
    outer loop
      vertex -3.54274 -1.58294 -21.9918
      vertex -4.83429 -1.96447 -21.6448
      vertex -3.42788 -1.82592 -21.8749
    endloop
  endfacet
  facet normal 0.0974846 0.468613 0.878008
    outer loop
      vertex -3.42788 -1.82592 -21.8749
      vertex -4.83429 -1.96447 -21.6448
      vertex -3.29895 -2.07308 -21.7573
    endloop
  endfacet
  facet normal 0.09757 0.468327 0.878151
    outer loop
      vertex -5.00012 -1.47347 -21.8884
      vertex -3.73032 -1.10949 -22.2236
      vertex -5.06828 -1.22901 -22.0112
    endloop
  endfacet
  facet normal 0.0974235 0.46881 0.87791
    outer loop
      vertex -5.06828 -1.22901 -22.0112
      vertex -3.80302 -0.879031 -22.3385
      vertex -5.12658 -0.98525 -22.1349
    endloop
  endfacet
  facet normal 0.0974422 0.468693 0.87797
    outer loop
      vertex -5.12658 -0.98525 -22.1349
      vertex -3.80302 -0.879031 -22.3385
      vertex -3.86148 -0.652767 -22.4528
    endloop
  endfacet
  facet normal 0.0975175 0.468516 0.878057
    outer loop
      vertex -5.17507 -0.742185 -22.2592
      vertex -3.86148 -0.652767 -22.4528
      vertex -3.9055 -0.430704 -22.5664
    endloop
  endfacet
  facet normal 0.0975851 0.46833 0.878148
    outer loop
      vertex -5.21352 -0.499978 -22.3841
      vertex -5.17507 -0.742185 -22.2592
      vertex -3.9055 -0.430704 -22.5664
    endloop
  endfacet
  facet normal 0.0975439 0.468659 0.877977
    outer loop
      vertex -3.93509 -0.212853 -22.6794
      vertex -5.21352 -0.499978 -22.3841
      vertex -3.9055 -0.430704 -22.5664
    endloop
  endfacet
  facet normal 0.0975484 0.468509 0.878057
    outer loop
      vertex -5.25985 -0.0187374 -22.6358
      vertex -5.24179 -0.258828 -22.5097
      vertex -3.93509 -0.212853 -22.6794
    endloop
  endfacet
  facet normal 0.0975415 0.468456 0.878086
    outer loop
      vertex -3.95023 0.000797646 -22.7917
      vertex -5.25985 -0.0187374 -22.6358
      vertex -3.93509 -0.212853 -22.6794
    endloop
  endfacet
  facet normal 0.0975235 0.46858 0.878022
    outer loop
      vertex -3.95095 0.21025 -22.9034
      vertex -5.2677 0.220282 -22.7625
      vertex -3.95023 0.000797646 -22.7917
    endloop
  endfacet
  facet normal 0.0975312 0.468422 0.878105
    outer loop
      vertex -3.95095 0.21025 -22.9034
      vertex -5.26535 0.458242 -22.8897
      vertex -5.2677 0.220282 -22.7625
    endloop
  endfacet
  facet normal 0.0975282 0.46854 0.878042
    outer loop
      vertex -2.35435 -6.70617 -19.3899
      vertex -5.39542 -8.10401 -18.3062
      vertex 1.65542 -8.60281 -18.8232
    endloop
  endfacet
  facet normal 0.0975592 0.468596 0.878009
    outer loop
      vertex -0.981636 -6.80328 -19.4906
      vertex -2.35435 -6.70617 -19.3899
      vertex 1.65542 -8.60281 -18.8232
    endloop
  endfacet
  facet normal 0.0975224 0.468552 0.878037
    outer loop
      vertex 0.333167 -6.89629 -19.587
      vertex -0.981636 -6.80328 -19.4906
      vertex 1.65542 -8.60281 -18.8232
    endloop
  endfacet
  facet normal 0.0975102 0.468545 0.878042
    outer loop
      vertex 1.79164 -4.25955 -21.156
      vertex 0.333167 -6.89629 -19.587
      vertex 1.65542 -8.60281 -18.8232
    endloop
  endfacet
  facet normal 0.0975058 0.468576 0.878026
    outer loop
      vertex -2.35435 -6.70617 -19.3899
      vertex -5.34494 -6.4946 -19.1707
      vertex -5.39542 -8.10401 -18.3062
    endloop
  endfacet
  facet normal -0.0974845 -0.468534 -0.878051
    outer loop
      vertex -3.12388 0.757924 -24.4264
      vertex -2.98035 2.30975 -25.2704
      vertex -2.64199 2.26821 -25.2858
    endloop
  endfacet
  facet normal -0.0975815 -0.468509 -0.878053
    outer loop
      vertex -3.01056 0.727026 -24.4225
      vertex -2.64199 2.26821 -25.2858
      vertex -2.33721 2.19386 -25.28
    endloop
  endfacet
  facet normal -0.097495 -0.468552 -0.87804
    outer loop
      vertex -3.24974 0.77445 -24.4212
      vertex -3.4238 2.31657 -25.2248
      vertex -2.98035 2.30975 -25.2704
    endloop
  endfacet
  facet normal -0.097641 -0.468589 -0.878004
    outer loop
      vertex -3.5185 0.74855 -24.3776
      vertex -4.47666 2.02278 -24.9511
      vertex -4.17196 2.17308 -25.0652
    endloop
  endfacet
  facet normal -0.0975024 -0.468663 -0.877979
    outer loop
      vertex -0.953099 0.243341 -24.3929
      vertex -2.50033 -0.0168234 -24.0822
      vertex -2.55579 0.1695 -24.1755
    endloop
  endfacet
  facet normal -0.0974523 -0.468658 -0.877988
    outer loop
      vertex -1.04507 0.642981 -24.5959
      vertex -2.61523 0.325776 -24.2523
      vertex -1.15821 0.995852 -24.7717
    endloop
  endfacet
  facet normal -0.0975494 -0.468503 -0.87806
    outer loop
      vertex -2.61523 0.325776 -24.2523
      vertex -2.67864 0.451992 -24.3126
      vertex -1.15821 0.995852 -24.7717
    endloop
  endfacet
  facet normal -0.0976263 -0.46835 -0.878133
    outer loop
      vertex -1.15821 0.995852 -24.7717
      vertex -2.67864 0.451992 -24.3126
      vertex -2.74602 0.54816 -24.3564
    endloop
  endfacet
  facet normal -0.0975764 -0.468472 -0.878073
    outer loop
      vertex -1.15821 0.995852 -24.7717
      vertex -2.74602 0.54816 -24.3564
      vertex -1.29248 1.30197 -24.9201
    endloop
  endfacet
  facet normal -0.0974787 -0.468574 -0.87803
    outer loop
      vertex -1.04507 0.642981 -24.5959
      vertex -2.55579 0.1695 -24.1755
      vertex -2.61523 0.325776 -24.2523
    endloop
  endfacet
  facet normal -0.0975248 -0.468471 -0.87808
    outer loop
      vertex -0.953099 0.243341 -24.3929
      vertex -2.55579 0.1695 -24.1755
      vertex -1.04507 0.642981 -24.5959
    endloop
  endfacet
  facet normal -0.0975682 -0.468419 -0.878103
    outer loop
      vertex -2.44884 -0.233193 -23.9725
      vertex -2.50033 -0.0168234 -24.0822
      vertex -0.953099 0.243341 -24.3929
    endloop
  endfacet
  facet normal -0.0973094 -0.468693 -0.877985
    outer loop
      vertex -1.82848 1.9467 -25.2046
      vertex -2.90982 0.681774 -24.4095
      vertex -2.06605 2.08669 -25.253
    endloop
  endfacet
  facet normal -0.0975233 -0.468518 -0.878055
    outer loop
      vertex -0.953099 0.243341 -24.3929
      vertex -0.818809 -0.453295 -24.0361
      vertex -2.44884 -0.233193 -23.9725
    endloop
  endfacet
  facet normal -0.0975564 -0.468542 -0.878038
    outer loop
      vertex -3.63355 0.700544 -24.3392
      vertex -4.47666 2.02278 -24.9511
      vertex -3.5185 0.74855 -24.3776
    endloop
  endfacet
  facet normal -0.0975265 -0.468512 -0.878058
    outer loop
      vertex -0.777399 -0.640146 -23.941
      vertex -2.3126 -0.867075 -23.6494
      vertex -0.818809 -0.453295 -24.0361
    endloop
  endfacet
  facet normal -0.0974548 -0.468712 -0.877959
    outer loop
      vertex -2.22222 -1.22865 -23.4664
      vertex -2.3126 -0.867075 -23.6494
      vertex -0.731617 -0.802998 -23.8591
    endloop
  endfacet
  facet normal -0.097649 -0.46828 -0.878168
    outer loop
      vertex -0.627023 -1.05675 -23.7354
      vertex -2.10902 -1.55147 -23.3068
      vertex -0.681491 -0.941875 -23.7906
    endloop
  endfacet
  facet normal -0.0974743 -0.468623 -0.878004
    outer loop
      vertex -0.568181 -1.14764 -23.6934
      vertex -1.97303 -1.8355 -23.1703
      vertex -2.10902 -1.55147 -23.3068
    endloop
  endfacet
  facet normal -0.097584 -0.46849 -0.878063
    outer loop
      vertex -0.50194 -1.21944 -23.6624
      vertex -1.63263 -2.28727 -22.967
      vertex -1.81424 -2.08076 -23.057
    endloop
  endfacet
  facet normal -0.0975253 -0.468551 -0.878037
    outer loop
      vertex -0.425198 -1.27705 -23.6402
      vertex -1.42525 -2.45805 -22.8989
      vertex -1.63263 -2.28727 -22.967
    endloop
  endfacet
  facet normal -0.0975116 -0.468565 -0.878031
    outer loop
      vertex -0.33797 -1.3205 -23.6267
      vertex -1.18918 -2.59617 -22.8514
      vertex -0.425198 -1.27705 -23.6402
    endloop
  endfacet
  facet normal -0.0973949 -0.46857 -0.878041
    outer loop
      vertex -0.631055 -2.77442 -22.8183
      vertex -0.924454 -2.70163 -22.8246
      vertex -0.33797 -1.3205 -23.6267
    endloop
  endfacet
  facet normal -0.097897 -0.468482 -0.878033
    outer loop
      vertex -0.132088 -1.36489 -23.6259
      vertex -0.308973 -2.81455 -22.8327
      vertex -0.240272 -1.34978 -23.6219
    endloop
  endfacet
  facet normal -0.0973354 -0.468526 -0.878071
    outer loop
      vertex 0.0115739 -1.364 -23.6423
      vertex 0.0938301 -2.81891 -22.8751
      vertex -0.132088 -1.36489 -23.6259
    endloop
  endfacet
  facet normal -0.0974701 -0.468516 -0.878062
    outer loop
      vertex 0.14005 -1.33991 -23.6694
      vertex 0.787125 -2.67491 -23.0289
      vertex 0.459191 -2.77236 -22.9405
    endloop
  endfacet
  facet normal -0.09737 -0.468503 -0.87808
    outer loop
      vertex 0.14005 -1.33991 -23.6694
      vertex 0.459191 -2.77236 -22.9405
      vertex 0.0115739 -1.364 -23.6423
    endloop
  endfacet
  facet normal -0.0980069 -0.468789 -0.877856
    outer loop
      vertex 1.07762 -2.52653 -23.1404
      vertex 0.14005 -1.33991 -23.6694
      vertex 0.253325 -1.29262 -23.7073
    endloop
  endfacet
  facet normal -0.097504 -0.468573 -0.878027
    outer loop
      vertex 1.3307 -2.32724 -23.2748
      vertex 0.253325 -1.29262 -23.7073
      vertex 0.351413 -1.22215 -23.7558
    endloop
  endfacet
  facet normal -0.0974627 -0.468533 -0.878054
    outer loop
      vertex 1.54302 -2.07984 -23.4304
      vertex 0.351413 -1.22215 -23.7558
      vertex 1.71133 -1.78708 -23.6053
    endloop
  endfacet
  facet normal -0.0976019 -0.468669 -0.877965
    outer loop
      vertex 1.71133 -1.78708 -23.6053
      vertex 0.434315 -1.12849 -23.8149
      vertex 1.83558 -1.44897 -23.7996
    endloop
  endfacet
  facet normal -0.0975157 -0.468488 -0.878071
    outer loop
      vertex 1.91579 -1.06551 -24.0131
      vertex 1.83558 -1.44897 -23.7996
      vertex 0.557723 -0.867733 -23.9678
    endloop
  endfacet
  facet normal -0.097484 -0.468743 -0.877939
    outer loop
      vertex 0.626679 -0.506614 -24.1682
      vertex 1.95497 -0.429616 -24.3568
      vertex 1.95197 -0.636704 -24.2459
    endloop
  endfacet
  facet normal -0.0975738 -0.468488 -0.878065
    outer loop
      vertex 1.95103 -0.219693 -24.4684
      vertex 0.640944 -0.111958 -24.3803
      vertex 1.94017 -0.00695223 -24.5807
    endloop
  endfacet
  facet normal -0.0975455 -0.468545 -0.878038
    outer loop
      vertex 1.92239 0.208636 -24.6938
      vertex 0.630679 0.0695924 -24.4761
      vertex 0.609939 0.256247 -24.5734
    endloop
  endfacet
  facet normal -0.0975459 -0.468515 -0.878054
    outer loop
      vertex 1.92239 0.208636 -24.6938
      vertex 0.609939 0.256247 -24.5734
      vertex 1.89767 0.427058 -24.8076
    endloop
  endfacet
  facet normal -0.0975808 -0.468359 -0.878133
    outer loop
      vertex 0.609939 0.256247 -24.5734
      vertex 0.578724 0.447992 -24.6722
      vertex 1.89767 0.427058 -24.8076
    endloop
  endfacet
  facet normal -0.0975786 -0.468418 -0.878102
    outer loop
      vertex 0.578724 0.447992 -24.6722
      vertex 1.86606 0.648661 -24.9223
      vertex 1.89767 0.427058 -24.8076
    endloop
  endfacet
  facet normal -0.0975511 -0.468526 -0.878047
    outer loop
      vertex 0.537035 0.644828 -24.7726
      vertex 1.86606 0.648661 -24.9223
      vertex 0.578724 0.447992 -24.6722
    endloop
  endfacet
  facet normal -0.0975391 -0.468718 -0.877946
    outer loop
      vertex 1.82752 0.873771 -25.0382
      vertex 1.86606 0.648661 -24.9223
      vertex 0.537035 0.644828 -24.7726
    endloop
  endfacet
  facet normal -0.0975411 -0.468711 -0.87795
    outer loop
      vertex 1.82752 0.873771 -25.0382
      vertex 0.537035 0.644828 -24.7726
      vertex 0.485017 0.845587 -24.874
    endloop
  endfacet
  facet normal -0.0975676 -0.468399 -0.878113
    outer loop
      vertex 1.82752 0.873771 -25.0382
      vertex 0.485017 0.845587 -24.874
      vertex 1.78208 1.10239 -25.1551
    endloop
  endfacet
  facet normal -0.0975 -0.46862 -0.878003
    outer loop
      vertex 0.485017 0.845587 -24.874
      vertex 0.42283 1.04907 -24.9757
      vertex 1.78208 1.10239 -25.1551
    endloop
  endfacet
  facet normal -0.0974931 -0.468684 -0.877969
    outer loop
      vertex 0.42283 1.04907 -24.9757
      vertex 1.72974 1.33451 -25.2732
      vertex 1.78208 1.10239 -25.1551
    endloop
  endfacet
  facet normal -0.0975406 -0.468541 -0.878041
    outer loop
      vertex 0.350474 1.25528 -25.0777
      vertex 1.72974 1.33451 -25.2732
      vertex 0.42283 1.04907 -24.9757
    endloop
  endfacet
  facet normal -0.0975589 -0.468401 -0.878113
    outer loop
      vertex 1.67048 1.57013 -25.3923
      vertex 1.72974 1.33451 -25.2732
      vertex 0.350474 1.25528 -25.0777
    endloop
  endfacet
  facet normal -0.0975471 -0.468434 -0.878097
    outer loop
      vertex 1.67048 1.57013 -25.3923
      vertex 0.350474 1.25528 -25.0777
      vertex 0.26795 1.46423 -25.18
    endloop
  endfacet
  facet normal -0.0975109 -0.46867 -0.877975
    outer loop
      vertex 1.67048 1.57013 -25.3923
      vertex 0.26795 1.46423 -25.18
      vertex 0.175243 1.67591 -25.2827
    endloop
  endfacet
  facet normal -0.0975262 -0.468645 -0.877987
    outer loop
      vertex 1.94017 -0.00695223 -24.5807
      vertex 0.630679 0.0695924 -24.4761
      vertex 1.92239 0.208636 -24.6938
    endloop
  endfacet
  facet normal -0.0975282 -0.468772 -0.877919
    outer loop
      vertex 0.640944 -0.111958 -24.3803
      vertex 0.630679 0.0695924 -24.4761
      vertex 1.94017 -0.00695223 -24.5807
    endloop
  endfacet
  facet normal -0.0975608 -0.468204 -0.878218
    outer loop
      vertex 0.640719 -0.288416 -24.2862
      vertex 0.640944 -0.111958 -24.3803
      vertex 1.95103 -0.219693 -24.4684
    endloop
  endfacet
  facet normal -0.0975112 -0.468602 -0.878011
    outer loop
      vertex 0.640719 -0.288416 -24.2862
      vertex 1.95103 -0.219693 -24.4684
      vertex 1.95497 -0.429616 -24.3568
    endloop
  endfacet
  facet normal -0.097508 -0.468561 -0.878034
    outer loop
      vertex 0.640719 -0.288416 -24.2862
      vertex 1.95497 -0.429616 -24.3568
      vertex 0.626679 -0.506614 -24.1682
    endloop
  endfacet
  facet normal -0.0974907 -0.468844 -0.877884
    outer loop
      vertex 0.626679 -0.506614 -24.1682
      vertex 1.95197 -0.636704 -24.2459
      vertex 0.599019 -0.699716 -24.062
    endloop
  endfacet
  facet normal -0.0975335 -0.46848 -0.878074
    outer loop
      vertex 1.95197 -0.636704 -24.2459
      vertex 1.91579 -1.06551 -24.0131
      vertex 0.599019 -0.699716 -24.062
    endloop
  endfacet
  facet normal -0.0975006 -0.46837 -0.878136
    outer loop
      vertex 1.91579 -1.06551 -24.0131
      vertex 0.557723 -0.867733 -23.9678
      vertex 0.599019 -0.699716 -24.062
    endloop
  endfacet
  facet normal -0.0976115 -0.468668 -0.877965
    outer loop
      vertex 1.83558 -1.44897 -23.7996
      vertex 0.502822 -1.01066 -23.8854
      vertex 0.557723 -0.867733 -23.9678
    endloop
  endfacet
  facet normal -0.0975842 -0.468593 -0.878008
    outer loop
      vertex 0.434315 -1.12849 -23.8149
      vertex 0.502822 -1.01066 -23.8854
      vertex 1.83558 -1.44897 -23.7996
    endloop
  endfacet
  facet normal -0.0972637 -0.468118 -0.878297
    outer loop
      vertex 0.351413 -1.22215 -23.7558
      vertex 0.434315 -1.12849 -23.8149
      vertex 1.71133 -1.78708 -23.6053
    endloop
  endfacet
  facet normal -0.0974908 -0.468564 -0.878034
    outer loop
      vertex 1.3307 -2.32724 -23.2748
      vertex 0.351413 -1.22215 -23.7558
      vertex 1.54302 -2.07984 -23.4304
    endloop
  endfacet
  facet normal -0.0973988 -0.468488 -0.878085
    outer loop
      vertex 1.07762 -2.52653 -23.1404
      vertex 0.253325 -1.29262 -23.7073
      vertex 1.3307 -2.32724 -23.2748
    endloop
  endfacet
  facet normal -0.0974932 -0.468552 -0.87804
    outer loop
      vertex 1.69412 -4.72809 -22.034
      vertex 0.235645 -7.36484 -20.465
      vertex 0.32139 -4.63098 -21.9334
    endloop
  endfacet
  facet normal -0.0976595 -0.468581 -0.878006
    outer loop
      vertex 0.787125 -2.67491 -23.0289
      vertex 0.14005 -1.33991 -23.6694
      vertex 1.07762 -2.52653 -23.1404
    endloop
  endfacet
  facet normal -0.0974789 -0.468526 -0.878056
    outer loop
      vertex 0.459191 -2.77236 -22.9405
      vertex 0.0938301 -2.81891 -22.8751
      vertex 0.0115739 -1.364 -23.6423
    endloop
  endfacet
  facet normal -0.0974944 -0.468545 -0.878043
    outer loop
      vertex -1.07916 -7.27183 -20.3686
      vertex -2.45187 -7.17472 -20.268
      vertex -2.37124 -4.60391 -21.6488
    endloop
  endfacet
  facet normal -0.0974968 -0.468538 -0.878047
    outer loop
      vertex 0.0938301 -2.81891 -22.8751
      vertex -0.308973 -2.81455 -22.8327
      vertex -0.132088 -1.36489 -23.6259
    endloop
  endfacet
  facet normal -0.0976304 -0.468504 -0.87805
    outer loop
      vertex -0.308973 -2.81455 -22.8327
      vertex -0.631055 -2.77442 -22.8183
      vertex -0.240272 -1.34978 -23.6219
    endloop
  endfacet
  facet normal -0.0972969 -0.46859 -0.878041
    outer loop
      vertex -0.631055 -2.77442 -22.8183
      vertex -0.33797 -1.3205 -23.6267
      vertex -0.240272 -1.34978 -23.6219
    endloop
  endfacet
  facet normal -0.0977243 -0.468447 -0.87807
    outer loop
      vertex -0.924454 -2.70163 -22.8246
      vertex -1.18918 -2.59617 -22.8514
      vertex -0.33797 -1.3205 -23.6267
    endloop
  endfacet
  facet normal -0.0974865 -0.468577 -0.878027
    outer loop
      vertex -1.18918 -2.59617 -22.8514
      vertex -1.42525 -2.45805 -22.8989
      vertex -0.425198 -1.27705 -23.6402
    endloop
  endfacet
  facet normal -0.0974942 -0.468545 -0.878043
    outer loop
      vertex -0.998527 -4.70102 -21.7494
      vertex -1.07916 -7.27183 -20.3686
      vertex -2.37124 -4.60391 -21.6488
    endloop
  endfacet
  facet normal -0.0976437 -0.46844 -0.878083
    outer loop
      vertex -0.425198 -1.27705 -23.6402
      vertex -1.63263 -2.28727 -22.967
      vertex -0.50194 -1.21944 -23.6624
    endloop
  endfacet
  facet normal -0.0973038 -0.468816 -0.87792
    outer loop
      vertex -0.50194 -1.21944 -23.6624
      vertex -1.81424 -2.08076 -23.057
      vertex -0.568181 -1.14764 -23.6934
    endloop
  endfacet
  facet normal -0.0974394 -0.468676 -0.87798
    outer loop
      vertex -1.81424 -2.08076 -23.057
      vertex -1.97303 -1.8355 -23.1703
      vertex -0.568181 -1.14764 -23.6934
    endloop
  endfacet
  facet normal -0.0973175 -0.468199 -0.878247
    outer loop
      vertex -3.82498 0.534421 -24.2293
      vertex -5.11794 1.25261 -24.4689
      vertex -3.73571 0.629164 -24.2897
    endloop
  endfacet
  facet normal -0.0975219 -0.46848 -0.878075
    outer loop
      vertex -5.27259 -1.21073 -23.1372
      vertex -3.959 -1.12131 -23.3308
      vertex -5.2241 -1.4538 -23.0129
    endloop
  endfacet
  facet normal -0.0974209 -0.468762 -0.877936
    outer loop
      vertex -0.568181 -1.14764 -23.6934
      vertex -2.10902 -1.55147 -23.3068
      vertex -0.627023 -1.05675 -23.7354
    endloop
  endfacet
  facet normal -0.0975992 -0.468365 -0.878128
    outer loop
      vertex -2.10902 -1.55147 -23.3068
      vertex -2.22222 -1.22865 -23.4664
      vertex -0.681491 -0.941875 -23.7906
    endloop
  endfacet
  facet normal -0.0976008 -0.468359 -0.878131
    outer loop
      vertex -2.22222 -1.22865 -23.4664
      vertex -0.731617 -0.802998 -23.8591
      vertex -0.681491 -0.941875 -23.7906
    endloop
  endfacet
  facet normal -0.0975578 -0.468418 -0.878104
    outer loop
      vertex -4.03261 -0.6814 -23.5574
      vertex -5.31105 -0.968525 -23.2622
      vertex -5.33931 -0.727375 -23.3877
    endloop
  endfacet
  facet normal -0.0974361 -0.468882 -0.87787
    outer loop
      vertex -2.3126 -0.867075 -23.6494
      vertex -0.777399 -0.640146 -23.941
      vertex -0.731617 -0.802998 -23.8591
    endloop
  endfacet
  facet normal -0.0975295 -0.46862 -0.878
    outer loop
      vertex -4.04776 -0.467749 -23.6697
      vertex -5.35737 -0.487284 -23.5138
      vertex -5.36523 -0.248265 -23.6405
    endloop
  endfacet
  facet normal -0.0975234 -0.468519 -0.878054
    outer loop
      vertex -2.3126 -0.867075 -23.6494
      vertex -2.44884 -0.233193 -23.9725
      vertex -0.818809 -0.453295 -24.0361
    endloop
  endfacet
  facet normal -0.0975609 -0.468494 -0.878063
    outer loop
      vertex -1.29248 1.30197 -24.9201
      vertex -2.74602 0.54816 -24.3564
      vertex -1.44793 1.56131 -25.0412
    endloop
  endfacet
  facet normal -0.0975317 -0.468512 -0.878057
    outer loop
      vertex -4.00478 0.121349 -23.9889
      vertex -5.36287 -0.0103052 -23.7678
      vertex -5.32513 0.465554 -24.0259
    endloop
  endfacet
  facet normal -0.0974347 -0.46862 -0.87801
    outer loop
      vertex -2.74602 0.54816 -24.3564
      vertex -2.82164 0.622152 -24.3875
      vertex -1.44793 1.56131 -25.0412
    endloop
  endfacet
  facet normal -0.0976582 -0.468822 -0.877877
    outer loop
      vertex -5.24349 0.886527 -24.2596
      vertex -3.90015 0.417578 -24.1586
      vertex -3.96009 0.279888 -24.0784
    endloop
  endfacet
  facet normal -0.0973634 -0.4687 -0.877975
    outer loop
      vertex -2.82164 0.622152 -24.3875
      vertex -1.62453 1.77389 -25.1351
      vertex -1.44793 1.56131 -25.0412
    endloop
  endfacet
  facet normal -0.097548 -0.468544 -0.878038
    outer loop
      vertex -5.24349 0.886527 -24.2596
      vertex -5.11794 1.25261 -24.4689
      vertex -3.82498 0.534421 -24.2293
    endloop
  endfacet
  facet normal -0.0976667 -0.46845 -0.878075
    outer loop
      vertex -2.90982 0.681774 -24.4095
      vertex -1.62453 1.77389 -25.1351
      vertex -2.82164 0.622152 -24.3875
    endloop
  endfacet
  facet normal -0.0976858 -0.468432 -0.878083
    outer loop
      vertex -1.82848 1.9467 -25.2046
      vertex -1.62453 1.77389 -25.1351
      vertex -2.90982 0.681774 -24.4095
    endloop
  endfacet
  facet normal -0.0972144 -0.468655 -0.878016
    outer loop
      vertex -2.33721 2.19386 -25.28
      vertex -2.90982 0.681774 -24.4095
      vertex -3.01056 0.727026 -24.4225
    endloop
  endfacet
  facet normal -0.0977274 -0.468481 -0.878052
    outer loop
      vertex -2.33721 2.19386 -25.28
      vertex -2.06605 2.08669 -25.253
      vertex -2.90982 0.681774 -24.4095
    endloop
  endfacet
  facet normal -0.0975287 -0.468521 -0.878053
    outer loop
      vertex -3.12388 0.757924 -24.4264
      vertex -2.64199 2.26821 -25.2858
      vertex -3.01056 0.727026 -24.4225
    endloop
  endfacet
  facet normal -0.0977926 -0.468497 -0.878036
    outer loop
      vertex -3.24974 0.77445 -24.4212
      vertex -2.98035 2.30975 -25.2704
      vertex -3.12388 0.757924 -24.4264
    endloop
  endfacet
  facet normal -0.0974516 -0.46855 -0.878046
    outer loop
      vertex -3.39057 0.773195 -24.4049
      vertex -3.4238 2.31657 -25.2248
      vertex -3.24974 0.77445 -24.4212
    endloop
  endfacet
  facet normal -0.097136 -0.468488 -0.878113
    outer loop
      vertex -3.82101 2.27102 -25.1564
      vertex -3.39057 0.773195 -24.4049
      vertex -3.5185 0.74855 -24.3776
    endloop
  endfacet
  facet normal -0.0974693 -0.468549 -0.878044
    outer loop
      vertex -3.82101 2.27102 -25.1564
      vertex -3.4238 2.31657 -25.2248
      vertex -3.39057 0.773195 -24.4049
    endloop
  endfacet
  facet normal -0.0974283 -0.468521 -0.878064
    outer loop
      vertex -3.82101 2.27102 -25.1564
      vertex -3.5185 0.74855 -24.3776
      vertex -4.17196 2.17308 -25.0652
    endloop
  endfacet
  facet normal -0.0976093 -0.468566 -0.878019
    outer loop
      vertex -4.73511 1.82009 -24.8142
      vertex -4.47666 2.02278 -24.9511
      vertex -3.63355 0.700544 -24.3392
    endloop
  endfacet
  facet normal -0.0977653 -0.468844 -0.877854
    outer loop
      vertex -3.63355 0.700544 -24.3392
      vertex -3.73571 0.629164 -24.2897
      vertex -4.94848 1.56379 -24.6538
    endloop
  endfacet
  facet normal -0.0974343 -0.468433 -0.87811
    outer loop
      vertex -4.73511 1.82009 -24.8142
      vertex -3.63355 0.700544 -24.3392
      vertex -4.94848 1.56379 -24.6538
    endloop
  endfacet
  facet normal -0.0975267 -0.468596 -0.878013
    outer loop
      vertex -3.73571 0.629164 -24.2897
      vertex -5.11794 1.25261 -24.4689
      vertex -4.94848 1.56379 -24.6538
    endloop
  endfacet
  facet normal -0.0975457 -0.468536 -0.878043
    outer loop
      vertex -5.24349 0.886527 -24.2596
      vertex -3.82498 0.534421 -24.2293
      vertex -3.90015 0.417578 -24.1586
    endloop
  endfacet
  facet normal -0.0974978 -0.468534 -0.878049
    outer loop
      vertex -5.24349 0.886527 -24.2596
      vertex -3.96009 0.279888 -24.0784
      vertex -5.32513 0.465554 -24.0259
    endloop
  endfacet
  facet normal -0.0974693 -0.468286 -0.878184
    outer loop
      vertex -3.96009 0.279888 -24.0784
      vertex -4.00478 0.121349 -23.9889
      vertex -5.32513 0.465554 -24.0259
    endloop
  endfacet
  facet normal -0.0975295 -0.468524 -0.878051
    outer loop
      vertex -4.03425 -0.05805 -23.8899
      vertex -5.36287 -0.0103052 -23.7678
      vertex -4.00478 0.121349 -23.9889
    endloop
  endfacet
  facet normal -0.0975264 -0.468761 -0.877925
    outer loop
      vertex -4.03425 -0.05805 -23.8899
      vertex -4.04847 -0.258297 -23.7814
      vertex -5.36287 -0.0103052 -23.7678
    endloop
  endfacet
  facet normal -0.0975348 -0.468533 -0.878045
    outer loop
      vertex -5.1658 -1.69756 -22.8893
      vertex -3.90054 -1.34758 -23.2166
      vertex -3.82784 -1.57804 -23.1017
    endloop
  endfacet
  facet normal -0.0975185 -0.468622 -0.878
    outer loop
      vertex -5.09764 -1.94201 -22.7664
      vertex -3.82784 -1.57804 -23.1017
      vertex -3.74108 -1.81268 -22.9861
    endloop
  endfacet
  facet normal -0.0975613 -0.468382 -0.878123
    outer loop
      vertex -5.09764 -1.94201 -22.7664
      vertex -3.74108 -1.81268 -22.9861
      vertex -5.01964 -2.18717 -22.6443
    endloop
  endfacet
  facet normal -0.097532 -0.468451 -0.878089
    outer loop
      vertex -3.74108 -1.81268 -22.9861
      vertex -3.64027 -2.05148 -22.8699
      vertex -5.01964 -2.18717 -22.6443
    endloop
  endfacet
  facet normal -0.0974841 -0.468715 -0.877954
    outer loop
      vertex -3.64027 -2.05148 -22.8699
      vertex -4.93181 -2.43302 -22.5228
      vertex -5.01964 -2.18717 -22.6443
    endloop
  endfacet
  facet normal -0.0975542 -0.46855 -0.878034
    outer loop
      vertex -3.5254 -2.29446 -22.753
      vertex -4.93181 -2.43302 -22.5228
      vertex -3.64027 -2.05148 -22.8699
    endloop
  endfacet
  facet normal -0.0975415 -0.468619 -0.877999
    outer loop
      vertex -3.39647 -2.54163 -22.6354
      vertex -4.93181 -2.43302 -22.5228
      vertex -3.5254 -2.29446 -22.753
    endloop
  endfacet
  facet normal -0.0975205 -0.468617 -0.878002
    outer loop
      vertex -5.1658 -1.69756 -22.8893
      vertex -3.82784 -1.57804 -23.1017
      vertex -5.09764 -1.94201 -22.7664
    endloop
  endfacet
  facet normal -0.0975312 -0.468542 -0.878041
    outer loop
      vertex -5.2241 -1.4538 -23.0129
      vertex -3.90054 -1.34758 -23.2166
      vertex -5.1658 -1.69756 -22.8893
    endloop
  endfacet
  facet normal -0.0975546 -0.468396 -0.878116
    outer loop
      vertex -3.959 -1.12131 -23.3308
      vertex -3.90054 -1.34758 -23.2166
      vertex -5.2241 -1.4538 -23.0129
    endloop
  endfacet
  facet normal -0.0975159 -0.468522 -0.878053
    outer loop
      vertex -4.00302 -0.899251 -23.4444
      vertex -3.959 -1.12131 -23.3308
      vertex -5.27259 -1.21073 -23.1372
    endloop
  endfacet
  facet normal -0.0974829 -0.468612 -0.878009
    outer loop
      vertex -4.00302 -0.899251 -23.4444
      vertex -5.27259 -1.21073 -23.1372
      vertex -5.31105 -0.968525 -23.2622
    endloop
  endfacet
  facet normal -0.0974776 -0.468655 -0.877987
    outer loop
      vertex -4.00302 -0.899251 -23.4444
      vertex -5.31105 -0.968525 -23.2622
      vertex -4.03261 -0.6814 -23.5574
    endloop
  endfacet
  facet normal -0.0975485 -0.468509 -0.878057
    outer loop
      vertex -4.03261 -0.6814 -23.5574
      vertex -5.33931 -0.727375 -23.3877
      vertex -5.35737 -0.487284 -23.5138
    endloop
  endfacet
  facet normal -0.097542 -0.468459 -0.878084
    outer loop
      vertex -4.03261 -0.6814 -23.5574
      vertex -5.35737 -0.487284 -23.5138
      vertex -4.04776 -0.467749 -23.6697
    endloop
  endfacet
  facet normal -0.0975229 -0.468577 -0.878023
    outer loop
      vertex -4.04776 -0.467749 -23.6697
      vertex -5.36523 -0.248265 -23.6405
      vertex -4.04847 -0.258297 -23.7814
    endloop
  endfacet
  facet normal -0.0975165 -0.468707 -0.877954
    outer loop
      vertex -5.36523 -0.248265 -23.6405
      vertex -5.36287 -0.0103052 -23.7678
      vertex -4.04847 -0.258297 -23.7814
    endloop
  endfacet
  facet normal -0.0975164 -0.468559 -0.878034
    outer loop
      vertex 1.5579 -9.07136 -19.7012
      vertex -5.49294 -8.57256 -19.1843
      vertex -2.45187 -7.17472 -20.268
    endloop
  endfacet
  facet normal -0.0974936 -0.468518 -0.878058
    outer loop
      vertex 1.5579 -9.07136 -19.7012
      vertex -2.45187 -7.17472 -20.268
      vertex -1.07916 -7.27183 -20.3686
    endloop
  endfacet
  facet normal -0.0975223 -0.468552 -0.878037
    outer loop
      vertex 1.5579 -9.07136 -19.7012
      vertex -1.07916 -7.27183 -20.3686
      vertex 0.235645 -7.36484 -20.465
    endloop
  endfacet
  facet normal -0.0975088 -0.468544 -0.878042
    outer loop
      vertex 1.5579 -9.07136 -19.7012
      vertex 0.235645 -7.36484 -20.465
      vertex 1.69412 -4.72809 -22.034
    endloop
  endfacet
  facet normal -0.0975332 -0.468532 -0.878046
    outer loop
      vertex -5.49294 -8.57256 -19.1843
      vertex -5.44247 -6.96315 -20.0487
      vertex -2.45187 -7.17472 -20.268
    endloop
  endfacet
  facet normal -0.981093 0.193451 0.00573515
    outer loop
      vertex -5.14597 1.35507 -23.3816
      vertex -5.32513 0.465554 -24.0259
      vertex -5.22761 0.934101 -23.1479
    endloop
  endfacet
  facet normal -0.981093 0.19345 0.00573658
    outer loop
      vertex -5.14597 1.35507 -23.3816
      vertex -5.24349 0.886527 -24.2596
      vertex -5.32513 0.465554 -24.0259
    endloop
  endfacet
  facet normal -0.95345 0.296935 -0.0525588
    outer loop
      vertex -5.02042 1.72116 -23.5909
      vertex -5.24349 0.886527 -24.2596
      vertex -5.14597 1.35507 -23.3816
    endloop
  endfacet
  facet normal -0.953449 0.296938 -0.0525628
    outer loop
      vertex -5.02042 1.72116 -23.5909
      vertex -5.11794 1.25261 -24.4689
      vertex -5.24349 0.886527 -24.2596
    endloop
  endfacet
  facet normal -0.900383 0.417423 -0.122754
    outer loop
      vertex -4.85096 2.03234 -23.7757
      vertex -5.11794 1.25261 -24.4689
      vertex -5.02042 1.72116 -23.5909
    endloop
  endfacet
  facet normal -0.900395 0.417405 -0.122729
    outer loop
      vertex -4.85096 2.03234 -23.7757
      vertex -4.94848 1.56379 -24.6538
      vertex -5.11794 1.25261 -24.4689
    endloop
  endfacet
  facet normal -0.81124 0.548498 -0.202581
    outer loop
      vertex -4.63759 2.28864 -23.9362
      vertex -4.94848 1.56379 -24.6538
      vertex -4.85096 2.03234 -23.7757
    endloop
  endfacet
  facet normal -0.811211 0.548526 -0.202623
    outer loop
      vertex -4.63759 2.28864 -23.9362
      vertex -4.73511 1.82009 -24.8142
      vertex -4.94848 1.56379 -24.6538
    endloop
  endfacet
  facet normal -0.680391 0.675254 -0.284782
    outer loop
      vertex -4.37914 2.49132 -24.0731
      vertex -4.73511 1.82009 -24.8142
      vertex -4.63759 2.28864 -23.9362
    endloop
  endfacet
  facet normal -0.680404 0.675246 -0.284769
    outer loop
      vertex -4.37914 2.49132 -24.0731
      vertex -4.47666 2.02278 -24.9511
      vertex -4.73511 1.82009 -24.8142
    endloop
  endfacet
  facet normal -0.5173 0.777564 -0.357486
    outer loop
      vertex -4.07444 2.64162 -24.1871
      vertex -4.47666 2.02278 -24.9511
      vertex -4.37914 2.49132 -24.0731
    endloop
  endfacet
  facet normal -0.517381 0.777538 -0.357423
    outer loop
      vertex -4.07444 2.64162 -24.1871
      vertex -4.17196 2.17308 -25.0652
      vertex -4.47666 2.02278 -24.9511
    endloop
  endfacet
  facet normal -0.342814 0.844082 -0.412316
    outer loop
      vertex -3.72348 2.73956 -24.2784
      vertex -4.17196 2.17308 -25.0652
      vertex -4.07444 2.64162 -24.1871
    endloop
  endfacet
  facet normal -0.342723 0.84409 -0.412374
    outer loop
      vertex -3.72348 2.73956 -24.2784
      vertex -3.82101 2.27102 -25.1564
      vertex -4.17196 2.17308 -25.0652
    endloop
  endfacet
  facet normal -0.177617 0.87627 -0.447887
    outer loop
      vertex -3.32628 2.78511 -24.3468
      vertex -3.82101 2.27102 -25.1564
      vertex -3.72348 2.73956 -24.2784
    endloop
  endfacet
  facet normal -0.177613 0.87627 -0.447889
    outer loop
      vertex -3.32628 2.78511 -24.3468
      vertex -3.4238 2.31657 -25.2248
      vertex -3.82101 2.27102 -25.1564
    endloop
  endfacet
  facet normal -0.0344923 0.8833 -0.467537
    outer loop
      vertex -2.88283 2.77829 -24.3924
      vertex -3.4238 2.31657 -25.2248
      vertex -3.32628 2.78511 -24.3468
    endloop
  endfacet
  facet normal -0.0344923 0.8833 -0.467537
    outer loop
      vertex -2.88283 2.77829 -24.3924
      vertex -2.98035 2.30975 -25.2704
      vertex -3.4238 2.31657 -25.2248
    endloop
  endfacet
  facet normal 0.085712 0.875007 -0.476463
    outer loop
      vertex -2.54447 2.73676 -24.4078
      vertex -2.98035 2.30975 -25.2704
      vertex -2.88283 2.77829 -24.3924
    endloop
  endfacet
  facet normal 0.0857365 0.874999 -0.476472
    outer loop
      vertex -2.54447 2.73676 -24.4078
      vertex -2.64199 2.26821 -25.2858
      vertex -2.98035 2.30975 -25.2704
    endloop
  endfacet
  facet normal 0.216742 0.85106 -0.478247
    outer loop
      vertex -2.23969 2.6624 -24.402
      vertex -2.64199 2.26821 -25.2858
      vertex -2.54447 2.73676 -24.4078
    endloop
  endfacet
  facet normal 0.216717 0.85107 -0.47824
    outer loop
      vertex -2.23969 2.6624 -24.402
      vertex -2.33721 2.19386 -25.28
      vertex -2.64199 2.26821 -25.2858
    endloop
  endfacet
  facet normal 0.364684 0.804051 -0.469583
    outer loop
      vertex -1.96853 2.55524 -24.3749
      vertex -2.33721 2.19386 -25.28
      vertex -2.23969 2.6624 -24.402
    endloop
  endfacet
  facet normal 0.364565 0.804117 -0.469561
    outer loop
      vertex -1.96853 2.55524 -24.3749
      vertex -2.06605 2.08669 -25.253
      vertex -2.33721 2.19386 -25.28
    endloop
  endfacet
  facet normal 0.519916 0.728316 -0.446367
    outer loop
      vertex -1.73096 2.41525 -24.3266
      vertex -2.06605 2.08669 -25.253
      vertex -1.96853 2.55524 -24.3749
    endloop
  endfacet
  facet normal 0.520047 0.728215 -0.446378
    outer loop
      vertex -1.73096 2.41525 -24.3266
      vertex -1.82848 1.9467 -25.2046
      vertex -2.06605 2.08669 -25.253
    endloop
  endfacet
  facet normal 0.667375 0.623692 -0.406963
    outer loop
      vertex -1.52701 2.24243 -24.257
      vertex -1.82848 1.9467 -25.2046
      vertex -1.73096 2.41525 -24.3266
    endloop
  endfacet
  facet normal 0.667254 0.623821 -0.406964
    outer loop
      vertex -1.52701 2.24243 -24.257
      vertex -1.62453 1.77389 -25.1351
      vertex -1.82848 1.9467 -25.2046
    endloop
  endfacet
  facet normal 0.790136 0.499988 -0.354537
    outer loop
      vertex -1.35041 2.02986 -24.1632
      vertex -1.62453 1.77389 -25.1351
      vertex -1.52701 2.24243 -24.257
    endloop
  endfacet
  facet normal 0.790216 0.499868 -0.354528
    outer loop
      vertex -1.35041 2.02986 -24.1632
      vertex -1.44793 1.56131 -25.0412
      vertex -1.62453 1.77389 -25.1351
    endloop
  endfacet
  facet normal 0.873332 0.382784 -0.301276
    outer loop
      vertex -1.19496 1.77051 -24.0421
      vertex -1.44793 1.56131 -25.0412
      vertex -1.35041 2.02986 -24.1632
    endloop
  endfacet
  facet normal 0.873327 0.382795 -0.301277
    outer loop
      vertex -1.19496 1.77051 -24.0421
      vertex -1.29248 1.30197 -24.9201
      vertex -1.44793 1.56131 -25.0412
    endloop
  endfacet
  facet normal 0.925063 0.282726 -0.253623
    outer loop
      vertex -1.06069 1.4644 -23.8936
      vertex -1.29248 1.30197 -24.9201
      vertex -1.19496 1.77051 -24.0421
    endloop
  endfacet
  facet normal 0.925042 0.28279 -0.253628
    outer loop
      vertex -1.06069 1.4644 -23.8936
      vertex -1.15821 0.995852 -24.7717
      vertex -1.29248 1.30197 -24.9201
    endloop
  endfacet
  facet normal 0.95623 0.200464 -0.213163
    outer loop
      vertex -0.947547 1.11153 -23.7179
      vertex -1.15821 0.995852 -24.7717
      vertex -1.06069 1.4644 -23.8936
    endloop
  endfacet
  facet normal 0.956244 0.200402 -0.213159
    outer loop
      vertex -0.947547 1.11153 -23.7179
      vertex -1.04507 0.642981 -24.5959
      vertex -1.15821 0.995852 -24.7717
    endloop
  endfacet
  facet normal 0.974724 0.133208 -0.179354
    outer loop
      vertex -0.855578 0.711888 -23.5149
      vertex -1.04507 0.642981 -24.5959
      vertex -0.947547 1.11153 -23.7179
    endloop
  endfacet
  facet normal 0.974724 0.133214 -0.179354
    outer loop
      vertex -0.855578 0.711888 -23.5149
      vertex -0.953099 0.243341 -24.3929
      vertex -1.04507 0.642981 -24.5959
    endloop
  endfacet
  facet normal 0.980764 0.104643 -0.164778
    outer loop
      vertex -0.721287 0.0152517 -23.158
      vertex -0.953099 0.243341 -24.3929
      vertex -0.855578 0.711888 -23.5149
    endloop
  endfacet
  facet normal 0.980762 0.104668 -0.164774
    outer loop
      vertex -0.721287 0.0152517 -23.158
      vertex -0.818809 -0.453295 -24.0361
      vertex -0.953099 0.243341 -24.3929
    endloop
  endfacet
  facet normal 0.976189 0.126743 -0.176045
    outer loop
      vertex -0.679877 -0.171599 -23.0629
      vertex -0.818809 -0.453295 -24.0361
      vertex -0.721287 0.0152517 -23.158
    endloop
  endfacet
  facet normal 0.976189 0.126743 -0.176045
    outer loop
      vertex -0.679877 -0.171599 -23.0629
      vertex -0.777399 -0.640146 -23.941
      vertex -0.818809 -0.453295 -24.0361
    endloop
  endfacet
  facet normal 0.964948 0.171482 -0.198669
    outer loop
      vertex -0.634095 -0.334451 -22.9811
      vertex -0.777399 -0.640146 -23.941
      vertex -0.679877 -0.171599 -23.0629
    endloop
  endfacet
  facet normal 0.964972 0.171381 -0.19864
    outer loop
      vertex -0.634095 -0.334451 -22.9811
      vertex -0.731617 -0.802998 -23.8591
      vertex -0.777399 -0.640146 -23.941
    endloop
  endfacet
  facet normal 0.946377 0.229363 -0.227517
    outer loop
      vertex -0.583969 -0.473328 -22.9126
      vertex -0.731617 -0.802998 -23.8591
      vertex -0.634095 -0.334451 -22.9811
    endloop
  endfacet
  facet normal 0.946377 0.229363 -0.227517
    outer loop
      vertex -0.583969 -0.473328 -22.9126
      vertex -0.681491 -0.941875 -23.7906
      vertex -0.731617 -0.802998 -23.8591
    endloop
  endfacet
  facet normal 0.914421 0.30605 -0.264892
    outer loop
      vertex -0.529501 -0.588205 -22.8573
      vertex -0.681491 -0.941875 -23.7906
      vertex -0.583969 -0.473328 -22.9126
    endloop
  endfacet
  facet normal 0.914347 0.306225 -0.264946
    outer loop
      vertex -0.529501 -0.588205 -22.8573
      vertex -0.627023 -1.05675 -23.7354
      vertex -0.681491 -0.941875 -23.7906
    endloop
  endfacet
  facet normal 0.856626 0.409613 -0.313702
    outer loop
      vertex -0.470659 -0.679096 -22.8153
      vertex -0.627023 -1.05675 -23.7354
      vertex -0.529501 -0.588205 -22.8573
    endloop
  endfacet
  facet normal 0.856624 0.409616 -0.313703
    outer loop
      vertex -0.470659 -0.679096 -22.8153
      vertex -0.568181 -1.14764 -23.6934
      vertex -0.627023 -1.05675 -23.7354
    endloop
  endfacet
  facet normal 0.756584 0.538287 -0.37125
    outer loop
      vertex -0.404418 -0.750889 -22.7844
      vertex -0.568181 -1.14764 -23.6934
      vertex -0.470659 -0.679096 -22.8153
    endloop
  endfacet
  facet normal 0.756838 0.537989 -0.371166
    outer loop
      vertex -0.404418 -0.750889 -22.7844
      vertex -0.50194 -1.21944 -23.6624
      vertex -0.568181 -1.14764 -23.6934
    endloop
  endfacet
  facet normal 0.619205 0.662118 -0.422121
    outer loop
      vertex -0.327676 -0.808504 -22.7622
      vertex -0.50194 -1.21944 -23.6624
      vertex -0.404418 -0.750889 -22.7844
    endloop
  endfacet
  facet normal 0.619179 0.662139 -0.422125
    outer loop
      vertex -0.327676 -0.808504 -22.7622
      vertex -0.425198 -1.27705 -23.6402
      vertex -0.50194 -1.21944 -23.6624
    endloop
  endfacet
  facet normal 0.452064 0.765115 -0.458517
    outer loop
      vertex -0.240448 -0.851952 -22.7487
      vertex -0.425198 -1.27705 -23.6402
      vertex -0.327676 -0.808504 -22.7622
    endloop
  endfacet
  facet normal 0.452078 0.765107 -0.458516
    outer loop
      vertex -0.240448 -0.851952 -22.7487
      vertex -0.33797 -1.3205 -23.6267
      vertex -0.425198 -1.27705 -23.6402
    endloop
  endfacet
  facet normal 0.273817 0.835555 -0.476311
    outer loop
      vertex -0.14275 -0.881232 -22.7439
      vertex -0.33797 -1.3205 -23.6267
      vertex -0.240448 -0.851952 -22.7487
    endloop
  endfacet
  facet normal 0.273817 0.835555 -0.476311
    outer loop
      vertex -0.14275 -0.881232 -22.7439
      vertex -0.240272 -1.34978 -23.6219
      vertex -0.33797 -1.3205 -23.6267
    endloop
  endfacet
  facet normal 0.104691 0.872511 -0.477247
    outer loop
      vertex -0.0345665 -0.896346 -22.7478
      vertex -0.240272 -1.34978 -23.6219
      vertex -0.14275 -0.881232 -22.7439
    endloop
  endfacet
  facet normal 0.104232 0.8726 -0.477185
    outer loop
      vertex -0.0345665 -0.896346 -22.7478
      vertex -0.132088 -1.36489 -23.6259
      vertex -0.240272 -1.34978 -23.6219
    endloop
  endfacet
  facet normal -0.0588804 0.88343 -0.464849
    outer loop
      vertex 0.109096 -0.895453 -22.7643
      vertex -0.132088 -1.36489 -23.6259
      vertex -0.0345665 -0.896346 -22.7478
    endloop
  endfacet
  facet normal -0.0585478 0.883409 -0.464931
    outer loop
      vertex 0.109096 -0.895453 -22.7643
      vertex 0.0115739 -1.364 -23.6423
      vertex -0.132088 -1.36489 -23.6259
    endloop
  endfacet
  facet normal -0.253592 0.864815 -0.433343
    outer loop
      vertex 0.237572 -0.871359 -22.7914
      vertex 0.0115739 -1.364 -23.6423
      vertex 0.109096 -0.895453 -22.7643
    endloop
  endfacet
  facet normal -0.253567 0.864818 -0.433352
    outer loop
      vertex 0.237572 -0.871359 -22.7914
      vertex 0.14005 -1.33991 -23.6694
      vertex 0.0115739 -1.364 -23.6423
    endloop
  endfacet
  facet normal -0.461146 0.803087 -0.377353
    outer loop
      vertex 0.350847 -0.824076 -22.8292
      vertex 0.14005 -1.33991 -23.6694
      vertex 0.237572 -0.871359 -22.7914
    endloop
  endfacet
  facet normal -0.461439 0.802983 -0.377215
    outer loop
      vertex 0.350847 -0.824076 -22.8292
      vertex 0.253325 -1.29262 -23.7073
      vertex 0.14005 -1.33991 -23.6694
    endloop
  endfacet
  facet normal -0.650011 0.698075 -0.300294
    outer loop
      vertex 0.448935 -0.753605 -22.8777
      vertex 0.253325 -1.29262 -23.7073
      vertex 0.350847 -0.824076 -22.8292
    endloop
  endfacet
  facet normal -0.650007 0.698078 -0.300297
    outer loop
      vertex 0.448935 -0.753605 -22.8777
      vertex 0.351413 -1.22215 -23.7558
      vertex 0.253325 -1.29262 -23.7073
    endloop
  endfacet
  facet normal -0.794713 0.567752 -0.214685
    outer loop
      vertex 0.531837 -0.659948 -22.9369
      vertex 0.351413 -1.22215 -23.7558
      vertex 0.448935 -0.753605 -22.8777
    endloop
  endfacet
  facet normal -0.794629 0.567839 -0.214764
    outer loop
      vertex 0.531837 -0.659948 -22.9369
      vertex 0.434315 -1.12849 -23.8149
      vertex 0.351413 -1.22215 -23.7558
    endloop
  endfacet
  facet normal -0.889492 0.436774 -0.134284
    outer loop
      vertex 0.600344 -0.542108 -23.0074
      vertex 0.434315 -1.12849 -23.8149
      vertex 0.531837 -0.659948 -22.9369
    endloop
  endfacet
  facet normal -0.88948 0.436793 -0.134301
    outer loop
      vertex 0.600344 -0.542108 -23.0074
      vertex 0.502822 -1.01066 -23.8854
      vertex 0.434315 -1.12849 -23.8149
    endloop
  endfacet
  facet normal -0.943809 0.323465 -0.0677883
    outer loop
      vertex 0.655245 -0.399186 -23.0898
      vertex 0.502822 -1.01066 -23.8854
      vertex 0.600344 -0.542108 -23.0074
    endloop
  endfacet
  facet normal -0.943812 0.323458 -0.0677825
    outer loop
      vertex 0.655245 -0.399186 -23.0898
      vertex 0.557723 -0.867733 -23.9678
      vertex 0.502822 -1.01066 -23.8854
    endloop
  endfacet
  facet normal -0.972911 0.230691 -0.0150451
    outer loop
      vertex 0.696541 -0.231169 -23.184
      vertex 0.557723 -0.867733 -23.9678
      vertex 0.655245 -0.399186 -23.0898
    endloop
  endfacet
  facet normal -0.972911 0.230691 -0.0150451
    outer loop
      vertex 0.696541 -0.231169 -23.184
      vertex 0.599019 -0.699716 -24.062
      vertex 0.557723 -0.867733 -23.9678
    endloop
  endfacet
  facet normal -0.987408 0.155966 0.0264427
    outer loop
      vertex 0.724201 -0.0380672 -23.2901
      vertex 0.599019 -0.699716 -24.062
      vertex 0.696541 -0.231169 -23.184
    endloop
  endfacet
  facet normal -0.987407 0.155975 0.0264348
    outer loop
      vertex 0.724201 -0.0380672 -23.2901
      vertex 0.626679 -0.506614 -24.1682
      vertex 0.599019 -0.699716 -24.062
    endloop
  endfacet
  facet normal -0.993628 0.095931 0.0591646
    outer loop
      vertex 0.738241 0.180131 -23.4081
      vertex 0.626679 -0.506614 -24.1682
      vertex 0.724201 -0.0380672 -23.2901
    endloop
  endfacet
  facet normal -0.993628 0.095931 0.0591646
    outer loop
      vertex 0.738241 0.180131 -23.4081
      vertex 0.640719 -0.288416 -24.2862
      vertex 0.626679 -0.506614 -24.1682
    endloop
  endfacet
  facet normal -0.995233 0.0469117 0.0854991
    outer loop
      vertex 0.738466 0.356589 -23.5023
      vertex 0.640719 -0.288416 -24.2862
      vertex 0.738241 0.180131 -23.4081
    endloop
  endfacet
  facet normal -0.995232 0.046878 0.0855268
    outer loop
      vertex 0.738466 0.356589 -23.5023
      vertex 0.640944 -0.111958 -24.3803
      vertex 0.640719 -0.288416 -24.2862
    endloop
  endfacet
  facet normal -0.993978 0.00155824 0.109572
    outer loop
      vertex 0.728201 0.538139 -23.598
      vertex 0.640944 -0.111958 -24.3803
      vertex 0.738466 0.356589 -23.5023
    endloop
  endfacet
  facet normal -0.993981 0.0016002 0.109538
    outer loop
      vertex 0.728201 0.538139 -23.598
      vertex 0.630679 0.0695924 -24.4761
      vertex 0.640944 -0.111958 -24.3803
    endloop
  endfacet
  facet normal -0.990392 -0.0412384 0.131998
    outer loop
      vertex 0.707461 0.724794 -23.6953
      vertex 0.630679 0.0695924 -24.4761
      vertex 0.728201 0.538139 -23.598
    endloop
  endfacet
  facet normal -0.990392 -0.0412385 0.131998
    outer loop
      vertex 0.707461 0.724794 -23.6953
      vertex 0.609939 0.256247 -24.5734
      vertex 0.630679 0.0695924 -24.4761
    endloop
  endfacet
  facet normal -0.984882 -0.0814883 0.152863
    outer loop
      vertex 0.676246 0.916539 -23.7942
      vertex 0.609939 0.256247 -24.5734
      vertex 0.707461 0.724794 -23.6953
    endloop
  endfacet
  facet normal -0.984871 -0.0815428 0.152908
    outer loop
      vertex 0.676246 0.916539 -23.7942
      vertex 0.578724 0.447992 -24.6722
      vertex 0.609939 0.256247 -24.5734
    endloop
  endfacet
  facet normal -0.977812 -0.119239 0.17224
    outer loop
      vertex 0.634557 1.11338 -23.8946
      vertex 0.578724 0.447992 -24.6722
      vertex 0.676246 0.916539 -23.7942
    endloop
  endfacet
  facet normal -0.977811 -0.119241 0.172242
    outer loop
      vertex 0.634557 1.11338 -23.8946
      vertex 0.537035 0.644828 -24.7726
      vertex 0.578724 0.447992 -24.6722
    endloop
  endfacet
  facet normal -0.969391 -0.155016 0.190398
    outer loop
      vertex 0.582539 1.31413 -23.996
      vertex 0.537035 0.644828 -24.7726
      vertex 0.634557 1.11338 -23.8946
    endloop
  endfacet
  facet normal -0.969392 -0.155011 0.190395
    outer loop
      vertex 0.582539 1.31413 -23.996
      vertex 0.485017 0.845587 -24.874
      vertex 0.537035 0.644828 -24.7726
    endloop
  endfacet
  facet normal -0.959643 -0.189546 0.207741
    outer loop
      vertex 0.520352 1.51762 -24.0976
      vertex 0.485017 0.845587 -24.874
      vertex 0.582539 1.31413 -23.996
    endloop
  endfacet
  facet normal -0.959667 -0.189484 0.207689
    outer loop
      vertex 0.520352 1.51762 -24.0976
      vertex 0.42283 1.04907 -24.9757
      vertex 0.485017 0.845587 -24.874
    endloop
  endfacet
  facet normal -0.948935 -0.222192 0.22395
    outer loop
      vertex 0.447996 1.72383 -24.1996
      vertex 0.42283 1.04907 -24.9757
      vertex 0.520352 1.51762 -24.0976
    endloop
  endfacet
  facet normal -0.948935 -0.222192 0.22395
    outer loop
      vertex 0.447996 1.72383 -24.1996
      vertex 0.350474 1.25528 -25.0777
      vertex 0.42283 1.04907 -24.9757
    endloop
  endfacet
  facet normal -0.937435 -0.253044 0.239135
    outer loop
      vertex 0.365472 1.93278 -24.302
      vertex 0.350474 1.25528 -25.0777
      vertex 0.447996 1.72383 -24.1996
    endloop
  endfacet
  facet normal -0.9374 -0.253114 0.239196
    outer loop
      vertex 0.365472 1.93278 -24.302
      vertex 0.26795 1.46423 -25.18
      vertex 0.350474 1.25528 -25.0777
    endloop
  endfacet
  facet normal -0.925221 -0.282362 0.253451
    outer loop
      vertex 0.272765 2.14446 -24.4046
      vertex 0.26795 1.46423 -25.18
      vertex 0.365472 1.93278 -24.302
    endloop
  endfacet
  facet normal -0.92526 -0.28229 0.253388
    outer loop
      vertex 0.272765 2.14446 -24.4046
      vertex 0.175243 1.67591 -25.2827
      vertex 0.26795 1.46423 -25.18
    endloop
  endfacet
  facet normal 0.0276006 0.880644 -0.472973
    outer loop
      vertex 1.768 2.03868 -24.5143
      vertex 0.175243 1.67591 -25.2827
      vertex 0.272765 2.14446 -24.4046
    endloop
  endfacet
  facet normal 0.0276273 0.88062 -0.473017
    outer loop
      vertex 1.768 2.03868 -24.5143
      vertex 1.67048 1.57013 -25.3923
      vertex 0.175243 1.67591 -25.2827
    endloop
  endfacet
  facet normal 0.970849 0.149307 -0.187511
    outer loop
      vertex 1.82726 1.80305 -24.3951
      vertex 1.67048 1.57013 -25.3923
      vertex 1.768 2.03868 -24.5143
    endloop
  endfacet
  facet normal 0.970834 0.149381 -0.187526
    outer loop
      vertex 1.82726 1.80305 -24.3951
      vertex 1.72974 1.33451 -25.2732
      vertex 1.67048 1.57013 -25.3923
    endloop
  endfacet
  facet normal 0.975526 0.129709 -0.177551
    outer loop
      vertex 1.8796 1.57093 -24.2771
      vertex 1.72974 1.33451 -25.2732
      vertex 1.82726 1.80305 -24.3951
    endloop
  endfacet
  facet normal 0.975538 0.129642 -0.177537
    outer loop
      vertex 1.8796 1.57093 -24.2771
      vertex 1.78208 1.10239 -25.1551
      vertex 1.72974 1.33451 -25.2732
    endloop
  endfacet
  facet normal 0.979866 0.109232 -0.167125
    outer loop
      vertex 1.92504 1.34232 -24.1601
      vertex 1.78208 1.10239 -25.1551
      vertex 1.8796 1.57093 -24.2771
    endloop
  endfacet
  facet normal 0.979857 0.109292 -0.167138
    outer loop
      vertex 1.92504 1.34232 -24.1601
      vertex 1.82752 0.873771 -25.0382
      vertex 1.78208 1.10239 -25.1551
    endloop
  endfacet
  facet normal 0.983786 0.0880554 -0.156243
    outer loop
      vertex 1.96358 1.11721 -24.0443
      vertex 1.82752 0.873771 -25.0382
      vertex 1.92504 1.34232 -24.1601
    endloop
  endfacet
  facet normal 0.983793 0.0879945 -0.156229
    outer loop
      vertex 1.96358 1.11721 -24.0443
      vertex 1.86606 0.648661 -24.9223
      vertex 1.82752 0.873771 -25.0382
    endloop
  endfacet
  facet normal 0.987267 0.0658568 -0.144801
    outer loop
      vertex 1.9952 0.895605 -23.9295
      vertex 1.86606 0.648661 -24.9223
      vertex 1.96358 1.11721 -24.0443
    endloop
  endfacet
  facet normal 0.987265 0.0658756 -0.144806
    outer loop
      vertex 1.9952 0.895605 -23.9295
      vertex 1.89767 0.427058 -24.8076
      vertex 1.86606 0.648661 -24.9223
    endloop
  endfacet
  facet normal 0.99021 0.0428525 -0.132848
    outer loop
      vertex 2.01992 0.677183 -23.8157
      vertex 1.89767 0.427058 -24.8076
      vertex 1.9952 0.895605 -23.9295
    endloop
  endfacet
  facet normal 0.99021 0.0428525 -0.132848
    outer loop
      vertex 2.01992 0.677183 -23.8157
      vertex 1.92239 0.208636 -24.6938
      vertex 1.89767 0.427058 -24.8076
    endloop
  endfacet
  facet normal 0.992568 0.0187338 -0.12024
    outer loop
      vertex 2.03769 0.461595 -23.7026
      vertex 1.92239 0.208636 -24.6938
      vertex 2.01992 0.677183 -23.8157
    endloop
  endfacet
  facet normal 0.992566 0.0187743 -0.12025
    outer loop
      vertex 2.03769 0.461595 -23.7026
      vertex 1.94017 -0.00695223 -24.5807
      vertex 1.92239 0.208636 -24.6938
    endloop
  endfacet
  facet normal 0.994212 -0.00587714 -0.107279
    outer loop
      vertex 2.04855 0.248854 -23.5903
      vertex 1.94017 -0.00695223 -24.5807
      vertex 2.03769 0.461595 -23.7026
    endloop
  endfacet
  facet normal 0.994212 -0.00587714 -0.107279
    outer loop
      vertex 2.04855 0.248854 -23.5903
      vertex 1.95103 -0.219693 -24.4684
      vertex 1.94017 -0.00695223 -24.5807
    endloop
  endfacet
  facet normal 0.995096 -0.0312189 -0.0938552
    outer loop
      vertex 2.05249 0.038931 -23.4787
      vertex 1.95103 -0.219693 -24.4684
      vertex 2.04855 0.248854 -23.5903
    endloop
  endfacet
  facet normal 0.995096 -0.0312189 -0.0938552
    outer loop
      vertex 2.05249 0.038931 -23.4787
      vertex 1.95497 -0.429616 -24.3568
      vertex 1.95103 -0.219693 -24.4684
    endloop
  endfacet
  facet normal 0.995153 -0.057177 -0.0800105
    outer loop
      vertex 2.0495 -0.168157 -23.3679
      vertex 1.95497 -0.429616 -24.3568
      vertex 2.05249 0.038931 -23.4787
    endloop
  endfacet
  facet normal 0.99515 -0.0572528 -0.0799902
    outer loop
      vertex 2.0495 -0.168157 -23.3679
      vertex 1.95197 -0.636704 -24.2459
      vertex 1.95497 -0.429616 -24.3568
    endloop
  endfacet
  facet normal 0.992482 -0.111336 -0.0508322
    outer loop
      vertex 2.01332 -0.596965 -23.1351
      vertex 1.95197 -0.636704 -24.2459
      vertex 2.0495 -0.168157 -23.3679
    endloop
  endfacet
  facet normal 0.992482 -0.111336 -0.0508322
    outer loop
      vertex 2.01332 -0.596965 -23.1351
      vertex 1.91579 -1.06551 -24.0131
      vertex 1.95197 -0.636704 -24.2459
    endloop
  endfacet
  facet normal 0.978857 -0.204543 0.000421172
    outer loop
      vertex 1.9331 -0.980424 -22.9215
      vertex 1.91579 -1.06551 -24.0131
      vertex 2.01332 -0.596965 -23.1351
    endloop
  endfacet
  facet normal 0.978862 -0.204519 0.000419236
    outer loop
      vertex 1.9331 -0.980424 -22.9215
      vertex 1.83558 -1.44897 -23.7996
      vertex 1.91579 -1.06551 -24.0131
    endloop
  endfacet
  facet normal 0.947793 -0.312865 0.0616819
    outer loop
      vertex 1.80885 -1.31854 -22.7273
      vertex 1.83558 -1.44897 -23.7996
      vertex 1.9331 -0.980424 -22.9215
    endloop
  endfacet
  facet normal 0.947796 -0.312854 0.0616807
    outer loop
      vertex 1.80885 -1.31854 -22.7273
      vertex 1.71133 -1.78708 -23.6053
      vertex 1.83558 -1.44897 -23.7996
    endloop
  endfacet
  facet normal 0.891426 -0.433428 0.132285
    outer loop
      vertex 1.64055 -1.6113 -22.5524
      vertex 1.71133 -1.78708 -23.6053
      vertex 1.80885 -1.31854 -22.7273
    endloop
  endfacet
  facet normal 0.891415 -0.43345 0.132288
    outer loop
      vertex 1.64055 -1.6113 -22.5524
      vertex 1.54302 -2.07984 -23.4304
      vertex 1.71133 -1.78708 -23.6053
    endloop
  endfacet
  facet normal 0.803134 -0.558086 0.208606
    outer loop
      vertex 1.42822 -1.8587 -22.3968
      vertex 1.54302 -2.07984 -23.4304
      vertex 1.64055 -1.6113 -22.5524
    endloop
  endfacet
  facet normal 0.803148 -0.558067 0.208603
    outer loop
      vertex 1.42822 -1.8587 -22.3968
      vertex 1.3307 -2.32724 -23.2748
      vertex 1.54302 -2.07984 -23.4304
    endloop
  endfacet
  facet normal 0.681792 -0.674155 0.284032
    outer loop
      vertex 1.17514 -2.05798 -22.2623
      vertex 1.3307 -2.32724 -23.2748
      vertex 1.42822 -1.8587 -22.3968
    endloop
  endfacet
  facet normal 0.681745 -0.674201 0.284037
    outer loop
      vertex 1.17514 -2.05798 -22.2623
      vertex 1.07762 -2.52653 -23.1404
      vertex 1.3307 -2.32724 -23.2748
    endloop
  endfacet
  facet normal 0.529397 -0.771503 0.352877
    outer loop
      vertex 0.884647 -2.20636 -22.1509
      vertex 1.07762 -2.52653 -23.1404
      vertex 1.17514 -2.05798 -22.2623
    endloop
  endfacet
  facet normal 0.529484 -0.771444 0.352875
    outer loop
      vertex 0.884647 -2.20636 -22.1509
      vertex 0.787125 -2.67491 -23.0289
      vertex 1.07762 -2.52653 -23.1404
    endloop
  endfacet
  facet normal 0.359381 -0.839287 0.407973
    outer loop
      vertex 0.556713 -2.30381 -22.0625
      vertex 0.787125 -2.67491 -23.0289
      vertex 0.884647 -2.20636 -22.1509
    endloop
  endfacet
  facet normal 0.359381 -0.839287 0.407973
    outer loop
      vertex 0.556713 -2.30381 -22.0625
      vertex 0.459191 -2.77236 -22.9405
      vertex 0.787125 -2.67491 -23.0289
    endloop
  endfacet
  facet normal 0.191321 -0.874606 0.445488
    outer loop
      vertex 0.191352 -2.35037 -21.997
      vertex 0.459191 -2.77236 -22.9405
      vertex 0.556713 -2.30381 -22.0625
    endloop
  endfacet
  facet normal 0.191177 -0.874649 0.445467
    outer loop
      vertex 0.191352 -2.35037 -21.997
      vertex 0.0938301 -2.81891 -22.8751
      vertex 0.459191 -2.77236 -22.9405
    endloop
  endfacet
  facet normal 0.0395702 -0.883389 0.466967
    outer loop
      vertex -0.211451 -2.346 -21.9546
      vertex 0.0938301 -2.81891 -22.8751
      vertex 0.191352 -2.35037 -21.997
    endloop
  endfacet
  facet normal 0.0395928 -0.883385 0.466973
    outer loop
      vertex -0.211451 -2.346 -21.9546
      vertex -0.308973 -2.81455 -22.8327
      vertex 0.0938301 -2.81891 -22.8751
    endloop
  endfacet
  facet normal -0.0878346 -0.874763 0.476524
    outer loop
      vertex -0.533533 -2.30587 -21.9403
      vertex -0.308973 -2.81455 -22.8327
      vertex -0.211451 -2.346 -21.9546
    endloop
  endfacet
  facet normal -0.0876845 -0.874759 0.47656
    outer loop
      vertex -0.533533 -2.30587 -21.9403
      vertex -0.631055 -2.77442 -22.8183
      vertex -0.308973 -2.81455 -22.8327
    endloop
  endfacet
  facet normal -0.220987 -0.850016 0.478162
    outer loop
      vertex -0.826932 -2.23308 -21.9465
      vertex -0.631055 -2.77442 -22.8183
      vertex -0.533533 -2.30587 -21.9403
    endloop
  endfacet
  facet normal -0.221145 -0.85 0.478116
    outer loop
      vertex -0.826932 -2.23308 -21.9465
      vertex -0.924454 -2.70163 -22.8246
      vertex -0.631055 -2.77442 -22.8183
    endloop
  endfacet
  facet normal -0.367549 -0.802933 0.469261
    outer loop
      vertex -1.09166 -2.12762 -21.9734
      vertex -0.924454 -2.70163 -22.8246
      vertex -0.826932 -2.23308 -21.9465
    endloop
  endfacet
  facet normal -0.367395 -0.802971 0.469317
    outer loop
      vertex -1.09166 -2.12762 -21.9734
      vertex -1.18918 -2.59617 -22.8514
      vertex -0.924454 -2.70163 -22.8246
    endloop
  endfacet
  facet normal -0.517038 -0.729983 0.446987
    outer loop
      vertex -1.32773 -1.9895 -22.0209
      vertex -1.18918 -2.59617 -22.8514
      vertex -1.09166 -2.12762 -21.9734
    endloop
  endfacet
  facet normal -0.517038 -0.729983 0.446987
    outer loop
      vertex -1.32773 -1.9895 -22.0209
      vertex -1.42525 -2.45805 -22.8989
      vertex -1.18918 -2.59617 -22.8514
    endloop
  endfacet
  facet normal -0.656203 -0.633025 0.410703
    outer loop
      vertex -1.5351 -1.81872 -22.089
      vertex -1.42525 -2.45805 -22.8989
      vertex -1.32773 -1.9895 -22.0209
    endloop
  endfacet
  facet normal -0.656185 -0.633037 0.410714
    outer loop
      vertex -1.5351 -1.81872 -22.089
      vertex -1.63263 -2.28727 -22.967
      vertex -1.42525 -2.45805 -22.8989
    endloop
  endfacet
  facet normal -0.772343 -0.520772 0.363707
    outer loop
      vertex -1.71672 -1.61222 -22.179
      vertex -1.63263 -2.28727 -22.967
      vertex -1.5351 -1.81872 -22.089
    endloop
  endfacet
  facet normal -0.772373 -0.520746 0.363681
    outer loop
      vertex -1.71672 -1.61222 -22.179
      vertex -1.81424 -2.08076 -23.057
      vertex -1.63263 -2.28727 -22.967
    endloop
  endfacet
  facet normal -0.856598 -0.409638 0.313744
    outer loop
      vertex -1.87551 -1.36695 -22.2923
      vertex -1.81424 -2.08076 -23.057
      vertex -1.71672 -1.61222 -22.179
    endloop
  endfacet
  facet normal -0.856591 -0.409647 0.313753
    outer loop
      vertex -1.87551 -1.36695 -22.2923
      vertex -1.97303 -1.8355 -23.1703
      vertex -1.81424 -2.08076 -23.057
    endloop
  endfacet
  facet normal -0.912934 -0.309172 0.266392
    outer loop
      vertex -2.0115 -1.08292 -22.4287
      vertex -1.97303 -1.8355 -23.1703
      vertex -1.87551 -1.36695 -22.2923
    endloop
  endfacet
  facet normal -0.912967 -0.30912 0.266337
    outer loop
      vertex -2.0115 -1.08292 -22.4287
      vertex -2.10902 -1.55147 -23.3068
      vertex -1.97303 -1.8355 -23.1703
    endloop
  endfacet
  facet normal -0.948992 -0.22203 0.223867
    outer loop
      vertex -2.1247 -0.760106 -22.5884
      vertex -2.10902 -1.55147 -23.3068
      vertex -2.0115 -1.08292 -22.4287
    endloop
  endfacet
  facet normal -0.948973 -0.222068 0.223909
    outer loop
      vertex -2.1247 -0.760106 -22.5884
      vertex -2.22222 -1.22865 -23.4664
      vertex -2.10902 -1.55147 -23.3068
    endloop
  endfacet
  facet normal -0.971131 -0.148182 0.186941
    outer loop
      vertex -2.21508 -0.398528 -22.7713
      vertex -2.22222 -1.22865 -23.4664
      vertex -2.1247 -0.760106 -22.5884
    endloop
  endfacet
  facet normal -0.971142 -0.148152 0.186906
    outer loop
      vertex -2.21508 -0.398528 -22.7713
      vertex -2.3126 -0.867075 -23.6494
      vertex -2.22222 -1.22865 -23.4664
    endloop
  endfacet
  facet normal -0.977302 -0.121643 0.173445
    outer loop
      vertex -2.35132 0.235354 -23.0944
      vertex -2.3126 -0.867075 -23.6494
      vertex -2.21508 -0.398528 -22.7713
    endloop
  endfacet
  facet normal -0.977302 -0.121643 0.173445
    outer loop
      vertex -2.35132 0.235354 -23.0944
      vertex -2.44884 -0.233193 -23.9725
      vertex -2.3126 -0.867075 -23.6494
    endloop
  endfacet
  facet normal -0.973357 -0.139072 0.182307
    outer loop
      vertex -2.4028 0.451724 -23.2042
      vertex -2.44884 -0.233193 -23.9725
      vertex -2.35132 0.235354 -23.0944
    endloop
  endfacet
  facet normal -0.97333 -0.139158 0.182382
    outer loop
      vertex -2.4028 0.451724 -23.2042
      vertex -2.50033 -0.0168234 -24.0822
      vertex -2.44884 -0.233193 -23.9725
    endloop
  endfacet
  facet normal -0.961391 -0.183747 0.20485
    outer loop
      vertex -2.45827 0.638047 -23.2974
      vertex -2.50033 -0.0168234 -24.0822
      vertex -2.4028 0.451724 -23.2042
    endloop
  endfacet
  facet normal -0.96143 -0.18364 0.204763
    outer loop
      vertex -2.45827 0.638047 -23.2974
      vertex -2.55579 0.1695 -24.1755
      vertex -2.50033 -0.0168234 -24.0822
    endloop
  endfacet
  facet normal -0.941345 -0.242956 0.234183
    outer loop
      vertex -2.51771 0.794323 -23.3742
      vertex -2.55579 0.1695 -24.1755
      vertex -2.45827 0.638047 -23.2974
    endloop
  endfacet
  facet normal -0.941345 -0.242956 0.234183
    outer loop
      vertex -2.51771 0.794323 -23.3742
      vertex -2.61523 0.325776 -24.2523
      vertex -2.55579 0.1695 -24.1755
    endloop
  endfacet
  facet normal -0.905625 -0.324093 0.27351
    outer loop
      vertex -2.58112 0.920539 -23.4346
      vertex -2.61523 0.325776 -24.2523
      vertex -2.51771 0.794323 -23.3742
    endloop
  endfacet
  facet normal -0.905549 -0.324226 0.273604
    outer loop
      vertex -2.58112 0.920539 -23.4346
      vertex -2.67864 0.451992 -24.3126
      vertex -2.61523 0.325776 -24.2523
    endloop
  endfacet
  facet normal -0.837509 -0.437969 0.326746
    outer loop
      vertex -2.6485 1.01671 -23.4784
      vertex -2.67864 0.451992 -24.3126
      vertex -2.58112 0.920539 -23.4346
    endloop
  endfacet
  facet normal -0.837503 -0.437976 0.32675
    outer loop
      vertex -2.6485 1.01671 -23.4784
      vertex -2.74602 0.54816 -24.3564
      vertex -2.67864 0.451992 -24.3126
    endloop
  endfacet
  facet normal -0.721281 -0.574607 0.386756
    outer loop
      vertex -2.72412 1.0907 -23.5095
      vertex -2.74602 0.54816 -24.3564
      vertex -2.6485 1.01671 -23.4784
    endloop
  endfacet
  facet normal -0.721288 -0.574601 0.386752
    outer loop
      vertex -2.72412 1.0907 -23.5095
      vertex -2.82164 0.622152 -24.3875
      vertex -2.74602 0.54816 -24.3564
    endloop
  endfacet
  facet normal -0.576452 -0.692583 0.433626
    outer loop
      vertex -2.8123 1.15032 -23.5315
      vertex -2.82164 0.622152 -24.3875
      vertex -2.72412 1.0907 -23.5095
    endloop
  endfacet
  facet normal -0.576463 -0.692576 0.433623
    outer loop
      vertex -2.8123 1.15032 -23.5315
      vertex -2.90982 0.681774 -24.4095
      vertex -2.82164 0.622152 -24.3875
    endloop
  endfacet
  facet normal -0.412076 -0.784049 0.464178
    outer loop
      vertex -2.91304 1.19557 -23.5445
      vertex -2.90982 0.681774 -24.4095
      vertex -2.8123 1.15032 -23.5315
    endloop
  endfacet
  facet normal -0.412089 -0.784044 0.464175
    outer loop
      vertex -2.91304 1.19557 -23.5445
      vertex -3.01056 0.727026 -24.4225
      vertex -2.90982 0.681774 -24.4095
    endloop
  endfacet
  facet normal -0.24641 -0.843401 0.477449
    outer loop
      vertex -3.02636 1.22647 -23.5484
      vertex -3.01056 0.727026 -24.4225
      vertex -2.91304 1.19557 -23.5445
    endloop
  endfacet
  facet normal -0.246396 -0.843404 0.477451
    outer loop
      vertex -3.02636 1.22647 -23.5484
      vertex -3.12388 0.757924 -24.4264
      vertex -3.01056 0.727026 -24.4225
    endloop
  endfacet
  facet normal -0.0950616 -0.873817 0.476872
    outer loop
      vertex -3.15222 1.243 -23.5432
      vertex -3.12388 0.757924 -24.4264
      vertex -3.02636 1.22647 -23.5484
    endloop
  endfacet
  facet normal -0.095034 -0.873819 0.476874
    outer loop
      vertex -3.15222 1.243 -23.5432
      vertex -3.24974 0.77445 -24.4212
      vertex -3.12388 0.757924 -24.4264
    endloop
  endfacet
  facet normal 0.0616744 -0.883384 0.464573
    outer loop
      vertex -3.29305 1.24174 -23.5269
      vertex -3.24974 0.77445 -24.4212
      vertex -3.15222 1.243 -23.5432
    endloop
  endfacet
  facet normal 0.061643 -0.883387 0.464573
    outer loop
      vertex -3.29305 1.24174 -23.5269
      vertex -3.39057 0.773195 -24.4049
      vertex -3.24974 0.77445 -24.4212
    endloop
  endfacet
  facet normal 0.258942 -0.863798 0.432205
    outer loop
      vertex -3.42098 1.2171 -23.4995
      vertex -3.39057 0.773195 -24.4049
      vertex -3.29305 1.24174 -23.5269
    endloop
  endfacet
  facet normal 0.258657 -0.863871 0.432231
    outer loop
      vertex -3.42098 1.2171 -23.4995
      vertex -3.5185 0.74855 -24.3776
      vertex -3.39057 0.773195 -24.4049
    endloop
  endfacet
  facet normal 0.461086 -0.803128 0.377338
    outer loop
      vertex -3.53603 1.16909 -23.4611
      vertex -3.5185 0.74855 -24.3776
      vertex -3.42098 1.2171 -23.4995
    endloop
  endfacet
  facet normal 0.461064 -0.803139 0.377343
    outer loop
      vertex -3.53603 1.16909 -23.4611
      vertex -3.63355 0.700544 -24.3392
      vertex -3.5185 0.74855 -24.3776
    endloop
  endfacet
  facet normal 0.640164 -0.705051 0.305113
    outer loop
      vertex -3.63819 1.09771 -23.4117
      vertex -3.63355 0.700544 -24.3392
      vertex -3.53603 1.16909 -23.4611
    endloop
  endfacet
  facet normal 0.64034 -0.704915 0.305056
    outer loop
      vertex -3.63819 1.09771 -23.4117
      vertex -3.73571 0.629164 -24.2897
      vertex -3.63355 0.700544 -24.3392
    endloop
  endfacet
  facet normal 0.77699 -0.587148 0.227032
    outer loop
      vertex -3.72746 1.00297 -23.3512
      vertex -3.73571 0.629164 -24.2897
      vertex -3.63819 1.09771 -23.4117
    endloop
  endfacet
  facet normal 0.776897 -0.587255 0.227075
    outer loop
      vertex -3.72746 1.00297 -23.3512
      vertex -3.82498 0.534421 -24.2293
      vertex -3.73571 0.629164 -24.2897
    endloop
  endfacet
  facet normal 0.870617 -0.467621 0.152831
    outer loop
      vertex -3.80263 0.886125 -23.2805
      vertex -3.82498 0.534421 -24.2293
      vertex -3.72746 1.00297 -23.3512
    endloop
  endfacet
  facet normal 0.870614 -0.467626 0.152833
    outer loop
      vertex -3.80263 0.886125 -23.2805
      vertex -3.90015 0.417578 -24.1586
      vertex -3.82498 0.534421 -24.2293
    endloop
  endfacet
  facet normal 0.930844 -0.355124 0.0861138
    outer loop
      vertex -3.86257 0.748435 -23.2004
      vertex -3.90015 0.417578 -24.1586
      vertex -3.80263 0.886125 -23.2805
    endloop
  endfacet
  facet normal 0.930863 -0.355079 0.0860976
    outer loop
      vertex -3.86257 0.748435 -23.2004
      vertex -3.96009 0.279888 -24.0784
      vertex -3.90015 0.417578 -24.1586
    endloop
  endfacet
  facet normal 0.966271 -0.255865 0.0292189
    outer loop
      vertex -3.90726 0.589896 -23.1108
      vertex -3.96009 0.279888 -24.0784
      vertex -3.86257 0.748435 -23.2004
    endloop
  endfacet
  facet normal 0.966267 -0.25588 0.0292238
    outer loop
      vertex -3.90726 0.589896 -23.1108
      vertex -4.00478 0.121349 -23.9889
      vertex -3.96009 0.279888 -24.0784
    endloop
  endfacet
  facet normal 0.985 -0.171635 -0.0178093
    outer loop
      vertex -3.93673 0.410497 -23.0118
      vertex -4.00478 0.121349 -23.9889
      vertex -3.90726 0.589896 -23.1108
    endloop
  endfacet
  facet normal 0.985 -0.171635 -0.0178093
    outer loop
      vertex -3.93673 0.410497 -23.0118
      vertex -4.03425 -0.05805 -23.8899
      vertex -4.00478 0.121349 -23.9889
    endloop
  endfacet
  facet normal 0.993281 -0.101059 -0.0563873
    outer loop
      vertex -3.95095 0.21025 -22.9034
      vertex -4.03425 -0.05805 -23.8899
      vertex -3.93673 0.410497 -23.0118
    endloop
  endfacet
  facet normal 0.993279 -0.101084 -0.0563805
    outer loop
      vertex -3.95095 0.21025 -22.9034
      vertex -4.04847 -0.258297 -23.7814
      vertex -4.03425 -0.05805 -23.8899
    endloop
  endfacet
  facet normal 0.995229 -0.0432274 -0.0874722
    outer loop
      vertex -3.95023 0.000797646 -22.7917
      vertex -4.04847 -0.258297 -23.7814
      vertex -3.95095 0.21025 -22.9034
    endloop
  endfacet
  facet normal 0.995228 -0.0432691 -0.0874612
    outer loop
      vertex -3.95023 0.000797646 -22.7917
      vertex -4.04776 -0.467749 -23.6697
      vertex -4.04847 -0.258297 -23.7814
    endloop
  endfacet
  facet normal 0.993261 0.00967735 -0.115498
    outer loop
      vertex -3.93509 -0.212853 -22.6794
      vertex -4.04776 -0.467749 -23.6697
      vertex -3.95023 0.000797646 -22.7917
    endloop
  endfacet
  facet normal 0.993259 0.00971827 -0.115508
    outer loop
      vertex -3.93509 -0.212853 -22.6794
      vertex -4.03261 -0.6814 -23.5574
      vertex -4.04776 -0.467749 -23.6697
    endloop
  endfacet
  facet normal 0.988009 0.060523 -0.142037
    outer loop
      vertex -3.9055 -0.430704 -22.5664
      vertex -4.03261 -0.6814 -23.5574
      vertex -3.93509 -0.212853 -22.6794
    endloop
  endfacet
  facet normal 0.988009 0.060523 -0.142037
    outer loop
      vertex -3.9055 -0.430704 -22.5664
      vertex -4.00302 -0.899251 -23.4444
      vertex -4.03261 -0.6814 -23.5574
    endloop
  endfacet
  facet normal 0.97994 0.108857 -0.166935
    outer loop
      vertex -3.86148 -0.652767 -22.4528
      vertex -4.00302 -0.899251 -23.4444
      vertex -3.9055 -0.430704 -22.5664
    endloop
  endfacet
  facet normal 0.97994 0.108859 -0.166935
    outer loop
      vertex -3.86148 -0.652767 -22.4528
      vertex -3.959 -1.12131 -23.3308
      vertex -4.00302 -0.899251 -23.4444
    endloop
  endfacet
  facet normal 0.969535 0.154461 -0.190115
    outer loop
      vertex -3.80302 -0.879031 -22.3385
      vertex -3.959 -1.12131 -23.3308
      vertex -3.86148 -0.652767 -22.4528
    endloop
  endfacet
  facet normal 0.969521 0.15453 -0.190129
    outer loop
      vertex -3.80302 -0.879031 -22.3385
      vertex -3.90054 -1.34758 -23.2166
      vertex -3.959 -1.12131 -23.3308
    endloop
  endfacet
  facet normal 0.95743 0.196689 -0.211283
    outer loop
      vertex -3.73032 -1.10949 -22.2236
      vertex -3.90054 -1.34758 -23.2166
      vertex -3.80302 -0.879031 -22.3385
    endloop
  endfacet
  facet normal 0.957431 0.196689 -0.211282
    outer loop
      vertex -3.73032 -1.10949 -22.2236
      vertex -3.82784 -1.57804 -23.1017
      vertex -3.90054 -1.34758 -23.2166
    endloop
  endfacet
  facet normal 0.944105 0.235597 -0.230564
    outer loop
      vertex -3.64356 -1.34413 -22.1081
      vertex -3.82784 -1.57804 -23.1017
      vertex -3.73032 -1.10949 -22.2236
    endloop
  endfacet
  facet normal 0.944129 0.235515 -0.230549
    outer loop
      vertex -3.64356 -1.34413 -22.1081
      vertex -3.74108 -1.81268 -22.9861
      vertex -3.82784 -1.57804 -23.1017
    endloop
  endfacet
  facet normal 0.929826 0.271655 -0.248247
    outer loop
      vertex -3.54274 -1.58294 -21.9918
      vertex -3.74108 -1.81268 -22.9861
      vertex -3.64356 -1.34413 -22.1081
    endloop
  endfacet
  facet normal 0.929805 0.271718 -0.248257
    outer loop
      vertex -3.54274 -1.58294 -21.9918
      vertex -3.64027 -2.05148 -22.8699
      vertex -3.74108 -1.81268 -22.9861
    endloop
  endfacet
  facet normal 0.914824 0.305213 -0.264466
    outer loop
      vertex -3.42788 -1.82592 -21.8749
      vertex -3.64027 -2.05148 -22.8699
      vertex -3.54274 -1.58294 -21.9918
    endloop
  endfacet
  facet normal 0.914813 0.305243 -0.26447
    outer loop
      vertex -3.42788 -1.82592 -21.8749
      vertex -3.5254 -2.29446 -22.753
      vertex -3.64027 -2.05148 -22.8699
    endloop
  endfacet
  facet normal 0.899394 0.336267 -0.279312
    outer loop
      vertex -3.29895 -2.07308 -21.7573
      vertex -3.5254 -2.29446 -22.753
      vertex -3.42788 -1.82592 -21.8749
    endloop
  endfacet
  facet normal 0.899398 0.336257 -0.27931
    outer loop
      vertex -3.29895 -2.07308 -21.7573
      vertex -3.39647 -2.54163 -22.6354
      vertex -3.5254 -2.29446 -22.753
    endloop
  endfacet
  facet normal -0.0276399 -0.880642 0.472976
    outer loop
      vertex -4.83429 -1.96447 -21.6448
      vertex -3.39647 -2.54163 -22.6354
      vertex -3.29895 -2.07308 -21.7573
    endloop
  endfacet
  facet normal -0.0276048 -0.880622 0.473015
    outer loop
      vertex -4.83429 -1.96447 -21.6448
      vertex -4.93181 -2.43302 -22.5228
      vertex -3.39647 -2.54163 -22.6354
    endloop
  endfacet
  facet normal -0.947323 -0.226728 0.226214
    outer loop
      vertex -4.92212 -1.71862 -21.7662
      vertex -4.93181 -2.43302 -22.5228
      vertex -4.83429 -1.96447 -21.6448
    endloop
  endfacet
  facet normal -0.94735 -0.226671 0.226161
    outer loop
      vertex -4.92212 -1.71862 -21.7662
      vertex -5.01964 -2.18717 -22.6443
      vertex -4.93181 -2.43302 -22.5228
    endloop
  endfacet
  facet normal -0.956815 -0.198632 0.212251
    outer loop
      vertex -5.00012 -1.47347 -21.8884
      vertex -5.01964 -2.18717 -22.6443
      vertex -4.92212 -1.71862 -21.7662
    endloop
  endfacet
  facet normal -0.956795 -0.198681 0.212297
    outer loop
      vertex -5.00012 -1.47347 -21.8884
      vertex -5.09764 -1.94201 -22.7664
      vertex -5.01964 -2.18717 -22.6443
    endloop
  endfacet
  facet normal -0.965417 -0.169795 0.19784
    outer loop
      vertex -5.06828 -1.22901 -22.0112
      vertex -5.09764 -1.94201 -22.7664
      vertex -5.00012 -1.47347 -21.8884
    endloop
  endfacet
  facet normal -0.965434 -0.169748 0.197796
    outer loop
      vertex -5.06828 -1.22901 -22.0112
      vertex -5.1658 -1.69756 -22.8893
      vertex -5.09764 -1.94201 -22.7664
    endloop
  endfacet
  facet normal -0.973137 -0.139993 0.182774
    outer loop
      vertex -5.12658 -0.98525 -22.1349
      vertex -5.1658 -1.69756 -22.8893
      vertex -5.06828 -1.22901 -22.0112
    endloop
  endfacet
  facet normal -0.973122 -0.140042 0.182819
    outer loop
      vertex -5.12658 -0.98525 -22.1349
      vertex -5.2241 -1.4538 -23.0129
      vertex -5.1658 -1.69756 -22.8893
    endloop
  endfacet
  facet normal -0.979747 -0.109831 0.167433
    outer loop
      vertex -5.17507 -0.742185 -22.2592
      vertex -5.2241 -1.4538 -23.0129
      vertex -5.12658 -0.98525 -22.1349
    endloop
  endfacet
  facet normal -0.979747 -0.109829 0.167432
    outer loop
      vertex -5.17507 -0.742185 -22.2592
      vertex -5.27259 -1.21073 -23.1372
      vertex -5.2241 -1.4538 -23.0129
    endloop
  endfacet
  facet normal -0.985375 -0.0784104 0.15129
    outer loop
      vertex -5.21352 -0.499978 -22.3841
      vertex -5.27259 -1.21073 -23.1372
      vertex -5.17507 -0.742185 -22.2592
    endloop
  endfacet
  facet normal -0.985378 -0.0783964 0.151277
    outer loop
      vertex -5.21352 -0.499978 -22.3841
      vertex -5.31105 -0.968525 -23.2622
      vertex -5.27259 -1.21073 -23.1372
    endloop
  endfacet
  facet normal -0.989848 -0.0459952 0.134484
    outer loop
      vertex -5.24179 -0.258828 -22.5097
      vertex -5.31105 -0.968525 -23.2622
      vertex -5.21352 -0.499978 -22.3841
    endloop
  endfacet
  facet normal -0.989846 -0.046005 0.134494
    outer loop
      vertex -5.24179 -0.258828 -22.5097
      vertex -5.33931 -0.727375 -23.3877
      vertex -5.31105 -0.968525 -23.2622
    endloop
  endfacet
  facet normal -0.993012 -0.0130965 0.117283
    outer loop
      vertex -5.25985 -0.0187374 -22.6358
      vertex -5.33931 -0.727375 -23.3877
      vertex -5.24179 -0.258828 -22.5097
    endloop
  endfacet
  facet normal -0.993012 -0.0130965 0.117283
    outer loop
      vertex -5.25985 -0.0187374 -22.6358
      vertex -5.35737 -0.487284 -23.5138
      vertex -5.33931 -0.727375 -23.3877
    endloop
  endfacet
  facet normal -0.994811 0.0201881 0.0997208
    outer loop
      vertex -5.2677 0.220282 -22.7625
      vertex -5.35737 -0.487284 -23.5138
      vertex -5.25985 -0.0187374 -22.6358
    endloop
  endfacet
  facet normal -0.994809 0.0201604 0.0997467
    outer loop
      vertex -5.2677 0.220282 -22.7625
      vertex -5.36523 -0.248265 -23.6405
      vertex -5.35737 -0.487284 -23.5138
    endloop
  endfacet
  facet normal -0.995194 0.0536241 0.0819315
    outer loop
      vertex -5.26535 0.458242 -22.8897
      vertex -5.36523 -0.248265 -23.6405
      vertex -5.2677 0.220282 -22.7625
    endloop
  endfacet
  facet normal -0.995195 0.0536749 0.0818839
    outer loop
      vertex -5.26535 0.458242 -22.8897
      vertex -5.36287 -0.0103052 -23.7678
      vertex -5.36523 -0.248265 -23.6405
    endloop
  endfacet
  facet normal -0.992801 0.107454 0.052922
    outer loop
      vertex -5.22761 0.934101 -23.1479
      vertex -5.36287 -0.0103052 -23.7678
      vertex -5.26535 0.458242 -22.8897
    endloop
  endfacet
  facet normal -0.992801 0.107447 0.0529313
    outer loop
      vertex -5.22761 0.934101 -23.1479
      vertex -5.32513 0.465554 -24.0259
      vertex -5.36287 -0.0103052 -23.7678
    endloop
  endfacet
  facet normal -0.994851 0.0703755 0.072934
    outer loop
      vertex -2.27372 -4.13536 -20.7707
      vertex -2.45187 -7.17472 -20.268
      vertex -2.35435 -6.70617 -19.3899
    endloop
  endfacet
  facet normal -0.994851 0.0703755 0.072934
    outer loop
      vertex -2.27372 -4.13536 -20.7707
      vertex -2.37124 -4.60391 -21.6488
      vertex -2.45187 -7.17472 -20.268
    endloop
  endfacet
  facet normal 0.0276029 0.880644 -0.472973
    outer loop
      vertex -0.901005 -4.23247 -20.8714
      vertex -2.37124 -4.60391 -21.6488
      vertex -2.27372 -4.13536 -20.7707
    endloop
  endfacet
  facet normal 0.0276325 0.88062 -0.473017
    outer loop
      vertex -0.901005 -4.23247 -20.8714
      vertex -0.998527 -4.70102 -21.7494
      vertex -2.37124 -4.60391 -21.6488
    endloop
  endfacet
  facet normal 0.99485 -0.0703802 -0.072942
    outer loop
      vertex -0.981636 -6.80328 -19.4906
      vertex -0.998527 -4.70102 -21.7494
      vertex -0.901005 -4.23247 -20.8714
    endloop
  endfacet
  facet normal 0.99485 -0.0703817 -0.0729435
    outer loop
      vertex -0.981636 -6.80328 -19.4906
      vertex -1.07916 -7.27183 -20.3686
      vertex -0.998527 -4.70102 -21.7494
    endloop
  endfacet
  facet normal 0.0276146 0.880621 -0.473016
    outer loop
      vertex 0.333167 -6.89629 -19.587
      vertex -1.07916 -7.27183 -20.3686
      vertex -0.981636 -6.80328 -19.4906
    endloop
  endfacet
  facet normal 0.0276146 0.880621 -0.473016
    outer loop
      vertex 0.333167 -6.89629 -19.587
      vertex 0.235645 -7.36484 -20.465
      vertex -1.07916 -7.27183 -20.3686
    endloop
  endfacet
  facet normal -0.99485 0.0703787 0.0729429
    outer loop
      vertex 0.418912 -4.16243 -21.0553
      vertex 0.235645 -7.36484 -20.465
      vertex 0.333167 -6.89629 -19.587
    endloop
  endfacet
  facet normal -0.99485 0.0703773 0.0729353
    outer loop
      vertex 0.418912 -4.16243 -21.0553
      vertex 0.32139 -4.63098 -21.9334
      vertex 0.235645 -7.36484 -20.465
    endloop
  endfacet
  facet normal 0.027609 0.880644 -0.472974
    outer loop
      vertex 1.79164 -4.25955 -21.156
      vertex 0.32139 -4.63098 -21.9334
      vertex 0.418912 -4.16243 -21.0553
    endloop
  endfacet
  facet normal 0.027633 0.880624 -0.473009
    outer loop
      vertex 1.79164 -4.25955 -21.156
      vertex 1.69412 -4.72809 -22.034
      vertex 0.32139 -4.63098 -21.9334
    endloop
  endfacet
  facet normal 0.99485 -0.0703793 -0.0729411
    outer loop
      vertex 1.65542 -8.60281 -18.8232
      vertex 1.69412 -4.72809 -22.034
      vertex 1.79164 -4.25955 -21.156
    endloop
  endfacet
  facet normal 0.99485 -0.0703788 -0.0729405
    outer loop
      vertex 1.65542 -8.60281 -18.8232
      vertex 1.5579 -9.07136 -19.7012
      vertex 1.69412 -4.72809 -22.034
    endloop
  endfacet
  facet normal -0.0276144 -0.880621 0.473016
    outer loop
      vertex -5.39542 -8.10401 -18.3062
      vertex 1.5579 -9.07136 -19.7012
      vertex 1.65542 -8.60281 -18.8232
    endloop
  endfacet
  facet normal -0.0276256 -0.880643 0.472975
    outer loop
      vertex -5.39542 -8.10401 -18.3062
      vertex -5.49294 -8.57256 -19.1843
      vertex 1.5579 -9.07136 -19.7012
    endloop
  endfacet
  facet normal -0.994851 0.0703796 0.0729319
    outer loop
      vertex -5.34494 -6.4946 -19.1707
      vertex -5.49294 -8.57256 -19.1843
      vertex -5.39542 -8.10401 -18.3062
    endloop
  endfacet
  facet normal -0.994849 0.0703794 0.0729515
    outer loop
      vertex -5.34494 -6.4946 -19.1707
      vertex -5.44247 -6.96315 -20.0487
      vertex -5.49294 -8.57256 -19.1843
    endloop
  endfacet
  facet normal 0.0276291 0.88062 -0.473017
    outer loop
      vertex -2.35435 -6.70617 -19.3899
      vertex -5.44247 -6.96315 -20.0487
      vertex -5.34494 -6.4946 -19.1707
    endloop
  endfacet
  facet normal 0.027618 0.880643 -0.472974
    outer loop
      vertex -2.35435 -6.70617 -19.3899
      vertex -2.45187 -7.17472 -20.268
      vertex -5.44247 -6.96315 -20.0487
    endloop
  endfacet
endsolid OpenSCAD_Model
